p_val	avg_log2FC	pct.1	pct.2	p_val_adj	gene	cluster
5.02952017353638e-16	1.20286416418364	0.917	0.645	9.62117032076468e-11	chr8-133522116-133576268	4
1.83432225847875e-15	1.2210868668715	0.917	0.629	3.50894842113434e-10	chr8-133447002-133520787	4
2.35827440136675e-10	1.37416026635988	0.784	0.403	4.51123743335052e-05	chr7-50745691-50794203	4
6.3953774539192e-08	3.54770643266051	0.411	0.048	0.0122339733467002	chr1-207807156-207814549	4
8.15447953764958e-08	12.8058622342225	0.349	0	0.0155990300867514	chr11-3041382-3044477	4
4.4537333259589e-07	3.26876037839955	0.386	0.048	0.0851972462855982	chr8-144498322-144504619	4
5.7972933755952e-07	4.55458069707953	0.336	0.016	0.110898743899111	chr1-240595483-240598738	4
1.59035565453139e-06	3.15582831879256	0.361	0.048	0.304225494577927	chr1-235072983-235075989	4
6.52091429312112e-06	1.65579361048024	0.494	0.194	1	chr5-179817925-179834397	4
9.38538880554904e-06	12.5060770666982	0.257	0	1	chr16-85637385-85640630	4
2.08620699209108e-05	13.2999742792732	0.241	0	1	chr10-79335454-79337136	4
3.14936075845704e-05	4.03623600075165	0.261	0.016	1	chr1-225841774-225851818	4
3.42944419720756e-05	1.40300751474498	0.494	0.21	1	chr7-50701544-50726131	4
4.55490824175976e-05	12.3168860254211	0.224	0	1	chr8-22103091-22105526	4
5.52183805137948e-05	12.5289298472049	0.22	0	1	chr12-101737598-101748884	4
6.14910773570471e-05	2.48542035920045	0.307	0.065	1	chr22-37500866-37503073	4
7.64122415076581e-05	1.78906163636944	0.378	0.129	1	chr11-134033351-134035782	4
7.65302401628161e-05	2.40527409592048	0.311	0.065	1	chr2-217896878-217900845	4
9.72864273079161e-05	2.97087758111501	0.266	0.032	1	chr1-54272636-54275868	4
0.000100116518476555	1.49339629387914	0.436	0.194	1	chr16-75249763-75255644	4
0.000132887107072541	3.93273589876102	0.228	0.016	1	chr16-20610869-20614135	4
0.000142337693301643	12.3665346951828	0.199	0	1	chr7-66859654-66860983	4
0.000150071529309672	2.63577341714876	0.274	0.048	1	chr12-119178283-119180101	4
0.000171494763591454	12.2609222481856	0.195	0	1	chr12-124966730-124968845	4
0.000171494763591454	12.582998179988	0.195	0	1	chr16-5503746-5505002	4
0.000181596614332694	2.91734916286398	0.253	0.032	1	chr7-151246830-151250302	4
0.000199847424844049	3.81382787481247	0.22	0.016	1	chr15-100713238-100716517	4
0.000206422531589694	12.6189391067615	0.191	0	1	chr5-81232211-81233573	4
0.000206422531589694	11.9980642090722	0.191	0	1	chr18-12009398-12013862	4
0.000244467139903305	4.04882871370357	0.212	0.016	1	chr6-43823534-43824934	4
0.000262857310729726	3.46718310799265	0.232	0.032	1	chr4-183987156-183990082	4
0.00029820910409453	13.0311202701968	0.183	0	1	chr10-78774592-78776361	4
0.000301643088302716	3.07749384673422	0.232	0.032	1	chr21-45328513-45330844	4
0.000357924657756566	12.3884584442515	0.178	0	1	chr4-61199936-61203714	4
0.000429202518493519	12.2342793595902	0.174	0	1	chr6-134516836-134518061	4
0.000460456996264786	1.7199156813493	0.332	0.113	1	chr12-101695649-101704100	4
0.000462530260594089	2.53270125355633	0.249	0.048	1	chr7-75611216-75612593	4
0.000495394379895446	2.41816823371071	0.249	0.048	1	chr16-15575557-15578260	4
0.000496462506915699	1.02827104241833	0.51	0.258	1	chr19-1265254-1277264	4
0.000503764986826479	3.77213290003144	0.199	0.016	1	chr10-133158836-133164521	4
0.000507571414468646	4.36229744912717	0.195	0.016	1	chr1-93962676-93966397	4
0.000514215422151962	12.5599406089977	0.17	0	1	chr5-6220163-6221139	4
0.000514215422151962	12.6889668960413	0.17	0	1	chr5-178428270-178430348	4
0.000514215422151962	12.3317429947102	0.17	0	1	chr14-41234729-41236192	4
0.000514215422151962	12.7422780635446	0.17	0	1	chr19-55669806-55671982	4
0.000543035034081923	3.18093971966587	0.203	0.016	1	chr7-34747422-34749052	4
0.000546012005403114	2.96641990394474	0.22	0.032	1	chr14-81399780-81401447	4
0.000548402623111352	3.59129061883567	0.199	0.016	1	chr12-124678977-124680444	4
0.000568464065240924	2.5218590897653	0.245	0.048	1	chr10-13345853-13350508	4
0.000590340263772868	1.72931328137487	0.328	0.113	1	chr8-61689509-61702623	4
0.00061552018409014	12.023371642314	0.166	0	1	chr17-81348235-81349394	4
0.000692275084117857	3.72883880015445	0.191	0.016	1	chr17-38462994-38465930	4
0.000692994712496022	3.4672942059427	0.195	0.016	1	chr20-36480007-36482813	4
0.000698823163769901	3.78874324649675	0.191	0.016	1	chr3-24139422-24142327	4
0.000726763665279977	2.62028624109305	0.224	0.032	1	chr5-469804-481236	4
0.000736141845761544	11.9876287392483	0.162	0	1	chr20-63481335-63487719	4
0.000736144722581722	11.6150069253889	0.162	0	1	chr3-111737179-111740270	4
0.000736144722581722	11.8525833604612	0.162	0	1	chr14-75458761-75460065	4
0.000736144722581722	12.0689084790224	0.162	0	1	chr14-99507683-99509881	4
0.000746296360337496	3.61531448062027	0.191	0.016	1	chr1-240491763-240493935	4
0.00087965835798942	12.1019718593989	0.158	0	1	chr2-235702643-235704120	4
0.000879661778479581	12.4652420139183	0.158	0	1	chr3-40312606-40315918	4
0.000879661778479581	11.9984439920345	0.158	0	1	chr8-133882124-133883999	4
0.000879661778479581	11.809671224993	0.158	0	1	chr17-48053253-48056193	4
0.000887123328781446	3.03076332547539	0.207	0.032	1	chr5-179836132-179842954	4
0.000969148376376271	2.96008581512484	0.207	0.032	1	chr4-52721593-52722977	4
0.0010312008754892	1.94309248295151	0.261	0.065	1	chr1-204213427-204214862	4
0.00105028726085723	12.5612674614101	0.154	0	1	chr4-61540857-61542029	4
0.00105028726085723	11.6885310732054	0.154	0	1	chr10-117391178-117393210	4
0.00105028726085723	12.7568260330502	0.154	0	1	chr20-36613850-36615262	4
0.00109831011683145	3.75401934783501	0.178	0.016	1	chr6-109892137-109893830	4
0.00119141799163437	3.05691889908658	0.203	0.032	1	chr17-66975307-66979103	4
0.00120665114320973	1.76443988195012	0.286	0.081	1	chr12-6228323-6233783	4
0.00129852846530258	3.47778336142923	0.178	0.016	1	chr12-120100127-120103062	4
0.00129996747871162	2.77753905765362	0.203	0.032	1	chr12-104956776-104959987	4
0.00132349226198349	2.85933703337934	0.183	0.016	1	chr22-50620089-50623618	4
0.00135306654048256	1.49331811993815	0.344	0.145	1	chr21-41677851-41682967	4
0.00138110788593457	3.09227962520874	0.195	0.032	1	chr1-207021227-207023496	4
0.00142986714902428	2.68044814964848	0.203	0.032	1	chr16-2081596-2083047	4
0.00150566585004072	2.59397477547896	0.203	0.032	1	chr21-36698036-36702019	4
0.00151639140332836	3.50441990446244	0.174	0.016	1	chr1-201123862-201128016	4
0.00157444707957212	3.04465043286101	0.178	0.016	1	chr12-120181202-120184330	4
0.00166233557799402	3.33717986320516	0.174	0.016	1	chr7-131538550-131541959	4
0.00167426968685048	3.52483854221273	0.17	0.016	1	chr10-124736050-124737555	4
0.0016880183523697	2.86645355832219	0.195	0.032	1	chr12-110246680-110248868	4
0.00169303232842201	3.3257697336074	0.174	0.016	1	chr10-43025691-43028889	4
0.00172167057428182	2.60686746957002	0.212	0.048	1	chr3-18841196-18844376	4
0.00173723145395939	3.53229838379034	0.17	0.016	1	chr12-27922266-27923533	4
0.00177206936918468	3.23625598027547	0.174	0.016	1	chr14-103890606-103892021	4
0.00177780832263795	2.75272255650496	0.195	0.032	1	chr12-25194312-25196364	4
0.00183223563521366	1.59462444607282	0.29	0.097	1	chr10-132516260-132520947	4
0.00184725486011883	3.64593524738945	0.166	0.016	1	chr1-182060575-182062239	4
0.00186438319783683	2.9710898682531	0.191	0.032	1	chr21-16336628-16344919	4
0.00191703891069539	2.47137845657785	0.212	0.048	1	chr3-140022104-140024620	4
0.00194586910010174	2.18466304813701	0.22	0.048	1	chr3-93470161-93470993	4
0.00196169387684236	2.38336636180568	0.22	0.048	1	chr1-184789957-184794743	4
0.002005089031338	3.04111834218688	0.187	0.032	1	chr7-70614157-70615442	4
0.00214349395326225	3.14092382356862	0.17	0.016	1	chr6-41712232-41714063	4
0.00233925844687187	3.53830782349748	0.162	0.016	1	chr5-154272614-154276168	4
0.0023825823058716	3.53724331838	0.162	0.016	1	chr8-66521567-66523806	4
0.00257450373211013	1.703529945582	0.257	0.081	1	chr11-72012075-72016172	4
0.00265028124444123	3.70008463247127	0.158	0.016	1	chr8-61651418-61659471	4
0.00269041620475056	2.49963145667338	0.191	0.032	1	chr11-34600189-34602932	4
0.00269938004486095	3.57766499983503	0.158	0.016	1	chr5-135660528-135662743	4
0.00271108279209942	1.61152939357575	0.286	0.113	1	chr4-72567368-72570480	4
0.00272011040025244	2.70691462318062	0.183	0.032	1	chr17-1995574-1998654	4
0.00275376398119775	1.47462069423711	0.286	0.097	1	chr20-345225-349677	4
0.00287881434996076	2.21114864176264	0.207	0.048	1	chr17-75695749-75698368	4
0.00293297715574218	1.8522354361418	0.232	0.065	1	chr7-98616717-98620577	4
0.00303793733412596	2.64868242941016	0.183	0.032	1	chr1-179090422-179093145	4
0.00315150652261775	3.31618331048167	0.158	0.016	1	chr4-8227838-8229286	4
0.00318459201002558	1.38845106582571	0.32	0.129	1	chr16-75108647-75112094	4
0.00322896556148091	3.56243902356581	0.154	0.016	1	chr1-223871969-223873549	4
0.00327743215396216	2.58467025439399	0.183	0.032	1	chr1-235078548-235080508	4
0.00328687208458965	1.99855503262805	0.212	0.048	1	chr2-130850111-130852459	4
0.00332195730534307	2.72539931946805	0.178	0.032	1	chr10-69385089-69386560	4
0.0033872924835414	3.17390215918297	0.158	0.016	1	chr16-61322962-61324612	4
0.00343626125026066	2.6810878130552	0.178	0.032	1	chr4-153064315-153066010	4
0.0034680761784635	1.70725711683183	0.249	0.081	1	chr1-211541330-211543818	4
0.00350462299817268	2.46599629610766	0.183	0.032	1	chr16-4409012-4409870	4
0.00353635947746332	3.43333190179899	0.154	0.016	1	chr12-107317900-107320822	4
0.00359525559504129	2.16222482805	0.207	0.048	1	chr3-186974357-186977916	4
0.00361451886443157	0.682983713791449	0.585	0.419	1	chr22-46040296-46065534	4
0.00383553065357234	3.24224308405816	0.154	0.016	1	chr1-161481528-161482562	4
0.00383553065357234	3.21901139928157	0.154	0.016	1	chr3-1272495-1273571	4
0.00383553065357234	3.22847478163568	0.154	0.016	1	chr4-48047338-48048656	4
0.00388948938299629	0.547107508135655	0.697	0.565	1	chr14-99560297-99577328	4
0.00390506004800823	3.16770515571679	0.154	0.016	1	chr12-121132406-121133715	4
0.00408391994319655	3.12320435496588	0.154	0.016	1	chr3-15101598-15103610	4
0.004306302565245	2.54985605717144	0.178	0.032	1	chr12-60709732-60711635	4
0.00461598183189649	2.66010260787441	0.17	0.032	1	chr1-232377343-232379921	4
0.0049177392793355	2.11416109027058	0.195	0.048	1	chr12-119715814-119717207	4
0.00498810533035701	2.43304439737479	0.174	0.032	1	chr1-178536538-178537884	4
0.00499829344454347	2.77539649543947	0.166	0.032	1	chr17-82238418-82240840	4
0.00517621853534008	1.72256461384333	0.216	0.065	1	chr5-176541356-176544446	4
0.00520003584663472	2.12983004225655	0.178	0.032	1	chr6-81751940-81754504	4
0.00547988610830773	2.69336426196703	0.166	0.032	1	chr22-37559881-37564768	4
0.0055030111314028	2.23640318268437	0.187	0.048	1	chr17-17077390-17080684	4
0.00561830556976183	2.52721550708773	0.166	0.032	1	chr18-34492553-34494485	4
0.00569309491348767	1.5105395921471	0.257	0.097	1	chr7-129501084-129503637	4
0.0059866086171679	2.12860415629559	0.191	0.048	1	chr4-140236827-140239182	4
0.00601031139071268	1.09458940331054	0.344	0.161	1	chr7-151921843-151926645	4
0.00616577346916562	2.18201366544817	0.174	0.032	1	chr1-225815777-225818688	4
0.00657779331856519	2.30782397313684	0.17	0.032	1	chr4-53591079-53593083	4
0.00659113425609431	1.96896681318787	0.195	0.048	1	chr16-84785865-84787546	4
0.00660781357578659	2.56030257344895	0.162	0.032	1	chr1-56818463-56819972	4
0.00668627697897933	2.11542194259748	0.187	0.048	1	chr8-65394892-65396689	4
0.00673361265895283	2.42756650811787	0.166	0.032	1	chr3-194984678-194985928	4
0.00684407727599811	1.54534837864044	0.249	0.097	1	chr1-150980947-150982928	4
0.00684580504508321	1.91447863014955	0.195	0.048	1	chr8-37359041-37360906	4
0.00730293914120267	1.61287128044252	0.232	0.081	1	chr1-16622757-16625343	4
0.00730343086479294	2.33345861517765	0.166	0.032	1	chr10-80498301-80500051	4
0.00731134342778016	1.47186484737841	0.241	0.081	1	chr12-122399009-122401162	4
0.00734897447560487	1.76483038935507	0.224	0.081	1	chr10-44910660-44912204	4
0.00741405986229235	1.41123981343252	0.266	0.113	1	chr1-226944283-226947333	4
0.00744454402565168	2.04874449247755	0.187	0.048	1	chr10-79259936-79262415	4
0.00744454402565168	2.09605419370983	0.187	0.048	1	chr10-112803723-112805111	4
0.00747331480519794	2.46070005638269	0.162	0.032	1	chr9-99259078-99260199	4
0.00760529322216128	1.77743523927445	0.207	0.065	1	chr1-44809547-44810973	4
0.0076657388051179	2.27590055128318	0.166	0.032	1	chr12-122840642-122843037	4
0.00770182561308244	2.6433984244585	0.158	0.032	1	chr2-42925014-42927444	4
0.00778524432472334	2.15651622932236	0.17	0.032	1	chr3-58535858-58538407	4
0.00781483699129519	1.03467056729176	0.34	0.145	1	chr1-229886826-229889976	4
0.00787225462972285	1.45552126665709	0.253	0.097	1	chr6-156556885-156558178	4
0.00789376233197758	2.59376212145527	0.158	0.032	1	chr1-210327916-210330279	4
0.00791166402545579	1.98009873764074	0.187	0.048	1	chr7-141287723-141289538	4
0.00792395988332174	1.44321573101524	0.237	0.081	1	chr17-46971659-46974705	4
0.0079246763065251	1.36686498119659	0.253	0.097	1	chr17-74767284-74773891	4
0.0080401595464708	2.41919073543075	0.162	0.032	1	chr20-35503609-35504706	4
0.00812050615657953	2.11146927953123	0.183	0.048	1	chr16-57264843-57267542	4
0.00815633934723419	2.45048726958847	0.158	0.032	1	chr4-79682265-79683548	4
0.00824526189053257	2.06596789644903	0.183	0.048	1	chr19-1393746-1396957	4
0.00828154644680879	1.79734149515636	0.203	0.065	1	chr10-11874259-11876652	4
0.00837143909522329	2.32532889499306	0.162	0.032	1	chr1-222659643-222668317	4
0.00847435988481931	1.72450939151583	0.207	0.065	1	chr1-226813792-226815933	4
0.00852467494031607	1.77241372571146	0.203	0.065	1	chr5-58922188-58923518	4
0.00852467494031607	1.7809082606311	0.203	0.065	1	chr15-41861588-41863602	4
0.00856429161173946	1.60149949133893	0.228	0.081	1	chr17-82266807-82271336	4
0.0085648734259636	2.51570669907614	0.158	0.032	1	chrX-48761474-48762514	4
0.00877592216736576	2.40809167906264	0.158	0.032	1	chr7-158001217-158002243	4
0.00877592216736576	2.3620656687985	0.158	0.032	1	chr20-51121275-51122926	4
0.00891919078044088	2.38342517881317	0.158	0.032	1	chr22-42644855-42647557	4
0.00910858533143417	1.56404591726303	0.228	0.081	1	chr6-75242352-75244784	4
0.0092345399406338	1.78179469935878	0.216	0.081	1	chr2-104754701-104756414	4
0.00928244452161089	0.591792867447668	0.61	0.468	1	chr12-114667661-114685525	4
0.00930912935879236	1.21844225700888	0.29	0.129	1	chr8-144513836-144518897	4
0.00936023799755852	1.53578173868279	0.228	0.081	1	chr7-44884138-44886610	4
0.00936161268185309	2.32712239430306	0.158	0.032	1	chr12-8827836-8830161	4
0.00964856107279163	0.824888341773414	0.44	0.258	1	chr19-13050149-13062157	4
0.00977215384097212	2.01222511828408	0.178	0.048	1	chr7-150321945-150324942	4
0.00979692464306015	1.49519158731749	0.232	0.081	1	chr3-194852731-194855546	4
0.00982194757831045	2.07230275130187	0.162	0.032	1	chr20-25861141-25864045	4
0.00982196999758906	2.16947034279388	0.162	0.032	1	chr21-33914870-33916373	4
0.00997992919184357	1.63233085890936	0.207	0.065	1	chr1-192668135-192669087	4
0.0100250699717553	0.6327810837815	0.568	0.387	1	chr12-6960502-6972162	4
0.0100303989407339	1.8940881441889	0.183	0.048	1	chr8-134565127-134567194	4
0.0100512079847845	2.47745355597756	0.154	0.032	1	chr2-100290641-100292699	4
0.0100619863688393	2.26725200950895	0.158	0.032	1	chr12-47735965-47737979	4
0.0102238219948786	2.25566000995975	0.158	0.032	1	chr3-112133930-112135693	4
0.0103056054591831	2.26247371979546	0.158	0.032	1	chr16-11534017-11536118	4
0.0106450429889111	1.88649383655477	0.183	0.048	1	chr2-186984268-186985405	4
0.0108038442749507	1.79027459399234	0.183	0.048	1	chr19-13951757-13953725	4
0.0109811125076609	2.15226733999246	0.158	0.032	1	chr5-35938362-35939311	4
0.0110593660009521	2.17492816497753	0.174	0.048	1	chr1-32195002-32201411	4
0.0111560197972298	2.16267899990244	0.158	0.032	1	chr12-87439514-87441006	4
0.011242725830881	1.10171557609971	0.299	0.129	1	chr12-124421632-124423962	4
0.0112508902158976	1.68992334935308	0.199	0.065	1	chr5-32442821-32445687	4
0.0113111981271913	1.96394905004448	0.174	0.048	1	chr1-177170568-177172165	4
0.011320828997447	1.80835904173297	0.195	0.065	1	chr17-59365606-59368597	4
0.0116099734239359	2.20132396602269	0.154	0.032	1	chr6-43515784-43518944	4
0.0118896563725687	2.20219459732877	0.154	0.032	1	chr22-20866879-20868127	4
0.0120078136020976	1.9102928857006	0.174	0.048	1	chr3-46692430-46693980	4
0.0122212837528751	1.85386230297332	0.178	0.048	1	chr20-11228296-11229219	4
0.0126976392691157	2.04345272671838	0.17	0.048	1	chr10-4279568-4281656	4
0.0130189931561648	1.57915591857301	0.203	0.065	1	chr11-75476136-75477819	4
0.013069039634389	2.0648668989468	0.154	0.032	1	chr1-201059584-201061683	4
0.0130769500663482	1.59989661395061	0.216	0.081	1	chr17-50949496-50951339	4
0.0131495693613793	1.13859060907196	0.315	0.161	1	chr8-78665258-78666991	4
0.013307149380213	1.81156407260442	0.191	0.065	1	chr1-162282714-162286031	4
0.0134209593027243	1.96024899410776	0.166	0.048	1	chr22-39234979-39236266	4
0.013441719193961	1.74690945287802	0.178	0.048	1	chr5-32709599-32712371	4
0.0134956306410487	1.49065442176902	0.22	0.081	1	chr8-19312323-19314846	4
0.0136559950993294	1.2062393071384	0.278	0.129	1	chr16-2210397-2213481	4
0.0136779172542912	2.05260596448694	0.17	0.048	1	chr8-138788827-138792802	4
0.0137438381469265	1.0206545497518	0.324	0.177	1	chr4-101196406-101201931	4
0.0137795291588653	1.858555426386	0.17	0.048	1	chr12-123362547-123366148	4
0.0138114036752981	1.52906257029139	0.212	0.081	1	chr2-20613798-20615333	4
0.0139322357864024	1.99055441919466	0.166	0.048	1	chr5-142845360-142846799	4
0.0140920358044526	1.13417706281917	0.29	0.145	1	chr1-202106870-202109160	4
0.0141607532820546	1.36472696358095	0.237	0.097	1	chr16-25048231-25050867	4
0.0147860820324592	2.05115125398242	0.166	0.048	1	chrX-2676848-2680425	4
0.0148623046388256	1.85624794316707	0.174	0.048	1	chr7-143394662-143396363	4
0.014942026586054	1.87694605020153	0.17	0.048	1	chr8-125578803-125580518	4
0.0150099191459643	1.24633127342797	0.257	0.113	1	chr2-218281487-218287668	4
0.0150605543293163	1.54346079176875	0.212	0.081	1	chr2-233480045-233482844	4
0.0155377372449892	1.27281467873488	0.224	0.081	1	chr8-40054201-40055898	4
0.0156699152950962	1.5178784665727	0.212	0.081	1	chr7-2477357-2479591	4
0.0159336645164374	1.6352051042446	0.195	0.065	1	chr16-82541574-82544831	4
0.0163916950306531	1.86376384736695	0.166	0.048	1	chr21-42365969-42367742	4
0.0165613713544	1.64494768871943	0.174	0.048	1	chr7-130069099-130071455	4
0.0166219061014979	1.72525594554932	0.183	0.065	1	chr1-62285178-62287536	4
0.0166902067421253	1.41441290891407	0.216	0.081	1	chr8-58065537-58068548	4
0.0168435931419011	1.48988539223891	0.212	0.081	1	chr6-56540920-56543487	4
0.017018410688126	1.43190622331141	0.216	0.081	1	chr1-32758018-32763841	4
0.0170714042230251	0.905254713827847	0.349	0.177	1	chr7-50669260-50682556	4
0.0171554986496807	1.24723663106225	0.249	0.113	1	chr4-6749117-6752257	4
0.0172784323166535	1.71446846844299	0.17	0.048	1	chr20-723479-725089	4
0.0177146498673351	1.96818557519011	0.162	0.048	1	chr17-81821215-81822493	4
0.0178878458066508	1.84853783339201	0.166	0.048	1	chr1-168803174-168804619	4
0.0178927846616957	1.02708323076954	0.29	0.129	1	chr19-1097650-1099960	4
0.0179300650043661	1.11818891498881	0.245	0.097	1	chr19-1103347-1108250	4
0.0182267570465363	1.19683400844955	0.249	0.113	1	chr5-134505642-134507182	4
0.0184304374119247	1.7177524410046	0.17	0.048	1	chr17-37067215-37068653	4
0.0184343991717866	1.59947341056285	0.187	0.065	1	chr4-88822682-88824063	4
0.0184398279870393	0.858629820564113	0.373	0.226	1	chr16-678348-686447	4
0.0186119031737752	1.26328902158406	0.232	0.097	1	chr6-44245370-44249623	4
0.0186562639857145	1.27068516019276	0.237	0.097	1	chr2-95292412-95299086	4
0.0187792780312843	1.90668149444383	0.162	0.048	1	chr18-49021149-49022418	4
0.0191715856333347	1.55236457540205	0.191	0.065	1	chr1-9835303-9836969	4
0.0197834169502831	1.77029981393116	0.166	0.048	1	chr12-21656546-21658327	4
0.0198701067474387	1.19631682301417	0.253	0.113	1	chr1-229269538-229272867	4
0.0200706972362048	1.64070164970455	0.17	0.048	1	chr8-61784713-61786804	4
0.020107910009742	1.36462531542589	0.216	0.081	1	chr4-149795115-149796898	4
0.0201450952374733	1.31531693342749	0.22	0.081	1	chr11-73787111-73789210	4
0.0206452269978351	1.39771528243131	0.207	0.081	1	chr3-34145001-34147414	4
0.0208755984202942	0.96064155429081	0.307	0.177	1	chr16-21511499-21516523	4
0.0208867270040154	1.85271360723265	0.158	0.048	1	chr5-177524631-177525734	4
0.0210127207054635	1.67416748682469	0.178	0.065	1	chr4-132343986-132345937	4
0.0213172295777514	1.36698688141855	0.207	0.081	1	chr14-103126595-103129776	4
0.0216751175597616	0.892581391716069	0.353	0.226	1	chr6-159788284-159791631	4
0.0224106539466659	1.22240656816876	0.237	0.113	1	chr5-93579929-93586241	4
0.0224402912445161	1.07429187643225	0.27	0.129	1	chr16-67440777-67444228	4
0.0224487005992139	1.93958595894895	0.158	0.048	1	chr10-79379038-79381076	4
0.0226214369645286	1.3060688036041	0.224	0.097	1	chr1-159867115-159868558	4
0.0227983770357756	1.63099521976153	0.178	0.065	1	chr16-70714558-70716839	4
0.0229367266513176	1.95755394769262	0.158	0.048	1	chr2-201115741-201119521	4
0.0231014232852172	1.80640815194566	0.158	0.048	1	chr12-2113025-2114606	4
0.0231167310366697	1.63065727615998	0.166	0.048	1	chr4-48974927-48975970	4
0.0231584246644621	0.838380138956407	0.365	0.21	1	chr16-84503851-84506841	4
0.0233842338426088	1.45389788080571	0.183	0.065	1	chr3-50264407-50272095	4
0.0234014641189938	1.48912325805275	0.216	0.097	1	chr6-73652517-73655434	4
0.0234509185276737	1.72877595683088	0.162	0.048	1	chr5-149220559-149222036	4
0.0235713388148899	1.21368515065267	0.241	0.113	1	chr7-50659354-50668701	4
0.0239524840479126	1.6701731685053	0.162	0.048	1	chr1-207844711-207846394	4
0.0239720201676461	1.22440202451048	0.224	0.097	1	chr1-202056444-202057810	4
0.0242833175387958	1.76545698352946	0.158	0.048	1	chr12-132493164-132496260	4
0.0245048885605702	1.3301049930682	0.22	0.097	1	chr6-99519816-99522357	4
0.024584058840299	1.19530222966048	0.22	0.081	1	chr16-70745480-70749914	4
0.024612504295281	1.10748058389394	0.261	0.129	1	chr6-127265879-127268830	4
0.0247745374012835	1.84552457470277	0.154	0.048	1	chr1-184283855-184284812	4
0.0252272278457811	1.43151202252643	0.195	0.081	1	chr11-42624457-42626425	4
0.0254942622502331	1.02428555029658	0.295	0.161	1	chr22-36327916-36336849	4
0.0255713907106175	1.3445757567298	0.22	0.097	1	chr6-83429522-83433079	4
0.0256691280134325	1.14928042263455	0.249	0.113	1	chr1-234530736-234535030	4
0.0258590158339446	1.81234669702355	0.154	0.048	1	chr8-28183333-28184492	4
0.02588338673716	1.24932071318801	0.22	0.097	1	chr12-132621939-132624401	4
0.0260714960381403	1.2784985498234	0.232	0.113	1	chr14-60090978-60093393	4
0.026412480465427	1.23817089458046	0.207	0.081	1	chr5-38612944-38614996	4
0.026543630626576	1.10181564869491	0.245	0.113	1	chr17-39631114-39633533	4
0.0266045987947089	1.79962327432771	0.154	0.048	1	chr19-14494815-14497991	4
0.0271807718387082	1.56673050401829	0.174	0.065	1	chr6-89078982-89084044	4
0.0271894191284479	1.08244668527589	0.257	0.129	1	chr12-6923850-6926743	4
0.0272427773198194	1.06887094871846	0.261	0.129	1	chr6-96836141-96838162	4
0.0275659200747907	1.64825233052902	0.158	0.048	1	chr6-74182554-74183759	4
0.0276006754930705	1.13986823786172	0.241	0.113	1	chr1-241615147-241616964	4
0.0279532616863378	1.5965047249138	0.158	0.048	1	chr12-88579062-88580956	4
0.0279540931064552	1.70791579070934	0.154	0.048	1	chr4-140140511-140141962	4
0.0281283194637161	1.43614306180643	0.183	0.065	1	chr5-68395701-68397329	4
0.0283311462487879	1.6197971422049	0.17	0.065	1	chr10-117482716-117483954	4
0.0285502715179783	1.67249127218172	0.154	0.048	1	chr2-20916454-20917576	4
0.0285502715179783	1.72077234481047	0.154	0.048	1	chr14-102045961-102047061	4
0.0286075535921666	0.594677004562758	0.481	0.339	1	chr6-73511670-73522485	4
0.0286633856519048	1.49095960347823	0.174	0.065	1	chr15-90097852-90098824	4
0.02887630167622	0.428930057035621	0.631	0.5	1	chr1-155123709-155137365	4
0.0289007876953499	1.54874684645482	0.162	0.048	1	chr6-27791077-27793528	4
0.0291573690766878	1.61127984766405	0.154	0.048	1	chr8-48253652-48255345	4
0.0291573690766878	1.72638671112137	0.154	0.048	1	chr9-7327979-7329173	4
0.0291583665546955	1.40825160453055	0.178	0.065	1	chr17-347353-351301	4
0.0292534022573307	1.32854867295647	0.199	0.081	1	chr16-85514173-85516506	4
0.0293495865249174	1.47638406133725	0.178	0.065	1	chr1-59921129-59922969	4
0.0294914882336793	1.27454444858531	0.216	0.097	1	chr12-125633378-125635807	4
0.0299840902671727	1.68142454246513	0.154	0.048	1	chr1-167671446-167672484	4
0.0302143916256967	1.35843161673831	0.191	0.081	1	chr9-72314557-72316457	4
0.0304054621570919	1.26320545718972	0.203	0.081	1	chr16-66509931-66514188	4
0.0306141518234401	1.52426937500843	0.174	0.065	1	chr10-79086152-79088903	4
0.0307405856995233	1.1683124574836	0.199	0.081	1	chr1-212146611-212148332	4
0.0310001217386353	1.03014845278991	0.228	0.097	1	chr8-90000319-90002280	4
0.0310635977997065	1.31446841786022	0.195	0.081	1	chr6-156955257-156956939	4
0.0311946830320708	0.477204503061612	0.622	0.484	1	chr17-17806579-17826076	4
0.0313193238432438	1.07360792923894	0.249	0.129	1	chr8-27489425-27491934	4
0.0319228939963178	1.50752701295679	0.17	0.065	1	chr21-44067036-44068048	4
0.032028821099619	1.00708238048611	0.241	0.113	1	chr20-25685404-25687141	4
0.0320561618512014	1.16801720751006	0.216	0.097	1	chr3-155736359-155738778	4
0.0320917035024078	1.5395111263646	0.158	0.048	1	chr3-145332777-145334873	4
0.0321084565146525	0.959658057849121	0.29	0.177	1	chr3-94062058-94064292	4
0.0321670457266863	1.36565467305504	0.191	0.081	1	chr7-22361295-22362445	4
0.0323450922378492	1.51470282746825	0.17	0.065	1	chr5-142816443-142819826	4
0.0325861973518199	1.66010748172403	0.154	0.048	1	chr4-30719009-30722115	4
0.0329450110266248	1.28338521685604	0.195	0.081	1	chr3-131501707-131503638	4
0.0330036654172381	0.756408081025867	0.373	0.226	1	chr10-132417989-132422232	4
0.0330918767548092	1.42630120034964	0.187	0.081	1	chr10-79423973-79425424	4
0.0333197479947437	1.39903269991934	0.174	0.065	1	chr3-169698975-169700301	4
0.0333862446601231	0.888287269881554	0.295	0.161	1	chr6-142944276-142948189	4
0.033421570647359	1.49803004054373	0.17	0.065	1	chr1-58982304-58983768	4
0.0338061086637184	1.32757712475713	0.191	0.081	1	chr2-189762097-189763923	4
0.0338606660027221	1.55505427360648	0.17	0.065	1	chr8-62529283-62530884	4
0.0339723949133403	1.37167940141986	0.174	0.065	1	chr8-140276019-140277312	4
0.0347536691223192	1.47946532337352	0.17	0.065	1	chr6-151051819-151053324	4
0.034900110478439	1.50724823874375	0.154	0.048	1	chr10-6296928-6298685	4
0.0350624043145426	1.29286234894358	0.203	0.097	1	chr8-74913071-74914125	4
0.0350844268157355	1.40956195808267	0.174	0.065	1	chr6-138160357-138163661	4
0.0352190612973758	1.21509589257896	0.216	0.097	1	chr1-96865235-96866723	4
0.0358589729944044	1.05495662916266	0.261	0.145	1	chr6-43626824-43630713	4
0.0359517476064158	0.49602605824366	0.568	0.452	1	chr19-12994906-13019374	4
0.0361030429059637	1.34758130597328	0.187	0.081	1	chr3-120566372-120569023	4
0.0366347910071503	1.01993321410627	0.261	0.145	1	chr19-18500232-18505695	4
0.0368899668694976	1.23728318005397	0.195	0.081	1	chr1-201373784-201382780	4
0.0368996529062788	0.984479172707598	0.22	0.097	1	chr5-6635006-6637999	4
0.0372130434236378	1.14889060950234	0.228	0.113	1	chr14-23152753-23155921	4
0.037233642136012	1.36895357857282	0.187	0.081	1	chr12-101617945-101620958	4
0.0377479429790705	0.72277977906389	0.378	0.242	1	chr11-75426981-75433182	4
0.0381167461366392	1.3508572458252	0.154	0.048	1	chr3-45598816-45600793	4
0.0382528916283136	1.21722742740298	0.195	0.081	1	chr6-111258667-111259995	4
0.0387080177072297	1.07802929374792	0.228	0.113	1	chr10-97713048-97715400	4
0.0387747077765086	0.950064509760508	0.27	0.145	1	chr6-154343343-154344809	4
0.0389166977150122	1.48967895870941	0.166	0.065	1	chr1-7571949-7575158	4
0.0389543311896595	1.13237413989005	0.199	0.081	1	chr6-108294282-108295829	4
0.0391683382532592	1.45052590891042	0.166	0.065	1	chr6-136606426-136611384	4
0.0392858930955472	1.20927458002913	0.207	0.097	1	chr7-108093969-108096271	4
0.0392858930955472	1.16744328889242	0.207	0.097	1	chr8-127329857-127331151	4
0.0397952260458032	1.46889583906637	0.162	0.065	1	chr7-126936617-126938176	4
0.039827420964499	1.28979737426229	0.187	0.081	1	chr12-110279533-110282631	4
0.0398935996917787	1.01219381402758	0.199	0.081	1	chr6-104858766-104860647	4
0.0400078015743532	1.01733105191532	0.257	0.145	1	chr22-49950819-49955308	4
0.0403537256188231	1.23754548240589	0.174	0.065	1	chr11-47847277-47849156	4
0.0404039375792192	1.2348944777258	0.203	0.097	1	chr8-133718675-133722978	4
0.0404609091343377	1.10688410966828	0.216	0.097	1	chr1-237470517-237471787	4
0.0406195443982659	1.14268948937577	0.195	0.081	1	chr16-30584891-30586719	4
0.0406973441345587	1.10563515265902	0.212	0.097	1	chr3-129002574-129006414	4
0.0411609659957593	0.96732091531496	0.237	0.113	1	chrX-1379368-1389740	4
0.0418970766652898	0.645860712460081	0.39	0.242	1	chr8-61704568-61715617	4
0.0419675559253616	1.03731318359627	0.228	0.113	1	chr21-36245592-36246959	4
0.0421091009930465	1.09994710106996	0.216	0.097	1	chr1-215539319-215541041	4
0.0421779322945062	1.46265173516763	0.162	0.065	1	chr3-48998571-49001521	4
0.0423001706534075	0.818563091701939	0.324	0.21	1	chr3-169771527-169774511	4
0.0424294531301196	1.29417840031963	0.174	0.065	1	chr8-41323069-41324256	4
0.0424484072837651	1.01494512092104	0.241	0.129	1	chr7-50597215-50603911	4
0.0424499794187746	1.46080218570275	0.162	0.065	1	chr12-121536500-121539102	4
0.0427235092012434	1.50296200522486	0.162	0.065	1	chr12-101279384-101281125	4
0.0429691752346743	0.801446421882868	0.311	0.177	1	chr16-89343595-89347400	4
0.0429985277490893	1.46969656479805	0.162	0.065	1	chr14-105494389-105497101	4
0.0436621913075611	1.36470212891428	0.166	0.065	1	chr16-87635242-87636989	4
0.0442169113313072	1.07918793914743	0.224	0.113	1	chr20-31942126-31944467	4
0.0442184438111238	1.37741094975351	0.166	0.065	1	chr1-244347301-244349147	4
0.0443191189364941	1.23120394524528	0.174	0.065	1	chr16-75096197-75100455	4
0.0445643493654882	1.3416020301217	0.17	0.065	1	chrX-119756096-119759267	4
0.0446284859487997	1.30759208501871	0.183	0.081	1	chr3-188947452-188949156	4
0.0449459713278384	1.1898529618743	0.191	0.081	1	chr6-149845173-149848156	4
0.0454427660924336	1.34880121666878	0.183	0.081	1	chr2-241091331-241095965	4
0.0457515954518332	0.697837205672035	0.353	0.226	1	chr6-116570579-116573299	4
0.0458319472633694	1.42857869130055	0.162	0.065	1	chr5-135134268-135136577	4
0.0459564335959679	1.04113198908034	0.228	0.113	1	chrX-129651895-129656310	4
0.046022336617313	1.14492286410307	0.187	0.081	1	chr4-1725981-1728774	4
0.0464629415770824	0.830673123636902	0.303	0.177	1	chr1-911121-922402	4
0.0468389804132035	0.776876748281113	0.278	0.129	1	chr17-12730418-12731803	4
0.0468423079419965	1.20684066295225	0.17	0.065	1	chr2-113965156-113967605	4
0.0468973448695517	0.642700033685512	0.39	0.242	1	chr3-79017328-79020413	4
0.0472167577019012	1.10480551067111	0.207	0.097	1	chr1-193767378-193768698	4
0.0472810387146449	0.8279498006851	0.315	0.194	1	chr2-95273736-95278138	4
0.0474268651388909	1.20299803857681	0.17	0.065	1	chr10-48655156-48657061	4
0.0485404218179443	1.1159746462849	0.22	0.113	1	chr6-166997456-167000072	4
0.0485870344211893	0.909253433444987	0.261	0.145	1	chr17-59327106-59333161	4
0.0487137660889397	1.59108324691192	0.158	0.065	1	chr6-57316280-57318116	4
0.0488023162719104	1.03864526063773	0.212	0.097	1	chr1-197145579-197147416	4
0.0488874197531899	1.3156411892067	0.166	0.065	1	chr11-47922061-47924877	4
0.0489538885618691	0.643024869723776	0.369	0.226	1	chr8-76998839-77001522	4
0.0496495030007887	1.4373976000818	0.158	0.065	1	chr4-84497963-84500032	4
0.0499571409512787	1.17389041506763	0.195	0.097	1	chr16-64477837-64479311	4
0.0499706536681787	1.29778518319235	0.178	0.081	1	chr10-95388152-95389213	4
0.0499973588412438	1.20292836140595	0.187	0.081	1	chr3-46947284-46949629	4
0.0499973588412438	1.19301227844556	0.187	0.081	1	chr10-29408934-29410774	4
0.0501172705320022	1.29968955411825	0.166	0.065	1	chr12-57751077-57753236	4
0.0501172705320022	1.31513918346205	0.166	0.065	1	chr12-125109651-125111843	4
0.0505902945015299	0.861594785996547	0.249	0.129	1	chr3-80769198-80771951	4
0.0508435289485743	1.14246092274488	0.199	0.097	1	chr6-7144918-7147445	4
0.0508855923365536	1.16838222833406	0.187	0.081	1	chr1-213153346-213155265	4
0.0514850605074869	1.1649154014313	0.187	0.081	1	chr2-42132419-42134003	4
0.0515662413038927	1.44233128836732	0.158	0.065	1	chr21-16279598-16282428	4
0.0516495410022788	1.35199045645929	0.162	0.065	1	chr1-119686231-119689132	4
0.0519721183829861	1.34015381509386	0.162	0.065	1	chr18-48138304-48140449	4
0.0524185852923504	1.1827451953277	0.183	0.081	1	chr10-48287276-48288930	4
0.0525928451110103	0.591524746395336	0.378	0.242	1	chr11-65100892-65106005	4
0.0526761724690804	0.521075594897094	0.485	0.355	1	chr1-228484939-228491495	4
0.0527210369920274	1.27439362196052	0.178	0.081	1	chr6-41940737-41942518	4
0.0527680591993881	0.945421779805509	0.241	0.129	1	chr1-205352130-205355635	4
0.0527991811373068	1.12176927289081	0.212	0.113	1	chr5-150441068-150446806	4
0.0529958691066426	1.3219470252903	0.174	0.081	1	chr1-119541591-119543341	4
0.0533815895554932	0.528761246468019	0.527	0.387	1	chr1-58779452-58786153	4
0.0533928572167471	1.04079384049021	0.22	0.113	1	chr6-126053230-126055627	4
0.0534753126137449	0.736179246215681	0.32	0.177	1	chr16-58024449-58028907	4
0.0534991071271343	1.13248318830872	0.199	0.097	1	chr1-96721011-96723083	4
0.0535444498164557	1.39840759124807	0.158	0.065	1	chr20-16540900-16542198	4
0.0536283595558027	0.925642965820892	0.27	0.161	1	chr1-85707259-85709187	4
0.0537722785011515	1.449924347536	0.154	0.065	1	chr7-48504627-48506469	4
0.054199649729811	0.709936666111713	0.299	0.194	1	chr4-89110362-89112758	4
0.0542776622406072	1.27089308415706	0.162	0.065	1	chr5-100900357-100903954	4
0.0543029502363224	1.25400268420907	0.178	0.081	1	chr9-117399732-117402297	4
0.0546143969670912	1.1244251252964	0.183	0.081	1	chr2-237730289-237736165	4
0.05493425998451	1.18596322899906	0.183	0.081	1	chr7-128229336-128232035	4
0.0552915564740573	1.25813792314164	0.162	0.065	1	chr21-36059436-36061226	4
0.0554830136147189	0.66229657624067	0.369	0.226	1	chr12-89705919-89710858	4
0.0555786729527022	1.15475842893186	0.183	0.081	1	chr14-61490842-61492875	4
0.0557318868683162	0.400803739901523	0.622	0.484	1	chr1-173860180-173870945	4
0.0559032339829129	1.11578582347795	0.183	0.081	1	chr8-142735523-142740160	4
0.0559559243663942	1.0471897391885	0.199	0.097	1	chr12-93676864-93678522	4
0.0562390719702448	0.806681788175201	0.27	0.145	1	chr1-151830493-151833389	4
0.0562804462665234	1.42309288375267	0.158	0.065	1	chr16-11400857-11402971	4
0.0565756126334674	1.24387747942071	0.174	0.081	1	chr10-93071627-93074561	4
0.0566304804416645	1.32033326540613	0.158	0.065	1	chr16-2124005-2129096	4
0.0572173046506112	1.16651067810304	0.183	0.081	1	chr3-73520587-73521785	4
0.0577104477723316	0.74426386401221	0.29	0.161	1	chr6-53793236-53796773	4
0.0577480839400913	1.10816573486704	0.207	0.113	1	chr3-40262191-40266261	4
0.0582680882459952	1.30411026343879	0.174	0.081	1	chr12-67647512-67649983	4
0.0584283647317165	1.2542755681174	0.162	0.065	1	chr10-124727036-124728296	4
0.0584702048183411	0.875133451008721	0.249	0.145	1	chr6-30882475-30887037	4
0.0587588253690237	1.13145874768997	0.166	0.065	1	chr1-184482751-184485356	4
0.0591297790151992	0.521719015787808	0.461	0.306	1	chr12-6531973-6540179	4
0.0591511072074208	1.13707030056244	0.187	0.081	1	chr4-27126692-27128144	4
0.0596521667797391	1.20070364632436	0.174	0.081	1	chr1-207001751-207005920	4
0.059658872236703	0.85944656234867	0.266	0.161	1	chr6-147202081-147205253	4
0.0598063882908151	0.812377898174053	0.29	0.177	1	chr5-115840905-115843371	4
0.0598630494902519	1.27512056780098	0.158	0.065	1	chr8-23540303-23542096	4
0.0600469582456677	1.30525300024184	0.158	0.065	1	chr8-33558200-33559399	4
0.06023606443267	0.571425496142246	0.427	0.306	1	chr12-120193318-120202517	4
0.0603413676762341	1.33315434602101	0.17	0.081	1	chr1-234542045-234546269	4
0.0604812691072322	1.02095792241713	0.199	0.097	1	chr11-45846815-45849184	4
0.0605372553547977	1.11068068698621	0.195	0.097	1	chr6-117919819-117921007	4
0.0605973862373427	0.981999350328957	0.216	0.113	1	chr17-31486648-31490572	4
0.0608613143790449	0.953347792109852	0.22	0.113	1	chr19-32673759-32676774	4
0.0608745979690656	1.1283377718285	0.195	0.097	1	chr20-62622668-62624843	4
0.0609316205869472	1.37166521905416	0.154	0.065	1	chr7-143367613-143369014	4
0.0609740079504346	1.22769332631063	0.158	0.065	1	chr18-23629134-23630285	4
0.0610318108547367	1.15564009399555	0.178	0.081	1	chr3-4564731-4567390	4
0.0610634088291583	1.2107928820374	0.174	0.081	1	chr14-55411226-55414181	4
0.0616270912416106	0.958567125226639	0.237	0.129	1	chr21-15062557-15066461	4
0.0616671327682565	0.749498906008199	0.274	0.145	1	chr4-76305494-76307765	4
0.0617240940199145	1.30492023223689	0.158	0.065	1	chr6-108587216-108590182	4
0.0617793348221254	1.22217136353843	0.174	0.081	1	chr1-116242395-116244470	4
0.0618326101255496	0.991926288917348	0.22	0.113	1	chr1-204072617-204075298	4
0.0620516890101017	0.93538387487918	0.245	0.145	1	chr6-159725826-159729009	4
0.0620707447320964	1.31698306309045	0.154	0.065	1	chr1-197914711-197917780	4
0.0629219480976034	0.913598809934792	0.228	0.113	1	chr6-144094577-144096451	4
0.0636169328716441	1.31070733312081	0.154	0.065	1	chr9-105064029-105065870	4
0.063984142930634	1.18919037116988	0.162	0.065	1	chr13-23888292-23890573	4
0.0640356416018668	1.09973307730397	0.191	0.097	1	chr11-47118610-47119771	4
0.0641533028565562	0.495251107156881	0.436	0.29	1	chr9-134354492-134363947	4
0.064457593073237	0.803654790099019	0.253	0.129	1	chr1-156851504-156853396	4
0.0648444771902922	0.892714203908694	0.237	0.129	1	chr12-66129694-66131701	4
0.0649228143503812	0.547394597248144	0.452	0.339	1	chr12-6850724-6854481	4
0.065322330493275	1.09820739705528	0.212	0.113	1	chr1-246165741-246167245	4
0.0657631045061627	1.04556636633062	0.195	0.097	1	chr5-154722925-154725021	4
0.0658096920487149	0.817052785615001	0.27	0.161	1	chr11-34167370-34169990	4
0.065879704524993	1.24354671725883	0.17	0.081	1	chr16-46387671-46391516	4
0.0659136167152491	0.972449833991791	0.228	0.129	1	chr6-53064380-53069206	4
0.0659447130673222	0.972097391225209	0.216	0.113	1	chr8-38733470-38736337	4
0.0661645734077796	0.751937391549559	0.303	0.194	1	chr10-110007695-110012274	4
0.066197129093106	1.12625288218943	0.191	0.097	1	chr7-45110223-45112643	4
0.0665044177318641	0.905444403056976	0.237	0.129	1	chr6-117601256-117603660	4
0.0666039192297166	1.15632478946084	0.174	0.081	1	chr14-42192515-42194299	4
0.066787897777942	1.16773021598057	0.158	0.065	1	chr6-135053978-135055598	4
0.0669770269397232	1.21199099452915	0.187	0.097	1	chr10-24236725-24240846	4
0.0673730868504813	1.15089968166956	0.174	0.081	1	chr1-43388123-43390706	4
0.0677556187550061	0.753160162830679	0.286	0.177	1	chr4-41212551-41217435	4
0.0678549075729592	0.831449174308446	0.257	0.145	1	chr12-118370306-118373759	4
0.0679550367766513	1.06340485615362	0.195	0.097	1	chr3-11600130-11603273	4
0.0680038007107475	1.19566966680813	0.158	0.065	1	chr7-74501223-74503337	4
0.0690239028259648	0.780925438405494	0.27	0.161	1	chr3-121228645-121233412	4
0.0693992214198364	1.17946927766315	0.17	0.081	1	chr7-30252998-30255745	4
0.0699060919539341	0.814572457181929	0.249	0.129	1	chr3-157087803-157090186	4
0.0702055156976608	0.976315222327211	0.216	0.113	1	chr5-179912131-179914776	4
0.0705258325120899	0.823593265491227	0.241	0.129	1	chr10-119667386-119671686	4
0.070547203228372	1.26220138962006	0.154	0.065	1	chr7-122637426-122638635	4
0.0707005263808917	1.0483173958987	0.191	0.097	1	chr14-91276046-91278152	4
0.0707796880572872	1.1693995552102	0.187	0.097	1	chr12-101406201-101409416	4
0.0711322462595571	0.985845966698506	0.207	0.113	1	chr14-88384807-88386488	4
0.0716303399428654	0.623523401255282	0.361	0.258	1	chr5-14142356-14146260	4
0.0725192252395443	1.05897971412433	0.195	0.097	1	chr10-61922896-61924685	4
0.0728075534070869	1.13437365592842	0.183	0.097	1	chr22-46773756-46776917	4
0.0728703188589574	0.910954563565592	0.232	0.129	1	chr17-18181399-18185813	4
0.0731277692551899	0.777435592629516	0.232	0.113	1	chr4-16222749-16228811	4
0.0732348349169168	0.891503130698104	0.232	0.129	1	chr5-150612729-150617791	4
0.0733876610962508	0.847955651188656	0.22	0.113	1	chr17-74430078-74432770	4
0.073441555591063	1.08855912717298	0.191	0.097	1	chr6-143842594-143844329	4
0.0735664936597929	0.770674328688992	0.27	0.161	1	chr5-179677523-179680364	4
0.0743308160817493	1.18029124563389	0.17	0.081	1	chr14-29888960-29893057	4
0.0744464242503141	0.958191477347154	0.212	0.113	1	chr17-58631038-58632664	4
0.0750500712406689	1.10029595686961	0.174	0.081	1	chr16-57676298-57678488	4
0.0751652649378303	1.08951211366715	0.187	0.097	1	chr9-119868239-119869435	4
0.0752032716858342	0.668896202196849	0.344	0.242	1	chr6-85671969-85680735	4
0.0752668277352128	1.19147893113051	0.166	0.081	1	chr1-204416839-204419701	4
0.0752724812958882	0.955964413139645	0.22	0.129	1	chr6-105402117-105404057	4
0.0752983639366104	0.965590709126748	0.178	0.081	1	chr12-44948321-44949412	4
0.0760369466733749	1.14723370667265	0.17	0.081	1	chr14-103692742-103694227	4
0.0761326674723685	1.16668696724173	0.166	0.081	1	chr12-124827526-124829694	4
0.0775074875366533	1.09543499012376	0.191	0.097	1	chr7-101216588-101219212	4
0.0776241212316965	1.17700925842866	0.154	0.065	1	chr7-100269255-100272917	4
0.0777748903044313	1.11169746151702	0.17	0.081	1	chr11-28983527-28984468	4
0.0784921548655409	1.0415683979153	0.187	0.097	1	chr11-47212689-47216976	4
0.0785480477197479	1.1380849870099	0.154	0.065	1	chr17-55284993-55286418	4
0.0787624178892527	1.05152690834974	0.191	0.097	1	chr16-68777916-68780461	4
0.0792211909991157	0.747465812749682	0.274	0.177	1	chr12-128822871-128825162	4
0.0795450482133762	1.09074520372865	0.17	0.081	1	chr3-124032149-124034422	4
0.0796776176417572	1.15399338543437	0.166	0.081	1	chr14-104344061-104347019	4
0.0799541604074911	0.535529390156743	0.361	0.242	1	chr6-118891924-118896973	4
0.0802211170410579	1.15812625156458	0.162	0.081	1	chr8-140153407-140154616	4
0.0802953637699071	0.789096383564382	0.237	0.129	1	chr12-95858348-95860480	4
0.0804107361193688	0.836169420018091	0.249	0.145	1	chr2-27376282-27381856	4
0.0804227472318867	1.12447889740441	0.154	0.065	1	chr17-81551263-81554230	4
0.0810410915028478	1.12968512100697	0.166	0.081	1	chr1-182615765-182618469	4
0.0812264183529713	0.88217458064736	0.212	0.113	1	chr11-6566303-6569338	4
0.0813734728285967	0.783060113037312	0.253	0.161	1	chr12-119988287-119990391	4
0.0814399355866308	0.809746579023128	0.216	0.113	1	chr3-194002694-194004173	4
0.0817549362516663	0.948713732223743	0.191	0.097	1	chr1-215635941-215637792	4
0.0819379064991338	1.02809101357534	0.187	0.097	1	chr16-88452495-88456429	4
0.0829156208948167	0.749011451379021	0.257	0.145	1	chr1-234372807-234374412	4
0.0830653720100828	0.94371253867415	0.191	0.097	1	chr11-118620699-118623692	4
0.0833491689221754	1.04722168587114	0.199	0.113	1	chr5-140321394-140324835	4
0.0845823670931397	1.12310975617969	0.17	0.081	1	chr3-43768816-43771480	4
0.0848162963681074	0.988624192455996	0.174	0.081	1	chr12-21437191-21438566	4
0.0852454946613535	1.12603228587914	0.166	0.081	1	chr14-50954469-50956252	4
0.0853066003860476	0.840781233024535	0.203	0.097	1	chr1-45348010-45350070	4
0.0857233443536668	1.16253712000809	0.166	0.081	1	chr1-181742285-181744853	4
0.086697861254577	0.93516954004613	0.174	0.081	1	chr2-27085377-27087518	4
0.0867036974410864	0.934069669405831	0.203	0.113	1	chr17-66723767-66725901	4
0.0867851719070645	0.665473281843667	0.315	0.21	1	chr4-158209733-158211725	4
0.0875352512294537	1.11326933887156	0.183	0.097	1	chr16-4537170-4539367	4
0.0878423355204417	0.937595508836981	0.207	0.113	1	chr12-132188958-132191476	4
0.0879201837120946	1.05211812367831	0.17	0.081	1	chr8-134793072-134794938	4
0.0881488376908869	0.885552702628005	0.224	0.129	1	chr4-47484808-47486502	4
0.0884511772799684	1.22090125029419	0.158	0.081	1	chr7-131284328-131285873	4
0.0885379076120357	0.654541492614893	0.278	0.161	1	chr1-2522986-2528650	4
0.0886545030172806	0.738585540678074	0.253	0.145	1	chr3-133458938-133461177	4
0.0887289008488807	0.942202886084198	0.187	0.097	1	chr1-41360143-41362489	4
0.089180009985646	0.855730038946292	0.207	0.113	1	chr17-54967476-54970175	4
0.0892879341962717	0.698145331511085	0.237	0.129	1	chr8-30721959-30724297	4
0.0894461272697452	0.884152617423212	0.224	0.129	1	chr4-139300426-139303004	4
0.0903772407168801	0.76220760804849	0.257	0.161	1	chr2-61853061-61855611	4
0.0909394707289653	0.965526499241531	0.199	0.113	1	chr3-128280691-128283486	4
0.0910908553192465	0.95066307011594	0.187	0.097	1	chr21-44049120-44053238	4
0.0914458875044782	0.883772410150465	0.207	0.113	1	chr12-62933175-62935741	4
0.0914564311439633	0.794406468204389	0.228	0.129	1	chr11-67286557-67290164	4
0.0918121082116095	1.0096135741505	0.183	0.097	1	chr7-6446739-6448879	4
0.0922975057042083	1.07821125076108	0.183	0.097	1	chr1-965780-968684	4
0.0922975057042083	1.0209670324339	0.183	0.097	1	chr1-67715318-67718203	4
0.0923578683768442	1.11456392164671	0.162	0.081	1	chr3-52286564-52288669	4
0.0927216503469613	0.807963758675358	0.191	0.097	1	chr22-24592088-24595393	4
0.0928038901162018	1.00778688671472	0.199	0.113	1	chr1-6427091-6428593	4
0.0928352009924832	0.924640670243761	0.216	0.129	1	chr20-296734-301492	4
0.0935110562990923	0.91484116302891	0.154	0.065	1	chr5-1770098-1773291	4
0.0935899846978207	0.460231983959991	0.473	0.371	1	chr12-57514388-57524643	4
0.093667418750343	1.07378320181606	0.166	0.081	1	chr16-28609180-28610878	4
0.0940847617850515	0.677953845590092	0.315	0.21	1	chr4-78055747-78060022	4
0.0941829071116068	1.02075275164883	0.166	0.081	1	chr14-90507992-90511066	4
0.0942360830776253	1.28211305583584	0.154	0.081	1	chr1-112698387-112702097	4
0.0944822392668164	0.936829732109806	0.187	0.097	1	chr17-76278610-76280087	4
0.0947006674676275	1.02465474578607	0.166	0.081	1	chr17-58082670-58085415	4
0.0947909368665822	0.756612023947161	0.232	0.129	1	chr3-180988715-180990468	4
0.0950355739412733	0.589540355986549	0.295	0.177	1	chr16-30555872-30559046	4
0.0952026008828167	0.64348274023903	0.274	0.161	1	chr17-37356271-37360412	4
0.0952533254278346	0.99002415241263	0.183	0.097	1	chr6-125245185-125246483	4
0.0954683421551862	0.826988262902208	0.241	0.145	1	chr16-72995184-72997668	4
0.0956402724536606	0.91466254101985	0.191	0.097	1	chr12-120580356-120582093	4
0.0957430298543819	1.0004162183133	0.166	0.081	1	chr3-142973218-142974362	4
0.0962676447220328	0.984957434251764	0.166	0.081	1	chr8-127090084-127094235	4
0.096423811443099	0.823611063075391	0.216	0.113	1	chr8-11571370-11574298	4
0.096605263456289	0.84355655498215	0.228	0.145	1	chr17-7581924-7585093	4
0.096868577280326	0.864603122294115	0.203	0.113	1	chr8-53692189-53693721	4
0.0970631586065213	0.679323596454287	0.232	0.129	1	chr10-19815232-19817949	4
0.09716102303133	0.623395304576265	0.307	0.21	1	chr1-227786071-227789243	4
0.0974649631716425	0.866776136752315	0.216	0.129	1	chr8-70666317-70670139	4
0.097744203919487	1.11445235864539	0.174	0.097	1	chr6-145962974-145965246	4
0.0981983264294331	0.787355914188011	0.212	0.113	1	chr6-132512388-132513846	4
0.0985449290501707	0.573525123091353	0.369	0.274	1	chr4-76211197-76216568	4
0.0986860053989001	1.08413588012558	0.162	0.081	1	chr4-1191574-1193332	4
0.098811657339361	0.636082532835466	0.282	0.177	1	chr1-234723238-234726011	4
0.098925312215741	0.962470511213657	0.166	0.081	1	chr1-43171233-43173139	4
0.0990090854960382	0.76233738565215	0.207	0.113	1	chr16-85523036-85525623	4
0.0997735881623555	1.05885153160372	0.162	0.081	1	chrX-9462614-9467175	4
0.0999524511077153	0.703957591960328	0.274	0.161	1	chr8-33511923-33514258	4
0.100132815289914	0.815031278746098	0.237	0.145	1	chr21-45511591-45514535	4
0.100295708400364	0.887657562925191	0.203	0.113	1	chr10-15167302-15169703	4
0.100547817614075	0.927796680025113	0.166	0.081	1	chr1-46401445-46402926	4
0.100570388818171	0.907793723059491	0.199	0.113	1	chr17-31580590-31582288	4
0.10103251280882	0.734653843781522	0.249	0.145	1	chr12-49264045-49266193	4
0.101042442956949	0.896860233905672	0.203	0.113	1	chr1-10673385-10678311	4
0.101167489784109	0.974343380227138	0.178	0.097	1	chr2-95303328-95306897	4
0.101167489784109	0.989441272233616	0.178	0.097	1	chr5-145981463-145982930	4
0.101257811964022	0.893497503699995	0.17	0.081	1	chr14-76653607-76654905	4
0.101262733798175	0.725965699897144	0.232	0.129	1	chr3-45617215-45618925	4
0.101348767638839	0.700088584134063	0.274	0.177	1	chr2-156331554-156335963	4
0.101406525383364	0.593171170748584	0.29	0.177	1	chr3-11769644-11771745	4
0.101557497861316	0.795339677173218	0.228	0.129	1	chr16-11296378-11298437	4
0.102277453569688	0.898194335641724	0.216	0.129	1	chr7-30172357-30174082	4
0.102744071423542	1.00933831578176	0.166	0.081	1	chr13-27965150-27966712	4
0.102802035507596	0.608692088219252	0.349	0.274	1	chr12-56633572-56638016	4
0.103509939358797	0.740026239808931	0.257	0.161	1	chr8-12753074-12758075	4
0.103823038638921	0.69219146971025	0.286	0.194	1	chr12-6372354-6378163	4
0.104125557700992	0.611394113454176	0.27	0.161	1	chr3-69738211-69740699	4
0.104219829182672	1.0191182498046	0.162	0.081	1	chr3-134650796-134652997	4
0.104219829182672	0.985947912952863	0.162	0.081	1	chr12-120468123-120470697	4
0.104259906062368	0.646277138061216	0.257	0.145	1	chr12-76763440-76765426	4
0.104819180360196	0.695661267630591	0.261	0.161	1	chr6-75746014-75750917	4
0.104916642564302	1.03617315411498	0.178	0.097	1	chr3-139939659-139942262	4
0.105116213165254	0.93803381768453	0.183	0.097	1	chr14-75198359-75201497	4
0.105371999461054	1.29011212182499	0.154	0.081	1	chr11-34153792-34157657	4
0.105825933245693	0.942421751265988	0.166	0.081	1	chr12-6312048-6313879	4
0.106109807708792	0.905101734818652	0.166	0.081	1	chr3-194096784-194098726	4
0.107108036525239	0.933832943509186	0.178	0.097	1	chr6-151833080-151834328	4
0.107158174242267	0.720566668711852	0.249	0.145	1	chr8-72778452-72779600	4
0.107429072922288	1.05300239719762	0.174	0.097	1	chr6-7260567-7262486	4
0.107636950165812	0.50094571963274	0.369	0.258	1	chr6-85640857-85645272	4
0.108096375312197	0.827521731495995	0.241	0.145	1	chr16-2085189-2090713	4
0.108600648384485	1.02735018065204	0.158	0.081	1	chr11-68340974-68343336	4
0.108775256936813	0.902395786019917	0.178	0.097	1	chr4-3779400-3782916	4
0.108822609678977	0.720147791918794	0.261	0.161	1	chr17-45315548-45317975	4
0.109332065876065	0.589247977386588	0.344	0.242	1	chr1-206684373-206694759	4
0.109562387020911	0.895610908152483	0.166	0.081	1	chr1-58814963-58817103	4
0.110527632784424	0.657633999964294	0.278	0.177	1	chr2-2660738-2664385	4
0.110792101332655	0.913232723857664	0.195	0.113	1	chr14-61438456-61439873	4
0.110980821711412	1.04523999689059	0.158	0.081	1	chr8-116324454-116325543	4
0.111182668854879	0.963957344321675	0.162	0.081	1	chr19-33024274-33027207	4
0.111186670909548	0.895989838025555	0.183	0.097	1	chr7-74083014-74086008	4
0.112186254906688	1.09459340586274	0.158	0.081	1	chr4-48375210-48376625	4
0.112967317173224	0.932125713078975	0.207	0.129	1	chr4-55544964-55547820	4
0.11358353763004	0.951766606143171	0.162	0.081	1	chr17-81991232-81993065	4
0.114283089764702	0.566569893261094	0.353	0.242	1	chr1-54881035-54888902	4
0.114356726163089	0.880134082400234	0.17	0.081	1	chr3-44109472-44111171	4
0.114571119802626	0.702671847119393	0.257	0.161	1	chr3-193592528-193594681	4
0.114628079305581	1.04761584020419	0.158	0.081	1	chr12-6866558-6870038	4
0.114799189322668	0.984543349421437	0.162	0.081	1	chr4-163165280-163167548	4
0.114821230441888	0.407705857063412	0.452	0.323	1	chr5-181187075-181194263	4
0.114867781072095	0.722977330692946	0.237	0.145	1	chr5-55822598-55825331	4
0.115104591690497	0.965983701998038	0.162	0.081	1	chr8-75406793-75409290	4
0.115135094307927	0.942934258698974	0.207	0.129	1	chr6-131649545-131653399	4
0.115285196046886	0.735493164247823	0.249	0.161	1	chr1-204409135-204412726	4
0.11541073740914	0.934329287469119	0.162	0.081	1	chr12-106245299-106248917	4
0.115564765129488	0.905935872274284	0.191	0.113	1	chr17-55432459-55434375	4
0.1160378742123	0.555858727752528	0.349	0.242	1	chr3-150544681-150548291	4
0.11663606488705	0.634665948966374	0.249	0.145	1	chr11-61693826-61697423	4
0.116662085333394	0.976871727869925	0.174	0.097	1	chr17-55238040-55239435	4
0.116917956109005	0.935918782313273	0.195	0.113	1	chr1-118100555-118102451	4
0.116942330879356	0.86853401479859	0.183	0.097	1	chr12-75784127-75785325	4
0.117308178382615	0.768101404043835	0.216	0.129	1	chr6-4133354-4136886	4
0.117530534844599	0.841681493552629	0.183	0.097	1	chr17-50531431-50534988	4
0.117651818598396	0.828086590449796	0.199	0.113	1	chr16-67922279-67924874	4
0.117710708598518	0.739084347164493	0.232	0.145	1	chr1-224203207-224206280	4
0.117823242577031	0.66727755515148	0.274	0.177	1	chr2-207767797-207770711	4
0.118064206684399	0.69521776425263	0.282	0.21	1	chr6-291044-293860	4
0.118303743038045	0.423644784244111	0.465	0.339	1	chr10-28676867-28686146	4
0.119210370630782	0.863740573299443	0.195	0.113	1	chr6-57171746-57174463	4
0.119294176888934	0.616284740462185	0.261	0.177	1	chr11-31508978-31510584	4
0.119619564748893	0.44267179921872	0.432	0.339	1	chr8-94941489-94952466	4
0.119732248870041	0.554800706876762	0.282	0.177	1	chr5-127516901-127518846	4
0.119824275338157	0.92141522365827	0.203	0.129	1	chr6-5456904-5458997	4
0.120542054185057	0.807083426732019	0.187	0.097	1	chr7-151459321-151460976	4
0.120915684376361	1.04374468789597	0.158	0.081	1	chr1-16235934-16238338	4
0.120932620962822	0.777981194213106	0.232	0.145	1	chr15-63500566-63507079	4
0.121094624119902	0.843038749786067	0.199	0.113	1	chr12-51047475-51049184	4
0.121353959379242	0.944420259197886	0.191	0.113	1	chr12-46382518-46384488	4
0.121835092442143	0.862562966417549	0.207	0.129	1	chr1-49346238-49347803	4
0.122059084775663	0.516707769404785	0.353	0.242	1	chr2-85537677-85549619	4
0.122565620842435	1.03997105341557	0.17	0.097	1	chr7-100874024-100875976	4
0.123344737878547	1.01110486757019	0.154	0.081	1	chr1-233112377-233113856	4
0.123344737878547	1.05381680922648	0.154	0.081	1	chr3-5873817-5875822	4
0.123669912247131	0.745559498192803	0.232	0.145	1	chr8-117991656-117993034	4
0.123851912722158	0.549762824505485	0.245	0.145	1	chr11-65114420-65120484	4
0.124011538874049	0.406431521653299	0.469	0.371	1	chr7-5522811-5533502	4
0.124615658545396	0.769498333708678	0.199	0.113	1	chr14-61537025-61539492	4
0.124667487960508	1.05969226922558	0.154	0.081	1	chr1-32350904-32352792	4
0.125332998388682	1.02161642689378	0.154	0.081	1	chr2-26766999-26770108	4
0.125390218225625	0.834997087285731	0.183	0.097	1	chr12-6551538-6554913	4
0.125873466518114	0.63454343341488	0.203	0.113	1	chr1-62783327-62785137	4
0.126299311918518	0.791427212009547	0.195	0.113	1	chr1-93877982-93880353	4
0.126314238760806	0.734803796182177	0.216	0.129	1	chr8-101391518-101394336	4
0.126507083845337	0.940279412634408	0.174	0.097	1	chr19-49865227-49868154	4
0.126672322991051	0.954309645980707	0.154	0.081	1	chr17-2023554-2026475	4
0.127164103993167	0.684287663359049	0.224	0.129	1	chr21-31730548-31734156	4
0.127260902049664	0.788030361954933	0.183	0.097	1	chr10-12405027-12407163	4
0.127424416229918	0.569167859653925	0.27	0.161	1	chr10-73816676-73820563	4
0.127610417718876	0.824800043182125	0.199	0.113	1	chr7-112422175-112425308	4
0.127782013496996	0.856463956970867	0.174	0.097	1	chr8-73877591-73880066	4
0.128266010367405	0.874614709821345	0.199	0.129	1	chr17-3894466-3897006	4
0.128702167775766	0.981854545900163	0.154	0.081	1	chr3-16842201-16843450	4
0.128702167775766	1.04766599085001	0.154	0.081	1	chr8-118951282-118952761	4
0.128702167775766	0.961869890947782	0.154	0.081	1	chr14-35335230-35337713	4
0.12881342138535	0.925935562455841	0.158	0.081	1	chr20-24034360-24035396	4
0.128869635531109	0.649989922594479	0.203	0.113	1	chr4-68864178-68866456	4
0.129489249893672	0.91602492930709	0.158	0.081	1	chr7-5780411-5782268	4
0.129591578793693	0.944562466242317	0.17	0.097	1	chr12-91817132-91819567	4
0.129604113144073	0.628093520293618	0.29	0.194	1	chr12-12713456-12719210	4
0.129660580676568	0.910965997882822	0.187	0.113	1	chr5-172658883-172661051	4
0.129712961126131	0.880339200658288	0.174	0.097	1	chr8-27583293-27585314	4
0.130069379190486	0.985348007619498	0.154	0.081	1	chr17-49514983-49516462	4
0.130419836525288	0.752511241850544	0.216	0.129	1	chr6-108944770-108948797	4
0.130421117716113	0.854874588473108	0.178	0.097	1	chr14-102214761-102216409	4
0.131271216137179	0.593606172159048	0.278	0.177	1	chr2-186589060-186591593	4
0.131335132891951	0.984422022331037	0.183	0.113	1	chr7-74464700-74468163	4
0.131533261981154	0.905768077404266	0.158	0.081	1	chr1-52032399-52034236	4
0.131994176793593	0.893180566396684	0.174	0.097	1	chr19-8306815-8309015	4
0.132047825089553	0.767427479154739	0.212	0.129	1	chr6-136821876-136823668	4
0.132177014755112	0.760582684634561	0.166	0.081	1	chr3-151304576-151305819	4
0.132214777195114	0.649835032097356	0.245	0.145	1	chr1-206555236-206560716	4
0.132222639583746	0.963518294373017	0.17	0.097	1	chr16-85349290-85351614	4
0.132820798027895	0.835934118545516	0.187	0.113	1	chr1-225823415-225827067	4
0.132886827247196	1.00508927074684	0.17	0.097	1	chr3-56810779-56814153	4
0.132991272608734	0.69712442302395	0.237	0.145	1	chr4-184812479-184818232	4
0.13429729373815	0.940779953895814	0.158	0.081	1	chr5-35129455-35130640	4
0.13434492342699	0.799754744364294	0.195	0.113	1	chr7-92244744-92247338	4
0.134943520738657	0.946694299751573	0.154	0.081	1	chr1-95640472-95642622	4
0.134961481496641	0.764622497821203	0.183	0.097	1	chr20-62227525-62229159	4
0.135436938725302	0.960414682503754	0.166	0.097	1	chr1-58884605-58886656	4
0.135651201657453	1.03795430353615	0.154	0.081	1	chr1-179877235-179878322	4
0.135696220075325	0.880434642449635	0.158	0.081	1	chr10-110915653-110917220	4
0.136293833561134	0.754004450428164	0.199	0.113	1	chr9-133333670-133336925	4
0.136506685065208	0.444501051997583	0.415	0.306	1	chr16-89559344-89566732	4
0.136698129358249	0.623922736942364	0.241	0.145	1	chr6-113969454-113972317	4
0.136819454201382	0.852773898906025	0.191	0.113	1	chr11-57776954-57780012	4
0.136987390798014	0.851774975069956	0.174	0.097	1	chr8-9101754-9103516	4
0.137059083509873	0.63925062041704	0.249	0.161	1	chr3-39106045-39108548	4
0.137236572827991	0.764241431212752	0.228	0.145	1	chr5-141635868-141638483	4
0.137570698684852	0.758949974763495	0.199	0.113	1	chr1-171342739-171345003	4
0.137606848532571	0.727006280908177	0.183	0.097	1	chr10-21172191-21175687	4
0.137793126723934	0.521511897657533	0.332	0.242	1	chr3-195892553-195898425	4
0.138119571797889	0.848273679960798	0.191	0.113	1	chr12-26124581-26127021	4
0.138206935278438	0.67037916411708	0.266	0.177	1	chr1-148333547-148335654	4
0.138444124785573	0.857228823863673	0.203	0.129	1	chr14-91163028-91165623	4
0.138510618282673	0.96236921588287	0.154	0.081	1	chr6-57046194-57047130	4
0.138940834146188	0.715738358619731	0.216	0.129	1	chr21-36155262-36158666	4
0.139024660452771	0.709767027539063	0.22	0.129	1	chr2-240564817-240569710	4
0.139573629682117	0.99399962062047	0.166	0.097	1	chr11-124536333-124538770	4
0.139894390744444	0.817165943028661	0.162	0.081	1	chr17-9684599-9686188	4
0.140087573108704	0.860624455119449	0.191	0.113	1	chr1-226675154-226678090	4
0.140396250331588	0.882949728089726	0.174	0.097	1	chr10-18139888-18142221	4
0.140685485482625	0.983838155404325	0.154	0.081	1	chr1-201500245-201502953	4
0.140685485482625	0.937138949928676	0.154	0.081	1	chr4-1850926-1853639	4
0.140685485482625	0.928535852420961	0.154	0.081	1	chr17-2017323-2019238	4
0.141678057986867	0.93241135604484	0.166	0.097	1	chr6-139027708-139029935	4
0.141678057986867	0.958035744275921	0.166	0.097	1	chr10-70381402-70383309	4
0.142104118354934	0.639182944350876	0.253	0.161	1	chr16-30063526-30067679	4
0.142369976684575	0.65867588140732	0.249	0.161	1	chr20-49045583-49047989	4
0.14296848486489	0.659011998452369	0.257	0.177	1	chr3-33113232-33115006	4
0.143370647459275	0.704200243728784	0.203	0.113	1	chr20-25279402-25280988	4
0.143626036839116	0.929410941995845	0.154	0.081	1	chr5-131671203-131673820	4
0.144246762168053	0.498852700750181	0.315	0.21	1	chr3-136249705-136252157	4
0.144326550099375	0.768830078887943	0.158	0.081	1	chrY-12660856-12664160	4
0.144521775887682	0.981578899001694	0.166	0.097	1	chr6-108676344-108678778	4
0.145288757036133	0.869618109947497	0.17	0.097	1	chr6-101665822-101666986	4
0.145606226250564	0.324087914450075	0.56	0.419	1	chr1-37473252-37487979	4
0.145949018240572	0.894749360538941	0.183	0.113	1	chr11-65491395-65495006	4
0.145985632031425	0.836031173047714	0.174	0.097	1	chr6-169750954-169753260	4
0.146503539466629	0.737188289408261	0.212	0.129	1	chr1-5597046-5599160	4
0.146613499194172	0.914953987117008	0.154	0.081	1	chr6-129500808-129502326	4
0.146696115326304	0.804685024307976	0.174	0.097	1	chr2-138500933-138503504	4
0.146748464430098	0.879470115573147	0.187	0.113	1	chr17-22310533-22311715	4
0.146886020977328	0.826891899407492	0.203	0.129	1	chr9-34664191-34666604	4
0.147263858518218	0.633719503913766	0.22	0.129	1	chr10-79410705-79412447	4
0.147409240475317	0.748807510830152	0.174	0.097	1	chr19-58498110-58500180	4
0.147488498016384	0.792840388658469	0.191	0.113	1	chr7-120841915-120842840	4
0.147974003905331	0.663890678891966	0.232	0.145	1	chr12-46370913-46373511	4
0.148590314959973	0.51883574908704	0.332	0.258	1	chr16-84013511-84014885	4
0.148734953228279	0.890450270395484	0.183	0.113	1	chr5-55306356-55308873	4
0.148734953228279	0.873388595091001	0.183	0.113	1	chr20-19885843-19891534	4
0.149523670633676	0.794726390403983	0.187	0.113	1	chr7-105005966-105007482	4
0.149561097269345	0.745885038611236	0.203	0.129	1	chr17-38741348-38744241	4
0.149648265441507	0.886702620477479	0.154	0.081	1	chr9-121266635-121269543	4
0.150105050814856	0.617018710453444	0.261	0.177	1	chr1-159899139-159901714	4
0.150414393810751	0.841836673531427	0.154	0.081	1	chr11-59024621-59026155	4
0.152103245352855	0.660358082527623	0.203	0.113	1	chr14-102507919-102511283	4
0.152273377409316	0.742466050855337	0.203	0.129	1	chr8-66924215-66926154	4
0.152351503624642	0.75427448717086	0.191	0.113	1	chr7-5045245-5046785	4
0.152397947049751	0.73402649846611	0.207	0.129	1	chr11-34274223-34275964	4
0.152465605712272	0.564577146979248	0.232	0.145	1	chr1-228099259-228105593	4
0.152478830468282	0.674641783887026	0.212	0.129	1	chr12-49129518-49132494	4
0.152551648810456	0.819310471264101	0.17	0.097	1	chr21-45554463-45556546	4
0.153048775943083	0.744522518040757	0.187	0.113	1	chrX-70132200-70134646	4
0.153209962167026	0.78174212493284	0.174	0.097	1	chr12-26273667-26275364	4
0.153253525545395	0.589977133287333	0.237	0.145	1	chr12-48715123-48717818	4
0.153599906399066	0.917075470038213	0.178	0.113	1	chr1-164601092-164604503	4
0.154819933369311	0.970875183657399	0.166	0.097	1	chr6-35725528-35729446	4
0.15583487311594	0.749002671944804	0.195	0.113	1	chr7-100672881-100676764	4
0.155853371854402	0.55710305662884	0.303	0.21	1	chr19-796524-802894	4
0.15628505584216	0.816767805330658	0.17	0.097	1	chr7-155916978-155919860	4
0.156294750213252	0.643095932264842	0.253	0.161	1	chr9-124867743-124873283	4
0.156564234678112	0.686018203187902	0.212	0.129	1	chr7-27739171-27741741	4
0.156714092613124	0.62897859487457	0.224	0.145	1	chr16-2691368-2693916	4
0.156762486259738	0.584230943512702	0.274	0.194	1	chr3-30904107-30906343	4
0.156922594078963	0.79546165572832	0.174	0.097	1	chr18-24396659-24398668	4
0.157216661498271	0.616337917881363	0.266	0.194	1	chr3-42589737-42591757	4
0.157253131764994	0.663125360982485	0.212	0.129	1	chr6-125985348-125987602	4
0.157797833986055	0.831333528048988	0.17	0.097	1	chr19-2235037-2238109	4
0.157976239273642	0.704392096452379	0.195	0.113	1	chr1-226697047-226699233	4
0.158240931978148	0.867605215289112	0.154	0.081	1	chr6-109439475-109442158	4
0.158782084749519	0.71402946705304	0.191	0.113	1	chr4-40189822-40192748	4
0.159182681977418	0.773983288602931	0.174	0.097	1	chr10-15013178-15014388	4
0.159275790931687	0.673878721034607	0.241	0.161	1	chr14-29923744-29928748	4
0.159936215976911	0.610972606300723	0.241	0.161	1	chr5-16934533-16937528	4
0.160087592189601	0.808994272261672	0.17	0.097	1	chr2-101112783-101115342	4
0.160372633483346	0.583137826726076	0.27	0.177	1	chr8-33565935-33567901	4
0.160703034300681	0.728380229922777	0.174	0.097	1	chr6-111604219-111607305	4
0.161946730820641	0.670467381028515	0.22	0.145	1	chr1-245257790-245261098	4
0.163082673426642	0.796765721299409	0.154	0.081	1	chr4-2929555-2932103	4
0.16315514054269	0.529543370049048	0.266	0.177	1	chr5-149344517-149346865	4
0.16315514054269	0.558442404331028	0.266	0.177	1	chr11-61488142-61490805	4
0.163269347442795	0.601640458265691	0.241	0.161	1	chr2-191677214-191679221	4
0.163537116260828	0.722167759038211	0.178	0.097	1	chr7-157336205-157338582	4
0.163805009283173	0.621330501325113	0.232	0.145	1	chr1-40039075-40041744	4
0.163885948773724	0.574545593132329	0.237	0.145	1	chr16-3263301-3265247	4
0.163942316273214	0.638291510748102	0.241	0.161	1	chr6-93416724-93420240	4
0.165619009742382	0.682886095915514	0.224	0.145	1	chr7-110534084-110535390	4
0.165669705120868	0.71160452756268	0.203	0.129	1	chr19-10402388-10405008	4
0.166278409777378	0.656826110711889	0.245	0.161	1	chr11-61698849-61701947	4
0.166316352599338	0.79276725546401	0.17	0.097	1	chr2-18824051-18825272	4
0.166316352599338	0.850450918135467	0.17	0.097	1	chr12-109484710-109486050	4
0.166365235237764	0.688836393688675	0.212	0.145	1	chr3-46970141-46971508	4
0.167513630190259	0.798053816186997	0.191	0.129	1	chr3-197539321-197542460	4
0.167793635800439	0.8777059070824	0.174	0.113	1	chr12-120115783-120118998	4
0.168351033316864	0.474831421385751	0.361	0.274	1	chr6-151388787-151393127	4
0.168698541556606	0.742683807673081	0.17	0.097	1	chr3-37594575-37596200	4
0.169073659314496	0.639187653133563	0.237	0.161	1	chr16-87852952-87856896	4
0.16926167271093	0.69551502988014	0.174	0.097	1	chr12-96906718-96908611	4
0.169533343890149	0.583207529771815	0.29	0.21	1	chr1-193103818-193106292	4
0.170082533818697	0.749342711693346	0.187	0.113	1	chr5-127956861-127961334	4
0.170553562171867	0.734907824890594	0.154	0.081	1	chr14-32509447-32510369	4
0.170651177536691	0.485497472902392	0.303	0.21	1	chr11-34636894-34643465	4
0.170708877419405	0.486444570179798	0.286	0.194	1	chr4-82490861-82492402	4
0.170968321872641	0.788038084295747	0.178	0.113	1	chr7-70693474-70695657	4
0.171484979765954	0.402082295225281	0.382	0.29	1	chr16-85552622-85560138	4
0.171568436583347	0.698929960099051	0.203	0.129	1	chr5-51382670-51384203	4
0.171568436583347	0.678093793004529	0.203	0.129	1	chr7-140506491-140507598	4
0.171628352322715	0.719396219777076	0.187	0.113	1	chr16-89300202-89302542	4
0.171755542657328	0.856901108697913	0.178	0.113	1	chr7-129610759-129613400	4
0.172391617021522	0.667893045725208	0.216	0.145	1	chr2-241354620-241358059	4
0.17240519399322	0.702967436874828	0.187	0.113	1	chr8-17320237-17322516	4
0.17240519399322	0.733907581912723	0.187	0.113	1	chr22-46006125-46008716	4
0.173029349629385	0.622043106714183	0.191	0.113	1	chr6-152301264-152302712	4
0.173080482914019	0.87733878355087	0.162	0.097	1	chr12-47818933-47821217	4
0.173594052906391	0.672083049345402	0.195	0.113	1	chr16-73015159-73017869	4
0.173756669456613	0.773924687042897	0.166	0.097	1	chr12-125064566-125066558	4
0.173756669456613	0.789810284287295	0.166	0.097	1	chr22-41020811-41023160	4
0.173910766152411	0.805695496975137	0.162	0.097	1	chrX-40580056-40581723	4
0.17458168662123	0.805843476904415	0.166	0.097	1	chr14-77707018-77709624	4
0.175409624828038	0.75827969283808	0.166	0.097	1	chr1-147540270-147543606	4
0.175662683374569	0.64916170687491	0.183	0.113	1	chr3-186097337-186099619	4
0.17624048878825	0.792035693963513	0.166	0.097	1	chr12-86264669-86265755	4
0.177074283189996	0.769961526244942	0.166	0.097	1	chr11-64802756-64804398	4
0.177258905886739	0.748810369789663	0.183	0.113	1	chr6-3067968-3069813	4
0.177407052153256	0.774181519819402	0.154	0.081	1	chr1-222104614-222106006	4
0.177860024919797	0.522038634939509	0.286	0.21	1	chr22-50303489-50308226	4
0.178106854890623	0.866359165145659	0.162	0.097	1	chr3-73270339-73271685	4
0.178562913584729	0.52418590540681	0.266	0.177	1	chr2-189783158-189785717	4
0.178654532860639	0.788777924725814	0.191	0.129	1	chrX-7131380-7133118	4
0.178830460472308	0.578235646082595	0.22	0.145	1	chr3-102237121-102239277	4
0.179092880917007	0.922414643016585	0.158	0.097	1	chr6-95576486-95578548	4
0.17935301050774	0.599689118708946	0.253	0.177	1	chr2-70140836-70143968	4
0.17956058293073	0.603024836062094	0.249	0.177	1	chr10-132064420-132067481	4
0.179811903558614	0.926269550690153	0.17	0.113	1	chr5-109327190-109330466	4
0.180154805107058	0.698540145381302	0.17	0.097	1	chr17-50903656-50905827	4
0.180438858157317	0.800685777712051	0.166	0.097	1	chr1-109739492-109741217	4
0.180660419073261	0.796693709999136	0.162	0.097	1	chr5-17325883-17327257	4
0.180859304723841	0.597628303956384	0.228	0.145	1	chr6-82246292-82248838	4
0.181517620741956	0.830739877280904	0.162	0.097	1	chr17-44218076-44224145	4
0.181900641238652	0.661187432089875	0.212	0.145	1	chr7-233924-236631	4
0.182305891911429	0.473637499104617	0.336	0.258	1	chr11-22624546-22626528	4
0.182377837014327	0.85709512924799	0.162	0.097	1	chr19-2976536-2978395	4
0.183089118830047	0.685655006963914	0.199	0.129	1	chr1-43858025-43859165	4
0.183114506114982	0.59507980931035	0.266	0.194	1	chr6-99513912-99516531	4
0.184575760858249	0.721336834939043	0.183	0.113	1	chr7-140912747-140913993	4
0.186282576466075	0.757118316032221	0.195	0.129	1	chr1-235159975-235162239	4
0.187069136874331	0.668369439822436	0.199	0.129	1	chr16-87316684-87318688	4
0.187252405847421	0.519305244846566	0.274	0.194	1	chr4-186189766-186192948	4
0.187668914254042	0.711367185728554	0.187	0.113	1	chr21-37071663-37074639	4
0.187818819632857	0.634112780815312	0.17	0.097	1	chr1-52140859-52143235	4
0.189795727582617	0.656359503791918	0.216	0.145	1	chr14-92972483-92975107	4
0.190298875989417	0.689240121088223	0.199	0.129	1	chr17-81665436-81667576	4
0.190337710781302	0.564829970381232	0.195	0.113	1	chr1-217088997-217090748	4
0.191301256751711	0.674186270498282	0.17	0.097	1	chr5-113487362-113489364	4
0.191701572958866	0.715079636793104	0.166	0.097	1	chr1-61182878-61185870	4
0.192087153939305	0.504603012112503	0.266	0.177	1	chr5-107569610-107574679	4
0.192283202381028	0.528475603152258	0.212	0.129	1	chr1-212979783-212982864	4
0.193143510192904	0.60123041676316	0.237	0.161	1	chr5-132385261-132389094	4
0.193204100053842	0.600150664687114	0.191	0.113	1	chr14-57389460-57392061	4
0.1933520459345	0.80123124591653	0.174	0.113	1	chr16-17303045-17305357	4
0.194710413044894	0.384603371172425	0.402	0.323	1	chr1-246930003-246932833	4
0.195237879872848	0.637412181945751	0.187	0.113	1	chr21-32611082-32613877	4
0.195275396584773	0.815391799959767	0.154	0.097	1	chr20-35262915-35265069	4
0.196093217723398	0.474866228455938	0.295	0.21	1	chr17-78171277-78177740	4
0.196534031035754	0.44453831333724	0.34	0.242	1	chr11-64184420-64187391	4
0.196847791686715	0.796564571741395	0.174	0.113	1	chr6-166954830-166957424	4
0.196999829533918	0.560729295586718	0.237	0.161	1	chr7-105531400-105533082	4
0.197467145280582	0.74384689025805	0.162	0.097	1	chr8-68828611-68831065	4
0.197563364930055	0.487846144042563	0.266	0.194	1	chr7-87933529-87935282	4
0.197663367539582	0.501183996215355	0.261	0.177	1	chr5-1384836-1387901	4
0.198052297655202	0.584413553964195	0.282	0.226	1	chr6-152982103-152985124	4
0.198558039733554	0.600537584804197	0.237	0.161	1	chr14-89184467-89187395	4
0.198659377393826	0.729646814686017	0.195	0.129	1	chr17-1480383-1483032	4
0.199505380493141	0.70167405672813	0.195	0.129	1	chr1-153945211-153947338	4
0.199661987968449	0.790032548284092	0.17	0.113	1	chr1-201494053-201496935	4
0.200067202929561	0.641427971509446	0.203	0.129	1	chr10-104328341-104332875	4
0.200752139615124	0.602602618825069	0.183	0.113	1	chr1-179292155-179294521	4
0.202018408169081	0.557988218339377	0.245	0.161	1	chr20-56357833-56360901	4
0.202227444073443	0.497531413779379	0.253	0.177	1	chr1-70353366-70355415	4
0.202573833096842	0.699343998428883	0.191	0.129	1	chr17-77449637-77452825	4
0.202589587310816	0.595669950204968	0.203	0.129	1	chr19-58394331-58396556	4
0.203028319020737	0.6128587407057	0.187	0.113	1	chr3-14989872-14991544	4
0.203271615547255	0.901838602147154	0.17	0.113	1	chr5-180828765-180833157	4
0.203398100606697	0.681147871859945	0.183	0.113	1	chr17-40489645-40491426	4
0.203423530277702	0.645590810776458	0.212	0.145	1	chr3-159626440-159628381	4
0.203732581280365	0.521085321422997	0.261	0.177	1	chr5-80250622-80257083	4
0.203939085052309	0.731888022105307	0.162	0.097	1	chr1-1356632-1362614	4
0.204446055175525	0.488115870091589	0.369	0.323	1	chr1-234956838-234964911	4
0.206048075656266	0.716142885607096	0.191	0.129	1	chr16-1342379-1344113	4
0.206282392207427	0.450417389275537	0.299	0.21	1	chr3-24491597-24496274	4
0.20658021976422	0.565527796007725	0.207	0.129	1	chr10-73572338-73578529	4
0.206594039858046	0.907329440482122	0.154	0.097	1	chr1-33985426-33987160	4
0.206844914358181	0.594120419741832	0.203	0.129	1	chr1-111947878-111949614	4
0.206928528191039	0.845161114076265	0.17	0.113	1	chr1-84297097-84303766	4
0.207259528621516	0.544014936977037	0.257	0.177	1	chr6-167750425-167752085	4
0.207612315922661	0.664621070906847	0.174	0.113	1	chr4-54658216-54660095	4
0.208149777272527	0.764069133214692	0.158	0.097	1	chr2-88054229-88056423	4
0.208320873366091	0.696699765078796	0.187	0.129	1	chr14-72499989-72501996	4
0.208528268015585	0.778922098260467	0.174	0.113	1	chr2-197704542-197707949	4
0.208727448924089	0.664569613881722	0.228	0.177	1	chr20-3845542-3847901	4
0.208985619037616	0.648741595835496	0.195	0.129	1	chr8-82129418-82130802	4
0.209427745963117	0.572358221171806	0.17	0.097	1	chr17-18313724-18316070	4
0.210543019821828	0.55471571976901	0.199	0.129	1	chr12-64450107-64453461	4
0.2105636839048	0.475437926021494	0.232	0.145	1	chr17-36543683-36546482	4
0.211448324164988	0.79866030893293	0.154	0.097	1	chr4-40922118-40924943	4
0.211848061420959	0.648950002384533	0.212	0.145	1	chr6-53651089-53652853	4
0.2120094933953	0.748053449136947	0.158	0.097	1	chr19-46859670-46862627	4
0.212512653274511	0.641462491552714	0.195	0.129	1	chr1-206634188-206636352	4
0.212541995893482	0.481859935277296	0.286	0.21	1	chr6-129708796-129710922	4
0.212803794768868	0.714567782175622	0.178	0.113	1	chr4-88318143-88321619	4
0.212910827337093	0.627765392978807	0.203	0.129	1	chr8-101231592-101234590	4
0.213971682945498	0.377592756006111	0.261	0.161	1	chr1-201695014-201697615	4
0.214292206327824	0.656766984200455	0.195	0.129	1	chr16-2222970-2225276	4
0.215021912744715	0.712728940161642	0.174	0.113	1	chr12-80935757-80938033	4
0.21502203311976	0.748200260918355	0.174	0.113	1	chr10-32980041-32982336	4
0.215321089168762	0.640909649131301	0.232	0.161	1	chr6-42928441-42930777	4
0.216519891840288	0.734791310884128	0.178	0.113	1	chr12-57844270-57847596	4
0.216712183704467	0.570667721743639	0.232	0.177	1	chr5-65984033-65987543	4
0.216906520912075	0.692613330621734	0.158	0.097	1	chr4-15149378-15150928	4
0.21712874687954	0.511471294770501	0.237	0.161	1	chr17-83050626-83054124	4
0.21788349841179	0.577114440698758	0.195	0.129	1	chr22-19477578-19480431	4
0.218298628004614	0.437755755263641	0.228	0.145	1	chr8-81719768-81721953	4
0.218324429172676	0.695703337059597	0.162	0.097	1	chr16-89410390-89411683	4
0.218688088766563	0.481757115668984	0.261	0.177	1	chr1-213014603-213016556	4
0.218887947009312	0.688862830832166	0.158	0.097	1	chr7-133863249-133864464	4
0.219883520731678	0.738997402913964	0.158	0.097	1	chr20-5949612-5951393	4
0.219970253057876	0.505333461966124	0.266	0.194	1	chr1-204285612-204288733	4
0.220307078160489	0.495556724695139	0.257	0.194	1	chr7-27344477-27348170	4
0.220382391775242	0.759455456871763	0.158	0.097	1	chr7-102463891-102465849	4
0.220521881497881	0.570204070962308	0.212	0.145	1	chr1-246582198-246585815	4
0.220703072562524	0.673599059178481	0.174	0.113	1	chr16-69057277-69058964	4
0.221402875682825	0.783607442892877	0.154	0.097	1	chr7-25949622-25952039	4
0.221884407330529	0.695723277636644	0.158	0.097	1	chr17-82331477-82335712	4
0.221934775073699	0.355619418124105	0.407	0.339	1	chr2-20446624-20451574	4
0.222138325309615	0.60537344175646	0.199	0.129	1	chr14-91889129-91890446	4
0.222280802328173	0.734387928698474	0.162	0.097	1	chr15-76160751-76164071	4
0.222620460529895	0.673646786809593	0.174	0.113	1	chr12-132776448-132778205	4
0.222620460529895	0.807763650296967	0.174	0.113	1	chr14-79324569-79326798	4
0.224125154230214	0.486457859740519	0.257	0.177	1	chr5-50440211-50442149	4
0.224951517220148	0.737892614433869	0.17	0.113	1	chr4-145481029-145483819	4
0.225195442265977	0.600209881254246	0.195	0.129	1	chr10-60942322-60944527	4
0.226013900260612	0.673750239654423	0.178	0.113	1	chr6-162725604-162728532	4
0.22648354268599	0.482016281866412	0.22	0.145	1	chr10-102151437-102154247	4
0.226504218682573	0.769359205503787	0.154	0.097	1	chr1-39407505-39409850	4
0.226504218682573	0.840009813842141	0.154	0.097	1	chr6-53547172-53548846	4
0.227534470043277	0.733561689473158	0.154	0.097	1	chr1-235082973-235084570	4
0.227712855158161	0.638051580851835	0.207	0.145	1	chr6-160990918-160993232	4
0.227947824741287	0.566986244683825	0.178	0.113	1	chr17-45972858-45974489	4
0.228444089573007	0.670937175271332	0.174	0.113	1	chr4-74444666-74446007	4
0.228568057001065	0.755169739159549	0.154	0.097	1	chr6-79544780-79545582	4
0.229425024981845	0.675606095276632	0.174	0.113	1	chrX-153969549-153973745	4
0.229584686827402	0.625293329922253	0.166	0.097	1	chr11-134330777-134333003	4
0.230645251108108	0.747280746333174	0.154	0.097	1	chr5-147668623-147670061	4
0.230925339612055	0.503381902375363	0.274	0.21	1	chr11-57310588-57313369	4
0.231688864864431	0.736628840068926	0.154	0.097	1	chr12-19438988-19441176	4
0.232386296089487	0.633012184048461	0.174	0.113	1	chr3-127597639-127599332	4
0.232568871576763	0.34979866299591	0.419	0.339	1	chr8-101577419-101585046	4
0.232615414307943	0.404626424558473	0.278	0.21	1	chr7-98280283-98285547	4
0.232626868484951	0.578842220575237	0.166	0.097	1	chr20-62141415-62144877	4
0.23295469517341	0.33513617823593	0.407	0.355	1	chr17-74756743-74762368	4
0.233078438434937	0.491619479603092	0.253	0.177	1	chr8-106656926-106659158	4
0.233646373244867	0.366190699297785	0.299	0.21	1	chr12-107091819-107094587	4
0.23393308718852	0.502501437029739	0.253	0.177	1	chr12-12559869-12564452	4
0.234552481968284	0.619821990135899	0.216	0.161	1	chr8-144136325-144138902	4
0.234819815101086	0.469759230143271	0.303	0.242	1	chr8-133849990-133852811	4
0.235381620372548	0.378558721345499	0.349	0.258	1	chr2-24075671-24078289	4
0.236376540793121	0.67460397696159	0.174	0.113	1	chr15-25859653-25861320	4
0.236957229431492	0.730712965449664	0.154	0.097	1	chr2-98907934-98910305	4
0.237359584350414	0.771450865467495	0.166	0.113	1	chr3-125001435-125004287	4
0.238362061179643	0.671071010548131	0.158	0.097	1	chr1-41432070-41433352	4
0.239088104937547	0.706320694880932	0.154	0.097	1	chr1-118116179-118119565	4
0.239400851913959	0.638121644339217	0.174	0.113	1	chr1-222464567-222466166	4
0.239554850732127	0.421326325314874	0.324	0.242	1	chr19-49148549-49152549	4
0.240080714336959	0.486603812794945	0.278	0.21	1	chr12-120228037-120232589	4
0.240158596914378	0.671649124414659	0.154	0.097	1	chr6-6686553-6690143	4
0.240739390958797	0.619433435723147	0.191	0.129	1	chr8-97642972-97646447	4
0.241166095791714	0.531586741422736	0.245	0.177	1	chr10-116848376-116850677	4
0.241815807711784	0.527633006862264	0.178	0.113	1	chr3-24286824-24289428	4
0.241989843011818	0.432347982445218	0.266	0.194	1	chr12-43757805-43760862	4
0.242004428351834	0.756518447811707	0.17	0.113	1	chr12-69584935-69586423	4
0.242056262142437	0.588024833426973	0.22	0.161	1	chr7-134890369-134892450	4
0.242572735435205	0.443150922358633	0.274	0.194	1	chr6-157020453-157023483	4
0.243313005033336	0.445737725876801	0.212	0.145	1	chr11-108592496-108594447	4
0.243390324905976	0.701975887246558	0.154	0.097	1	chr8-98291435-98295142	4
0.245455029667383	0.524779534867434	0.253	0.194	1	chr11-65536674-65542133	4
0.245652981286074	0.728401906040444	0.166	0.113	1	chr11-63680829-63683510	4
0.245836202302686	0.614173102274292	0.158	0.097	1	chr12-122887342-122889407	4
0.245836202302686	0.661569603003566	0.158	0.097	1	chr14-67599393-67600747	4
0.246131858091814	0.494941009490627	0.253	0.177	1	chr20-40286235-40288075	4
0.246202109936234	0.590099365688618	0.195	0.129	1	chr1-107056206-107057908	4
0.246391676369411	0.483617593674263	0.187	0.113	1	chr7-74656190-74659247	4
0.246848904954625	0.548790347459951	0.232	0.161	1	chr9-130444138-130448414	4
0.247505249509011	0.466632194992668	0.22	0.145	1	chr2-178449691-178451730	4
0.248518943869571	0.45252292368133	0.282	0.21	1	chr7-100886232-100891171	4
0.249089191317903	0.633452848289949	0.158	0.097	1	chr13-51801528-51804827	4
0.249154099283309	0.481796630425182	0.257	0.194	1	chr6-79076212-79080133	4
0.249981179168229	0.577750678942564	0.212	0.145	1	chr16-11255247-11257866	4
0.250401406876151	0.518772299735899	0.237	0.177	1	chr1-184050586-184052749	4
0.250401406876151	0.538034735453894	0.237	0.177	1	chr19-1256549-1263050	4
0.250490411589981	0.481807803222144	0.237	0.161	1	chr4-24470231-24473822	4
0.251084059098942	0.572032392340473	0.187	0.129	1	chr12-56298975-56301200	4
0.251416756026675	0.511309340485356	0.162	0.097	1	chr16-80540143-80541455	4
0.252157272710392	0.675650238854967	0.154	0.097	1	chr3-15891971-15894656	4
0.252372153692062	0.590314269460824	0.158	0.097	1	chr8-15701616-15703221	4
0.252377357890697	0.495923382977305	0.261	0.194	1	chr6-122609596-122611763	4
0.252445525951983	0.464093484591596	0.29	0.226	1	chr21-32770540-32773350	4
0.253268289368019	0.679097884084943	0.154	0.097	1	chr19-11155278-11156428	4
0.253353133193147	0.529436703581851	0.183	0.113	1	chr10-131960656-131964646	4
0.253767319550738	0.412516461716405	0.328	0.274	1	chr6-139369491-139377258	4
0.254095112131605	0.359713580285736	0.415	0.339	1	chr19-2039931-2052931	4
0.254320268540483	0.615303429481433	0.203	0.145	1	chr1-100485326-100487009	4
0.254551052469746	0.634501593441827	0.183	0.129	1	chr4-81471009-81472835	4
0.255127738094498	0.542381527701396	0.216	0.161	1	chr3-49785654-49787397	4
0.256199955031252	0.505915405338223	0.228	0.161	1	chr1-202887874-202889694	4
0.256298396079673	0.549944380288514	0.203	0.145	1	chr12-57693334-57695052	4
0.256622338591443	0.583235525373297	0.154	0.097	1	chr10-114937714-114939678	4
0.256775965028866	0.524362959985236	0.212	0.145	1	chr10-92572709-92575420	4
0.258094916767522	0.51991657442057	0.22	0.161	1	chr3-48186626-48189143	4
0.258119925604951	0.380460923283224	0.261	0.177	1	chr11-32583044-32585522	4
0.258633281366215	0.505255537125772	0.199	0.129	1	chr17-7011747-7015710	4
0.258999574384043	0.575673066572465	0.216	0.161	1	chr9-127566150-127570389	4
0.259060793853156	0.53589643825144	0.22	0.161	1	chr12-6469976-6471550	4
0.259440225527795	0.50932001765593	0.178	0.113	1	chr1-68495367-68497909	4
0.260149329073693	0.588732541296175	0.158	0.097	1	chr1-179814259-179816672	4
0.260149329073693	0.547268007664295	0.158	0.097	1	chr17-28345600-28348057	4
0.26103043896718	0.597868028640597	0.17	0.113	1	chr4-185202307-185205221	4
0.26103043896718	0.681314404330457	0.17	0.113	1	chr12-46267380-46269655	4
0.261290383975603	0.588133256105207	0.203	0.145	1	chr2-26770727-26773233	4
0.261535323739609	0.453711341990923	0.253	0.177	1	chr16-4691159-4697236	4
0.261570728196945	0.551051125460453	0.178	0.113	1	chr19-29389030-29390351	4
0.262280472717033	0.66266622261153	0.154	0.097	1	chr2-237085045-237086513	4
0.263422362157482	0.646635251828654	0.154	0.097	1	chr2-135049720-135053235	4
0.263713293249451	0.557109104473249	0.178	0.113	1	chr6-127458263-127460277	4
0.264589978563879	0.385277525004817	0.27	0.194	1	chr1-220747322-220749400	4
0.264932171964665	0.525993472438578	0.183	0.113	1	chr21-32660566-32661928	4
0.26512013844911	0.376019464633091	0.344	0.258	1	chr1-201510724-201513590	4
0.265572853812627	0.555066494737909	0.245	0.194	1	chr14-77096409-77100197	4
0.265716420537288	0.675467670655697	0.154	0.097	1	chr10-131979448-131982743	4
0.266756964794392	0.635127605157985	0.174	0.113	1	chr20-51749594-51751009	4
0.266946236084734	0.600223827860416	0.158	0.097	1	chr4-4618386-4620286	4
0.267268890489242	0.637757187008722	0.166	0.113	1	chr19-40420539-40421824	4
0.267368880996717	0.56814848274609	0.203	0.145	1	chr17-47948257-47950886	4
0.267500456614069	0.476050403168195	0.195	0.129	1	chr21-29217684-29219831	4
0.267809341228425	0.447121349183879	0.261	0.194	1	chr11-44584066-44585837	4
0.267850422015537	0.578214574918974	0.174	0.113	1	chr6-24665136-24668028	4
0.268144209821216	0.395103281907083	0.29	0.226	1	chr3-15902845-15905525	4
0.268391468228192	0.566966043019442	0.203	0.145	1	chr5-177300221-177305195	4
0.270390097983748	0.574543026805791	0.158	0.097	1	chr5-172065339-172066806	4
0.270390097983748	0.623478950255166	0.158	0.097	1	chr15-41876415-41878845	4
0.271542947556841	0.392927518022194	0.232	0.161	1	chr16-30354517-30357238	4
0.271544653824817	0.564185079192395	0.158	0.097	1	chr8-140197389-140199514	4
0.272403486370552	0.325652504623328	0.382	0.29	1	chr1-244968314-244972788	4
0.273006606459453	0.555261594210921	0.187	0.129	1	chr16-80717962-80719380	4
0.273853764216979	0.633073599993418	0.154	0.097	1	chr16-54648574-54650529	4
0.274274982851125	0.541690857937309	0.17	0.113	1	chr12-106301313-106303832	4
0.274497496308903	0.445788756518507	0.232	0.161	1	chr14-64387042-64389503	4
0.274677037801745	0.663888585635655	0.183	0.129	1	chr8-42050272-42053055	4
0.275939238780691	0.670749598524823	0.162	0.113	1	chr14-69150980-69153833	4
0.276197308988984	0.55798577804908	0.158	0.097	1	chr20-58906674-58908589	4
0.27716721982383	0.314384842601186	0.34	0.258	1	chr7-139358458-139361236	4
0.277324416354783	0.486209378126886	0.207	0.145	1	chr1-207315797-207317383	4
0.277615497755087	0.463911153368345	0.261	0.21	1	chr3-141737679-141739492	4
0.277753818553291	0.55006853814979	0.232	0.177	1	chr6-122788621-122790776	4
0.278543836219694	0.521939517330819	0.158	0.097	1	chr19-4454790-4458372	4
0.279509734307296	0.428912964044318	0.266	0.194	1	chr16-67158927-67162834	4
0.279926768285201	0.611864074436912	0.17	0.113	1	chr2-24792277-24794311	4
0.280059698031471	0.377696860616856	0.349	0.274	1	chr14-29893595-29898971	4
0.280178521298891	0.572281892285208	0.199	0.145	1	chr18-21598906-21601508	4
0.28055490950084	0.6795567065845	0.162	0.113	1	chr7-101880881-101883849	4
0.280962862830259	0.577622295973974	0.154	0.097	1	chrX-38326077-38328096	4
0.281095371645814	0.428628759421936	0.286	0.226	1	chr16-74295731-74298958	4
0.281716973471181	0.69897078483836	0.162	0.113	1	chr2-224268198-224269340	4
0.281716973471181	0.73788494647448	0.162	0.113	1	chr9-104810259-104812203	4
0.281954152826249	0.451790905843292	0.261	0.194	1	chr1-52402837-52405596	4
0.28205152641273	0.582134439434714	0.216	0.161	1	chr1-211513710-211516187	4
0.282975857549861	0.649096583422269	0.178	0.129	1	chr2-18559400-18561234	4
0.284051215632055	0.522379420684195	0.203	0.145	1	chr5-72264542-72269573	4
0.284590397220516	0.321992447523857	0.328	0.258	1	chr20-56391027-56394185	4
0.28547769252346	0.657171312489482	0.166	0.113	1	chr16-14548946-14550550	4
0.285695016503445	0.567661339783744	0.183	0.129	1	chr4-6470028-6473090	4
0.285879846450242	0.409041084520504	0.199	0.129	1	chr10-120392099-120393583	4
0.286597788230607	0.530445744775182	0.199	0.145	1	chr12-12819178-12820738	4
0.286642945489283	0.589287886271614	0.166	0.113	1	chr12-103964756-103967043	4
0.286813018266962	0.598519884082122	0.183	0.129	1	chr6-43769188-43775365	4
0.287324822876749	0.462177267888424	0.257	0.194	1	chr17-63739804-63743108	4
0.287971391680301	0.507635869993502	0.17	0.113	1	chr16-71004-74510	4
0.288757882542736	0.644914035992807	0.162	0.113	1	chr1-220708948-220711883	4
0.288924470569864	0.465792071336428	0.207	0.145	1	chr3-87225714-87228700	4
0.289133226770567	0.592953286725292	0.17	0.113	1	chr3-126982145-126984512	4
0.289270777910201	0.486283281495944	0.158	0.097	1	chr4-17490103-17492732	4
0.289413879360366	0.518093076454507	0.154	0.097	1	chr7-36108979-36111090	4
0.289445112281415	0.557400360547116	0.187	0.129	1	chr20-38747617-38749481	4
0.290298215708562	0.512040036197583	0.17	0.113	1	chr20-33646922-33649671	4
0.290580684388615	0.355098502885602	0.34	0.274	1	chr2-195656267-195660712	4
0.29063499969767	0.55909274321793	0.154	0.097	1	chr6-159968258-159970705	4
0.291111378877803	0.420990306636269	0.224	0.161	1	chr5-88140805-88142882	4
0.291130983949054	0.599993576047226	0.162	0.113	1	chr8-65070240-65071072	4
0.291336043900255	0.554880881738057	0.166	0.113	1	chr4-65501656-65503053	4
0.291500714596518	0.442230332202292	0.278	0.226	1	chr3-66997483-66999388	4
0.292144065624818	0.493521187101758	0.207	0.145	1	chr3-66472051-66477565	4
0.292643592901788	0.384417169956542	0.261	0.194	1	chrX-49190120-49192054	4
0.29323446105204	0.419081983543415	0.328	0.29	1	chr3-49019936-49026945	4
0.294307696176314	0.5955172903553	0.178	0.129	1	chr3-45537614-45539178	4
0.294822320792242	0.401845609445078	0.29	0.226	1	chr3-184133542-184136810	4
0.29482817961055	0.539640530532876	0.203	0.145	1	chr16-30774657-30779335	4
0.295069788655832	0.523363028542534	0.187	0.129	1	chr14-77313646-77317406	4
0.295204905444665	0.469966171043189	0.241	0.177	1	chr11-27505924-27507899	4
0.29531020302467	0.522659984780212	0.199	0.145	1	chr6-111590969-111593529	4
0.29545738363718	0.58757690335423	0.178	0.129	1	chr13-21175443-21178040	4
0.295507420936064	0.420962914919862	0.22	0.161	1	chr14-81169419-81171207	4
0.296278762463729	0.460128109203298	0.249	0.21	1	chr4-5709144-5712138	4
0.297120840820086	0.620258787324618	0.162	0.113	1	chr5-139293157-139296101	4
0.29727468145548	0.615447332722634	0.166	0.113	1	chr2-222654594-222657378	4
0.297818990578084	0.466491362038446	0.195	0.129	1	chr10-13815742-13817476	4
0.298107571770351	0.670465297019026	0.158	0.113	1	chr1-201828463-201830274	4
0.298160082453443	0.375710404064778	0.224	0.145	1	chr1-55693921-55695169	4
0.29823391199781	0.403089806739867	0.278	0.226	1	chr14-38866039-38870081	4
0.298291981540842	0.270518442956863	0.369	0.29	1	chr11-76443529-76446369	4
0.298622511137811	0.509990318294233	0.199	0.145	1	chr3-138113274-138116344	4
0.299305934337466	0.53389808280064	0.183	0.129	1	chr4-139014285-139017122	4
0.299672639558641	0.564797722972351	0.166	0.113	1	chr17-7914695-7917245	4
0.300180943136987	0.417460810395642	0.307	0.242	1	chr11-66956783-66959195	4
0.300198298918984	0.34322100176392	0.357	0.274	1	chr1-61076041-61084174	4
0.300926104667397	0.409469975853949	0.261	0.21	1	chr1-42941505-42945557	4
0.301657070085028	0.319530448970267	0.402	0.339	1	chr2-236569209-236586359	4
0.301971891779801	0.66161998491765	0.162	0.113	1	chr7-130667794-130669596	4
0.302403527196924	0.460348178077882	0.249	0.194	1	chr1-37497600-37500284	4
0.30241302255405	0.398712649173604	0.228	0.161	1	chr17-75524497-75527307	4
0.302879239293853	0.332933605091426	0.29	0.21	1	chr7-12403057-12404838	4
0.303321483600628	0.476865642714563	0.17	0.113	1	chr13-24510733-24513257	4
0.304001000928993	0.459765487772619	0.158	0.097	1	chr19-43668055-43669432	4
0.304034195302267	0.637794643715583	0.191	0.145	1	chr12-7017140-7019631	4
0.30429597357084	0.499338802858553	0.154	0.097	1	chr3-12637807-12638830	4
0.304417006550862	0.625058264951466	0.162	0.113	1	chrY-20574887-20576830	4
0.304476362936219	0.324467231782445	0.295	0.226	1	chr5-131162944-131166192	4
0.306287189504048	0.420223169137687	0.257	0.194	1	chr3-14117305-14120075	4
0.306490335745578	0.292849388563582	0.481	0.435	1	chr6-110872979-110892081	4
0.306619139871706	0.337083941054655	0.353	0.306	1	chr12-89351261-89354858	4
0.306885010224374	0.387652308222419	0.278	0.21	1	chr22-41587229-41590612	4
0.308865999186767	0.484960615531985	0.187	0.129	1	chrX-100819513-100820989	4
0.309346568236106	0.60902150220432	0.162	0.113	1	chr5-158593079-158595680	4
0.309487965935227	0.591143491508718	0.178	0.129	1	chr12-121295367-121298049	4
0.309811128767069	0.390568198907369	0.299	0.242	1	chr1-77681391-77684466	4
0.310399674061952	0.566980542751944	0.195	0.145	1	chr5-177599247-177603517	4
0.310622739657209	0.480851091240898	0.166	0.113	1	chr1-42922872-42925197	4
0.310842463007581	0.410792739290052	0.207	0.145	1	chr8-17155327-17157641	4
0.310870943775182	0.443580861527707	0.274	0.226	1	chr21-36186337-36189294	4
0.311831021038524	0.600961103885745	0.162	0.113	1	chr7-122143299-122145006	4
0.311855515783127	0.592822274737219	0.166	0.113	1	chr1-205826332-205828294	4
0.311855515783127	0.489004970708464	0.166	0.113	1	chr7-127730866-127732685	4
0.311855515783127	0.513951508270186	0.166	0.113	1	chr21-8988726-8995517	4
0.31186865307474	0.547118631286783	0.178	0.129	1	chr2-218405503-218408117	4
0.312835287803378	0.461812878298925	0.232	0.177	1	chr19-18464113-18465635	4
0.313056940686584	0.436475623411269	0.261	0.21	1	chr14-93205933-93208364	4
0.313078166374561	0.579967100961524	0.162	0.113	1	chr10-62267917-62269524	4
0.313093076994906	0.422116492252362	0.207	0.145	1	chr17-28854250-28855483	4
0.313218484919439	0.322098145853533	0.274	0.21	1	chr11-59141991-59143785	4
0.31415400452251	0.385388745264568	0.216	0.161	1	chr17-28040692-28042383	4
0.315002738941064	0.525388401180308	0.195	0.145	1	chr12-55829055-55830627	4
0.315029890173743	0.388846929971804	0.241	0.177	1	chr8-143738091-143741694	4
0.315526181370975	0.493168367607217	0.212	0.161	1	chr21-33478214-33480819	4
0.317107645446422	0.476084071617805	0.187	0.129	1	chr9-128549749-128553633	4
0.31800483143171	0.572815647469923	0.207	0.161	1	chr10-31031024-31033084	4
0.318056454952449	0.75011369009062	0.158	0.113	1	chr6-107458177-107460435	4
0.318203304616977	0.274339304104406	0.295	0.21	1	chr11-75342160-75344479	4
0.319138176092433	0.447002902351752	0.212	0.145	1	chr3-158109390-158111356	4
0.319650435927623	0.51870674836603	0.195	0.145	1	chr1-212487788-212489540	4
0.320274161141571	0.535065172017606	0.207	0.161	1	chr6-107027695-107029278	4
0.320279844248668	0.444643001575976	0.261	0.21	1	chr17-45060263-45062074	4
0.320449943917894	0.450654181844271	0.17	0.113	1	chr4-122151230-122153396	4
0.320695850702595	0.447620170991227	0.27	0.21	1	chr17-56832911-56835669	4
0.320875775935737	0.6826158570168	0.17	0.129	1	chr17-75010678-75014242	4
0.322884848847034	0.394256575742542	0.257	0.194	1	chr17-54899645-54903996	4
0.322947502194446	0.533938259677646	0.17	0.113	1	chr12-47705169-47707221	4
0.324996105654564	0.374740351460827	0.22	0.161	1	chr8-37735957-37738280	4
0.325492206218708	0.476671387035718	0.187	0.129	1	chr17-30970452-30972085	4
0.326705664286809	0.537066356179645	0.195	0.145	1	chr16-4846151-4848736	4
0.328040941141724	0.460963110730564	0.224	0.177	1	chr16-21263438-21266157	4
0.328094073518391	0.45781799875934	0.232	0.177	1	chr5-139650630-139656643	4
0.328285943745277	0.411478292033183	0.245	0.194	1	chr17-30599334-30601675	4
0.328298565092677	0.398150627956271	0.282	0.226	1	chr10-69123118-69125584	4
0.328351575859724	0.721918576976654	0.158	0.113	1	chr7-30428733-30431210	4
0.328366419944139	0.465382076054096	0.199	0.145	1	chr20-13008482-13010512	4
0.329547532508085	0.460346040714555	0.199	0.145	1	chr12-8912650-8917129	4
0.329958119763932	0.454321453810947	0.203	0.145	1	chr1-210706320-210708937	4
0.330268598728065	0.413918468288438	0.274	0.226	1	chr4-177440809-177443408	4
0.330347537441735	0.494488883588557	0.187	0.129	1	chr4-4289061-4291360	4
0.331134727851878	0.413052942004849	0.203	0.145	1	chr9-33157963-33164111	4
0.331788626557091	0.484354854595143	0.17	0.113	1	chr5-60698343-60701100	4
0.331788626557091	0.710896512295837	0.166	0.129	1	chr7-45919891-45921675	4
0.332267353590987	0.537027681510604	0.158	0.113	1	chr16-84115890-84118009	4
0.332474072169033	0.40504767556568	0.257	0.194	1	chr1-41043981-41047235	4
0.332483090294589	0.520146748756058	0.232	0.194	1	chr19-38834893-38839694	4
0.332589522452177	0.555230075316889	0.178	0.129	1	chr5-114265305-114266834	4
0.333064296543292	0.39218963173015	0.17	0.113	1	chr14-31229191-31230557	4
0.333579289406965	0.622841551905119	0.158	0.113	1	chr12-53005567-53008104	4
0.33466054262564	0.689225540845396	0.17	0.129	1	chr5-10288214-10290023	4
0.334680811685493	0.442353391488308	0.203	0.145	1	chr6-69795887-69797655	4
0.336104534145851	0.275035418710397	0.485	0.419	1	chr12-121793421-121801998	4
0.336336403537025	0.545256824028327	0.178	0.129	1	chr6-170224580-170226800	4
0.336336403537025	0.531788396847065	0.178	0.129	1	chr8-94718636-94720814	4
0.336440039546842	0.4743866316094	0.183	0.129	1	chr11-94543404-94544815	4
0.336977825306171	0.294321695594119	0.315	0.242	1	chr12-22543245-22545134	4
0.337396968295386	0.548031246276476	0.162	0.113	1	chr8-22108273-22110358	4
0.337476706453052	0.525978798814103	0.195	0.145	1	chr1-224328624-224331238	4
0.337476706453052	0.485910245026127	0.195	0.145	1	chr3-9897418-9899740	4
0.337892258333575	0.458166187461037	0.199	0.145	1	chr3-42507014-42508322	4
0.338613132507189	0.40473910959043	0.27	0.226	1	chr4-6779121-6784146	4
0.338725169194269	0.294534928728067	0.253	0.194	1	chr8-80029076-80030881	4
0.338849352882511	0.485602605824118	0.178	0.129	1	chr12-130870574-130873308	4
0.339972022085295	0.532254740125351	0.174	0.129	1	chr1-121184199-121185499	4
0.340665968508687	0.521962392428504	0.191	0.145	1	chr7-116780457-116781816	4
0.342689704809316	0.411250652579153	0.187	0.129	1	chr1-998901-1002422	4
0.342970367189774	0.582206039376774	0.154	0.113	1	chr4-68904466-68906911	4
0.343122627338318	0.509605762084041	0.191	0.145	1	chr16-49855039-49858486	4
0.344999057614153	0.539340728223176	0.154	0.113	1	chr11-36467623-36468555	4
0.345081768840283	0.415480713744328	0.249	0.194	1	chr11-65381495-65383355	4
0.345127327911228	0.310251872113464	0.332	0.274	1	chr14-99478117-99482355	4
0.345933416154385	0.510627968340772	0.207	0.161	1	chr2-101079611-101081095	4
0.346371504754299	0.34994741933707	0.199	0.145	1	chr9-19550132-19553824	4
0.346460280402157	0.407316872434983	0.178	0.129	1	chr6-138571254-138573240	4
0.346958265519613	0.424386960493196	0.261	0.21	1	chr14-49766804-49771309	4
0.347240338164812	0.489157520055012	0.195	0.145	1	chr7-30887046-30889870	4
0.348136043131492	0.340426729496326	0.207	0.145	1	chr7-75485331-75486872	4
0.3497628257528	0.61191400527318	0.154	0.113	1	chr1-228427370-228430787	4
0.350306249527875	0.526052974536612	0.178	0.129	1	chr6-99567541-99569403	4
0.350306249527875	0.476863807796811	0.178	0.129	1	chr16-4216989-4218578	4
0.350306249527875	0.485741132035259	0.178	0.129	1	chrX-14872658-14874051	4
0.351354469368079	0.307588797917816	0.266	0.194	1	chr14-67694242-67697641	4
0.351668336736235	0.404603333763507	0.166	0.113	1	chr12-49017771-49019493	4
0.352665279279568	0.531393848589807	0.212	0.161	1	chr2-108448049-108450366	4
0.352748372975604	0.523936912303542	0.17	0.129	1	chr14-105090215-105094275	4
0.353004044267333	0.442684845384127	0.166	0.113	1	chr1-6600362-6603543	4
0.354063608264365	0.544136491010404	0.17	0.129	1	chr8-70950996-70952216	4
0.354717270351533	0.513364706951825	0.162	0.113	1	chr10-117347631-117349051	4
0.355023614938253	0.565443753102446	0.158	0.113	1	chr8-22564146-22565625	4
0.355023614938253	0.522786853105961	0.158	0.113	1	chr12-49059018-49061696	4
0.355461557468493	0.528718064643807	0.174	0.129	1	chr7-139690826-139693556	4
0.355685071424864	0.413157943566021	0.166	0.113	1	chr1-234996875-234998910	4
0.356072461856993	0.454531927084695	0.162	0.113	1	chr1-43552055-43553647	4
0.356213071930045	0.337986849884235	0.295	0.242	1	chr19-1406312-1413746	4
0.357764045665202	0.515229716283641	0.158	0.113	1	chr1-145998098-146000324	4
0.357764045665202	0.571901284697893	0.158	0.113	1	chr11-130636603-130639711	4
0.358099447249407	0.432973118100472	0.191	0.145	1	chr8-20800515-20802812	4
0.358792489935725	0.48946938425492	0.162	0.113	1	chr5-35197648-35199052	4
0.359414629979931	0.638331817934067	0.154	0.113	1	chr22-19271224-19272612	4
0.359925072657062	0.425993107220528	0.212	0.161	1	chr22-45333921-45337625	4
0.360582438474904	0.422145149848953	0.17	0.113	1	chr5-159877531-159879612	4
0.360675186371714	0.332462255995141	0.245	0.194	1	chr12-108514462-108516974	4
0.361080156900712	0.433935046981456	0.207	0.161	1	chr5-44538339-44540008	4
0.36108553764449	0.4355641883778	0.166	0.113	1	chr1-200738018-200740651	4
0.36108553764449	0.393698580815973	0.166	0.113	1	chr7-80133580-80138004	4
0.361135663677084	0.356196676225025	0.22	0.161	1	chr3-128347554-128350904	4
0.361906977904183	0.41318258486289	0.191	0.145	1	chr2-129058358-129060114	4
0.361927601641586	0.371735460075433	0.17	0.113	1	chr6-110957946-110959370	4
0.362474724480626	0.386872309100889	0.199	0.145	1	chr3-113274481-113276594	4
0.364699491676089	0.429279329477541	0.174	0.129	1	chr18-74281298-74285073	4
0.365169453078377	0.403390690992122	0.166	0.113	1	chr22-38655660-38657882	4
0.365739778144325	0.477007368630576	0.191	0.145	1	chr4-48905403-48907440	4
0.36603980668724	0.479556680583544	0.17	0.129	1	chr16-15093072-15094956	4
0.366633447491209	0.396364778727605	0.207	0.161	1	chr19-33292462-33294648	4
0.36870411535438	0.442129987765915	0.174	0.129	1	chr16-30417152-30419035	4
0.368954456944675	0.453179548008536	0.245	0.21	1	chr10-69360422-69363108	4
0.369775442095377	0.391116945947085	0.183	0.129	1	chr6-43013014-43015022	4
0.369858073332802	0.453388383523719	0.195	0.145	1	chr20-36604869-36607324	4
0.370087395246467	0.535279083934565	0.17	0.129	1	chr7-96793670-96795495	4
0.370329015838385	0.282118967202216	0.361	0.29	1	chr8-140509925-140513025	4
0.371097277431362	0.34205146706029	0.183	0.129	1	chr10-510247-511937	4
0.371388880483752	0.516348364444472	0.174	0.129	1	chr3-170045030-170047448	4
0.37237482463076	0.412830773415804	0.224	0.177	1	chr7-55963922-55967588	4
0.372426470988224	0.4453087834905	0.195	0.145	1	chr20-63973516-63975884	4
0.372555716955268	0.319600401430012	0.224	0.161	1	chr6-96896648-96899525	4
0.372608563092598	0.443693907300699	0.178	0.129	1	chr7-87627545-87629608	4
0.37280125471831	0.321622383431781	0.237	0.177	1	chr10-121993684-121996238	4
0.373947299349718	0.344037586529033	0.178	0.129	1	chr10-101587037-101589376	4
0.374484969896463	0.528986014063993	0.158	0.113	1	chrX-154540597-154543653	4
0.375175600836158	0.37326708935575	0.199	0.145	1	chr19-24052751-24055085	4
0.375823982106544	0.36007890056095	0.245	0.194	1	chr19-18202645-18205509	4
0.376633685542499	0.414762952436752	0.178	0.129	1	chr17-36600894-36603287	4
0.376636431397286	0.471763092349794	0.207	0.161	1	chr12-75390492-75391765	4
0.376795055375097	0.485331173297432	0.174	0.129	1	chr6-17490667-17492826	4
0.377246638629018	0.314314451572104	0.311	0.258	1	chr22-40042927-40045985	4
0.37738931421446	0.408526154117589	0.191	0.145	1	chr4-153464429-153468314	4
0.377594483406957	0.372304304032001	0.237	0.177	1	chr11-33159503-33162053	4
0.37873953014483	0.496351113059311	0.158	0.113	1	chr2-106559141-106563271	4
0.37873953014483	0.48973591087312	0.158	0.113	1	chr17-81364811-81366642	4
0.379002120508517	0.33877686783724	0.266	0.21	1	chr4-183442896-183445789	4
0.379698170695762	0.588298161311942	0.166	0.129	1	chr20-25309371-25311510	4
0.379823748975717	0.321979187380103	0.307	0.258	1	chr12-79687827-79693562	4
0.380115287642864	0.280239064919083	0.382	0.323	1	chr3-184360289-184364269	4
0.380133822606382	0.2988436740998	0.299	0.226	1	chr1-211469453-211470835	4
0.380654096749397	0.488341734113043	0.154	0.113	1	chr14-91317068-91318169	4
0.380830569231006	0.309516491324028	0.241	0.177	1	chr14-69610195-69613565	4
0.380999413218102	0.437745803280867	0.212	0.161	1	chr12-105106552-105108641	4
0.381016206375624	0.452428118285975	0.17	0.129	1	chr10-78041176-78044756	4
0.381611555792472	0.357613696335212	0.241	0.194	1	chr16-81444237-81449196	4
0.381705648547787	0.4862309502927	0.17	0.129	1	chr9-136857685-136861332	4
0.381791875253844	0.309432975939578	0.166	0.113	1	chr17-38605505-38609053	4
0.382042061739154	0.406316154316454	0.178	0.129	1	chr3-196739462-196742113	4
0.383023712774938	0.497419429124394	0.158	0.113	1	chr12-109461478-109463880	4
0.383527615386362	0.409788704522952	0.212	0.161	1	chr3-127541339-127543277	4
0.38362036058997	0.401349620135895	0.174	0.129	1	chr8-127863245-127867927	4
0.384414253629796	0.290746146457585	0.34	0.29	1	chr1-226132433-226136239	4
0.384764021179181	0.413956598952296	0.178	0.129	1	chr10-121973332-121975736	4
0.3852820116596	0.465030345939766	0.162	0.113	1	chr12-13390103-13391147	4
0.385338690905019	0.301976523185414	0.245	0.194	1	chr3-184247398-184250751	4
0.38556747896344	0.38215700528485	0.228	0.177	1	chr14-31205621-31208823	4
0.385896261059798	0.462817863260605	0.158	0.113	1	chr12-123583226-123585882	4
0.385938021956927	0.30280704388598	0.245	0.194	1	chr1-43365766-43369086	4
0.38682280667683	0.456580940934461	0.183	0.145	1	chr7-149261255-149263260	4
0.387821146273505	0.359527866199027	0.216	0.161	1	chr5-179804721-179807893	4
0.387901847601636	0.518625913247465	0.154	0.113	1	chr2-55163121-55165458	4
0.387934422500025	0.449182489693705	0.191	0.145	1	chr6-98946698-98948583	4
0.390713186670699	0.409417923630709	0.195	0.145	1	chr5-14523151-14524458	4
0.390739676116528	0.478210259120649	0.17	0.129	1	chr17-78127089-78129457	4
0.390785308337484	0.330685442113034	0.203	0.145	1	chr4-2417381-2419657	4
0.391242294507063	0.265570896762648	0.344	0.29	1	chr1-180501413-180503859	4
0.391416613581791	0.338812886090273	0.249	0.194	1	chr12-112012337-112014830	4
0.391554981783467	0.510980407300471	0.183	0.145	1	chr11-206101-209791	4
0.39176011221822	0.371857629854204	0.228	0.177	1	chr7-99826726-99828614	4
0.391910199297287	0.434535051978988	0.174	0.129	1	chr1-15833010-15836670	4
0.391910199297287	0.459465378068222	0.174	0.129	1	chr1-37594788-37596656	4
0.391910199297287	0.442251216788586	0.174	0.129	1	chrX-24053503-24055528	4
0.391934641984819	0.345892567648937	0.191	0.145	1	chr14-61761601-61763605	4
0.392410499445215	0.409454352206046	0.22	0.177	1	chr1-1398003-1403187	4
0.392679932993983	0.419925930354866	0.216	0.177	1	chr5-69367892-69370823	4
0.392679932993983	0.447535188973064	0.216	0.177	1	chr6-18154249-18156593	4
0.393134982237402	0.447681775580478	0.158	0.113	1	chr19-35867997-35870355	4
0.393545259574969	0.454371674859652	0.17	0.129	1	chr22-41800012-41801972	4
0.393760166461144	0.415076844559186	0.154	0.113	1	chr9-15510132-15511767	4
0.393889311837365	0.424032711160842	0.162	0.113	1	chr5-118530742-118532150	4
0.394274720265643	0.503428235300866	0.183	0.145	1	chr7-101153905-101158015	4
0.395469759282803	0.370594741746461	0.216	0.161	1	chr9-83537885-83539321	4
0.396709306388182	0.501896029722052	0.154	0.113	1	chrX-119870315-119872876	4
0.396784082927195	0.388493417874069	0.162	0.113	1	chr7-50683359-50689156	4
0.397594991880909	0.346190695073752	0.232	0.177	1	chr1-1431568-1437431	4
0.398039417713628	0.317545994740851	0.216	0.161	1	chr6-166032381-166033472	4
0.398188861548525	0.482170807937695	0.154	0.113	1	chr6-119347663-119351334	4
0.39823626981722	0.334211633848758	0.162	0.113	1	chr4-24794902-24796210	4
0.398714522717777	0.334370742140214	0.195	0.145	1	chr1-163320852-163322995	4
0.399480453567283	0.401411556288413	0.261	0.226	1	chr10-77886639-77890314	4
0.399662139799008	0.37965836726702	0.224	0.177	1	chr6-145734438-145737304	4
0.399835785679226	0.375211225935565	0.241	0.194	1	chr6-96520186-96522877	4
0.400140075086249	0.503863663090887	0.166	0.129	1	chr11-134497357-134499099	4
0.40035889911553	0.316649815637692	0.286	0.226	1	chr3-23915644-23922257	4
0.400455369419782	0.363345794478365	0.158	0.113	1	chr16-68743999-68746147	4
0.400556618840283	0.452729160012973	0.203	0.161	1	chr6-10403261-10405767	4
0.401365312490911	0.412639496266859	0.191	0.145	1	chr5-890775-894153	4
0.402242045257802	0.35696929409608	0.253	0.21	1	chr3-50163603-50168888	4
0.403406312050619	0.42345208759788	0.158	0.113	1	chr11-94746283-94747706	4
0.403467514664833	0.516503942619856	0.207	0.177	1	chr3-128319550-128324278	4
0.40385891923843	0.40208900199776	0.203	0.161	1	chr15-66496873-66499180	4
0.404140247230814	0.466661930363156	0.154	0.113	1	chr1-201792691-201793657	4
0.404140247230814	0.472239536119609	0.154	0.113	1	chr10-119871451-119873787	4
0.404325082533	0.346985811596715	0.228	0.177	1	chr5-32231882-32234979	4
0.40442605202111	0.261161280136461	0.274	0.21	1	chr14-64336973-64339646	4
0.404664031113728	0.3912290391997	0.166	0.113	1	chr16-28504739-28506010	4
0.405139371890033	0.43142141823847	0.22	0.177	1	chr16-88808843-88813198	4
0.406654347541313	0.452103319334827	0.183	0.145	1	chr5-76384049-76389298	4
0.407144213534864	0.358570730032109	0.232	0.194	1	chr1-201982005-201984162	4
0.40764054907965	0.276740762354336	0.27	0.21	1	chr16-4472837-4477576	4
0.408404660446821	0.331489993616483	0.237	0.177	1	chr6-43170286-43172982	4
0.408590564189658	0.349618790307901	0.224	0.177	1	chr22-21000290-21003339	4
0.409535118676563	0.353175146206259	0.195	0.145	1	chr1-86104669-86105918	4
0.410144412263742	0.409070187305988	0.154	0.113	1	chr17-39926362-39928877	4
0.410292370010766	0.386483959508935	0.207	0.161	1	chr4-56048464-56050396	4
0.410840425915493	0.38508375528277	0.158	0.113	1	chr7-66681308-66683147	4
0.41138795984022	0.339807728085328	0.253	0.21	1	chr8-133215140-133218262	4
0.411595304151287	0.434872622241324	0.22	0.177	1	chr12-121888051-121890018	4
0.411595304151287	0.448290188796633	0.216	0.194	1	chr6-18386147-18389763	4
0.411978461757096	0.305127949928985	0.228	0.177	1	chr6-3355047-3358260	4
0.412036465078823	0.419601685191527	0.199	0.161	1	chr7-151917528-151919255	4
0.41210542623603	0.545588580467116	0.178	0.145	1	chr6-30719651-30723068	4
0.412351479089013	0.347198697533253	0.216	0.161	1	chr10-97425233-97428586	4
0.41310477968439	0.423528908957895	0.174	0.129	1	chr15-55740783-55743846	4
0.413836706950539	0.370316134672096	0.158	0.113	1	chr12-16346842-16349675	4
0.415347918062018	0.492194765642024	0.166	0.129	1	chr1-86501888-86506249	4
0.416016011222036	0.352949236193922	0.232	0.194	1	chr2-33598286-33600399	4
0.416642317095462	0.263838788058362	0.295	0.242	1	chr4-87005758-87008389	4
0.417186106824949	0.318449128901345	0.249	0.194	1	chr1-212949852-212951577	4
0.417289717980478	0.333350578188955	0.266	0.226	1	chr3-97763704-97765785	4
0.417724007666598	0.47295898058954	0.154	0.113	1	chr6-33417210-33418940	4
0.417787687862068	0.341603239407932	0.261	0.21	1	chr22-31106262-31108292	4
0.417893530450922	0.263429657638572	0.22	0.161	1	chr5-134002072-134006328	4
0.418655143960378	0.266489665184217	0.212	0.161	1	chr14-24231148-24233845	4
0.418869295768796	0.425946412068398	0.174	0.129	1	chr7-148986547-148988860	4
0.419249742999218	0.446645623603839	0.154	0.113	1	chr6-89828851-89830550	4
0.419340385754128	0.462134617378352	0.17	0.129	1	chr7-1026309-1030056	4
0.419754907449648	0.462378441717574	0.166	0.129	1	chr2-135073764-135075189	4
0.420614006231142	0.362136420639076	0.203	0.161	1	chr2-112643943-112647103	4
0.420630590603148	0.369725978799929	0.191	0.145	1	chr7-128076446-128077911	4
0.420678051408456	0.480361918388444	0.183	0.145	1	chr21-16371746-16380532	4
0.421545334820965	0.438810204990816	0.199	0.161	1	chr1-109959537-109961819	4
0.421971810046013	0.391104417070147	0.203	0.161	1	chr1-206539744-206541389	4
0.422266632982056	0.43792595132598	0.17	0.129	1	chr3-128070688-128073923	4
0.422346604917114	0.346434345799962	0.207	0.161	1	chr22-35314910-35317073	4
0.423223576376585	0.410036730465907	0.174	0.129	1	chr1-228734829-228736827	4
0.424695113630051	0.367871317949745	0.203	0.161	1	chrY-6907915-6911960	4
0.424803448733564	0.307990686386668	0.29	0.242	1	chr4-56465503-56469145	4
0.425204812810512	0.3945666565926	0.17	0.129	1	chr1-226185198-226187346	4
0.425385371646452	0.437531508998679	0.154	0.113	1	chrX-73213808-73215407	4
0.425483620366045	0.410932979517545	0.224	0.177	1	chr10-110497169-110499946	4
0.426211199991036	0.355094464367781	0.241	0.194	1	chr10-32345312-32348755	4
0.427036279633092	0.393575954874954	0.199	0.161	1	chr5-16588019-16590202	4
0.427670247426687	0.382987076883465	0.257	0.226	1	chr12-56102977-56106360	4
0.427744079148698	0.365344411013455	0.187	0.145	1	chr7-75072559-75074395	4
0.427769973692498	0.347983977803545	0.207	0.161	1	chr16-4766282-4769252	4
0.427905269736612	0.479903125592893	0.166	0.129	1	chr3-125059211-125061879	4
0.429439148979972	0.354239716280331	0.224	0.177	1	chr8-23528283-23530756	4
0.431863978334772	0.380830858346562	0.203	0.177	1	chr17-79305626-79307645	4
0.431878907869978	0.36864556994565	0.191	0.145	1	chr12-76030588-76032750	4
0.432014879529309	0.379387113031986	0.187	0.145	1	chr8-101360083-101362320	4
0.433233675161434	0.344393409428667	0.207	0.161	1	chr1-155226288-155228348	4
0.43324027857527	0.265949338708485	0.303	0.274	1	chr16-2903799-2907696	4
0.433486009105505	0.461204312020187	0.174	0.129	1	chr5-102754491-102756451	4
0.433579366053842	0.420313688992967	0.178	0.145	1	chr11-112563894-112565089	4
0.435033603473622	0.447942800896187	0.178	0.145	1	chr1-203325011-203328240	4
0.435350368489848	0.408477455808183	0.199	0.161	1	chr12-6276838-6280732	4
0.435737926460534	0.278320883174733	0.257	0.194	1	chr16-68736742-68743446	4
0.436247963493846	0.404344843445933	0.154	0.113	1	chr7-6418945-6420114	4
0.436361658211163	0.417196532428833	0.195	0.161	1	chr5-53108888-53110943	4
0.436678397894924	0.368250518156076	0.22	0.177	1	chr5-149580808-149584159	4
0.437413993063192	0.351910630597585	0.224	0.177	1	chr16-58732540-58734855	4
0.437747379212258	0.361178035217397	0.187	0.145	1	chr10-16436219-16438023	4
0.43781864036657	0.280161598547847	0.241	0.194	1	chr1-94782882-94784524	4
0.437875791832834	0.397220495415361	0.183	0.145	1	chr1-119372370-119375087	4
0.437921924272486	0.300861624353058	0.22	0.161	1	chr10-72691427-72693733	4
0.43792787487778	0.36016242099789	0.174	0.129	1	chr7-110281104-110283672	4
0.438056877096897	0.280245665381695	0.295	0.242	1	chr3-39148572-39154801	4
0.439166855499098	0.4785271033744	0.166	0.129	1	chr1-26529295-26533008	4
0.439346753606075	0.395462670794834	0.232	0.194	1	chr10-68900411-68902296	4
0.440119744006917	0.259975685606509	0.207	0.161	1	chr20-33810716-33813417	4
0.440331835906145	0.287956951742514	0.27	0.226	1	chr1-36373473-36375348	4
0.440629961668021	0.372340775851041	0.187	0.145	1	chr1-101024712-101026941	4
0.440681139237359	0.427107900847244	0.166	0.129	1	chr7-72878671-72880419	4
0.441312863413006	0.357196318819915	0.216	0.177	1	chr12-111756380-111759167	4
0.442112815435018	0.314351001401673	0.253	0.21	1	chr5-1879779-1884439	4
0.442400584126093	0.487519214398377	0.174	0.145	1	chr8-109583418-109586885	4
0.442526269909188	0.399607535790343	0.154	0.113	1	chr5-217462-219465	4
0.442891655522661	0.351282811429892	0.207	0.161	1	chr10-21533327-21535266	4
0.443718547573046	0.433743775785324	0.166	0.129	1	chr2-112763794-112765433	4
0.444281345648161	0.341138848564658	0.207	0.161	1	chr17-72683427-72684989	4
0.444456585022666	0.308892312155394	0.195	0.145	1	chr7-73821992-73823738	4
0.44459189115525	0.409781215049949	0.17	0.129	1	chr6-121885150-121886374	4
0.444838505273769	0.397165579374956	0.195	0.161	1	chr5-6632045-6634417	4
0.445322395965796	0.293648899937405	0.29	0.242	1	chr4-686668-689992	4
0.44607046749401	0.408637715177455	0.158	0.113	1	chr2-162317682-162319365	4
0.447369229481175	0.368410677445943	0.212	0.177	1	chr12-13135191-13137180	4
0.447774033375497	0.261610108175846	0.295	0.242	1	chr1-193121316-193123566	4
0.448254439065515	0.370982327364311	0.203	0.161	1	chr19-18571063-18573239	4
0.448254439065515	0.336545261716374	0.203	0.161	1	chr20-17966858-17970352	4
0.448297309273788	0.379615269070427	0.166	0.129	1	chr8-11283808-11285455	4
0.448758411649202	0.273816920664812	0.195	0.145	1	chr11-6611228-6613327	4
0.448826537464101	0.371620570257052	0.183	0.145	1	chr5-88189440-88190891	4
0.449534642740444	0.307146033605328	0.224	0.177	1	chr5-154700538-154702273	4
0.449562191523971	0.368034040281233	0.183	0.145	1	chr2-131104005-131107035	4
0.450149714830049	0.270553462117099	0.253	0.194	1	chr19-49663915-49666450	4
0.450446350514294	0.338120885778213	0.154	0.113	1	chr4-48999906-49001263	4
0.450446350514294	0.385155539630167	0.154	0.113	1	chr7-131326825-131329624	4
0.450541530030751	0.385798531233116	0.195	0.161	1	chr20-25294372-25297606	4
0.451053778232472	0.294011242967216	0.162	0.113	1	chr1-46667160-46669136	4
0.451151137073783	0.30266372566967	0.274	0.226	1	chr17-15649758-15652432	4
0.452019578706046	0.510635991230241	0.162	0.129	1	chr5-77355108-77357536	4
0.452454221802223	0.341554462396266	0.237	0.194	1	chr3-128384874-128386339	4
0.45248769288721	0.378019445231657	0.203	0.161	1	chr16-27202897-27204969	4
0.452902662579211	0.412071048291826	0.166	0.129	1	chr17-48100109-48102123	4
0.453681002116199	0.389312425159313	0.199	0.161	1	chr12-123971365-123974489	4
0.453790685481663	0.30024595248405	0.299	0.258	1	chr5-132961863-132964630	4
0.454443696556853	0.395118744304829	0.166	0.129	1	chr7-36945346-36946968	4
0.454890892564335	0.325514317445353	0.191	0.145	1	chr12-132709688-132711971	4
0.455987681311944	0.433156285737819	0.166	0.129	1	chr14-37171605-37173241	4
0.456349798782413	0.311871227348527	0.224	0.177	1	chr5-90528323-90530745	4
0.456404899868547	0.28474827500984	0.282	0.242	1	chr7-44998951-45002308	4
0.456539364997081	0.39407234922052	0.199	0.161	1	chr2-74528924-74531151	4
0.456677375877194	0.345764383703979	0.187	0.145	1	chr17-81721372-81724577	4
0.457534612377561	0.383662287940922	0.166	0.129	1	chr11-2256289-2257940	4
0.457534612377561	0.414728947079578	0.166	0.129	1	chr11-19669942-19670911	4
0.458446102378027	0.432916807807833	0.154	0.113	1	chr12-74390902-74393803	4
0.460311062610386	0.333743318987463	0.158	0.113	1	chr16-72989028-72990907	4
0.460637295337188	0.347340304711061	0.166	0.129	1	chr1-65169809-65171861	4
0.461799418121198	0.295708431440244	0.257	0.21	1	chr12-56078597-56082520	4
0.462073892242884	0.285812299498744	0.162	0.113	1	chr5-107650685-107655006	4
0.462452600922604	0.349968864726128	0.203	0.161	1	chr5-73495665-73499574	4
0.463283939279911	0.381318093609083	0.154	0.113	1	chr10-117374112-117376829	4
0.463283939279911	0.366747327176898	0.154	0.113	1	chr11-746299-749228	4
0.463367847533301	0.337510925434785	0.216	0.177	1	chr17-28901928-28904711	4
0.463411372826083	0.350920374068162	0.232	0.194	1	chr1-117590162-117592893	4
0.463418125141158	0.424546911898895	0.174	0.145	1	chr16-82152169-82153453	4
0.463660371068074	0.491259859156683	0.158	0.129	1	chr3-52770084-52771721	4
0.463886086702255	0.299231023328992	0.203	0.161	1	chr10-56360631-56362411	4
0.46497910450617	0.347002419966022	0.228	0.194	1	chr16-57999346-58001984	4
0.465174592880434	0.312654299308982	0.199	0.161	1	chr10-73771536-73773977	4
0.465247968716074	0.378387727626332	0.17	0.129	1	chr20-4684937-4687861	4
0.465423115550832	0.323627516287135	0.207	0.161	1	chr19-55406825-55408701	4
0.465479708065713	0.297327462475655	0.212	0.161	1	chr16-4371343-4376824	4
0.46556712180058	0.264941635397872	0.187	0.145	1	chr11-67628747-67631230	4
0.465680723309778	0.310001429482784	0.27	0.226	1	chrX-48896539-48899423	4
0.465916066368762	0.384561983653415	0.183	0.145	1	chr16-87924213-87926080	4
0.46665100854625	0.286196424087718	0.191	0.145	1	chr5-64330777-64332610	4
0.467731540682768	0.419571191344773	0.178	0.145	1	chr22-29266535-29270845	4
0.469131018519068	0.319041607080699	0.17	0.129	1	chr17-75875921-75878950	4
0.470015576508132	0.369672433087576	0.166	0.129	1	chrY-7273062-7276074	4
0.472674640915172	0.262573150687807	0.237	0.194	1	chr4-41989634-41991714	4
0.474338276236178	0.285553498015263	0.224	0.177	1	chr12-6334750-6337464	4
0.474552203455946	0.292583719236343	0.187	0.145	1	chr7-132224731-132227022	4
0.474552203455946	0.326445546833375	0.187	0.145	1	chr8-143812936-143817551	4
0.476322894550951	0.326579105263193	0.154	0.113	1	chr8-20938502-20939831	4
0.476611627065348	0.30749009099655	0.22	0.177	1	chr16-81076273-81077883	4
0.476828163648123	0.346115270639495	0.199	0.161	1	chr1-34849916-34853335	4
0.476905713569335	0.259256078333823	0.212	0.161	1	chr8-22382935-22384436	4
0.477966785330297	0.336828871599713	0.154	0.113	1	chr10-99394183-99396957	4
0.478023506331268	0.295966026100616	0.22	0.177	1	chr3-37668358-37669766	4
0.47887186399816	0.509731842928524	0.154	0.129	1	chr8-90035952-90037707	4
0.4796137732164	0.317743953487204	0.154	0.113	1	chr1-158177234-158178508	4
0.479690942277438	0.488493409902644	0.158	0.129	1	chr11-66256809-66258945	4
0.479766337173108	0.369365241666387	0.199	0.161	1	chr12-111684988-111687733	4
0.479822641197021	0.293374089218441	0.207	0.161	1	chr22-28817913-28820108	4
0.479950560299354	0.264511872255076	0.224	0.177	1	chr16-67206218-67209682	4
0.480900006130214	0.279575231501711	0.237	0.194	1	chr2-17878078-17880535	4
0.481065565286191	0.330463732559518	0.183	0.145	1	chr12-110613356-110614866	4
0.482111936566176	0.300637631454241	0.187	0.145	1	chr19-55683486-55684782	4
0.48271435835121	0.331093783486608	0.199	0.161	1	chr16-30740024-30742329	4
0.483631702759398	0.344237110912631	0.187	0.145	1	chr10-26696677-26699258	4
0.484212620686565	0.293661292349086	0.203	0.161	1	chr19-9818135-9820206	4
0.48463097140504	0.32175516984687	0.224	0.194	1	chr12-75510703-75512272	4
0.48533343190561	0.265108922460826	0.174	0.129	1	chr2-10811283-10813532	4
0.485649769191532	0.420428848002404	0.203	0.177	1	chr11-78798516-78802792	4
0.485679787521909	0.264992439012101	0.282	0.242	1	chr5-132426730-132430266	4
0.486026226442233	0.259362052085184	0.241	0.194	1	chr10-133435-138042	4
0.486541336030284	0.433429888752753	0.174	0.145	1	chr6-82876927-82878195	4
0.487030562260391	0.265847199941594	0.32	0.274	1	chr11-72222002-72226068	4
0.487067483213766	0.502781449265354	0.154	0.129	1	chr6-136643607-136644962	4
0.487631050650412	0.276296583323849	0.191	0.145	1	chr10-82627776-82629116	4
0.487870616085396	0.289888338371602	0.245	0.21	1	chr7-30593628-30596951	4
0.488542738714523	0.290301284633921	0.228	0.194	1	chr12-117968181-117970356	4
0.488604270644139	0.330970752132526	0.195	0.161	1	chr2-197433567-197436534	4
0.489084662867315	0.341670565312533	0.166	0.129	1	chr2-178111953-178113500	4
0.491203282234908	0.282939458175194	0.17	0.129	1	chr8-17613985-17615995	4
0.491270492140593	0.294348109871255	0.295	0.274	1	chr17-16438077-16446750	4
0.491587441124393	0.300541965002222	0.203	0.161	1	chr12-52278324-52281467	4
0.492729996685942	0.420909868161197	0.158	0.129	1	chr5-91125543-91129038	4
0.492804651417975	0.295722447648399	0.187	0.145	1	chr12-130837818-130839923	4
0.493104999061359	0.32480842186379	0.195	0.161	1	chr3-11476947-11482250	4
0.493104999061359	0.356836671608028	0.195	0.161	1	chr6-8101301-8103291	4
0.495532410805283	0.347701318612972	0.166	0.129	1	chr2-127083024-127085679	4
0.497610573140418	0.292081986650269	0.17	0.129	1	chr14-95338957-95341004	4
0.498773223254491	0.330171764897735	0.166	0.129	1	chr6-138104607-138108203	4
0.498860575971708	0.272249153329887	0.278	0.242	1	chr17-48891359-48893764	4
0.499593446588026	0.340630664756402	0.183	0.145	1	chr3-48917899-48920432	4
0.50060738238082	0.300699900127761	0.199	0.161	1	chr19-35264238-35270239	4
0.5012734485167	0.292706527836883	0.228	0.194	1	chr19-45766919-45771502	4
0.502025267345599	0.367736386819413	0.166	0.129	1	chr5-116733959-116735409	4
0.502717849769547	0.33926070648151	0.183	0.145	1	chr2-183078163-183079829	4
0.502936651382304	0.307141283594179	0.212	0.177	1	chr10-6162516-6165690	4
0.503324964991744	0.29906134647346	0.278	0.258	1	chr22-42089864-42091793	4
0.504622628432706	0.320140532422244	0.232	0.21	1	chr8-144900006-144903192	4
0.504826846475653	0.33483232192971	0.162	0.129	1	chr14-25658525-25661110	4
0.50709667212008	0.262610142412213	0.224	0.177	1	chr22-23892593-23896107	4
0.507821778528062	0.354980358426843	0.22	0.194	1	chr12-6383325-6385506	4
0.507838487817815	0.347538556606183	0.203	0.177	1	chr5-32249262-32250912	4
0.508562863936715	0.340184171906876	0.166	0.129	1	chr6-5302662-5303944	4
0.509232031990284	0.364631380884397	0.17	0.145	1	chr10-109995342-109996986	4
0.509991280645234	0.297582279213219	0.245	0.21	1	chr5-34006147-34009088	4
0.510204209390925	0.257454350451362	0.166	0.129	1	chr7-56078765-56080603	4
0.510612198810125	0.320364040150505	0.162	0.129	1	chr6-105301778-105303201	4
0.512152683398787	0.334452707853429	0.183	0.145	1	chr17-67717087-67719106	4
0.512183818187893	0.332907047399418	0.22	0.194	1	chr21-43725503-43729401	4
0.512639383685942	0.416400307819672	0.158	0.129	1	chr11-3130032-3131324	4
0.513194631659592	0.27931238900035	0.154	0.113	1	chr7-75526621-75528815	4
0.513734086830348	0.285162719039646	0.183	0.145	1	chr12-56487217-56488943	4
0.514317223514439	0.381338499306857	0.158	0.129	1	chrX-1451728-1454791	4
0.51439877870285	0.328386505441766	0.195	0.161	1	chr11-59809368-59811307	4
0.515941963668455	0.259400981745275	0.282	0.242	1	chr10-89700824-89702633	4
0.516703803535961	0.303040189079007	0.174	0.145	1	chr1-26921079-26922894	4
0.517479306605226	0.343424186446378	0.195	0.161	1	chr17-57533868-57536558	4
0.519367822000186	0.374297941931776	0.158	0.129	1	chr3-46975936-46977418	4
0.520488622509261	0.269713057272446	0.241	0.21	1	chr5-76818064-76821322	4
0.521421424605337	0.354386529705839	0.216	0.194	1	chr8-143367813-143371094	4
0.522286275975344	0.350393657987982	0.162	0.129	1	chr14-35402195-35405520	4
0.522388876933781	0.342990926017164	0.187	0.161	1	chr9-136117059-136120146	4
0.524740409969068	0.270921590727501	0.203	0.161	1	chr4-152094299-152096146	4
0.525100066931118	0.277597942217365	0.166	0.129	1	chr22-31080309-31082084	4
0.525723597718068	0.393011516831943	0.154	0.129	1	chr8-58030267-58032507	4
0.526488699370677	0.336507742554101	0.162	0.129	1	chr6-3117693-3119571	4
0.526768796668971	0.290559040118044	0.166	0.129	1	chr12-116954632-116956496	4
0.526969194517102	0.359582731823574	0.191	0.161	1	chr5-148903977-148906102	4
0.527071941441322	0.278283573851054	0.216	0.177	1	chr10-104336794-104340893	4
0.527285150732584	0.33494633094738	0.178	0.145	1	chr6-109336046-109337535	4
0.528253968168913	0.372878837185644	0.203	0.177	1	chr12-108559657-108564123	4
0.530282256556413	0.342268101831231	0.187	0.161	1	chr3-138173591-138175194	4
0.530409823361979	0.267390731142863	0.187	0.145	1	chr4-3073437-3076456	4
0.531251320782608	0.307588257262553	0.158	0.129	1	chr16-22231779-22233435	4
0.531273364706687	0.281838589436507	0.212	0.177	1	chr5-65925037-65928629	4
0.531554169451125	0.354989163947758	0.162	0.129	1	chr17-64496002-64499196	4
0.532960151054797	0.355031840102115	0.158	0.129	1	chr4-53273634-53275566	4
0.533470682781963	0.284715033185633	0.166	0.129	1	chr16-31141412-31143263	4
0.533771626277286	0.281372818345511	0.178	0.145	1	chr14-103384485-103387369	4
0.533980022908218	0.299862214965846	0.207	0.177	1	chr3-48711357-48712541	4
0.535150985767573	0.316874927395265	0.203	0.177	1	chr6-5259476-5262589	4
0.535507142605381	0.279256375291606	0.207	0.177	1	chr11-66478871-66481382	4
0.535773845691339	0.292437753124767	0.22	0.194	1	chr4-77145525-77148278	4
0.535794074013237	0.268049879332969	0.162	0.129	1	chr2-95525407-95527705	4
0.536298617069929	0.347686400770028	0.199	0.177	1	chr1-225833872-225837627	4
0.536640205750898	0.327021974593512	0.187	0.161	1	chr16-75462161-75465348	4
0.536888643938179	0.361333436117129	0.228	0.21	1	chr3-58035454-58044441	4
0.537044180278359	0.336664082494191	0.17	0.145	1	chr7-1046190-1048487	4
0.537422054979629	0.311697901116327	0.199	0.161	1	chr5-32144078-32146433	4
0.53810326901412	0.307219854219914	0.158	0.129	1	chr20-35276400-35279280	4
0.538162475925683	0.299751132383487	0.224	0.194	1	chr12-21500803-21502577	4
0.538662799615393	0.288478738431161	0.178	0.145	1	chr4-22514277-22517145	4
0.538962758448674	0.330578475370336	0.158	0.129	1	chr14-50115701-50117664	4
0.540051167166655	0.349025669793248	0.162	0.129	1	chr1-3794845-3797523	4
0.54083782378147	0.253287972979311	0.22	0.177	1	chr3-10758340-10759426	4
0.54193602146321	0.316732161777921	0.178	0.145	1	chr1-114779748-114781217	4
0.542685656519827	0.25220340860626	0.245	0.21	1	chr2-226835006-226838410	4
0.542797445930825	0.256965458607981	0.232	0.21	1	chr1-45566439-45570532	4
0.543576345548247	0.26395396870368	0.178	0.145	1	chr3-196567942-196570027	4
0.544715740512558	0.284370668008695	0.207	0.177	1	chr19-3982774-3988416	4
0.545301774161367	0.269098207294268	0.166	0.129	1	chr10-112716738-112717842	4
0.545712342691192	0.336684228517847	0.237	0.21	1	chr22-36026666-36029646	4
0.545957712543546	0.296505287983388	0.191	0.161	1	chr22-20079323-20081938	4
0.546730123649025	0.41589867431757	0.158	0.129	1	chr9-15551783-15553878	4
0.546864388433025	0.296788944239309	0.178	0.145	1	chr5-55600164-55602053	4
0.549079675796297	0.301803368851666	0.203	0.177	1	chr5-68286073-68292841	4
0.54957826327558	0.250463778161725	0.212	0.177	1	chr3-73541305-73544182	4
0.550391490296904	0.369565687691891	0.17	0.145	1	chr16-3609865-3612536	4
0.551938907682066	0.298032088086786	0.158	0.129	1	chr6-47308076-47310514	4
0.552701021373218	0.329743306739445	0.187	0.161	1	chr17-72182275-72184045	4
0.553680569236223	0.344767025972452	0.158	0.129	1	chr22-12601455-12603496	4
0.553786236592475	0.291212488121374	0.162	0.129	1	chr7-17094551-17095756	4
0.553786236592475	0.302077125247076	0.162	0.129	1	chrX-48520888-48522580	4
0.55454419669368	0.271053772345886	0.203	0.177	1	chr19-54200104-54203940	4
0.554631586558513	0.279809103004536	0.183	0.161	1	chr5-23506357-23508000	4
0.555271417399078	0.333929154940084	0.154	0.129	1	chr4-52050701-52052694	4
0.55551507276801	0.310876271297401	0.162	0.129	1	chr19-8220065-8222137	4
0.55555778796119	0.293935905318902	0.207	0.177	1	chr5-154937027-154938845	4
0.556143569833619	0.332068798849089	0.174	0.145	1	chr1-28369202-28371261	4
0.557564836923186	0.325231734701785	0.187	0.161	1	chr6-149564911-149567581	4
0.557818227290757	0.314711012759363	0.174	0.145	1	chr11-72102138-72103991	4
0.558711915252816	0.250666335152429	0.199	0.161	1	chr1-206469402-206471448	4
0.558802470763667	0.303464374089172	0.191	0.161	1	chr17-82874108-82877381	4
0.558815689664202	0.377288611870214	0.17	0.145	1	chr1-233613289-233616304	4
0.560035359253483	0.338796928738238	0.203	0.177	1	chr17-3665173-3669644	4
0.560568732190571	0.388904583854724	0.154	0.129	1	chr3-119468336-119469885	4
0.56125615536694	0.254820365079693	0.315	0.306	1	chr14-77005837-77009446	4
0.562429033467144	0.251148054835821	0.158	0.129	1	chr14-63852424-63854603	4
0.562449391543334	0.325477078571961	0.187	0.161	1	chr1-6579072-6581293	4
0.5631311275682	0.268841873124203	0.253	0.226	1	chr11-62590586-62592710	4
0.563195249917208	0.272927287184108	0.195	0.161	1	chr5-148841224-148843326	4
0.564186703078408	0.325049315281727	0.158	0.129	1	chr10-78964522-78965990	4
0.565890404837545	0.327249834823409	0.154	0.129	1	chr1-63980534-63981692	4
0.566228120848011	0.298281428835365	0.174	0.145	1	chr17-40316549-40318899	4
0.566342970414558	0.279553275153827	0.203	0.177	1	chr12-111993121-111995418	4
0.567354515462486	0.315303752316578	0.187	0.161	1	chr19-14528841-14530405	4
0.567709955886463	0.335906338360377	0.158	0.129	1	chr19-33373052-33374920	4
0.567767387560289	0.32773635540234	0.183	0.161	1	chr10-110501021-110504910	4
0.567925182367941	0.312465181652604	0.203	0.177	1	chr6-80003580-80005278	4
0.569006678531929	0.347900789038896	0.17	0.145	1	chr17-82697943-82699529	4
0.569439854117008	0.259789519370941	0.162	0.129	1	chr1-156114098-156116468	4
0.569451610183494	0.327479121207581	0.154	0.129	1	chr10-53219606-53222373	4
0.569475523073397	0.319676650776618	0.158	0.129	1	chr1-32289178-32292916	4
0.5722800360246	0.28799828464584	0.187	0.161	1	chr17-1683840-1685492	4
0.574243657408874	0.260219340031123	0.191	0.161	1	chr11-60923371-60926010	4
0.57439066184812	0.329622594364468	0.183	0.161	1	chr6-150068158-150069808	4
0.574698384619269	0.261104176642183	0.174	0.145	1	chr4-82552555-82553863	4
0.578342442363673	0.269091807432561	0.158	0.129	1	chr6-137866318-137867997	4
0.578401121756533	0.303330267197524	0.154	0.129	1	chr1-221230022-221231277	4
0.578401121756533	0.343674702906326	0.154	0.129	1	chr7-155001803-155004989	4
0.578401121756533	0.387637374581663	0.154	0.129	1	chr14-24187760-24189625	4
0.579285603768661	0.273437689312939	0.17	0.145	1	chr8-27361591-27362704	4
0.580123585364639	0.284979519911633	0.158	0.129	1	chr14-67940172-67942628	4
0.580728030935264	0.272150596498567	0.207	0.177	1	chr22-17637536-17640090	4
0.58190729535057	0.287614893838884	0.158	0.129	1	chr2-119282949-119284602	4
0.582720820059222	0.340244896495262	0.183	0.161	1	chr19-7902107-7905139	4
0.582731178481233	0.283451849416055	0.17	0.145	1	chr11-67804528-67807680	4
0.58366910166329	0.274085510103838	0.178	0.145	1	chr1-41498356-41501333	4
0.58445754441502	0.275905395301788	0.17	0.145	1	chr16-73009790-73011057	4
0.585369102540637	0.370759334047293	0.174	0.161	1	chr7-50066830-50070301	4
0.585482382604686	0.26714405621308	0.158	0.129	1	chr14-77067798-77071125	4
0.586377642010717	0.299110916408065	0.158	0.129	1	chr20-34823965-34826383	4
0.586761353612291	0.345656693018601	0.191	0.177	1	chr6-108847696-108849234	4
0.58765400254851	0.258019167370465	0.22	0.194	1	chr5-150904296-150905660	4
0.590094125774174	0.288266767518185	0.174	0.145	1	chr12-27094925-27096035	4
0.591040365466638	0.280848136177725	0.154	0.129	1	chr17-60524581-60526901	4
0.591394703052024	0.258815542014804	0.224	0.194	1	chr7-116209958-116212023	4
0.592182531484079	0.250975695417103	0.187	0.161	1	chr7-36366436-36367852	4
0.592856290306748	0.325441684433444	0.154	0.129	1	chr8-41577375-41579307	4
0.592856290306748	0.307354403321056	0.154	0.129	1	chr12-88552216-88554809	4
0.593364976940234	0.337685811793919	0.178	0.161	1	chr1-248730439-248731683	4
0.594173854896727	0.283670800828759	0.212	0.194	1	chr16-24538725-24541271	4
0.594464428808832	0.287533775670629	0.158	0.129	1	chr14-22955502-22957707	4
0.596268368126871	0.266944675828646	0.158	0.129	1	chr1-70717193-70718778	4
0.597855486177851	0.33151408515423	0.183	0.161	1	chr1-9161254-9165945	4
0.598728595856589	0.261991827134851	0.174	0.145	1	chr18-59549379-59550838	4
0.599684270333406	0.313671627188361	0.166	0.145	1	chr7-44572750-44574912	4
0.599883706896295	0.250478264481585	0.158	0.129	1	chr2-61763501-61765012	4
0.601532789595858	0.250202738526974	0.191	0.161	1	chr10-91923154-91924848	4
0.6026758871035	0.270548429184355	0.232	0.226	1	chr3-66220024-66221993	4
0.603508933458543	0.264208892680647	0.158	0.129	1	chr14-100439009-100441278	4
0.60487993535549	0.252388407091268	0.191	0.161	1	chr16-67197468-67200529	4
0.604922804649679	0.286951506910583	0.22	0.194	1	chr6-34535345-34539077	4
0.605357004569698	0.281452251459079	0.17	0.145	1	chr6-170305740-170307899	4
0.60804340695061	0.27348621961571	0.183	0.161	1	chr2-11743693-11745107	4
0.610302696212002	0.289878426215925	0.166	0.145	1	chr2-237581451-237582956	4
0.610633727952983	0.267973456731758	0.17	0.145	1	chr16-75515998-75517953	4
0.614843924079843	0.315493219137006	0.154	0.129	1	chr4-102500232-102504124	4
0.614843924079843	0.300035087279332	0.154	0.129	1	chr16-14974027-14976393	4
0.619237985773862	0.28158484452375	0.207	0.194	1	chr3-188152348-188155247	4
0.620396413518482	0.291158365863362	0.154	0.129	1	chr4-52603514-52604859	4
0.624292544809284	0.310304996722931	0.178	0.161	1	chr17-50477924-50480084	4
0.624588838929651	0.288811834999813	0.166	0.145	1	chr7-155456596-155459392	4
0.627833474155194	0.280557080239981	0.154	0.129	1	chrX-111680535-111682298	4
0.628381677603015	0.258297668745294	0.228	0.21	1	chr11-96389221-96390772	4
0.62998312513926	0.30768988771338	0.166	0.145	1	chr10-17229078-17231736	4
0.634425410034798	0.285206767491598	0.212	0.194	1	chr1-42657304-42659581	4
0.634754387827748	0.313847780109923	0.178	0.161	1	chr2-120252070-120254238	4
0.635523262441591	0.260240906311456	0.17	0.145	1	chr9-70477749-70481411	4
0.639060095685163	0.295606729938372	0.154	0.129	1	chr7-73737749-73739730	4
0.642368997950269	0.345082934357845	0.158	0.145	1	chr20-19426331-19428626	4
0.642820925716021	0.257830050075973	0.154	0.129	1	chr10-110303801-110306624	4
0.644365923965055	0.366734855911625	0.162	0.145	1	chr1-63547260-63548699	4
0.644704787054374	0.253807108728298	0.154	0.129	1	chr3-169966097-169967805	4
0.64719443670966	0.2897440663762	0.166	0.145	1	chr6-44252153-44258236	4
0.65339458627418	0.314021337644564	0.203	0.194	1	chr14-73784167-73788234	4
0.655410157125284	0.300766552328467	0.162	0.145	1	chr1-119387757-119390786	4
0.656104168943411	0.250805500050889	0.245	0.226	1	chr5-6711666-6715112	4
0.656337706156312	0.28583772538538	0.199	0.194	1	chr12-100199228-100201884	4
0.658163596723451	0.293327309838485	0.166	0.145	1	chr12-12611208-12612879	4
0.662829643811467	0.337990248846633	0.158	0.145	1	chr7-149459090-149461275	4
0.66653027330426	0.279756808654342	0.162	0.145	1	chr8-144372475-144375358	4
0.679596826324063	0.255030205523456	0.162	0.145	1	chr17-50908924-50910064	4
0.691138376705924	0.314957378979438	0.158	0.145	1	chr20-38108265-38110891	4
0.704501409662749	0.267488939398943	0.158	0.145	1	chr14-30621085-30623009	4
0.70641799863667	0.301844443276698	0.158	0.145	1	chr7-5512833-5514987	4
0.730140158844417	0.267944631324824	0.154	0.145	1	chr17-45425004-45426380	4
0.741305597141698	0.265582784270065	0.187	0.177	1	chr3-52470871-52472730	4
0.74979782802278	0.287851812325064	0.154	0.145	1	chr20-45362535-45364509	4
0.752337188522644	0.251830690648862	0.166	0.161	1	chr4-17510586-17513147	4
0.753749411386413	0.300506045160633	0.154	0.145	1	chr1-64965433-64967771	4
0.763816688884877	0.271688471701917	0.166	0.161	1	chr3-157498856-157500594	4
0.793604361635076	0.250251858882541	0.154	0.145	1	chr2-147841827-147846025	4
0.827821116981059	0.250637223452609	0.166	0.161	1	chr5-139635643-139639277	4
