p_val	avg_log2FC	pct.1	pct.2	p_val_adj	gene	cluster
0.016804604239087	14.924326681314	1	0	1	chr7-5486510-5488264	8
0.016804604239087	15.3377759465089	1	0	1	chr7-6322745-6323618	8
0.016804604239087	14.3072346510503	1	0	1	chr7-8260504-8263220	8
0.016804604239087	14.8743187788816	1	0	1	chr7-29684262-29686134	8
0.016804604239087	15.2010609719978	1	0	1	chr7-36287112-36288027	8
0.016804604239087	14.6318194572503	1	0	1	chr7-42151032-42153296	8
0.016804604239087	14.7059604516713	1	0	1	chr7-47950779-47952185	8
0.016804604239087	14.4298198741378	1	0	1	chr7-55364395-55367342	8
0.0261791970636472	3.53579555579836	1	0.2	1	chr7-7967872-7970412	8
0.0357700822324908	1.4553135773265	1	0.6	1	chr7-44580732-44583208	8
0.056663942878564	2.7289085838459	1	0.2	1	chr7-30616059-30618612	8
0.056663942878564	3.35768076445676	1	0.2	1	chr7-50745691-50794203	8
0.078982579263783	13.5452325115337	0.667	0	1	chr1-931546-934070	8
0.078982579263783	13.000291242112	0.667	0	1	chr1-8700525-8704063	8
0.078982579263783	12.7409328576647	0.667	0	1	chr1-8876566-8881172	8
0.078982579263783	12.8965970741807	0.667	0	1	chr1-9822388-9826258	8
0.078982579263783	14.0356984730515	0.667	0	1	chr1-12407018-12407942	8
0.078982579263783	14.4574062308039	0.667	0	1	chr1-25478416-25479120	8
0.078982579263783	13.1736386386809	0.667	0	1	chr1-27724906-27726870	8
0.078982579263783	13.3862983181697	0.667	0	1	chr1-27830050-27831967	8
0.078982579263783	13.312385579882	0.667	0	1	chr1-28913762-28915848	8
0.078982579263783	13.2748485967599	0.667	0	1	chr1-32758018-32763841	8
0.078982579263783	13.6381688105182	0.667	0	1	chr1-33054906-33056217	8
0.078982579263783	12.9919334927977	0.667	0	1	chr1-33376471-33379296	8
0.078982579263783	13.1719954254045	0.667	0	1	chr1-40861808-40863375	8
0.078982579263783	13.9203687277407	0.667	0	1	chr1-42996158-42997330	8
0.078982579263783	13.4602393362928	0.667	0	1	chr1-44985374-44987371	8
0.078982579263783	13.2383684549658	0.667	0	1	chr1-46393893-46397496	8
0.078982579263783	13.9077927212013	0.667	0	1	chr1-50023220-50024463	8
0.078982579263783	14.3914377595054	0.667	0	1	chr1-52348524-52349286	8
0.078982579263783	14.4510143718932	0.667	0	1	chr1-56372216-56373171	8
0.078982579263783	13.286153244122	0.667	0	1	chr1-58618260-58621705	8
0.078982579263783	12.7617385444506	0.667	0	1	chr1-62783327-62785137	8
0.078982579263783	13.1706097293575	0.667	0	1	chr1-67830905-67834018	8
0.078982579263783	12.5369812132049	0.667	0	1	chr1-70410180-70412522	8
0.078982579263783	13.5658422594038	0.667	0	1	chr1-87385308-87387196	8
0.078982579263783	13.117849239058	0.667	0	1	chr1-89523852-89525941	8
0.078982579263783	13.5626906897618	0.667	0	1	chr1-100451025-100453545	8
0.078982579263783	13.9800994158692	0.667	0	1	chr1-100924614-100925468	8
0.078982579263783	13.515027223652	0.667	0	1	chr1-102836690-102838672	8
0.078982579263783	13.2271210378357	0.667	0	1	chr1-111754736-111756950	8
0.078982579263783	13.2490154832596	0.667	0	1	chr1-150970813-150975281	8
0.078982579263783	13.4830282293244	0.667	0	1	chr1-155909630-155912384	8
0.078982579263783	13.0915850953632	0.667	0	1	chr1-156193374-156194855	8
0.078982579263783	13.8879198723581	0.667	0	1	chr1-161171835-161173426	8
0.078982579263783	13.1817824315013	0.667	0	1	chr1-161389201-161391002	8
0.078982579263783	13.101999030002	0.667	0	1	chr1-167219325-167224071	8
0.078982579263783	13.8328687481331	0.667	0	1	chr1-169848864-169850249	8
0.078982579263783	12.8851598961558	0.667	0	1	chr1-181021334-181023698	8
0.078982579263783	14.1571425612008	0.667	0	1	chr1-183622778-183623673	8
0.078982579263783	13.2702970589304	0.667	0	1	chr1-184482751-184485356	8
0.078982579263783	13.458246039088	0.667	0	1	chr1-204515724-204517263	8
0.078982579263783	14.1330586845832	0.667	0	1	chr1-205658677-205659745	8
0.078982579263783	14.2336017949893	0.667	0	1	chr1-207298166-207299497	8
0.078982579263783	13.3680503116466	0.667	0	1	chr1-212665111-212666086	8
0.078982579263783	13.1896171024107	0.667	0	1	chr1-223992156-223994125	8
0.078982579263783	14.7613519749501	0.667	0	1	chr1-232240065-232240493	8
0.078982579263783	13.4845745155489	0.667	0	1	chr1-234309196-234310573	8
0.078982579263783	13.1512712016132	0.667	0	1	chr1-236280616-236282730	8
0.078982579263783	13.5667029126326	0.667	0	1	chr1-246689247-246690340	8
0.078982579263783	11.7980952017099	0.667	0	1	chr1-248837029-248840094	8
0.078982579263783	13.981321154573	0.667	0	1	chr2-1617457-1619413	8
0.078982579263783	14.2185181436149	0.667	0	1	chr2-25479628-25480396	8
0.078982579263783	14.3994424289893	0.667	0	1	chr2-41965813-41966956	8
0.078982579263783	13.7729380292231	0.667	0	1	chr2-74833464-74836873	8
0.078982579263783	13.5049018273136	0.667	0	1	chr2-95333486-95334693	8
0.078982579263783	13.4410573101493	0.667	0	1	chr2-96760193-96761703	8
0.078982579263783	13.3079133623781	0.667	0	1	chr2-96771508-96772499	8
0.078982579263783	13.4140724196972	0.667	0	1	chr2-118087511-118089920	8
0.078982579263783	14.1069299697358	0.667	0	1	chr2-119641472-119642416	8
0.078982579263783	14.0558847350958	0.667	0	1	chr2-120343036-120343974	8
0.078982579263783	13.5579277655873	0.667	0	1	chr2-128090540-128092109	8
0.078982579263783	13.486317005851	0.667	0	1	chr2-130336716-130337899	8
0.078982579263783	14.2075721824746	0.667	0	1	chr2-138274798-138276744	8
0.078982579263783	14.5250230703002	0.667	0	1	chr2-146405380-146406453	8
0.078982579263783	14.2116835311662	0.667	0	1	chr2-154449803-154451097	8
0.078982579263783	12.8749373511963	0.667	0	1	chr2-158455978-158459878	8
0.078982579263783	14.1458555492269	0.667	0	1	chr2-177585166-177586098	8
0.078982579263783	13.7230729834022	0.667	0	1	chr2-196231940-196234123	8
0.078982579263783	13.2748568412027	0.667	0	1	chr2-202375484-202377911	8
0.078982579263783	14.3538950132057	0.667	0	1	chr2-207498987-207499629	8
0.078982579263783	13.2464039514693	0.667	0	1	chr2-217896878-217900845	8
0.078982579263783	13.1339692361813	0.667	0	1	chr2-218405503-218408117	8
0.078982579263783	13.4905084572429	0.667	0	1	chr2-222654594-222657378	8
0.078982579263783	13.8685343266171	0.667	0	1	chr2-223944298-223946042	8
0.078982579263783	14.4967588147498	0.667	0	1	chr2-230814285-230815049	8
0.078982579263783	14.1857534584061	0.667	0	1	chr2-232981265-232982270	8
0.078982579263783	13.440955479392	0.667	0	1	chr2-236823200-236826150	8
0.078982579263783	13.5134319198154	0.667	0	1	chr3-5264730-5266082	8
0.078982579263783	13.6993896113547	0.667	0	1	chr3-7381763-7383742	8
0.078982579263783	13.4057139514519	0.667	0	1	chr3-9730583-9733161	8
0.078982579263783	13.5702721594571	0.667	0	1	chr3-11271829-11273547	8
0.078982579263783	13.7855266328765	0.667	0	1	chr3-16456614-16457556	8
0.078982579263783	14.2600762938516	0.667	0	1	chr3-27615183-27616318	8
0.078982579263783	14.3768323671294	0.667	0	1	chr3-32847472-32848639	8
0.078982579263783	12.948534596994	0.667	0	1	chr3-39106045-39108548	8
0.078982579263783	13.3433249279229	0.667	0	1	chr3-43690128-43692547	8
0.078982579263783	14.1597739934034	0.667	0	1	chr3-46704764-46705621	8
0.078982579263783	13.5985465473757	0.667	0	1	chr3-48846661-48848400	8
0.078982579263783	12.730369111657	0.667	0	1	chr3-50336337-50338533	8
0.078982579263783	12.7097308962663	0.667	0	1	chr3-51498872-51500875	8
0.078982579263783	13.109415739322	0.667	0	1	chr3-51668800-51672457	8
0.078982579263783	13.266538148115	0.667	0	1	chr3-52286564-52288669	8
0.078982579263783	13.5655281188396	0.667	0	1	chr3-59049311-59050640	8
0.078982579263783	13.9121716331112	0.667	0	1	chr3-67201955-67203042	8
0.078982579263783	13.8911247276142	0.667	0	1	chr3-67791485-67792350	8
0.078982579263783	13.8161808874486	0.667	0	1	chr3-72745391-72747453	8
0.078982579263783	14.1536497278419	0.667	0	1	chr3-75429371-75430241	8
0.078982579263783	12.793455382308	0.667	0	1	chr3-96812811-96816533	8
0.078982579263783	14.1571425612008	0.667	0	1	chr3-98188328-98189727	8
0.078982579263783	14.7165599332587	0.667	0	1	chr3-105930648-105931206	8
0.078982579263783	13.4171496843984	0.667	0	1	chr3-108221508-108223441	8
0.078982579263783	12.8538808619945	0.667	0	1	chr3-119497230-119499561	8
0.078982579263783	13.8680754943977	0.667	0	1	chr3-126994469-126996234	8
0.078982579263783	13.2223220769288	0.667	0	1	chr3-132316702-132319117	8
0.078982579263783	13.581973787588	0.667	0	1	chr3-133661199-133662800	8
0.078982579263783	13.1935555543112	0.667	0	1	chr3-133804932-133806832	8
0.078982579263783	14.2247869731623	0.667	0	1	chr3-136070930-136072436	8
0.078982579263783	13.1005528746276	0.667	0	1	chr3-138833221-138835758	8
0.078982579263783	13.7915005590169	0.667	0	1	chr3-142279601-142280623	8
0.078982579263783	13.7180862388913	0.667	0	1	chr3-144104317-144106400	8
0.078982579263783	13.9937658602304	0.667	0	1	chr3-151890559-151891433	8
0.078982579263783	13.068408684344	0.667	0	1	chr3-160398387-160402539	8
0.078982579263783	13.5980603025792	0.667	0	1	chr3-179652092-179654673	8
0.078982579263783	13.5772756826752	0.667	0	1	chr3-183427826-183429327	8
0.078982579263783	13.3696017659491	0.667	0	1	chr3-184144216-184145861	8
0.078982579263783	13.5645803732142	0.667	0	1	chr3-189188035-189188989	8
0.078982579263783	13.3158705788896	0.667	0	1	chr4-2961550-2964673	8
0.078982579263783	13.6463815813685	0.667	0	1	chr4-6639619-6643686	8
0.078982579263783	14.0995029290798	0.667	0	1	chr4-16056012-16057733	8
0.078982579263783	14.245464377902	0.667	0	1	chr4-22316965-22317966	8
0.078982579263783	14.0821302865408	0.667	0	1	chr4-38529339-38530294	8
0.078982579263783	14.1885454837719	0.667	0	1	chr4-38865249-38865828	8
0.078982579263783	12.9480705610001	0.667	0	1	chr4-42653198-42657997	8
0.078982579263783	13.2573533635149	0.667	0	1	chr4-44725374-44727464	8
0.078982579263783	14.0031541741715	0.667	0	1	chr4-47715647-47716710	8
0.078982579263783	12.6703753507432	0.667	0	1	chr4-52711626-52717666	8
0.078982579263783	14.1432770697229	0.667	0	1	chr4-56931032-56932325	8
0.078982579263783	13.9187857431344	0.667	0	1	chr4-66034429-66036498	8
0.078982579263783	14.2651259471371	0.667	0	1	chr4-73341297-73341825	8
0.078982579263783	13.6246822956841	0.667	0	1	chr4-76207056-76209051	8
0.078982579263783	12.751078843858	0.667	0	1	chr4-77155468-77158768	8
0.078982579263783	14.2223687474526	0.667	0	1	chr4-79172267-79173730	8
0.078982579263783	12.9332114788611	0.667	0	1	chr4-82284360-82285950	8
0.078982579263783	13.0288900943768	0.667	0	1	chr4-82428436-82432215	8
0.078982579263783	12.7260648370784	0.667	0	1	chr4-86593688-86596131	8
0.078982579263783	13.2373892965796	0.667	0	1	chr4-88522541-88524687	8
0.078982579263783	14.0743111741994	0.667	0	1	chr4-101136138-101137851	8
0.078982579263783	14.1852969209417	0.667	0	1	chr4-101693663-101694497	8
0.078982579263783	13.7200617423486	0.667	0	1	chr4-108044552-108046492	8
0.078982579263783	14.4446953527907	0.667	0	1	chr4-108513016-108513594	8
0.078982579263783	13.370464698201	0.667	0	1	chr4-112144950-112146852	8
0.078982579263783	13.5011466203286	0.667	0	1	chr4-122731978-122733693	8
0.078982579263783	12.8437317783329	0.667	0	1	chr4-127963803-127966509	8
0.078982579263783	13.9445047333446	0.667	0	1	chr4-128398564-128399691	8
0.078982579263783	13.2263985860205	0.667	0	1	chr4-140149817-140154952	8
0.078982579263783	12.9406726301031	0.667	0	1	chr4-148441458-148443388	8
0.078982579263783	13.1754811807781	0.667	0	1	chr4-151408012-151410780	8
0.078982579263783	13.5953418392181	0.667	0	1	chr4-158768329-158769936	8
0.078982579263783	13.4267543060541	0.667	0	1	chr4-170025858-170027909	8
0.078982579263783	12.810953379924	0.667	0	1	chr4-184647302-184650670	8
0.078982579263783	13.1302372801216	0.667	0	1	chr4-184812479-184818232	8
0.078982579263783	12.802797931291	0.667	0	1	chr4-185395268-185397871	8
0.078982579263783	14.194487588422	0.667	0	1	chr5-316893-317738	8
0.078982579263783	13.5626906897618	0.667	0	1	chr5-15499434-15500942	8
0.078982579263783	13.555793871845	0.667	0	1	chr5-17951124-17952662	8
0.078982579263783	14.4545562826133	0.667	0	1	chr5-28737338-28738250	8
0.078982579263783	13.1612299156597	0.667	0	1	chr5-32311510-32315191	8
0.078982579263783	13.5770626886305	0.667	0	1	chr5-32887003-32889633	8
0.078982579263783	13.1036698010695	0.667	0	1	chr5-36150580-36152953	8
0.078982579263783	13.5568356310468	0.667	0	1	chr5-36605946-36607534	8
0.078982579263783	13.4939038237515	0.667	0	1	chr5-42811269-42812671	8
0.078982579263783	14.0607031689967	0.667	0	1	chr5-54646410-54647729	8
0.078982579263783	13.4872863958635	0.667	0	1	chr5-60487429-60488897	8
0.078982579263783	14.0449747442634	0.667	0	1	chr5-71441306-71442229	8
0.078982579263783	13.797436848467	0.667	0	1	chr5-75460387-75461519	8
0.078982579263783	13.5692155375769	0.667	0	1	chr5-76204196-76205381	8
0.078982579263783	13.221680250062	0.667	0	1	chr5-76384049-76389298	8
0.078982579263783	13.2183739751231	0.667	0	1	chr5-86617336-86619334	8
0.078982579263783	12.903716586466	0.667	0	1	chr5-126422773-126424310	8
0.078982579263783	14.1527793072926	0.667	0	1	chr5-130526433-130527196	8
0.078982579263783	14.079775576451	0.667	0	1	chr5-131109593-131110429	8
0.078982579263783	13.6784363345138	0.667	0	1	chr5-132293201-132295148	8
0.078982579263783	13.75749937169	0.667	0	1	chr5-134018120-134021068	8
0.078982579263783	13.0352796254594	0.667	0	1	chr5-139146705-139150435	8
0.078982579263783	13.2013983014007	0.667	0	1	chr5-140126255-140128482	8
0.078982579263783	14.6628446711725	0.667	0	1	chr5-143086893-143087762	8
0.078982579263783	13.9724583727513	0.667	0	1	chr5-145829480-145831379	8
0.078982579263783	13.6336918097935	0.667	0	1	chr5-149370773-149371969	8
0.078982579263783	12.833960391433	0.667	0	1	chr5-154937027-154938845	8
0.078982579263783	12.4903643412032	0.667	0	1	chr5-163458818-163463156	8
0.078982579263783	14.0589233947253	0.667	0	1	chr5-181181680-181182553	8
0.078982579263783	14.2762123775216	0.667	0	1	chr6-4102564-4103458	8
0.078982579263783	13.2196890421206	0.667	0	1	chr6-5003100-5004732	8
0.078982579263783	13.7884885328481	0.667	0	1	chr6-10527830-10528983	8
0.078982579263783	12.9615577135928	0.667	0	1	chr6-11092821-11095299	8
0.078982579263783	14.1839291764741	0.667	0	1	chr6-13166352-13167638	8
0.078982579263783	13.9044606762714	0.667	0	1	chr6-26364278-26365815	8
0.078982579263783	13.4667473187105	0.667	0	1	chr6-26553031-26555587	8
0.078982579263783	13.649674792688	0.667	0	1	chr6-27505258-27506221	8
0.078982579263783	13.8350697216964	0.667	0	1	chr6-27772150-27773096	8
0.078982579263783	13.8985912451167	0.667	0	1	chr6-29964505-29966698	8
0.078982579263783	12.9063264540229	0.667	0	1	chr6-30716752-30718051	8
0.078982579263783	12.7542792573338	0.667	0	1	chr6-31824937-31828256	8
0.078982579263783	14.0353298482678	0.667	0	1	chr6-35240890-35242081	8
0.078982579263783	14.4481970452897	0.667	0	1	chr6-72271444-72272313	8
0.078982579263783	12.8380056462304	0.667	0	1	chr6-83429522-83433079	8
0.078982579263783	13.5066810061675	0.667	0	1	chr6-105089777-105091969	8
0.078982579263783	13.623203321364	0.667	0	1	chr6-107674774-107675970	8
0.078982579263783	13.1089155579284	0.667	0	1	chr6-110896373-110906001	8
0.078982579263783	13.1231949595108	0.667	0	1	chr6-111481476-111485053	8
0.078982579263783	13.2313202924231	0.667	0	1	chr6-138403462-138405400	8
0.078982579263783	13.0768463471701	0.667	0	1	chr6-144283417-144288014	8
0.078982579263783	14.3933478729572	0.667	0	1	chr6-145101551-145102791	8
0.078982579263783	13.7947152308422	0.667	0	1	chr6-154487130-154489223	8
0.078982579263783	14.161622830868	0.667	0	1	chr7-816207-818675	8
0.078982579263783	13.9961004897759	0.667	0	1	chr7-866686-868329	8
0.078982579263783	14.3620213039813	0.667	0	1	chr7-875796-878452	8
0.078982579263783	14.6456011602599	0.667	0	1	chr7-887965-888892	8
0.078982579263783	14.5070907167368	0.667	0	1	chr7-992817-993847	8
0.078982579263783	14.5536414840906	0.667	0	1	chr7-1516401-1517240	8
0.078982579263783	13.8859615495328	0.667	0	1	chr7-1555062-1556894	8
0.078982579263783	14.5951138759036	0.667	0	1	chr7-2333281-2334064	8
0.078982579263783	14.5724939978276	0.667	0	1	chr7-2402843-2404700	8
0.078982579263783	14.4224287756004	0.667	0	1	chr7-2477357-2479591	8
0.078982579263783	14.2784359038316	0.667	0	1	chr7-2519051-2520745	8
0.078982579263783	14.5834914298091	0.667	0	1	chr7-2554096-2556314	8
0.078982579263783	14.6481792577359	0.667	0	1	chr7-2620937-2622582	8
0.078982579263783	13.8635686285065	0.667	0	1	chr7-2860142-2861424	8
0.078982579263783	14.8436593055709	0.667	0	1	chr7-5356819-5359258	8
0.078982579263783	14.2378924556633	0.667	0	1	chr7-5494481-5496285	8
0.078982579263783	15.2813451449546	0.667	0	1	chr7-5546653-5547009	8
0.078982579263783	14.4772397809273	0.667	0	1	chr7-6446739-6448879	8
0.078982579263783	14.6886016815939	0.667	0	1	chr7-6857622-6858199	8
0.078982579263783	13.982046671753	0.667	0	1	chr7-7098260-7100876	8
0.078982579263783	14.2865463859164	0.667	0	1	chr7-8290035-8292140	8
0.078982579263783	14.7464096437023	0.667	0	1	chr7-12066513-12067916	8
0.078982579263783	14.7591650036597	0.667	0	1	chr7-12769928-12770879	8
0.078982579263783	14.3128324771289	0.667	0	1	chr7-12941407-12944205	8
0.078982579263783	13.8273589728256	0.667	0	1	chr7-17939010-17941652	8
0.078982579263783	14.8613007133967	0.667	0	1	chr7-18419927-18421050	8
0.078982579263783	14.9349136947179	0.667	0	1	chr7-18529068-18529734	8
0.078982579263783	14.5435671688008	0.667	0	1	chr7-20598415-20599473	8
0.078982579263783	14.2571777968647	0.667	0	1	chr7-20797193-20799026	8
0.078982579263783	14.2821685891105	0.667	0	1	chr7-22329480-22330573	8
0.078982579263783	13.8617424853887	0.667	0	1	chr7-22361295-22362445	8
0.078982579263783	14.3676107688337	0.667	0	1	chr7-22672782-22674021	8
0.078982579263783	14.9233232566274	0.667	0	1	chr7-23544639-23545335	8
0.078982579263783	14.7209797963786	0.667	0	1	chr7-24769372-24770555	8
0.078982579263783	14.0857481650735	0.667	0	1	chr7-26198273-26203181	8
0.078982579263783	14.7533358115128	0.667	0	1	chr7-26423268-26423988	8
0.078982579263783	14.8582644270244	0.667	0	1	chr7-26700669-26701432	8
0.078982579263783	14.7434890243432	0.667	0	1	chr7-27784252-27784861	8
0.078982579263783	14.8156544849783	0.667	0	1	chr7-29194400-29195685	8
0.078982579263783	14.4250650897884	0.667	0	1	chr7-29381029-29382082	8
0.078982579263783	14.3724344141048	0.667	0	1	chr7-29441796-29443547	8
0.078982579263783	14.2121873211721	0.667	0	1	chr7-29562810-29565214	8
0.078982579263783	14.3653337202653	0.667	0	1	chr7-29696323-29696932	8
0.078982579263783	15.0510086906248	0.667	0	1	chr7-29806252-29806968	8
0.078982579263783	15.238021876696	0.667	0	1	chr7-30645008-30645561	8
0.078982579263783	14.5030889250685	0.667	0	1	chr7-35987855-35989364	8
0.078982579263783	13.9236869728536	0.667	0	1	chr7-36036406-36038613	8
0.078982579263783	14.0443848442574	0.667	0	1	chr7-36389238-36392201	8
0.078982579263783	14.8259990543563	0.667	0	1	chr7-37832091-37832784	8
0.078982579263783	14.673941017559	0.667	0	1	chr7-38196700-38197476	8
0.078982579263783	14.9444482086539	0.667	0	1	chr7-38433865-38434392	8
0.078982579263783	14.3983871463741	0.667	0	1	chr7-38773164-38774151	8
0.078982579263783	14.8523882444134	0.667	0	1	chr7-38825705-38826509	8
0.078982579263783	14.0448899182745	0.667	0	1	chr7-39565434-39567422	8
0.078982579263783	14.7154943061283	0.667	0	1	chr7-39810091-39811581	8
0.078982579263783	14.6843269438379	0.667	0	1	chr7-44324924-44326424	8
0.078982579263783	14.4776175768522	0.667	0	1	chr7-44477083-44478462	8
0.078982579263783	14.7601516341348	0.667	0	1	chr7-44856835-44857408	8
0.078982579263783	14.5149568919756	0.667	0	1	chr7-45154521-45155250	8
0.078982579263783	14.3026593885102	0.667	0	1	chr7-45690348-45692253	8
0.078982579263783	15.0674579872332	0.667	0	1	chr7-45861296-45862103	8
0.078982579263783	14.9487972302101	0.667	0	1	chr7-48154533-48155422	8
0.078982579263783	14.5965485522769	0.667	0	1	chr7-52355024-52355529	8
0.078982579263783	14.1654064814746	0.667	0	1	chr7-52636935-52637750	8
0.078982579263783	14.3922472394375	0.667	0	1	chr7-52719407-52720221	8
0.078982579263783	14.7557294814431	0.667	0	1	chr7-54877604-54878304	8
0.078982579263783	15.1569734122257	0.667	0	1	chr7-55036726-55037337	8
0.078982579263783	14.9109541675001	0.667	0	1	chr7-56327107-56327597	8
0.078982579263783	13.1329156288651	0.667	0	1	chr7-77536069-77539219	8
0.078982579263783	14.4966539322808	0.667	0	1	chr7-88243199-88243917	8
0.078982579263783	12.849648593192	0.667	0	1	chr7-92588469-92591056	8
0.078982579263783	12.8902779716648	0.667	0	1	chr7-95434129-95435703	8
0.078982579263783	13.8390003551692	0.667	0	1	chr7-96211985-96213368	8
0.078982579263783	13.727706791528	0.667	0	1	chr7-97116296-97118694	8
0.078982579263783	13.2702970589304	0.667	0	1	chr7-98877633-98880487	8
0.078982579263783	14.1460584949857	0.667	0	1	chr7-99415285-99415982	8
0.078982579263783	14.3807309524176	0.667	0	1	chr7-101507512-101508284	8
0.078982579263783	14.239488662777	0.667	0	1	chr7-101743225-101743967	8
0.078982579263783	13.8102775797692	0.667	0	1	chr7-103296886-103298611	8
0.078982579263783	13.2106020925447	0.667	0	1	chr7-105875843-105877246	8
0.078982579263783	14.4618022083405	0.667	0	1	chr7-112137115-112138329	8
0.078982579263783	15.007688648494	0.667	0	1	chr7-113246891-113247522	8
0.078982579263783	14.1494562776432	0.667	0	1	chr7-114020893-114022040	8
0.078982579263783	14.7006524893103	0.667	0	1	chr7-117090320-117091251	8
0.078982579263783	14.5201856843576	0.667	0	1	chr7-118735006-118735870	8
0.078982579263783	14.2514962650333	0.667	0	1	chr7-119269839-119271165	8
0.078982579263783	14.1848406951444	0.667	0	1	chr7-123781848-123782859	8
0.078982579263783	13.8829190974188	0.667	0	1	chr7-129367322-129368456	8
0.078982579263783	14.6093303108673	0.667	0	1	chr7-134834905-134835677	8
0.078982579263783	13.5679491482386	0.667	0	1	chr7-143407887-143409504	8
0.078982579263783	13.8599655442477	0.667	0	1	chr7-150016357-150017467	8
0.078982579263783	13.9721672395032	0.667	0	1	chr7-151630877-151633203	8
0.078982579263783	13.9962096229433	0.667	0	1	chr7-155860614-155862541	8
0.078982579263783	13.5319388991436	0.667	0	1	chr8-15701616-15703221	8
0.078982579263783	12.8252931210946	0.667	0	1	chr8-17674513-17677027	8
0.078982579263783	13.1974249134857	0.667	0	1	chr8-18082947-18085461	8
0.078982579263783	13.5645013861335	0.667	0	1	chr8-23067452-23069823	8
0.078982579263783	13.3871754413618	0.667	0	1	chr8-37694842-37697461	8
0.078982579263783	13.3617266845391	0.667	0	1	chr8-43092210-43094513	8
0.078982579263783	13.9889019294927	0.667	0	1	chr8-47941328-47943689	8
0.078982579263783	14.0581625362673	0.667	0	1	chr8-57702488-57703691	8
0.078982579263783	14.1326361841116	0.667	0	1	chr8-64769131-64771048	8
0.078982579263783	13.5413275698617	0.667	0	1	chr8-65030376-65032943	8
0.078982579263783	14.2889438213011	0.667	0	1	chr8-71703161-71704214	8
0.078982579263783	14.3487626389871	0.667	0	1	chr8-73665240-73665924	8
0.078982579263783	13.4225326620342	0.667	0	1	chr8-75406793-75409290	8
0.078982579263783	13.6105371915521	0.667	0	1	chr8-79890345-79891275	8
0.078982579263783	14.3068862606534	0.667	0	1	chr8-81780407-81781162	8
0.078982579263783	14.3671602283212	0.667	0	1	chr8-91228132-91229510	8
0.078982579263783	13.5491199687492	0.667	0	1	chr8-93927470-93930142	8
0.078982579263783	12.8458830945233	0.667	0	1	chr8-100949728-100954032	8
0.078982579263783	12.7634263727494	0.667	0	1	chr8-101203767-101207818	8
0.078982579263783	14.2243026091035	0.667	0	1	chr8-102179216-102180031	8
0.078982579263783	13.3836714599675	0.667	0	1	chr8-102917384-102918616	8
0.078982579263783	13.0418963658076	0.667	0	1	chr8-109583418-109586885	8
0.078982579263783	13.3542795444147	0.667	0	1	chr8-123394897-123397088	8
0.078982579263783	12.8300447503148	0.667	0	1	chr8-126554585-126559416	8
0.078982579263783	13.9087290269677	0.667	0	1	chr8-130357648-130359303	8
0.078982579263783	11.3442668392422	0.667	0	1	chr8-133447002-133520787	8
0.078982579263783	12.9999220516764	0.667	0	1	chr8-140633377-140638005	8
0.078982579263783	13.1484622651443	0.667	0	1	chr8-144753976-144756081	8
0.078982579263783	12.8412071746165	0.667	0	1	chr9-6680319-6682618	8
0.078982579263783	12.6765665181608	0.667	0	1	chr9-19229579-19234016	8
0.078982579263783	13.7794048900336	0.667	0	1	chr9-33081044-33081780	8
0.078982579263783	13.3302607755076	0.667	0	1	chr9-37485215-37487789	8
0.078982579263783	12.9209569455533	0.667	0	1	chr9-69120243-69123318	8
0.078982579263783	14.3426721111965	0.667	0	1	chr9-72024859-72025594	8
0.078982579263783	14.10435668565	0.667	0	1	chr9-76097277-76098011	8
0.078982579263783	12.3345288907662	0.667	0	1	chr9-78295411-78299674	8
0.078982579263783	13.8482921850211	0.667	0	1	chr9-81393651-81395649	8
0.078982579263783	12.8714037328832	0.667	0	1	chr9-89999032-90000731	8
0.078982579263783	13.3334951988467	0.667	0	1	chr9-96449427-96450969	8
0.078982579263783	12.487283636453	0.667	0	1	chr9-99819099-99822995	8
0.078982579263783	14.5020419941386	0.667	0	1	chr9-100384963-100385635	8
0.078982579263783	13.3554079314176	0.667	0	1	chr9-109250472-109251996	8
0.078982579263783	13.6782210951863	0.667	0	1	chr9-114994717-114997214	8
0.078982579263783	14.0117550352276	0.667	0	1	chr9-123686075-123687636	8
0.078982579263783	13.0764883049369	0.667	0	1	chr9-124940178-124942526	8
0.078982579263783	13.0242939507123	0.667	0	1	chr9-133029888-133031416	8
0.078982579263783	12.7629220062892	0.667	0	1	chr9-134354492-134363947	8
0.078982579263783	13.5646479931075	0.667	0	1	chr9-136051109-136053701	8
0.078982579263783	14.2504869948786	0.667	0	1	chr9-136296955-136297796	8
0.078982579263783	14.1105728280712	0.667	0	1	chr9-137118601-137119272	8
0.078982579263783	13.3303346531346	0.667	0	1	chr9-137188172-137190940	8
0.078982579263783	12.6724356561344	0.667	0	1	chr9-137221506-137229393	8
0.078982579263783	13.7656016223458	0.667	0	1	chr9-137481858-137482836	8
0.078982579263783	13.5774887248971	0.667	0	1	chr10-969901-972094	8
0.078982579263783	13.8892939969947	0.667	0	1	chr10-11822900-11826204	8
0.078982579263783	14.1595345695292	0.667	0	1	chr10-27482894-27484051	8
0.078982579263783	12.4372543072491	0.667	0	1	chr10-28676867-28686146	8
0.078982579263783	13.7464855759781	0.667	0	1	chr10-29408934-29410774	8
0.078982579263783	13.9857915430543	0.667	0	1	chr10-31603106-31604139	8
0.078982579263783	14.2959501140816	0.667	0	1	chr10-44386422-44387190	8
0.078982579263783	13.945813183021	0.667	0	1	chr10-44636487-44637184	8
0.078982579263783	13.9626926423267	0.667	0	1	chr10-46228302-46229611	8
0.078982579263783	13.4289134329262	0.667	0	1	chr10-51073777-51075395	8
0.078982579263783	14.2361135233112	0.667	0	1	chr10-66310391-66311146	8
0.078982579263783	13.5734491354206	0.667	0	1	chr10-71850084-71851836	8
0.078982579263783	13.455602199086	0.667	0	1	chr10-97736493-97738261	8
0.078982579263783	13.7253762949533	0.667	0	1	chr10-100345456-100347801	8
0.078982579263783	13.9425461783425	0.667	0	1	chr10-101569683-101571005	8
0.078982579263783	13.1291339096581	0.667	0	1	chr10-102393644-102396521	8
0.078982579263783	14.0099721819035	0.667	0	1	chr10-103659633-103661045	8
0.078982579263783	12.9589414766521	0.667	0	1	chr10-104231392-104233096	8
0.078982579263783	14.3801072304334	0.667	0	1	chr10-110391762-110393179	8
0.078982579263783	13.4189100829262	0.667	0	1	chr10-114525199-114527809	8
0.078982579263783	14.6639141377692	0.667	0	1	chr10-117365572-117366192	8
0.078982579263783	13.0943787161799	0.667	0	1	chr10-122062683-122063862	8
0.078982579263783	13.2879034706992	0.667	0	1	chr11-704403-707902	8
0.078982579263783	14.1028707817896	0.667	0	1	chr11-3942232-3943499	8
0.078982579263783	13.2845423077642	0.667	0	1	chr11-6233889-6235710	8
0.078982579263783	13.5041121248396	0.667	0	1	chr11-47847277-47849156	8
0.078982579263783	13.5356017922082	0.667	0	1	chr11-59559839-59561620	8
0.078982579263783	13.7026748631184	0.667	0	1	chr11-62708540-62710178	8
0.078982579263783	14.2050579567142	0.667	0	1	chr11-62938821-62939688	8
0.078982579263783	14.5483954070712	0.667	0	1	chr11-63635597-63636291	8
0.078982579263783	12.962987222697	0.667	0	1	chr11-65487037-65490124	8
0.078982579263783	13.1277562290966	0.667	0	1	chr11-66544907-66546785	8
0.078982579263783	13.6175376025108	0.667	0	1	chr11-67248133-67249242	8
0.078982579263783	13.4362557602167	0.667	0	1	chr11-67286557-67290164	8
0.078982579263783	13.208267389864	0.667	0	1	chr11-67316616-67318718	8
0.078982579263783	13.7749650949486	0.667	0	1	chr11-71579497-71581055	8
0.078982579263783	13.5330759860136	0.667	0	1	chr11-73306971-73308766	8
0.078982579263783	14.232586313177	0.667	0	1	chr11-75022635-75023451	8
0.078982579263783	14.0631224559916	0.667	0	1	chr11-75706148-75706857	8
0.078982579263783	13.9161932866434	0.667	0	1	chr11-78416629-78418422	8
0.078982579263783	13.714117091267	0.667	0	1	chr11-88689155-88690358	8
0.078982579263783	14.3113156739525	0.667	0	1	chr11-94623065-94623769	8
0.078982579263783	13.1553427187646	0.667	0	1	chr11-94844715-94846567	8
0.078982579263783	13.0259288270359	0.667	0	1	chr11-108592496-108594447	8
0.078982579263783	13.3553817764715	0.667	0	1	chr11-111918354-111919418	8
0.078982579263783	13.3232169966243	0.667	0	1	chr11-112225826-112227415	8
0.078982579263783	13.3489362331738	0.667	0	1	chr11-118263090-118265065	8
0.078982579263783	14.426876138406	0.667	0	1	chr11-119412846-119413390	8
0.078982579263783	13.6716658410629	0.667	0	1	chr11-124739365-124741011	8
0.078982579263783	13.2823349553085	0.667	0	1	chr11-125873435-125875040	8
0.078982579263783	13.7761066736452	0.667	0	1	chr11-126079402-126081163	8
0.078982579263783	13.9626926423267	0.667	0	1	chr11-128416681-128417969	8
0.078982579263783	13.8488719204401	0.667	0	1	chr11-129318795-129320254	8
0.078982579263783	13.8795999019888	0.667	0	1	chr12-12915969-12917245	8
0.078982579263783	14.7803035133299	0.667	0	1	chr12-30908620-30909108	8
0.078982579263783	14.1848406951444	0.667	0	1	chr12-31721267-31722154	8
0.078982579263783	12.8892959828848	0.667	0	1	chr12-32754707-32756969	8
0.078982579263783	13.8064810087674	0.667	0	1	chr12-50056946-50058141	8
0.078982579263783	12.8797043786664	0.667	0	1	chr12-56359671-56361076	8
0.078982579263783	13.1298233883033	0.667	0	1	chr12-57693334-57695052	8
0.078982579263783	13.7106586825504	0.667	0	1	chr12-57905004-57906128	8
0.078982579263783	14.3426721111965	0.667	0	1	chr12-67695910-67696622	8
0.078982579263783	12.8512746240196	0.667	0	1	chr12-98502694-98504978	8
0.078982579263783	13.1979483152976	0.667	0	1	chr12-101828478-101831570	8
0.078982579263783	13.8198125297019	0.667	0	1	chr12-110123775-110125168	8
0.078982579263783	12.9963522838109	0.667	0	1	chr12-120685998-120689812	8
0.078982579263783	13.3255290514768	0.667	0	1	chr12-122110767-122112551	8
0.078982579263783	12.8326532896954	0.667	0	1	chr12-122973781-122976544	8
0.078982579263783	13.6432480102013	0.667	0	1	chr12-132954770-132957114	8
0.078982579263783	13.6802819666258	0.667	0	1	chr13-30673489-30674854	8
0.078982579263783	13.2127199630185	0.667	0	1	chr13-44139911-44142758	8
0.078982579263783	13.3393424893322	0.667	0	1	chr13-44853353-44855319	8
0.078982579263783	13.8107797369344	0.667	0	1	chr13-44967423-44968861	8
0.078982579263783	14.6858314650211	0.667	0	1	chr13-45309283-45309783	8
0.078982579263783	13.3014224013562	0.667	0	1	chr13-49443313-49445497	8
0.078982579263783	13.1341076970403	0.667	0	1	chr13-50121097-50126896	8
0.078982579263783	14.1857534584061	0.667	0	1	chr13-59585196-59586114	8
0.078982579263783	13.7018272514491	0.667	0	1	chr13-79237468-79238698	8
0.078982579263783	13.6748990545824	0.667	0	1	chr13-85798891-85799905	8
0.078982579263783	13.970904040584	0.667	0	1	chr13-106958236-106960989	8
0.078982579263783	14.4227889080331	0.667	0	1	chr13-107743437-107743983	8
0.078982579263783	14.6960412327695	0.667	0	1	chr13-109145520-109145979	8
0.078982579263783	13.4980135517169	0.667	0	1	chr13-112905587-112906915	8
0.078982579263783	12.6428890238265	0.667	0	1	chr14-22928372-22930945	8
0.078982579263783	13.358449015608	0.667	0	1	chr14-25658525-25661110	8
0.078982579263783	12.9501840682459	0.667	0	1	chr14-31024771-31027607	8
0.078982579263783	14.2166013196291	0.667	0	1	chr14-34121778-34122682	8
0.078982579263783	12.8159995327033	0.667	0	1	chr14-36661205-36663276	8
0.078982579263783	12.8767089057776	0.667	0	1	chr14-39265016-39268961	8
0.078982579263783	13.8605536097703	0.667	0	1	chr14-41520693-41522518	8
0.078982579263783	13.811550643622	0.667	0	1	chr14-72128005-72130001	8
0.078982579263783	13.1796160282248	0.667	0	1	chr14-75399697-75401729	8
0.078982579263783	13.259991742517	0.667	0	1	chr14-75577405-75580273	8
0.078982579263783	14.013186169982	0.667	0	1	chr14-81169419-81171207	8
0.078982579263783	12.7407347518701	0.667	0	1	chr14-81533043-81534687	8
0.078982579263783	13.0758307526538	0.667	0	1	chr14-96361544-96364818	8
0.078982579263783	13.4861232428384	0.667	0	1	chr14-101759936-101762518	8
0.078982579263783	14.1266562702289	0.667	0	1	chr14-104341871-104342702	8
0.078982579263783	13.8078598557882	0.667	0	1	chr15-29401443-29402294	8
0.078982579263783	14.5193837589682	0.667	0	1	chr15-29731570-29732369	8
0.078982579263783	14.0652734949657	0.667	0	1	chr15-38563748-38565268	8
0.078982579263783	13.0450911546059	0.667	0	1	chr15-39273500-39274807	8
0.078982579263783	14.2469670333847	0.667	0	1	chr15-40155053-40155835	8
0.078982579263783	13.4512911859531	0.667	0	1	chr15-40763092-40766120	8
0.078982579263783	13.9538922518372	0.667	0	1	chr15-41115169-41117124	8
0.078982579263783	14.2175596374735	0.667	0	1	chr15-42066221-42066961	8
0.078982579263783	14.6725583969195	0.667	0	1	chr15-44066173-44066643	8
0.078982579263783	13.4256268348888	0.667	0	1	chr15-52178799-52180445	8
0.078982579263783	13.9670550126454	0.667	0	1	chr15-52250276-52251569	8
0.078982579263783	14.1135372624038	0.667	0	1	chr15-52656372-52657837	8
0.078982579263783	14.0432294003454	0.667	0	1	chr15-63833073-63834804	8
0.078982579263783	13.1832290793732	0.667	0	1	chr15-67253586-67255321	8
0.078982579263783	13.5252596189283	0.667	0	1	chr15-68469361-68472110	8
0.078982579263783	13.454475782673	0.667	0	1	chr15-74872448-74874012	8
0.078982579263783	12.9527131689497	0.667	0	1	chr15-78929667-78934770	8
0.078982579263783	13.7862961340288	0.667	0	1	chr15-90148950-90150266	8
0.078982579263783	14.4350059401835	0.667	0	1	chr15-99136898-99137862	8
0.078982579263783	13.3958114189764	0.667	0	1	chr15-101250203-101253121	8
0.078982579263783	13.3651261580074	0.667	0	1	chr15-101723157-101725032	8
0.078982579263783	13.2401315348594	0.667	0	1	chr16-52765-54409	8
0.078982579263783	13.3435853429877	0.667	0	1	chr16-2718884-2721823	8
0.078982579263783	12.5912401064306	0.667	0	1	chr16-3149336-3153318	8
0.078982579263783	12.9708809431373	0.667	0	1	chr16-10978824-10980858	8
0.078982579263783	13.3405159031669	0.667	0	1	chr16-14974027-14976393	8
0.078982579263783	13.1816378715423	0.667	0	1	chr16-21517258-21520918	8
0.078982579263783	13.6255792867105	0.667	0	1	chr16-22091590-22092945	8
0.078982579263783	12.692847354082	0.667	0	1	chr16-29804035-29809504	8
0.078982579263783	13.2104913974342	0.667	0	1	chr16-30740024-30742329	8
0.078982579263783	13.6221103047283	0.667	0	1	chr16-30747393-30749091	8
0.078982579263783	12.7232907492752	0.667	0	1	chr16-46882192-46888000	8
0.078982579263783	13.677455934662	0.667	0	1	chr16-48629991-48631049	8
0.078982579263783	13.8471339402447	0.667	0	1	chr16-55494933-55496644	8
0.078982579263783	14.0298224965689	0.667	0	1	chr16-58196843-58198678	8
0.078982579263783	13.9131131267678	0.667	0	1	chr16-67155059-67155948	8
0.078982579263783	12.8852714936459	0.667	0	1	chr16-67158927-67162834	8
0.078982579263783	12.8546420819167	0.667	0	1	chr16-68448009-68449392	8
0.078982579263783	13.2807030182967	0.667	0	1	chr16-69424013-69425334	8
0.078982579263783	12.9396205419002	0.667	0	1	chr16-69725556-69727488	8
0.078982579263783	13.2645075884393	0.667	0	1	chr16-77414559-77415629	8
0.078982579263783	13.3857724057581	0.667	0	1	chr16-85514173-85516506	8
0.078982579263783	13.2061957424627	0.667	0	1	chr17-1683840-1685492	8
0.078982579263783	13.6316796737811	0.667	0	1	chr17-19361835-19363447	8
0.078982579263783	14.1762309386141	0.667	0	1	chr17-21764568-21765320	8
0.078982579263783	14.79008791471	0.667	0	1	chr17-45812167-45812565	8
0.078982579263783	13.595124703674	0.667	0	1	chr17-48830668-48831869	8
0.078982579263783	13.0712385318057	0.667	0	1	chr17-55432459-55434375	8
0.078982579263783	14.2535196009444	0.667	0	1	chr17-58959897-58960750	8
0.078982579263783	13.0583487349721	0.667	0	1	chr17-59327106-59333161	8
0.078982579263783	13.2851486472468	0.667	0	1	chr17-60599207-60602407	8
0.078982579263783	13.1299613351803	0.667	0	1	chr17-63739804-63743108	8
0.078982579263783	13.3543613842994	0.667	0	1	chr17-67717087-67719106	8
0.078982579263783	13.4588006708373	0.667	0	1	chr17-74986906-74989156	8
0.078982579263783	12.9719615076069	0.667	0	1	chr17-75556711-75560476	8
0.078982579263783	14.2388862236543	0.667	0	1	chr17-75764464-75765622	8
0.078982579263783	13.6298519720939	0.667	0	1	chr17-79305626-79307645	8
0.078982579263783	13.1997664119307	0.667	0	1	chr18-3245756-3249047	8
0.078982579263783	13.3220381978802	0.667	0	1	chr18-3593313-3597514	8
0.078982579263783	14.0312928789667	0.667	0	1	chr18-8989840-8991235	8
0.078982579263783	14.2849882013451	0.667	0	1	chr18-9722534-9723203	8
0.078982579263783	14.1995971428539	0.667	0	1	chr18-12236959-12237811	8
0.078982579263783	13.923226136018	0.667	0	1	chr18-12810817-12811997	8
0.078982579263783	13.665344745114	0.667	0	1	chr18-13725673-13727490	8
0.078982579263783	13.5264705924536	0.667	0	1	chr18-22913500-22914393	8
0.078982579263783	14.4897748356437	0.667	0	1	chr18-24734012-24734568	8
0.078982579263783	13.5652346513682	0.667	0	1	chr18-36065872-36068111	8
0.078982579263783	13.5460930586511	0.667	0	1	chr18-45966644-45968139	8
0.078982579263783	13.8883801954946	0.667	0	1	chr18-49368222-49369477	8
0.078982579263783	13.8156235717744	0.667	0	1	chr18-54253899-54256016	8
0.078982579263783	13.306686079722	0.667	0	1	chr18-57620890-57622603	8
0.078982579263783	13.1897239058787	0.667	0	1	chr18-75207232-75212761	8
0.078982579263783	13.7382057675722	0.667	0	1	chr18-79950568-79952457	8
0.078982579263783	13.399002311232	0.667	0	1	chr19-679556-681367	8
0.078982579263783	13.8330760430338	0.667	0	1	chr19-9406740-9407699	8
0.078982579263783	13.196921756809	0.667	0	1	chr19-9767838-9769256	8
0.078982579263783	13.9333039862073	0.667	0	1	chr19-10677410-10678456	8
0.078982579263783	14.0345931521291	0.667	0	1	chr19-11963837-11965642	8
0.078982579263783	13.7466421031118	0.667	0	1	chr19-12483956-12485465	8
0.078982579263783	14.1215423962441	0.667	0	1	chr19-16078428-16079744	8
0.078982579263783	13.4635231298981	0.667	0	1	chr19-17214599-17216129	8
0.078982579263783	13.7316160464041	0.667	0	1	chr19-34403861-34405194	8
0.078982579263783	13.2601471441293	0.667	0	1	chr19-35264238-35270239	8
0.078982579263783	13.1039174426116	0.667	0	1	chr19-35744342-35746206	8
0.078982579263783	13.452413996787	0.667	0	1	chr19-38361168-38362979	8
0.078982579263783	12.9382130116279	0.667	0	1	chr19-39969258-39971797	8
0.078982579263783	14.0558847350958	0.667	0	1	chr19-43934483-43935747	8
0.078982579263783	13.7331243011999	0.667	0	1	chr19-46849113-46851337	8
0.078982579263783	14.1866028391977	0.667	0	1	chr19-48445001-48446635	8
0.078982579263783	13.555793871845	0.667	0	1	chr19-48629519-48631578	8
0.078982579263783	13.4342312516878	0.667	0	1	chr19-52048249-52049794	8
0.078982579263783	13.4757164223407	0.667	0	1	chr19-52526835-52528576	8
0.078982579263783	12.5108186491383	0.667	0	1	chr19-54135983-54139048	8
0.078982579263783	12.6284184991242	0.667	0	1	chr19-54158454-54161211	8
0.078982579263783	13.6566113553428	0.667	0	1	chr19-57558805-57560436	8
0.078982579263783	13.8057863665912	0.667	0	1	chr20-2329688-2330759	8
0.078982579263783	13.4023813844561	0.667	0	1	chr20-3795354-3797059	8
0.078982579263783	13.9135603809598	0.667	0	1	chr20-8131468-8132952	8
0.078982579263783	14.1991310067044	0.667	0	1	chr20-19583557-19584314	8
0.078982579263783	13.1799046351634	0.667	0	1	chr20-20016784-20019759	8
0.078982579263783	14.1785725203269	0.667	0	1	chr20-20610973-20612896	8
0.078982579263783	14.5951934304013	0.667	0	1	chr20-22583402-22584461	8
0.078982579263783	13.007452180126	0.667	0	1	chr20-29079566-29081057	8
0.078982579263783	13.5102491680772	0.667	0	1	chr20-30585056-30586135	8
0.078982579263783	13.8059301029337	0.667	0	1	chr20-33908091-33910569	8
0.078982579263783	13.1325855730392	0.667	0	1	chr20-41027859-41031893	8
0.078982579263783	14.0778192190405	0.667	0	1	chr20-47008748-47009691	8
0.078982579263783	13.2629482432131	0.667	0	1	chr20-51382758-51383819	8
0.078982579263783	14.2586062056673	0.667	0	1	chr20-57091873-57092749	8
0.078982579263783	14.0950138013433	0.667	0	1	chr21-23152003-23153667	8
0.078982579263783	13.2808614704472	0.667	0	1	chr21-25606731-25608930	8
0.078982579263783	13.8947328571022	0.667	0	1	chr21-26166553-26167914	8
0.078982579263783	13.2431866806637	0.667	0	1	chr21-39347812-39350426	8
0.078982579263783	14.12340573654	0.667	0	1	chr21-42315155-42315944	8
0.078982579263783	13.5291620917718	0.667	0	1	chr21-45511591-45514535	8
0.078982579263783	13.3055506293364	0.667	0	1	chr21-45554463-45556546	8
0.078982579263783	13.9775589364037	0.667	0	1	chr22-17600722-17601692	8
0.078982579263783	13.6962306442164	0.667	0	1	chr22-30634309-30636493	8
0.078982579263783	13.5329549691217	0.667	0	1	chr22-46761879-46763361	8
0.078982579263783	12.4186936578933	0.667	0	1	chr22-50524154-50532759	8
0.078982579263783	14.6368610142596	0.667	0	1	chrX-25726485-25727196	8
0.078982579263783	14.2850499667991	0.667	0	1	chrX-44545163-44546218	8
0.078982579263783	14.3268540235656	0.667	0	1	chrX-45506138-45507681	8
0.078982579263783	13.998661334302	0.667	0	1	chrX-46791806-46793223	8
0.078982579263783	13.5986049468034	0.667	0	1	chrX-47482050-47484251	8
0.078982579263783	13.5062377311502	0.667	0	1	chrX-47560153-47562057	8
0.078982579263783	14.335833552578	0.667	0	1	chrX-95764820-95765661	8
0.078982579263783	13.421261351314	0.667	0	1	chrX-96684089-96686667	8
0.078982579263783	13.3187724168052	0.667	0	1	chrX-101406924-101409242	8
0.078982579263783	14.333393764897	0.667	0	1	chrX-103464490-103465194	8
0.078982579263783	14.241474405123	0.667	0	1	chrX-111669817-111670740	8
0.078982579263783	13.8832215213575	0.667	0	1	chrX-153333558-153334735	8
0.112230924681785	2.27962864107264	1	0.2	1	chr7-6058175-6059682	8
0.112230924681785	2.62851319095294	1	0.2	1	chr7-55254482-55256231	8
0.171857339062799	2.41358224489764	0.667	0.2	1	chr1-58903056-58904597	8
0.171857339062799	2.408352171754	0.667	0.2	1	chr1-85274732-85279287	8
0.171857339062799	2.12113902248485	0.667	0.2	1	chr1-151280783-151284083	8
0.171857339062799	2.05717024726503	0.667	0.2	1	chr1-153957475-153959302	8
0.171857339062799	2.09287796838869	0.667	0.2	1	chr1-174158294-174160748	8
0.171857339062799	2.1049616185519	0.667	0.2	1	chr1-205314945-205320294	8
0.171857339062799	2.17347763559916	0.667	0.2	1	chr1-236794514-236796720	8
0.171857339062799	2.28655010385944	0.667	0.2	1	chr3-48471470-48473873	8
0.171857339062799	2.23648219577912	0.667	0.2	1	chr3-71657788-71658836	8
0.171857339062799	1.86569865971025	0.667	0.2	1	chr3-136339316-136339755	8
0.171857339062799	2.09895621183117	0.667	0.2	1	chr3-136861205-136863580	8
0.171857339062799	1.7937981862555	0.667	0.2	1	chr4-929818-933289	8
0.171857339062799	2.48606162337765	0.667	0.2	1	chr4-37684821-37687667	8
0.171857339062799	1.79303537683459	0.667	0.2	1	chr4-102759707-102761693	8
0.171857339062799	2.06677487077032	0.667	0.2	1	chr4-163492974-163496392	8
0.171857339062799	1.79688116380405	0.667	0.2	1	chr5-56814256-56817391	8
0.171857339062799	2.05757647276711	0.667	0.2	1	chr5-140690477-140692837	8
0.171857339062799	2.56729653479668	0.667	0.2	1	chr7-1046190-1048487	8
0.171857339062799	3.19364324684794	0.667	0.2	1	chr7-2629560-2633065	8
0.171857339062799	2.4843437754442	0.667	0.2	1	chr7-2715215-2718091	8
0.171857339062799	2.28895689930941	0.667	0.2	1	chr7-3415777-3416828	8
0.171857339062799	2.11688164974735	0.667	0.2	1	chr7-4610730-4611313	8
0.171857339062799	2.82467485467275	0.667	0.2	1	chr7-6268036-6269834	8
0.171857339062799	3.20344406630911	0.667	0.2	1	chr7-21944473-21947702	8
0.171857339062799	2.7774554607697	0.667	0.2	1	chr7-24978896-24982302	8
0.171857339062799	2.24676852517859	0.667	0.2	1	chr7-38318478-38319291	8
0.171857339062799	2.15906219104335	0.667	0.2	1	chr7-47327727-47328533	8
0.171857339062799	2.59231638198212	0.667	0.2	1	chr7-56050187-56053032	8
0.171857339062799	2.71905665044789	0.667	0.2	1	chr7-56078765-56080603	8
0.171857339062799	2.3226343201327	0.667	0.2	1	chr7-105008677-105015930	8
0.171857339062799	2.09531080082166	0.667	0.2	1	chr7-128530393-128532616	8
0.171857339062799	2.04994227994921	0.667	0.2	1	chr8-53734066-53736126	8
0.171857339062799	2.12468112667718	0.667	0.2	1	chr8-140463638-140465514	8
0.171857339062799	2.36809796358766	0.667	0.2	1	chr9-137069322-137071578	8
0.171857339062799	2.07734395597519	0.667	0.2	1	chr10-102712994-102715761	8
0.171857339062799	2.08926008095225	0.667	0.2	1	chr11-9459292-9462334	8
0.171857339062799	2.45084833728884	0.667	0.2	1	chr11-61157687-61162774	8
0.171857339062799	2.03766699060967	0.667	0.2	1	chr11-62786082-62789300	8
0.171857339062799	2.08560456741459	0.667	0.2	1	chr11-72078987-72082688	8
0.171857339062799	2.05304231650431	0.667	0.2	1	chr14-20454016-20456216	8
0.171857339062799	1.79981526102225	0.667	0.2	1	chr14-21436701-21438072	8
0.171857339062799	2.35646684753163	0.667	0.2	1	chr14-24270682-24272817	8
0.171857339062799	1.8929896270192	0.667	0.2	1	chr15-40893814-40895559	8
0.171857339062799	2.071625906475	0.667	0.2	1	chr16-20899628-20902813	8
0.171857339062799	2.05129506272972	0.667	0.2	1	chr16-28950235-28951879	8
0.171857339062799	1.97820379640073	0.667	0.2	1	chr16-46929421-46931599	8
0.266236376195817	1.00394604536385	0.667	0.4	1	chr1-155561876-155564845	8
0.266236376195817	1.61402154442398	0.667	0.4	1	chr1-184753499-184755838	8
0.266236376195817	1.298802679889	0.667	0.4	1	chr3-31531340-31534524	8
0.266236376195817	2.27138399273921	0.667	0.4	1	chr7-5522811-5533502	8
0.266236376195817	1.79642587528407	0.667	0.4	1	chr7-10939198-10941506	8
0.266236376195817	1.70224391935047	0.667	0.4	1	chr7-27739171-27741741	8
0.266236376195817	2.04384472682082	0.667	0.4	1	chr7-30501702-30505648	8
0.266236376195817	1.203356979918	0.667	0.4	1	chr7-55018344-55020535	8
0.266236376195817	1.52546022201963	0.667	0.4	1	chr7-55886805-55888700	8
0.266236376195817	1.52033499646952	0.667	0.4	1	chr7-108524442-108527048	8
0.266236376195817	1.20159049850745	0.667	0.4	1	chr7-131105370-131108677	8
0.266236376195817	0.994451693188307	0.667	0.4	1	chr16-3400366-3402114	8
0.266236376195817	1.31859855644282	0.667	0.4	1	chr17-28742750-28751084	8
0.266236376195817	0.961451460441014	0.667	0.4	1	chr22-46660305-46661965	8
0.301699582478348	12.6954191366051	0.333	0	1	chr1-922920-925979	8
0.301699582478348	12.4495456785257	0.333	0	1	chr1-965780-968684	8
0.301699582478348	12.4286500714474	0.333	0	1	chr1-1073541-1075086	8
0.301699582478348	12.5406035727647	0.333	0	1	chr1-1079250-1080714	8
0.301699582478348	12.5296898009904	0.333	0	1	chr1-1115677-1117092	8
0.301699582478348	12.2825544701787	0.333	0	1	chr1-1230369-1232907	8
0.301699582478348	12.20186289359	0.333	0	1	chr1-1306198-1311315	8
0.301699582478348	13.4199502958926	0.333	0	1	chr1-1371486-1372497	8
0.301699582478348	12.5195934573261	0.333	0	1	chr1-1398003-1403187	8
0.301699582478348	12.3933493421638	0.333	0	1	chr1-1757932-1760123	8
0.301699582478348	13.040598190326	0.333	0	1	chr1-1968871-1969808	8
0.301699582478348	13.0409855812651	0.333	0	1	chr1-2046344-2046937	8
0.301699582478348	12.5308534578871	0.333	0	1	chr1-2247510-2249814	8
0.301699582478348	13.0269677936205	0.333	0	1	chr1-2381483-2383025	8
0.301699582478348	12.2279896182695	0.333	0	1	chr1-2390184-2393952	8
0.301699582478348	12.864041081226	0.333	0	1	chr1-3126477-3128279	8
0.301699582478348	13.0609143543829	0.333	0	1	chr1-3587082-3587955	8
0.301699582478348	11.4748104902422	0.333	0	1	chr1-3899396-3901909	8
0.301699582478348	12.5956732194323	0.333	0	1	chr1-4729666-4730962	8
0.301699582478348	13.607035595786	0.333	0	1	chr1-5648226-5648965	8
0.301699582478348	12.4385122148916	0.333	0	1	chr1-6157044-6158692	8
0.301699582478348	13.3125494776769	0.333	0	1	chr1-6302144-6303215	8
0.301699582478348	12.7105566350694	0.333	0	1	chr1-6553088-6555736	8
0.301699582478348	13.2502553517344	0.333	0	1	chr1-7262555-7263309	8
0.301699582478348	13.3947610708899	0.333	0	1	chr1-7902531-7903200	8
0.301699582478348	12.4795205029899	0.333	0	1	chr1-8004260-8007124	8
0.301699582478348	13.555632198624	0.333	0	1	chr1-8348801-8349601	8
0.301699582478348	12.1998670992687	0.333	0	1	chr1-8421690-8425363	8
0.301699582478348	12.871435340246	0.333	0	1	chr1-8482776-8484065	8
0.301699582478348	13.4204458790908	0.333	0	1	chr1-9123993-9125301	8
0.301699582478348	12.0640606828548	0.333	0	1	chr1-9161254-9165945	8
0.301699582478348	12.5232782922445	0.333	0	1	chr1-9244322-9245271	8
0.301699582478348	12.4930786392895	0.333	0	1	chr1-9384306-9386107	8
0.301699582478348	13.3363690598365	0.333	0	1	chr1-9494993-9495837	8
0.301699582478348	12.6648435434127	0.333	0	1	chr1-9554947-9556426	8
0.301699582478348	12.9341044178091	0.333	0	1	chr1-9626672-9627659	8
0.301699582478348	13.6698702753137	0.333	0	1	chr1-9662218-9662583	8
0.301699582478348	12.8445912286873	0.333	0	1	chr1-9688718-9689865	8
0.301699582478348	11.645598831561	0.333	0	1	chr1-9908907-9911528	8
0.301699582478348	12.4085239572871	0.333	0	1	chr1-9942279-9944128	8
0.301699582478348	13.3482617766967	0.333	0	1	chr1-10130546-10131293	8
0.301699582478348	13.1911097874629	0.333	0	1	chr1-10298975-10299733	8
0.301699582478348	11.6498220025734	0.333	0	1	chr1-10398103-10400308	8
0.301699582478348	13.0256468509103	0.333	0	1	chr1-10414976-10415865	8
0.301699582478348	13.1336291282796	0.333	0	1	chr1-10458916-10459980	8
0.301699582478348	13.269775186316	0.333	0	1	chr1-10737825-10738928	8
0.301699582478348	12.3289052898024	0.333	0	1	chr1-11011744-11013657	8
0.301699582478348	13.2439753783431	0.333	0	1	chr1-11037497-11038232	8
0.301699582478348	13.2363019809149	0.333	0	1	chr1-11134019-11135305	8
0.301699582478348	13.390738081086	0.333	0	1	chr1-11156415-11157746	8
0.301699582478348	13.1655475370037	0.333	0	1	chr1-11169690-11170637	8
0.301699582478348	13.1372869712278	0.333	0	1	chr1-11177875-11180016	8
0.301699582478348	13.338158918069	0.333	0	1	chr1-11838402-11839116	8
0.301699582478348	13.2909790805368	0.333	0	1	chr1-11893826-11894369	8
0.301699582478348	12.5895766589178	0.333	0	1	chr1-11934120-11935391	8
0.301699582478348	12.8359083793715	0.333	0	1	chr1-12049504-12050322	8
0.301699582478348	13.1385105727349	0.333	0	1	chr1-12244290-12245286	8
0.301699582478348	13.063846495442	0.333	0	1	chr1-12413545-12414282	8
0.301699582478348	12.521543529344	0.333	0	1	chr1-12475113-12476747	8
0.301699582478348	13.1559060604906	0.333	0	1	chr1-13713962-13715664	8
0.301699582478348	14.0110865722145	0.333	0	1	chr1-14149454-14149779	8
0.301699582478348	13.8795973880776	0.333	0	1	chr1-14649963-14650505	8
0.301699582478348	13.7043663446008	0.333	0	1	chr1-15027448-15027940	8
0.301699582478348	12.9396877498811	0.333	0	1	chr1-15200176-15202670	8
0.301699582478348	14.1433647460635	0.333	0	1	chr1-15308717-15309110	8
0.301699582478348	12.4779181855558	0.333	0	1	chr1-15846957-15850738	8
0.301699582478348	12.7760321610724	0.333	0	1	chr1-16120657-16122543	8
0.301699582478348	13.1980579273943	0.333	0	1	chr1-16205851-16207439	8
0.301699582478348	12.4877917055797	0.333	0	1	chr1-16349829-16353065	8
0.301699582478348	12.6849407716417	0.333	0	1	chr1-16366754-16368691	8
0.301699582478348	12.4189565815023	0.333	0	1	chr1-16611874-16614121	8
0.301699582478348	12.3260475604406	0.333	0	1	chr1-16622757-16625343	8
0.301699582478348	12.9443712577415	0.333	0	1	chr1-17010690-17012487	8
0.301699582478348	13.6196255806293	0.333	0	1	chr1-18100404-18100939	8
0.301699582478348	13.0013786836115	0.333	0	1	chr1-18201663-18202761	8
0.301699582478348	13.2372406371305	0.333	0	1	chr1-18325684-18327004	8
0.301699582478348	12.7109802027098	0.333	0	1	chr1-19310903-19313192	8
0.301699582478348	13.338158918069	0.333	0	1	chr1-19412543-19413231	8
0.301699582478348	13.194205297405	0.333	0	1	chr1-19974679-19975541	8
0.301699582478348	13.115623774956	0.333	0	1	chr1-20358561-20359349	8
0.301699582478348	13.1101155690999	0.333	0	1	chr1-20538045-20539548	8
0.301699582478348	12.6269292159293	0.333	0	1	chr1-21251553-21252776	8
0.301699582478348	13.4040249215486	0.333	0	1	chr1-21504964-21505685	8
0.301699582478348	13.5870451841359	0.333	0	1	chr1-21651396-21652134	8
0.301699582478348	12.9812536245112	0.333	0	1	chr1-22025031-22026533	8
0.301699582478348	12.8646074890913	0.333	0	1	chr1-22052192-22054020	8
0.301699582478348	13.4544434438301	0.333	0	1	chr1-22412440-22413246	8
0.301699582478348	13.5214095090513	0.333	0	1	chr1-22710197-22711402	8
0.301699582478348	13.0495604516376	0.333	0	1	chr1-23167274-23169172	8
0.301699582478348	12.014600048399	0.333	0	1	chr1-23366584-23371121	8
0.301699582478348	13.4360375650459	0.333	0	1	chr1-24070746-24071314	8
0.301699582478348	12.5082562849969	0.333	0	1	chr1-25239431-25240818	8
0.301699582478348	12.504932534186	0.333	0	1	chr1-25429787-25431390	8
0.301699582478348	12.7268202993026	0.333	0	1	chr1-26034870-26036536	8
0.301699582478348	11.9160548521219	0.333	0	1	chr1-26691992-26694198	8
0.301699582478348	11.8940280583901	0.333	0	1	chr1-26694968-26698810	8
0.301699582478348	12.5306374499436	0.333	0	1	chr1-27392073-27393172	8
0.301699582478348	13.3782868730594	0.333	0	1	chr1-28208806-28209294	8
0.301699582478348	12.5419795915723	0.333	0	1	chr1-28516974-28519483	8
0.301699582478348	14.1329509369296	0.333	0	1	chr1-28813110-28813418	8
0.301699582478348	12.1806154501074	0.333	0	1	chr1-28881737-28882759	8
0.301699582478348	13.0467873180237	0.333	0	1	chr1-29136233-29137183	8
0.301699582478348	12.0844757440581	0.333	0	1	chr1-30823303-30825077	8
0.301699582478348	13.8101201940136	0.333	0	1	chr1-30840973-30841457	8
0.301699582478348	12.6164372032488	0.333	0	1	chr1-31154294-31156002	8
0.301699582478348	12.501044732107	0.333	0	1	chr1-31170395-31171450	8
0.301699582478348	12.685400002871	0.333	0	1	chr1-31897388-31898321	8
0.301699582478348	13.0073252600944	0.333	0	1	chr1-32020134-32021036	8
0.301699582478348	12.6982051448524	0.333	0	1	chr1-32142343-32143547	8
0.301699582478348	12.7396197529934	0.333	0	1	chr1-32611784-32612906	8
0.301699582478348	12.1345142646833	0.333	0	1	chr1-32715636-32717459	8
0.301699582478348	12.1795045793407	0.333	0	1	chr1-33149511-33151555	8
0.301699582478348	12.9897138403137	0.333	0	1	chr1-33455566-33456600	8
0.301699582478348	13.5715199082289	0.333	0	1	chr1-33612785-33613337	8
0.301699582478348	12.9763411147026	0.333	0	1	chr1-33696673-33697685	8
0.301699582478348	13.2413767488689	0.333	0	1	chr1-34162844-34163739	8
0.301699582478348	13.9258691239083	0.333	0	1	chr1-34419674-34420076	8
0.301699582478348	13.4314452512475	0.333	0	1	chr1-34742445-34743204	8
0.301699582478348	12.2522717132231	0.333	0	1	chr1-34849916-34853335	8
0.301699582478348	12.5831859573203	0.333	0	1	chr1-34858962-34860369	8
0.301699582478348	13.9076903927618	0.333	0	1	chr1-35007903-35008372	8
0.301699582478348	12.2592443637084	0.333	0	1	chr1-35189746-35194524	8
0.301699582478348	13.3711977990269	0.333	0	1	chr1-35326173-35327103	8
0.301699582478348	11.7564820259761	0.333	0	1	chr1-35553740-35559224	8
0.301699582478348	13.3436630543109	0.333	0	1	chr1-35726715-35727453	8
0.301699582478348	12.7788390967357	0.333	0	1	chr1-36155325-36157516	8
0.301699582478348	12.5291613308692	0.333	0	1	chr1-36239347-36240762	8
0.301699582478348	12.0909925017711	0.333	0	1	chr1-36449778-36451306	8
0.301699582478348	13.3808861558558	0.333	0	1	chr1-36771458-36772326	8
0.301699582478348	13.5651596679827	0.333	0	1	chr1-37038173-37039022	8
0.301699582478348	13.522931754788	0.333	0	1	chr1-37507599-37508519	8
0.301699582478348	11.6063004484024	0.333	0	1	chr1-37689426-37693197	8
0.301699582478348	13.2972670875696	0.333	0	1	chr1-37779827-37780606	8
0.301699582478348	12.2644895182867	0.333	0	1	chr1-37858803-37860713	8
0.301699582478348	13.4678929822565	0.333	0	1	chr1-37946085-37947381	8
0.301699582478348	12.8159339514385	0.333	0	1	chr1-38862778-38864314	8
0.301699582478348	12.6918858679491	0.333	0	1	chr1-39064904-39066240	8
0.301699582478348	12.5723896525419	0.333	0	1	chr1-39115642-39118492	8
0.301699582478348	13.5346581148576	0.333	0	1	chr1-39170232-39171114	8
0.301699582478348	13.7701849056484	0.333	0	1	chr1-39283804-39284251	8
0.301699582478348	13.6900412113029	0.333	0	1	chr1-39500774-39501274	8
0.301699582478348	12.8116716613863	0.333	0	1	chr1-39544089-39545071	8
0.301699582478348	13.208543284968	0.333	0	1	chr1-39788365-39789483	8
0.301699582478348	13.1996928279906	0.333	0	1	chr1-39816709-39817739	8
0.301699582478348	12.9825689988324	0.333	0	1	chr1-39851961-39853487	8
0.301699582478348	13.0308190356081	0.333	0	1	chr1-39892194-39893597	8
0.301699582478348	13.3387905692641	0.333	0	1	chr1-40410979-40411719	8
0.301699582478348	12.5860666913352	0.333	0	1	chr1-40449524-40450907	8
0.301699582478348	12.2494658054587	0.333	0	1	chr1-40530925-40533253	8
0.301699582478348	12.904680822246	0.333	0	1	chr1-40591764-40592808	8
0.301699582478348	13.4786915289505	0.333	0	1	chr1-40625009-40625743	8
0.301699582478348	13.8349127149996	0.333	0	1	chr1-40630501-40630944	8
0.301699582478348	13.1909915670215	0.333	0	1	chr1-40748894-40751011	8
0.301699582478348	12.4719217342672	0.333	0	1	chr1-41239829-41242940	8
0.301699582478348	13.2434548114292	0.333	0	1	chr1-41365310-41366792	8
0.301699582478348	13.4326379281526	0.333	0	1	chr1-41416886-41417537	8
0.301699582478348	12.4925177427974	0.333	0	1	chr1-41432070-41433352	8
0.301699582478348	13.1144397940417	0.333	0	1	chr1-41475817-41477487	8
0.301699582478348	12.1100645151459	0.333	0	1	chr1-41514189-41516742	8
0.301699582478348	13.0297667043828	0.333	0	1	chr1-41666931-41668480	8
0.301699582478348	13.410284891349	0.333	0	1	chr1-42165427-42166326	8
0.301699582478348	12.7878763746442	0.333	0	1	chr1-42172646-42174663	8
0.301699582478348	13.0005537789619	0.333	0	1	chr1-42266198-42267112	8
0.301699582478348	13.6475466755987	0.333	0	1	chr1-42344218-42344719	8
0.301699582478348	12.5270476803919	0.333	0	1	chr1-42462573-42464146	8
0.301699582478348	12.4124581636195	0.333	0	1	chr1-42765818-42768242	8
0.301699582478348	12.6286678171058	0.333	0	1	chr1-42816198-42817875	8
0.301699582478348	12.2095732625786	0.333	0	1	chr1-42845982-42847332	8
0.301699582478348	12.4947632623164	0.333	0	1	chr1-43171233-43173139	8
0.301699582478348	11.9646153376539	0.333	0	1	chr1-43348144-43350634	8
0.301699582478348	12.7881576689805	0.333	0	1	chr1-43530375-43533535	8
0.301699582478348	12.4248020248866	0.333	0	1	chr1-43552055-43553647	8
0.301699582478348	12.9900756518385	0.333	0	1	chr1-43763153-43764092	8
0.301699582478348	11.6687937672141	0.333	0	1	chr1-43934342-43937318	8
0.301699582478348	12.9002268212347	0.333	0	1	chr1-44344744-44346644	8
0.301699582478348	13.9887325666999	0.333	0	1	chr1-44500632-44500992	8
0.301699582478348	12.8261374974919	0.333	0	1	chr1-45018313-45019277	8
0.301699582478348	12.6083817103128	0.333	0	1	chr1-45205572-45207245	8
0.301699582478348	12.0279360687936	0.333	0	1	chr1-45338856-45341465	8
0.301699582478348	12.9002268212347	0.333	0	1	chr1-45402951-45403824	8
0.301699582478348	12.8949146333018	0.333	0	1	chr1-45589833-45591184	8
0.301699582478348	13.3109315111428	0.333	0	1	chr1-45827119-45827794	8
0.301699582478348	12.7516699435192	0.333	0	1	chr1-45978501-45980153	8
0.301699582478348	11.6369231814561	0.333	0	1	chr1-46130622-46136121	8
0.301699582478348	12.8261449218753	0.333	0	1	chr1-46364066-46365188	8
0.301699582478348	13.3832360323465	0.333	0	1	chr1-46444361-46445278	8
0.301699582478348	12.1206714770507	0.333	0	1	chr1-46516081-46517953	8
0.301699582478348	12.8483390986064	0.333	0	1	chr1-46643034-46644003	8
0.301699582478348	13.365777881157	0.333	0	1	chr1-46686672-46688593	8
0.301699582478348	12.9356513447418	0.333	0	1	chr1-47058441-47060496	8
0.301699582478348	13.5870451841359	0.333	0	1	chr1-47592573-47593376	8
0.301699582478348	13.7284451397514	0.333	0	1	chr1-47738528-47739015	8
0.301699582478348	12.9081087683861	0.333	0	1	chr1-48214568-48215740	8
0.301699582478348	12.6851703577994	0.333	0	1	chr1-48469745-48471095	8
0.301699582478348	12.7009999102463	0.333	0	1	chr1-48552309-48553943	8
0.301699582478348	13.6719529903256	0.333	0	1	chr1-50135311-50136016	8
0.301699582478348	13.4568415224402	0.333	0	1	chr1-50348313-50349319	8
0.301699582478348	12.6860892919393	0.333	0	1	chr1-50493468-50494706	8
0.301699582478348	13.0304680918458	0.333	0	1	chr1-50529388-50530181	8
0.301699582478348	13.714526086957	0.333	0	1	chr1-50651534-50652170	8
0.301699582478348	12.2324920190907	0.333	0	1	chr1-51517278-51519754	8
0.301699582478348	13.1239683129014	0.333	0	1	chr1-51551639-51552488	8
0.301699582478348	12.681732730795	0.333	0	1	chr1-51567241-51570630	8
0.301699582478348	13.4275386054761	0.333	0	1	chr1-51622337-51622882	8
0.301699582478348	13.7095688393173	0.333	0	1	chr1-51896794-51897271	8
0.301699582478348	12.8631602544699	0.333	0	1	chr1-51990277-51991147	8
0.301699582478348	12.7109802027098	0.333	0	1	chr1-52191275-52192799	8
0.301699582478348	12.4442151979311	0.333	0	1	chr1-52551508-52554063	8
0.301699582478348	13.5672906511957	0.333	0	1	chr1-52677274-52678064	8
0.301699582478348	12.4263534238944	0.333	0	1	chr1-52697245-52699079	8
0.301699582478348	13.4347805862628	0.333	0	1	chr1-52766187-52767092	8
0.301699582478348	13.1430158004188	0.333	0	1	chr1-52842395-52843030	8
0.301699582478348	13.2936342129565	0.333	0	1	chr1-52860333-52861172	8
0.301699582478348	13.516019615981	0.333	0	1	chr1-53052763-53053479	8
0.301699582478348	12.6298430565659	0.333	0	1	chr1-53511531-53512989	8
0.301699582478348	13.4166142147129	0.333	0	1	chr1-53681872-53682561	8
0.301699582478348	13.6709104781358	0.333	0	1	chr1-53754637-53755143	8
0.301699582478348	13.186274296926	0.333	0	1	chr1-53893811-53894558	8
0.301699582478348	12.2601377668204	0.333	0	1	chr1-53898637-53900120	8
0.301699582478348	12.0696529138817	0.333	0	1	chr1-53944619-53946798	8
0.301699582478348	12.6769420875128	0.333	0	1	chr1-54001319-54002685	8
0.301699582478348	12.2351084163303	0.333	0	1	chr1-54015860-54017109	8
0.301699582478348	13.0948620929042	0.333	0	1	chr1-54081430-54082116	8
0.301699582478348	12.8728650669718	0.333	0	1	chr1-54268496-54269697	8
0.301699582478348	12.4020171400288	0.333	0	1	chr1-54276710-54279340	8
0.301699582478348	13.6688323698021	0.333	0	1	chr1-54312724-54313296	8
0.301699582478348	13.6281196442679	0.333	0	1	chr1-54339871-54341027	8
0.301699582478348	13.0017343874158	0.333	0	1	chr1-54563946-54565149	8
0.301699582478348	13.6944016639306	0.333	0	1	chr1-54577581-54578297	8
0.301699582478348	13.7535560025751	0.333	0	1	chr1-54945024-54945552	8
0.301699582478348	13.9557586366784	0.333	0	1	chr1-54971442-54971737	8
0.301699582478348	13.0750965157771	0.333	0	1	chr1-55133351-55134878	8
0.301699582478348	13.3886667354542	0.333	0	1	chr1-55149602-55150628	8
0.301699582478348	13.3910967791573	0.333	0	1	chr1-55255590-55256629	8
0.301699582478348	13.6843885302127	0.333	0	1	chr1-55893110-55893615	8
0.301699582478348	12.9500289675321	0.333	0	1	chr1-56414560-56415826	8
0.301699582478348	12.9633934157064	0.333	0	1	chr1-56820781-56821859	8
0.301699582478348	13.5706689152177	0.333	0	1	chr1-57576512-57577296	8
0.301699582478348	13.1093322019809	0.333	0	1	chr1-57966929-57967496	8
0.301699582478348	12.9206214720334	0.333	0	1	chr1-58694957-58696884	8
0.301699582478348	12.6541531136559	0.333	0	1	chr1-59685917-59686834	8
0.301699582478348	12.7434859930307	0.333	0	1	chr1-61141405-61144369	8
0.301699582478348	12.843688751223	0.333	0	1	chr1-61741478-61744215	8
0.301699582478348	14.1004549547728	0.333	0	1	chr1-62071770-62072034	8
0.301699582478348	13.3689963790502	0.333	0	1	chr1-62386090-62387338	8
0.301699582478348	12.2146379172081	0.333	0	1	chr1-62706860-62708443	8
0.301699582478348	13.7392537901722	0.333	0	1	chr1-62742661-62743198	8
0.301699582478348	12.8388921578658	0.333	0	1	chr1-63327470-63328087	8
0.301699582478348	14.0771167027375	0.333	0	1	chr1-63534471-63534751	8
0.301699582478348	12.8304820341555	0.333	0	1	chr1-63555267-63556829	8
0.301699582478348	12.8388921578658	0.333	0	1	chr1-63700867-63701660	8
0.301699582478348	12.2768020252454	0.333	0	1	chr1-63772658-63775249	8
0.301699582478348	12.9356513447418	0.333	0	1	chr1-64469121-64470884	8
0.301699582478348	13.2001795951487	0.333	0	1	chr1-64495621-64496620	8
0.301699582478348	13.2943541115567	0.333	0	1	chr1-64686680-64687784	8
0.301699582478348	13.211971010595	0.333	0	1	chr1-64863897-64864606	8
0.301699582478348	12.8916855789874	0.333	0	1	chr1-64915633-64916590	8
0.301699582478348	13.5426247572386	0.333	0	1	chr1-65999715-66000637	8
0.301699582478348	13.4405346965753	0.333	0	1	chr1-66298163-66299011	8
0.301699582478348	13.2528902985211	0.333	0	1	chr1-66696576-66697362	8
0.301699582478348	12.8945501468323	0.333	0	1	chr1-66995775-66996664	8
0.301699582478348	13.0080205274303	0.333	0	1	chr1-67436397-67437329	8
0.301699582478348	13.4314452512475	0.333	0	1	chr1-67535324-67535868	8
0.301699582478348	12.8469516609378	0.333	0	1	chr1-67618218-67619522	8
0.301699582478348	12.7262897284794	0.333	0	1	chr1-67629214-67630340	8
0.301699582478348	13.208543284968	0.333	0	1	chr1-67869340-67870123	8
0.301699582478348	13.2936342129565	0.333	0	1	chr1-68197426-68198440	8
0.301699582478348	13.186274296926	0.333	0	1	chr1-68204918-68205912	8
0.301699582478348	12.3132835290069	0.333	0	1	chr1-68495367-68497909	8
0.301699582478348	13.7375324918114	0.333	0	1	chr1-68725191-68725697	8
0.301699582478348	14.0088506403743	0.333	0	1	chr1-69452835-69453393	8
0.301699582478348	13.0063056321162	0.333	0	1	chr1-69509542-69510551	8
0.301699582478348	13.992455120165	0.333	0	1	chr1-70560405-70560805	8
0.301699582478348	13.1441548520881	0.333	0	1	chr1-71049734-71050466	8
0.301699582478348	13.8903223843883	0.333	0	1	chr1-71308987-71309474	8
0.301699582478348	11.873093395569	0.333	0	1	chr1-74732430-74734510	8
0.301699582478348	13.2826206835576	0.333	0	1	chr1-75092020-75092596	8
0.301699582478348	13.1609169555494	0.333	0	1	chr1-75614470-75616321	8
0.301699582478348	12.2912023885169	0.333	0	1	chr1-75723252-75726507	8
0.301699582478348	12.818073268538	0.333	0	1	chr1-76390089-76391000	8
0.301699582478348	13.1660100898793	0.333	0	1	chr1-77126165-77127622	8
0.301699582478348	13.9300279907274	0.333	0	1	chr1-77168339-77168746	8
0.301699582478348	12.1983343525591	0.333	0	1	chr1-77758191-77760374	8
0.301699582478348	12.2464048034316	0.333	0	1	chr1-77779057-77780595	8
0.301699582478348	13.3748875568938	0.333	0	1	chr1-77900471-77901196	8
0.301699582478348	12.8696518506195	0.333	0	1	chr1-77997656-77998981	8
0.301699582478348	13.7416788984511	0.333	0	1	chr1-78345764-78346350	8
0.301699582478348	13.7705697904617	0.333	0	1	chr1-78839657-78840829	8
0.301699582478348	13.7066104426548	0.333	0	1	chr1-79197379-79197842	8
0.301699582478348	12.7086670515291	0.333	0	1	chr1-79516910-79518247	8
0.301699582478348	14.3130871874617	0.333	0	1	chr1-79580340-79580625	8
0.301699582478348	14.0384976467659	0.333	0	1	chr1-80201519-80202012	8
0.301699582478348	13.7994023720712	0.333	0	1	chr1-81432071-81432421	8
0.301699582478348	13.1389189229776	0.333	0	1	chr1-82197540-82198441	8
0.301699582478348	14.1541263582372	0.333	0	1	chr1-82273777-82274221	8
0.301699582478348	13.3074649211286	0.333	0	1	chr1-82484839-82486139	8
0.301699582478348	12.9679002647854	0.333	0	1	chr1-82564276-82565832	8
0.301699582478348	13.3802407193396	0.333	0	1	chr1-82824021-82824712	8
0.301699582478348	12.8809185543218	0.333	0	1	chr1-83901418-83902377	8
0.301699582478348	13.5976689973704	0.333	0	1	chr1-83931598-83932101	8
0.301699582478348	13.2062823552124	0.333	0	1	chr1-84163143-84165128	8
0.301699582478348	12.8220267467953	0.333	0	1	chr1-84192444-84195071	8
0.301699582478348	13.1085497075037	0.333	0	1	chr1-84496346-84498911	8
0.301699582478348	13.5008337518243	0.333	0	1	chr1-84821723-84822247	8
0.301699582478348	13.2993526223632	0.333	0	1	chr1-85109309-85109857	8
0.301699582478348	12.5968073265691	0.333	0	1	chr1-85200011-85204308	8
0.301699582478348	13.6740449915326	0.333	0	1	chr1-85344201-85344670	8
0.301699582478348	13.2624673162035	0.333	0	1	chr1-85355424-85356310	8
0.301699582478348	12.9248864562883	0.333	0	1	chr1-85373968-85374646	8
0.301699582478348	12.4049229225075	0.333	0	1	chr1-85463715-85466024	8
0.301699582478348	11.6535382900652	0.333	0	1	chr1-85579944-85583071	8
0.301699582478348	11.9928586172092	0.333	0	1	chr1-85707259-85709187	8
0.301699582478348	13.2915403141665	0.333	0	1	chr1-86554615-86555769	8
0.301699582478348	13.3654897856915	0.333	0	1	chr1-86677878-86678679	8
0.301699582478348	13.276787627593	0.333	0	1	chr1-86714141-86715304	8
0.301699582478348	13.1672739259591	0.333	0	1	chr1-86992583-86994436	8
0.301699582478348	12.8011992670874	0.333	0	1	chr1-87131623-87132407	8
0.301699582478348	13.6473780994163	0.333	0	1	chr1-88172297-88173081	8
0.301699582478348	13.2910522607948	0.333	0	1	chr1-88180435-88181023	8
0.301699582478348	13.4771441111746	0.333	0	1	chr1-88718690-88719515	8
0.301699582478348	13.7273220507243	0.333	0	1	chr1-89508831-89509391	8
0.301699582478348	13.0936105417745	0.333	0	1	chr1-89552341-89553694	8
0.301699582478348	13.1179937866308	0.333	0	1	chr1-89632555-89634211	8
0.301699582478348	12.9084344237803	0.333	0	1	chr1-89761968-89763632	8
0.301699582478348	13.73884590801	0.333	0	1	chr1-89832488-89833124	8
0.301699582478348	14.1032558180606	0.333	0	1	chr1-89873803-89874118	8
0.301699582478348	13.5418225688515	0.333	0	1	chr1-90403005-90403648	8
0.301699582478348	12.9435692548719	0.333	0	1	chr1-90706711-90707921	8
0.301699582478348	13.2656920117881	0.333	0	1	chr1-90721340-90721926	8
0.301699582478348	13.4735033605436	0.333	0	1	chr1-91529791-91530525	8
0.301699582478348	12.8835243287183	0.333	0	1	chr1-91742432-91743489	8
0.301699582478348	13.1152288920489	0.333	0	1	chr1-91851003-91852193	8
0.301699582478348	12.8118376166815	0.333	0	1	chr1-92816632-92818716	8
0.301699582478348	12.3057923093791	0.333	0	1	chr1-93344804-93347315	8
0.301699582478348	13.2820674151926	0.333	0	1	chr1-93437641-93438434	8
0.301699582478348	13.1533662794829	0.333	0	1	chr1-93843866-93844718	8
0.301699582478348	12.0380171851775	0.333	0	1	chr1-93907568-93910185	8
0.301699582478348	13.064949119959	0.333	0	1	chr1-94044189-94046076	8
0.301699582478348	13.0217481919713	0.333	0	1	chr1-94562605-94563418	8
0.301699582478348	13.318447230184	0.333	0	1	chr1-94595439-94596465	8
0.301699582478348	13.2140014459768	0.333	0	1	chr1-94653863-94655113	8
0.301699582478348	13.783087549092	0.333	0	1	chr1-94738354-94738905	8
0.301699582478348	11.9400024763278	0.333	0	1	chr1-94782882-94784524	8
0.301699582478348	13.1356588710408	0.333	0	1	chr1-94919992-94922103	8
0.301699582478348	12.798489802987	0.333	0	1	chr1-95095431-95096880	8
0.301699582478348	13.8304026200946	0.333	0	1	chr1-96591466-96592950	8
0.301699582478348	13.6247987637712	0.333	0	1	chr1-96971846-96972777	8
0.301699582478348	12.6505372415172	0.333	0	1	chr1-98660859-98663374	8
0.301699582478348	12.4246416282784	0.333	0	1	chr1-99326487-99328352	8
0.301699582478348	12.1712549953905	0.333	0	1	chr1-99849277-99851097	8
0.301699582478348	12.0818519354351	0.333	0	1	chr1-100036964-100039621	8
0.301699582478348	13.1775711161438	0.333	0	1	chr1-100995081-100996132	8
0.301699582478348	13.4230147762298	0.333	0	1	chr1-102235081-102235941	8
0.301699582478348	13.211971010595	0.333	0	1	chr1-104671415-104672471	8
0.301699582478348	13.9901921251471	0.333	0	1	chr1-104711544-104711895	8
0.301699582478348	12.8971150403283	0.333	0	1	chr1-106134477-106135143	8
0.301699582478348	12.3742274908497	0.333	0	1	chr1-107162612-107164422	8
0.301699582478348	13.0767229288093	0.333	0	1	chr1-107280315-107282485	8
0.301699582478348	12.8458433944034	0.333	0	1	chr1-107413949-107415471	8
0.301699582478348	12.6821903196386	0.333	0	1	chr1-107528833-107530966	8
0.301699582478348	12.9991777281008	0.333	0	1	chr1-108051607-108053568	8
0.301699582478348	13.1977607754866	0.333	0	1	chr1-108190658-108191421	8
0.301699582478348	13.4623394921956	0.333	0	1	chr1-108947651-108949154	8
0.301699582478348	13.3559525906603	0.333	0	1	chr1-108953002-108954172	8
0.301699582478348	12.06902640059	0.333	0	1	chr1-108961849-108964139	8
0.301699582478348	13.4290848765373	0.333	0	1	chr1-109056789-109057497	8
0.301699582478348	12.2643266879663	0.333	0	1	chr1-109099605-109101915	8
0.301699582478348	12.5146354476468	0.333	0	1	chr1-109238857-109244656	8
0.301699582478348	12.5470792229499	0.333	0	1	chr1-109307320-109308438	8
0.301699582478348	12.6879299975756	0.333	0	1	chr1-109483191-109484965	8
0.301699582478348	12.435684539833	0.333	0	1	chr1-109493361-109494750	8
0.301699582478348	12.3329304276535	0.333	0	1	chr1-109547725-109549503	8
0.301699582478348	13.2264512975086	0.333	0	1	chr1-109563053-109564608	8
0.301699582478348	12.3735043975878	0.333	0	1	chr1-109739492-109741217	8
0.301699582478348	13.1085497075037	0.333	0	1	chr1-109997222-109998322	8
0.301699582478348	13.3152232235291	0.333	0	1	chr1-110087839-110088667	8
0.301699582478348	12.9779751013709	0.333	0	1	chr1-110202739-110204101	8
0.301699582478348	13.5771729611561	0.333	0	1	chr1-110783208-110783762	8
0.301699582478348	13.2290470257867	0.333	0	1	chr1-111030266-111030947	8
0.301699582478348	13.7797560324683	0.333	0	1	chr1-112298539-112298999	8
0.301699582478348	12.8441837890214	0.333	0	1	chr1-112464395-112466751	8
0.301699582478348	13.0102476257838	0.333	0	1	chr1-112515224-112516280	8
0.301699582478348	12.2926559473011	0.333	0	1	chr1-112618015-112620651	8
0.301699582478348	11.9426490480981	0.333	0	1	chr1-112713154-112716892	8
0.301699582478348	13.0234839780554	0.333	0	1	chr1-112762078-112763483	8
0.301699582478348	13.3387157483512	0.333	0	1	chr1-112905548-112906731	8
0.301699582478348	13.3731139890101	0.333	0	1	chr1-113053654-113054384	8
0.301699582478348	13.2613960521894	0.333	0	1	chr1-114434844-114435759	8
0.301699582478348	11.8882690310765	0.333	0	1	chr1-114754220-114758637	8
0.301699582478348	13.2613634815117	0.333	0	1	chr1-115238550-115239718	8
0.301699582478348	12.793520067143	0.333	0	1	chr1-115975798-115977363	8
0.301699582478348	12.8338261216877	0.333	0	1	chr1-116417455-116419129	8
0.301699582478348	13.178436367326	0.333	0	1	chr1-116484971-116485842	8
0.301699582478348	13.6085249820289	0.333	0	1	chr1-116737051-116737742	8
0.301699582478348	13.7095688393173	0.333	0	1	chr1-116879420-116880173	8
0.301699582478348	11.9697307292471	0.333	0	1	chr1-116909463-116912473	8
0.301699582478348	13.3375785967943	0.333	0	1	chr1-116988688-116989481	8
0.301699582478348	12.9585937836424	0.333	0	1	chr1-117050985-117052199	8
0.301699582478348	13.2026188186677	0.333	0	1	chr1-117284314-117285072	8
0.301699582478348	13.0844606201352	0.333	0	1	chr1-117758416-117759487	8
0.301699582478348	13.3923156331864	0.333	0	1	chr1-118480930-118481620	8
0.301699582478348	13.2678509706266	0.333	0	1	chr1-118499996-118501125	8
0.301699582478348	13.7824169559614	0.333	0	1	chr1-119008621-119009105	8
0.301699582478348	13.6677967496416	0.333	0	1	chr1-119225257-119225955	8
0.301699582478348	14.0183299492946	0.333	0	1	chr1-119329705-119330441	8
0.301699582478348	13.479466893281	0.333	0	1	chr1-119346514-119347546	8
0.301699582478348	14.1173862933605	0.333	0	1	chr1-119419074-119419723	8
0.301699582478348	12.1359607768111	0.333	0	1	chr1-119779261-119780877	8
0.301699582478348	13.3966019646965	0.333	0	1	chr1-119828851-119829991	8
0.301699582478348	13.1959806552634	0.333	0	1	chr1-121097090-121098162	8
0.301699582478348	13.3431890658409	0.333	0	1	chr1-121476083-121476896	8
0.301699582478348	13.735640709989	0.333	0	1	chr1-143718375-143718990	8
0.301699582478348	12.4332299300329	0.333	0	1	chr1-144545865-144547050	8
0.301699582478348	11.9378906361296	0.333	0	1	chr1-145280331-145282649	8
0.301699582478348	13.3291623269717	0.333	0	1	chr1-145690426-145691482	8
0.301699582478348	13.0653170356418	0.333	0	1	chr1-145844867-145846743	8
0.301699582478348	12.1836650439288	0.333	0	1	chr1-145926572-145928961	8
0.301699582478348	12.2024777194666	0.333	0	1	chr1-145956713-145958627	8
0.301699582478348	13.9640717539369	0.333	0	1	chr1-147585607-147586073	8
0.301699582478348	13.9112068739728	0.333	0	1	chr1-147597794-147598219	8
0.301699582478348	13.310418852463	0.333	0	1	chr1-147762122-147763287	8
0.301699582478348	13.7535560025751	0.333	0	1	chr1-148254810-148255286	8
0.301699582478348	12.3636131294516	0.333	0	1	chr1-149899113-149900922	8
0.301699582478348	13.089264169858	0.333	0	1	chr1-149919076-149919990	8
0.301699582478348	12.3709199840584	0.333	0	1	chr1-150007992-150011460	8
0.301699582478348	12.3021126799295	0.333	0	1	chr1-150293080-150294840	8
0.301699582478348	13.236210740711	0.333	0	1	chr1-150473396-150474312	8
0.301699582478348	13.5410768408827	0.333	0	1	chr1-150655658-150656576	8
0.301699582478348	13.7214730961927	0.333	0	1	chr1-150690477-150691163	8
0.301699582478348	13.304017768182	0.333	0	1	chr1-150995701-150996387	8
0.301699582478348	12.5240502999258	0.333	0	1	chr1-151188458-151190670	8
0.301699582478348	13.3539491180353	0.333	0	1	chr1-151340795-151341506	8
0.301699582478348	13.0327522157178	0.333	0	1	chr1-151546938-151549784	8
0.301699582478348	13.0208818191067	0.333	0	1	chr1-151739459-151740963	8
0.301699582478348	14.2278176295718	0.333	0	1	chr1-151966226-151966459	8
0.301699582478348	11.9627415455024	0.333	0	1	chr1-152047152-152049366	8
0.301699582478348	12.1536143718908	0.333	0	1	chr1-152189741-152193329	8
0.301699582478348	13.6357967511537	0.333	0	1	chr1-152347084-152347572	8
0.301699582478348	13.7837536108751	0.333	0	1	chr1-152497239-152497753	8
0.301699582478348	13.2707721972095	0.333	0	1	chr1-153677604-153679390	8
0.301699582478348	13.1050392177426	0.333	0	1	chr1-154567527-154568396	8
0.301699582478348	12.6207052619895	0.333	0	1	chr1-154784530-154785627	8
0.301699582478348	12.7990131340908	0.333	0	1	chr1-154869926-154870749	8
0.301699582478348	12.7340206105937	0.333	0	1	chr1-154876690-154878933	8
0.301699582478348	12.6369262508612	0.333	0	1	chr1-154955137-154956917	8
0.301699582478348	12.5496824415964	0.333	0	1	chr1-155048460-155053088	8
0.301699582478348	12.2089544200335	0.333	0	1	chr1-156122387-156124373	8
0.301699582478348	13.133924615413	0.333	0	1	chr1-156291078-156292658	8
0.301699582478348	12.3425311982309	0.333	0	1	chr1-156337127-156339267	8
0.301699582478348	13.2218125045233	0.333	0	1	chr1-156492757-156494186	8
0.301699582478348	12.1145994685147	0.333	0	1	chr1-156727781-156729440	8
0.301699582478348	11.7912699447408	0.333	0	1	chr1-156740208-156742015	8
0.301699582478348	12.324450901358	0.333	0	1	chr1-156851504-156853396	8
0.301699582478348	12.1343697167163	0.333	0	1	chr1-157044764-157046720	8
0.301699582478348	13.4849005241481	0.333	0	1	chr1-157193543-157194248	8
0.301699582478348	12.9931749077088	0.333	0	1	chr1-157505401-157506427	8
0.301699582478348	13.4009203764952	0.333	0	1	chr1-157774924-157775922	8
0.301699582478348	12.8840558687378	0.333	0	1	chr1-158124737-158125626	8
0.301699582478348	12.8469516609378	0.333	0	1	chr1-158196104-158197319	8
0.301699582478348	13.6698702753137	0.333	0	1	chr1-160042806-160043247	8
0.301699582478348	12.5288894035272	0.333	0	1	chr1-160159298-160160556	8
0.301699582478348	12.2406528565759	0.333	0	1	chr1-160260683-160263404	8
0.301699582478348	13.0139742707614	0.333	0	1	chr1-160726389-160727462	8
0.301699582478348	12.5252094710918	0.333	0	1	chr1-160951109-160952417	8
0.301699582478348	13.2815146355507	0.333	0	1	chr1-160973101-160974247	8
0.301699582478348	13.5896800147257	0.333	0	1	chr1-161026628-161027397	8
0.301699582478348	12.2797424939817	0.333	0	1	chr1-161037663-161039789	8
0.301699582478348	11.6038901631216	0.333	0	1	chr1-161131420-161134490	8
0.301699582478348	12.3196361772756	0.333	0	1	chr1-161152979-161154837	8
0.301699582478348	12.3469246857099	0.333	0	1	chr1-161158514-161160445	8
0.301699582478348	11.8649357452459	0.333	0	1	chr1-161201062-161203223	8
0.301699582478348	12.767918536508	0.333	0	1	chr1-161427488-161428752	8
0.301699582478348	12.6223473215257	0.333	0	1	chr1-161523449-161524823	8
0.301699582478348	12.8115483144659	0.333	0	1	chr1-161723484-161724414	8
0.301699582478348	13.0080205274303	0.333	0	1	chr1-162036659-162037762	8
0.301699582478348	13.1235686809171	0.333	0	1	chr1-162367811-162369074	8
0.301699582478348	13.4520753063148	0.333	0	1	chr1-162578290-162579630	8
0.301699582478348	12.461426919259	0.333	0	1	chr1-162696068-162697473	8
0.301699582478348	13.4725280756191	0.333	0	1	chr1-163409898-163410576	8
0.301699582478348	13.2941518939557	0.333	0	1	chr1-164472596-164473920	8
0.301699582478348	13.1805087754103	0.333	0	1	chr1-164581692-164582438	8
0.301699582478348	12.68264814223	0.333	0	1	chr1-164611422-164613839	8
0.301699582478348	12.8962393735872	0.333	0	1	chr1-164830434-164831641	8
0.301699582478348	13.2747760877773	0.333	0	1	chr1-164836668-164837961	8
0.301699582478348	13.563932400178	0.333	0	1	chr1-165056948-165057370	8
0.301699582478348	13.6420140907544	0.333	0	1	chr1-165114197-165114768	8
0.301699582478348	13.1255691405483	0.333	0	1	chr1-165129450-165130243	8
0.301699582478348	13.0102476257838	0.333	0	1	chr1-165610313-165611383	8
0.301699582478348	12.3873312255855	0.333	0	1	chr1-165615937-165617344	8
0.301699582478348	13.0890403026914	0.333	0	1	chr1-165884284-165885841	8
0.301699582478348	12.8089490763899	0.333	0	1	chr1-165887581-165888779	8
0.301699582478348	13.5875662256112	0.333	0	1	chr1-166609275-166610347	8
0.301699582478348	13.5809505751782	0.333	0	1	chr1-166756386-166757089	8
0.301699582478348	12.1096403015055	0.333	0	1	chr1-166875156-166877145	8
0.301699582478348	13.8706964056759	0.333	0	1	chr1-166978304-166979194	8
0.301699582478348	12.6987126306871	0.333	0	1	chr1-167165590-167167406	8
0.301699582478348	13.4980162582978	0.333	0	1	chr1-167185964-167186860	8
0.301699582478348	13.3608465018966	0.333	0	1	chr1-167371924-167372863	8
0.301699582478348	13.2672895256608	0.333	0	1	chr1-167462881-167464638	8
0.301699582478348	13.4849005241481	0.333	0	1	chr1-167540319-167540837	8
0.301699582478348	13.5358743437734	0.333	0	1	chr1-168277491-168278379	8
0.301699582478348	13.1964252376286	0.333	0	1	chr1-168405478-168406484	8
0.301699582478348	12.8786093569902	0.333	0	1	chr1-168504193-168505212	8
0.301699582478348	12.0814962140495	0.333	0	1	chr1-168860736-168864722	8
0.301699582478348	12.4566954279747	0.333	0	1	chr1-168919940-168921513	8
0.301699582478348	12.9528733783869	0.333	0	1	chr1-169508166-169509840	8
0.301699582478348	13.1655728940577	0.333	0	1	chr1-169510376-169511757	8
0.301699582478348	12.6648435434127	0.333	0	1	chr1-169571859-169573067	8
0.301699582478348	13.5775008230755	0.333	0	1	chr1-169694175-169694879	8
0.301699582478348	13.1724028596247	0.333	0	1	chr1-169885186-169887014	8
0.301699582478348	13.4709980380628	0.333	0	1	chr1-170114879-170115346	8
0.301699582478348	12.7789237467329	0.333	0	1	chr1-170135860-170136744	8
0.301699582478348	13.1011590822094	0.333	0	1	chr1-171128121-171129004	8
0.301699582478348	13.3144178067643	0.333	0	1	chr1-171188425-171189143	8
0.301699582478348	12.8553116944727	0.333	0	1	chr1-171250825-171252123	8
0.301699582478348	13.1819085722426	0.333	0	1	chr1-171404849-171405552	8
0.301699582478348	13.113906461504	0.333	0	1	chr1-171674359-171675494	8
0.301699582478348	13.3403893400359	0.333	0	1	chr1-172744879-172745471	8
0.301699582478348	13.4664334440828	0.333	0	1	chr1-172825943-172826683	8
0.301699582478348	13.9416394007276	0.333	0	1	chr1-172843403-172844019	8
0.301699582478348	13.2555361641338	0.333	0	1	chr1-173202087-173202922	8
0.301699582478348	12.9828720397457	0.333	0	1	chr1-173429420-173431685	8
0.301699582478348	12.3525418215738	0.333	0	1	chr1-173451643-173453017	8
0.301699582478348	12.9975264104731	0.333	0	1	chr1-173506228-173508098	8
0.301699582478348	13.6698702753137	0.333	0	1	chr1-173744562-173745478	8
0.301699582478348	13.337881361118	0.333	0	1	chr1-173805192-173806602	8
0.301699582478348	11.5001672071286	0.333	0	1	chr1-173823555-173825560	8
0.301699582478348	13.0538859464815	0.333	0	1	chr1-174258004-174258677	8
0.301699582478348	13.6455682647751	0.333	0	1	chr1-174743868-174744409	8
0.301699582478348	12.713686556832	0.333	0	1	chr1-175191313-175193610	8
0.301699582478348	12.6860892919393	0.333	0	1	chr1-175470621-175471899	8
0.301699582478348	12.9775138059819	0.333	0	1	chr1-175887671-175888573	8
0.301699582478348	13.031744097921	0.333	0	1	chr1-176031801-176032955	8
0.301699582478348	12.5155919592114	0.333	0	1	chr1-177588852-177589896	8
0.301699582478348	14.0647665825833	0.333	0	1	chr1-177920746-177921294	8
0.301699582478348	12.1954280468551	0.333	0	1	chr1-178031217-178035349	8
0.301699582478348	12.7515356377382	0.333	0	1	chr1-178192292-178193419	8
0.301699582478348	13.3789356103676	0.333	0	1	chr1-178238520-178239209	8
0.301699582478348	13.0779451633675	0.333	0	1	chr1-178531881-178532882	8
0.301699582478348	13.8114050108559	0.333	0	1	chr1-178781370-178782339	8
0.301699582478348	13.2613634815117	0.333	0	1	chr1-179210592-179211602	8
0.301699582478348	12.4785986803857	0.333	0	1	chr1-179877235-179878322	8
0.301699582478348	12.9130076909893	0.333	0	1	chr1-180187777-180188839	8
0.301699582478348	12.2912023885169	0.333	0	1	chr1-180614564-180616543	8
0.301699582478348	11.9330301226006	0.333	0	1	chr1-181088045-181090395	8
0.301699582478348	12.3227233925447	0.333	0	1	chr1-181117145-181118569	8
0.301699582478348	11.5320663978833	0.333	0	1	chr1-182028811-182030559	8
0.301699582478348	12.8037746128458	0.333	0	1	chr1-182068850-182069717	8
0.301699582478348	13.2292505376871	0.333	0	1	chr1-182180994-182181951	8
0.301699582478348	12.6421284937253	0.333	0	1	chr1-182601076-182604710	8
0.301699582478348	12.5943141057953	0.333	0	1	chr1-182686663-182688188	8
0.301699582478348	12.9921742676557	0.333	0	1	chr1-182962411-182963227	8
0.301699582478348	12.2654390678714	0.333	0	1	chr1-183021761-183025153	8
0.301699582478348	12.9812536245112	0.333	0	1	chr1-183069413-183070610	8
0.301699582478348	12.240214098784	0.333	0	1	chr1-183159492-183160691	8
0.301699582478348	13.0286891865504	0.333	0	1	chr1-183281233-183282232	8
0.301699582478348	12.141853457936	0.333	0	1	chr1-183469798-183473562	8
0.301699582478348	12.9009778853701	0.333	0	1	chr1-183783891-183784918	8
0.301699582478348	13.2126326463619	0.333	0	1	chr1-183833638-183834965	8
0.301699582478348	13.1050392177426	0.333	0	1	chr1-183915583-183916595	8
0.301699582478348	13.1655475370037	0.333	0	1	chr1-184442832-184444072	8
0.301699582478348	13.6495333066259	0.333	0	1	chr1-184715834-184716598	8
0.301699582478348	12.3158686511866	0.333	0	1	chr1-184904875-184906445	8
0.301699582478348	12.3661218956552	0.333	0	1	chr1-185044841-185047409	8
0.301699582478348	12.4817364100101	0.333	0	1	chr1-185696285-185697703	8
0.301699582478348	13.4456185996004	0.333	0	1	chr1-185705349-185706393	8
0.301699582478348	12.8323419944454	0.333	0	1	chr1-185926455-185927274	8
0.301699582478348	14.0207774455801	0.333	0	1	chr1-187042593-187042958	8
0.301699582478348	12.7966402076504	0.333	0	1	chr1-188061388-188062535	8
0.301699582478348	13.8986105376989	0.333	0	1	chr1-189129966-189130419	8
0.301699582478348	13.4779172695068	0.333	0	1	chr1-190140565-190141210	8
0.301699582478348	12.8414868486881	0.333	0	1	chr1-190452046-190453926	8
0.301699582478348	12.4813324597823	0.333	0	1	chr1-190477356-190479970	8
0.301699582478348	13.7043663446008	0.333	0	1	chr1-191494986-191495515	8
0.301699582478348	13.0554652476312	0.333	0	1	chr1-192205984-192206509	8
0.301699582478348	13.1393275153417	0.333	0	1	chr1-192496205-192497250	8
0.301699582478348	13.3233154247276	0.333	0	1	chr1-192541332-192542231	8
0.301699582478348	13.4649203247532	0.333	0	1	chr1-192805724-192806273	8
0.301699582478348	13.2040291553984	0.333	0	1	chr1-193036026-193036853	8
0.301699582478348	11.3648074177696	0.333	0	1	chr1-193058128-193061424	8
0.301699582478348	13.0529115690655	0.333	0	1	chr1-193096505-193097906	8
0.301699582478348	13.5480957371104	0.333	0	1	chr1-194102539-194103234	8
0.301699582478348	13.9857078131072	0.333	0	1	chr1-194117770-194118041	8
0.301699582478348	13.3522372097214	0.333	0	1	chr1-197180184-197180719	8
0.301699582478348	13.3641932268482	0.333	0	1	chr1-197356692-197357408	8
0.301699582478348	13.5866124428655	0.333	0	1	chr1-197571513-197572031	8
0.301699582478348	12.428474840143	0.333	0	1	chr1-197773181-197776605	8
0.301699582478348	12.0303554806014	0.333	0	1	chr1-197781895-197784597	8
0.301699582478348	12.4086957549278	0.333	0	1	chr1-200159926-200162986	8
0.301699582478348	13.1277708935851	0.333	0	1	chr1-200217506-200218534	8
0.301699582478348	13.5402061310943	0.333	0	1	chr1-200301520-200302875	8
0.301699582478348	12.8079598582488	0.333	0	1	chr1-200414789-200417664	8
0.301699582478348	13.2325316553425	0.333	0	1	chr1-200794599-200796142	8
0.301699582478348	12.9925076671064	0.333	0	1	chr1-201055299-201056632	8
0.301699582478348	12.3652252057953	0.333	0	1	chr1-201373784-201382780	8
0.301699582478348	11.1469688886421	0.333	0	1	chr1-201395879-201401412	8
0.301699582478348	12.1464315494319	0.333	0	1	chr1-201504367-201508003	8
0.301699582478348	13.0698359566969	0.333	0	1	chr1-201686338-201687431	8
0.301699582478348	13.662652517247	0.333	0	1	chr1-201861416-201862083	8
0.301699582478348	12.5870976714979	0.333	0	1	chr1-202154660-202156094	8
0.301699582478348	13.1743906417818	0.333	0	1	chr1-202188837-202190437	8
0.301699582478348	13.4347805862628	0.333	0	1	chr1-202333794-202336152	8
0.301699582478348	13.8903223843883	0.333	0	1	chr1-202343732-202344137	8
0.301699582478348	13.742896432223	0.333	0	1	chr1-202642711-202643853	8
0.301699582478348	13.313253501895	0.333	0	1	chr1-202692862-202693570	8
0.301699582478348	12.930899717779	0.333	0	1	chr1-203268591-203269637	8
0.301699582478348	12.0687758919909	0.333	0	1	chr1-203316039-203318180	8
0.301699582478348	13.2417606970162	0.333	0	1	chr1-203682491-203683429	8
0.301699582478348	12.322407355618	0.333	0	1	chr1-204087441-204089884	8
0.301699582478348	12.58038422818	0.333	0	1	chr1-204127214-204130869	8
0.301699582478348	13.0609143543829	0.333	0	1	chr1-204379987-204381077	8
0.301699582478348	12.388797618706	0.333	0	1	chr1-204477435-204480563	8
0.301699582478348	13.2574433119193	0.333	0	1	chr1-204647266-204648034	8
0.301699582478348	12.8791860372977	0.333	0	1	chr1-204924017-204925126	8
0.301699582478348	13.0267932129669	0.333	0	1	chr1-205075558-205078253	8
0.301699582478348	12.8793306363371	0.333	0	1	chr1-205226935-205228500	8
0.301699582478348	12.8581174415872	0.333	0	1	chr1-205270507-205271805	8
0.301699582478348	13.2492044057707	0.333	0	1	chr1-205369331-205371301	8
0.301699582478348	13.3533779347251	0.333	0	1	chr1-205587812-205589116	8
0.301699582478348	12.8768817820541	0.333	0	1	chr1-205678659-205681053	8
0.301699582478348	13.2643195743434	0.333	0	1	chr1-205758458-205759311	8
0.301699582478348	13.2396191682217	0.333	0	1	chr1-205918869-205919757	8
0.301699582478348	12.4395751047725	0.333	0	1	chr1-206112428-206113772	8
0.301699582478348	12.6997284724452	0.333	0	1	chr1-206202779-206203957	8
0.301699582478348	13.4009203764952	0.333	0	1	chr1-206432561-206433145	8
0.301699582478348	12.3194646318412	0.333	0	1	chr1-206611616-206613023	8
0.301699582478348	12.327951843989	0.333	0	1	chr1-206634188-206636352	8
0.301699582478348	13.0808051794321	0.333	0	1	chr1-206681696-206682845	8
0.301699582478348	12.5265636010891	0.333	0	1	chr1-206895110-206896834	8
0.301699582478348	13.0745764753147	0.333	0	1	chr1-206912360-206913120	8
0.301699582478348	12.1881160054507	0.333	0	1	chr1-207001751-207005920	8
0.301699582478348	12.7044349775437	0.333	0	1	chr1-207793377-207796156	8
0.301699582478348	12.7396662390645	0.333	0	1	chr1-207962692-207964793	8
0.301699582478348	13.0233732759008	0.333	0	1	chr1-208000247-208001220	8
0.301699582478348	13.5499010044671	0.333	0	1	chr1-208021565-208022224	8
0.301699582478348	12.7667652485124	0.333	0	1	chr1-208202561-208204547	8
0.301699582478348	13.0448707942667	0.333	0	1	chr1-208450142-208451610	8
0.301699582478348	13.2348855310229	0.333	0	1	chr1-208508681-208509765	8
0.301699582478348	13.9130400623015	0.333	0	1	chr1-209190592-209191058	8
0.301699582478348	13.3409482414299	0.333	0	1	chr1-209207456-209208247	8
0.301699582478348	12.200634280504	0.333	0	1	chr1-209822066-209824501	8
0.301699582478348	13.2400944484106	0.333	0	1	chr1-209875310-209876178	8
0.301699582478348	13.2712712942431	0.333	0	1	chr1-209879180-209880243	8
0.301699582478348	13.1911097874629	0.333	0	1	chr1-210400364-210401231	8
0.301699582478348	13.230186306525	0.333	0	1	chr1-210418900-210420165	8
0.301699582478348	13.6922162918438	0.333	0	1	chr1-210448032-210448746	8
0.301699582478348	12.7191034346723	0.333	0	1	chr1-210584256-210585025	8
0.301699582478348	13.040598190326	0.333	0	1	chr1-210915574-210917083	8
0.301699582478348	12.9655059303893	0.333	0	1	chr1-211326228-211328545	8
0.301699582478348	12.7138705547377	0.333	0	1	chr1-211601953-211603985	8
0.301699582478348	12.2204604449533	0.333	0	1	chr1-212146611-212148332	8
0.301699582478348	13.2757810529546	0.333	0	1	chr1-212291182-212291961	8
0.301699582478348	13.3242076706647	0.333	0	1	chr1-212476861-212478080	8
0.301699582478348	13.1336291282796	0.333	0	1	chr1-212485754-212486885	8
0.301699582478348	12.2496119215984	0.333	0	1	chr1-212790416-212792938	8
0.301699582478348	13.3420676075053	0.333	0	1	chr1-214213856-214214819	8
0.301699582478348	13.0768165919362	0.333	0	1	chr1-214481611-214482939	8
0.301699582478348	12.7273445126869	0.333	0	1	chr1-217028711-217030385	8
0.301699582478348	12.2656300262989	0.333	0	1	chr1-217088997-217090748	8
0.301699582478348	13.2630036273399	0.333	0	1	chr1-217467914-217468608	8
0.301699582478348	13.5147379411537	0.333	0	1	chr1-217516180-217516879	8
0.301699582478348	12.8334770036845	0.333	0	1	chr1-217573869-217575549	8
0.301699582478348	12.8026855728224	0.333	0	1	chr1-218489991-218491416	8
0.301699582478348	13.2943541115567	0.333	0	1	chr1-218671412-218672281	8
0.301699582478348	13.2455396154658	0.333	0	1	chr1-219416517-219417238	8
0.301699582478348	13.4749150092628	0.333	0	1	chr1-219640087-219640807	8
0.301699582478348	13.4551852293639	0.333	0	1	chr1-219858710-219859476	8
0.301699582478348	13.1227701045981	0.333	0	1	chr1-219900004-219900754	8
0.301699582478348	12.2871411784056	0.333	0	1	chr1-220088643-220090792	8
0.301699582478348	12.6985857320666	0.333	0	1	chr1-220271556-220273316	8
0.301699582478348	12.764846749782	0.333	0	1	chr1-220699869-220701530	8
0.301699582478348	13.1977607754866	0.333	0	1	chr1-220776626-220777334	8
0.301699582478348	13.0485832381736	0.333	0	1	chr1-221227545-221228973	8
0.301699582478348	13.0464306716568	0.333	0	1	chr1-221393682-221394815	8
0.301699582478348	12.7405972003738	0.333	0	1	chr1-222096968-222098978	8
0.301699582478348	13.3254916341266	0.333	0	1	chr1-222794393-222795353	8
0.301699582478348	12.7270116051222	0.333	0	1	chr1-222946066-222947123	8
0.301699582478348	12.1772485493334	0.333	0	1	chr1-223142324-223144176	8
0.301699582478348	13.5879219203751	0.333	0	1	chr1-223174957-223175485	8
0.301699582478348	12.9659655177966	0.333	0	1	chr1-223429300-223430998	8
0.301699582478348	13.4507493534299	0.333	0	1	chr1-223512885-223513894	8
0.301699582478348	13.966179309441	0.333	0	1	chr1-223531700-223532176	8
0.301699582478348	14.0401255643435	0.333	0	1	chr1-223668744-223669369	8
0.301699582478348	12.5058795260076	0.333	0	1	chr1-223737327-223741426	8
0.301699582478348	12.8846879985606	0.333	0	1	chr1-223819459-223820630	8
0.301699582478348	11.8816554207649	0.333	0	1	chr1-224112958-224115183	8
0.301699582478348	12.211121910869	0.333	0	1	chr1-224203207-224206280	8
0.301699582478348	13.3684104955302	0.333	0	1	chr1-224311480-224312699	8
0.301699582478348	13.1320096132794	0.333	0	1	chr1-224513597-224514308	8
0.301699582478348	12.7880906285276	0.333	0	1	chr1-224784788-224785962	8
0.301699582478348	12.8475063549401	0.333	0	1	chr1-225508359-225509383	8
0.301699582478348	13.0340436114538	0.333	0	1	chr1-225877318-225878909	8
0.301699582478348	12.3260475604406	0.333	0	1	chr1-225997931-226000199	8
0.301699582478348	11.8847350779381	0.333	0	1	chr1-226061002-226065398	8
0.301699582478348	12.2043242799593	0.333	0	1	chr1-226478575-226481745	8
0.301699582478348	13.4185579635182	0.333	0	1	chr1-226608650-226609187	8
0.301699582478348	12.314066945597	0.333	0	1	chr1-226701743-226705079	8
0.301699582478348	13.6694596320261	0.333	0	1	chr1-226855162-226855896	8
0.301699582478348	11.5016191903775	0.333	0	1	chr1-226938335-226941601	8
0.301699582478348	13.4369314563978	0.333	0	1	chr1-227114090-227114986	8
0.301699582478348	12.2043242799593	0.333	0	1	chr1-227733437-227736754	8
0.301699582478348	13.1882482164165	0.333	0	1	chr1-227761948-227763073	8
0.301699582478348	13.00284957601	0.333	0	1	chr1-227999127-227999989	8
0.301699582478348	11.3288467950079	0.333	0	1	chr1-228139342-228143340	8
0.301699582478348	12.5703306924772	0.333	0	1	chr1-228902652-228904231	8
0.301699582478348	12.8964730452842	0.333	0	1	chr1-229093160-229094239	8
0.301699582478348	12.1888790032926	0.333	0	1	chr1-229269538-229272867	8
0.301699582478348	12.9557562252223	0.333	0	1	chr1-229553276-229554464	8
0.301699582478348	13.3854629596649	0.333	0	1	chr1-229781283-229782150	8
0.301699582478348	13.3265826705869	0.333	0	1	chr1-229904798-229905619	8
0.301699582478348	11.9376471331818	0.333	0	1	chr1-230066404-230070312	8
0.301699582478348	13.3173383038136	0.333	0	1	chr1-230107834-230108582	8
0.301699582478348	12.0673990810785	0.333	0	1	chr1-230185130-230187266	8
0.301699582478348	13.5579054713372	0.333	0	1	chr1-230950349-230951107	8
0.301699582478348	12.2279896182695	0.333	0	1	chr1-231336844-231339347	8
0.301699582478348	13.1042614805381	0.333	0	1	chr1-231407500-231408560	8
0.301699582478348	13.2727709608362	0.333	0	1	chr1-231724938-231725810	8
0.301699582478348	12.8408745775633	0.333	0	1	chr1-231777790-231778792	8
0.301699582478348	12.9383075602403	0.333	0	1	chr1-231806193-231808043	8
0.301699582478348	13.600360758661	0.333	0	1	chr1-232149770-232150296	8
0.301699582478348	13.6750945051634	0.333	0	1	chr1-232260839-232261480	8
0.301699582478348	12.5123436652842	0.333	0	1	chr1-232377343-232379921	8
0.301699582478348	13.7837536108751	0.333	0	1	chr1-233054835-233055546	8
0.301699582478348	13.0100510777882	0.333	0	1	chr1-233735566-233736726	8
0.301699582478348	13.2887391950668	0.333	0	1	chr1-233896906-233898191	8
0.301699582478348	12.4645104260767	0.333	0	1	chr1-234107108-234108340	8
0.301699582478348	12.5670973117298	0.333	0	1	chr1-234458091-234459354	8
0.301699582478348	12.8270210212125	0.333	0	1	chr1-234486688-234487983	8
0.301699582478348	14.1615073836218	0.333	0	1	chr1-234831230-234831500	8
0.301699582478348	12.6252080610883	0.333	0	1	chr1-234893826-234895045	8
0.301699582478348	13.5482751757464	0.333	0	1	chr1-234915785-234916469	8
0.301699582478348	11.3901224658033	0.333	0	1	chr1-234956838-234964911	8
0.301699582478348	12.4578735209668	0.333	0	1	chr1-235078548-235080508	8
0.301699582478348	13.5046963680526	0.333	0	1	chr1-235136055-235137137	8
0.301699582478348	13.194205297405	0.333	0	1	chr1-235416797-235417724	8
0.301699582478348	13.742896432223	0.333	0	1	chr1-235523418-235524110	8
0.301699582478348	13.0843346469289	0.333	0	1	chr1-235818175-235819189	8
0.301699582478348	13.2099035802424	0.333	0	1	chr1-235971322-235972380	8
0.301699582478348	13.6976992721822	0.333	0	1	chr1-236009650-236010535	8
0.301699582478348	12.1715171180085	0.333	0	1	chr1-236147386-236151687	8
0.301699582478348	12.7648956194494	0.333	0	1	chr1-236531406-236532758	8
0.301699582478348	13.1234085540178	0.333	0	1	chr1-237012486-237013603	8
0.301699582478348	13.4312140144776	0.333	0	1	chr1-239040930-239041663	8
0.301699582478348	13.8577137317364	0.333	0	1	chr1-239585913-239586486	8
0.301699582478348	13.1379096871332	0.333	0	1	chr1-239586860-239588393	8
0.301699582478348	13.9640717539369	0.333	0	1	chr1-239737628-239738550	8
0.301699582478348	12.840049345934	0.333	0	1	chr1-241542064-241543105	8
0.301699582478348	13.7111320110022	0.333	0	1	chr1-241934144-241934621	8
0.301699582478348	13.7864394580265	0.333	0	1	chr1-242188803-242189326	8
0.301699582478348	11.8780173934029	0.333	0	1	chr1-243432788-243435226	8
0.301699582478348	13.2309671466853	0.333	0	1	chr1-244272440-244273479	8
0.301699582478348	13.2712712942431	0.333	0	1	chr1-244326746-244328024	8
0.301699582478348	12.810078877201	0.333	0	1	chr1-245059837-245061483	8
0.301699582478348	13.2305754515759	0.333	0	1	chr1-246068325-246069267	8
0.301699582478348	13.2859202760026	0.333	0	1	chr1-246116926-246117791	8
0.301699582478348	12.540427605734	0.333	0	1	chr1-246300421-246302196	8
0.301699582478348	13.7628476453826	0.333	0	1	chr1-246971296-246971771	8
0.301699582478348	11.9383230628512	0.333	0	1	chr1-247006877-247008561	8
0.301699582478348	12.0098318515533	0.333	0	1	chr1-247077561-247079316	8
0.301699582478348	11.674267675055	0.333	0	1	chr1-247330460-247337703	8
0.301699582478348	13.6465564476981	0.333	0	1	chr1-247906414-247907058	8
0.301699582478348	12.9188006639755	0.333	0	1	chr1-247936749-247937605	8
0.301699582478348	13.063112345542	0.333	0	1	chr1-248806715-248807769	8
0.301699582478348	13.1715855455841	0.333	0	1	chr2-19760-20777	8
0.301699582478348	12.8916855789874	0.333	0	1	chr2-33364-34517	8
0.301699582478348	13.4965430508954	0.333	0	1	chr2-724980-725488	8
0.301699582478348	12.9627076776634	0.333	0	1	chr2-1817074-1818109	8
0.301699582478348	12.8996881921275	0.333	0	1	chr2-1988526-1989924	8
0.301699582478348	12.247844678902	0.333	0	1	chr2-2613009-2614253	8
0.301699582478348	12.7997987398215	0.333	0	1	chr2-3148196-3150468	8
0.301699582478348	12.696492982107	0.333	0	1	chr2-3348492-3349986	8
0.301699582478348	12.3882849051935	0.333	0	1	chr2-3377202-3378591	8
0.301699582478348	12.449008981412	0.333	0	1	chr2-3574708-3576472	8
0.301699582478348	13.5570058918797	0.333	0	1	chr2-3738384-3738882	8
0.301699582478348	13.6382210816974	0.333	0	1	chr2-4882382-4883287	8
0.301699582478348	12.7946533322162	0.333	0	1	chr2-5433696-5434333	8
0.301699582478348	13.6475466755987	0.333	0	1	chr2-6772943-6773568	8
0.301699582478348	13.5904385303501	0.333	0	1	chr2-6998166-6998822	8
0.301699582478348	13.1697219431077	0.333	0	1	chr2-7011404-7012806	8
0.301699582478348	13.2957075338313	0.333	0	1	chr2-7037664-7038235	8
0.301699582478348	12.8643242359021	0.333	0	1	chr2-7057502-7058376	8
0.301699582478348	12.5028940332408	0.333	0	1	chr2-7791744-7793153	8
0.301699582478348	13.5516412944049	0.333	0	1	chr2-8073455-8074490	8
0.301699582478348	13.8114050108559	0.333	0	1	chr2-8275161-8275632	8
0.301699582478348	12.5524773770081	0.333	0	1	chr2-8539587-8540838	8
0.301699582478348	12.9120254817747	0.333	0	1	chr2-8803743-8804634	8
0.301699582478348	13.1054284085798	0.333	0	1	chr2-9206040-9208511	8
0.301699582478348	12.8570255077326	0.333	0	1	chr2-9332353-9334278	8
0.301699582478348	13.197749329714	0.333	0	1	chr2-10348640-10349634	8
0.301699582478348	13.2179469920162	0.333	0	1	chr2-10490591-10491254	8
0.301699582478348	14.1398560946101	0.333	0	1	chr2-10876380-10876693	8
0.301699582478348	13.5190804933808	0.333	0	1	chr2-11556340-11557725	8
0.301699582478348	13.1595628912844	0.333	0	1	chr2-11676005-11677117	8
0.301699582478348	13.338158918069	0.333	0	1	chr2-11810983-11811928	8
0.301699582478348	13.1660100898793	0.333	0	1	chr2-12107752-12108539	8
0.301699582478348	12.7607500427391	0.333	0	1	chr2-14632040-14633360	8
0.301699582478348	13.2273830378922	0.333	0	1	chr2-14881442-14882335	8
0.301699582478348	13.1568184284025	0.333	0	1	chr2-15576859-15577584	8
0.301699582478348	13.1627788318357	0.333	0	1	chr2-16661188-16662032	8
0.301699582478348	13.512257661339	0.333	0	1	chr2-16773021-16773539	8
0.301699582478348	13.3772606948557	0.333	0	1	chr2-16943184-16944164	8
0.301699582478348	13.579046743903	0.333	0	1	chr2-17309663-17310158	8
0.301699582478348	13.2554922479952	0.333	0	1	chr2-17733565-17734281	8
0.301699582478348	13.7108030963433	0.333	0	1	chr2-18178684-18179165	8
0.301699582478348	13.7392537901722	0.333	0	1	chr2-18435384-18435884	8
0.301699582478348	13.1030964815537	0.333	0	1	chr2-18883605-18884487	8
0.301699582478348	13.3887542884317	0.333	0	1	chr2-19009011-19010156	8
0.301699582478348	13.6796698145496	0.333	0	1	chr2-19264785-19265467	8
0.301699582478348	12.6606981849473	0.333	0	1	chr2-19347342-19348704	8
0.301699582478348	13.6571877774018	0.333	0	1	chr2-20496020-20496996	8
0.301699582478348	12.4133034153116	0.333	0	1	chr2-20625163-20626637	8
0.301699582478348	14.0499281070188	0.333	0	1	chr2-20805304-20805761	8
0.301699582478348	13.5896800147257	0.333	0	1	chr2-23381009-23381560	8
0.301699582478348	12.8270210212125	0.333	0	1	chr2-23568257-23569410	8
0.301699582478348	13.5054437899333	0.333	0	1	chr2-23824673-23825282	8
0.301699582478348	12.3527044726981	0.333	0	1	chr2-24083699-24085324	8
0.301699582478348	12.3837483060497	0.333	0	1	chr2-24489325-24493001	8
0.301699582478348	12.0807489912928	0.333	0	1	chr2-24792277-24794311	8
0.301699582478348	13.6180798841498	0.333	0	1	chr2-24975465-24975871	8
0.301699582478348	13.0854692072087	0.333	0	1	chr2-25105382-25106447	8
0.301699582478348	12.8430792412191	0.333	0	1	chr2-25361811-25362683	8
0.301699582478348	13.3510986650898	0.333	0	1	chr2-25685450-25686277	8
0.301699582478348	13.3179087122405	0.333	0	1	chr2-25762402-25763412	8
0.301699582478348	12.5001213962233	0.333	0	1	chr2-26032585-26035064	8
0.301699582478348	13.248228430027	0.333	0	1	chr2-26073146-26073963	8
0.301699582478348	13.4857100436836	0.333	0	1	chr2-26922569-26923178	8
0.301699582478348	12.9437395803065	0.333	0	1	chr2-26982014-26983029	8
0.301699582478348	12.6163015749017	0.333	0	1	chr2-27441894-27443562	8
0.301699582478348	12.9865288421395	0.333	0	1	chr2-28268867-28270075	8
0.301699582478348	12.4996463390484	0.333	0	1	chr2-28568104-28569318	8
0.301699582478348	12.8138655343179	0.333	0	1	chr2-28735389-28736996	8
0.301699582478348	13.6954982453558	0.333	0	1	chr2-29196751-29197256	8
0.301699582478348	13.1641617706932	0.333	0	1	chr2-29233244-29234154	8
0.301699582478348	12.9814394844651	0.333	0	1	chr2-29423140-29424079	8
0.301699582478348	13.3040709717718	0.333	0	1	chr2-29582972-29584110	8
0.301699582478348	13.6180798841498	0.333	0	1	chr2-30234109-30234677	8
0.301699582478348	12.7213348919612	0.333	0	1	chr2-31049853-31050726	8
0.301699582478348	14.1690640480457	0.333	0	1	chr2-31862115-31862315	8
0.301699582478348	12.7056774968986	0.333	0	1	chr2-32062493-32064788	8
0.301699582478348	12.5884473271509	0.333	0	1	chr2-32277378-32279063	8
0.301699582478348	13.0090277319373	0.333	0	1	chr2-33064172-33065027	8
0.301699582478348	12.8305645428663	0.333	0	1	chr2-35112109-35113109	8
0.301699582478348	12.9031933865687	0.333	0	1	chr2-35650980-35652595	8
0.301699582478348	13.3821901503406	0.333	0	1	chr2-36981561-36983049	8
0.301699582478348	12.2555298576318	0.333	0	1	chr2-37083626-37085201	8
0.301699582478348	12.6844817759207	0.333	0	1	chr2-37323568-37325734	8
0.301699582478348	13.5942941488241	0.333	0	1	chr2-37628641-37629166	8
0.301699582478348	12.9328690751288	0.333	0	1	chr2-38152347-38153830	8
0.301699582478348	13.4727989041276	0.333	0	1	chr2-38535971-38536542	8
0.301699582478348	13.4749150092628	0.333	0	1	chr2-39820431-39821247	8
0.301699582478348	13.7220650414744	0.333	0	1	chr2-41869658-41870138	8
0.301699582478348	13.1312012746961	0.333	0	1	chr2-42249325-42250414	8
0.301699582478348	13.9537512065148	0.333	0	1	chr2-42442849-42443257	8
0.301699582478348	12.2613301330606	0.333	0	1	chr2-42809146-42811109	8
0.301699582478348	12.9529930825589	0.333	0	1	chr2-43218578-43220543	8
0.301699582478348	12.3009322914616	0.333	0	1	chr2-43595237-43597047	8
0.301699582478348	13.5378301307153	0.333	0	1	chr2-44295079-44295915	8
0.301699582478348	12.6796283428531	0.333	0	1	chr2-45938344-45940459	8
0.301699582478348	14.0087043105122	0.333	0	1	chr2-46002571-46002977	8
0.301699582478348	13.3488280767132	0.333	0	1	chr2-47346610-47347696	8
0.301699582478348	12.9172865262881	0.333	0	1	chr2-47402540-47404140	8
0.301699582478348	13.0879969344107	0.333	0	1	chr2-48221528-48222500	8
0.301699582478348	14.019347431568	0.333	0	1	chr2-48234999-48235415	8
0.301699582478348	12.8859537497496	0.333	0	1	chr2-50407703-50408917	8
0.301699582478348	13.8986105376989	0.333	0	1	chr2-50637415-50638000	8
0.301699582478348	13.8291547364841	0.333	0	1	chr2-51981808-51982658	8
0.301699582478348	13.2222749001545	0.333	0	1	chr2-53609602-53610881	8
0.301699582478348	13.1575507577441	0.333	0	1	chr2-54115013-54116228	8
0.301699582478348	13.4130224882302	0.333	0	1	chr2-54584426-54585114	8
0.301699582478348	13.1041083878006	0.333	0	1	chr2-54840267-54841502	8
0.301699582478348	13.2915677937463	0.333	0	1	chr2-54952635-54953816	8
0.301699582478348	12.7378953054456	0.333	0	1	chr2-55231336-55233878	8
0.301699582478348	12.8855568863061	0.333	0	1	chr2-56183481-56186039	8
0.301699582478348	13.6021634179719	0.333	0	1	chr2-60746264-60746841	8
0.301699582478348	12.6956720499785	0.333	0	1	chr2-60755864-60757226	8
0.301699582478348	13.4380172651538	0.333	0	1	chr2-62304993-62305743	8
0.301699582478348	13.6396815582874	0.333	0	1	chr2-62411794-62412519	8
0.301699582478348	13.4297936951455	0.333	0	1	chr2-63249174-63249699	8
0.301699582478348	13.4877876603542	0.333	0	1	chr2-64021521-64022572	8
0.301699582478348	13.7404646915247	0.333	0	1	chr2-64400131-64401879	8
0.301699582478348	13.0700375762849	0.333	0	1	chr2-64651609-64654879	8
0.301699582478348	13.3082956007483	0.333	0	1	chr2-65662401-65663328	8
0.301699582478348	13.4664993307984	0.333	0	1	chr2-65922555-65923262	8
0.301699582478348	13.3790468855039	0.333	0	1	chr2-67878523-67879507	8
0.301699582478348	12.4112384910404	0.333	0	1	chr2-68466545-68468066	8
0.301699582478348	13.5069231895122	0.333	0	1	chr2-70034635-70035654	8
0.301699582478348	12.9454448896732	0.333	0	1	chr2-70899965-70900996	8
0.301699582478348	13.3748875568938	0.333	0	1	chr2-70919711-70920282	8
0.301699582478348	13.1110523435378	0.333	0	1	chr2-71331330-71332646	8
0.301699582478348	13.1623184781032	0.333	0	1	chr2-73283360-73285080	8
0.301699582478348	12.7109802027098	0.333	0	1	chr2-73926505-73927409	8
0.301699582478348	12.3738658805216	0.333	0	1	chr2-73983250-73986010	8
0.301699582478348	12.6158381511617	0.333	0	1	chr2-74008875-74011627	8
0.301699582478348	13.2124669336435	0.333	0	1	chr2-74576452-74577452	8
0.301699582478348	12.999206778119	0.333	0	1	chr2-75037325-75038364	8
0.301699582478348	13.2199661924544	0.333	0	1	chr2-75302984-75303882	8
0.301699582478348	13.1814549958325	0.333	0	1	chr2-75896737-75897249	8
0.301699582478348	13.3649073755503	0.333	0	1	chr2-77803788-77805184	8
0.301699582478348	13.4649203247532	0.333	0	1	chr2-78924712-78925950	8
0.301699582478348	13.7918621691136	0.333	0	1	chr2-79982443-79982902	8
0.301699582478348	14.2673422581787	0.333	0	1	chr2-80075776-80076122	8
0.301699582478348	13.2848989284091	0.333	0	1	chr2-82119948-82121092	8
0.301699582478348	12.9372013395472	0.333	0	1	chr2-82275339-82276119	8
0.301699582478348	13.409247798065	0.333	0	1	chr2-82983501-82984821	8
0.301699582478348	12.2869883996516	0.333	0	1	chr2-84515771-84517071	8
0.301699582478348	13.4976142190814	0.333	0	1	chr2-84912836-84913460	8
0.301699582478348	12.8625446994184	0.333	0	1	chr2-85132731-85134567	8
0.301699582478348	12.5743819496313	0.333	0	1	chr2-85368962-85370297	8
0.301699582478348	13.8779132791141	0.333	0	1	chr2-85589963-85590589	8
0.301699582478348	12.6326697781284	0.333	0	1	chr2-85615668-85617016	8
0.301699582478348	13.7797560324683	0.333	0	1	chr2-86059977-86060488	8
0.301699582478348	13.2278494095818	0.333	0	1	chr2-86479869-86480637	8
0.301699582478348	12.431123771763	0.333	0	1	chr2-88054229-88056423	8
0.301699582478348	13.5239332894249	0.333	0	1	chr2-88500532-88501144	8
0.301699582478348	13.7797560324683	0.333	0	1	chr2-88545117-88545615	8
0.301699582478348	13.516019615981	0.333	0	1	chr2-88903714-88904196	8
0.301699582478348	12.4697321410505	0.333	0	1	chr2-94207634-94209559	8
0.301699582478348	13.8410038896896	0.333	0	1	chr2-94586075-94586486	8
0.301699582478348	13.8779132791141	0.333	0	1	chr2-94762483-94762984	8
0.301699582478348	13.2931169633079	0.333	0	1	chr2-95115269-95115940	8
0.301699582478348	13.4369314563978	0.333	0	1	chr2-95192843-95193355	8
0.301699582478348	12.2564201645285	0.333	0	1	chr2-95206651-95208137	8
0.301699582478348	13.0147218383042	0.333	0	1	chr2-96533597-96535292	8
0.301699582478348	13.0103925045737	0.333	0	1	chr2-96536220-96537580	8
0.301699582478348	12.5481564130774	0.333	0	1	chr2-96637404-96638913	8
0.301699582478348	12.9513971944814	0.333	0	1	chr2-96739233-96740740	8
0.301699582478348	12.1626218463227	0.333	0	1	chr2-96887514-96889223	8
0.301699582478348	13.0931938482414	0.333	0	1	chr2-96950905-96951777	8
0.301699582478348	12.3913205468199	0.333	0	1	chr2-97645064-97646789	8
0.301699582478348	12.0644009058876	0.333	0	1	chr2-97662593-97665051	8
0.301699582478348	13.0667905755062	0.333	0	1	chr2-97699915-97700628	8
0.301699582478348	13.1621835910687	0.333	0	1	chr2-98487855-98488796	8
0.301699582478348	12.6660663915207	0.333	0	1	chr2-98607548-98609695	8
0.301699582478348	12.7553925328103	0.333	0	1	chr2-98907934-98910305	8
0.301699582478348	13.7654065224018	0.333	0	1	chr2-99692733-99693228	8
0.301699582478348	13.1897875353016	0.333	0	1	chr2-99782824-99783685	8
0.301699582478348	13.8915903603428	0.333	0	1	chr2-99901959-99902477	8
0.301699582478348	13.4248505700471	0.333	0	1	chr2-100031324-100032208	8
0.301699582478348	13.4478116966809	0.333	0	1	chr2-100262553-100263281	8
0.301699582478348	13.3894147989058	0.333	0	1	chr2-100606567-100607406	8
0.301699582478348	13.8950847947205	0.333	0	1	chr2-100730310-100730655	8
0.301699582478348	12.3836744301769	0.333	0	1	chr2-101079611-101081095	8
0.301699582478348	12.7425553956457	0.333	0	1	chr2-101109783-101110989	8
0.301699582478348	12.128171527245	0.333	0	1	chr2-101237747-101241116	8
0.301699582478348	13.1121925967687	0.333	0	1	chr2-104434191-104435092	8
0.301699582478348	13.7095688393173	0.333	0	1	chr2-104672514-104673201	8
0.301699582478348	13.2633326780215	0.333	0	1	chr2-104732006-104732679	8
0.301699582478348	13.4914184408391	0.333	0	1	chr2-104979746-104980428	8
0.301699582478348	13.3802407193396	0.333	0	1	chr2-105294600-105295308	8
0.301699582478348	12.9399991091733	0.333	0	1	chr2-105369542-105370392	8
0.301699582478348	13.1972643445392	0.333	0	1	chr2-105398649-105399463	8
0.301699582478348	13.3731139890101	0.333	0	1	chr2-105576235-105577083	8
0.301699582478348	13.1604801787851	0.333	0	1	chr2-105885893-105887304	8
0.301699582478348	13.0467873180237	0.333	0	1	chr2-106575894-106577204	8
0.301699582478348	13.3838369463275	0.333	0	1	chr2-106642625-106643378	8
0.301699582478348	13.111337233122	0.333	0	1	chr2-107772171-107772922	8
0.301699582478348	13.2273830378922	0.333	0	1	chr2-109516254-109517005	8
0.301699582478348	12.886138561287	0.333	0	1	chr2-109690439-109692727	8
0.301699582478348	13.2920837545719	0.333	0	1	chr2-110119923-110121162	8
0.301699582478348	12.775867878717	0.333	0	1	chr2-110747087-110748848	8
0.301699582478348	12.8264153291066	0.333	0	1	chr2-110770212-110772528	8
0.301699582478348	13.7246062410158	0.333	0	1	chr2-111049139-111050214	8
0.301699582478348	12.5941385833635	0.333	0	1	chr2-111887625-111888597	8
0.301699582478348	12.8830034205693	0.333	0	1	chr2-112541433-112543843	8
0.301699582478348	13.0869725898698	0.333	0	1	chr2-112626446-112627159	8
0.301699582478348	12.5719474903182	0.333	0	1	chr2-112660141-112662704	8
0.301699582478348	13.3097738050068	0.333	0	1	chr2-112958590-112959624	8
0.301699582478348	12.8061100928492	0.333	0	1	chr2-113117115-113118301	8
0.301699582478348	13.196295437016	0.333	0	1	chr2-113307701-113309058	8
0.301699582478348	12.9662070890683	0.333	0	1	chr2-114542707-114544005	8
0.301699582478348	13.5647698887115	0.333	0	1	chr2-115388692-115389455	8
0.301699582478348	13.2075244656098	0.333	0	1	chr2-117961064-117961869	8
0.301699582478348	13.6196255806293	0.333	0	1	chr2-118077459-118078318	8
0.301699582478348	13.3232215737342	0.333	0	1	chr2-118299768-118302023	8
0.301699582478348	14.0301630065346	0.333	0	1	chr2-118832013-118832436	8
0.301699582478348	13.7297320964108	0.333	0	1	chr2-119011362-119011849	8
0.301699582478348	14.0183299492946	0.333	0	1	chr2-119136076-119136460	8
0.301699582478348	12.8831086035242	0.333	0	1	chr2-119218297-119220608	8
0.301699582478348	13.5474641795719	0.333	0	1	chr2-119407509-119408314	8
0.301699582478348	12.6139867729876	0.333	0	1	chr2-119677698-119680185	8
0.301699582478348	13.3155843315873	0.333	0	1	chr2-120538487-120539163	8
0.301699582478348	12.3481598756242	0.333	0	1	chr2-120625449-120627055	8
0.301699582478348	12.5993072231046	0.333	0	1	chr2-120629728-120630958	8
0.301699582478348	13.2998751066629	0.333	0	1	chr2-120680007-120680704	8
0.301699582478348	12.653911607607	0.333	0	1	chr2-120737101-120738422	8
0.301699582478348	13.5017171131716	0.333	0	1	chr2-123165674-123166637	8
0.301699582478348	13.0218614236375	0.333	0	1	chr2-123643737-123644846	8
0.301699582478348	12.9051838605872	0.333	0	1	chr2-124149293-124150201	8
0.301699582478348	12.9599195679367	0.333	0	1	chr2-124193382-124194295	8
0.301699582478348	13.2315924968147	0.333	0	1	chr2-126634212-126635691	8
0.301699582478348	12.9928412137375	0.333	0	1	chr2-126885908-126887058	8
0.301699582478348	13.2842834315406	0.333	0	1	chr2-127128399-127129124	8
0.301699582478348	13.5523494111483	0.333	0	1	chr2-127224848-127225560	8
0.301699582478348	12.6796283428531	0.333	0	1	chr2-127226186-127227356	8
0.301699582478348	12.6722056056755	0.333	0	1	chr2-128304434-128307017	8
0.301699582478348	13.2497296629956	0.333	0	1	chr2-128313415-128314823	8
0.301699582478348	13.1291845451076	0.333	0	1	chr2-129923205-129924278	8
0.301699582478348	13.8291547364841	0.333	0	1	chr2-129936360-129936766	8
0.301699582478348	13.4992215641593	0.333	0	1	chr2-129981679-129983290	8
0.301699582478348	13.1875895943984	0.333	0	1	chr2-130332290-130333186	8
0.301699582478348	12.320513136116	0.333	0	1	chr2-130355041-130356926	8
0.301699582478348	12.2055570606345	0.333	0	1	chr2-130797203-130798604	8
0.301699582478348	12.8996348302581	0.333	0	1	chr2-130987618-130988590	8
0.301699582478348	12.1416202020794	0.333	0	1	chr2-131681571-131683563	8
0.301699582478348	13.4412581389644	0.333	0	1	chr2-133171331-133171857	8
0.301699582478348	11.913547358297	0.333	0	1	chr2-134118193-134121829	8
0.301699582478348	13.6455682647751	0.333	0	1	chr2-134989023-134989442	8
0.301699582478348	13.0539976818908	0.333	0	1	chr2-137167926-137169313	8
0.301699582478348	12.9911621257457	0.333	0	1	chr2-137747318-137748958	8
0.301699582478348	13.8211180084845	0.333	0	1	chr2-137847469-137847801	8
0.301699582478348	13.2848386653652	0.333	0	1	chr2-137963772-137964792	8
0.301699582478348	12.2562166344448	0.333	0	1	chr2-138500933-138503504	8
0.301699582478348	13.0359653711446	0.333	0	1	chr2-138724259-138725551	8
0.301699582478348	13.1613987063543	0.333	0	1	chr2-141468605-141469425	8
0.301699582478348	13.4872821506887	0.333	0	1	chr2-142795743-142796765	8
0.301699582478348	13.5866124428655	0.333	0	1	chr2-143259317-143259825	8
0.301699582478348	12.9561023138103	0.333	0	1	chr2-143336420-143337379	8
0.301699582478348	13.8979467593116	0.333	0	1	chr2-143640494-143641062	8
0.301699582478348	14.0384976467659	0.333	0	1	chr2-144475784-144476205	8
0.301699582478348	13.9537512065148	0.333	0	1	chr2-146801082-146801541	8
0.301699582478348	13.9476258889515	0.333	0	1	chr2-146882099-146882532	8
0.301699582478348	13.3115111846307	0.333	0	1	chr2-147909803-147911396	8
0.301699582478348	12.4301678871366	0.333	0	1	chr2-148019888-148022150	8
0.301699582478348	12.6856297068935	0.333	0	1	chr2-148592974-148594641	8
0.301699582478348	13.4541129441776	0.333	0	1	chr2-148989800-148990350	8
0.301699582478348	13.2749190217472	0.333	0	1	chr2-149017284-149017810	8
0.301699582478348	13.0977910025548	0.333	0	1	chr2-149572094-149573256	8
0.301699582478348	13.796389275665	0.333	0	1	chr2-151612126-151612869	8
0.301699582478348	12.9393231843085	0.333	0	1	chr2-152471375-152474491	8
0.301699582478348	13.3086182783172	0.333	0	1	chr2-152550315-152551054	8
0.301699582478348	13.0969154134495	0.333	0	1	chr2-153595822-153596577	8
0.301699582478348	13.5552114561154	0.333	0	1	chr2-154375413-154376108	8
0.301699582478348	13.1617611166106	0.333	0	1	chr2-154583217-154584227	8
0.301699582478348	12.8161891863117	0.333	0	1	chr2-157627785-157629517	8
0.301699582478348	12.6132934593294	0.333	0	1	chr2-158357234-158358634	8
0.301699582478348	13.3173383038136	0.333	0	1	chr2-158735654-158736407	8
0.301699582478348	12.9891802694981	0.333	0	1	chr2-159035708-159036506	8
0.301699582478348	12.7272523628708	0.333	0	1	chr2-159118238-159119201	8
0.301699582478348	13.0783138992093	0.333	0	1	chr2-159146757-159147806	8
0.301699582478348	12.9145683688518	0.333	0	1	chr2-159225862-159227136	8
0.301699582478348	13.2305754515759	0.333	0	1	chr2-159399591-159400361	8
0.301699582478348	13.811673773753	0.333	0	1	chr2-159544995-159545397	8
0.301699582478348	12.0822658167238	0.333	0	1	chr2-159614820-159616755	8
0.301699582478348	13.2881804804473	0.333	0	1	chr2-159981908-159982864	8
0.301699582478348	13.6627264068651	0.333	0	1	chr2-161273108-161273579	8
0.301699582478348	11.7502159189619	0.333	0	1	chr2-161307661-161309173	8
0.301699582478348	14.2359814549953	0.333	0	1	chr2-161937591-161937887	8
0.301699582478348	13.6803777051075	0.333	0	1	chr2-162033619-162034267	8
0.301699582478348	12.2742328828789	0.333	0	1	chr2-162317682-162319365	8
0.301699582478348	13.7066104426548	0.333	0	1	chr2-162686309-162686833	8
0.301699582478348	13.3488280767132	0.333	0	1	chr2-163123396-163124008	8
0.301699582478348	13.4559280115072	0.333	0	1	chr2-163465348-163466014	8
0.301699582478348	12.7636392036298	0.333	0	1	chr2-163734977-163736912	8
0.301699582478348	13.938483985431	0.333	0	1	chr2-164430196-164430587	8
0.301699582478348	13.3560207672162	0.333	0	1	chr2-164599899-164600625	8
0.301699582478348	13.8163692795149	0.333	0	1	chr2-164813478-164814121	8
0.301699582478348	13.2815146355507	0.333	0	1	chr2-164917222-164917734	8
0.301699582478348	13.2523624391772	0.333	0	1	chr2-164960050-164960619	8
0.301699582478348	13.3455004905482	0.333	0	1	chr2-165758020-165758719	8
0.301699582478348	13.3375785967943	0.333	0	1	chr2-165802951-165803777	8
0.301699582478348	13.3244025550085	0.333	0	1	chr2-167264195-167264840	8
0.301699582478348	12.3048156868016	0.333	0	1	chr2-167292243-167293868	8
0.301699582478348	13.5765499104084	0.333	0	1	chr2-167825569-167828280	8
0.301699582478348	12.9523038368049	0.333	0	1	chr2-168802093-168803629	8
0.301699582478348	13.9812777868447	0.333	0	1	chr2-168998574-168999199	8
0.301699582478348	13.3273739839646	0.333	0	1	chr2-169329659-169330721	8
0.301699582478348	11.8178792568834	0.333	0	1	chr2-169714887-169717735	8
0.301699582478348	13.6585770827944	0.333	0	1	chr2-170307009-170307858	8
0.301699582478348	12.7826816862089	0.333	0	1	chr2-170769940-170771773	8
0.301699582478348	11.7287375530921	0.333	0	1	chr2-170928369-170930939	8
0.301699582478348	13.4419825195913	0.333	0	1	chr2-170949358-170949882	8
0.301699582478348	12.8089490763899	0.333	0	1	chr2-171326847-171327625	8
0.301699582478348	13.4236588254463	0.333	0	1	chr2-172269850-172270717	8
0.301699582478348	12.672698553697	0.333	0	1	chr2-172430771-172432131	8
0.301699582478348	13.5114612756324	0.333	0	1	chr2-172445692-172446962	8
0.301699582478348	13.39941400332	0.333	0	1	chr2-172677190-172677973	8
0.301699582478348	13.7590371951232	0.333	0	1	chr2-172965785-172966191	8
0.301699582478348	12.7817113409561	0.333	0	1	chr2-173075380-173076938	8
0.301699582478348	13.825921388717	0.333	0	1	chr2-173631032-173631489	8
0.301699582478348	12.6254230296292	0.333	0	1	chr2-174486256-174487942	8
0.301699582478348	13.536162009688	0.333	0	1	chr2-174535578-174536637	8
0.301699582478348	13.5428226594822	0.333	0	1	chr2-174614186-174614854	8
0.301699582478348	13.4758581441241	0.333	0	1	chr2-174697111-174697784	8
0.301699582478348	13.8559773985822	0.333	0	1	chr2-175096233-175096738	8
0.301699582478348	13.3838369463275	0.333	0	1	chr2-175203551-175204104	8
0.301699582478348	12.9058727758441	0.333	0	1	chr2-175232839-175234806	8
0.301699582478348	13.0457118808617	0.333	0	1	chr2-176092475-176093898	8
0.301699582478348	13.3705575647523	0.333	0	1	chr2-177393946-177394829	8
0.301699582478348	13.1692568451991	0.333	0	1	chr2-177905817-177906541	8
0.301699582478348	12.0198454174943	0.333	0	1	chr2-178449691-178451730	8
0.301699582478348	13.570671232218	0.333	0	1	chr2-179857098-179857626	8
0.301699582478348	13.8101201940136	0.333	0	1	chr2-181223774-181224209	8
0.301699582478348	13.4140740441039	0.333	0	1	chr2-181899912-181900710	8
0.301699582478348	13.5572815017133	0.333	0	1	chr2-183094344-183095290	8
0.301699582478348	13.7191545877922	0.333	0	1	chr2-183552509-183553176	8
0.301699582478348	13.4301400231866	0.333	0	1	chr2-186440398-186441021	8
0.301699582478348	13.0359653711446	0.333	0	1	chr2-186675069-186676114	8
0.301699582478348	13.157131151732	0.333	0	1	chr2-186918451-186919741	8
0.301699582478348	13.6094405100271	0.333	0	1	chr2-188307582-188308265	8
0.301699582478348	13.5367378189338	0.333	0	1	chr2-188318069-188318973	8
0.301699582478348	12.8870118634249	0.333	0	1	chr2-190169205-190171218	8
0.301699582478348	11.8599080604339	0.333	0	1	chr2-190318250-190320331	8
0.301699582478348	13.4994935290716	0.333	0	1	chr2-190663124-190663824	8
0.301699582478348	13.6774389633139	0.333	0	1	chr2-190683648-190684269	8
0.301699582478348	11.8500285770431	0.333	0	1	chr2-190880014-190882676	8
0.301699582478348	13.3315167877675	0.333	0	1	chr2-191219219-191220023	8
0.301699582478348	12.9493982920927	0.333	0	1	chr2-191317955-191319413	8
0.301699582478348	12.4235807286536	0.333	0	1	chr2-191415009-191416698	8
0.301699582478348	12.5255754045959	0.333	0	1	chr2-191543607-191545362	8
0.301699582478348	12.4358610356824	0.333	0	1	chr2-191637464-191638994	8
0.301699582478348	13.7933973595523	0.333	0	1	chr2-191738661-191739572	8
0.301699582478348	13.2815146355507	0.333	0	1	chr2-192186368-192187140	8
0.301699582478348	12.9865288421395	0.333	0	1	chr2-196078193-196079516	8
0.301699582478348	13.0671594309322	0.333	0	1	chr2-197306111-197307349	8
0.301699582478348	12.3992898652045	0.333	0	1	chr2-197433567-197436534	8
0.301699582478348	12.213924124699	0.333	0	1	chr2-199954105-199956988	8
0.301699582478348	13.4588968394954	0.333	0	1	chr2-200481297-200481850	8
0.301699582478348	12.7037313478527	0.333	0	1	chr2-200786081-200788152	8
0.301699582478348	13.0911692655231	0.333	0	1	chr2-201006661-201008572	8
0.301699582478348	12.0552684061915	0.333	0	1	chr2-201231842-201234697	8
0.301699582478348	13.5394234233589	0.333	0	1	chr2-201795843-201796322	8
0.301699582478348	12.298575471367	0.333	0	1	chr2-202032975-202035159	8
0.301699582478348	12.215936789914	0.333	0	1	chr2-202264674-202267861	8
0.301699582478348	12.886138561287	0.333	0	1	chr2-202494093-202495342	8
0.301699582478348	11.5101937256461	0.333	0	1	chr2-202634027-202636770	8
0.301699582478348	13.3238130398925	0.333	0	1	chr2-203497994-203498654	8
0.301699582478348	13.4366966882151	0.333	0	1	chr2-205160723-205161811	8
0.301699582478348	13.4863421636839	0.333	0	1	chr2-205665738-205666261	8
0.301699582478348	12.3898015964437	0.333	0	1	chr2-206083457-206087304	8
0.301699582478348	13.3331704772542	0.333	0	1	chr2-206443094-206444413	8
0.301699582478348	12.8760393574713	0.333	0	1	chr2-206764602-206766268	8
0.301699582478348	12.8005850779279	0.333	0	1	chr2-207415908-207416844	8
0.301699582478348	12.9821554247011	0.333	0	1	chr2-208112823-208113717	8
0.301699582478348	13.0162192266623	0.333	0	1	chr2-208175063-208176119	8
0.301699582478348	13.1938793386306	0.333	0	1	chr2-208552757-208553408	8
0.301699582478348	13.2909790805368	0.333	0	1	chr2-208579595-208580451	8
0.301699582478348	13.8259410922704	0.333	0	1	chr2-210617702-210618160	8
0.301699582478348	13.555632198624	0.333	0	1	chr2-211157804-211158284	8
0.301699582478348	13.9003853543354	0.333	0	1	chr2-211860184-211860718	8
0.301699582478348	13.2672895256608	0.333	0	1	chr2-213640833-213641743	8
0.301699582478348	12.3610338137598	0.333	0	1	chr2-215311456-215313025	8
0.301699582478348	12.954458135834	0.333	0	1	chr2-215982313-215983100	8
0.301699582478348	13.2618552079325	0.333	0	1	chr2-216449970-216450973	8
0.301699582478348	12.4733176461553	0.333	0	1	chr2-216497894-216500228	8
0.301699582478348	13.0660534296774	0.333	0	1	chr2-216595964-216597062	8
0.301699582478348	13.0107340874015	0.333	0	1	chr2-216633032-216634627	8
0.301699582478348	13.6683307230363	0.333	0	1	chr2-216754338-216754969	8
0.301699582478348	13.7332481371204	0.333	0	1	chr2-217756489-217756963	8
0.301699582478348	13.3914008569601	0.333	0	1	chr2-217942927-217944659	8
0.301699582478348	11.8590295409489	0.333	0	1	chr2-218395591-218401730	8
0.301699582478348	12.4536700004141	0.333	0	1	chr2-218671094-218672751	8
0.301699582478348	12.2000275090532	0.333	0	1	chr2-219251655-219254799	8
0.301699582478348	11.9453418034707	0.333	0	1	chr2-219277430-219280323	8
0.301699582478348	13.6168267787655	0.333	0	1	chr2-219459347-219459866	8
0.301699582478348	12.1235816577296	0.333	0	1	chr2-219642187-219643202	8
0.301699582478348	12.5364873338963	0.333	0	1	chr2-219771614-219772957	8
0.301699582478348	13.9342325530048	0.333	0	1	chr2-220150254-220150693	8
0.301699582478348	12.7817113409561	0.333	0	1	chr2-222572102-222573395	8
0.301699582478348	13.4779172695068	0.333	0	1	chr2-223692172-223692784	8
0.301699582478348	14.0596894743083	0.333	0	1	chr2-223801912-223802315	8
0.301699582478348	12.7949368858567	0.333	0	1	chr2-224038102-224039784	8
0.301699582478348	13.3265826705869	0.333	0	1	chr2-224525480-224526541	8
0.301699582478348	12.1570020249239	0.333	0	1	chr2-224583757-224586438	8
0.301699582478348	13.6233824415975	0.333	0	1	chr2-224958635-224959396	8
0.301699582478348	12.8951905995489	0.333	0	1	chr2-225020786-225022975	8
0.301699582478348	12.5588867976734	0.333	0	1	chr2-226835006-226838410	8
0.301699582478348	12.8385932946609	0.333	0	1	chr2-226994714-226996475	8
0.301699582478348	12.2792257249935	0.333	0	1	chr2-227324417-227326526	8
0.301699582478348	13.3369735246186	0.333	0	1	chr2-227766103-227766796	8
0.301699582478348	13.1320096132794	0.333	0	1	chr2-227884306-227884933	8
0.301699582478348	12.8831086035242	0.333	0	1	chr2-229273481-229274195	8
0.301699582478348	13.5905613857677	0.333	0	1	chr2-229943804-229944626	8
0.301699582478348	13.4062081366721	0.333	0	1	chr2-230796082-230797169	8
0.301699582478348	13.3947610708899	0.333	0	1	chr2-231296955-231297641	8
0.301699582478348	13.1231692782567	0.333	0	1	chr2-231377925-231378920	8
0.301699582478348	13.3056518111489	0.333	0	1	chr2-231411995-231412972	8
0.301699582478348	12.3941310422049	0.333	0	1	chr2-231603890-231605946	8
0.301699582478348	12.9812536245112	0.333	0	1	chr2-231611763-231613711	8
0.301699582478348	12.9383075602403	0.333	0	1	chr2-232744604-232745734	8
0.301699582478348	13.0862265845377	0.333	0	1	chr2-233953003-233954078	8
0.301699582478348	13.0389372183887	0.333	0	1	chr2-235050611-235051833	8
0.301699582478348	13.3742957714096	0.333	0	1	chr2-235593934-235594476	8
0.301699582478348	13.4595836507578	0.333	0	1	chr2-235669217-235670021	8
0.301699582478348	13.1410251851872	0.333	0	1	chr2-235765967-235766746	8
0.301699582478348	13.7010206958908	0.333	0	1	chr2-236842840-236843549	8
0.301699582478348	13.7771114266961	0.333	0	1	chr2-237923571-237924057	8
0.301699582478348	12.6410344299896	0.333	0	1	chr2-238389803-238390755	8
0.301699582478348	12.7086685331868	0.333	0	1	chr2-238529039-238530062	8
0.301699582478348	13.5008337518243	0.333	0	1	chr2-238692970-238693802	8
0.301699582478348	13.5781089821751	0.333	0	1	chr2-239035200-239035840	8
0.301699582478348	12.9103585927707	0.333	0	1	chr2-239396495-239397596	8
0.301699582478348	13.1638761244415	0.333	0	1	chr2-240452267-240453217	8
0.301699582478348	13.1128642606664	0.333	0	1	chr2-241797677-241799210	8
0.301699582478348	12.1721519506068	0.333	0	1	chr3-355554-357879	8
0.301699582478348	13.4178885662505	0.333	0	1	chr3-1949973-1951045	8
0.301699582478348	13.1909915670215	0.333	0	1	chr3-3137230-3138071	8
0.301699582478348	13.2363019809149	0.333	0	1	chr3-3230115-3230797	8
0.301699582478348	12.870583469621	0.333	0	1	chr3-3322777-3324199	8
0.301699582478348	12.9393765148727	0.333	0	1	chr3-3600268-3601347	8
0.301699582478348	12.434572520248	0.333	0	1	chr3-3685392-3687533	8
0.301699582478348	13.3620039084168	0.333	0	1	chr3-4218384-4219408	8
0.301699582478348	12.9393231843085	0.333	0	1	chr3-4711124-4712029	8
0.301699582478348	13.0154701563201	0.333	0	1	chr3-4720278-4721282	8
0.301699582478348	13.4770393648217	0.333	0	1	chr3-4976015-4976575	8
0.301699582478348	13.0193248901617	0.333	0	1	chr3-4985282-4987516	8
0.301699582478348	12.678386954495	0.333	0	1	chr3-5144194-5145722	8
0.301699582478348	13.6290726532577	0.333	0	1	chr3-5165596-5166180	8
0.301699582478348	13.0287158704314	0.333	0	1	chr3-5388835-5389774	8
0.301699582478348	13.2185848766157	0.333	0	1	chr3-5644531-5645312	8
0.301699582478348	12.4865547634319	0.333	0	1	chr3-6708660-6710802	8
0.301699582478348	13.1446031132283	0.333	0	1	chr3-8111103-8111663	8
0.301699582478348	13.3136175748565	0.333	0	1	chr3-8456196-8457022	8
0.301699582478348	13.0320486547646	0.333	0	1	chr3-8500476-8502097	8
0.301699582478348	12.8955110182554	0.333	0	1	chr3-8505384-8507066	8
0.301699582478348	12.9978621841342	0.333	0	1	chr3-8768921-8769939	8
0.301699582478348	13.8340525413426	0.333	0	1	chr3-8980659-8981160	8
0.301699582478348	12.7004911166893	0.333	0	1	chr3-9098314-9099237	8
0.301699582478348	12.2853092854612	0.333	0	1	chr3-9422503-9424315	8
0.301699582478348	12.2123624193956	0.333	0	1	chr3-9648843-9650239	8
0.301699582478348	12.702273171332	0.333	0	1	chr3-10191396-10192755	8
0.301699582478348	13.5766420607852	0.333	0	1	chr3-10224645-10225374	8
0.301699582478348	13.1176015408801	0.333	0	1	chr3-10459878-10460663	8
0.301699582478348	13.6060437553815	0.333	0	1	chr3-10672299-10672931	8
0.301699582478348	13.5139098893685	0.333	0	1	chr3-10743906-10744500	8
0.301699582478348	12.6969376959034	0.333	0	1	chr3-10811738-10813091	8
0.301699582478348	13.2692772709401	0.333	0	1	chr3-11236549-11237249	8
0.301699582478348	12.9529930825589	0.333	0	1	chr3-11334727-11335488	8
0.301699582478348	13.1430158004188	0.333	0	1	chr3-11367017-11367791	8
0.301699582478348	12.3749510941197	0.333	0	1	chr3-11508509-11510770	8
0.301699582478348	12.5145398484226	0.333	0	1	chr3-11769644-11771745	8
0.301699582478348	13.2920837545719	0.333	0	1	chr3-12175127-12176303	8
0.301699582478348	13.4466779252695	0.333	0	1	chr3-12342837-12343587	8
0.301699582478348	12.9517659766247	0.333	0	1	chr3-12544121-12546157	8
0.301699582478348	12.9233605941974	0.333	0	1	chr3-12637807-12638830	8
0.301699582478348	12.5807237679073	0.333	0	1	chr3-12966532-12968419	8
0.301699582478348	13.3568132938359	0.333	0	1	chr3-12983913-12984831	8
0.301699582478348	13.3880945289378	0.333	0	1	chr3-12986610-12987597	8
0.301699582478348	12.310780517423	0.333	0	1	chr3-13479059-13481132	8
0.301699582478348	13.1223711596197	0.333	0	1	chr3-14265266-14266148	8
0.301699582478348	14.1316249183509	0.333	0	1	chr3-14507400-14507659	8
0.301699582478348	12.5631473910357	0.333	0	1	chr3-14622383-14624954	8
0.301699582478348	13.1540849801754	0.333	0	1	chr3-14920708-14921756	8
0.301699582478348	12.6801253793745	0.333	0	1	chr3-14989872-14991544	8
0.301699582478348	13.2071857958949	0.333	0	1	chr3-15108022-15108708	8
0.301699582478348	12.6927799746067	0.333	0	1	chr3-15426936-15428731	8
0.301699582478348	13.0838822251246	0.333	0	1	chr3-15630055-15631475	8
0.301699582478348	13.2410460622925	0.333	0	1	chr3-15803912-15806112	8
0.301699582478348	13.4833604218092	0.333	0	1	chr3-15810632-15811330	8
0.301699582478348	13.7889484468543	0.333	0	1	chr3-16340851-16341392	8
0.301699582478348	13.4926341609144	0.333	0	1	chr3-16550507-16551445	8
0.301699582478348	13.4288378135221	0.333	0	1	chr3-16600989-16601678	8
0.301699582478348	13.2058310989226	0.333	0	1	chr3-16994760-16995671	8
0.301699582478348	13.8029189069117	0.333	0	1	chr3-16998453-16998955	8
0.301699582478348	13.4260235841323	0.333	0	1	chr3-17985857-17987583	8
0.301699582478348	13.9604887910515	0.333	0	1	chr3-18150152-18150975	8
0.301699582478348	14.2159579074807	0.333	0	1	chr3-18187113-18187335	8
0.301699582478348	12.7536533291579	0.333	0	1	chr3-19484555-19486032	8
0.301699582478348	13.8179462061671	0.333	0	1	chr3-20225727-20226190	8
0.301699582478348	13.5775008230755	0.333	0	1	chr3-21082029-21082966	8
0.301699582478348	13.9640717539369	0.333	0	1	chr3-22377342-22377892	8
0.301699582478348	14.02471398993	0.333	0	1	chr3-22816825-22817169	8
0.301699582478348	13.4664334440828	0.333	0	1	chr3-22859576-22860439	8
0.301699582478348	13.1092033744385	0.333	0	1	chr3-23019593-23020726	8
0.301699582478348	13.516019615981	0.333	0	1	chr3-23493498-23494330	8
0.301699582478348	13.4305034068861	0.333	0	1	chr3-23517303-23518794	8
0.301699582478348	13.6020961884879	0.333	0	1	chr3-23600133-23600588	8
0.301699582478348	13.0259209269532	0.333	0	1	chr3-23858712-23859690	8
0.301699582478348	13.2405700795566	0.333	0	1	chr3-23865673-23866663	8
0.301699582478348	13.7058859888501	0.333	0	1	chr3-24068995-24069470	8
0.301699582478348	12.957141511338	0.333	0	1	chr3-24212485-24215223	8
0.301699582478348	14.2012549640996	0.333	0	1	chr3-24323267-24323606	8
0.301699582478348	12.7464288613158	0.333	0	1	chr3-24657510-24658856	8
0.301699582478348	13.5247772500578	0.333	0	1	chr3-25454411-25455135	8
0.301699582478348	12.9623586111076	0.333	0	1	chr3-25623838-25625374	8
0.301699582478348	13.276787627593	0.333	0	1	chr3-25690501-25691719	8
0.301699582478348	12.1067266877159	0.333	0	1	chr3-25782343-25784428	8
0.301699582478348	13.1828768367791	0.333	0	1	chr3-25962066-25962934	8
0.301699582478348	13.5137355391891	0.333	0	1	chr3-26068799-26069419	8
0.301699582478348	13.6660809961438	0.333	0	1	chr3-26369068-26369574	8
0.301699582478348	13.1303938784544	0.333	0	1	chr3-26424176-26425075	8
0.301699582478348	13.9797275899177	0.333	0	1	chr3-27281380-27282323	8
0.301699582478348	13.3005897894788	0.333	0	1	chr3-27451759-27452400	8
0.301699582478348	11.5868716589527	0.333	0	1	chr3-27482540-27485413	8
0.301699582478348	13.2006667206265	0.333	0	1	chr3-27568221-27568981	8
0.301699582478348	12.5954465631606	0.333	0	1	chr3-27767830-27769259	8
0.301699582478348	13.9280272090543	0.333	0	1	chr3-28575826-28577105	8
0.301699582478348	13.7535560025751	0.333	0	1	chr3-28799057-28799550	8
0.301699582478348	12.8421868160987	0.333	0	1	chr3-30310408-30311320	8
0.301699582478348	13.3953935319118	0.333	0	1	chr3-30737810-30739459	8
0.301699582478348	13.5330793211978	0.333	0	1	chr3-31858459-31859756	8
0.301699582478348	12.6253851102282	0.333	0	1	chr3-31980439-31981998	8
0.301699582478348	12.6485000440934	0.333	0	1	chr3-32501801-32503268	8
0.301699582478348	13.0382277225783	0.333	0	1	chr3-32666860-32667886	8
0.301699582478348	13.3364915118533	0.333	0	1	chr3-32745183-32746074	8
0.301699582478348	12.4994580758084	0.333	0	1	chr3-33095339-33098005	8
0.301699582478348	12.8072207127407	0.333	0	1	chr3-33360004-33360912	8
0.301699582478348	13.5588066339965	0.333	0	1	chr3-33372634-33373301	8
0.301699582478348	13.2881804804473	0.333	0	1	chr3-33433635-33435955	8
0.301699582478348	11.7946601208244	0.333	0	1	chr3-33797732-33799726	8
0.301699582478348	13.4678929822565	0.333	0	1	chr3-36060802-36061533	8
0.301699582478348	13.1423647268421	0.333	0	1	chr3-36451715-36452601	8
0.301699582478348	13.8349127149996	0.333	0	1	chr3-36628460-36629191	8
0.301699582478348	13.2881804804473	0.333	0	1	chr3-37028474-37029913	8
0.301699582478348	13.1627788318357	0.333	0	1	chr3-37212794-37213526	8
0.301699582478348	12.8494507384017	0.333	0	1	chr3-37227841-37229249	8
0.301699582478348	12.5263125933112	0.333	0	1	chr3-37241955-37245437	8
0.301699582478348	12.5361606335898	0.333	0	1	chr3-37689195-37690563	8
0.301699582478348	13.4720953559053	0.333	0	1	chr3-37967227-37967743	8
0.301699582478348	11.6930062688581	0.333	0	1	chr3-39148572-39154801	8
0.301699582478348	13.1475507560919	0.333	0	1	chr3-39290457-39292428	8
0.301699582478348	12.6469356768619	0.333	0	1	chr3-39808922-39810653	8
0.301699582478348	13.9217548228826	0.333	0	1	chr3-40011423-40011822	8
0.301699582478348	12.9451035284041	0.333	0	1	chr3-40505426-40506641	8
0.301699582478348	13.5715199082289	0.333	0	1	chr3-41010489-41011230	8
0.301699582478348	13.3680035738442	0.333	0	1	chr3-42052625-42054091	8
0.301699582478348	13.0853227292539	0.333	0	1	chr3-42547163-42548884	8
0.301699582478348	12.8547516981669	0.333	0	1	chr3-42978790-42980166	8
0.301699582478348	12.8063578626861	0.333	0	1	chr3-43000897-43002175	8
0.301699582478348	13.1839423651565	0.333	0	1	chr3-43285754-43287863	8
0.301699582478348	12.7634790115402	0.333	0	1	chr3-43297988-43299088	8
0.301699582478348	13.3114832394935	0.333	0	1	chr3-45054488-45055036	8
0.301699582478348	12.964356945234	0.333	0	1	chr3-45137626-45139670	8
0.301699582478348	11.9782659906576	0.333	0	1	chr3-45387984-45389910	8
0.301699582478348	13.6926299851952	0.333	0	1	chr3-45560515-45561122	8
0.301699582478348	12.224061641063	0.333	0	1	chr3-45617215-45618925	8
0.301699582478348	13.4870644283286	0.333	0	1	chr3-45625240-45626620	8
0.301699582478348	13.1529492401495	0.333	0	1	chr3-45656606-45657384	8
0.301699582478348	13.4288378135221	0.333	0	1	chr3-46082602-46083434	8
0.301699582478348	14.3407766819843	0.333	0	1	chr3-46186476-46186733	8
0.301699582478348	13.3276756729528	0.333	0	1	chr3-46372462-46373970	8
0.301699582478348	12.9843073005263	0.333	0	1	chr3-46930517-46932395	8
0.301699582478348	12.3005952802376	0.333	0	1	chr3-46970141-46971508	8
0.301699582478348	12.3148434898299	0.333	0	1	chr3-46975936-46977418	8
0.301699582478348	13.4441613203427	0.333	0	1	chr3-46998326-46998976	8
0.301699582478348	13.6616303633943	0.333	0	1	chr3-47051804-47052455	8
0.301699582478348	12.7524131801757	0.333	0	1	chr3-47394021-47395576	8
0.301699582478348	13.0762559068391	0.333	0	1	chr3-47420782-47422803	8
0.301699582478348	12.2052533769121	0.333	0	1	chr3-47512218-47514219	8
0.301699582478348	12.5130246145806	0.333	0	1	chr3-48186626-48189143	8
0.301699582478348	12.8043479832036	0.333	0	1	chr3-48300321-48302322	8
0.301699582478348	13.151815442952	0.333	0	1	chr3-48548626-48549175	8
0.301699582478348	12.5941385833635	0.333	0	1	chr3-48684792-48688236	8
0.301699582478348	12.4727193689697	0.333	0	1	chr3-49339145-49340944	8
0.301699582478348	12.9669088888127	0.333	0	1	chr3-49665260-49666589	8
0.301699582478348	12.2751389307391	0.333	0	1	chr3-49718716-49721596	8
0.301699582478348	12.7641415496005	0.333	0	1	chr3-49804842-49806201	8
0.301699582478348	13.5985646301272	0.333	0	1	chr3-49905882-49906912	8
0.301699582478348	12.787595173489	0.333	0	1	chr3-50238417-50239502	8
0.301699582478348	12.7678634613868	0.333	0	1	chr3-50245785-50247112	8
0.301699582478348	13.3045974675643	0.333	0	1	chr3-50345329-50346152	8
0.301699582478348	12.623397731444	0.333	0	1	chr3-50358323-50360135	8
0.301699582478348	13.0361033356251	0.333	0	1	chr3-50435848-50436725	8
0.301699582478348	13.2936342129565	0.333	0	1	chr3-50542216-50542928	8
0.301699582478348	12.7673141792752	0.333	0	1	chr3-50610727-50612655	8
0.301699582478348	12.9423780196496	0.333	0	1	chr3-50670984-50671829	8
0.301699582478348	13.9167326480701	0.333	0	1	chr3-51220921-51221403	8
0.301699582478348	13.3436630543109	0.333	0	1	chr3-51719025-51719597	8
0.301699582478348	12.5269508450736	0.333	0	1	chr3-51994443-51996460	8
0.301699582478348	13.2152012325211	0.333	0	1	chr3-52197507-52199130	8
0.301699582478348	11.7683709105402	0.333	0	1	chr3-52236418-52241312	8
0.301699582478348	13.570671232218	0.333	0	1	chr3-52321397-52321872	8
0.301699582478348	12.8952088304992	0.333	0	1	chr3-52444707-52445572	8
0.301699582478348	13.456671793489	0.333	0	1	chr3-52446781-52447528	8
0.301699582478348	13.2153731093348	0.333	0	1	chr3-52650132-52651144	8
0.301699582478348	12.3745688664745	0.333	0	1	chr3-52770084-52771721	8
0.301699582478348	13.2070322550573	0.333	0	1	chr3-52851156-52851908	8
0.301699582478348	13.7111320110022	0.333	0	1	chr3-52886305-52887556	8
0.301699582478348	12.5252094710918	0.333	0	1	chr3-52982488-52983439	8
0.301699582478348	13.3273739839646	0.333	0	1	chr3-53113659-53114408	8
0.301699582478348	12.9623586111076	0.333	0	1	chr3-53237813-53238886	8
0.301699582478348	13.1365787723049	0.333	0	1	chr3-53350491-53351087	8
0.301699582478348	12.467944260426	0.333	0	1	chr3-53484700-53486586	8
0.301699582478348	13.1093322019809	0.333	0	1	chr3-53518201-53519733	8
0.301699582478348	13.2306546977539	0.333	0	1	chr3-54210874-54211594	8
0.301699582478348	13.6538953802377	0.333	0	1	chr3-54371582-54372444	8
0.301699582478348	13.8215269304988	0.333	0	1	chr3-55484878-55485650	8
0.301699582478348	13.500974890207	0.333	0	1	chr3-56321293-56321971	8
0.301699582478348	12.6687884821758	0.333	0	1	chr3-56682232-56684665	8
0.301699582478348	12.7155321934284	0.333	0	1	chr3-56782229-56784537	8
0.301699582478348	13.7508447902676	0.333	0	1	chr3-56840284-56840748	8
0.301699582478348	13.6762907011644	0.333	0	1	chr3-56990503-56991272	8
0.301699582478348	13.0686274225799	0.333	0	1	chr3-57041430-57042447	8
0.301699582478348	12.910064707745	0.333	0	1	chr3-57146737-57147910	8
0.301699582478348	12.0902974399533	0.333	0	1	chr3-57555238-57558037	8
0.301699582478348	13.607035595786	0.333	0	1	chr3-57896414-57897176	8
0.301699582478348	12.2416119984972	0.333	0	1	chr3-58025318-58027293	8
0.301699582478348	13.5106105686332	0.333	0	1	chr3-58059322-58059984	8
0.301699582478348	12.8705787127524	0.333	0	1	chr3-58101468-58103673	8
0.301699582478348	12.2576083929547	0.333	0	1	chr3-58163618-58166298	8
0.301699582478348	13.3756990949187	0.333	0	1	chr3-58167282-58167780	8
0.301699582478348	13.1909915670215	0.333	0	1	chr3-58187589-58188177	8
0.301699582478348	12.0975470999876	0.333	0	1	chr3-58305717-58308951	8
0.301699582478348	13.4159781083795	0.333	0	1	chr3-58532511-58533356	8
0.301699582478348	12.9192568292082	0.333	0	1	chr3-58628653-58630570	8
0.301699582478348	12.6538069516868	0.333	0	1	chr3-59319720-59320998	8
0.301699582478348	12.8389503191891	0.333	0	1	chr3-59658831-59661709	8
0.301699582478348	13.5490874491061	0.333	0	1	chr3-59816016-59816786	8
0.301699582478348	13.5967749763639	0.333	0	1	chr3-60992261-60992833	8
0.301699582478348	13.0378921636789	0.333	0	1	chr3-61610062-61610947	8
0.301699582478348	13.9116570119272	0.333	0	1	chr3-61858010-61858468	8
0.301699582478348	12.9737339917225	0.333	0	1	chr3-61938881-61940018	8
0.301699582478348	13.9130400623015	0.333	0	1	chr3-61957262-61957722	8
0.301699582478348	13.185253304633	0.333	0	1	chr3-62096641-62097647	8
0.301699582478348	13.5183136080708	0.333	0	1	chr3-62249747-62250617	8
0.301699582478348	13.307236720636	0.333	0	1	chr3-62378968-62379890	8
0.301699582478348	12.717696889341	0.333	0	1	chr3-64266060-64267343	8
0.301699582478348	12.8616222376754	0.333	0	1	chr3-64484128-64485037	8
0.301699582478348	12.4531695113536	0.333	0	1	chr3-64551414-64552705	8
0.301699582478348	13.5205709322484	0.333	0	1	chr3-65447216-65447940	8
0.301699582478348	12.6321980533508	0.333	0	1	chr3-65482230-65486881	8
0.301699582478348	12.7752682317679	0.333	0	1	chr3-65807864-65809354	8
0.301699582478348	13.350530207262	0.333	0	1	chr3-65856727-65857658	8
0.301699582478348	13.7170251486779	0.333	0	1	chr3-65982787-65983511	8
0.301699582478348	11.8756324556098	0.333	0	1	chr3-66220024-66221993	8
0.301699582478348	13.2667935646525	0.333	0	1	chr3-66407523-66408375	8
0.301699582478348	12.6598470801134	0.333	0	1	chr3-66418137-66419234	8
0.301699582478348	13.2094498358091	0.333	0	1	chr3-66555220-66556181	8
0.301699582478348	13.2534185946124	0.333	0	1	chr3-66571854-66572582	8
0.301699582478348	13.4991238289659	0.333	0	1	chr3-66664730-66665784	8
0.301699582478348	12.5912329687917	0.333	0	1	chr3-66729253-66730474	8
0.301699582478348	13.2326189747232	0.333	0	1	chr3-66816023-66816594	8
0.301699582478348	12.2118970628055	0.333	0	1	chr3-66997483-66999388	8
0.301699582478348	12.6844817759207	0.333	0	1	chr3-67619025-67621597	8
0.301699582478348	12.5182752305185	0.333	0	1	chr3-67647211-67649506	8
0.301699582478348	13.4386787233459	0.333	0	1	chr3-67930073-67930825	8
0.301699582478348	13.6452252843181	0.333	0	1	chr3-68972334-68972820	8
0.301699582478348	11.7987721317499	0.333	0	1	chr3-69084107-69088609	8
0.301699582478348	12.0177099792914	0.333	0	1	chr3-69199040-69202054	8
0.301699582478348	13.0460403902539	0.333	0	1	chr3-69424962-69425699	8
0.301699582478348	13.4960116818415	0.333	0	1	chr3-69599293-69600043	8
0.301699582478348	13.715698952795	0.333	0	1	chr3-69668861-69669559	8
0.301699582478348	13.8440261122564	0.333	0	1	chr3-69792058-69792564	8
0.301699582478348	12.8685834249803	0.333	0	1	chr3-69865528-69867070	8
0.301699582478348	13.6672045161567	0.333	0	1	chr3-70513624-70514086	8
0.301699582478348	12.5068274410046	0.333	0	1	chr3-70981523-70984644	8
0.301699582478348	12.4032126307558	0.333	0	1	chr3-71025213-71027644	8
0.301699582478348	13.7824169559614	0.333	0	1	chr3-71468898-71469444	8
0.301699582478348	13.3778554857222	0.333	0	1	chr3-71681100-71681605	8
0.301699582478348	13.3838369463275	0.333	0	1	chr3-71684523-71685418	8
0.301699582478348	13.3063137235672	0.333	0	1	chr3-71971883-71972647	8
0.301699582478348	13.027666528533	0.333	0	1	chr3-71977495-71978895	8
0.301699582478348	13.3614249221955	0.333	0	1	chr3-72027607-72028319	8
0.301699582478348	12.9812536245112	0.333	0	1	chr3-72128985-72130154	8
0.301699582478348	13.2565975924448	0.333	0	1	chr3-72336710-72337616	8
0.301699582478348	13.5418225688515	0.333	0	1	chr3-72374638-72375689	8
0.301699582478348	12.7992749213959	0.333	0	1	chr3-72660625-72661776	8
0.301699582478348	12.6785110161117	0.333	0	1	chr3-72847245-72849147	8
0.301699582478348	12.4153725683656	0.333	0	1	chr3-72886862-72888799	8
0.301699582478348	12.3139102154837	0.333	0	1	chr3-72996138-72998028	8
0.301699582478348	12.5032302683832	0.333	0	1	chr3-73297739-73299812	8
0.301699582478348	12.9332491578614	0.333	0	1	chr3-73503890-73504908	8
0.301699582478348	14.0436018316182	0.333	0	1	chr3-73611339-73611748	8
0.301699582478348	13.2738264551489	0.333	0	1	chr3-73614297-73614854	8
0.301699582478348	13.6879026454747	0.333	0	1	chr3-74328286-74328871	8
0.301699582478348	13.1374657634874	0.333	0	1	chr3-74448112-74449078	8
0.301699582478348	13.2716469941358	0.333	0	1	chr3-74890321-74890978	8
0.301699582478348	13.2613634815117	0.333	0	1	chr3-75241537-75242449	8
0.301699582478348	12.7496506896712	0.333	0	1	chr3-75579617-75580832	8
0.301699582478348	12.7053740202323	0.333	0	1	chr3-75603940-75605221	8
0.301699582478348	13.186274296926	0.333	0	1	chr3-76824619-76825495	8
0.301699582478348	13.86473450349	0.333	0	1	chr3-77191345-77192093	8
0.301699582478348	13.5106105686332	0.333	0	1	chr3-78123004-78123849	8
0.301699582478348	13.1880286034942	0.333	0	1	chr3-78374819-78375630	8
0.301699582478348	12.8242545286841	0.333	0	1	chr3-78420219-78421334	8
0.301699582478348	13.1312806090274	0.333	0	1	chr3-78496249-78498458	8
0.301699582478348	13.05309757979	0.333	0	1	chr3-78613009-78614129	8
0.301699582478348	13.5757847568778	0.333	0	1	chr3-80137612-80138398	8
0.301699582478348	13.9130400623015	0.333	0	1	chr3-81005952-81006426	8
0.301699582478348	13.4027810896474	0.333	0	1	chr3-81581793-81582457	8
0.301699582478348	13.5991626174693	0.333	0	1	chr3-81728772-81729616	8
0.301699582478348	13.7416788984511	0.333	0	1	chr3-82021851-82022335	8
0.301699582478348	13.5614281558835	0.333	0	1	chr3-84150508-84151162	8
0.301699582478348	13.3790468855039	0.333	0	1	chr3-85147870-85148460	8
0.301699582478348	13.9130400623015	0.333	0	1	chr3-85737814-85738199	8
0.301699582478348	13.2931169633079	0.333	0	1	chr3-87348850-87349827	8
0.301699582478348	14.2324804258711	0.333	0	1	chr3-87737903-87738297	8
0.301699582478348	12.9753624000211	0.333	0	1	chr3-87756534-87757436	8
0.301699582478348	13.4678929822565	0.333	0	1	chr3-88074985-88076125	8
0.301699582478348	13.2400944484106	0.333	0	1	chr3-88509382-88510067	8
0.301699582478348	13.8390091107448	0.333	0	1	chr3-88954846-88955319	8
0.301699582478348	13.5923626143066	0.333	0	1	chr3-89098899-89099405	8
0.301699582478348	13.2076379813251	0.333	0	1	chr3-89114199-89115195	8
0.301699582478348	13.3068890530089	0.333	0	1	chr3-89682511-89684474	8
0.301699582478348	13.1376945972099	0.333	0	1	chr3-93841327-93842132	8
0.301699582478348	12.9796525759448	0.333	0	1	chr3-95976534-95977711	8
0.301699582478348	13.9704306295318	0.333	0	1	chr3-96064442-96064843	8
0.301699582478348	13.4958079626001	0.333	0	1	chr3-96100956-96101907	8
0.301699582478348	13.276787627593	0.333	0	1	chr3-97131265-97132272	8
0.301699582478348	12.6433482823754	0.333	0	1	chr3-98109211-98110734	8
0.301699582478348	13.8054935294614	0.333	0	1	chr3-98357770-98358364	8
0.301699582478348	13.4116469841704	0.333	0	1	chr3-98440044-98441293	8
0.301699582478348	11.9453927789405	0.333	0	1	chr3-98592591-98594391	8
0.301699582478348	12.4263744453399	0.333	0	1	chr3-98731973-98734481	8
0.301699582478348	13.825921388717	0.333	0	1	chr3-99410050-99411205	8
0.301699582478348	13.0853227292539	0.333	0	1	chr3-99964253-99965782	8
0.301699582478348	12.3895316063761	0.333	0	1	chr3-100040674-100043424	8
0.301699582478348	12.359504800589	0.333	0	1	chr3-100097629-100098888	8
0.301699582478348	13.8211180084845	0.333	0	1	chr3-100099382-100099926	8
0.301699582478348	12.0569398449527	0.333	0	1	chr3-100260184-100261883	8
0.301699582478348	12.7220905813532	0.333	0	1	chr3-100334068-100335883	8
0.301699582478348	12.7112657144885	0.333	0	1	chr3-100590297-100592283	8
0.301699582478348	13.2045767017781	0.333	0	1	chr3-100634560-100635309	8
0.301699582478348	13.2214583566978	0.333	0	1	chr3-100796482-100797007	8
0.301699582478348	13.210485484662	0.333	0	1	chr3-101635957-101636831	8
0.301699582478348	13.1160188808764	0.333	0	1	chr3-101868064-101869275	8
0.301699582478348	13.6319429736388	0.333	0	1	chr3-104144532-104145727	8
0.301699582478348	13.5589361318996	0.333	0	1	chr3-104266017-104266617	8
0.301699582478348	12.8340227085996	0.333	0	1	chr3-105610514-105612251	8
0.301699582478348	14.0232418958777	0.333	0	1	chr3-105671158-105671606	8
0.301699582478348	13.1754128497775	0.333	0	1	chr3-105688736-105690569	8
0.301699582478348	13.6346036903192	0.333	0	1	chr3-107744156-107744831	8
0.301699582478348	13.3533779347251	0.333	0	1	chr3-107752509-107753951	8
0.301699582478348	13.2548295261152	0.333	0	1	chr3-107824245-107825985	8
0.301699582478348	12.5036082924377	0.333	0	1	chr3-107844652-107846860	8
0.301699582478348	12.8267264089588	0.333	0	1	chr3-108305283-108306184	8
0.301699582478348	13.0158445973343	0.333	0	1	chr3-108405621-108408542	8
0.301699582478348	12.2564201645285	0.333	0	1	chr3-108588590-108590707	8
0.301699582478348	13.6201149451805	0.333	0	1	chr3-108626575-108627185	8
0.301699582478348	13.225985927646	0.333	0	1	chr3-108914785-108915632	8
0.301699582478348	13.1121925967687	0.333	0	1	chr3-110743007-110743776	8
0.301699582478348	13.3339572451799	0.333	0	1	chr3-111668855-111669416	8
0.301699582478348	13.5101995933783	0.333	0	1	chr3-111967579-111969226	8
0.301699582478348	13.0449958004415	0.333	0	1	chr3-113103259-113104177	8
0.301699582478348	12.7376681436517	0.333	0	1	chr3-113210145-113212588	8
0.301699582478348	12.4967432918411	0.333	0	1	chr3-113286366-113289217	8
0.301699582478348	12.7997987398215	0.333	0	1	chr3-113531934-113533446	8
0.301699582478348	12.8693415484346	0.333	0	1	chr3-113626551-113627414	8
0.301699582478348	13.1475507560919	0.333	0	1	chr3-113847532-113848530	8
0.301699582478348	13.2900224750675	0.333	0	1	chr3-114048200-114049158	8
0.301699582478348	13.0315214241686	0.333	0	1	chr3-115091644-115092901	8
0.301699582478348	13.4507210325744	0.333	0	1	chr3-117002584-117004041	8
0.301699582478348	13.1930243559248	0.333	0	1	chr3-117018725-117019727	8
0.301699582478348	13.7271618613406	0.333	0	1	chr3-117053491-117054049	8
0.301699582478348	12.706784453294	0.333	0	1	chr3-117141631-117142995	8
0.301699582478348	13.0073252600944	0.333	0	1	chr3-117261740-117262580	8
0.301699582478348	13.6485389585309	0.333	0	1	chr3-117407279-117407777	8
0.301699582478348	13.3769915536098	0.333	0	1	chr3-117665284-117665769	8
0.301699582478348	13.2687797479378	0.333	0	1	chr3-119018459-119019347	8
0.301699582478348	12.6606981849473	0.333	0	1	chr3-119278715-119279822	8
0.301699582478348	12.5727658392999	0.333	0	1	chr3-119574639-119576210	8
0.301699582478348	13.2554922479952	0.333	0	1	chr3-119833830-119834754	8
0.301699582478348	13.0738791195752	0.333	0	1	chr3-122185835-122187152	8
0.301699582478348	12.3465725210568	0.333	0	1	chr3-122563648-122565393	8
0.301699582478348	13.5190804933808	0.333	0	1	chr3-122754789-122755339	8
0.301699582478348	13.2843888803396	0.333	0	1	chr3-122959189-122959980	8
0.301699582478348	13.5861699799703	0.333	0	1	chr3-123528036-123528576	8
0.301699582478348	13.7021331999209	0.333	0	1	chr3-123948341-123948937	8
0.301699582478348	12.6933984109833	0.333	0	1	chr3-124428786-124430369	8
0.301699582478348	13.4575257778844	0.333	0	1	chr3-124662259-124663140	8
0.301699582478348	13.4241479283211	0.333	0	1	chr3-124834564-124836011	8
0.301699582478348	12.2641673450695	0.333	0	1	chr3-124886207-124887937	8
0.301699582478348	11.9463225198615	0.333	0	1	chr3-125593931-125596380	8
0.301699582478348	13.254476500568	0.333	0	1	chr3-125885755-125886718	8
0.301699582478348	13.3051244137108	0.333	0	1	chr3-125921499-125922215	8
0.301699582478348	13.258421090646	0.333	0	1	chr3-126197857-126198709	8
0.301699582478348	12.591601791518	0.333	0	1	chr3-126269395-126270848	8
0.301699582478348	12.8021599579825	0.333	0	1	chr3-126388890-126389921	8
0.301699582478348	13.6879026454747	0.333	0	1	chr3-126549073-126549561	8
0.301699582478348	13.2624673162035	0.333	0	1	chr3-126659817-126660572	8
0.301699582478348	12.961312360572	0.333	0	1	chr3-126679133-126681053	8
0.301699582478348	14.0624449960111	0.333	0	1	chr3-126681871-126682268	8
0.301699582478348	13.3660727712644	0.333	0	1	chr3-127051843-127052626	8
0.301699582478348	13.550752614268	0.333	0	1	chr3-127138288-127139239	8
0.301699582478348	12.4771165462852	0.333	0	1	chr3-127141250-127142894	8
0.301699582478348	13.6585770827944	0.333	0	1	chr3-127365225-127365862	8
0.301699582478348	12.3540066033952	0.333	0	1	chr3-127541339-127543277	8
0.301699582478348	12.4127398356371	0.333	0	1	chr3-127597639-127599332	8
0.301699582478348	12.6575409591839	0.333	0	1	chr3-127611460-127614106	8
0.301699582478348	12.8491726873359	0.333	0	1	chr3-127694276-127695006	8
0.301699582478348	13.1533662794829	0.333	0	1	chr3-127790842-127791965	8
0.301699582478348	13.909668645936	0.333	0	1	chr3-127853710-127854034	8
0.301699582478348	13.5905613857677	0.333	0	1	chr3-127961806-127962393	8
0.301699582478348	12.1058295726984	0.333	0	1	chr3-128648686-128651439	8
0.301699582478348	13.6545363846519	0.333	0	1	chr3-128850119-128850627	8
0.301699582478348	12.0590488544219	0.333	0	1	chr3-129159642-129163166	8
0.301699582478348	13.2574433119193	0.333	0	1	chr3-129179208-129181067	8
0.301699582478348	12.2499331608837	0.333	0	1	chr3-129182273-129184734	8
0.301699582478348	12.9708115709045	0.333	0	1	chr3-129224583-129227267	8
0.301699582478348	12.5485876297	0.333	0	1	chr3-129248366-129250592	8
0.301699582478348	12.0736708058605	0.333	0	1	chr3-129312640-129317314	8
0.301699582478348	13.4574165785545	0.333	0	1	chr3-129627694-129628519	8
0.301699582478348	13.8968437120793	0.333	0	1	chr3-130098309-130098735	8
0.301699582478348	13.79597484651	0.333	0	1	chr3-130222727-130223259	8
0.301699582478348	13.186274296926	0.333	0	1	chr3-130791358-130793569	8
0.301699582478348	12.8143330482155	0.333	0	1	chr3-130900557-130901882	8
0.301699582478348	11.6046789890454	0.333	0	1	chr3-131380846-131382780	8
0.301699582478348	13.8186098980349	0.333	0	1	chr3-131715896-131716462	8
0.301699582478348	13.4644154723472	0.333	0	1	chr3-131737860-131738589	8
0.301699582478348	13.320861443495	0.333	0	1	chr3-132034820-132035413	8
0.301699582478348	13.0095045225639	0.333	0	1	chr3-132535949-132538467	8
0.301699582478348	13.9280272090543	0.333	0	1	chr3-132662169-132662570	8
0.301699582478348	13.3086182783172	0.333	0	1	chr3-132670765-132671446	8
0.301699582478348	13.9112068739728	0.333	0	1	chr3-133383126-133383514	8
0.301699582478348	12.9043831126678	0.333	0	1	chr3-133498873-133499698	8
0.301699582478348	13.5065150550538	0.333	0	1	chr3-133930278-133930815	8
0.301699582478348	13.8950847947205	0.333	0	1	chr3-134008487-134008922	8
0.301699582478348	12.6258533523576	0.333	0	1	chr3-134212806-134214856	8
0.301699582478348	13.2603811697648	0.333	0	1	chr3-134241697-134242996	8
0.301699582478348	13.4369314563978	0.333	0	1	chr3-134600536-134601465	8
0.301699582478348	12.9218376840935	0.333	0	1	chr3-134650796-134652997	8
0.301699582478348	13.3273739839646	0.333	0	1	chr3-135503639-135504484	8
0.301699582478348	13.2972670875696	0.333	0	1	chr3-135678271-135679057	8
0.301699582478348	12.5463171513908	0.333	0	1	chr3-135855560-135856738	8
0.301699582478348	13.3817364529172	0.333	0	1	chr3-135907217-135908675	8
0.301699582478348	12.455468533618	0.333	0	1	chr3-136276957-136278494	8
0.301699582478348	12.533362963759	0.333	0	1	chr3-136343323-136344492	8
0.301699582478348	13.2782081623604	0.333	0	1	chr3-136630733-136631629	8
0.301699582478348	13.6040660317986	0.333	0	1	chr3-136900537-136901595	8
0.301699582478348	13.5800859197049	0.333	0	1	chr3-137105067-137105892	8
0.301699582478348	13.5332924741088	0.333	0	1	chr3-137946329-137946893	8
0.301699582478348	13.0322244820797	0.333	0	1	chr3-138068299-138069178	8
0.301699582478348	13.5107053510947	0.333	0	1	chr3-138714708-138715731	8
0.301699582478348	12.7923883175159	0.333	0	1	chr3-138979372-138980295	8
0.301699582478348	12.5298601483808	0.333	0	1	chr3-139116681-139118081	8
0.301699582478348	13.4849005241481	0.333	0	1	chr3-139202082-139202959	8
0.301699582478348	12.2471086113604	0.333	0	1	chr3-139343541-139345263	8
0.301699582478348	13.5579054713372	0.333	0	1	chr3-139627577-139628249	8
0.301699582478348	13.5941025152324	0.333	0	1	chr3-140206561-140207128	8
0.301699582478348	13.3808861558558	0.333	0	1	chr3-140439009-140439663	8
0.301699582478348	12.6368888797764	0.333	0	1	chr3-140898174-140899760	8
0.301699582478348	13.5089685731655	0.333	0	1	chr3-141011425-141011944	8
0.301699582478348	13.3550931326506	0.333	0	1	chr3-141279044-141279793	8
0.301699582478348	13.0294162602936	0.333	0	1	chr3-141308373-141309210	8
0.301699582478348	13.018288746488	0.333	0	1	chr3-141460004-141460732	8
0.301699582478348	13.9021682460963	0.333	0	1	chr3-141903835-141904565	8
0.301699582478348	12.3458685504014	0.333	0	1	chr3-142148128-142150009	8
0.301699582478348	12.5336095301579	0.333	0	1	chr3-142723515-142724827	8
0.301699582478348	13.0233732759008	0.333	0	1	chr3-142828482-142829315	8
0.301699582478348	12.5650759596316	0.333	0	1	chr3-142856776-142857702	8
0.301699582478348	13.3114832394935	0.333	0	1	chr3-142896912-142898713	8
0.301699582478348	13.0565382705128	0.333	0	1	chr3-144389132-144390111	8
0.301699582478348	13.4863421636839	0.333	0	1	chr3-146503259-146504136	8
0.301699582478348	13.9582294287395	0.333	0	1	chr3-148324667-148325296	8
0.301699582478348	12.8373989220026	0.333	0	1	chr3-148600772-148602954	8
0.301699582478348	13.0046093291331	0.333	0	1	chr3-149037690-149038950	8
0.301699582478348	12.8477838423962	0.333	0	1	chr3-149245469-149248581	8
0.301699582478348	13.0667905755062	0.333	0	1	chr3-149394673-149396859	8
0.301699582478348	12.2409745680285	0.333	0	1	chr3-149400911-149402552	8
0.301699582478348	13.254476500568	0.333	0	1	chr3-149895094-149895773	8
0.301699582478348	12.6100648351942	0.333	0	1	chr3-150149194-150151054	8
0.301699582478348	13.1334832453575	0.333	0	1	chr3-150316613-150318114	8
0.301699582478348	13.3331704772542	0.333	0	1	chr3-150371531-150373053	8
0.301699582478348	13.6976992721822	0.333	0	1	chr3-150426055-150426888	8
0.301699582478348	12.1162337079189	0.333	0	1	chr3-150544681-150548291	8
0.301699582478348	12.5890098458247	0.333	0	1	chr3-150602204-150604644	8
0.301699582478348	13.3522372097214	0.333	0	1	chr3-150865018-150865814	8
0.301699582478348	13.3363690598365	0.333	0	1	chr3-150896386-150897257	8
0.301699582478348	13.1512836245944	0.333	0	1	chr3-151119980-151121120	8
0.301699582478348	13.0976850981851	0.333	0	1	chr3-151145771-151146655	8
0.301699582478348	13.6388242294393	0.333	0	1	chr3-151198903-151199545	8
0.301699582478348	13.6694596320261	0.333	0	1	chr3-151350849-151351471	8
0.301699582478348	13.3680035738442	0.333	0	1	chr3-151357025-151357826	8
0.301699582478348	13.2218125045233	0.333	0	1	chr3-151519585-151520840	8
0.301699582478348	13.0328929580124	0.333	0	1	chr3-152211452-152212268	8
0.301699582478348	12.4756152298447	0.333	0	1	chr3-152268052-152270842	8
0.301699582478348	13.5332924741088	0.333	0	1	chr3-152574375-152574897	8
0.301699582478348	13.7249733455245	0.333	0	1	chr3-153443955-153444355	8
0.301699582478348	13.8234830075079	0.333	0	1	chr3-153595155-153595671	8
0.301699582478348	13.2035794373594	0.333	0	1	chr3-153906138-153907222	8
0.301699582478348	13.6057885567674	0.333	0	1	chr3-153997337-153997781	8
0.301699582478348	12.2576719141413	0.333	0	1	chr3-154059492-154061261	8
0.301699582478348	13.3731139890101	0.333	0	1	chr3-154642942-154643965	8
0.301699582478348	13.4159781083795	0.333	0	1	chr3-154688001-154688913	8
0.301699582478348	12.8810837501387	0.333	0	1	chr3-155079162-155083863	8
0.301699582478348	13.5426247572386	0.333	0	1	chr3-155158072-155159270	8
0.301699582478348	14.0471130442576	0.333	0	1	chr3-155187835-155188591	8
0.301699582478348	13.8085723257833	0.333	0	1	chr3-156141954-156143123	8
0.301699582478348	13.1058026216541	0.333	0	1	chr3-156151756-156153368	8
0.301699582478348	13.568133689202	0.333	0	1	chr3-156416795-156417970	8
0.301699582478348	13.5771729611561	0.333	0	1	chr3-156540977-156541502	8
0.301699582478348	14.3833576297265	0.333	0	1	chr3-156566838-156567158	8
0.301699582478348	12.6045902195992	0.333	0	1	chr3-157369138-157371240	8
0.301699582478348	12.5612543162537	0.333	0	1	chr3-158097547-158098687	8
0.301699582478348	13.86360704685	0.333	0	1	chr3-158269833-158270447	8
0.301699582478348	13.4383699696787	0.333	0	1	chr3-158794750-158795430	8
0.301699582478348	12.0186702176378	0.333	0	1	chr3-159626440-159628381	8
0.301699582478348	13.0058000361543	0.333	0	1	chr3-159760995-159762045	8
0.301699582478348	13.7465692105529	0.333	0	1	chr3-159947336-159948569	8
0.301699582478348	13.7392537901722	0.333	0	1	chr3-160163113-160163675	8
0.301699582478348	12.9828720397457	0.333	0	1	chr3-160212097-160213560	8
0.301699582478348	11.8548505924034	0.333	0	1	chr3-160448689-160450338	8
0.301699582478348	12.9218376840935	0.333	0	1	chr3-160784387-160785376	8
0.301699582478348	12.9809251360807	0.333	0	1	chr3-160869553-160870737	8
0.301699582478348	13.0127868710959	0.333	0	1	chr3-160972853-160973875	8
0.301699582478348	12.4966384788699	0.333	0	1	chr3-161220546-161222108	8
0.301699582478348	13.7590371951232	0.333	0	1	chr3-163493763-163494285	8
0.301699582478348	12.8287908917502	0.333	0	1	chr3-164332896-164334000	8
0.301699582478348	13.4009203764952	0.333	0	1	chr3-165133058-165134131	8
0.301699582478348	13.3375785967943	0.333	0	1	chr3-165185524-165186166	8
0.301699582478348	13.8024370023795	0.333	0	1	chr3-166475787-166476252	8
0.301699582478348	13.2035970344711	0.333	0	1	chr3-166812757-166813670	8
0.301699582478348	13.5402219064685	0.333	0	1	chr3-167314080-167315174	8
0.301699582478348	13.7744829063627	0.333	0	1	chr3-167451210-167451600	8
0.301699582478348	12.5750469846317	0.333	0	1	chr3-167977719-167979044	8
0.301699582478348	13.3321546899876	0.333	0	1	chr3-168002717-168004217	8
0.301699582478348	12.5866851434486	0.333	0	1	chr3-168877702-168879005	8
0.301699582478348	13.638707415026	0.333	0	1	chr3-169085552-169086257	8
0.301699582478348	12.608170665585	0.333	0	1	chr3-169173009-169174360	8
0.301699582478348	13.314152323035	0.333	0	1	chr3-169453282-169454231	8
0.301699582478348	12.9931749077088	0.333	0	1	chr3-169657023-169658066	8
0.301699582478348	13.3547734012993	0.333	0	1	chr3-169762847-169763398	8
0.301699582478348	13.2608610974518	0.333	0	1	chr3-169943341-169944901	8
0.301699582478348	12.3298074872258	0.333	0	1	chr3-169966097-169967805	8
0.301699582478348	12.8894448762945	0.333	0	1	chr3-170310057-170310791	8
0.301699582478348	13.1531762598231	0.333	0	1	chr3-170468897-170471025	8
0.301699582478348	13.4178885662505	0.333	0	1	chr3-170697681-170698601	8
0.301699582478348	12.8572747059238	0.333	0	1	chr3-170907988-170909113	8
0.301699582478348	13.7515141527667	0.333	0	1	chr3-171199074-171199565	8
0.301699582478348	13.7095688393173	0.333	0	1	chr3-171295727-171296720	8
0.301699582478348	12.2938853652558	0.333	0	1	chr3-171459463-171461637	8
0.301699582478348	12.7167209988609	0.333	0	1	chr3-171740682-171744578	8
0.301699582478348	12.5486914180889	0.333	0	1	chr3-171788179-171790715	8
0.301699582478348	13.5198484957863	0.333	0	1	chr3-171806152-171806897	8
0.301699582478348	13.0949948532468	0.333	0	1	chr3-172246021-172246813	8
0.301699582478348	13.5350122983429	0.333	0	1	chr3-172449641-172450166	8
0.301699582478348	12.9676113310647	0.333	0	1	chr3-172536313-172537332	8
0.301699582478348	12.6744260004948	0.333	0	1	chr3-172666048-172667339	8
0.301699582478348	13.4980162582978	0.333	0	1	chr3-173125604-173126697	8
0.301699582478348	13.1664729590203	0.333	0	1	chr3-175005090-175006754	8
0.301699582478348	13.4206477454013	0.333	0	1	chr3-175121031-175121631	8
0.301699582478348	13.6196255806293	0.333	0	1	chr3-175461563-175462198	8
0.301699582478348	13.6517130415507	0.333	0	1	chr3-178391706-178392872	8
0.301699582478348	13.4223714589856	0.333	0	1	chr3-178458097-178458843	8
0.301699582478348	13.0734590324221	0.333	0	1	chr3-178671463-178672599	8
0.301699582478348	13.4007604187301	0.333	0	1	chr3-178954921-178955596	8
0.301699582478348	12.0647398326178	0.333	0	1	chr3-179321524-179325110	8
0.301699582478348	12.4634886554187	0.333	0	1	chr3-179603850-179605598	8
0.301699582478348	13.1623184781032	0.333	0	1	chr3-179672553-179674398	8
0.301699582478348	13.29210205492	0.333	0	1	chr3-179739645-179740467	8
0.301699582478348	13.5888001950903	0.333	0	1	chr3-179837346-179838836	8
0.301699582478348	12.7130414338047	0.333	0	1	chr3-179906792-179908484	8
0.301699582478348	13.2951885535127	0.333	0	1	chr3-180615994-180617613	8
0.301699582478348	13.7195380727332	0.333	0	1	chr3-180631279-180631746	8
0.301699582478348	13.5799862540747	0.333	0	1	chr3-180782408-180783642	8
0.301699582478348	12.8650097157951	0.333	0	1	chr3-181850529-181851738	8
0.301699582478348	13.3742957714096	0.333	0	1	chr3-182212244-182213051	8
0.301699582478348	12.3833094694107	0.333	0	1	chr3-182284234-182285539	8
0.301699582478348	13.1596526776151	0.333	0	1	chr3-182524599-182525665	8
0.301699582478348	13.0248755385568	0.333	0	1	chr3-182527606-182528467	8
0.301699582478348	12.8448922744978	0.333	0	1	chr3-183155239-183156175	8
0.301699582478348	13.104954995367	0.333	0	1	chr3-183300886-183302657	8
0.301699582478348	12.3485109090887	0.333	0	1	chr3-183306559-183307716	8
0.301699582478348	13.0325762625317	0.333	0	1	chr3-183381001-183383021	8
0.301699582478348	13.2608721356948	0.333	0	1	chr3-183502552-183503411	8
0.301699582478348	13.2112666959313	0.333	0	1	chr3-183886594-183887298	8
0.301699582478348	12.2349377165694	0.333	0	1	chr3-184017152-184018668	8
0.301699582478348	12.2558935073589	0.333	0	1	chr3-184185275-184187152	8
0.301699582478348	13.4137114864195	0.333	0	1	chr3-184237747-184239088	8
0.301699582478348	13.125150206297	0.333	0	1	chr3-184289175-184290040	8
0.301699582478348	12.7445180118775	0.333	0	1	chr3-184345216-184346358	8
0.301699582478348	13.0378732314588	0.333	0	1	chr3-184490552-184491517	8
0.301699582478348	13.1836514446729	0.333	0	1	chr3-184727348-184727887	8
0.301699582478348	13.2957075338313	0.333	0	1	chr3-184836194-184836815	8
0.301699582478348	13.2926001441366	0.333	0	1	chr3-185308038-185308567	8
0.301699582478348	12.7867996589559	0.333	0	1	chr3-185365011-185365914	8
0.301699582478348	12.0539690463822	0.333	0	1	chr3-185585321-185587133	8
0.301699582478348	12.9832275404691	0.333	0	1	chr3-185659877-185661020	8
0.301699582478348	13.3146875389275	0.333	0	1	chr3-185983421-185984117	8
0.301699582478348	12.7932369878574	0.333	0	1	chr3-186097337-186099619	8
0.301699582478348	12.6172892399394	0.333	0	1	chr3-186413292-186416159	8
0.301699582478348	13.3499622907546	0.333	0	1	chr3-186540199-186540967	8
0.301699582478348	11.6294351715009	0.333	0	1	chr3-186569739-186571579	8
0.301699582478348	13.5069417881107	0.333	0	1	chr3-186614591-186615357	8
0.301699582478348	13.8755005996776	0.333	0	1	chr3-186800576-186801216	8
0.301699582478348	13.7297320964108	0.333	0	1	chr3-186867664-186868144	8
0.301699582478348	13.0305970243315	0.333	0	1	chr3-187262975-187264851	8
0.301699582478348	13.3400049891788	0.333	0	1	chr3-187319619-187320318	8
0.301699582478348	12.4605218292987	0.333	0	1	chr3-187946398-187947671	8
0.301699582478348	12.9846665399291	0.333	0	1	chr3-188282662-188283829	8
0.301699582478348	13.7877887116955	0.333	0	1	chr3-188294675-188295411	8
0.301699582478348	13.1053786809826	0.333	0	1	chr3-188635267-188636229	8
0.301699582478348	13.2434548114292	0.333	0	1	chr3-188646572-188647654	8
0.301699582478348	13.3498099193513	0.333	0	1	chr3-188688852-188689699	8
0.301699582478348	12.8734376646837	0.333	0	1	chr3-188711991-188713177	8
0.301699582478348	12.5526939401942	0.333	0	1	chr3-188786120-188787097	8
0.301699582478348	12.3528671494028	0.333	0	1	chr3-188947452-188949156	8
0.301699582478348	13.3144178067643	0.333	0	1	chr3-189041401-189041951	8
0.301699582478348	12.4528762488864	0.333	0	1	chr3-189303264-189305832	8
0.301699582478348	13.5792227465513	0.333	0	1	chr3-189710540-189711092	8
0.301699582478348	12.9312349209531	0.333	0	1	chr3-189943801-189945247	8
0.301699582478348	12.6502655770534	0.333	0	1	chr3-190039816-190040865	8
0.301699582478348	13.1428118211873	0.333	0	1	chr3-190070700-190071740	8
0.301699582478348	13.3369735246186	0.333	0	1	chr3-190448504-190449917	8
0.301699582478348	13.3499622907546	0.333	0	1	chr3-190509505-190510219	8
0.301699582478348	12.0988065954419	0.333	0	1	chr3-190513334-190515294	8
0.301699582478348	13.6606104138292	0.333	0	1	chr3-190608057-190608693	8
0.301699582478348	13.1527223528695	0.333	0	1	chr3-191296077-191296927	8
0.301699582478348	13.8791545901044	0.333	0	1	chr3-191966520-191967003	8
0.301699582478348	13.3796434974129	0.333	0	1	chr3-192005794-192006507	8
0.301699582478348	14.1615073836218	0.333	0	1	chr3-192482690-192483128	8
0.301699582478348	12.5807237679073	0.333	0	1	chr3-192597194-192598583	8
0.301699582478348	13.4756010828435	0.333	0	1	chr3-192671311-192671886	8
0.301699582478348	13.4541129441776	0.333	0	1	chr3-193190220-193190927	8
0.301699582478348	13.9223385156622	0.333	0	1	chr3-193788070-193788511	8
0.301699582478348	12.5201964204095	0.333	0	1	chr3-194075349-194076398	8
0.301699582478348	12.5737173831499	0.333	0	1	chr3-194112149-194113424	8
0.301699582478348	13.3232215737342	0.333	0	1	chr3-194471658-194472899	8
0.301699582478348	12.6136734894112	0.333	0	1	chr3-194583426-194584787	8
0.301699582478348	13.1267721850814	0.333	0	1	chr3-194934780-194935660	8
0.301699582478348	13.1772074748106	0.333	0	1	chr3-195859009-195860896	8
0.301699582478348	12.288823200622	0.333	0	1	chr3-196072520-196074208	8
0.301699582478348	12.8939102062047	0.333	0	1	chr3-196192177-196194659	8
0.301699582478348	12.3452488418767	0.333	0	1	chr3-196567942-196570027	8
0.301699582478348	12.752661067717	0.333	0	1	chr3-196792574-196793825	8
0.301699582478348	13.5656087564323	0.333	0	1	chr3-196837792-196838306	8
0.301699582478348	13.5534232742239	0.333	0	1	chr3-197234913-197235613	8
0.301699582478348	13.3161684297011	0.333	0	1	chr3-197352092-197353362	8
0.301699582478348	13.0675284750146	0.333	0	1	chr3-197426822-197427752	8
0.301699582478348	12.7522098296408	0.333	0	1	chr3-197948950-197952001	8
0.301699582478348	12.5812767181782	0.333	0	1	chr3-198079952-198081863	8
0.301699582478348	11.8859118979541	0.333	0	1	chr4-123968-126215	8
0.301699582478348	13.5069417881107	0.333	0	1	chr4-259247-259678	8
0.301699582478348	12.9850259494096	0.333	0	1	chr4-610347-611331	8
0.301699582478348	11.8030021377053	0.333	0	1	chr4-673136-685350	8
0.301699582478348	12.8654578405796	0.333	0	1	chr4-815280-816317	8
0.301699582478348	12.403578864098	0.333	0	1	chr4-1008663-1012899	8
0.301699582478348	12.830268670965	0.333	0	1	chr4-1540909-1542021	8
0.301699582478348	13.3947261683522	0.333	0	1	chr4-1708347-1709210	8
0.301699582478348	12.5220027667463	0.333	0	1	chr4-1725981-1728774	8
0.301699582478348	13.4841424958941	0.333	0	1	chr4-1746116-1747689	8
0.301699582478348	13.5725186996793	0.333	0	1	chr4-1748429-1749094	8
0.301699582478348	12.1764705115092	0.333	0	1	chr4-2417381-2419657	8
0.301699582478348	13.6281196442679	0.333	0	1	chr4-2441573-2442099	8
0.301699582478348	13.0121086231271	0.333	0	1	chr4-2484763-2485733	8
0.301699582478348	12.9736082373666	0.333	0	1	chr4-3765298-3766670	8
0.301699582478348	13.4541129441776	0.333	0	1	chr4-5824577-5825087	8
0.301699582478348	13.3222302348371	0.333	0	1	chr4-6032514-6033488	8
0.301699582478348	12.1490647344628	0.333	0	1	chr4-6687731-6690611	8
0.301699582478348	11.9698590727737	0.333	0	1	chr4-6955148-6958418	8
0.301699582478348	12.6073063570159	0.333	0	1	chr4-6990844-6994495	8
0.301699582478348	13.1764911168659	0.333	0	1	chr4-7070458-7071381	8
0.301699582478348	13.3731226989617	0.333	0	1	chr4-7802040-7802711	8
0.301699582478348	13.6517130415507	0.333	0	1	chr4-7878209-7878790	8
0.301699582478348	13.2587257720717	0.333	0	1	chr4-8117041-8117801	8
0.301699582478348	11.7503200922514	0.333	0	1	chr4-10005358-10008991	8
0.301699582478348	13.2471076747984	0.333	0	1	chr4-10013513-10014494	8
0.301699582478348	13.8864060263499	0.333	0	1	chr4-10855757-10856669	8
0.301699582478348	13.4958079626001	0.333	0	1	chr4-10935236-10936065	8
0.301699582478348	13.0734590324221	0.333	0	1	chr4-11614144-11615076	8
0.301699582478348	12.9805967894089	0.333	0	1	chr4-11877900-11878958	8
0.301699582478348	14.2781137226239	0.333	0	1	chr4-12926111-12926464	8
0.301699582478348	13.5856604724242	0.333	0	1	chr4-13089079-13090006	8
0.301699582478348	13.7398588289729	0.333	0	1	chr4-13127138-13127887	8
0.301699582478348	13.7641252092229	0.333	0	1	chr4-13262736-13263271	8
0.301699582478348	13.0956976893083	0.333	0	1	chr4-13653972-13655115	8
0.301699582478348	13.584710306107	0.333	0	1	chr4-14787851-14788335	8
0.301699582478348	13.3750539335887	0.333	0	1	chr4-14916519-14917690	8
0.301699582478348	13.0816943298746	0.333	0	1	chr4-14958161-14959280	8
0.301699582478348	11.7566914486382	0.333	0	1	chr4-15681000-15683282	8
0.301699582478348	13.0961465644841	0.333	0	1	chr4-15723277-15724325	8
0.301699582478348	13.150452336585	0.333	0	1	chr4-15724944-15726370	8
0.301699582478348	12.1020317211649	0.333	0	1	chr4-16222749-16228811	8
0.301699582478348	12.7742056384834	0.333	0	1	chr4-17544064-17545481	8
0.301699582478348	12.9611498635769	0.333	0	1	chr4-17636525-17637461	8
0.301699582478348	12.9817973703296	0.333	0	1	chr4-17707304-17708347	8
0.301699582478348	13.4709980380628	0.333	0	1	chr4-17969942-17970821	8
0.301699582478348	13.5697465477109	0.333	0	1	chr4-17995065-17995630	8
0.301699582478348	12.8503300328253	0.333	0	1	chr4-18685882-18687059	8
0.301699582478348	13.8903223843883	0.333	0	1	chr4-20044628-20044969	8
0.301699582478348	13.2673105394984	0.333	0	1	chr4-20422338-20422938	8
0.301699582478348	13.9901921251471	0.333	0	1	chr4-20519078-20519488	8
0.301699582478348	12.8521506512929	0.333	0	1	chr4-20773155-20775869	8
0.301699582478348	12.3083739489476	0.333	0	1	chr4-20787755-20790204	8
0.301699582478348	12.8392249387326	0.333	0	1	chr4-20809602-20810548	8
0.301699582478348	12.550530519882	0.333	0	1	chr4-21152371-21153462	8
0.301699582478348	13.485620863319	0.333	0	1	chr4-22202060-22203088	8
0.301699582478348	12.90259918942	0.333	0	1	chr4-22434804-22436138	8
0.301699582478348	13.2236640583981	0.333	0	1	chr4-22607243-22607971	8
0.301699582478348	13.4147465482339	0.333	0	1	chr4-23956394-23957317	8
0.301699582478348	12.9307119043157	0.333	0	1	chr4-23958712-23960519	8
0.301699582478348	13.1986526312676	0.333	0	1	chr4-24753045-24753946	8
0.301699582478348	12.4176346736717	0.333	0	1	chr4-24840086-24842613	8
0.301699582478348	13.3285656258896	0.333	0	1	chr4-24988599-24989177	8
0.301699582478348	12.2172114621066	0.333	0	1	chr4-25375965-25378342	8
0.301699582478348	13.1581892762215	0.333	0	1	chr4-25551566-25553512	8
0.301699582478348	13.4312140144776	0.333	0	1	chr4-25949100-25949665	8
0.301699582478348	12.566767521719	0.333	0	1	chr4-26021700-26024208	8
0.301699582478348	12.719773905152	0.333	0	1	chr4-26206199-26207445	8
0.301699582478348	12.7555886978169	0.333	0	1	chr4-26412282-26413455	8
0.301699582478348	13.4301400231866	0.333	0	1	chr4-26452380-26453290	8
0.301699582478348	13.5155672912551	0.333	0	1	chr4-26787503-26788544	8
0.301699582478348	13.2154503716817	0.333	0	1	chr4-27002876-27003999	8
0.301699582478348	13.3828432427312	0.333	0	1	chr4-27132213-27133060	8
0.301699582478348	12.6668008956584	0.333	0	1	chr4-27364395-27366693	8
0.301699582478348	12.9009778853701	0.333	0	1	chr4-30396477-30397243	8
0.301699582478348	13.6229112480792	0.333	0	1	chr4-31411239-31412386	8
0.301699582478348	13.2444963674294	0.333	0	1	chr4-33060691-33061409	8
0.301699582478348	13.5913996452845	0.333	0	1	chr4-35539271-35539986	8
0.301699582478348	13.8534645220436	0.333	0	1	chr4-35769104-35769871	8
0.301699582478348	13.5480957371104	0.333	0	1	chr4-36055007-36055541	8
0.301699582478348	13.3731139890101	0.333	0	1	chr4-36099330-36100186	8
0.301699582478348	13.2450177795241	0.333	0	1	chr4-36725396-36726176	8
0.301699582478348	12.6197846753687	0.333	0	1	chr4-37007435-37008927	8
0.301699582478348	13.5688258536404	0.333	0	1	chr4-37389889-37390403	8
0.301699582478348	12.793520067143	0.333	0	1	chr4-37977110-37978536	8
0.301699582478348	13.0283082094715	0.333	0	1	chr4-38013610-38014655	8
0.301699582478348	13.2439093777632	0.333	0	1	chr4-38061943-38062456	8
0.301699582478348	13.1186413439949	0.333	0	1	chr4-38102889-38103706	8
0.301699582478348	12.7333956402757	0.333	0	1	chr4-38160417-38161608	8
0.301699582478348	12.9566822697289	0.333	0	1	chr4-38222842-38224587	8
0.301699582478348	12.7397548803495	0.333	0	1	chr4-38673066-38676022	8
0.301699582478348	12.2453441038543	0.333	0	1	chr4-38871518-38874031	8
0.301699582478348	13.4493700573095	0.333	0	1	chr4-39051409-39051999	8
0.301699582478348	13.363744276073	0.333	0	1	chr4-39097174-39097751	8
0.301699582478348	12.7437815111574	0.333	0	1	chr4-40403938-40405053	8
0.301699582478348	13.0290659823743	0.333	0	1	chr4-40445733-40448101	8
0.301699582478348	13.01690946291	0.333	0	1	chr4-40452446-40454512	8
0.301699582478348	12.6558454561545	0.333	0	1	chr4-40550777-40553031	8
0.301699582478348	13.3136175748565	0.333	0	1	chr4-40587551-40588433	8
0.301699582478348	12.3709199840584	0.333	0	1	chr4-40842075-40843744	8
0.301699582478348	12.7389574334644	0.333	0	1	chr4-40917819-40918827	8
0.301699582478348	12.7860260180843	0.333	0	1	chr4-41132004-41134032	8
0.301699582478348	11.8233532332761	0.333	0	1	chr4-41212551-41217435	8
0.301699582478348	13.6180798841498	0.333	0	1	chr4-41519195-41519768	8
0.301699582478348	12.4884142972851	0.333	0	1	chr4-41574210-41576174	8
0.301699582478348	13.1320096132794	0.333	0	1	chr4-41590244-41591112	8
0.301699582478348	13.3660727712644	0.333	0	1	chr4-41613723-41614858	8
0.301699582478348	13.47176252103	0.333	0	1	chr4-41692770-41693979	8
0.301699582478348	13.6475466755987	0.333	0	1	chr4-41774182-41774713	8
0.301699582478348	13.0196705925498	0.333	0	1	chr4-42397048-42398562	8
0.301699582478348	13.338158918069	0.333	0	1	chr4-42401084-42401775	8
0.301699582478348	13.5264692533493	0.333	0	1	chr4-42865516-42866061	8
0.301699582478348	13.5597093865259	0.333	0	1	chr4-44629204-44629708	8
0.301699582478348	12.0239025340042	0.333	0	1	chr4-44677711-44679537	8
0.301699582478348	12.783966411961	0.333	0	1	chr4-45647576-45649552	8
0.301699582478348	11.8815393073498	0.333	0	1	chr4-48014552-48017893	8
0.301699582478348	13.6649601478877	0.333	0	1	chr4-48024749-48025528	8
0.301699582478348	13.0500231620473	0.333	0	1	chr4-48042730-48043866	8
0.301699582478348	13.7801868012709	0.333	0	1	chr4-48195291-48195897	8
0.301699582478348	12.2823888534636	0.333	0	1	chr4-48905403-48907440	8
0.301699582478348	13.1698335231887	0.333	0	1	chr4-49018599-49019678	8
0.301699582478348	13.5809275204788	0.333	0	1	chr4-52957252-52958644	8
0.301699582478348	12.7729805315807	0.333	0	1	chr4-53273634-53275566	8
0.301699582478348	12.7459928900505	0.333	0	1	chr4-53575967-53577602	8
0.301699582478348	13.4083997019781	0.333	0	1	chr4-53598683-53599476	8
0.301699582478348	12.835610592985	0.333	0	1	chr4-53800841-53803182	8
0.301699582478348	13.2062823552124	0.333	0	1	chr4-53929800-53930581	8
0.301699582478348	12.5827751442577	0.333	0	1	chr4-54280190-54282590	8
0.301699582478348	13.3309665620082	0.333	0	1	chr4-54346127-54347046	8
0.301699582478348	13.5299359892767	0.333	0	1	chr4-54439863-54441200	8
0.301699582478348	12.7923883175159	0.333	0	1	chr4-54625312-54626651	8
0.301699582478348	13.3620039084168	0.333	0	1	chr4-55360889-55361737	8
0.301699582478348	11.8017040413566	0.333	0	1	chr4-55395133-55399788	8
0.301699582478348	12.2293027860977	0.333	0	1	chr4-55635265-55636922	8
0.301699582478348	13.6168267787655	0.333	0	1	chr4-56177909-56178441	8
0.301699582478348	11.9903682623367	0.333	0	1	chr4-56465503-56469145	8
0.301699582478348	13.4041403158351	0.333	0	1	chr4-56821299-56821994	8
0.301699582478348	12.7729805315807	0.333	0	1	chr4-56873898-56875206	8
0.301699582478348	13.2525768025104	0.333	0	1	chr4-56884509-56885382	8
0.301699582478348	13.2311234276511	0.333	0	1	chr4-56940538-56941653	8
0.301699582478348	13.1312806090274	0.333	0	1	chr4-57118997-57119632	8
0.301699582478348	12.9163794349336	0.333	0	1	chr4-58312716-58314720	8
0.301699582478348	13.0340436114538	0.333	0	1	chr4-58748947-58749945	8
0.301699582478348	13.5809275204788	0.333	0	1	chr4-58826174-58826663	8
0.301699582478348	13.7933973595523	0.333	0	1	chr4-59570823-59572219	8
0.301699582478348	13.7111320110022	0.333	0	1	chr4-63955834-63956481	8
0.301699582478348	13.7705697904617	0.333	0	1	chr4-64107604-64108316	8
0.301699582478348	13.9427835101846	0.333	0	1	chr4-64614122-64614635	8
0.301699582478348	14.0542435823932	0.333	0	1	chr4-67028173-67028813	8
0.301699582478348	12.6279633935887	0.333	0	1	chr4-67034983-67036360	8
0.301699582478348	13.3285656258896	0.333	0	1	chr4-67059370-67060048	8
0.301699582478348	12.7135574944869	0.333	0	1	chr4-69019698-69020897	8
0.301699582478348	13.2076379813251	0.333	0	1	chr4-69342709-69344245	8
0.301699582478348	12.9410188361903	0.333	0	1	chr4-69707669-69708528	8
0.301699582478348	14.1928894508185	0.333	0	1	chr4-69752512-69752856	8
0.301699582478348	13.2915403141665	0.333	0	1	chr4-70386563-70387594	8
0.301699582478348	13.332067514821	0.333	0	1	chr4-70488407-70489521	8
0.301699582478348	13.0857348366304	0.333	0	1	chr4-70601276-70602050	8
0.301699582478348	13.5548095319815	0.333	0	1	chr4-70615135-70616889	8
0.301699582478348	12.9464698742562	0.333	0	1	chr4-70709271-70710272	8
0.301699582478348	13.4604058151406	0.333	0	1	chr4-71026055-71026540	8
0.301699582478348	13.7022325818661	0.333	0	1	chr4-71225573-71226443	8
0.301699582478348	13.1673996482183	0.333	0	1	chr4-71229080-71231622	8
0.301699582478348	13.3152232235291	0.333	0	1	chr4-71286779-71287761	8
0.301699582478348	13.05309757979	0.333	0	1	chr4-71288830-71289628	8
0.301699582478348	13.5163979445604	0.333	0	1	chr4-71460218-71460951	8
0.301699582478348	13.783087549092	0.333	0	1	chr4-72302978-72303539	8
0.301699582478348	13.657563679162	0.333	0	1	chr4-73015359-73016020	8
0.301699582478348	11.8142625244967	0.333	0	1	chr4-73257072-73260967	8
0.301699582478348	13.6740025987253	0.333	0	1	chr4-73462673-73463380	8
0.301699582478348	13.912122386035	0.333	0	1	chr4-73662622-73663275	8
0.301699582478348	13.2613960521894	0.333	0	1	chr4-73707677-73708610	8
0.301699582478348	12.7932369878574	0.333	0	1	chr4-73740324-73740963	8
0.301699582478348	12.7089043255392	0.333	0	1	chr4-73947040-73948390	8
0.301699582478348	12.8826548007777	0.333	0	1	chr4-74138768-74139561	8
0.301699582478348	12.399863358137	0.333	0	1	chr4-74793764-74795107	8
0.301699582478348	13.7380461733329	0.333	0	1	chr4-74934285-74935039	8
0.301699582478348	13.2920837545719	0.333	0	1	chr4-75306018-75307214	8
0.301699582478348	13.4095899227563	0.333	0	1	chr4-75915912-75916706	8
0.301699582478348	12.6075378189799	0.333	0	1	chr4-75989610-75991338	8
0.301699582478348	13.4427078413932	0.333	0	1	chr4-76292580-76293275	8
0.301699582478348	13.4582108827222	0.333	0	1	chr4-76301151-76302198	8
0.301699582478348	13.500974890207	0.333	0	1	chr4-76430516-76431201	8
0.301699582478348	11.9148397736402	0.333	0	1	chr4-76896728-76899625	8
0.301699582478348	13.3491923800986	0.333	0	1	chr4-76931018-76932299	8
0.301699582478348	12.9911621257457	0.333	0	1	chr4-77618536-77619784	8
0.301699582478348	13.909668645936	0.333	0	1	chr4-77622831-77623285	8
0.301699582478348	13.2717707866825	0.333	0	1	chr4-77921303-77922380	8
0.301699582478348	13.6517130415507	0.333	0	1	chr4-78060867-78062385	8
0.301699582478348	13.4314452512475	0.333	0	1	chr4-79141447-79142005	8
0.301699582478348	13.4749150092628	0.333	0	1	chr4-79554583-79555277	8
0.301699582478348	13.0738313203091	0.333	0	1	chr4-79591225-79592867	8
0.301699582478348	13.4958079626001	0.333	0	1	chr4-80035282-80035825	8
0.301699582478348	12.9865288421395	0.333	0	1	chr4-80335403-80337045	8
0.301699582478348	13.0006443157516	0.333	0	1	chr4-80614976-80615983	8
0.301699582478348	12.943432299151	0.333	0	1	chr4-81021310-81022422	8
0.301699582478348	13.5809505751782	0.333	0	1	chr4-81314274-81314992	8
0.301699582478348	12.9796125984441	0.333	0	1	chr4-81376750-81378912	8
0.301699582478348	13.210485484662	0.333	0	1	chr4-81601011-81601794	8
0.301699582478348	13.3610366121482	0.333	0	1	chr4-82084492-82085295	8
0.301699582478348	12.087382842905	0.333	0	1	chr4-82371355-82375687	8
0.301699582478348	13.1958115134041	0.333	0	1	chr4-82721596-82722301	8
0.301699582478348	13.2545189516422	0.333	0	1	chr4-82786656-82787771	8
0.301699582478348	12.7249880173251	0.333	0	1	chr4-82798180-82800274	8
0.301699582478348	13.5534232742239	0.333	0	1	chr4-83252717-83253236	8
0.301699582478348	13.3418312343406	0.333	0	1	chr4-83602792-83603611	8
0.301699582478348	14.0499281070188	0.333	0	1	chr4-84290707-84291314	8
0.301699582478348	11.7766453363032	0.333	0	1	chr4-84965198-84967706	8
0.301699582478348	12.9522403833703	0.333	0	1	chr4-86675182-86676516	8
0.301699582478348	13.5426247572386	0.333	0	1	chr4-86939086-86940323	8
0.301699582478348	12.9094121922201	0.333	0	1	chr4-86970315-86971158	8
0.301699582478348	13.2270147074514	0.333	0	1	chr4-87103514-87105929	8
0.301699582478348	12.9805967894089	0.333	0	1	chr4-87235201-87236442	8
0.301699582478348	12.2505759280478	0.333	0	1	chr4-87421891-87424151	8
0.301699582478348	13.0114177218857	0.333	0	1	chr4-87502373-87503511	8
0.301699582478348	13.2986935471126	0.333	0	1	chr4-87929057-87929939	8
0.301699582478348	12.9191038403117	0.333	0	1	chr4-88107049-88108252	8
0.301699582478348	12.7357749246287	0.333	0	1	chr4-88584421-88589162	8
0.301699582478348	11.9189047700205	0.333	0	1	chr4-88591493-88594239	8
0.301699582478348	13.5515319806005	0.333	0	1	chr4-88880782-88881556	8
0.301699582478348	12.9384435543322	0.333	0	1	chr4-88917843-88919394	8
0.301699582478348	12.6672115897769	0.333	0	1	chr4-89000798-89002694	8
0.301699582478348	14.0596894743083	0.333	0	1	chr4-89334710-89335221	8
0.301699582478348	13.5402219064685	0.333	0	1	chr4-89434306-89434807	8
0.301699582478348	13.0697467145952	0.333	0	1	chr4-89497574-89498537	8
0.301699582478348	13.398070728787	0.333	0	1	chr4-90602770-90603922	8
0.301699582478348	13.6180798841498	0.333	0	1	chr4-91272313-91273058	8
0.301699582478348	12.9185966928169	0.333	0	1	chr4-93645849-93647814	8
0.301699582478348	13.4694722726161	0.333	0	1	chr4-93791545-93792048	8
0.301699582478348	13.1664228755853	0.333	0	1	chr4-93867101-93868024	8
0.301699582478348	14.1709756028711	0.333	0	1	chr4-93885306-93885810	8
0.301699582478348	13.5445743829756	0.333	0	1	chr4-94126627-94127047	8
0.301699582478348	12.876195781511	0.333	0	1	chr4-94332921-94335512	8
0.301699582478348	12.8955031359194	0.333	0	1	chr4-94540248-94541375	8
0.301699582478348	12.7456252710133	0.333	0	1	chr4-94757460-94760899	8
0.301699582478348	13.0722591264182	0.333	0	1	chr4-94926877-94928036	8
0.301699582478348	12.8567133645054	0.333	0	1	chr4-95025226-95026263	8
0.301699582478348	13.454793827229	0.333	0	1	chr4-96429432-96430223	8
0.301699582478348	13.2708316358239	0.333	0	1	chr4-98226093-98227870	8
0.301699582478348	13.1389189229776	0.333	0	1	chr4-98573524-98574622	8
0.301699582478348	12.8711496972106	0.333	0	1	chr4-98721285-98722618	8
0.301699582478348	13.0073252600944	0.333	0	1	chr4-98777842-98779862	8
0.301699582478348	13.3196848001693	0.333	0	1	chr4-98903022-98904355	8
0.301699582478348	13.5579054713372	0.333	0	1	chr4-99024825-99025947	8
0.301699582478348	13.0155327301758	0.333	0	1	chr4-99408300-99409484	8
0.301699582478348	13.6196255806293	0.333	0	1	chr4-99808212-99808710	8
0.301699582478348	13.5561078889995	0.333	0	1	chr4-99997886-99998601	8
0.301699582478348	12.9212405593835	0.333	0	1	chr4-101171306-101173508	8
0.301699582478348	12.5457881965479	0.333	0	1	chr4-101320229-101326835	8
0.301699582478348	12.9464698742562	0.333	0	1	chr4-102429501-102431781	8
0.301699582478348	12.7247265749944	0.333	0	1	chr4-102533006-102534722	8
0.301699582478348	13.4083997019781	0.333	0	1	chr4-102732229-102732972	8
0.301699582478348	12.7534247010087	0.333	0	1	chr4-102757532-102758960	8
0.301699582478348	13.4054978655842	0.333	0	1	chr4-103008891-103009565	8
0.301699582478348	12.8603939097323	0.333	0	1	chr4-103099230-103100411	8
0.301699582478348	12.8034746107019	0.333	0	1	chr4-103271584-103272855	8
0.301699582478348	12.3376860803213	0.333	0	1	chr4-103423428-103425843	8
0.301699582478348	13.938483985431	0.333	0	1	chr4-104846687-104847279	8
0.301699582478348	12.8220267467953	0.333	0	1	chr4-105191433-105193505	8
0.301699582478348	13.1600738423021	0.333	0	1	chr4-105207250-105208209	8
0.301699582478348	13.5525315122666	0.333	0	1	chr4-105210827-105211553	8
0.301699582478348	13.8440261122564	0.333	0	1	chr4-105343431-105343961	8
0.301699582478348	13.6075322647981	0.333	0	1	chr4-105471495-105472212	8
0.301699582478348	13.1156245304617	0.333	0	1	chr4-105878638-105879434	8
0.301699582478348	13.2513080272179	0.333	0	1	chr4-105923922-105924893	8
0.301699582478348	13.4130224882302	0.333	0	1	chr4-106056567-106057267	8
0.301699582478348	13.1875895943984	0.333	0	1	chr4-107708151-107709127	8
0.301699582478348	13.5875662256112	0.333	0	1	chr4-107747753-107748514	8
0.301699582478348	13.3572707577811	0.333	0	1	chr4-107870915-107871873	8
0.301699582478348	14.1615073836218	0.333	0	1	chr4-108181106-108181442	8
0.301699582478348	13.2926001441366	0.333	0	1	chr4-108312335-108313165	8
0.301699582478348	12.6091444315283	0.333	0	1	chr4-108350352-108353897	8
0.301699582478348	13.2581930595291	0.333	0	1	chr4-108480682-108481412	8
0.301699582478348	13.2126326463619	0.333	0	1	chr4-109573946-109574960	8
0.301699582478348	13.6304197173555	0.333	0	1	chr4-109684321-109685261	8
0.301699582478348	12.6162243166444	0.333	0	1	chr4-109966402-109968470	8
0.301699582478348	13.0654145311468	0.333	0	1	chr4-110164863-110166311	8
0.301699582478348	12.6239818099269	0.333	0	1	chr4-110193629-110194880	8
0.301699582478348	11.7997480703037	0.333	0	1	chr4-110195494-110199438	8
0.301699582478348	13.7101855497309	0.333	0	1	chr4-110211022-110211694	8
0.301699582478348	12.9769942893045	0.333	0	1	chr4-110515729-110516838	8
0.301699582478348	13.0565382705128	0.333	0	1	chr4-110906560-110908451	8
0.301699582478348	13.3516663822089	0.333	0	1	chr4-111641834-111642573	8
0.301699582478348	12.2568631812444	0.333	0	1	chr4-112112498-112114193	8
0.301699582478348	12.8862704989863	0.333	0	1	chr4-112181230-112182083	8
0.301699582478348	12.2584812585004	0.333	0	1	chr4-112283906-112286760	8
0.301699582478348	13.5237054016783	0.333	0	1	chr4-112604357-112605018	8
0.301699582478348	12.5935222012426	0.333	0	1	chr4-112636487-112638138	8
0.301699582478348	12.779759068199	0.333	0	1	chr4-113406286-113407758	8
0.301699582478348	13.2876222663346	0.333	0	1	chr4-113498920-113499835	8
0.301699582478348	13.5273173065392	0.333	0	1	chr4-113515454-113515928	8
0.301699582478348	13.5516412944049	0.333	0	1	chr4-113849607-113850166	8
0.301699582478348	12.5542112628778	0.333	0	1	chr4-113901687-113902802	8
0.301699582478348	13.5480957371104	0.333	0	1	chr4-114100292-114101069	8
0.301699582478348	13.2293015134742	0.333	0	1	chr4-114561655-114564467	8
0.301699582478348	13.3066013210298	0.333	0	1	chr4-118033100-118034669	8
0.301699582478348	13.2189483144845	0.333	0	1	chr4-118351795-118353488	8
0.301699582478348	12.2523455258239	0.333	0	1	chr4-118684921-118687295	8
0.301699582478348	13.479466893281	0.333	0	1	chr4-118973239-118974348	8
0.301699582478348	13.3927286887647	0.333	0	1	chr4-118981706-118982254	8
0.301699582478348	13.3756990949187	0.333	0	1	chr4-119284765-119285624	8
0.301699582478348	12.3043083443137	0.333	0	1	chr4-121800635-121801916	8
0.301699582478348	12.0007987822322	0.333	0	1	chr4-121869492-121871228	8
0.301699582478348	13.4841424958941	0.333	0	1	chr4-121900305-121900813	8
0.301699582478348	13.7132816984909	0.333	0	1	chr4-122576780-122578255	8
0.301699582478348	13.0446380229053	0.333	0	1	chr4-122602186-122603188	8
0.301699582478348	12.2095732625786	0.333	0	1	chr4-122921670-122924031	8
0.301699582478348	13.2016420491241	0.333	0	1	chr4-123312894-123313913	8
0.301699582478348	13.7285010212306	0.333	0	1	chr4-123350121-123350631	8
0.301699582478348	12.4303589912271	0.333	0	1	chr4-123396362-123399536	8
0.301699582478348	13.0392922234859	0.333	0	1	chr4-123437612-123438713	8
0.301699582478348	12.5111998024705	0.333	0	1	chr4-123609390-123610536	8
0.301699582478348	13.2179469920162	0.333	0	1	chr4-123772579-123773466	8
0.301699582478348	12.9300966589867	0.333	0	1	chr4-124060171-124061087	8
0.301699582478348	13.2109802867927	0.333	0	1	chr4-124121368-124122146	8
0.301699582478348	13.5818705509584	0.333	0	1	chr4-124203790-124204569	8
0.301699582478348	12.9034906514656	0.333	0	1	chr4-124963822-124965080	8
0.301699582478348	13.2793111469595	0.333	0	1	chr4-125693374-125694058	8
0.301699582478348	13.3545208502504	0.333	0	1	chr4-126018195-126018946	8
0.301699582478348	13.7170251486779	0.333	0	1	chr4-126604266-126604696	8
0.301699582478348	13.0192230686154	0.333	0	1	chr4-127007353-127008345	8
0.301699582478348	13.8903223843883	0.333	0	1	chr4-127124944-127125345	8
0.301699582478348	13.825921388717	0.333	0	1	chr4-127400702-127401106	8
0.301699582478348	13.5008337518243	0.333	0	1	chr4-128064103-128064960	8
0.301699582478348	13.4596569849549	0.333	0	1	chr4-128191225-128192055	8
0.301699582478348	12.3517289493218	0.333	0	1	chr4-128227661-128229157	8
0.301699582478348	12.6655770536783	0.333	0	1	chr4-128525279-128526718	8
0.301699582478348	13.2153731093348	0.333	0	1	chr4-128847082-128848230	8
0.301699582478348	13.0671594309322	0.333	0	1	chr4-128974040-128974767	8
0.301699582478348	11.9645707327304	0.333	0	1	chr4-129091995-129094303	8
0.301699582478348	13.4709980380628	0.333	0	1	chr4-129343911-129344413	8
0.301699582478348	13.6281196442679	0.333	0	1	chr4-130635524-130635929	8
0.301699582478348	13.4820287182299	0.333	0	1	chr4-133146391-133147093	8
0.301699582478348	13.03292821091	0.333	0	1	chr4-133483554-133484728	8
0.301699582478348	13.6667634029699	0.333	0	1	chr4-133909991-133910660	8
0.301699582478348	13.7284451397514	0.333	0	1	chr4-134245034-134245742	8
0.301699582478348	13.589479261027	0.333	0	1	chr4-134264649-134265447	8
0.301699582478348	12.4624025522886	0.333	0	1	chr4-135863477-135864894	8
0.301699582478348	13.7701849056484	0.333	0	1	chr4-136632774-136633538	8
0.301699582478348	14.1433647460635	0.333	0	1	chr4-136829316-136829683	8
0.301699582478348	13.8039625057735	0.333	0	1	chr4-138182795-138183267	8
0.301699582478348	13.6505297300931	0.333	0	1	chr4-138413030-138414095	8
0.301699582478348	13.2826206835576	0.333	0	1	chr4-139030547-139031272	8
0.301699582478348	13.0013786836115	0.333	0	1	chr4-139323289-139324539	8
0.301699582478348	13.9057585983584	0.333	0	1	chr4-139368976-139369485	8
0.301699582478348	12.2107889957344	0.333	0	1	chr4-139451948-139455468	8
0.301699582478348	13.7246062410158	0.333	0	1	chr4-139523030-139523518	8
0.301699582478348	12.309562716546	0.333	0	1	chr4-139739828-139741430	8
0.301699582478348	13.2757810529546	0.333	0	1	chr4-140252723-140253834	8
0.301699582478348	13.93380160786	0.333	0	1	chr4-140667138-140667657	8
0.301699582478348	13.5967749763639	0.333	0	1	chr4-140850954-140851464	8
0.301699582478348	12.4143815090115	0.333	0	1	chr4-141132049-141134420	8
0.301699582478348	12.8356619851517	0.333	0	1	chr4-143381214-143382999	8
0.301699582478348	13.5214095090513	0.333	0	1	chr4-143700007-143701453	8
0.301699582478348	12.7383994848642	0.333	0	1	chr4-145481029-145483819	8
0.301699582478348	13.2085099919732	0.333	0	1	chr4-145545298-145546346	8
0.301699582478348	13.9516702800135	0.333	0	1	chr4-145589862-145590449	8
0.301699582478348	13.2623473156765	0.333	0	1	chr4-145730771-145731558	8
0.301699582478348	12.9097383829025	0.333	0	1	chr4-145734022-145735459	8
0.301699582478348	13.0813179368237	0.333	0	1	chr4-146415102-146416470	8
0.301699582478348	13.9342325530048	0.333	0	1	chr4-146834643-146834974	8
0.301699582478348	13.3179087122405	0.333	0	1	chr4-146960806-146961619	8
0.301699582478348	13.7332481371204	0.333	0	1	chr4-147493879-147494467	8
0.301699582478348	13.5458459996549	0.333	0	1	chr4-147518776-147519291	8
0.301699582478348	12.8693415484346	0.333	0	1	chr4-147866696-147867279	8
0.301699582478348	13.6271685029175	0.333	0	1	chr4-147882591-147883373	8
0.301699582478348	13.906962757136	0.333	0	1	chr4-147929854-147930301	8
0.301699582478348	13.7884569678157	0.333	0	1	chr4-148022776-148023537	8
0.301699582478348	13.3610366121482	0.333	0	1	chr4-148034540-148035281	8
0.301699582478348	13.7877887116955	0.333	0	1	chr4-148077298-148077894	8
0.301699582478348	13.3287706498468	0.333	0	1	chr4-148563273-148564185	8
0.301699582478348	12.8069023508581	0.333	0	1	chr4-149708284-149710160	8
0.301699582478348	13.398070728787	0.333	0	1	chr4-150033819-150034438	8
0.301699582478348	13.398070728787	0.333	0	1	chr4-150130901-150131996	8
0.301699582478348	13.8099787482816	0.333	0	1	chr4-150462713-150463367	8
0.301699582478348	13.3620039084168	0.333	0	1	chr4-150912164-150914164	8
0.301699582478348	13.7261461651278	0.333	0	1	chr4-150923246-150924066	8
0.301699582478348	12.2716787632065	0.333	0	1	chr4-151098886-151100939	8
0.301699582478348	13.0396474003159	0.333	0	1	chr4-151561188-151562523	8
0.301699582478348	13.1559060604906	0.333	0	1	chr4-151674461-151675414	8
0.301699582478348	13.5932148728404	0.333	0	1	chr4-152164498-152165061	8
0.301699582478348	12.8144458425928	0.333	0	1	chr4-152352227-152353798	8
0.301699582478348	12.7888613129863	0.333	0	1	chr4-152534465-152537155	8
0.301699582478348	13.2771098672482	0.333	0	1	chr4-152590118-152591070	8
0.301699582478348	13.2410460622925	0.333	0	1	chr4-152899782-152901544	8
0.301699582478348	13.0507441912942	0.333	0	1	chr4-152995715-152996889	8
0.301699582478348	13.4360375650459	0.333	0	1	chr4-153084937-153085745	8
0.301699582478348	13.5230906824989	0.333	0	1	chr4-153098241-153098970	8
0.301699582478348	13.5205709322484	0.333	0	1	chr4-153218878-153219393	8
0.301699582478348	12.6781943107702	0.333	0	1	chr4-153485139-153488132	8
0.301699582478348	13.3522372097214	0.333	0	1	chr4-153500350-153501005	8
0.301699582478348	13.2678509706266	0.333	0	1	chr4-153555934-153557064	8
0.301699582478348	12.5086699937148	0.333	0	1	chr4-153793750-153794666	8
0.301699582478348	13.7654065224018	0.333	0	1	chr4-154082687-154083160	8
0.301699582478348	13.3249468504327	0.333	0	1	chr4-154552032-154552541	8
0.301699582478348	13.8275349156493	0.333	0	1	chr4-154928599-154929017	8
0.301699582478348	13.3856434188268	0.333	0	1	chr4-154982380-154982912	8
0.301699582478348	13.4559280115072	0.333	0	1	chr4-155423455-155424216	8
0.301699582478348	13.8043214692371	0.333	0	1	chr4-155479380-155479775	8
0.301699582478348	13.0606218223295	0.333	0	1	chr4-155705423-155706199	8
0.301699582478348	13.3222302348371	0.333	0	1	chr4-156968434-156968970	8
0.301699582478348	13.1732614850901	0.333	0	1	chr4-157804937-157805569	8
0.301699582478348	13.3485754790188	0.333	0	1	chr4-157999474-158000431	8
0.301699582478348	12.4688800380695	0.333	0	1	chr4-158722072-158724080	8
0.301699582478348	12.251701697914	0.333	0	1	chr4-158824267-158827903	8
0.301699582478348	13.2749190217472	0.333	0	1	chr4-158838824-158839676	8
0.301699582478348	12.4861729027119	0.333	0	1	chr4-159010048-159011249	8
0.301699582478348	13.479466893281	0.333	0	1	chr4-159269891-159270534	8
0.301699582478348	14.0943214582377	0.333	0	1	chr4-159307515-159307900	8
0.301699582478348	13.529017542576	0.333	0	1	chr4-160690303-160691001	8
0.301699582478348	13.6416357844414	0.333	0	1	chr4-161376242-161377562	8
0.301699582478348	13.4559280115072	0.333	0	1	chr4-161595043-161595887	8
0.301699582478348	13.0134723886495	0.333	0	1	chr4-161799381-161800386	8
0.301699582478348	13.4678929822565	0.333	0	1	chr4-162674034-162674703	8
0.301699582478348	13.1187908927295	0.333	0	1	chr4-162849644-162850483	8
0.301699582478348	12.4336133437229	0.333	0	1	chr4-163165280-163167548	8
0.301699582478348	12.1811619504928	0.333	0	1	chr4-163332217-163333388	8
0.301699582478348	13.2306546977539	0.333	0	1	chr4-163384630-163386069	8
0.301699582478348	14.0039866327031	0.333	0	1	chr4-164149827-164150240	8
0.301699582478348	13.4771441111746	0.333	0	1	chr4-164774991-164775950	8
0.301699582478348	13.1446614103657	0.333	0	1	chr4-164887866-164888751	8
0.301699582478348	13.4130224882302	0.333	0	1	chr4-165131157-165131885	8
0.301699582478348	12.4189565815023	0.333	0	1	chr4-165206613-165208625	8
0.301699582478348	13.796389275665	0.333	0	1	chr4-165301791-165302360	8
0.301699582478348	13.2450177795241	0.333	0	1	chr4-165355761-165356418	8
0.301699582478348	13.0400027490829	0.333	0	1	chr4-167217995-167218744	8
0.301699582478348	13.6515282392208	0.333	0	1	chr4-168076955-168077460	8
0.301699582478348	12.8582487745354	0.333	0	1	chr4-168568993-168570659	8
0.301699582478348	13.3935370593764	0.333	0	1	chr4-168621694-168622317	8
0.301699582478348	13.3750539335887	0.333	0	1	chr4-168923637-168924218	8
0.301699582478348	13.0766296482017	0.333	0	1	chr4-169092458-169093978	8
0.301699582478348	13.4596569849549	0.333	0	1	chr4-169160699-169161828	8
0.301699582478348	12.3301779074843	0.333	0	1	chr4-169268848-169271915	8
0.301699582478348	10.8515157110953	0.333	0	1	chr4-169619197-169622937	8
0.301699582478348	12.4002342974151	0.333	0	1	chr4-169756713-169758481	8
0.301699582478348	13.2662979922789	0.333	0	1	chr4-170526783-170527774	8
0.301699582478348	13.6926299851952	0.333	0	1	chr4-170887006-170887817	8
0.301699582478348	13.4493700573095	0.333	0	1	chr4-171629444-171630248	8
0.301699582478348	13.4206477454013	0.333	0	1	chr4-173196437-173197201	8
0.301699582478348	13.8508124757126	0.333	0	1	chr4-173239199-173239742	8
0.301699582478348	13.7416788984511	0.333	0	1	chr4-173248687-173249369	8
0.301699582478348	13.5008337518243	0.333	0	1	chr4-173270562-173271049	8
0.301699582478348	13.6430821016837	0.333	0	1	chr4-173752565-173753042	8
0.301699582478348	13.0590877764279	0.333	0	1	chr4-174461345-174462391	8
0.301699582478348	13.7987388604852	0.333	0	1	chr4-174632126-174632547	8
0.301699582478348	14.1195650407602	0.333	0	1	chr4-174663171-174663413	8
0.301699582478348	13.6168267787655	0.333	0	1	chr4-174764136-174764543	8
0.301699582478348	12.900819251835	0.333	0	1	chr4-177249865-177250584	8
0.301699582478348	13.5651596679827	0.333	0	1	chr4-177339711-177340366	8
0.301699582478348	13.7845452892637	0.333	0	1	chr4-177809783-177810385	8
0.301699582478348	13.5175478359725	0.333	0	1	chr4-180666158-180666815	8
0.301699582478348	12.7255684458091	0.333	0	1	chr4-182448446-182449605	8
0.301699582478348	13.6398851670109	0.333	0	1	chr4-182636206-182636744	8
0.301699582478348	13.0086869275743	0.333	0	1	chr4-183129900-183131195	8
0.301699582478348	13.5065150550538	0.333	0	1	chr4-183200372-183201072	8
0.301699582478348	13.5499010044671	0.333	0	1	chr4-183252996-183254016	8
0.301699582478348	12.9178918330026	0.333	0	1	chr4-183260263-183261142	8
0.301699582478348	13.1442496380998	0.333	0	1	chr4-183398356-183399261	8
0.301699582478348	11.9945870599849	0.333	0	1	chr4-183442896-183445789	8
0.301699582478348	13.4928208938161	0.333	0	1	chr4-183472169-183472705	8
0.301699582478348	12.1935651801766	0.333	0	1	chr4-183658240-183660864	8
0.301699582478348	13.6426158864751	0.333	0	1	chr4-184024560-184025091	8
0.301699582478348	13.4213460538473	0.333	0	1	chr4-184437789-184438429	8
0.301699582478348	13.138353896749	0.333	0	1	chr4-184487440-184488375	8
0.301699582478348	12.0299492671127	0.333	0	1	chr4-184732088-184735022	8
0.301699582478348	12.8414251909991	0.333	0	1	chr4-184892430-184895691	8
0.301699582478348	12.2951162149251	0.333	0	1	chr4-185424921-185426715	8
0.301699582478348	12.9581126931743	0.333	0	1	chr4-185470316-185472246	8
0.301699582478348	13.556456186841	0.333	0	1	chr4-185774838-185775776	8
0.301699582478348	12.8158983765557	0.333	0	1	chr4-186078878-186080082	8
0.301699582478348	13.0828246996182	0.333	0	1	chr4-186653646-186654680	8
0.301699582478348	12.7055922292035	0.333	0	1	chr4-187207715-187210623	8
0.301699582478348	13.1893473671021	0.333	0	1	chr4-187411782-187414059	8
0.301699582478348	13.7453415664618	0.333	0	1	chr5-11804-12339	8
0.301699582478348	13.1545397945601	0.333	0	1	chr5-320999-322087	8
0.301699582478348	12.7257728122173	0.333	0	1	chr5-611378-613163	8
0.301699582478348	13.0117597738935	0.333	0	1	chr5-1093085-1094130	8
0.301699582478348	12.4908341892227	0.333	0	1	chr5-1152223-1153933	8
0.301699582478348	12.8338261216877	0.333	0	1	chr5-1161287-1162550	8
0.301699582478348	12.6858594699039	0.333	0	1	chr5-1522562-1524647	8
0.301699582478348	13.4771441111746	0.333	0	1	chr5-2466224-2467329	8
0.301699582478348	13.0779392790536	0.333	0	1	chr5-2695216-2696089	8
0.301699582478348	12.185997671635	0.333	0	1	chr5-2750279-2752938	8
0.301699582478348	13.5766420607852	0.333	0	1	chr5-3673399-3674195	8
0.301699582478348	13.4763303248137	0.333	0	1	chr5-4144042-4144851	8
0.301699582478348	13.181473561952	0.333	0	1	chr5-5372186-5373097	8
0.301699582478348	13.563932400178	0.333	0	1	chr5-5394340-5394859	8
0.301699582478348	13.7249733455245	0.333	0	1	chr5-6406047-6406668	8
0.301699582478348	13.7416788984511	0.333	0	1	chr5-8501237-8501653	8
0.301699582478348	13.8864060263499	0.333	0	1	chr5-9316680-9317160	8
0.301699582478348	13.0521883930625	0.333	0	1	chr5-9373485-9375001	8
0.301699582478348	13.5163979445604	0.333	0	1	chr5-10427897-10428489	8
0.301699582478348	12.7364506036897	0.333	0	1	chr5-10466633-10468021	8
0.301699582478348	12.415937619495	0.333	0	1	chr5-10701483-10705692	8
0.301699582478348	13.7552595829338	0.333	0	1	chr5-12629233-12629740	8
0.301699582478348	13.0059660642781	0.333	0	1	chr5-13956593-13957540	8
0.301699582478348	13.4102747871301	0.333	0	1	chr5-13987761-13988514	8
0.301699582478348	12.7945751217286	0.333	0	1	chr5-14523151-14524458	8
0.301699582478348	13.4756010828435	0.333	0	1	chr5-14564561-14565238	8
0.301699582478348	13.1229738211775	0.333	0	1	chr5-14767702-14768645	8
0.301699582478348	12.9352685919489	0.333	0	1	chr5-15013579-15014479	8
0.301699582478348	13.4500134806531	0.333	0	1	chr5-15037237-15038144	8
0.301699582478348	13.5130831310405	0.333	0	1	chr5-15951269-15952085	8
0.301699582478348	12.8018972734981	0.333	0	1	chr5-16271747-16272778	8
0.301699582478348	13.6750945051634	0.333	0	1	chr5-16350717-16351303	8
0.301699582478348	13.1479645155692	0.333	0	1	chr5-16879130-16879848	8
0.301699582478348	13.6463004813993	0.333	0	1	chr5-16880606-16881735	8
0.301699582478348	13.7850944347165	0.333	0	1	chr5-16908515-16909066	8
0.301699582478348	13.8487471482283	0.333	0	1	chr5-17067617-17068344	8
0.301699582478348	12.9503444978084	0.333	0	1	chr5-18744971-18746740	8
0.301699582478348	13.6857214722818	0.333	0	1	chr5-19889551-19890297	8
0.301699582478348	12.65972555895	0.333	0	1	chr5-22648098-22650839	8
0.301699582478348	13.4305034068861	0.333	0	1	chr5-23590223-23590968	8
0.301699582478348	12.6299490036733	0.333	0	1	chr5-24072775-24073878	8
0.301699582478348	13.0886262794585	0.333	0	1	chr5-25447893-25448995	8
0.301699582478348	12.9384435543322	0.333	0	1	chr5-26388451-26389954	8
0.301699582478348	12.7004911166893	0.333	0	1	chr5-27387139-27389251	8
0.301699582478348	13.3838369463275	0.333	0	1	chr5-28189356-28190549	8
0.301699582478348	13.8043214692371	0.333	0	1	chr5-28432068-28432566	8
0.301699582478348	12.8385932946609	0.333	0	1	chr5-28880401-28881617	8
0.301699582478348	13.280323404506	0.333	0	1	chr5-29367188-29367889	8
0.301699582478348	13.0587230124251	0.333	0	1	chr5-29944110-29945341	8
0.301699582478348	12.6916340266782	0.333	0	1	chr5-31935641-31937058	8
0.301699582478348	13.8054935294614	0.333	0	1	chr5-32383305-32383899	8
0.301699582478348	12.9381328152422	0.333	0	1	chr5-33241745-33243798	8
0.301699582478348	12.6179287830147	0.333	0	1	chr5-33641671-33642737	8
0.301699582478348	12.6955632779496	0.333	0	1	chr5-33997115-33997899	8
0.301699582478348	13.8171589792735	0.333	0	1	chr5-34036733-34037458	8
0.301699582478348	12.5709388909091	0.333	0	1	chr5-34510330-34512588	8
0.301699582478348	13.6076111521231	0.333	0	1	chr5-34608783-34609651	8
0.301699582478348	13.1786203303285	0.333	0	1	chr5-34751392-34752755	8
0.301699582478348	13.4784602237674	0.333	0	1	chr5-34756592-34757509	8
0.301699582478348	13.7168479043313	0.333	0	1	chr5-35089631-35090131	8
0.301699582478348	13.3276756729528	0.333	0	1	chr5-35229224-35229797	8
0.301699582478348	12.6059301837264	0.333	0	1	chr5-35938362-35939311	8
0.301699582478348	13.1906687450108	0.333	0	1	chr5-36045512-36046685	8
0.301699582478348	12.9502397738105	0.333	0	1	chr5-36059267-36060979	8
0.301699582478348	13.1583907465543	0.333	0	1	chr5-36305362-36306206	8
0.301699582478348	13.2471076747984	0.333	0	1	chr5-36734358-36734888	8
0.301699582478348	13.4877876603542	0.333	0	1	chr5-36777042-36777594	8
0.301699582478348	12.4924607222255	0.333	0	1	chr5-36875190-36879116	8
0.301699582478348	12.844691565057	0.333	0	1	chr5-37369886-37372216	8
0.301699582478348	13.290537154855	0.333	0	1	chr5-37695615-37697291	8
0.301699582478348	13.0325098057265	0.333	0	1	chr5-38258297-38259375	8
0.301699582478348	13.7296830957458	0.333	0	1	chr5-38672304-38672804	8
0.301699582478348	13.6377352390002	0.333	0	1	chr5-38705010-38705448	8
0.301699582478348	13.0682671300966	0.333	0	1	chr5-40365418-40366626	8
0.301699582478348	13.3808861558558	0.333	0	1	chr5-41871745-41872323	8
0.301699582478348	13.1271736633442	0.333	0	1	chr5-42483482-42484447	8
0.301699582478348	12.8539753225024	0.333	0	1	chr5-43389401-43390210	8
0.301699582478348	13.5069417881107	0.333	0	1	chr5-43432188-43433759	8
0.301699582478348	12.6735357731389	0.333	0	1	chr5-43571959-43573346	8
0.301699582478348	13.4802433662943	0.333	0	1	chr5-45274157-45274865	8
0.301699582478348	12.8299729045394	0.333	0	1	chr5-50155985-50157074	8
0.301699582478348	13.2869432977501	0.333	0	1	chr5-50406575-50407444	8
0.301699582478348	13.6855569481391	0.333	0	1	chr5-50740596-50741506	8
0.301699582478348	12.9311736554301	0.333	0	1	chr5-51382670-51384203	8
0.301699582478348	13.4864955252942	0.333	0	1	chr5-51841276-51841791	8
0.301699582478348	13.5589361318996	0.333	0	1	chr5-52402189-52402719	8
0.301699582478348	12.9025929409139	0.333	0	1	chr5-52491032-52492229	8
0.301699582478348	12.7509966621897	0.333	0	1	chr5-52894932-52896399	8
0.301699582478348	12.7413519691748	0.333	0	1	chr5-53030212-53032206	8
0.301699582478348	13.8275349156493	0.333	0	1	chr5-53643610-53643905	8
0.301699582478348	12.1006283570708	0.333	0	1	chr5-54295644-54297187	8
0.301699582478348	13.5307200510163	0.333	0	1	chr5-54895497-54896191	8
0.301699582478348	13.0260264594693	0.333	0	1	chr5-54984883-54985942	8
0.301699582478348	13.2633326780215	0.333	0	1	chr5-55176096-55177006	8
0.301699582478348	12.8720069283647	0.333	0	1	chr5-55635244-55637143	8
0.301699582478348	12.9868597636982	0.333	0	1	chr5-55680385-55682715	8
0.301699582478348	13.5129763659701	0.333	0	1	chr5-55691357-55692241	8
0.301699582478348	13.3229260562866	0.333	0	1	chr5-55714290-55715198	8
0.301699582478348	12.3488637331844	0.333	0	1	chr5-56421260-56423332	8
0.301699582478348	12.8981567709213	0.333	0	1	chr5-56668882-56670398	8
0.301699582478348	13.9936584194233	0.333	0	1	chr5-56845926-56846458	8
0.301699582478348	13.5570058918797	0.333	0	1	chr5-57082345-57082882	8
0.301699582478348	13.2049295118622	0.333	0	1	chr5-57435554-57436302	8
0.301699582478348	13.2700173302814	0.333	0	1	chr5-57778229-57780014	8
0.301699582478348	13.6832230427854	0.333	0	1	chr5-58011759-58012422	8
0.301699582478348	12.5956732194323	0.333	0	1	chr5-58264227-58266216	8
0.301699582478348	13.3591146231758	0.333	0	1	chr5-58557582-58558267	8
0.301699582478348	14.0140605330703	0.333	0	1	chr5-58759819-58760120	8
0.301699582478348	12.9079630043476	0.333	0	1	chr5-58849760-58850737	8
0.301699582478348	13.3614249221955	0.333	0	1	chr5-58889218-58889963	8
0.301699582478348	13.1823438652098	0.333	0	1	chr5-58985478-58986514	8
0.301699582478348	13.0398240215454	0.333	0	1	chr5-59441284-59442721	8
0.301699582478348	13.7973546081315	0.333	0	1	chr5-59535339-59536008	8
0.301699582478348	13.1775711161438	0.333	0	1	chr5-59583161-59584704	8
0.301699582478348	12.6249931426944	0.333	0	1	chr5-59768151-59769436	8
0.301699582478348	12.8796447920197	0.333	0	1	chr5-59790404-59791740	8
0.301699582478348	13.1728320356131	0.333	0	1	chr5-59839966-59840916	8
0.301699582478348	12.8140665285603	0.333	0	1	chr5-59893424-59894524	8
0.301699582478348	13.4147080249831	0.333	0	1	chr5-60007641-60008172	8
0.301699582478348	12.7219709003639	0.333	0	1	chr5-60206122-60207570	8
0.301699582478348	12.8412869671003	0.333	0	1	chr5-61178370-61179265	8
0.301699582478348	12.7739289124124	0.333	0	1	chr5-61599189-61600673	8
0.301699582478348	13.4960116818415	0.333	0	1	chr5-61658473-61659132	8
0.301699582478348	13.0787611459023	0.333	0	1	chr5-61808461-61810159	8
0.301699582478348	14.0567735042325	0.333	0	1	chr5-62124122-62124548	8
0.301699582478348	12.7862838201051	0.333	0	1	chr5-62143565-62145111	8
0.301699582478348	13.1430158004188	0.333	0	1	chr5-62233067-62233852	8
0.301699582478348	13.3649073755503	0.333	0	1	chr5-62685858-62686594	8
0.301699582478348	13.5163979445604	0.333	0	1	chr5-62752320-62753325	8
0.301699582478348	13.7718702442879	0.333	0	1	chr5-63760908-63761363	8
0.301699582478348	13.7562840153006	0.333	0	1	chr5-64074480-64074962	8
0.301699582478348	13.6495333066259	0.333	0	1	chr5-64347271-64347740	8
0.301699582478348	13.474062414154	0.333	0	1	chr5-64681985-64683004	8
0.301699582478348	13.5672906511957	0.333	0	1	chr5-64685743-64686718	8
0.301699582478348	13.4588968394954	0.333	0	1	chr5-64690037-64691220	8
0.301699582478348	13.556456186841	0.333	0	1	chr5-64753041-64754547	8
0.301699582478348	13.5163979445604	0.333	0	1	chr5-64784359-64784900	8
0.301699582478348	13.3479592145152	0.333	0	1	chr5-65010509-65011458	8
0.301699582478348	12.5536568686287	0.333	0	1	chr5-65481390-65484203	8
0.301699582478348	13.2977878127108	0.333	0	1	chr5-66129112-66129867	8
0.301699582478348	13.5172299059863	0.333	0	1	chr5-66307607-66308146	8
0.301699582478348	13.3808385527954	0.333	0	1	chr5-67060255-67061623	8
0.301699582478348	13.2937903311062	0.333	0	1	chr5-67309124-67309778	8
0.301699582478348	12.1324922972501	0.333	0	1	chr5-69367892-69370823	8
0.301699582478348	13.6605031748235	0.333	0	1	chr5-69530618-69531456	8
0.301699582478348	14.2673422581787	0.333	0	1	chr5-71458590-71458924	8
0.301699582478348	12.7315973615398	0.333	0	1	chr5-71600838-71602111	8
0.301699582478348	12.7865417003762	0.333	0	1	chr5-71752110-71753545	8
0.301699582478348	13.2492044057707	0.333	0	1	chr5-72009712-72010976	8
0.301699582478348	13.5783610496758	0.333	0	1	chr5-72047769-72048538	8
0.301699582478348	12.2051118073588	0.333	0	1	chr5-72264542-72269573	8
0.301699582478348	13.6582903355368	0.333	0	1	chr5-72295540-72296340	8
0.301699582478348	11.9712363329452	0.333	0	1	chr5-72307436-72309065	8
0.301699582478348	12.1642539853242	0.333	0	1	chr5-73495665-73499574	8
0.301699582478348	12.9049786432502	0.333	0	1	chr5-73514949-73516201	8
0.301699582478348	13.1199382634228	0.333	0	1	chr5-73536709-73537367	8
0.301699582478348	13.3333557953171	0.333	0	1	chr5-73917279-73918069	8
0.301699582478348	13.6001341511834	0.333	0	1	chr5-74067303-74068551	8
0.301699582478348	13.2788056304547	0.333	0	1	chr5-74631805-74633361	8
0.301699582478348	12.5372255978064	0.333	0	1	chr5-74684710-74686054	8
0.301699582478348	12.2531508546493	0.333	0	1	chr5-74765914-74768344	8
0.301699582478348	13.7214730961927	0.333	0	1	chr5-75465384-75465963	8
0.301699582478348	13.929302897747	0.333	0	1	chr5-75622325-75623007	8
0.301699582478348	13.7273220507243	0.333	0	1	chr5-75951061-75951722	8
0.301699582478348	13.3297596166734	0.333	0	1	chr5-76082736-76084150	8
0.301699582478348	13.4972791483511	0.333	0	1	chr5-76137763-76138479	8
0.301699582478348	13.7332481371204	0.333	0	1	chr5-76535474-76536045	8
0.301699582478348	13.1720522516299	0.333	0	1	chr5-76774483-76775028	8
0.301699582478348	12.4745528872499	0.333	0	1	chr5-77775004-77777031	8
0.301699582478348	13.7604080753724	0.333	0	1	chr5-78222084-78222553	8
0.301699582478348	12.5184432986965	0.333	0	1	chr5-78504264-78505863	8
0.301699582478348	13.5914443147455	0.333	0	1	chr5-79181269-79182042	8
0.301699582478348	13.2837286906732	0.333	0	1	chr5-79193518-79194350	8
0.301699582478348	13.1234085540178	0.333	0	1	chr5-79578577-79579554	8
0.301699582478348	13.5410216201182	0.333	0	1	chr5-79924897-79925385	8
0.301699582478348	13.7108030963433	0.333	0	1	chr5-80983432-80983936	8
0.301699582478348	13.5715929634332	0.333	0	1	chr5-80987116-80988011	8
0.301699582478348	13.1772074748106	0.333	0	1	chr5-83084862-83085719	8
0.301699582478348	12.8964730452842	0.333	0	1	chr5-83563280-83564580	8
0.301699582478348	13.2103576380541	0.333	0	1	chr5-86569876-86571099	8
0.301699582478348	13.1225393595967	0.333	0	1	chr5-86679326-86680073	8
0.301699582478348	12.8433552393296	0.333	0	1	chr5-87451799-87453402	8
0.301699582478348	13.3454382974054	0.333	0	1	chr5-87746878-87747683	8
0.301699582478348	13.3000203057131	0.333	0	1	chr5-88256000-88257254	8
0.301699582478348	12.4215775255197	0.333	0	1	chr5-88660419-88661924	8
0.301699582478348	13.2229690300354	0.333	0	1	chr5-88729331-88730033	8
0.301699582478348	13.4220452237873	0.333	0	1	chr5-88861041-88862283	8
0.301699582478348	12.8138655343179	0.333	0	1	chr5-90296969-90299537	8
0.301699582478348	12.9662070890683	0.333	0	1	chr5-90380844-90382011	8
0.301699582478348	13.3400049891788	0.333	0	1	chr5-91101595-91102278	8
0.301699582478348	13.3874355183625	0.333	0	1	chr5-94469703-94470358	8
0.301699582478348	12.5566005248519	0.333	0	1	chr5-94707057-94708423	8
0.301699582478348	12.9393231843085	0.333	0	1	chr5-94968445-94969557	8
0.301699582478348	13.6455682647751	0.333	0	1	chr5-95052445-95052888	8
0.301699582478348	13.5552114561154	0.333	0	1	chr5-95261287-95261757	8
0.301699582478348	13.1641617706932	0.333	0	1	chr5-95542989-95543861	8
0.301699582478348	12.0610373773408	0.333	0	1	chr5-95641534-95644907	8
0.301699582478348	12.6687624996753	0.333	0	1	chr5-95780839-95781849	8
0.301699582478348	13.6595926573376	0.333	0	1	chr5-96067658-96068441	8
0.301699582478348	12.8875945923884	0.333	0	1	chr5-96093246-96094920	8
0.301699582478348	12.9796525759448	0.333	0	1	chr5-96112221-96113952	8
0.301699582478348	12.8071666029298	0.333	0	1	chr5-96875663-96877599	8
0.301699582478348	12.7912580783742	0.333	0	1	chr5-97433748-97434694	8
0.301699582478348	13.6367093417563	0.333	0	1	chr5-99101910-99102551	8
0.301699582478348	13.1308409214898	0.333	0	1	chr5-100364081-100365589	8
0.301699582478348	12.9270276494224	0.333	0	1	chr5-101136196-101138030	8
0.301699582478348	12.6167652308856	0.333	0	1	chr5-101782143-101783503	8
0.301699582478348	13.5799862540747	0.333	0	1	chr5-102306106-102306826	8
0.301699582478348	14.0282227489146	0.333	0	1	chr5-102437975-102438363	8
0.301699582478348	12.6423940197279	0.333	0	1	chr5-102754491-102756451	8
0.301699582478348	13.6396815582874	0.333	0	1	chr5-102791791-102793110	8
0.301699582478348	13.336067054756	0.333	0	1	chr5-103669291-103670230	8
0.301699582478348	12.9947950270068	0.333	0	1	chr5-104540302-104541542	8
0.301699582478348	13.607035595786	0.333	0	1	chr5-104899162-104899691	8
0.301699582478348	13.2722706752915	0.333	0	1	chr5-104977284-104978064	8
0.301699582478348	13.1128642606664	0.333	0	1	chr5-106465148-106466200	8
0.301699582478348	13.3815377887072	0.333	0	1	chr5-106922819-106924286	8
0.301699582478348	12.6764042955457	0.333	0	1	chr5-107217367-107219599	8
0.301699582478348	12.7488441091101	0.333	0	1	chr5-107383341-107384956	8
0.301699582478348	12.1730496370034	0.333	0	1	chr5-107569610-107574679	8
0.301699582478348	13.0994701225954	0.333	0	1	chr5-107781380-107783977	8
0.301699582478348	13.0923147787609	0.333	0	1	chr5-107948257-107949204	8
0.301699582478348	13.1618584364485	0.333	0	1	chr5-108083260-108084617	8
0.301699582478348	13.522931754788	0.333	0	1	chr5-108282074-108283596	8
0.301699582478348	13.6012612684393	0.333	0	1	chr5-108286753-108288180	8
0.301699582478348	13.2988305792072	0.333	0	1	chr5-108315716-108316513	8
0.301699582478348	14.3257772529119	0.333	0	1	chr5-108336186-108336449	8
0.301699582478348	12.7674139771804	0.333	0	1	chr5-108661276-108662505	8
0.301699582478348	12.3900824439859	0.333	0	1	chr5-110726231-110727542	8
0.301699582478348	13.5809275204788	0.333	0	1	chr5-111266526-111267077	8
0.301699582478348	13.3545208502504	0.333	0	1	chr5-111735378-111736215	8
0.301699582478348	13.5040727958933	0.333	0	1	chr5-112210424-112210868	8
0.301699582478348	12.9582748688754	0.333	0	1	chr5-112228132-112229205	8
0.301699582478348	13.0760448086502	0.333	0	1	chr5-112338280-112339613	8
0.301699582478348	13.2613960521894	0.333	0	1	chr5-112364086-112365445	8
0.301699582478348	13.0515234028181	0.333	0	1	chr5-112419309-112420745	8
0.301699582478348	13.0882124969024	0.333	0	1	chr5-112593748-112594863	8
0.301699582478348	13.4077726839015	0.333	0	1	chr5-112614047-112614756	8
0.301699582478348	12.6280065739898	0.333	0	1	chr5-112860525-112862667	8
0.301699582478348	12.5993497592311	0.333	0	1	chr5-112884669-112885979	8
0.301699582478348	13.6517130415507	0.333	0	1	chr5-113678875-113679382	8
0.301699582478348	13.7535560025751	0.333	0	1	chr5-113806123-113806771	8
0.301699582478348	13.3838369463275	0.333	0	1	chr5-113939530-113940636	8
0.301699582478348	12.5070162148606	0.333	0	1	chr5-114265305-114266834	8
0.301699582478348	13.4283769483559	0.333	0	1	chr5-115029012-115029527	8
0.301699582478348	13.197749329714	0.333	0	1	chr5-115255200-115256723	8
0.301699582478348	13.566989456964	0.333	0	1	chr5-115801908-115802632	8
0.301699582478348	13.0861471822996	0.333	0	1	chr5-115850607-115851501	8
0.301699582478348	13.4283769483559	0.333	0	1	chr5-116452615-116453408	8
0.301699582478348	13.5561078889995	0.333	0	1	chr5-116663138-116665130	8
0.301699582478348	13.5941025152324	0.333	0	1	chr5-117800221-117800866	8
0.301699582478348	13.2966143721778	0.333	0	1	chr5-117945207-117946485	8
0.301699582478348	13.2833700315175	0.333	0	1	chr5-119082597-119083327	8
0.301699582478348	13.5516412944049	0.333	0	1	chr5-121630322-121631015	8
0.301699582478348	12.2710231887174	0.333	0	1	chr5-121960943-121963461	8
0.301699582478348	13.1938793386306	0.333	0	1	chr5-122749734-122750451	8
0.301699582478348	12.3882474743125	0.333	0	1	chr5-122774434-122776297	8
0.301699582478348	13.7284451397514	0.333	0	1	chr5-123138264-123139040	8
0.301699582478348	13.4171690365053	0.333	0	1	chr5-124094520-124095456	8
0.301699582478348	13.2287831588901	0.333	0	1	chr5-124111358-124112025	8
0.301699582478348	13.6463004813993	0.333	0	1	chr5-124479948-124480713	8
0.301699582478348	13.4833604218092	0.333	0	1	chr5-124522761-124523414	8
0.301699582478348	13.3648265781768	0.333	0	1	chr5-124675911-124676928	8
0.301699582478348	12.7912580783742	0.333	0	1	chr5-124746093-124749601	8
0.301699582478348	13.4347216383252	0.333	0	1	chr5-125005320-125006671	8
0.301699582478348	13.2833700315175	0.333	0	1	chr5-125114729-125115352	8
0.301699582478348	13.39941400332	0.333	0	1	chr5-125321577-125322290	8
0.301699582478348	12.4430531518576	0.333	0	1	chr5-125478259-125479142	8
0.301699582478348	12.1090749325583	0.333	0	1	chr5-126599446-126601847	8
0.301699582478348	13.1108998112505	0.333	0	1	chr5-126883647-126884842	8
0.301699582478348	13.2651534212558	0.333	0	1	chr5-126917914-126919002	8
0.301699582478348	12.6100648351942	0.333	0	1	chr5-127311094-127312790	8
0.301699582478348	12.1593659254854	0.333	0	1	chr5-127516901-127518846	8
0.301699582478348	13.6100231459972	0.333	0	1	chr5-127830160-127830698	8
0.301699582478348	12.6193159794992	0.333	0	1	chr5-127956861-127961334	8
0.301699582478348	12.5513952988018	0.333	0	1	chr5-128198029-128199819	8
0.301699582478348	12.9897138403137	0.333	0	1	chr5-128440942-128442563	8
0.301699582478348	13.4492785823344	0.333	0	1	chr5-128674776-128675285	8
0.301699582478348	12.8270210212125	0.333	0	1	chr5-129074463-129075492	8
0.301699582478348	13.1806043876073	0.333	0	1	chr5-129767729-129768364	8
0.301699582478348	14.1887900430024	0.333	0	1	chr5-130693574-130694056	8
0.301699582478348	13.2070322550573	0.333	0	1	chr5-130985535-130986608	8
0.301699582478348	12.0028344954243	0.333	0	1	chr5-131262741-131266065	8
0.301699582478348	12.9471949583094	0.333	0	1	chr5-131530580-131533054	8
0.301699582478348	12.5630014134031	0.333	0	1	chr5-132253708-132255546	8
0.301699582478348	13.4071463519782	0.333	0	1	chr5-132419063-132420329	8
0.301699582478348	12.8004852880201	0.333	0	1	chr5-133025252-133027006	8
0.301699582478348	11.7076159058583	0.333	0	1	chr5-133048471-133053373	8
0.301699582478348	13.3967305774821	0.333	0	1	chr5-133266054-133266822	8
0.301699582478348	13.7261461651278	0.333	0	1	chr5-133274004-133275020	8
0.301699582478348	13.3103523850197	0.333	0	1	chr5-133423565-133424314	8
0.301699582478348	12.9785824405094	0.333	0	1	chr5-133499357-133500580	8
0.301699582478348	12.6179287830147	0.333	0	1	chr5-133610794-133612979	8
0.301699582478348	12.0478046102629	0.333	0	1	chr5-134002072-134006328	8
0.301699582478348	13.0690065426538	0.333	0	1	chr5-134058543-134060258	8
0.301699582478348	12.8116716613863	0.333	0	1	chr5-134140258-134141718	8
0.301699582478348	13.7758719368921	0.333	0	1	chr5-134267583-134267981	8
0.301699582478348	13.2820674151926	0.333	0	1	chr5-134289407-134289997	8
0.301699582478348	12.0420059394271	0.333	0	1	chr5-134554116-134555613	8
0.301699582478348	13.3467285888813	0.333	0	1	chr5-134577368-134578227	8
0.301699582478348	12.6769420875128	0.333	0	1	chr5-134586637-134587689	8
0.301699582478348	12.8896374791226	0.333	0	1	chr5-134967655-134969836	8
0.301699582478348	12.6710459781227	0.333	0	1	chr5-135012975-135015406	8
0.301699582478348	13.0207295522737	0.333	0	1	chr5-136084471-136085163	8
0.301699582478348	12.8758829636784	0.333	0	1	chr5-136089574-136090362	8
0.301699582478348	13.2320619058447	0.333	0	1	chr5-136249587-136250219	8
0.301699582478348	12.8066453809423	0.333	0	1	chr5-136769868-136770691	8
0.301699582478348	13.417863075598	0.333	0	1	chr5-137013120-137013935	8
0.301699582478348	13.9947322733773	0.333	0	1	chr5-137594683-137595141	8
0.301699582478348	12.9727586100432	0.333	0	1	chr5-137604386-137605827	8
0.301699582478348	13.1336291282796	0.333	0	1	chr5-137660220-137660976	8
0.301699582478348	12.9743849384912	0.333	0	1	chr5-138461263-138462252	8
0.301699582478348	12.3842513788268	0.333	0	1	chr5-138559625-138560808	8
0.301699582478348	13.0539976818908	0.333	0	1	chr5-138579160-138579881	8
0.301699582478348	12.9297892172704	0.333	0	1	chr5-138659831-138660752	8
0.301699582478348	13.2838792483175	0.333	0	1	chr5-138849269-138850266	8
0.301699582478348	12.8419761723506	0.333	0	1	chr5-139064171-139066029	8
0.301699582478348	11.9949024904405	0.333	0	1	chr5-139402502-139404845	8
0.301699582478348	12.8261449218753	0.333	0	1	chr5-139517470-139518754	8
0.301699582478348	11.4945207296044	0.333	0	1	chr5-139650630-139656643	8
0.301699582478348	12.6707283780834	0.333	0	1	chr5-139968330-139969312	8
0.301699582478348	12.5603514409936	0.333	0	1	chr5-140106982-140109598	8
0.301699582478348	13.7441173143258	0.333	0	1	chr5-140111718-140112607	8
0.301699582478348	12.0291587562325	0.333	0	1	chr5-140174409-140176340	8
0.301699582478348	13.8979467593116	0.333	0	1	chr5-140293504-140293910	8
0.301699582478348	12.88207563636	0.333	0	1	chr5-140497752-140498649	8
0.301699582478348	12.4742160628052	0.333	0	1	chr5-140709506-140711842	8
0.301699582478348	13.6110230379713	0.333	0	1	chr5-140821777-140822460	8
0.301699582478348	13.319097329279	0.333	0	1	chr5-141041002-141041613	8
0.301699582478348	13.2711033047898	0.333	0	1	chr5-141134926-141136075	8
0.301699582478348	13.4559280115072	0.333	0	1	chr5-141172355-141172993	8
0.301699582478348	13.1724028596247	0.333	0	1	chr5-141330190-141331122	8
0.301699582478348	13.4692901889675	0.333	0	1	chr5-141369948-141370679	8
0.301699582478348	12.9073652349512	0.333	0	1	chr5-141382416-141383686	8
0.301699582478348	13.4559280115072	0.333	0	1	chr5-141402507-141403211	8
0.301699582478348	12.6786350948728	0.333	0	1	chr5-141840317-141842500	8
0.301699582478348	12.224061641063	0.333	0	1	chr5-141875604-141879799	8
0.301699582478348	13.500974890207	0.333	0	1	chr5-142073510-142074160	8
0.301699582478348	13.5837619357913	0.333	0	1	chr5-142123504-142124275	8
0.301699582478348	13.5976689973704	0.333	0	1	chr5-142438610-142439341	8
0.301699582478348	13.3185104238022	0.333	0	1	chr5-142748560-142749593	8
0.301699582478348	12.702273171332	0.333	0	1	chr5-142816443-142819826	8
0.301699582478348	13.735640709989	0.333	0	1	chr5-142857308-142857932	8
0.301699582478348	13.2199511737317	0.333	0	1	chr5-143150755-143151755	8
0.301699582478348	13.3763449676252	0.333	0	1	chr5-144113859-144115117	8
0.301699582478348	13.4027859699833	0.333	0	1	chr5-145887928-145888440	8
0.301699582478348	13.0297667043828	0.333	0	1	chr5-145968859-145969744	8
0.301699582478348	13.347130784499	0.333	0	1	chr5-146049291-146049897	8
0.301699582478348	13.6329035410829	0.333	0	1	chr5-146119617-146120469	8
0.301699582478348	12.8963867024961	0.333	0	1	chr5-146208924-146210739	8
0.301699582478348	13.6698702753137	0.333	0	1	chr5-147251149-147251685	8
0.301699582478348	12.6989769534863	0.333	0	1	chr5-148144721-148147926	8
0.301699582478348	13.3482617766967	0.333	0	1	chr5-149035212-149035902	8
0.301699582478348	12.6489411065831	0.333	0	1	chr5-149471321-149472476	8
0.301699582478348	11.8349690166522	0.333	0	1	chr5-149549224-149552309	8
0.301699582478348	13.1757975836844	0.333	0	1	chr5-149561276-149562496	8
0.301699582478348	13.3698762993659	0.333	0	1	chr5-149564494-149565355	8
0.301699582478348	13.1282086379207	0.333	0	1	chr5-149636547-149637374	8
0.301699582478348	12.8335290834285	0.333	0	1	chr5-149784924-149785981	8
0.301699582478348	13.1924338857428	0.333	0	1	chr5-149828151-149829043	8
0.301699582478348	12.3714283375913	0.333	0	1	chr5-149999332-150002324	8
0.301699582478348	12.7120102167906	0.333	0	1	chr5-150136901-150139383	8
0.301699582478348	13.1321608225224	0.333	0	1	chr5-150217875-150218608	8
0.301699582478348	12.3923344394643	0.333	0	1	chr5-150409621-150411709	8
0.301699582478348	12.9115591052243	0.333	0	1	chr5-150435855-150436875	8
0.301699582478348	13.0779451633675	0.333	0	1	chr5-150519875-150520924	8
0.301699582478348	12.217104893798	0.333	0	1	chr5-150757283-150759568	8
0.301699582478348	12.6979515105191	0.333	0	1	chr5-150945914-150947214	8
0.301699582478348	12.5104379758907	0.333	0	1	chr5-151022799-151024378	8
0.301699582478348	12.1981811961683	0.333	0	1	chr5-151079868-151082594	8
0.301699582478348	13.550752614268	0.333	0	1	chr5-151115218-151115910	8
0.301699582478348	11.9860481937647	0.333	0	1	chr5-151756995-151759359	8
0.301699582478348	13.516019615981	0.333	0	1	chr5-154397519-154398090	8
0.301699582478348	12.1975687853052	0.333	0	1	chr5-154682131-154683882	8
0.301699582478348	12.9116983491149	0.333	0	1	chr5-154728858-154730414	8
0.301699582478348	12.7541498873446	0.333	0	1	chr5-154740347-154741938	8
0.301699582478348	11.4817821374769	0.333	0	1	chr5-154753351-154758751	8
0.301699582478348	13.6012612684393	0.333	0	1	chr5-154862840-154863599	8
0.301699582478348	12.495138017712	0.333	0	1	chr5-155545869-155547022	8
0.301699582478348	13.5837619357913	0.333	0	1	chr5-155943773-155944274	8
0.301699582478348	14.0802754473296	0.333	0	1	chr5-156728796-156729123	8
0.301699582478348	12.9550929495226	0.333	0	1	chr5-157023879-157025024	8
0.301699582478348	11.787022631185	0.333	0	1	chr5-157141877-157144079	8
0.301699582478348	12.1095797177097	0.333	0	1	chr5-157265388-157268640	8
0.301699582478348	12.8969762897925	0.333	0	1	chr5-157327978-157329052	8
0.301699582478348	13.4071463519782	0.333	0	1	chr5-157718439-157719000	8
0.301699582478348	13.2501573914038	0.333	0	1	chr5-159106355-159107395	8
0.301699582478348	12.8108254954622	0.333	0	1	chr5-159188856-159190240	8
0.301699582478348	13.2164478772319	0.333	0	1	chr5-159825497-159827267	8
0.301699582478348	13.0779451633675	0.333	0	1	chr5-160048686-160049665	8
0.301699582478348	12.9087602127942	0.333	0	1	chr5-160199110-160200112	8
0.301699582478348	12.9368910944383	0.333	0	1	chr5-160315683-160316589	8
0.301699582478348	12.2775971711054	0.333	0	1	chr5-160417906-160419879	8
0.301699582478348	13.0618170268393	0.333	0	1	chr5-160804987-160806030	8
0.301699582478348	12.5449284803898	0.333	0	1	chr5-161305403-161307265	8
0.301699582478348	13.6636768866907	0.333	0	1	chr5-161966484-161967018	8
0.301699582478348	12.8519574468077	0.333	0	1	chr5-162068358-162069083	8
0.301699582478348	13.4623394921956	0.333	0	1	chr5-163509200-163509965	8
0.301699582478348	13.1182095723798	0.333	0	1	chr5-164156041-164157207	8
0.301699582478348	12.6568139271008	0.333	0	1	chr5-165785410-165786966	8
0.301699582478348	12.920925349159	0.333	0	1	chr5-165876205-165877219	8
0.301699582478348	12.9875465946262	0.333	0	1	chr5-166003783-166004750	8
0.301699582478348	13.101933403826	0.333	0	1	chr5-166399480-166400388	8
0.301699582478348	13.4936087196294	0.333	0	1	chr5-167128423-167129240	8
0.301699582478348	13.8457121743415	0.333	0	1	chr5-167416180-167416772	8
0.301699582478348	12.8014850281338	0.333	0	1	chr5-167447790-167449130	8
0.301699582478348	13.248228430027	0.333	0	1	chr5-167723047-167723915	8
0.301699582478348	11.9961817431177	0.333	0	1	chr5-168291034-168293348	8
0.301699582478348	13.5474641795719	0.333	0	1	chr5-168454401-168455177	8
0.301699582478348	12.4811819646926	0.333	0	1	chr5-168589653-168592634	8
0.301699582478348	13.2782081623604	0.333	0	1	chr5-168679222-168680058	8
0.301699582478348	12.4112384910404	0.333	0	1	chr5-168825606-168827105	8
0.301699582478348	13.43209900246	0.333	0	1	chr5-168987465-168988192	8
0.301699582478348	12.4386111247991	0.333	0	1	chr5-169583010-169584871	8
0.301699582478348	13.7932286603001	0.333	0	1	chr5-170315174-170315719	8
0.301699582478348	12.7352456339618	0.333	0	1	chr5-171336279-171337614	8
0.301699582478348	13.0340436114538	0.333	0	1	chr5-171408847-171410432	8
0.301699582478348	12.7421516144082	0.333	0	1	chr5-171418364-171421735	8
0.301699582478348	13.3705575647523	0.333	0	1	chr5-171907653-171909107	8
0.301699582478348	12.8728650669718	0.333	0	1	chr5-172169888-172171057	8
0.301699582478348	12.5592490916154	0.333	0	1	chr5-172186966-172189118	8
0.301699582478348	13.3348287084858	0.333	0	1	chr5-172234987-172236849	8
0.301699582478348	12.8674822211026	0.333	0	1	chr5-172380706-172381806	8
0.301699582478348	12.8555918364015	0.333	0	1	chr5-172640645-172641965	8
0.301699582478348	14.3192523472657	0.333	0	1	chr5-172753126-172753360	8
0.301699582478348	12.5891223900916	0.333	0	1	chr5-172833567-172836639	8
0.301699582478348	11.2876043211169	0.333	0	1	chr5-172902907-172906891	8
0.301699582478348	13.0378732314588	0.333	0	1	chr5-173139349-173140451	8
0.301699582478348	13.2224650832185	0.333	0	1	chr5-173894873-173896334	8
0.301699582478348	13.2167476511127	0.333	0	1	chr5-174056340-174057983	8
0.301699582478348	13.0375189112595	0.333	0	1	chr5-175871391-175872251	8
0.301699582478348	12.7035482621088	0.333	0	1	chr5-176415520-176417340	8
0.301699582478348	13.2348855310229	0.333	0	1	chr5-176657755-176658643	8
0.301699582478348	13.2391442383589	0.333	0	1	chr5-176810063-176811416	8
0.301699582478348	12.3500995648616	0.333	0	1	chr5-177005396-177007478	8
0.301699582478348	12.9971907864176	0.333	0	1	chr5-177085956-177087496	8
0.301699582478348	13.2400944484106	0.333	0	1	chr5-177111619-177112286	8
0.301699582478348	13.2341558607898	0.333	0	1	chr5-177113636-177114518	8
0.301699582478348	13.0799868654408	0.333	0	1	chr5-177296102-177297131	8
0.301699582478348	13.6565524354898	0.333	0	1	chr5-177368879-177369676	8
0.301699582478348	12.7987514279751	0.333	0	1	chr5-177389633-177391147	8
0.301699582478348	12.664354867058	0.333	0	1	chr5-177537333-177538369	8
0.301699582478348	13.0957624527205	0.333	0	1	chr5-177947780-177948489	8
0.301699582478348	12.8958315653625	0.333	0	1	chr5-178191813-178192684	8
0.301699582478348	12.9561023138103	0.333	0	1	chr5-178443824-178445172	8
0.301699582478348	13.2554922479952	0.333	0	1	chr5-178817470-178818724	8
0.301699582478348	12.7833882866879	0.333	0	1	chr5-179059885-179060992	8
0.301699582478348	13.6094405100271	0.333	0	1	chr5-180523624-180524271	8
0.301699582478348	12.3906335793301	0.333	0	1	chr5-180595255-180597429	8
0.301699582478348	12.9423780196496	0.333	0	1	chr5-180618539-180619635	8
0.301699582478348	11.9161566206673	0.333	0	1	chr5-180809380-180812356	8
0.301699582478348	13.0982104090285	0.333	0	1	chr5-181114935-181115831	8
0.301699582478348	12.5281135118315	0.333	0	1	chr5-181206251-181208612	8
0.301699582478348	12.9868255549202	0.333	0	1	chr6-1069629-1070697	8
0.301699582478348	13.0614184061286	0.333	0	1	chr6-1311034-1314116	8
0.301699582478348	12.7253281500396	0.333	0	1	chr6-1678469-1680497	8
0.301699582478348	12.2317739477796	0.333	0	1	chr6-2244648-2246851	8
0.301699582478348	13.3279695120209	0.333	0	1	chr6-2846155-2846964	8
0.301699582478348	12.4533650677336	0.333	0	1	chr6-2960251-2963104	8
0.301699582478348	12.7610066898199	0.333	0	1	chr6-3067968-3069813	8
0.301699582478348	12.9427181865526	0.333	0	1	chr6-4007858-4008871	8
0.301699582478348	12.0894639301887	0.333	0	1	chr6-4133354-4136886	8
0.301699582478348	13.5283713829239	0.333	0	1	chr6-4155787-4156317	8
0.301699582478348	12.7161423369505	0.333	0	1	chr6-7725543-7727214	8
0.301699582478348	13.3279695120209	0.333	0	1	chr6-8556313-8557178	8
0.301699582478348	12.7025598710146	0.333	0	1	chr6-9139661-9141581	8
0.301699582478348	13.3179087122405	0.333	0	1	chr6-9250612-9251285	8
0.301699582478348	12.1959489818919	0.333	0	1	chr6-10722266-10723888	8
0.301699582478348	12.3989494701939	0.333	0	1	chr6-10837229-10839101	8
0.301699582478348	13.1299905328714	0.333	0	1	chr6-11206637-11207907	8
0.301699582478348	12.7342633056641	0.333	0	1	chr6-11536918-11538597	8
0.301699582478348	13.1672739259591	0.333	0	1	chr6-11655417-11656261	8
0.301699582478348	12.5828406170458	0.333	0	1	chr6-12007503-12009658	8
0.301699582478348	12.8674822211026	0.333	0	1	chr6-12044626-12045571	8
0.301699582478348	12.875257690687	0.333	0	1	chr6-12278720-12279854	8
0.301699582478348	12.6708199739787	0.333	0	1	chr6-12331286-12332598	8
0.301699582478348	13.1212375982718	0.333	0	1	chr6-12962314-12963106	8
0.301699582478348	12.3310208528539	0.333	0	1	chr6-13614043-13616404	8
0.301699582478348	14.0384976467659	0.333	0	1	chr6-13653360-13653682	8
0.301699582478348	12.7576338116121	0.333	0	1	chr6-13796540-13798156	8
0.301699582478348	12.4332299300329	0.333	0	1	chr6-14758127-14759688	8
0.301699582478348	13.29210205492	0.333	0	1	chr6-15409182-15410422	8
0.301699582478348	13.4172510333604	0.333	0	1	chr6-15907825-15908700	8
0.301699582478348	13.4833604218092	0.333	0	1	chr6-16138329-16139173	8
0.301699582478348	13.524480189419	0.333	0	1	chr6-17119906-17120611	8
0.301699582478348	12.6833628492283	0.333	0	1	chr6-17212389-17214238	8
0.301699582478348	12.7546467310441	0.333	0	1	chr6-17850878-17852051	8
0.301699582478348	12.9978621841342	0.333	0	1	chr6-19332684-19334428	8
0.301699582478348	13.4153427124403	0.333	0	1	chr6-19851591-19852275	8
0.301699582478348	13.5298697361473	0.333	0	1	chr6-21748470-21749136	8
0.301699582478348	13.5144958027541	0.333	0	1	chr6-22940580-22941553	8
0.301699582478348	13.2269170007295	0.333	0	1	chr6-23547503-23548353	8
0.301699582478348	12.900819251835	0.333	0	1	chr6-23951960-23953032	8
0.301699582478348	12.6927678728526	0.333	0	1	chr6-24402356-24404098	8
0.301699582478348	13.4354966267833	0.333	0	1	chr6-24489529-24490351	8
0.301699582478348	12.5630379057044	0.333	0	1	chr6-24719227-24722094	8
0.301699582478348	13.011736052547	0.333	0	1	chr6-25170579-25171812	8
0.301699582478348	13.9879430880888	0.333	0	1	chr6-25582087-25582603	8
0.301699582478348	13.6319429736388	0.333	0	1	chr6-25670150-25671995	8
0.301699582478348	13.2788056304547	0.333	0	1	chr6-25863138-25863912	8
0.301699582478348	12.3605749613247	0.333	0	1	chr6-26473405-26475451	8
0.301699582478348	12.3513368733885	0.333	0	1	chr6-27019048-27020824	8
0.301699582478348	12.9701636571207	0.333	0	1	chr6-27091561-27092574	8
0.301699582478348	12.0801979219018	0.333	0	1	chr6-27145409-27147985	8
0.301699582478348	13.2530617860629	0.333	0	1	chr6-27214503-27215429	8
0.301699582478348	12.2417714151118	0.333	0	1	chr6-27250809-27252470	8
0.301699582478348	12.907783246477	0.333	0	1	chr6-27332614-27333777	8
0.301699582478348	12.7383994848642	0.333	0	1	chr6-27388278-27389560	8
0.301699582478348	11.4383382478721	0.333	0	1	chr6-27471717-27474125	8
0.301699582478348	12.6861114153667	0.333	0	1	chr6-27518119-27519916	8
0.301699582478348	13.9300279907274	0.333	0	1	chr6-27535574-27535982	8
0.301699582478348	12.8891268734255	0.333	0	1	chr6-27591622-27593344	8
0.301699582478348	13.113906461504	0.333	0	1	chr6-27650571-27651807	8
0.301699582478348	12.411426037231	0.333	0	1	chr6-27791077-27793528	8
0.301699582478348	12.5670973117298	0.333	0	1	chr6-27864772-27868104	8
0.301699582478348	14.0282227489146	0.333	0	1	chr6-28134003-28134404	8
0.301699582478348	12.0869554529116	0.333	0	1	chr6-28588939-28590001	8
0.301699582478348	12.7143321519431	0.333	0	1	chr6-28606417-28607560	8
0.301699582478348	12.917607522137	0.333	0	1	chr6-28789154-28791046	8
0.301699582478348	13.01690946291	0.333	0	1	chr6-28802427-28803714	8
0.301699582478348	12.1238679908403	0.333	0	1	chr6-28837236-28839701	8
0.301699582478348	12.0576837556486	0.333	0	1	chr6-28895231-28898758	8
0.301699582478348	12.2290133220678	0.333	0	1	chr6-28939466-28942292	8
0.301699582478348	12.9739624647155	0.333	0	1	chr6-29628138-29629332	8
0.301699582478348	12.6162243166444	0.333	0	1	chr6-29649553-29650658	8
0.301699582478348	12.6381121206067	0.333	0	1	chr6-29722829-29724328	8
0.301699582478348	12.5092963561242	0.333	0	1	chr6-29941751-29943116	8
0.301699582478348	13.6271685029175	0.333	0	1	chr6-30091679-30092513	8
0.301699582478348	13.1775711161438	0.333	0	1	chr6-30130733-30131639	8
0.301699582478348	12.4447967287911	0.333	0	1	chr6-30488962-30490509	8
0.301699582478348	13.2848989284091	0.333	0	1	chr6-30515970-30516910	8
0.301699582478348	13.4771251574246	0.333	0	1	chr6-30570224-30572598	8
0.301699582478348	12.9288676145213	0.333	0	1	chr6-30626385-30627513	8
0.301699582478348	13.2045767017781	0.333	0	1	chr6-30686294-30687630	8
0.301699582478348	12.1937052600308	0.333	0	1	chr6-30719651-30723068	8
0.301699582478348	12.5178165155516	0.333	0	1	chr6-30742053-30743437	8
0.301699582478348	13.482745243174	0.333	0	1	chr6-31113917-31115430	8
0.301699582478348	12.4074937832008	0.333	0	1	chr6-31196727-31198443	8
0.301699582478348	12.8006280354682	0.333	0	1	chr6-31202684-31204627	8
0.301699582478348	13.1434268334878	0.333	0	1	chr6-31366603-31367550	8
0.301699582478348	12.7415757469141	0.333	0	1	chr6-31462579-31463591	8
0.301699582478348	11.7166141104451	0.333	0	1	chr6-31619720-31623314	8
0.301699582478348	13.0234839780554	0.333	0	1	chr6-31659625-31661203	8
0.301699582478348	12.4886021108426	0.333	0	1	chr6-31728962-31730520	8
0.301699582478348	12.4843279680805	0.333	0	1	chr6-31734724-31736875	8
0.301699582478348	13.2222749001545	0.333	0	1	chr6-31772685-31773485	8
0.301699582478348	11.8890200073722	0.333	0	1	chr6-32194911-32196811	8
0.301699582478348	12.6897745022567	0.333	0	1	chr6-32964551-32966267	8
0.301699582478348	12.5866495323476	0.333	0	1	chr6-33312159-33315116	8
0.301699582478348	11.890953267345	0.333	0	1	chr6-33390921-33392846	8
0.301699582478348	12.4672391693463	0.333	0	1	chr6-33453529-33455329	8
0.301699582478348	13.5454524740223	0.333	0	1	chr6-33815774-33816306	8
0.301699582478348	13.1195849209613	0.333	0	1	chr6-33827960-33829392	8
0.301699582478348	13.4159781083795	0.333	0	1	chr6-34163710-34164317	8
0.301699582478348	12.5979428129892	0.333	0	1	chr6-34223334-34225080	8
0.301699582478348	13.3024941771878	0.333	0	1	chr6-35737277-35738151	8
0.301699582478348	12.5004290776656	0.333	0	1	chr6-36195734-36197900	8
0.301699582478348	12.2739310382611	0.333	0	1	chr6-36422945-36423977	8
0.301699582478348	13.938483985431	0.333	0	1	chr6-36501685-36502128	8
0.301699582478348	12.7032625714206	0.333	0	1	chr6-36681982-36683637	8
0.301699582478348	12.6536701657244	0.333	0	1	chr6-37017884-37019367	8
0.301699582478348	13.4115451485676	0.333	0	1	chr6-37023265-37023986	8
0.301699582478348	13.4134407679068	0.333	0	1	chr6-37160799-37161591	8
0.301699582478348	12.2279896182695	0.333	0	1	chr6-37257165-37258484	8
0.301699582478348	13.0865597665997	0.333	0	1	chr6-37307579-37309237	8
0.301699582478348	12.9835570254374	0.333	0	1	chr6-37432604-37434335	8
0.301699582478348	13.7323171442808	0.333	0	1	chr6-38009399-38009797	8
0.301699582478348	13.7718702442879	0.333	0	1	chr6-38080861-38081257	8
0.301699582478348	13.0961158572724	0.333	0	1	chr6-38754928-38756302	8
0.301699582478348	13.1595628912844	0.333	0	1	chr6-39302880-39303779	8
0.301699582478348	12.9861052002992	0.333	0	1	chr6-40328316-40329323	8
0.301699582478348	12.957141511338	0.333	0	1	chr6-40714615-40715323	8
0.301699582478348	14.2012549640996	0.333	0	1	chr6-40915951-40916453	8
0.301699582478348	13.7552595829338	0.333	0	1	chr6-40973809-40974411	8
0.301699582478348	13.1634525949622	0.333	0	1	chr6-41027671-41028575	8
0.301699582478348	13.1370221253611	0.333	0	1	chr6-41367620-41369357	8
0.301699582478348	13.225985927646	0.333	0	1	chr6-41424227-41424921	8
0.301699582478348	13.5856604724242	0.333	0	1	chr6-41531691-41532297	8
0.301699582478348	13.1902279944477	0.333	0	1	chr6-41568396-41569442	8
0.301699582478348	12.5658824835437	0.333	0	1	chr6-41733696-41736333	8
0.301699582478348	13.5490874491061	0.333	0	1	chr6-41859179-41859848	8
0.301699582478348	13.2879680003455	0.333	0	1	chr6-42075242-42075960	8
0.301699582478348	12.1516533028349	0.333	0	1	chr6-42138431-42143126	8
0.301699582478348	12.8029152889598	0.333	0	1	chr6-42547225-42548461	8
0.301699582478348	12.1669299747055	0.333	0	1	chr6-42745020-42749485	8
0.301699582478348	12.0825098935979	0.333	0	1	chr6-42928441-42930777	8
0.301699582478348	12.6778526221732	0.333	0	1	chr6-43575151-43577405	8
0.301699582478348	13.0266186734954	0.333	0	1	chr6-43635351-43636704	8
0.301699582478348	12.7325658548082	0.333	0	1	chr6-43666933-43668974	8
0.301699582478348	12.9805967894089	0.333	0	1	chr6-43681625-43684442	8
0.301699582478348	12.9700749596372	0.333	0	1	chr6-44072899-44075169	8
0.301699582478348	14.2420296120872	0.333	0	1	chr6-45724587-45724922	8
0.301699582478348	12.5654791357387	0.333	0	1	chr6-46129007-46130648	8
0.301699582478348	12.9536829429268	0.333	0	1	chr6-47242103-47242961	8
0.301699582478348	12.8637580249787	0.333	0	1	chr6-49540668-49543692	8
0.301699582478348	13.3045909551001	0.333	0	1	chr6-49913719-49915561	8
0.301699582478348	13.5378301307153	0.333	0	1	chr6-50093187-50094463	8
0.301699582478348	13.0279274286372	0.333	0	1	chr6-51163433-51164644	8
0.301699582478348	13.8229931270995	0.333	0	1	chr6-51702854-51703285	8
0.301699582478348	13.3631635840047	0.333	0	1	chr6-52233972-52234690	8
0.301699582478348	12.6048004528111	0.333	0	1	chr6-52576351-52577850	8
0.301699582478348	12.5086699937148	0.333	0	1	chr6-52670397-52671912	8
0.301699582478348	12.5943464731179	0.333	0	1	chr6-52994438-52997256	8
0.301699582478348	12.6115531530069	0.333	0	1	chr6-53011570-53014451	8
0.301699582478348	13.5394234233589	0.333	0	1	chr6-53395222-53396286	8
0.301699582478348	12.408242471221	0.333	0	1	chr6-53543323-53545619	8
0.301699582478348	12.2368404404129	0.333	0	1	chr6-53547172-53548846	8
0.301699582478348	13.3136175748565	0.333	0	1	chr6-53718792-53719503	8
0.301699582478348	13.3880608118516	0.333	0	1	chr6-53955836-53956677	8
0.301699582478348	13.840492834412	0.333	0	1	chr6-54655081-54655814	8
0.301699582478348	13.8157130710918	0.333	0	1	chr6-55775861-55776576	8
0.301699582478348	13.0885035579004	0.333	0	1	chr6-56399078-56400345	8
0.301699582478348	13.1229696628223	0.333	0	1	chr6-56954230-56955799	8
0.301699582478348	13.0357498670009	0.333	0	1	chr6-57127466-57128265	8
0.301699582478348	12.2965595214622	0.333	0	1	chr6-57316280-57318116	8
0.301699582478348	13.9057585983584	0.333	0	1	chr6-57904287-57904858	8
0.301699582478348	12.1584158610368	0.333	0	1	chr6-63570154-63574856	8
0.301699582478348	13.6475466755987	0.333	0	1	chr6-64881452-64882316	8
0.301699582478348	12.9154733834295	0.333	0	1	chr6-67676521-67677617	8
0.301699582478348	13.4727989041276	0.333	0	1	chr6-67679389-67680195	8
0.301699582478348	13.1836514446729	0.333	0	1	chr6-69751272-69752019	8
0.301699582478348	12.3220407696481	0.333	0	1	chr6-70411466-70414485	8
0.301699582478348	12.9316356787973	0.333	0	1	chr6-70955557-70957216	8
0.301699582478348	12.0434719712797	0.333	0	1	chr6-73394184-73395700	8
0.301699582478348	12.8780330881604	0.333	0	1	chr6-73606032-73606942	8
0.301699582478348	11.9771393810671	0.333	0	1	chr6-73652517-73655434	8
0.301699582478348	12.4665559197766	0.333	0	1	chr6-75600655-75603944	8
0.301699582478348	12.7583013436302	0.333	0	1	chr6-75735382-75736671	8
0.301699582478348	13.4441613203427	0.333	0	1	chr6-75843009-75844234	8
0.301699582478348	12.5972617970536	0.333	0	1	chr6-75848066-75850900	8
0.301699582478348	12.8098137070318	0.333	0	1	chr6-75878862-75882349	8
0.301699582478348	13.1116849308328	0.333	0	1	chr6-76770650-76771984	8
0.301699582478348	12.8234456728139	0.333	0	1	chr6-76865866-76866850	8
0.301699582478348	11.9580672706582	0.333	0	1	chr6-79076212-79080133	8
0.301699582478348	12.9881848965508	0.333	0	1	chr6-79869303-79870252	8
0.301699582478348	12.4682420159082	0.333	0	1	chr6-82246292-82248838	8
0.301699582478348	12.251701697914	0.333	0	1	chr6-83067308-83069328	8
0.301699582478348	13.2550054140959	0.333	0	1	chr6-83824028-83825295	8
0.301699582478348	13.1545397945601	0.333	0	1	chr6-85015301-85016069	8
0.301699582478348	13.6965974431827	0.333	0	1	chr6-85912379-85913077	8
0.301699582478348	12.7580079247645	0.333	0	1	chr6-89078982-89084044	8
0.301699582478348	13.4575257778844	0.333	0	1	chr6-89375324-89375984	8
0.301699582478348	12.5574480020505	0.333	0	1	chr6-89828851-89830550	8
0.301699582478348	12.789901291288	0.333	0	1	chr6-91351479-91353518	8
0.301699582478348	13.6445821168523	0.333	0	1	chr6-92810792-92811304	8
0.301699582478348	13.7436952120637	0.333	0	1	chr6-93342092-93343051	8
0.301699582478348	13.2859506161591	0.333	0	1	chr6-95841086-95842189	8
0.301699582478348	12.6134089755781	0.333	0	1	chr6-96520186-96522877	8
0.301699582478348	12.0560771646862	0.333	0	1	chr6-96836141-96838162	8
0.301699582478348	13.4664334440828	0.333	0	1	chr6-98839718-98840228	8
0.301699582478348	11.7757940929997	0.333	0	1	chr6-99423732-99427515	8
0.301699582478348	13.3023013982577	0.333	0	1	chr6-99979757-99980645	8
0.301699582478348	13.2049295118622	0.333	0	1	chr6-100517057-100519441	8
0.301699582478348	12.2609129713318	0.333	0	1	chr6-101665822-101666986	8
0.301699582478348	13.1679129171514	0.333	0	1	chr6-101741291-101742564	8
0.301699582478348	12.9891802694981	0.333	0	1	chr6-102076471-102077680	8
0.301699582478348	13.6636768866907	0.333	0	1	chr6-104958766-104959772	8
0.301699582478348	13.6030801297766	0.333	0	1	chr6-105107051-105107704	8
0.301699582478348	12.656935058666	0.333	0	1	chr6-105402117-105404057	8
0.301699582478348	12.5392295281112	0.333	0	1	chr6-107075621-107076878	8
0.301699582478348	13.4561581138598	0.333	0	1	chr6-107314334-107315079	8
0.301699582478348	13.2264512975086	0.333	0	1	chr6-107329911-107330653	8
0.301699582478348	12.7789237467329	0.333	0	1	chr6-108127441-108128704	8
0.301699582478348	12.2213987340974	0.333	0	1	chr6-108155351-108157305	8
0.301699582478348	12.3388549825072	0.333	0	1	chr6-108587216-108590182	8
0.301699582478348	12.5306374499436	0.333	0	1	chr6-108706793-108708215	8
0.301699582478348	12.6086845717096	0.333	0	1	chr6-108752116-108753483	8
0.301699582478348	13.2285383495796	0.333	0	1	chr6-108971238-108972268	8
0.301699582478348	13.2843888803396	0.333	0	1	chr6-108995205-108995961	8
0.301699582478348	13.2387885703043	0.333	0	1	chr6-109165411-109166234	8
0.301699582478348	12.7252495376012	0.333	0	1	chr6-109196030-109197507	8
0.301699582478348	12.6553616078522	0.333	0	1	chr6-109892137-109893830	8
0.301699582478348	12.6712205182283	0.333	0	1	chr6-111067757-111069195	8
0.301699582478348	13.8394726259978	0.333	0	1	chr6-111427299-111427821	8
0.301699582478348	13.2870645516389	0.333	0	1	chr6-111864801-111865669	8
0.301699582478348	12.5980964213071	0.333	0	1	chr6-113432746-113434246	8
0.301699582478348	12.037884465595	0.333	0	1	chr6-113969454-113972317	8
0.301699582478348	13.7527590933663	0.333	0	1	chr6-116963781-116964375	8
0.301699582478348	13.2269170007295	0.333	0	1	chr6-117290168-117290958	8
0.301699582478348	13.0911140410641	0.333	0	1	chr6-117549941-117550910	8
0.301699582478348	11.8433746414753	0.333	0	1	chr6-117601256-117603660	8
0.301699582478348	12.7491970875802	0.333	0	1	chr6-118381769-118382962	8
0.301699582478348	13.3713457651027	0.333	0	1	chr6-118618538-118619403	8
0.301699582478348	12.3792317524258	0.333	0	1	chr6-118864244-118865589	8
0.301699582478348	13.8663189655582	0.333	0	1	chr6-119116390-119116886	8
0.301699582478348	13.397400263828	0.333	0	1	chr6-121055351-121056047	8
0.301699582478348	13.0542804503707	0.333	0	1	chr6-122126214-122127585	8
0.301699582478348	13.304017768182	0.333	0	1	chr6-122184298-122185146	8
0.301699582478348	12.1605886377341	0.333	0	1	chr6-122398970-122400887	8
0.301699582478348	12.4378045466666	0.333	0	1	chr6-122470961-122472687	8
0.301699582478348	13.1421944709541	0.333	0	1	chr6-122491851-122492560	8
0.301699582478348	13.3641932268482	0.333	0	1	chr6-123962275-123963088	8
0.301699582478348	12.6911603854461	0.333	0	1	chr6-124007581-124009004	8
0.301699582478348	12.9359428972809	0.333	0	1	chr6-125099127-125100195	8
0.301699582478348	13.2662310610368	0.333	0	1	chr6-125181927-125183151	8
0.301699582478348	11.9520524392732	0.333	0	1	chr6-125197011-125199085	8
0.301699582478348	12.7009999102463	0.333	0	1	chr6-125749026-125750087	8
0.301699582478348	13.6582903355368	0.333	0	1	chr6-125792938-125793705	8
0.301699582478348	13.4014348098221	0.333	0	1	chr6-126170404-126171466	8
0.301699582478348	13.7615738052687	0.333	0	1	chr6-126659039-126659684	8
0.301699582478348	13.1999926706243	0.333	0	1	chr6-127346717-127347761	8
0.301699582478348	13.7004654541761	0.333	0	1	chr6-127971894-127972676	8
0.301699582478348	12.4825403349917	0.333	0	1	chr6-128569924-128571270	8
0.301699582478348	13.938483985431	0.333	0	1	chr6-129337081-129337423	8
0.301699582478348	12.6237481341289	0.333	0	1	chr6-129632002-129632843	8
0.301699582478348	13.1438381125945	0.333	0	1	chr6-130411376-130412004	8
0.301699582478348	12.9891802694981	0.333	0	1	chr6-130947017-130947987	8
0.301699582478348	13.6660809961438	0.333	0	1	chr6-131923325-131923794	8
0.301699582478348	14.179466093994	0.333	0	1	chr6-132060664-132060828	8
0.301699582478348	13.7214730961927	0.333	0	1	chr6-132128168-132128858	8
0.301699582478348	13.6595926573376	0.333	0	1	chr6-133173897-133175104	8
0.301699582478348	12.5421397293857	0.333	0	1	chr6-133837496-133838612	8
0.301699582478348	12.9107177604531	0.333	0	1	chr6-134063625-134064496	8
0.301699582478348	12.2459245604408	0.333	0	1	chr6-134173873-134176210	8
0.301699582478348	13.2189483144845	0.333	0	1	chr6-134378917-134379636	8
0.301699582478348	12.9614699708188	0.333	0	1	chr6-134400805-134401634	8
0.301699582478348	13.0771301088606	0.333	0	1	chr6-134707215-134707844	8
0.301699582478348	13.1054284085798	0.333	0	1	chr6-134714008-134715101	8
0.301699582478348	13.3673668035634	0.333	0	1	chr6-134822824-134823367	8
0.301699582478348	13.3333557953171	0.333	0	1	chr6-135096532-135097254	8
0.301699582478348	13.5837619357913	0.333	0	1	chr6-135176674-135177377	8
0.301699582478348	13.2815146355507	0.333	0	1	chr6-135909710-135910209	8
0.301699582478348	11.9444843479517	0.333	0	1	chr6-136549139-136551523	8
0.301699582478348	12.637163302019	0.333	0	1	chr6-136606426-136611384	8
0.301699582478348	12.6121887447671	0.333	0	1	chr6-136994486-136995552	8
0.301699582478348	12.402834673889	0.333	0	1	chr6-137587672-137589905	8
0.301699582478348	12.56286155223	0.333	0	1	chr6-137866318-137867997	8
0.301699582478348	13.9640717539369	0.333	0	1	chr6-138785938-138786735	8
0.301699582478348	13.4817996536544	0.333	0	1	chr6-138815812-138816519	8
0.301699582478348	12.3509832057217	0.333	0	1	chr6-139027708-139029935	8
0.301699582478348	13.3011597987038	0.333	0	1	chr6-140258065-140258743	8
0.301699582478348	12.8509364567071	0.333	0	1	chr6-140988411-140989367	8
0.301699582478348	12.7418849842916	0.333	0	1	chr6-141551787-141553052	8
0.301699582478348	13.0915508980766	0.333	0	1	chr6-141979807-141981111	8
0.301699582478348	12.6111296670851	0.333	0	1	chr6-142444337-142446082	8
0.301699582478348	13.5213878675258	0.333	0	1	chr6-143554308-143555590	8
0.301699582478348	13.4178885662505	0.333	0	1	chr6-143634319-143635009	8
0.301699582478348	12.7006887192159	0.333	0	1	chr6-143743806-143746417	8
0.301699582478348	13.3868508582338	0.333	0	1	chr6-144231302-144233084	8
0.301699582478348	13.8471867340487	0.333	0	1	chr6-144581766-144582280	8
0.301699582478348	13.4301400231866	0.333	0	1	chr6-144675232-144675935	8
0.301699582478348	11.974682799033	0.333	0	1	chr6-145734438-145737304	8
0.301699582478348	12.6624027980084	0.333	0	1	chr6-145813631-145815284	8
0.301699582478348	12.8080844498949	0.333	0	1	chr6-145904697-145905704	8
0.301699582478348	13.2826206835576	0.333	0	1	chr6-147514611-147515368	8
0.301699582478348	12.9112588066415	0.333	0	1	chr6-148395460-148396422	8
0.301699582478348	13.0753224042694	0.333	0	1	chr6-148578066-148578827	8
0.301699582478348	12.5624594878488	0.333	0	1	chr6-148746090-148748043	8
0.301699582478348	12.7260345666713	0.333	0	1	chr6-148885784-148888120	8
0.301699582478348	13.8085723257833	0.333	0	1	chr6-148952214-148952879	8
0.301699582478348	12.7516699435192	0.333	0	1	chr6-149060589-149062109	8
0.301699582478348	13.0847126332751	0.333	0	1	chr6-149079446-149080966	8
0.301699582478348	13.3742957714096	0.333	0	1	chr6-149349337-149350072	8
0.301699582478348	13.4366966882151	0.333	0	1	chr6-149372022-149372588	8
0.301699582478348	12.7914563710055	0.333	0	1	chr6-149745154-149747031	8
0.301699582478348	12.6909292554179	0.333	0	1	chr6-149941400-149942562	8
0.301699582478348	13.4965430508954	0.333	0	1	chr6-149989937-149991418	8
0.301699582478348	13.5076923715174	0.333	0	1	chr6-150016563-150017435	8
0.301699582478348	12.720297075724	0.333	0	1	chr6-150599583-150601357	8
0.301699582478348	12.8564145601565	0.333	0	1	chr6-150668021-150669180	8
0.301699582478348	13.5089685731655	0.333	0	1	chr6-150815064-150815541	8
0.301699582478348	12.7413519691748	0.333	0	1	chr6-151004093-151005374	8
0.301699582478348	12.8379958924911	0.333	0	1	chr6-151689328-151691729	8
0.301699582478348	13.4671957134806	0.333	0	1	chr6-151752921-151754084	8
0.301699582478348	13.4326379281526	0.333	0	1	chr6-152552523-152553039	8
0.301699582478348	13.4027859699833	0.333	0	1	chr6-152863786-152864317	8
0.301699582478348	11.5867802870087	0.333	0	1	chr6-152982103-152985124	8
0.301699582478348	12.1525975786517	0.333	0	1	chr6-153001789-153004067	8
0.301699582478348	13.3719345817019	0.333	0	1	chr6-153126002-153127396	8
0.301699582478348	12.5863758664296	0.333	0	1	chr6-154343343-154344809	8
0.301699582478348	12.9071326025765	0.333	0	1	chr6-154675444-154676218	8
0.301699582478348	12.6856110478119	0.333	0	1	chr6-155015698-155016650	8
0.301699582478348	13.4065207043977	0.333	0	1	chr6-156850835-156851992	8
0.301699582478348	13.1676998529925	0.333	0	1	chr6-156866032-156867510	8
0.301699582478348	12.0616595035424	0.333	0	1	chr6-157020453-157023483	8
0.301699582478348	12.9977139931383	0.333	0	1	chr6-157488264-157490005	8
0.301699582478348	12.6690080002545	0.333	0	1	chr6-157596666-157598387	8
0.301699582478348	12.7164012385716	0.333	0	1	chr6-157763030-157764238	8
0.301699582478348	13.5069417881107	0.333	0	1	chr6-158121935-158122482	8
0.301699582478348	13.1512836245944	0.333	0	1	chr6-158285386-158287562	8
0.301699582478348	12.9390654040261	0.333	0	1	chr6-158869270-158870547	8
0.301699582478348	13.6976992721822	0.333	0	1	chr6-159174202-159174718	8
0.301699582478348	13.3808861558558	0.333	0	1	chr6-159729542-159730108	8
0.301699582478348	12.6247782744189	0.333	0	1	chr6-159968258-159970705	8
0.301699582478348	12.9112588066415	0.333	0	1	chr6-161922207-161923441	8
0.301699582478348	13.4061778476548	0.333	0	1	chr6-164419091-164419673	8
0.301699582478348	13.7757951701661	0.333	0	1	chr6-164436228-164436700	8
0.301699582478348	13.7285010212306	0.333	0	1	chr6-164854461-164854983	8
0.301699582478348	12.1596604848356	0.333	0	1	chr6-166032381-166033472	8
0.301699582478348	13.4702346231182	0.333	0	1	chr6-166420223-166420957	8
0.301699582478348	13.0035861040124	0.333	0	1	chr6-167455211-167456025	8
0.301699582478348	13.6565524354898	0.333	0	1	chr6-168024056-168024730	8
0.301699582478348	12.9443712577415	0.333	0	1	chr6-168060306-168061668	8
0.301699582478348	12.3695963256785	0.333	0	1	chr6-168196099-168197248	8
0.301699582478348	13.8157130710918	0.333	0	1	chr6-168530691-168530985	8
0.301699582478348	13.4075402377472	0.333	0	1	chr6-168533204-168533891	8
0.301699582478348	12.4095521384541	0.333	0	1	chr6-169653717-169655633	8
0.301699582478348	12.4363013559663	0.333	0	1	chr6-169750954-169753260	8
0.301699582478348	12.7847882703058	0.333	0	1	chr6-170030423-170032113	8
0.301699582478348	13.2346689686399	0.333	0	1	chr6-170529706-170530366	8
0.301699582478348	12.1398757723947	0.333	0	1	chr6-170583713-170585839	8
0.301699582478348	14.0481612954993	0.333	0	1	chr7-148844-150448	8
0.301699582478348	14.5493786043613	0.333	0	1	chr7-264913-265168	8
0.301699582478348	14.1057028562678	0.333	0	1	chr7-318305-319663	8
0.301699582478348	14.2589647712106	0.333	0	1	chr7-326755-327462	8
0.301699582478348	13.8523631404632	0.333	0	1	chr7-332537-333509	8
0.301699582478348	14.2245526114219	0.333	0	1	chr7-348733-349841	8
0.301699582478348	12.8106094691601	0.333	0	1	chr7-517797-520500	8
0.301699582478348	13.7181070163855	0.333	0	1	chr7-725800-728480	8
0.301699582478348	12.9248864562883	0.333	0	1	chr7-748658-750173	8
0.301699582478348	12.7599642687346	0.333	0	1	chr7-767419-769651	8
0.301699582478348	13.0961465644841	0.333	0	1	chr7-770757-772059	8
0.301699582478348	14.4329080288689	0.333	0	1	chr7-774424-774872	8
0.301699582478348	13.5682390592644	0.333	0	1	chr7-812470-814059	8
0.301699582478348	13.854090231212	0.333	0	1	chr7-873094-873888	8
0.301699582478348	13.8889334522574	0.333	0	1	chr7-900946-902198	8
0.301699582478348	13.900149081295	0.333	0	1	chr7-953380-954962	8
0.301699582478348	13.994271513276	0.333	0	1	chr7-974033-975890	8
0.301699582478348	14.2321490112168	0.333	0	1	chr7-982208-982892	8
0.301699582478348	13.9646404050396	0.333	0	1	chr7-1086499-1088601	8
0.301699582478348	13.8185834889779	0.333	0	1	chr7-1095601-1097603	8
0.301699582478348	13.7487502262499	0.333	0	1	chr7-1136822-1138901	8
0.301699582478348	14.0868587599247	0.333	0	1	chr7-1144032-1144801	8
0.301699582478348	14.1557091179351	0.333	0	1	chr7-1176002-1177446	8
0.301699582478348	12.8207551446442	0.333	0	1	chr7-1193632-1194469	8
0.301699582478348	14.2763112036379	0.333	0	1	chr7-1198220-1198659	8
0.301699582478348	14.4259342539918	0.333	0	1	chr7-1263275-1263994	8
0.301699582478348	14.2071983095203	0.333	0	1	chr7-1296510-1298479	8
0.301699582478348	14.4395588528877	0.333	0	1	chr7-1418365-1419057	8
0.301699582478348	13.9709356902072	0.333	0	1	chr7-1506673-1507491	8
0.301699582478348	14.4799622706279	0.333	0	1	chr7-1587020-1587421	8
0.301699582478348	15.1498017968151	0.333	0	1	chr7-1665943-1665959	8
0.301699582478348	14.4474559247569	0.333	0	1	chr7-1668503-1668933	8
0.301699582478348	13.8549565348223	0.333	0	1	chr7-1741257-1743460	8
0.301699582478348	14.1923790811437	0.333	0	1	chr7-1817623-1818505	8
0.301699582478348	12.7950960328017	0.333	0	1	chr7-1850559-1852399	8
0.301699582478348	14.2336179747655	0.333	0	1	chr7-1875270-1875790	8
0.301699582478348	14.0126548293298	0.333	0	1	chr7-1895370-1896263	8
0.301699582478348	13.2292505376871	0.333	0	1	chr7-1928328-1929244	8
0.301699582478348	14.1106473543488	0.333	0	1	chr7-2012745-2013557	8
0.301699582478348	14.1995349777026	0.333	0	1	chr7-2037315-2038538	8
0.301699582478348	14.2847314838863	0.333	0	1	chr7-2073546-2074557	8
0.301699582478348	14.2395670143984	0.333	0	1	chr7-2086062-2086728	8
0.301699582478348	14.0535201670147	0.333	0	1	chr7-2116640-2117546	8
0.301699582478348	13.3900557212163	0.333	0	1	chr7-2157053-2158401	8
0.301699582478348	13.9183255622498	0.333	0	1	chr7-2241402-2243572	8
0.301699582478348	14.183608391315	0.333	0	1	chr7-2313665-2315133	8
0.301699582478348	13.9277441342925	0.333	0	1	chr7-2451169-2452020	8
0.301699582478348	13.6205346814041	0.333	0	1	chr7-2522317-2524871	8
0.301699582478348	14.4201039833705	0.333	0	1	chr7-2643262-2644597	8
0.301699582478348	13.9807556717802	0.333	0	1	chr7-2680623-2681486	8
0.301699582478348	12.9842164244352	0.333	0	1	chr7-2757139-2758609	8
0.301699582478348	13.6750045817281	0.333	0	1	chr7-2802460-2804651	8
0.301699582478348	13.8425408818964	0.333	0	1	chr7-2886921-2887429	8
0.301699582478348	14.1406189787536	0.333	0	1	chr7-3181291-3182035	8
0.301699582478348	14.1061940028858	0.333	0	1	chr7-3200441-3200944	8
0.301699582478348	14.3144942002205	0.333	0	1	chr7-3215918-3216531	8
0.301699582478348	14.0107861081885	0.333	0	1	chr7-3695585-3696468	8
0.301699582478348	14.2041767896189	0.333	0	1	chr7-3754857-3755515	8
0.301699582478348	13.827757725759	0.333	0	1	chr7-3922020-3922754	8
0.301699582478348	14.0624722111929	0.333	0	1	chr7-4198152-4198786	8
0.301699582478348	14.1629439983183	0.333	0	1	chr7-4226356-4227037	8
0.301699582478348	14.3486184345164	0.333	0	1	chr7-4416383-4416928	8
0.301699582478348	14.1288245362848	0.333	0	1	chr7-4631511-4632350	8
0.301699582478348	13.228316116385	0.333	0	1	chr7-4712406-4713274	8
0.301699582478348	13.5179557188577	0.333	0	1	chr7-4774561-4776535	8
0.301699582478348	14.016043309976	0.333	0	1	chr7-4831656-4832584	8
0.301699582478348	13.9652980655224	0.333	0	1	chr7-4835467-4836241	8
0.301699582478348	14.1071784809304	0.333	0	1	chr7-4849380-4849926	8
0.301699582478348	14.3336246843891	0.333	0	1	chr7-4931874-4932313	8
0.301699582478348	13.4319568801266	0.333	0	1	chr7-4973577-4975166	8
0.301699582478348	13.3528483662336	0.333	0	1	chr7-5045245-5046785	8
0.301699582478348	13.5490874491061	0.333	0	1	chr7-5077629-5078204	8
0.301699582478348	14.4940716441311	0.333	0	1	chr7-5163806-5164271	8
0.301699582478348	13.2076379813251	0.333	0	1	chr7-5182997-5183686	8
0.301699582478348	14.0616095552437	0.333	0	1	chr7-5189660-5191043	8
0.301699582478348	14.1259415521295	0.333	0	1	chr7-5234993-5235639	8
0.301699582478348	13.9926134790336	0.333	0	1	chr7-5282724-5283338	8
0.301699582478348	14.0655086669804	0.333	0	1	chr7-5351936-5352527	8
0.301699582478348	13.9828205085906	0.333	0	1	chr7-5365951-5366581	8
0.301699582478348	14.0681328974207	0.333	0	1	chr7-5518727-5519300	8
0.301699582478348	14.0743355340288	0.333	0	1	chr7-5555834-5556925	8
0.301699582478348	13.6137059492684	0.333	0	1	chr7-5569760-5570883	8
0.301699582478348	13.5522887251043	0.333	0	1	chr7-5592392-5593452	8
0.301699582478348	13.5172299059863	0.333	0	1	chr7-5677925-5678734	8
0.301699582478348	13.9672780543796	0.333	0	1	chr7-5691808-5694873	8
0.301699582478348	13.9380881630382	0.333	0	1	chr7-5780411-5782268	8
0.301699582478348	14.2082121440253	0.333	0	1	chr7-5898376-5898853	8
0.301699582478348	14.0734425135985	0.333	0	1	chr7-5996946-5997824	8
0.301699582478348	14.1202507144181	0.333	0	1	chr7-6026355-6026841	8
0.301699582478348	13.774461156975	0.333	0	1	chr7-6126228-6127495	8
0.301699582478348	14.0236905286458	0.333	0	1	chr7-6159950-6160744	8
0.301699582478348	13.8764559162665	0.333	0	1	chr7-6195894-6196698	8
0.301699582478348	13.796273530057	0.333	0	1	chr7-6237068-6238995	8
0.301699582478348	14.2494950116596	0.333	0	1	chr7-6558830-6559290	8
0.301699582478348	14.280080730049	0.333	0	1	chr7-6630046-6631073	8
0.301699582478348	13.9536339160177	0.333	0	1	chr7-6636495-6638248	8
0.301699582478348	13.7655546862368	0.333	0	1	chr7-6705829-6707510	8
0.301699582478348	13.8007075357675	0.333	0	1	chr7-6729259-6730759	8
0.301699582478348	13.5393026042755	0.333	0	1	chr7-6952962-6954458	8
0.301699582478348	14.0168006886513	0.333	0	1	chr7-6990977-6992524	8
0.301699582478348	13.0586341851967	0.333	0	1	chr7-7201278-7202361	8
0.301699582478348	13.6089674925814	0.333	0	1	chr7-7395281-7396632	8
0.301699582478348	13.8409524377062	0.333	0	1	chr7-7554625-7555505	8
0.301699582478348	13.915573143737	0.333	0	1	chr7-7572633-7574531	8
0.301699582478348	13.9125535909699	0.333	0	1	chr7-7811811-7812580	8
0.301699582478348	13.9007044578832	0.333	0	1	chr7-8004904-8006097	8
0.301699582478348	14.1520108869115	0.333	0	1	chr7-8014166-8014843	8
0.301699582478348	13.0828550702919	0.333	0	1	chr7-8035497-8036370	8
0.301699582478348	14.4288997806811	0.333	0	1	chr7-8136802-8137308	8
0.301699582478348	14.0946018138744	0.333	0	1	chr7-8190304-8190791	8
0.301699582478348	14.0770287312996	0.333	0	1	chr7-8277312-8278533	8
0.301699582478348	13.6631847525829	0.333	0	1	chr7-8284106-8285508	8
0.301699582478348	14.0739780450493	0.333	0	1	chr7-8295578-8296562	8
0.301699582478348	13.9186164339311	0.333	0	1	chr7-8389598-8390521	8
0.301699582478348	13.9587731039019	0.333	0	1	chr7-8418610-8419096	8
0.301699582478348	13.8656264230361	0.333	0	1	chr7-8436665-8437393	8
0.301699582478348	14.4172375871062	0.333	0	1	chr7-8818410-8818900	8
0.301699582478348	14.1425356145805	0.333	0	1	chr7-9083672-9084307	8
0.301699582478348	13.7744829063627	0.333	0	1	chr7-10268501-10269021	8
0.301699582478348	14.8662829531448	0.333	0	1	chr7-10681820-10681871	8
0.301699582478348	14.5518356158795	0.333	0	1	chr7-10761288-10761777	8
0.301699582478348	14.177929537307	0.333	0	1	chr7-11029558-11030427	8
0.301699582478348	13.8163692795149	0.333	0	1	chr7-11105524-11106157	8
0.301699582478348	13.7307059421893	0.333	0	1	chr7-11169902-11170988	8
0.301699582478348	13.8608215403992	0.333	0	1	chr7-11193214-11194330	8
0.301699582478348	14.2884803713723	0.333	0	1	chr7-11206230-11206820	8
0.301699582478348	14.065073240747	0.333	0	1	chr7-11214536-11215464	8
0.301699582478348	13.1151946176931	0.333	0	1	chr7-11290721-11291952	8
0.301699582478348	13.8827784695064	0.333	0	1	chr7-11642767-11643417	8
0.301699582478348	13.8796046511618	0.333	0	1	chr7-11831554-11832380	8
0.301699582478348	14.0583937003081	0.333	0	1	chr7-11858193-11859149	8
0.301699582478348	13.6212667868079	0.333	0	1	chr7-11969006-11970819	8
0.301699582478348	13.9244804233921	0.333	0	1	chr7-12007468-12008328	8
0.301699582478348	13.5593164006573	0.333	0	1	chr7-12210225-12212460	8
0.301699582478348	13.98838430496	0.333	0	1	chr7-12244096-12244589	8
0.301699582478348	13.3734118136768	0.333	0	1	chr7-12403057-12404838	8
0.301699582478348	12.8188110380163	0.333	0	1	chr7-12569858-12571137	8
0.301699582478348	14.4817971828035	0.333	0	1	chr7-12652878-12653889	8
0.301699582478348	13.0290659823743	0.333	0	1	chr7-12800921-12802829	8
0.301699582478348	14.1975668632338	0.333	0	1	chr7-12824239-12824955	8
0.301699582478348	14.2780185331547	0.333	0	1	chr7-13328886-13329375	8
0.301699582478348	14.6608358071082	0.333	0	1	chr7-13342509-13342762	8
0.301699582478348	14.1975668632338	0.333	0	1	chr7-13376663-13377133	8
0.301699582478348	13.0233732759008	0.333	0	1	chr7-14769146-14770906	8
0.301699582478348	14.2805985889937	0.333	0	1	chr7-14843555-14844199	8
0.301699582478348	13.9990508990835	0.333	0	1	chr7-15143312-15144960	8
0.301699582478348	13.1023208834084	0.333	0	1	chr7-15908090-15909378	8
0.301699582478348	13.7730319420938	0.333	0	1	chr7-16401802-16402955	8
0.301699582478348	13.8404738553245	0.333	0	1	chr7-16465260-16466094	8
0.301699582478348	13.4541129441776	0.333	0	1	chr7-16599418-16600503	8
0.301699582478348	13.6442206763231	0.333	0	1	chr7-16667740-16669388	8
0.301699582478348	14.0823806403411	0.333	0	1	chr7-16685494-16685786	8
0.301699582478348	13.8371392797307	0.333	0	1	chr7-16739798-16740794	8
0.301699582478348	13.834302393991	0.333	0	1	chr7-16803784-16805617	8
0.301699582478348	13.7971350777308	0.333	0	1	chr7-16809771-16811940	8
0.301699582478348	13.6340345972528	0.333	0	1	chr7-16812792-16814773	8
0.301699582478348	13.4154595470573	0.333	0	1	chr7-16832966-16834105	8
0.301699582478348	13.8319531182257	0.333	0	1	chr7-16846795-16848006	8
0.301699582478348	13.822000209176	0.333	0	1	chr7-16891277-16892558	8
0.301699582478348	14.2239578477137	0.333	0	1	chr7-16982617-16983586	8
0.301699582478348	13.7191545877922	0.333	0	1	chr7-17108966-17109465	8
0.301699582478348	14.1139013388575	0.333	0	1	chr7-17130168-17130914	8
0.301699582478348	14.0528195167783	0.333	0	1	chr7-17298050-17299394	8
0.301699582478348	14.2549819830259	0.333	0	1	chr7-17503518-17504304	8
0.301699582478348	13.542863340834	0.333	0	1	chr7-17557631-17559932	8
0.301699582478348	13.8575665885323	0.333	0	1	chr7-17599616-17600877	8
0.301699582478348	13.695280129511	0.333	0	1	chr7-17617851-17620033	8
0.301699582478348	13.8471867340487	0.333	0	1	chr7-17646365-17647038	8
0.301699582478348	13.7134097432241	0.333	0	1	chr7-17725470-17726158	8
0.301699582478348	13.634830420756	0.333	0	1	chr7-17846647-17847367	8
0.301699582478348	14.1988775421044	0.333	0	1	chr7-18086227-18087309	8
0.301699582478348	14.157718362821	0.333	0	1	chr7-18320173-18321419	8
0.301699582478348	14.0419326447305	0.333	0	1	chr7-18425761-18427325	8
0.301699582478348	13.8256758294252	0.333	0	1	chr7-18498954-18500059	8
0.301699582478348	14.1956112262212	0.333	0	1	chr7-18511320-18511937	8
0.301699582478348	14.2832019285627	0.333	0	1	chr7-18540835-18541618	8
0.301699582478348	13.3120914067423	0.333	0	1	chr7-18570415-18571306	8
0.301699582478348	14.0187011988789	0.333	0	1	chr7-18666005-18666579	8
0.301699582478348	14.1187156530888	0.333	0	1	chr7-18742110-18742956	8
0.301699582478348	13.603972664827	0.333	0	1	chr7-18977104-18977868	8
0.301699582478348	13.4777493301706	0.333	0	1	chr7-19116016-19118163	8
0.301699582478348	14.3927701671509	0.333	0	1	chr7-19442132-19442606	8
0.301699582478348	13.5544638650515	0.333	0	1	chr7-19700038-19702151	8
0.301699582478348	14.4334135109739	0.333	0	1	chr7-19747675-19748121	8
0.301699582478348	13.7904262790701	0.333	0	1	chr7-19958359-19958762	8
0.301699582478348	13.2419990850744	0.333	0	1	chr7-19970114-19971054	8
0.301699582478348	14.2199441989672	0.333	0	1	chr7-20172673-20173158	8
0.301699582478348	14.2001938197039	0.333	0	1	chr7-20185920-20186435	8
0.301699582478348	14.0852389342865	0.333	0	1	chr7-20312450-20313013	8
0.301699582478348	13.0456503170695	0.333	0	1	chr7-20392515-20393862	8
0.301699582478348	14.1081658884389	0.333	0	1	chr7-20606873-20607927	8
0.301699582478348	13.2184474615124	0.333	0	1	chr7-20777747-20778411	8
0.301699582478348	14.1192265437597	0.333	0	1	chr7-20790811-20791435	8
0.301699582478348	14.0366807095045	0.333	0	1	chr7-20892465-20893426	8
0.301699582478348	13.4583983712467	0.333	0	1	chr7-20958688-20960139	8
0.301699582478348	14.5807471321987	0.333	0	1	chr7-21029455-21029644	8
0.301699582478348	12.5484933368419	0.333	0	1	chr7-21128065-21129395	8
0.301699582478348	14.0586071601084	0.333	0	1	chr7-21254013-21254488	8
0.301699582478348	14.4380085437137	0.333	0	1	chr7-21476340-21476851	8
0.301699582478348	13.7860683953799	0.333	0	1	chr7-21503801-21504719	8
0.301699582478348	14.0962674894482	0.333	0	1	chr7-21923236-21924099	8
0.301699582478348	13.7082217382202	0.333	0	1	chr7-22082549-22084013	8
0.301699582478348	13.2831744416989	0.333	0	1	chr7-22103469-22104148	8
0.301699582478348	14.225626148934	0.333	0	1	chr7-22125037-22125863	8
0.301699582478348	14.113649891228	0.333	0	1	chr7-22199850-22201045	8
0.301699582478348	13.9077140406206	0.333	0	1	chr7-22233747-22234922	8
0.301699582478348	13.9652980655224	0.333	0	1	chr7-22333846-22335026	8
0.301699582478348	13.9301353117575	0.333	0	1	chr7-22559620-22560484	8
0.301699582478348	13.8472253553357	0.333	0	1	chr7-22583010-22583933	8
0.301699582478348	14.1803949106194	0.333	0	1	chr7-22667538-22668566	8
0.301699582478348	13.8173753545926	0.333	0	1	chr7-22821430-22823413	8
0.301699582478348	14.4836459170796	0.333	0	1	chr7-22943949-22944410	8
0.301699582478348	14.1548518722896	0.333	0	1	chr7-23055547-23056041	8
0.301699582478348	13.878683699539	0.333	0	1	chr7-23085725-23086763	8
0.301699582478348	14.0903562451314	0.333	0	1	chr7-23211420-23212246	8
0.301699582478348	14.1828798709562	0.333	0	1	chr7-23277192-23277842	8
0.301699582478348	13.9741800692549	0.333	0	1	chr7-23473494-23474966	8
0.301699582478348	13.8756725982514	0.333	0	1	chr7-23679749-23681435	8
0.301699582478348	13.2895082205756	0.333	0	1	chr7-23685361-23686305	8
0.301699582478348	13.6859540786567	0.333	0	1	chr7-23956561-23957704	8
0.301699582478348	13.5137355391891	0.333	0	1	chr7-24010328-24011076	8
0.301699582478348	13.8366651084082	0.333	0	1	chr7-24576095-24576893	8
0.301699582478348	14.6204897744895	0.333	0	1	chr7-24679281-24679625	8
0.301699582478348	13.956837638186	0.333	0	1	chr7-24715754-24716262	8
0.301699582478348	13.8407130768459	0.333	0	1	chr7-24756784-24758046	8
0.301699582478348	14.1565686728958	0.333	0	1	chr7-24904578-24905491	8
0.301699582478348	13.0214839414083	0.333	0	1	chr7-24962291-24963016	8
0.301699582478348	14.1182055551233	0.333	0	1	chr7-24971233-24972301	8
0.301699582478348	14.0990621719062	0.333	0	1	chr7-25093116-25094679	8
0.301699582478348	12.9490831466732	0.333	0	1	chr7-25179851-25180966	8
0.301699582478348	14.095076876734	0.333	0	1	chr7-25259576-25260195	8
0.301699582478348	14.1163023063757	0.333	0	1	chr7-25340051-25340447	8
0.301699582478348	14.0962674894482	0.333	0	1	chr7-25388480-25390011	8
0.301699582478348	13.4134407679068	0.333	0	1	chr7-25444885-25445482	8
0.301699582478348	13.6515282392208	0.333	0	1	chr7-25467798-25468500	8
0.301699582478348	14.0690121267144	0.333	0	1	chr7-25484885-25485854	8
0.301699582478348	14.3703832117508	0.333	0	1	chr7-25603357-25603775	8
0.301699582478348	13.7108030963433	0.333	0	1	chr7-25720292-25720761	8
0.301699582478348	13.8711765478707	0.333	0	1	chr7-25854503-25855542	8
0.301699582478348	13.7861734543022	0.333	0	1	chr7-25861580-25863266	8
0.301699582478348	13.600360758661	0.333	0	1	chr7-26090745-26091580	8
0.301699582478348	13.9072898972447	0.333	0	1	chr7-26151664-26152788	8
0.301699582478348	14.215751623432	0.333	0	1	chr7-26178174-26180265	8
0.301699582478348	14.5029473669282	0.333	0	1	chr7-26285013-26285473	8
0.301699582478348	12.8591674281461	0.333	0	1	chr7-26291480-26292575	8
0.301699582478348	13.7789839560602	0.333	0	1	chr7-26362499-26364471	8
0.301699582478348	14.1730561833398	0.333	0	1	chr7-26379740-26380356	8
0.301699582478348	13.2339429526843	0.333	0	1	chr7-26388202-26389392	8
0.301699582478348	14.0150988396549	0.333	0	1	chr7-26398289-26399623	8
0.301699582478348	13.8479553771885	0.333	0	1	chr7-26412790-26413915	8
0.301699582478348	13.5291531013113	0.333	0	1	chr7-26451883-26452701	8
0.301699582478348	13.7122694509149	0.333	0	1	chr7-26603598-26604151	8
0.301699582478348	14.5036179703047	0.333	0	1	chr7-26705495-26705998	8
0.301699582478348	13.4950865334269	0.333	0	1	chr7-26863720-26865492	8
0.301699582478348	14.6360979079787	0.333	0	1	chr7-26900289-26900571	8
0.301699582478348	13.9396647499555	0.333	0	1	chr7-26958337-26959113	8
0.301699582478348	13.9448060238545	0.333	0	1	chr7-27025008-27025781	8
0.301699582478348	13.8815853187479	0.333	0	1	chr7-27095585-27096780	8
0.301699582478348	13.4198054697826	0.333	0	1	chr7-27120635-27121640	8
0.301699582478348	14.2867100891549	0.333	0	1	chr7-27130474-27131239	8
0.301699582478348	14.0770287312996	0.333	0	1	chr7-27155632-27156439	8
0.301699582478348	14.1767040877884	0.333	0	1	chr7-27159814-27161417	8
0.301699582478348	13.8794290676483	0.333	0	1	chr7-27171402-27173892	8
0.301699582478348	13.612841006477	0.333	0	1	chr7-27174930-27175930	8
0.301699582478348	14.2771636088074	0.333	0	1	chr7-27179735-27180191	8
0.301699582478348	13.8185834889779	0.333	0	1	chr7-27605733-27607343	8
0.301699582478348	14.2952181724579	0.333	0	1	chr7-27763880-27764655	8
0.301699582478348	14.263002340181	0.333	0	1	chr7-27781163-27781656	8
0.301699582478348	13.6604742293273	0.333	0	1	chr7-27896760-27898072	8
0.301699582478348	14.1325310516065	0.333	0	1	chr7-27920936-27921664	8
0.301699582478348	13.8593160031094	0.333	0	1	chr7-28020072-28020934	8
0.301699582478348	14.0648557345725	0.333	0	1	chr7-28179446-28181262	8
0.301699582478348	14.1285613918886	0.333	0	1	chr7-28279717-28280502	8
0.301699582478348	13.3649073755503	0.333	0	1	chr7-28315208-28316042	8
0.301699582478348	14.1571429994429	0.333	0	1	chr7-28409002-28410547	8
0.301699582478348	14.0128422386607	0.333	0	1	chr7-28572559-28574294	8
0.301699582478348	14.2035093649582	0.333	0	1	chr7-28812463-28813146	8
0.301699582478348	14.2362061243486	0.333	0	1	chr7-28985980-28987148	8
0.301699582478348	13.6451434852446	0.333	0	1	chr7-29071099-29072012	8
0.301699582478348	13.2957075338313	0.333	0	1	chr7-29087484-29088346	8
0.301699582478348	14.1458480224493	0.333	0	1	chr7-29102523-29102977	8
0.301699582478348	14.1121452131191	0.333	0	1	chr7-29106131-29106839	8
0.301699582478348	13.9919051994315	0.333	0	1	chr7-29639933-29640927	8
0.301699582478348	14.2487194118305	0.333	0	1	chr7-29877244-29878545	8
0.301699582478348	13.9994119063135	0.333	0	1	chr7-29934996-29935906	8
0.301699582478348	14.1554231134882	0.333	0	1	chr7-29964710-29965488	8
0.301699582478348	14.1730561833398	0.333	0	1	chr7-29988974-29989872	8
0.301699582478348	13.5215540193193	0.333	0	1	chr7-30025727-30030306	8
0.301699582478348	14.5239285715337	0.333	0	1	chr7-30057638-30058117	8
0.301699582478348	13.8239105463638	0.333	0	1	chr7-30134285-30136180	8
0.301699582478348	13.8241403765483	0.333	0	1	chr7-30172357-30174082	8
0.301699582478348	13.0542804503707	0.333	0	1	chr7-30238626-30240021	8
0.301699582478348	12.7566369690328	0.333	0	1	chr7-30252998-30255745	8
0.301699582478348	13.4875252106177	0.333	0	1	chr7-30348244-30349809	8
0.301699582478348	14.0629043516275	0.333	0	1	chr7-30412955-30413576	8
0.301699582478348	13.5584541898962	0.333	0	1	chr7-30428733-30431210	8
0.301699582478348	13.0378732314588	0.333	0	1	chr7-30450055-30451077	8
0.301699582478348	14.0665996562165	0.333	0	1	chr7-30508930-30510491	8
0.301699582478348	13.9271486641221	0.333	0	1	chr7-30518714-30519634	8
0.301699582478348	14.0134050559866	0.333	0	1	chr7-30631820-30633210	8
0.301699582478348	14.1131475698082	0.333	0	1	chr7-30647596-30648652	8
0.301699582478348	13.9682720200914	0.333	0	1	chr7-30671728-30672466	8
0.301699582478348	13.83975702491	0.333	0	1	chr7-30740193-30741210	8
0.301699582478348	13.4781229445111	0.333	0	1	chr7-30770811-30772748	8
0.301699582478348	13.4899631919637	0.333	0	1	chr7-30977473-30978333	8
0.301699582478348	13.9897885862529	0.333	0	1	chr7-31122411-31123053	8
0.301699582478348	13.1565022271077	0.333	0	1	chr7-31271516-31272835	8
0.301699582478348	13.866645313324	0.333	0	1	chr7-31488524-31489061	8
0.301699582478348	14.1057028562678	0.333	0	1	chr7-31744224-31744780	8
0.301699582478348	13.501641672594	0.333	0	1	chr7-32204112-32205016	8
0.301699582478348	14.5019449428984	0.333	0	1	chr7-32210698-32211099	8
0.301699582478348	13.9082802844366	0.333	0	1	chr7-32427421-32428273	8
0.301699582478348	14.1161730349211	0.333	0	1	chr7-32479517-32480036	8
0.301699582478348	13.7189180450362	0.333	0	1	chr7-32489533-32491320	8
0.301699582478348	13.9194903659771	0.333	0	1	chr7-32727409-32729315	8
0.301699582478348	13.5061922621041	0.333	0	1	chr7-32851061-32851913	8
0.301699582478348	14.2123014571394	0.333	0	1	chr7-32879282-32879985	8
0.301699582478348	13.615875001689	0.333	0	1	chr7-33043509-33045511	8
0.301699582478348	14.0480922404795	0.333	0	1	chr7-33050298-33051167	8
0.301699582478348	13.9901405027124	0.333	0	1	chr7-33052175-33053216	8
0.301699582478348	14.215751623432	0.333	0	1	chr7-33185657-33186145	8
0.301699582478348	14.3993401665704	0.333	0	1	chr7-33191305-33191772	8
0.301699582478348	14.4442674572247	0.333	0	1	chr7-33629294-33629945	8
0.301699582478348	12.7952205346024	0.333	0	1	chr7-33733691-33734673	8
0.301699582478348	14.2683950621929	0.333	0	1	chr7-33895069-33895920	8
0.301699582478348	14.2884803713723	0.333	0	1	chr7-33904664-33905815	8
0.301699582478348	13.5118943300201	0.333	0	1	chr7-34035907-34037807	8
0.301699582478348	13.946054570809	0.333	0	1	chr7-34088015-34088749	8
0.301699582478348	13.9904927591254	0.333	0	1	chr7-34209184-34209888	8
0.301699582478348	14.3788669444561	0.333	0	1	chr7-34213420-34213939	8
0.301699582478348	13.8147446492086	0.333	0	1	chr7-34320658-34321534	8
0.301699582478348	14.3367695434088	0.333	0	1	chr7-34759459-34759957	8
0.301699582478348	14.3367695434088	0.333	0	1	chr7-34823612-34824142	8
0.301699582478348	13.8699746417952	0.333	0	1	chr7-35003055-35004326	8
0.301699582478348	13.6560433809471	0.333	0	1	chr7-35024668-35026547	8
0.301699582478348	13.8990406831439	0.333	0	1	chr7-35536392-35538049	8
0.301699582478348	13.6332329400804	0.333	0	1	chr7-35694085-35696345	8
0.301699582478348	14.2545866535302	0.333	0	1	chr7-35714649-35715404	8
0.301699582478348	14.4244642471389	0.333	0	1	chr7-35823377-35823890	8
0.301699582478348	13.1208042175946	0.333	0	1	chr7-35916851-35917443	8
0.301699582478348	13.9377056683694	0.333	0	1	chr7-35975593-35976328	8
0.301699582478348	14.1054575549922	0.333	0	1	chr7-35985090-35985817	8
0.301699582478348	14.0611790366426	0.333	0	1	chr7-36084359-36084861	8
0.301699582478348	13.0944446637523	0.333	0	1	chr7-36278466-36279465	8
0.301699582478348	13.3814369992978	0.333	0	1	chr7-36347981-36348810	8
0.301699582478348	13.330822125694	0.333	0	1	chr7-36366436-36367852	8
0.301699582478348	14.2241956126086	0.333	0	1	chr7-36404632-36405478	8
0.301699582478348	13.9810990058869	0.333	0	1	chr7-36670617-36671301	8
0.301699582478348	14.1290878932079	0.333	0	1	chr7-36765548-36766067	8
0.301699582478348	13.0572657874891	0.333	0	1	chr7-36971168-36972409	8
0.301699582478348	14.2055160109927	0.333	0	1	chr7-36985959-36987533	8
0.301699582478348	13.4825794756958	0.333	0	1	chr7-37181912-37182453	8
0.301699582478348	14.0875553586095	0.333	0	1	chr7-37201470-37202021	8
0.301699582478348	14.0470351888989	0.333	0	1	chr7-37224510-37224900	8
0.301699582478348	12.8864295566171	0.333	0	1	chr7-37448245-37449509	8
0.301699582478348	13.6916970365023	0.333	0	1	chr7-37901167-37902597	8
0.301699582478348	13.939545163231	0.333	0	1	chr7-38104865-38106509	8
0.301699582478348	13.3063137235672	0.333	0	1	chr7-38107363-38108001	8
0.301699582478348	14.3530575802418	0.333	0	1	chr7-38185867-38186380	8
0.301699582478348	13.8197192933217	0.333	0	1	chr7-38211826-38213033	8
0.301699582478348	13.9186164339311	0.333	0	1	chr7-38215449-38216407	8
0.301699582478348	14.4201039833705	0.333	0	1	chr7-38263146-38263554	8
0.301699582478348	14.115161459456	0.333	0	1	chr7-38354195-38354703	8
0.301699582478348	13.6727145989755	0.333	0	1	chr7-38368003-38368624	8
0.301699582478348	14.2068611096995	0.333	0	1	chr7-38502050-38502765	8
0.301699582478348	14.3208921996525	0.333	0	1	chr7-38660427-38660950	8
0.301699582478348	14.1141529782073	0.333	0	1	chr7-38700069-38700562	8
0.301699582478348	13.6869623829472	0.333	0	1	chr7-38702174-38704873	8
0.301699582478348	13.8984876564589	0.333	0	1	chr7-38731771-38732514	8
0.301699582478348	14.5493786043613	0.333	0	1	chr7-38783451-38783977	8
0.301699582478348	13.0558114814722	0.333	0	1	chr7-38858189-38859133	8
0.301699582478348	14.1166799897249	0.333	0	1	chr7-38932437-38932999	8
0.301699582478348	13.9029338746895	0.333	0	1	chr7-39044956-39045816	8
0.301699582478348	13.6886477779431	0.333	0	1	chr7-39072650-39074017	8
0.301699582478348	13.7605741458021	0.333	0	1	chr7-39247436-39249121	8
0.301699582478348	14.3575703456418	0.333	0	1	chr7-39458109-39458790	8
0.301699582478348	14.5878622313902	0.333	0	1	chr7-39595246-39595659	8
0.301699582478348	14.3367695434088	0.333	0	1	chr7-39599934-39600335	8
0.301699582478348	14.220648632124	0.333	0	1	chr7-39642809-39643356	8
0.301699582478348	14.2849506573183	0.333	0	1	chr7-39689083-39689815	8
0.301699582478348	13.043565738473	0.333	0	1	chr7-39720272-39721219	8
0.301699582478348	14.0362799527313	0.333	0	1	chr7-39746089-39746630	8
0.301699582478348	13.9485641163083	0.333	0	1	chr7-39888106-39888892	8
0.301699582478348	13.8324219068167	0.333	0	1	chr7-39930833-39931872	8
0.301699582478348	14.0063404814795	0.333	0	1	chr7-40329496-40330412	8
0.301699582478348	13.9346594710528	0.333	0	1	chr7-40717030-40717916	8
0.301699582478348	13.9537512065148	0.333	0	1	chr7-40866630-40866986	8
0.301699582478348	14.0808809976103	0.333	0	1	chr7-40898964-40899699	8
0.301699582478348	13.9633285593983	0.333	0	1	chr7-40947421-40948228	8
0.301699582478348	13.924185093031	0.333	0	1	chr7-40969484-40970226	8
0.301699582478348	14.1773162138838	0.333	0	1	chr7-41006577-41007712	8
0.301699582478348	14.0648557345725	0.333	0	1	chr7-41148186-41149550	8
0.301699582478348	14.1785440633478	0.333	0	1	chr7-41704850-41705951	8
0.301699582478348	14.0652227669133	0.333	0	1	chr7-42036219-42036620	8
0.301699582478348	13.8450430758448	0.333	0	1	chr7-42096263-42098064	8
0.301699582478348	13.9607186390324	0.333	0	1	chr7-42156337-42156968	8
0.301699582478348	13.2450177795241	0.333	0	1	chr7-42204195-42205590	8
0.301699582478348	13.3333557953171	0.333	0	1	chr7-42284884-42286028	8
0.301699582478348	13.732747513165	0.333	0	1	chr7-42292764-42293673	8
0.301699582478348	13.813622236752	0.333	0	1	chr7-42400780-42402251	8
0.301699582478348	14.0130297461353	0.333	0	1	chr7-42432451-42433147	8
0.301699582478348	13.4041403158351	0.333	0	1	chr7-42479692-42480674	8
0.301699582478348	14.025723571099	0.333	0	1	chr7-42485261-42485818	8
0.301699582478348	13.1187908927295	0.333	0	1	chr7-42662831-42663579	8
0.301699582478348	13.8704893036793	0.333	0	1	chr7-42831090-42833131	8
0.301699582478348	14.0861635968364	0.333	0	1	chr7-42868551-42869893	8
0.301699582478348	13.9597446052615	0.333	0	1	chr7-42992986-42994749	8
0.301699582478348	14.0048707344141	0.333	0	1	chr7-43112997-43114179	8
0.301699582478348	14.1349363137751	0.333	0	1	chr7-43304069-43304514	8
0.301699582478348	14.0642040414337	0.333	0	1	chr7-43439175-43440237	8
0.301699582478348	14.3399506881216	0.333	0	1	chr7-43475596-43476147	8
0.301699582478348	14.2763112036379	0.333	0	1	chr7-43560756-43561292	8
0.301699582478348	13.9061610994919	0.333	0	1	chr7-43763147-43765521	8
0.301699582478348	14.057754111765	0.333	0	1	chr7-43768036-43768873	8
0.301699582478348	14.2746138849237	0.333	0	1	chr7-43834474-43834924	8
0.301699582478348	13.8919113216123	0.333	0	1	chr7-43838615-43839384	8
0.301699582478348	13.6749226035463	0.333	0	1	chr7-43868211-43870093	8
0.301699582478348	13.6281196442679	0.333	0	1	chr7-43931039-43931777	8
0.301699582478348	14.225626148934	0.333	0	1	chr7-43985969-43986425	8
0.301699582478348	14.7840654686325	0.333	0	1	chr7-43990233-43990517	8
0.301699582478348	13.7858583546656	0.333	0	1	chr7-44065368-44068656	8
0.301699582478348	12.9365809725233	0.333	0	1	chr7-44070925-44074357	8
0.301699582478348	14.265451886057	0.333	0	1	chr7-44094670-44095391	8
0.301699582478348	14.0776301261199	0.333	0	1	chr7-44111024-44113489	8
0.301699582478348	13.2965306958192	0.333	0	1	chr7-44122511-44124383	8
0.301699582478348	13.9594204908441	0.333	0	1	chr7-44290977-44292447	8
0.301699582478348	12.7418849842916	0.333	0	1	chr7-44322385-44323531	8
0.301699582478348	14.3011892153383	0.333	0	1	chr7-44385494-44386701	8
0.301699582478348	13.7438599984017	0.333	0	1	chr7-44391612-44392478	8
0.301699582478348	13.4825798674055	0.333	0	1	chr7-44489756-44491369	8
0.301699582478348	14.3594730443547	0.333	0	1	chr7-44533865-44534980	8
0.301699582478348	13.8728134888583	0.333	0	1	chr7-44565146-44566167	8
0.301699582478348	14.1052124346676	0.333	0	1	chr7-44608831-44610016	8
0.301699582478348	13.7874756981972	0.333	0	1	chr7-44631509-44631967	8
0.301699582478348	13.777059410137	0.333	0	1	chr7-44884138-44886610	8
0.301699582478348	12.7601309713503	0.333	0	1	chr7-45073213-45074494	8
0.301699582478348	14.2875938646379	0.333	0	1	chr7-45115977-45116562	8
0.301699582478348	13.9023753287057	0.333	0	1	chr7-45128970-45129920	8
0.301699582478348	13.6647034831197	0.333	0	1	chr7-45235007-45235514	8
0.301699582478348	14.2113879745772	0.333	0	1	chr7-45259944-45260619	8
0.301699582478348	13.5792227465513	0.333	0	1	chr7-45267208-45268095	8
0.301699582478348	12.4634210326892	0.333	0	1	chr7-45574206-45575439	8
0.301699582478348	14.1629439983183	0.333	0	1	chr7-45687597-45688391	8
0.301699582478348	13.7845452892637	0.333	0	1	chr7-45828095-45828706	8
0.301699582478348	13.651029644123	0.333	0	1	chr7-45832524-45833381	8
0.301699582478348	13.9584498302609	0.333	0	1	chr7-45854196-45854771	8
0.301699582478348	13.6956228329095	0.333	0	1	chr7-45919891-45921675	8
0.301699582478348	14.0620406129138	0.333	0	1	chr7-46007899-46008554	8
0.301699582478348	14.415816227524	0.333	0	1	chr7-46259940-46260383	8
0.301699582478348	13.2348855310229	0.333	0	1	chr7-46280878-46281759	8
0.301699582478348	14.1013148743431	0.333	0	1	chr7-46539717-46540543	8
0.301699582478348	12.8497288836761	0.333	0	1	chr7-46590994-46591886	8
0.301699582478348	14.0419326447305	0.333	0	1	chr7-46713779-46714406	8
0.301699582478348	14.0485067763003	0.333	0	1	chr7-47100785-47101258	8
0.301699582478348	14.6022904660091	0.333	0	1	chr7-47170485-47170924	8
0.301699582478348	14.1629439983183	0.333	0	1	chr7-47180137-47180656	8
0.301699582478348	13.846011541276	0.333	0	1	chr7-47435573-47436348	8
0.301699582478348	14.0279677382807	0.333	0	1	chr7-47502179-47503104	8
0.301699582478348	13.9020963544777	0.333	0	1	chr7-47596236-47597218	8
0.301699582478348	14.0062737788188	0.333	0	1	chr7-47769353-47769764	8
0.301699582478348	13.4678929822565	0.333	0	1	chr7-47819089-47819754	8
0.301699582478348	13.9666168854249	0.333	0	1	chr7-47853639-47854178	8
0.301699582478348	13.9021682460963	0.333	0	1	chr7-47938745-47939201	8
0.301699582478348	14.0443834513192	0.333	0	1	chr7-48139920-48140602	8
0.301699582478348	14.0499281070188	0.333	0	1	chr7-48187834-48188286	8
0.301699582478348	13.9432511141985	0.333	0	1	chr7-48875073-48875763	8
0.301699582478348	14.0535201670147	0.333	0	1	chr7-49099539-49100061	8
0.301699582478348	13.2234733668698	0.333	0	1	chr7-49324603-49325145	8
0.301699582478348	13.4664993307984	0.333	0	1	chr7-49768175-49769261	8
0.301699582478348	13.4892370390312	0.333	0	1	chr7-49781514-49782291	8
0.301699582478348	13.9696014628056	0.333	0	1	chr7-49852565-49853296	8
0.301699582478348	14.3598551934313	0.333	0	1	chr7-50031800-50032251	8
0.301699582478348	13.9271486641221	0.333	0	1	chr7-50481849-50482841	8
0.301699582478348	13.0828550702919	0.333	0	1	chr7-50637406-50639143	8
0.301699582478348	13.9596365358859	0.333	0	1	chr7-51100443-51102257	8
0.301699582478348	14.0694525898355	0.333	0	1	chr7-51141163-51142166	8
0.301699582478348	14.0319015039283	0.333	0	1	chr7-51275671-51276846	8
0.301699582478348	13.8113863707622	0.333	0	1	chr7-51279658-51280861	8
0.301699582478348	13.8474052104809	0.333	0	1	chr7-51680635-51681325	8
0.301699582478348	13.909668645936	0.333	0	1	chr7-51743507-51744073	8
0.301699582478348	13.5949917421107	0.333	0	1	chr7-51827699-51828367	8
0.301699582478348	14.677620163054	0.333	0	1	chr7-52120364-52120739	8
0.301699582478348	14.2395670143984	0.333	0	1	chr7-52271519-52272459	8
0.301699582478348	13.7193692455554	0.333	0	1	chr7-52775648-52776452	8
0.301699582478348	14.5445410696205	0.333	0	1	chr7-53022473-53022781	8
0.301699582478348	14.0987554775654	0.333	0	1	chr7-53223306-53224142	8
0.301699582478348	13.5378106244186	0.333	0	1	chr7-53811231-53812628	8
0.301699582478348	14.4060790472654	0.333	0	1	chr7-54546672-54547125	8
0.301699582478348	14.2187030244212	0.333	0	1	chr7-54560691-54560931	8
0.301699582478348	13.3073363175304	0.333	0	1	chr7-54664063-54665449	8
0.301699582478348	13.9897885862529	0.333	0	1	chr7-54839353-54840174	8
0.301699582478348	13.8699746417952	0.333	0	1	chr7-54841619-54842466	8
0.301699582478348	12.5646815149424	0.333	0	1	chr7-54987115-54989450	8
0.301699582478348	14.1259415521295	0.333	0	1	chr7-55081074-55082602	8
0.301699582478348	13.9613694092915	0.333	0	1	chr7-55108703-55111000	8
0.301699582478348	13.3049460748173	0.333	0	1	chr7-55180618-55182606	8
0.301699582478348	13.4319255206516	0.333	0	1	chr7-55415086-55415794	8
0.301699582478348	14.0681328974207	0.333	0	1	chr7-55444196-55445605	8
0.301699582478348	14.1898174336053	0.333	0	1	chr7-55467374-55468324	8
0.301699582478348	14.1715486249206	0.333	0	1	chr7-55521393-55522536	8
0.301699582478348	13.7396838746422	0.333	0	1	chr7-55597123-55598410	8
0.301699582478348	12.3950534270224	0.333	0	1	chr7-55640953-55641928	8
0.301699582478348	13.9594204908441	0.333	0	1	chr7-55773466-55775506	8
0.301699582478348	13.671736592053	0.333	0	1	chr7-55977602-55978876	8
0.301699582478348	13.5077743183971	0.333	0	1	chr7-56009051-56010779	8
0.301699582478348	13.9926134790336	0.333	0	1	chr7-56048631-56049400	8
0.301699582478348	12.0892485665381	0.333	0	1	chr7-56091534-56093736	8
0.301699582478348	14.3305152039284	0.333	0	1	chr7-56196225-56196540	8
0.301699582478348	13.150452336585	0.333	0	1	chr7-64890060-64892808	8
0.301699582478348	12.2290133220678	0.333	0	1	chr7-65006043-65007287	8
0.301699582478348	13.5589361318996	0.333	0	1	chr7-65193244-65193685	8
0.301699582478348	12.8323419944454	0.333	0	1	chr7-65216313-65216871	8
0.301699582478348	13.2455396154658	0.333	0	1	chr7-65284109-65284946	8
0.301699582478348	13.0368107828128	0.333	0	1	chr7-67878069-67879036	8
0.301699582478348	13.2656920117881	0.333	0	1	chr7-69549443-69550465	8
0.301699582478348	12.5875479988745	0.333	0	1	chr7-69653916-69655630	8
0.301699582478348	13.0095045225639	0.333	0	1	chr7-69994653-69997245	8
0.301699582478348	13.3784508821069	0.333	0	1	chr7-70480704-70481713	8
0.301699582478348	13.2598905830066	0.333	0	1	chr7-70568493-70569615	8
0.301699582478348	13.448022361242	0.333	0	1	chr7-70570811-70572059	8
0.301699582478348	12.8587079721758	0.333	0	1	chr7-70693474-70695657	8
0.301699582478348	12.8220267467953	0.333	0	1	chr7-70737850-70738898	8
0.301699582478348	12.1870015697122	0.333	0	1	chr7-73577337-73579396	8
0.301699582478348	13.6112766904313	0.333	0	1	chr7-74566642-74567192	8
0.301699582478348	13.8215269304988	0.333	0	1	chr7-74610159-74610686	8
0.301699582478348	12.6789920901618	0.333	0	1	chr7-74993404-74994565	8
0.301699582478348	13.1838264110572	0.333	0	1	chr7-75046098-75047035	8
0.301699582478348	12.8513997380986	0.333	0	1	chr7-75762181-75763046	8
0.301699582478348	12.4155917017355	0.333	0	1	chr7-75878309-75880517	8
0.301699582478348	13.3725239891918	0.333	0	1	chr7-75950145-75950961	8
0.301699582478348	13.634830420756	0.333	0	1	chr7-76098840-76099899	8
0.301699582478348	12.1899424597021	0.333	0	1	chr7-76166149-76167478	8
0.301699582478348	12.8063740958818	0.333	0	1	chr7-76299952-76300773	8
0.301699582478348	12.6419095761959	0.333	0	1	chr7-76313966-76314964	8
0.301699582478348	12.9497135656697	0.333	0	1	chr7-76396906-76398278	8
0.301699582478348	13.2552487845717	0.333	0	1	chr7-77198158-77200045	8
0.301699582478348	13.597967362198	0.333	0	1	chr7-77982602-77983377	8
0.301699582478348	12.5656807881679	0.333	0	1	chr7-78018505-78021112	8
0.301699582478348	13.2528902985211	0.333	0	1	chr7-78760539-78761468	8
0.301699582478348	13.7310227562044	0.333	0	1	chr7-79176822-79177301	8
0.301699582478348	12.8115483144659	0.333	0	1	chr7-80138744-80140813	8
0.301699582478348	13.5697465477109	0.333	0	1	chr7-80319447-80319926	8
0.301699582478348	13.0666176898193	0.333	0	1	chr7-80445156-80446360	8
0.301699582478348	12.5043647813136	0.333	0	1	chr7-80611038-80612500	8
0.301699582478348	12.84730461505	0.333	0	1	chr7-80768805-80774340	8
0.301699582478348	13.1151946176931	0.333	0	1	chr7-80826243-80828398	8
0.301699582478348	13.0521883930625	0.333	0	1	chr7-80921084-80922904	8
0.301699582478348	13.1397363501791	0.333	0	1	chr7-81453043-81454580	8
0.301699582478348	13.6262715678847	0.333	0	1	chr7-82198732-82199401	8
0.301699582478348	13.0638134303844	0.333	0	1	chr7-82677549-82679221	8
0.301699582478348	13.1070759777761	0.333	0	1	chr7-82944875-82945859	8
0.301699582478348	12.4334216185433	0.333	0	1	chr7-83266789-83267824	8
0.301699582478348	14.079460256781	0.333	0	1	chr7-84675730-84676109	8
0.301699582478348	13.6582903355368	0.333	0	1	chr7-85191321-85191819	8
0.301699582478348	13.8745662305025	0.333	0	1	chr7-85233332-85233800	8
0.301699582478348	13.4115451485676	0.333	0	1	chr7-85750156-85750851	8
0.301699582478348	13.1356929196107	0.333	0	1	chr7-85765515-85766317	8
0.301699582478348	13.2535471383127	0.333	0	1	chr7-86643325-86644416	8
0.301699582478348	13.4157834948214	0.333	0	1	chr7-87003773-87004585	8
0.301699582478348	13.3529072445368	0.333	0	1	chr7-87230862-87232323	8
0.301699582478348	13.8482543648573	0.333	0	1	chr7-87600536-87601178	8
0.301699582478348	12.8607918559666	0.333	0	1	chr7-87627545-87629608	8
0.301699582478348	13.4534328979873	0.333	0	1	chr7-87676551-87677758	8
0.301699582478348	13.1483785251017	0.333	0	1	chr7-87809132-87810713	8
0.301699582478348	13.1968701181279	0.333	0	1	chr7-88664623-88666519	8
0.301699582478348	13.4383699696787	0.333	0	1	chr7-89622948-89623493	8
0.301699582478348	13.4626584364638	0.333	0	1	chr7-89665870-89666643	8
0.301699582478348	12.5083596956577	0.333	0	1	chr7-90153884-90158413	8
0.301699582478348	12.7448224240403	0.333	0	1	chr7-90180054-90182059	8
0.301699582478348	12.8009136028924	0.333	0	1	chr7-90192632-90193927	8
0.301699582478348	13.3024941771878	0.333	0	1	chr7-90420120-90422133	8
0.301699582478348	13.5866124428655	0.333	0	1	chr7-90652211-90653057	8
0.301699582478348	13.2320619058447	0.333	0	1	chr7-90676773-90678528	8
0.301699582478348	12.0810246266013	0.333	0	1	chr7-90766442-90768629	8
0.301699582478348	13.568133689202	0.333	0	1	chr7-90816660-90817283	8
0.301699582478348	12.4869819699812	0.333	0	1	chr7-91033300-91035094	8
0.301699582478348	13.6825078522119	0.333	0	1	chr7-91357940-91358767	8
0.301699582478348	14.4928866552108	0.333	0	1	chr7-91703882-91704192	8
0.301699582478348	13.800916973029	0.333	0	1	chr7-91784420-91784892	8
0.301699582478348	13.9176840007073	0.333	0	1	chr7-92060928-92061527	8
0.301699582478348	14.067812549923	0.333	0	1	chr7-92341783-92342172	8
0.301699582478348	11.5818559752241	0.333	0	1	chr7-92527171-92529397	8
0.301699582478348	12.7418849842916	0.333	0	1	chr7-92645303-92646555	8
0.301699582478348	14.0088506403743	0.333	0	1	chr7-93205743-93206150	8
0.301699582478348	13.4588968394954	0.333	0	1	chr7-93212718-93213424	8
0.301699582478348	12.8939102062047	0.333	0	1	chr7-94003447-94005064	8
0.301699582478348	13.2078528104894	0.333	0	1	chr7-95322625-95324264	8
0.301699582478348	13.4797255942438	0.333	0	1	chr7-95480574-95481684	8
0.301699582478348	13.2540328599438	0.333	0	1	chr7-95590370-95591345	8
0.301699582478348	13.46078061236	0.333	0	1	chr7-95598787-95599815	8
0.301699582478348	13.0809417417777	0.333	0	1	chr7-95622733-95623472	8
0.301699582478348	12.8367566435437	0.333	0	1	chr7-95772071-95773655	8
0.301699582478348	12.8422518011835	0.333	0	1	chr7-96508235-96509091	8
0.301699582478348	13.6100231459972	0.333	0	1	chr7-96621858-96622440	8
0.301699582478348	12.8251079048747	0.333	0	1	chr7-96793670-96795495	8
0.301699582478348	13.3648265781768	0.333	0	1	chr7-97005208-97006548	8
0.301699582478348	12.7260345666713	0.333	0	1	chr7-97024009-97025334	8
0.301699582478348	13.3202728377981	0.333	0	1	chr7-97104518-97105238	8
0.301699582478348	12.8768217804248	0.333	0	1	chr7-97352790-97354482	8
0.301699582478348	13.8275349156493	0.333	0	1	chr7-97732474-97732940	8
0.301699582478348	13.1546189286427	0.333	0	1	chr7-98013228-98014808	8
0.301699582478348	13.352286490247	0.333	0	1	chr7-98034103-98034863	8
0.301699582478348	13.6048797765346	0.333	0	1	chr7-98166062-98166569	8
0.301699582478348	13.2310857284519	0.333	0	1	chr7-98211115-98212295	8
0.301699582478348	12.89403269007	0.333	0	1	chr7-98213387-98214637	8
0.301699582478348	13.7659679698359	0.333	0	1	chr7-98841697-98842183	8
0.301699582478348	12.3740466697546	0.333	0	1	chr7-98921039-98923609	8
0.301699582478348	12.5440695367505	0.333	0	1	chr7-99324721-99326887	8
0.301699582478348	13.7054870165444	0.333	0	1	chr7-99331859-99332514	8
0.301699582478348	12.3668398104927	0.333	0	1	chr7-99472125-99473755	8
0.301699582478348	12.6806226914134	0.333	0	1	chr7-99679047-99680490	8
0.301699582478348	13.0869725898698	0.333	0	1	chr7-99929191-99930083	8
0.301699582478348	13.6649601478877	0.333	0	1	chr7-99990787-99991364	8
0.301699582478348	12.926638387468	0.333	0	1	chr7-100148182-100150019	8
0.301699582478348	13.2592589312202	0.333	0	1	chr7-100157486-100159537	8
0.301699582478348	13.2988829098584	0.333	0	1	chr7-100469158-100469824	8
0.301699582478348	13.8033080453609	0.333	0	1	chr7-100482980-100483838	8
0.301699582478348	13.2253259506925	0.333	0	1	chr7-100626263-100627659	8
0.301699582478348	13.7016265044935	0.333	0	1	chr7-100632771-100634211	8
0.301699582478348	13.4825794756958	0.333	0	1	chr7-100896854-100898160	8
0.301699582478348	13.6290726532577	0.333	0	1	chr7-100983405-100984005	8
0.301699582478348	13.463722607137	0.333	0	1	chr7-101031101-101031883	8
0.301699582478348	12.497201746825	0.333	0	1	chr7-101153905-101158015	8
0.301699582478348	12.9951801746595	0.333	0	1	chr7-101644640-101645578	8
0.301699582478348	13.8085723257833	0.333	0	1	chr7-101859067-101859708	8
0.301699582478348	12.4916471176915	0.333	0	1	chr7-101899559-101901075	8
0.301699582478348	13.4678929822565	0.333	0	1	chr7-102029585-102030078	8
0.301699582478348	13.6605031748235	0.333	0	1	chr7-102289724-102290165	8
0.301699582478348	12.301446939377	0.333	0	1	chr7-102395333-102397470	8
0.301699582478348	13.6740449915326	0.333	0	1	chr7-102811755-102812401	8
0.301699582478348	13.1483785251017	0.333	0	1	chr7-103129069-103130634	8
0.301699582478348	12.2631875702356	0.333	0	1	chr7-103148212-103150127	8
0.301699582478348	13.7687747150649	0.333	0	1	chr7-103524114-103524762	8
0.301699582478348	12.9676113310647	0.333	0	1	chr7-103540752-103541538	8
0.301699582478348	13.3024941771878	0.333	0	1	chr7-103592697-103594366	8
0.301699582478348	13.5624272506778	0.333	0	1	chr7-104029641-104030202	8
0.301699582478348	12.8439894671486	0.333	0	1	chr7-104205757-104208786	8
0.301699582478348	12.0563468783746	0.333	0	1	chr7-104977997-104980544	8
0.301699582478348	13.0990499686861	0.333	0	1	chr7-105256760-105257926	8
0.301699582478348	12.7646441893105	0.333	0	1	chr7-105303923-105305043	8
0.301699582478348	13.3935370593764	0.333	0	1	chr7-105880811-105881470	8
0.301699582478348	12.8397744520303	0.333	0	1	chr7-106056729-106057554	8
0.301699582478348	12.292371943777	0.333	0	1	chr7-106058076-106059272	8
0.301699582478348	13.0006443157516	0.333	0	1	chr7-106429698-106431466	8
0.301699582478348	13.7904262790701	0.333	0	1	chr7-106462335-106462827	8
0.301699582478348	12.8338261216877	0.333	0	1	chr7-106492814-106493753	8
0.301699582478348	13.3244025550085	0.333	0	1	chr7-106736443-106737601	8
0.301699582478348	13.4109604734727	0.333	0	1	chr7-106947171-106947688	8
0.301699582478348	13.3562393531512	0.333	0	1	chr7-107144794-107145552	8
0.301699582478348	13.8903223843883	0.333	0	1	chr7-107364564-107365005	8
0.301699582478348	13.5614281558835	0.333	0	1	chr7-107854379-107854930	8
0.301699582478348	13.1767371824766	0.333	0	1	chr7-107874510-107875089	8
0.301699582478348	13.2387885703043	0.333	0	1	chr7-108109241-108109882	8
0.301699582478348	13.4944139180789	0.333	0	1	chr7-108452683-108453160	8
0.301699582478348	11.596872192798	0.333	0	1	chr7-108568065-108571237	8
0.301699582478348	12.7534247010087	0.333	0	1	chr7-108610807-108611945	8
0.301699582478348	13.3834970678626	0.333	0	1	chr7-109696581-109697261	8
0.301699582478348	13.5114612756324	0.333	0	1	chr7-109699556-109700161	8
0.301699582478348	12.9109355642512	0.333	0	1	chr7-110155152-110156108	8
0.301699582478348	14.0965278515398	0.333	0	1	chr7-110165846-110166435	8
0.301699582478348	13.6100231459972	0.333	0	1	chr7-110186274-110186770	8
0.301699582478348	13.280323404506	0.333	0	1	chr7-110442197-110442783	8
0.301699582478348	13.4841424958941	0.333	0	1	chr7-110568137-110569246	8
0.301699582478348	12.7895655410345	0.333	0	1	chr7-110640890-110642340	8
0.301699582478348	13.063846495442	0.333	0	1	chr7-110676821-110678174	8
0.301699582478348	12.5582480648545	0.333	0	1	chr7-111527181-111531069	8
0.301699582478348	13.0977910025548	0.333	0	1	chr7-111540147-111541465	8
0.301699582478348	12.228461935459	0.333	0	1	chr7-111560708-111563039	8
0.301699582478348	12.8032016328103	0.333	0	1	chr7-111649511-111651186	8
0.301699582478348	12.3447644631065	0.333	0	1	chr7-111749786-111751568	8
0.301699582478348	13.403402668781	0.333	0	1	chr7-112116668-112117367	8
0.301699582478348	13.2271838246561	0.333	0	1	chr7-112128853-112130597	8
0.301699582478348	12.9681385852698	0.333	0	1	chr7-112159941-112163062	8
0.301699582478348	12.1881200232455	0.333	0	1	chr7-112422175-112425308	8
0.301699582478348	13.6029394469069	0.333	0	1	chr7-112495607-112496459	8
0.301699582478348	13.2881804804473	0.333	0	1	chr7-113289043-113289609	8
0.301699582478348	13.2287831588901	0.333	0	1	chr7-113394082-113395520	8
0.301699582478348	13.6705912585047	0.333	0	1	chr7-113774157-113774659	8
0.301699582478348	13.697406227247	0.333	0	1	chr7-114414283-114415274	8
0.301699582478348	13.5032046610731	0.333	0	1	chr7-115135050-115136392	8
0.301699582478348	13.1531762598231	0.333	0	1	chr7-115649250-115649972	8
0.301699582478348	13.4376502511555	0.333	0	1	chr7-115679833-115680361	8
0.301699582478348	12.9700749596372	0.333	0	1	chr7-116096304-116098027	8
0.301699582478348	13.7521983115429	0.333	0	1	chr7-116235986-116236392	8
0.301699582478348	13.6571877774018	0.333	0	1	chr7-116249899-116250393	8
0.301699582478348	13.4976142190814	0.333	0	1	chr7-116420804-116421987	8
0.301699582478348	13.965048967587	0.333	0	1	chr7-116630969-116631276	8
0.301699582478348	13.2754660175711	0.333	0	1	chr7-116788302-116789194	8
0.301699582478348	13.714526086957	0.333	0	1	chr7-116796420-116796891	8
0.301699582478348	12.9420380013211	0.333	0	1	chr7-117071591-117073790	8
0.301699582478348	12.613871184669	0.333	0	1	chr7-118182425-118185125	8
0.301699582478348	13.8195290981978	0.333	0	1	chr7-119941955-119942447	8
0.301699582478348	13.5273173065392	0.333	0	1	chr7-120013502-120014169	8
0.301699582478348	13.9790756378362	0.333	0	1	chr7-120264823-120265242	8
0.301699582478348	13.4276699079084	0.333	0	1	chr7-120369348-120370426	8
0.301699582478348	13.3535286467133	0.333	0	1	chr7-120554887-120555739	8
0.301699582478348	13.9456198434815	0.333	0	1	chr7-120926725-120927626	8
0.301699582478348	13.4347805862628	0.333	0	1	chr7-121300672-121301840	8
0.301699582478348	13.2837286906732	0.333	0	1	chr7-121663836-121664365	8
0.301699582478348	13.1417841738405	0.333	0	1	chr7-122652729-122653616	8
0.301699582478348	13.2949184047514	0.333	0	1	chr7-122833798-122834553	8
0.301699582478348	12.8371005983997	0.333	0	1	chr7-122843790-122845080	8
0.301699582478348	12.8060704427485	0.333	0	1	chr7-123154156-123154846	8
0.301699582478348	12.3906335793301	0.333	0	1	chr7-123622496-123623379	8
0.301699582478348	13.4992215641593	0.333	0	1	chr7-123637143-123637815	8
0.301699582478348	13.4960116818415	0.333	0	1	chr7-123695321-123696072	8
0.301699582478348	12.9166195887559	0.333	0	1	chr7-124083980-124086020	8
0.301699582478348	13.304017768182	0.333	0	1	chr7-124152789-124153307	8
0.301699582478348	13.3244025550085	0.333	0	1	chr7-124275932-124276442	8
0.301699582478348	13.7744431675661	0.333	0	1	chr7-125255851-125256847	8
0.301699582478348	12.719773905152	0.333	0	1	chr7-127252684-127254369	8
0.301699582478348	13.3077530575762	0.333	0	1	chr7-127476411-127478374	8
0.301699582478348	13.474062414154	0.333	0	1	chr7-127741235-127742368	8
0.301699582478348	13.4312140144776	0.333	0	1	chr7-127759301-127760766	8
0.301699582478348	12.5427825660884	0.333	0	1	chr7-127945817-127946872	8
0.301699582478348	13.5885218288994	0.333	0	1	chr7-128021206-128021878	8
0.301699582478348	14.0908667755114	0.333	0	1	chr7-128166505-128167842	8
0.301699582478348	13.9719958375104	0.333	0	1	chr7-128614846-128615209	8
0.301699582478348	13.5222494240931	0.333	0	1	chr7-128771051-128772143	8
0.301699582478348	13.7576543985519	0.333	0	1	chr7-129252023-129252677	8
0.301699582478348	13.1786203303285	0.333	0	1	chr7-129264464-129265042	8
0.301699582478348	14.1627078653247	0.333	0	1	chr7-129713559-129713846	8
0.301699582478348	12.9995441070407	0.333	0	1	chr7-129829588-129830985	8
0.301699582478348	13.8730830379978	0.333	0	1	chr7-130010734-130011274	8
0.301699582478348	12.9637144580371	0.333	0	1	chr7-130113416-130115152	8
0.301699582478348	13.3750539335887	0.333	0	1	chr7-130127571-130128508	8
0.301699582478348	13.7111320110022	0.333	0	1	chr7-130278008-130278409	8
0.301699582478348	13.2619314581305	0.333	0	1	chr7-130435334-130436222	8
0.301699582478348	13.0241303594159	0.333	0	1	chr7-130485924-130487259	8
0.301699582478348	12.9305646579099	0.333	0	1	chr7-130896584-130897558	8
0.301699582478348	13.2311234276511	0.333	0	1	chr7-130943344-130944445	8
0.301699582478348	12.9505834025477	0.333	0	1	chr7-131109454-131112111	8
0.301699582478348	13.4537026516933	0.333	0	1	chr7-131157730-131158400	8
0.301699582478348	13.0886262794585	0.333	0	1	chr7-131187176-131187943	8
0.301699582478348	12.7328081459255	0.333	0	1	chr7-131538550-131541959	8
0.301699582478348	13.0491684946073	0.333	0	1	chr7-131745385-131746114	8
0.301699582478348	13.8559773985822	0.333	0	1	chr7-131753577-131754110	8
0.301699582478348	13.1900317542269	0.333	0	1	chr7-131859050-131859658	8
0.301699582478348	13.3933937489179	0.333	0	1	chr7-132142298-132143439	8
0.301699582478348	13.0200164558255	0.333	0	1	chr7-132242031-132242891	8
0.301699582478348	12.9502397738105	0.333	0	1	chr7-132305210-132306694	8
0.301699582478348	13.3109315111428	0.333	0	1	chr7-132386086-132386712	8
0.301699582478348	13.6283412101791	0.333	0	1	chr7-132815638-132816497	8
0.301699582478348	13.2638259340717	0.333	0	1	chr7-133161224-133162036	8
0.301699582478348	13.1650852998652	0.333	0	1	chr7-133853520-133855147	8
0.301699582478348	12.9408491048972	0.333	0	1	chr7-134021124-134023128	8
0.301699582478348	12.8138655343179	0.333	0	1	chr7-134443533-134445378	8
0.301699582478348	13.1909915670215	0.333	0	1	chr7-134513047-134513637	8
0.301699582478348	12.2590955357006	0.333	0	1	chr7-134778803-134780819	8
0.301699582478348	13.2400944484106	0.333	0	1	chr7-134959290-134960869	8
0.301699582478348	13.149553418661	0.333	0	1	chr7-135253723-135254953	8
0.301699582478348	13.1838264110572	0.333	0	1	chr7-135281218-135282150	8
0.301699582478348	14.3057731311483	0.333	0	1	chr7-135388569-135388848	8
0.301699582478348	13.0919452332398	0.333	0	1	chr7-135441694-135442269	8
0.301699582478348	13.1890733221588	0.333	0	1	chr7-135797225-135798785	8
0.301699582478348	13.8903223843883	0.333	0	1	chr7-135885380-135885733	8
0.301699582478348	13.8525268427671	0.333	0	1	chr7-136009449-136009902	8
0.301699582478348	13.6346036903192	0.333	0	1	chr7-136058452-136059375	8
0.301699582478348	13.5036668386464	0.333	0	1	chr7-137171779-137172720	8
0.301699582478348	13.4679507507122	0.333	0	1	chr7-137626404-137626933	8
0.301699582478348	13.4679507507122	0.333	0	1	chr7-138171330-138171812	8
0.301699582478348	13.3091957698545	0.333	0	1	chr7-138960794-138961853	8
0.301699582478348	13.390738081086	0.333	0	1	chr7-138962948-138964048	8
0.301699582478348	12.8461203210465	0.333	0	1	chr7-139074863-139076706	8
0.301699582478348	12.4882281850301	0.333	0	1	chr7-139430282-139432360	8
0.301699582478348	12.0310041287137	0.333	0	1	chr7-139724722-139726199	8
0.301699582478348	13.1344403101316	0.333	0	1	chr7-139914428-139915818	8
0.301699582478348	13.7310227562044	0.333	0	1	chr7-140242092-140242903	8
0.301699582478348	12.9116983491149	0.333	0	1	chr7-140315285-140317191	8
0.301699582478348	12.8541920847269	0.333	0	1	chr7-140517658-140518579	8
0.301699582478348	13.206540412028	0.333	0	1	chr7-140783713-140784226	8
0.301699582478348	13.4344229083421	0.333	0	1	chr7-141533022-141533931	8
0.301699582478348	12.6321980533508	0.333	0	1	chr7-141701389-141703238	8
0.301699582478348	12.9297892172704	0.333	0	1	chr7-142459374-142460393	8
0.301699582478348	13.8423469577802	0.333	0	1	chr7-142712288-142712709	8
0.301699582478348	13.321450618595	0.333	0	1	chr7-142749087-142750048	8
0.301699582478348	13.269775186316	0.333	0	1	chr7-143063148-143064246	8
0.301699582478348	13.2700242913798	0.333	0	1	chr7-143367613-143369014	8
0.301699582478348	14.0301630065346	0.333	0	1	chr7-144517722-144518164	8
0.301699582478348	13.5273173065392	0.333	0	1	chr7-145036633-145037268	8
0.301699582478348	13.3424412195368	0.333	0	1	chr7-146646822-146648133	8
0.301699582478348	12.0797847957818	0.333	0	1	chr7-148152954-148154445	8
0.301699582478348	13.5346581148576	0.333	0	1	chr7-148345495-148346106	8
0.301699582478348	13.9018151398164	0.333	0	1	chr7-148519380-148519838	8
0.301699582478348	13.0392922234859	0.333	0	1	chr7-148575511-148576211	8
0.301699582478348	14.1316249183509	0.333	0	1	chr7-148770022-148770469	8
0.301699582478348	12.9017087237872	0.333	0	1	chr7-148966449-148967391	8
0.301699582478348	12.768170927491	0.333	0	1	chr7-148986547-148988860	8
0.301699582478348	12.6835644898244	0.333	0	1	chr7-149144140-149145983	8
0.301699582478348	13.4055835122268	0.333	0	1	chr7-149309928-149310857	8
0.301699582478348	12.858861095445	0.333	0	1	chr7-149598703-149601000	8
0.301699582478348	12.8092374832415	0.333	0	1	chr7-150354899-150355983	8
0.301699582478348	13.2833700315175	0.333	0	1	chr7-150399870-150401335	8
0.301699582478348	13.0986300642848	0.333	0	1	chr7-150650951-150652138	8
0.301699582478348	12.0729214415653	0.333	0	1	chr7-150900769-150904705	8
0.301699582478348	13.4213460538473	0.333	0	1	chr7-150988417-150988913	8
0.301699582478348	13.2129632317113	0.333	0	1	chr7-151172289-151173197	8
0.301699582478348	13.4786915289505	0.333	0	1	chr7-151244069-151244724	8
0.301699582478348	12.9606156493988	0.333	0	1	chr7-151386017-151387057	8
0.301699582478348	13.5885218288994	0.333	0	1	chr7-151415388-151416071	8
0.301699582478348	12.6232809601339	0.333	0	1	chr7-151503746-151504588	8
0.301699582478348	12.805783121047	0.333	0	1	chr7-151932241-151933740	8
0.301699582478348	13.3430518256818	0.333	0	1	chr7-152145742-152146623	8
0.301699582478348	14.0528453099338	0.333	0	1	chr7-152603221-152603660	8
0.301699582478348	12.6682716988338	0.333	0	1	chr7-152698776-152700391	8
0.301699582478348	12.8077964388054	0.333	0	1	chr7-153244677-153245600	8
0.301699582478348	13.4398121895013	0.333	0	1	chr7-154584381-154585055	8
0.301699582478348	12.9481811942411	0.333	0	1	chr7-154832354-154833179	8
0.301699582478348	12.4791516702628	0.333	0	1	chr7-155214008-155215205	8
0.301699582478348	12.6653324841004	0.333	0	1	chr7-155223524-155225146	8
0.301699582478348	12.9478238440125	0.333	0	1	chr7-155239307-155240587	8
0.301699582478348	12.4641804328474	0.333	0	1	chr7-155276453-155277530	8
0.301699582478348	14.0183299492946	0.333	0	1	chr7-155405556-155405935	8
0.301699582478348	13.4171690365053	0.333	0	1	chr7-155767890-155768761	8
0.301699582478348	13.4199502958926	0.333	0	1	chr7-156064739-156065824	8
0.301699582478348	12.9403105928713	0.333	0	1	chr7-156544756-156546404	8
0.301699582478348	14.0087043105122	0.333	0	1	chr7-156789359-156789916	8
0.301699582478348	13.1781490481709	0.333	0	1	chr7-157211721-157213051	8
0.301699582478348	13.6734323158783	0.333	0	1	chr7-157272987-157274058	8
0.301699582478348	13.7617914326392	0.333	0	1	chr7-157571266-157571913	8
0.301699582478348	13.3750539335887	0.333	0	1	chr7-158432184-158433321	8
0.301699582478348	13.4604058151406	0.333	0	1	chr7-158494008-158494716	8
0.301699582478348	12.966932281447	0.333	0	1	chr7-158852885-158853903	8
0.301699582478348	13.262839805465	0.333	0	1	chr7-158973282-158973942	8
0.301699582478348	13.8729031546608	0.333	0	1	chr7-159042067-159042761	8
0.301699582478348	12.527725800293	0.333	0	1	chr8-273395-275206	8
0.301699582478348	12.8083725598	0.333	0	1	chr8-419769-421007	8
0.301699582478348	12.6289027448717	0.333	0	1	chr8-686613-688645	8
0.301699582478348	13.735640709989	0.333	0	1	chr8-792783-793363	8
0.301699582478348	12.7158835113792	0.333	0	1	chr8-796314-799604	8
0.301699582478348	12.4983796997383	0.333	0	1	chr8-1858355-1859957	8
0.301699582478348	13.1036854651006	0.333	0	1	chr8-6463398-6464404	8
0.301699582478348	13.195092382985	0.333	0	1	chr8-6747968-6749030	8
0.301699582478348	12.7764226781489	0.333	0	1	chr8-7354708-7355804	8
0.301699582478348	13.3309665620082	0.333	0	1	chr8-8849657-8852138	8
0.301699582478348	13.4595836507578	0.333	0	1	chr8-9072906-9073457	8
0.301699582478348	13.1415791170319	0.333	0	1	chr8-9147197-9148523	8
0.301699582478348	13.2977878127108	0.333	0	1	chr8-9382680-9383474	8
0.301699582478348	13.8379470413911	0.333	0	1	chr8-9510003-9510654	8
0.301699582478348	13.8423469577802	0.333	0	1	chr8-9830847-9831428	8
0.301699582478348	13.783087549092	0.333	0	1	chr8-10273811-10274311	8
0.301699582478348	12.7450899572097	0.333	0	1	chr8-10333845-10335977	8
0.301699582478348	12.2549247105211	0.333	0	1	chr8-11571370-11574298	8
0.301699582478348	12.9792956970456	0.333	0	1	chr8-12126238-12126962	8
0.301699582478348	12.6798768266974	0.333	0	1	chr8-12665098-12666063	8
0.301699582478348	13.2144543829753	0.333	0	1	chr8-13033602-13034328	8
0.301699582478348	13.3420676075053	0.333	0	1	chr8-14263931-14264779	8
0.301699582478348	13.5799862540747	0.333	0	1	chr8-15644042-15644555	8
0.301699582478348	13.402109992823	0.333	0	1	chr8-17041619-17042552	8
0.301699582478348	13.1739223139266	0.333	0	1	chr8-17253966-17254650	8
0.301699582478348	12.3467485884295	0.333	0	1	chr8-17576193-17578378	8
0.301699582478348	13.4082226504242	0.333	0	1	chr8-17602486-17603214	8
0.301699582478348	13.1919527654156	0.333	0	1	chr8-17766010-17766837	8
0.301699582478348	12.3925035197064	0.333	0	1	chr8-17835711-17837327	8
0.301699582478348	12.9272219080202	0.333	0	1	chr8-18002776-18003722	8
0.301699582478348	12.9281004382565	0.333	0	1	chr8-18208833-18210845	8
0.301699582478348	12.7637523851547	0.333	0	1	chr8-18885747-18888944	8
0.301699582478348	12.9789389852979	0.333	0	1	chr8-18899319-18900298	8
0.301699582478348	12.9074578579185	0.333	0	1	chr8-18922584-18923994	8
0.301699582478348	13.1668482669608	0.333	0	1	chr8-18954672-18955469	8
0.301699582478348	12.3958910337829	0.333	0	1	chr8-19312323-19314846	8
0.301699582478348	13.1996928279906	0.333	0	1	chr8-19438216-19439063	8
0.301699582478348	13.6729978240391	0.333	0	1	chr8-19556325-19557023	8
0.301699582478348	12.892951253233	0.333	0	1	chr8-19607453-19609103	8
0.301699582478348	12.9285572996934	0.333	0	1	chr8-20218925-20219757	8
0.301699582478348	13.1729866340567	0.333	0	1	chr8-20223665-20224343	8
0.301699582478348	13.1028403800005	0.333	0	1	chr8-20303375-20304475	8
0.301699582478348	12.954373419257	0.333	0	1	chr8-20800515-20802812	8
0.301699582478348	13.0141585367289	0.333	0	1	chr8-21233979-21234875	8
0.301699582478348	12.7581326652221	0.333	0	1	chr8-21265888-21266916	8
0.301699582478348	12.6891195152416	0.333	0	1	chr8-22103091-22105526	8
0.301699582478348	12.5019083388552	0.333	0	1	chr8-22108273-22110358	8
0.301699582478348	11.9386214475044	0.333	0	1	chr8-22140628-22144432	8
0.301699582478348	13.4185268153197	0.333	0	1	chr8-22864736-22865668	8
0.301699582478348	13.310418852463	0.333	0	1	chr8-22908867-22909452	8
0.301699582478348	13.1831141040702	0.333	0	1	chr8-22927334-22929260	8
0.301699582478348	12.1265918206283	0.333	0	1	chr8-23246072-23247746	8
0.301699582478348	12.9926131903574	0.333	0	1	chr8-23420849-23422443	8
0.301699582478348	12.2816549664568	0.333	0	1	chr8-23528283-23530756	8
0.301699582478348	13.4658038315068	0.333	0	1	chr8-23550600-23551687	8
0.301699582478348	13.6688323698021	0.333	0	1	chr8-23888929-23889489	8
0.301699582478348	12.880340635238	0.333	0	1	chr8-24218284-24219376	8
0.301699582478348	13.4434341073217	0.333	0	1	chr8-24904927-24907055	8
0.301699582478348	13.6565524354898	0.333	0	1	chr8-25088085-25088702	8
0.301699582478348	13.2738264551489	0.333	0	1	chr8-25258504-25259198	8
0.301699582478348	12.5679773140338	0.333	0	1	chr8-26290965-26293910	8
0.301699582478348	12.8708641547417	0.333	0	1	chr8-26307633-26308542	8
0.301699582478348	13.5914443147455	0.333	0	1	chr8-26701067-26701560	8
0.301699582478348	13.1307974589508	0.333	0	1	chr8-26733762-26735068	8
0.301699582478348	13.1195849209613	0.333	0	1	chr8-27284286-27286315	8
0.301699582478348	12.7921056163157	0.333	0	1	chr8-27601965-27604022	8
0.301699582478348	13.2798170713759	0.333	0	1	chr8-28322299-28323062	8
0.301699582478348	13.1889074893796	0.333	0	1	chr8-28324184-28324877	8
0.301699582478348	13.4581623699655	0.333	0	1	chr8-28363263-28363936	8
0.301699582478348	12.6856297068935	0.333	0	1	chr8-28364784-28368466	8
0.301699582478348	13.4568415224402	0.333	0	1	chr8-28593912-28594447	8
0.301699582478348	13.9936584194233	0.333	0	1	chr8-28608285-28608688	8
0.301699582478348	13.0771906256674	0.333	0	1	chr8-28630732-28631759	8
0.301699582478348	13.5525315122666	0.333	0	1	chr8-29176896-29177406	8
0.301699582478348	13.2269170007295	0.333	0	1	chr8-29225241-29226366	8
0.301699582478348	13.0367354824052	0.333	0	1	chr8-29240112-29241406	8
0.301699582478348	13.095279767971	0.333	0	1	chr8-29320221-29320802	8
0.301699582478348	13.2619314581305	0.333	0	1	chr8-29623657-29624431	8
0.301699582478348	12.7268202993026	0.333	0	1	chr8-30019556-30020710	8
0.301699582478348	13.1038729335898	0.333	0	1	chr8-30094627-30096531	8
0.301699582478348	13.4980162582978	0.333	0	1	chr8-30227543-30228244	8
0.301699582478348	13.4779172695068	0.333	0	1	chr8-30627213-30628362	8
0.301699582478348	12.4052552914097	0.333	0	1	chr8-30801224-30805164	8
0.301699582478348	12.3458950323003	0.333	0	1	chr8-31033212-31035042	8
0.301699582478348	13.1324141367922	0.333	0	1	chr8-31194215-31195224	8
0.301699582478348	13.2472661237945	0.333	0	1	chr8-33334444-33335186	8
0.301699582478348	13.2910522607948	0.333	0	1	chr8-33424340-33425094	8
0.301699582478348	13.4596569849549	0.333	0	1	chr8-35152115-35152678	8
0.301699582478348	13.8147982660823	0.333	0	1	chr8-35887071-35887521	8
0.301699582478348	13.1767371824766	0.333	0	1	chr8-36833764-36834826	8
0.301699582478348	13.7226368295282	0.333	0	1	chr8-37062088-37062574	8
0.301699582478348	13.332067514821	0.333	0	1	chr8-37183862-37184773	8
0.301699582478348	12.6067709363451	0.333	0	1	chr8-37301547-37303803	8
0.301699582478348	13.2174469052797	0.333	0	1	chr8-37699869-37700886	8
0.301699582478348	13.1225393595967	0.333	0	1	chr8-37779584-37780480	8
0.301699582478348	11.9128319062328	0.333	0	1	chr8-38230559-38233241	8
0.301699582478348	12.2638683361327	0.333	0	1	chr8-38379829-38383500	8
0.301699582478348	13.0877437577744	0.333	0	1	chr8-38527458-38528887	8
0.301699582478348	12.8551940324663	0.333	0	1	chr8-39918428-39919478	8
0.301699582478348	13.6435979940278	0.333	0	1	chr8-40715013-40716117	8
0.301699582478348	13.3120914067423	0.333	0	1	chr8-41754703-41755841	8
0.301699582478348	13.2035970344711	0.333	0	1	chr8-41766997-41768187	8
0.301699582478348	12.7241276576108	0.333	0	1	chr8-42004816-42006220	8
0.301699582478348	13.1701873615586	0.333	0	1	chr8-42171481-42172357	8
0.301699582478348	12.5306417791887	0.333	0	1	chr8-42289825-42291199	8
0.301699582478348	12.2955529881521	0.333	0	1	chr8-42295505-42298748	8
0.301699582478348	12.2254740708465	0.333	0	1	chr8-42316278-42317684	8
0.301699582478348	12.2797424939817	0.333	0	1	chr8-42391298-42392822	8
0.301699582478348	12.85855487761	0.333	0	1	chr8-42804990-42806016	8
0.301699582478348	12.6964312215217	0.333	0	1	chr8-46029028-46030122	8
0.301699582478348	13.5017171131716	0.333	0	1	chr8-46488000-46488559	8
0.301699582478348	13.4727989041276	0.333	0	1	chr8-47193864-47194538	8
0.301699582478348	13.0803959054549	0.333	0	1	chr8-47512368-47514319	8
0.301699582478348	13.4192537027759	0.333	0	1	chr8-48120914-48121643	8
0.301699582478348	12.7413519691748	0.333	0	1	chr8-48253652-48255345	8
0.301699582478348	13.0627455498285	0.333	0	1	chr8-48257970-48259292	8
0.301699582478348	13.4514862037818	0.333	0	1	chr8-50153547-50154200	8
0.301699582478348	13.1075009424478	0.333	0	1	chr8-52719354-52720415	8
0.301699582478348	12.6412531380156	0.333	0	1	chr8-52940535-52942297	8
0.301699582478348	12.9384435543322	0.333	0	1	chr8-53068717-53070184	8
0.301699582478348	12.9875465946262	0.333	0	1	chr8-53227046-53228620	8
0.301699582478348	13.4944139180789	0.333	0	1	chr8-53500700-53501787	8
0.301699582478348	12.7929540032093	0.333	0	1	chr8-53589389-53590222	8
0.301699582478348	13.196295437016	0.333	0	1	chr8-53786418-53787322	8
0.301699582478348	12.3053258754134	0.333	0	1	chr8-54019358-54023180	8
0.301699582478348	13.5942941488241	0.333	0	1	chr8-54169258-54169762	8
0.301699582478348	13.0790637277024	0.333	0	1	chr8-54211700-54212750	8
0.301699582478348	13.3731139890101	0.333	0	1	chr8-56557275-56558302	8
0.301699582478348	13.7249733455245	0.333	0	1	chr8-56746312-56746982	8
0.301699582478348	13.0824446215553	0.333	0	1	chr8-56787219-56788449	8
0.301699582478348	12.9875465946262	0.333	0	1	chr8-57536901-57539631	8
0.301699582478348	12.296810978238	0.333	0	1	chr8-57854797-57856440	8
0.301699582478348	13.0423430634629	0.333	0	1	chr8-57860677-57862496	8
0.301699582478348	13.4102747871301	0.333	0	1	chr8-57988352-57988846	8
0.301699582478348	13.8471867340487	0.333	0	1	chr8-58505992-58506878	8
0.301699582478348	13.0145018476613	0.333	0	1	chr8-58877275-58878244	8
0.301699582478348	12.9305646579099	0.333	0	1	chr8-60412431-60413123	8
0.301699582478348	11.9142632430806	0.333	0	1	chr8-60516184-60518455	8
0.301699582478348	13.5561078889995	0.333	0	1	chr8-60528520-60529261	8
0.301699582478348	12.8124165209162	0.333	0	1	chr8-61022615-61024117	8
0.301699582478348	12.2649781582696	0.333	0	1	chr8-61689509-61702623	8
0.301699582478348	12.9736082373666	0.333	0	1	chr8-61835874-61838300	8
0.301699582478348	13.7527590933663	0.333	0	1	chr8-62293642-62294177	8
0.301699582478348	12.6815040239376	0.333	0	1	chr8-62529283-62530884	8
0.301699582478348	11.7012033560566	0.333	0	1	chr8-63167142-63170276	8
0.301699582478348	13.0371208406521	0.333	0	1	chr8-64579914-64583095	8
0.301699582478348	11.0779653655162	0.333	0	1	chr8-65632942-65635555	8
0.301699582478348	11.6314175893914	0.333	0	1	chr8-65643604-65645797	8
0.301699582478348	13.1683276088522	0.333	0	1	chr8-65647878-65649133	8
0.301699582478348	13.1267721850814	0.333	0	1	chr8-66099306-66100450	8
0.301699582478348	13.0642138500926	0.333	0	1	chr8-66438652-66439754	8
0.301699582478348	13.7889484468543	0.333	0	1	chr8-66630121-66630585	8
0.301699582478348	12.6500446981446	0.333	0	1	chr8-67027934-67029128	8
0.301699582478348	13.0994701225954	0.333	0	1	chr8-67100817-67101761	8
0.301699582478348	13.3499622907546	0.333	0	1	chr8-67613135-67613819	8
0.301699582478348	13.0286891865504	0.333	0	1	chr8-67951671-67953070	8
0.301699582478348	13.4223714589856	0.333	0	1	chr8-68886887-68887626	8
0.301699582478348	13.4791720485336	0.333	0	1	chr8-70345301-70346779	8
0.301699582478348	12.2267311133561	0.333	0	1	chr8-71058446-71060177	8
0.301699582478348	13.5844241424579	0.333	0	1	chr8-72004890-72005611	8
0.301699582478348	13.4692901889675	0.333	0	1	chr8-72013870-72014737	8
0.301699582478348	13.405271455059	0.333	0	1	chr8-72943933-72944458	8
0.301699582478348	13.1513624390097	0.333	0	1	chr8-73164366-73165557	8
0.301699582478348	12.575003588808	0.333	0	1	chr8-73330072-73331625	8
0.301699582478348	12.147454823511	0.333	0	1	chr8-73877591-73880066	8
0.301699582478348	12.9356513447418	0.333	0	1	chr8-74043701-74044525	8
0.301699582478348	13.0708584005477	0.333	0	1	chr8-74048408-74049463	8
0.301699582478348	12.6130624700302	0.333	0	1	chr8-74072797-74074105	8
0.301699582478348	12.5715055350244	0.333	0	1	chr8-74405693-74406905	8
0.301699582478348	12.3187787309596	0.333	0	1	chr8-74913071-74914125	8
0.301699582478348	13.0476027679104	0.333	0	1	chr8-76413781-76414790	8
0.301699582478348	11.5198658714973	0.333	0	1	chr8-76998839-77001522	8
0.301699582478348	13.7168479043313	0.333	0	1	chr8-77663349-77663988	8
0.301699582478348	11.7466776016347	0.333	0	1	chr8-78665258-78666991	8
0.301699582478348	13.7468089474058	0.333	0	1	chr8-79699436-79700342	8
0.301699582478348	13.1905114877295	0.333	0	1	chr8-80249325-80250061	8
0.301699582478348	12.2857669619471	0.333	0	1	chr8-80577527-80580333	8
0.301699582478348	13.4692901889675	0.333	0	1	chr8-80680658-80682259	8
0.301699582478348	13.6606104138292	0.333	0	1	chr8-80687095-80687642	8
0.301699582478348	13.0986300642848	0.333	0	1	chr8-80726996-80728165	8
0.301699582478348	13.3894147989058	0.333	0	1	chr8-80998194-80998869	8
0.301699582478348	12.3932094923454	0.333	0	1	chr8-81110753-81112682	8
0.301699582478348	13.2274762854492	0.333	0	1	chr8-81568572-81570876	8
0.301699582478348	13.637765625064	0.333	0	1	chr8-81708506-81708991	8
0.301699582478348	12.3970793327928	0.333	0	1	chr8-81775067-81777249	8
0.301699582478348	13.6544425318555	0.333	0	1	chr8-81844273-81844857	8
0.301699582478348	13.3862468250437	0.333	0	1	chr8-82018013-82018932	8
0.301699582478348	13.2124669336435	0.333	0	1	chr8-82440560-82441457	8
0.301699582478348	13.9879430880888	0.333	0	1	chr8-83947622-83948021	8
0.301699582478348	12.6645991722155	0.333	0	1	chr8-85278594-85279900	8
0.301699582478348	13.0529115690655	0.333	0	1	chr8-85297301-85297968	8
0.301699582478348	12.7806301490159	0.333	0	1	chr8-86146444-86148088	8
0.301699582478348	13.4171690365053	0.333	0	1	chr8-86451557-86452305	8
0.301699582478348	13.5358743437734	0.333	0	1	chr8-86518990-86519780	8
0.301699582478348	13.634830420756	0.333	0	1	chr8-86648964-86650074	8
0.301699582478348	13.4046478497167	0.333	0	1	chr8-86870964-86872152	8
0.301699582478348	13.6205620875329	0.333	0	1	chr8-86980057-86980559	8
0.301699582478348	13.149101910008	0.333	0	1	chr8-87013839-87016227	8
0.301699582478348	13.7375324918114	0.333	0	1	chr8-87018525-87019180	8
0.301699582478348	13.7481501376261	0.333	0	1	chr8-88185667-88186418	8
0.301699582478348	13.9149937558363	0.333	0	1	chr8-88554484-88554946	8
0.301699582478348	13.8307809087039	0.333	0	1	chr8-88926252-88926970	8
0.301699582478348	13.3017303345685	0.333	0	1	chr8-89173502-89174389	8
0.301699582478348	13.0986300642848	0.333	0	1	chr8-89725702-89727063	8
0.301699582478348	12.13931692909	0.333	0	1	chr8-90644482-90646794	8
0.301699582478348	13.0946113649848	0.333	0	1	chr8-90670601-90671712	8
0.301699582478348	12.3062544864626	0.333	0	1	chr8-91069112-91071618	8
0.301699582478348	12.9378221998285	0.333	0	1	chr8-93358794-93361685	8
0.301699582478348	13.7603036635401	0.333	0	1	chr8-94071035-94072534	8
0.301699582478348	13.484181143101	0.333	0	1	chr8-94522167-94523530	8
0.301699582478348	13.43209900246	0.333	0	1	chr8-94556487-94557409	8
0.301699582478348	12.1527323380701	0.333	0	1	chr8-94718636-94720814	8
0.301699582478348	13.991187168572	0.333	0	1	chr8-94853698-94854124	8
0.301699582478348	13.93380160786	0.333	0	1	chr8-94926516-94926976	8
0.301699582478348	12.3044774313152	0.333	0	1	chr8-95132948-95135130	8
0.301699582478348	13.1588111301356	0.333	0	1	chr8-95192608-95193633	8
0.301699582478348	13.6325071800415	0.333	0	1	chr8-97839866-97840307	8
0.301699582478348	12.9753624000211	0.333	0	1	chr8-98163659-98165602	8
0.301699582478348	13.4649203247532	0.333	0	1	chr8-98358019-98358615	8
0.301699582478348	12.9522403833703	0.333	0	1	chr8-98598241-98600652	8
0.301699582478348	13.4269637525149	0.333	0	1	chr8-99322724-99323450	8
0.301699582478348	11.907598423116	0.333	0	1	chr8-100212529-100214090	8
0.301699582478348	12.9341044178091	0.333	0	1	chr8-100462866-100464588	8
0.301699582478348	11.96652698963	0.333	0	1	chr8-100719422-100723582	8
0.301699582478348	13.1374657634874	0.333	0	1	chr8-100888435-100889862	8
0.301699582478348	12.5020716881093	0.333	0	1	chr8-100906691-100909364	8
0.301699582478348	12.8095486206495	0.333	0	1	chr8-101375490-101377193	8
0.301699582478348	11.9084294778772	0.333	0	1	chr8-101490348-101495619	8
0.301699582478348	12.722898656386	0.333	0	1	chr8-101635299-101636500	8
0.301699582478348	13.7874756981972	0.333	0	1	chr8-101719355-101719983	8
0.301699582478348	12.8547516981669	0.333	0	1	chr8-101724180-101725483	8
0.301699582478348	12.7530195542001	0.333	0	1	chr8-102107338-102109287	8
0.301699582478348	13.2783005210617	0.333	0	1	chr8-102545106-102545848	8
0.301699582478348	13.4082226504242	0.333	0	1	chr8-102958477-102959309	8
0.301699582478348	12.4518016924953	0.333	0	1	chr8-103020359-103021718	8
0.301699582478348	13.5697465477109	0.333	0	1	chr8-103360221-103360759	8
0.301699582478348	12.1932914930098	0.333	0	1	chr8-103413338-103416817	8
0.301699582478348	13.4009203764952	0.333	0	1	chr8-104652716-104653911	8
0.301699582478348	12.7140738571945	0.333	0	1	chr8-105770133-105771437	8
0.301699582478348	13.3454382974054	0.333	0	1	chr8-106419038-106419796	8
0.301699582478348	13.2559794540319	0.333	0	1	chr8-106608243-106609159	8
0.301699582478348	12.8758829636784	0.333	0	1	chr8-106617486-106618463	8
0.301699582478348	12.4125520455699	0.333	0	1	chr8-106725572-106726482	8
0.301699582478348	13.3782868730594	0.333	0	1	chr8-106754727-106755692	8
0.301699582478348	13.4185579635182	0.333	0	1	chr8-106935346-106935881	8
0.301699582478348	13.3784508821069	0.333	0	1	chr8-107597155-107598168	8
0.301699582478348	12.8539124213809	0.333	0	1	chr8-108468474-108469402	8
0.301699582478348	13.1058178146285	0.333	0	1	chr8-108804847-108805914	8
0.301699582478348	13.5941025152324	0.333	0	1	chr8-109213481-109213972	8
0.301699582478348	13.2738264551489	0.333	0	1	chr8-110060241-110061206	8
0.301699582478348	13.62730528653	0.333	0	1	chr8-111416093-111416710	8
0.301699582478348	13.3560207672162	0.333	0	1	chr8-111867236-111868114	8
0.301699582478348	13.5605961304449	0.333	0	1	chr8-114009546-114010090	8
0.301699582478348	13.0421489834625	0.333	0	1	chr8-115076255-115077160	8
0.301699582478348	14.4387808194298	0.333	0	1	chr8-115354202-115354253	8
0.301699582478348	13.3109315111428	0.333	0	1	chr8-115451573-115452483	8
0.301699582478348	12.5380533416215	0.333	0	1	chr8-115987285-115988776	8
0.301699582478348	13.6517130415507	0.333	0	1	chr8-116089352-116089821	8
0.301699582478348	13.3454382974054	0.333	0	1	chr8-116100025-116100545	8
0.301699582478348	12.6204913901401	0.333	0	1	chr8-116324454-116325543	8
0.301699582478348	13.5324346841109	0.333	0	1	chr8-117905818-117906333	8
0.301699582478348	13.7552595829338	0.333	0	1	chr8-118239078-118239811	8
0.301699582478348	13.05309757979	0.333	0	1	chr8-118490824-118492347	8
0.301699582478348	11.7688996451952	0.333	0	1	chr8-118620098-118622980	8
0.301699582478348	12.6326697781284	0.333	0	1	chr8-118860676-118862863	8
0.301699582478348	13.708865621531	0.333	0	1	chr8-119520675-119521142	8
0.301699582478348	13.3707575379619	0.333	0	1	chr8-119641355-119642216	8
0.301699582478348	12.9082620578368	0.333	0	1	chr8-119654847-119656315	8
0.301699582478348	12.0335133163841	0.333	0	1	chr8-119767170-119769570	8
0.301699582478348	12.658698990381	0.333	0	1	chr8-119919429-119920907	8
0.301699582478348	12.4294038344484	0.333	0	1	chr8-120009588-120012504	8
0.301699582478348	13.7562840153006	0.333	0	1	chr8-120345729-120346183	8
0.301699582478348	13.4732947054479	0.333	0	1	chr8-122575647-122576226	8
0.301699582478348	13.2458253676195	0.333	0	1	chr8-122587566-122588448	8
0.301699582478348	13.4290848765373	0.333	0	1	chr8-122884859-122885433	8
0.301699582478348	12.4320805680776	0.333	0	1	chr8-123096019-123097248	8
0.301699582478348	12.7332929298392	0.333	0	1	chr8-123540796-123542295	8
0.301699582478348	13.6335542984186	0.333	0	1	chr8-123693556-123694182	8
0.301699582478348	13.1630293298425	0.333	0	1	chr8-123921768-123922902	8
0.301699582478348	12.3731430419411	0.333	0	1	chr8-123979316-123981047	8
0.301699582478348	13.2194495516508	0.333	0	1	chr8-124191531-124192590	8
0.301699582478348	13.1720522516299	0.333	0	1	chr8-124201487-124202834	8
0.301699582478348	13.05309757979	0.333	0	1	chr8-124563228-124564245	8
0.301699582478348	12.8223196998315	0.333	0	1	chr8-124585787-124586725	8
0.301699582478348	13.828910108084	0.333	0	1	chr8-124856615-124857215	8
0.301699582478348	12.964356945234	0.333	0	1	chr8-125451801-125452656	8
0.301699582478348	13.4230147762298	0.333	0	1	chr8-125696509-125697368	8
0.301699582478348	13.554614703182	0.333	0	1	chr8-125971789-125972594	8
0.301699582478348	14.3677750557829	0.333	0	1	chr8-126401782-126401911	8
0.301699582478348	12.6014716305121	0.333	0	1	chr8-127017984-127019511	8
0.301699582478348	12.726530287971	0.333	0	1	chr8-127052166-127054286	8
0.301699582478348	12.893738924788	0.333	0	1	chr8-127910832-127912544	8
0.301699582478348	13.4210870124071	0.333	0	1	chr8-128193151-128193893	8
0.301699582478348	12.9832275404691	0.333	0	1	chr8-128859115-128860165	8
0.301699582478348	13.1581892762215	0.333	0	1	chr8-129554249-129555004	8
0.301699582478348	13.5426247572386	0.333	0	1	chr8-129891403-129892136	8
0.301699582478348	13.0583584317556	0.333	0	1	chr8-130244315-130246324	8
0.301699582478348	12.4855665400502	0.333	0	1	chr8-130301951-130303361	8
0.301699582478348	13.4791720485336	0.333	0	1	chr8-130954217-130955146	8
0.301699582478348	13.1477491677884	0.333	0	1	chr8-131616854-131618889	8
0.301699582478348	13.282352840297	0.333	0	1	chr8-131979442-131980368	8
0.301699582478348	13.4906903248395	0.333	0	1	chr8-132144687-132145335	8
0.301699582478348	12.7345060682204	0.333	0	1	chr8-132711442-132712925	8
0.301699582478348	12.8826548007777	0.333	0	1	chr8-133899202-133901109	8
0.301699582478348	13.4439987580679	0.333	0	1	chr8-134016661-134017906	8
0.301699582478348	12.5409965192506	0.333	0	1	chr8-135513919-135516615	8
0.301699582478348	13.6505297300931	0.333	0	1	chr8-136020322-136021041	8
0.301699582478348	12.9921742676557	0.333	0	1	chr8-138259499-138262518	8
0.301699582478348	12.3810694236632	0.333	0	1	chr8-138788827-138792802	8
0.301699582478348	13.530723320625	0.333	0	1	chr8-138914332-138914881	8
0.301699582478348	12.997348503535	0.333	0	1	chr8-139705507-139706719	8
0.301699582478348	13.1397363501791	0.333	0	1	chr8-139908028-139909794	8
0.301699582478348	13.2771098672482	0.333	0	1	chr8-140109440-140110319	8
0.301699582478348	12.5376519147638	0.333	0	1	chr8-140153407-140154616	8
0.301699582478348	12.2333634469395	0.333	0	1	chr8-140256447-140258349	8
0.301699582478348	12.6549164662656	0.333	0	1	chr8-140276019-140277312	8
0.301699582478348	13.1199822741203	0.333	0	1	chr8-140299418-140300402	8
0.301699582478348	13.2673105394984	0.333	0	1	chr8-140983501-140984808	8
0.301699582478348	12.2287769282552	0.333	0	1	chr8-140999741-141002665	8
0.301699582478348	12.8984521639754	0.333	0	1	chr8-141057592-141060318	8
0.301699582478348	12.9478238440125	0.333	0	1	chr8-141142018-141143149	8
0.301699582478348	12.9984455048855	0.333	0	1	chr8-141173096-141173803	8
0.301699582478348	13.9725747146759	0.333	0	1	chr8-141221125-141221530	8
0.301699582478348	12.9868597636982	0.333	0	1	chr8-142447240-142448203	8
0.301699582478348	13.2158309693748	0.333	0	1	chr8-143485524-143486578	8
0.301699582478348	11.9048719091643	0.333	0	1	chr8-143595731-143602764	8
0.301699582478348	12.4979532768058	0.333	0	1	chr8-143716827-143720364	8
0.301699582478348	12.5676996781972	0.333	0	1	chr8-143951545-143954193	8
0.301699582478348	12.3085436906116	0.333	0	1	chr8-144094308-144096898	8
0.301699582478348	12.8485134450667	0.333	0	1	chr8-144126140-144127073	8
0.301699582478348	12.1345266724852	0.333	0	1	chr8-144136325-144138902	8
0.301699582478348	12.9809251360807	0.333	0	1	chr8-144270065-144271139	8
0.301699582478348	12.3034633163083	0.333	0	1	chr8-144372475-144375358	8
0.301699582478348	13.1283546140807	0.333	0	1	chr8-144580196-144581467	8
0.301699582478348	13.1104829111255	0.333	0	1	chr8-144669723-144670689	8
0.301699582478348	12.1730496370034	0.333	0	1	chr8-144683773-144686879	8
0.301699582478348	12.3172370939956	0.333	0	1	chr8-144790273-144794072	8
0.301699582478348	13.101933403826	0.333	0	1	chr8-144797946-144799541	8
0.301699582478348	13.2993526223632	0.333	0	1	chr8-144869202-144870250	8
0.301699582478348	13.1486506989646	0.333	0	1	chr8-145057142-145058932	8
0.301699582478348	13.1267721850814	0.333	0	1	chr9-322269-323155	8
0.301699582478348	13.5706689152177	0.333	0	1	chr9-404147-404723	8
0.301699582478348	13.6190963553953	0.333	0	1	chr9-456332-456850	8
0.301699582478348	13.6475466755987	0.333	0	1	chr9-581864-582359	8
0.301699582478348	13.1458982113572	0.333	0	1	chr9-613649-614493	8
0.301699582478348	13.4696400487136	0.333	0	1	chr9-1008848-1009708	8
0.301699582478348	13.063112345542	0.333	0	1	chr9-1743417-1744524	8
0.301699582478348	12.6438257878014	0.333	0	1	chr9-2465708-2467317	8
0.301699582478348	12.5802727264488	0.333	0	1	chr9-2620185-2623217	8
0.301699582478348	13.3568132938359	0.333	0	1	chr9-2857516-2858076	8
0.301699582478348	13.5861699799703	0.333	0	1	chr9-3215526-3216146	8
0.301699582478348	14.0943214582377	0.333	0	1	chr9-3243574-3243970	8
0.301699582478348	13.165997751421	0.333	0	1	chr9-3732351-3733091	8
0.301699582478348	13.4626584364638	0.333	0	1	chr9-4297823-4298766	8
0.301699582478348	13.4849257018715	0.333	0	1	chr9-4375317-4375990	8
0.301699582478348	13.556456186841	0.333	0	1	chr9-4386745-4387266	8
0.301699582478348	13.1364724410806	0.333	0	1	chr9-4421451-4422970	8
0.301699582478348	13.5206176191925	0.333	0	1	chr9-4989085-4989777	8
0.301699582478348	14.1329509369296	0.333	0	1	chr9-5054223-5054483	8
0.301699582478348	13.3109315111428	0.333	0	1	chr9-5611739-5612608	8
0.301699582478348	13.4109146722978	0.333	0	1	chr9-6054403-6055690	8
0.301699582478348	13.8243140990092	0.333	0	1	chr9-6152795-6153252	8
0.301699582478348	13.8682912325884	0.333	0	1	chr9-6365512-6365964	8
0.301699582478348	12.3080345478033	0.333	0	1	chr9-6645174-6646846	8
0.301699582478348	13.197749329714	0.333	0	1	chr9-6675031-6675890	8
0.301699582478348	13.8334038776049	0.333	0	1	chr9-6845827-6846322	8
0.301699582478348	14.1807498594819	0.333	0	1	chr9-7029794-7030208	8
0.301699582478348	13.8508124757126	0.333	0	1	chr9-8768912-8769528	8
0.301699582478348	13.5434281898758	0.333	0	1	chr9-10254246-10255335	8
0.301699582478348	13.4213460538473	0.333	0	1	chr9-10366106-10366629	8
0.301699582478348	13.2971807277467	0.333	0	1	chr9-12216324-12217428	8
0.301699582478348	13.4727989041276	0.333	0	1	chr9-12639954-12640484	8
0.301699582478348	12.9721090462199	0.333	0	1	chr9-12759572-12760364	8
0.301699582478348	12.9768022142511	0.333	0	1	chr9-13070423-13071498	8
0.301699582478348	14.0180183448928	0.333	0	1	chr9-13979515-13979960	8
0.301699582478348	13.3990656631485	0.333	0	1	chr9-14218158-14218870	8
0.301699582478348	13.2031077454599	0.333	0	1	chr9-14352469-14354087	8
0.301699582478348	13.5436977801337	0.333	0	1	chr9-14616312-14616829	8
0.301699582478348	13.2565975924448	0.333	0	1	chr9-15205810-15207230	8
0.301699582478348	12.400605372224	0.333	0	1	chr9-15510132-15511767	8
0.301699582478348	12.9724337591647	0.333	0	1	chr9-16039291-16041022	8
0.301699582478348	12.8500269888807	0.333	0	1	chr9-16299032-16300361	8
0.301699582478348	12.7653987005586	0.333	0	1	chr9-16700960-16702904	8
0.301699582478348	13.0432086590236	0.333	0	1	chr9-16894716-16895959	8
0.301699582478348	13.3337227148655	0.333	0	1	chr9-17519620-17520765	8
0.301699582478348	14.1652631724512	0.333	0	1	chr9-17611917-17612370	8
0.301699582478348	13.4061778476548	0.333	0	1	chr9-18362743-18363619	8
0.301699582478348	13.2190449908052	0.333	0	1	chr9-18442557-18443247	8
0.301699582478348	13.5445743829756	0.333	0	1	chr9-19028809-19029299	8
0.301699582478348	11.8577435182576	0.333	0	1	chr9-19048189-19050750	8
0.301699582478348	13.62730528653	0.333	0	1	chr9-19349091-19349745	8
0.301699582478348	13.6999108834363	0.333	0	1	chr9-19371923-19372987	8
0.301699582478348	12.3247956598547	0.333	0	1	chr9-19403952-19406054	8
0.301699582478348	12.2801360395073	0.333	0	1	chr9-19408298-19410460	8
0.301699582478348	13.099226983903	0.333	0	1	chr9-19598631-19599652	8
0.301699582478348	13.7398588289729	0.333	0	1	chr9-20319158-20320518	8
0.301699582478348	13.0712293443054	0.333	0	1	chr9-20382320-20383310	8
0.301699582478348	13.0598261133905	0.333	0	1	chr9-20395093-20396192	8
0.301699582478348	12.9136631745367	0.333	0	1	chr9-20566187-20567072	8
0.301699582478348	12.8202711872295	0.333	0	1	chr9-21812393-21814474	8
0.301699582478348	11.9672052158166	0.333	0	1	chr9-22008290-22010027	8
0.301699582478348	13.0267862611235	0.333	0	1	chr9-22119091-22120020	8
0.301699582478348	12.7747593594558	0.333	0	1	chr9-22537096-22540308	8
0.301699582478348	12.8987222882845	0.333	0	1	chr9-23659295-23660402	8
0.301699582478348	11.8806108067223	0.333	0	1	chr9-23824750-23826979	8
0.301699582478348	13.4007604187301	0.333	0	1	chr9-23829354-23830198	8
0.301699582478348	12.6932432551755	0.333	0	1	chr9-25602008-25603093	8
0.301699582478348	12.7564015965665	0.333	0	1	chr9-25677213-25678909	8
0.301699582478348	12.9094121922201	0.333	0	1	chr9-26329609-26330507	8
0.301699582478348	12.6886212406016	0.333	0	1	chr9-26523652-26525331	8
0.301699582478348	12.4845567678419	0.333	0	1	chr9-26955058-26957325	8
0.301699582478348	13.0382277225783	0.333	0	1	chr9-27053065-27053979	8
0.301699582478348	13.5198484957863	0.333	0	1	chr9-27078525-27079145	8
0.301699582478348	12.6338501517348	0.333	0	1	chr9-27183551-27185784	8
0.301699582478348	13.7362229337206	0.333	0	1	chr9-27198187-27198631	8
0.301699582478348	13.5997613262891	0.333	0	1	chr9-27275977-27276885	8
0.301699582478348	13.2506405416613	0.333	0	1	chr9-27393976-27394731	8
0.301699582478348	13.5065150550538	0.333	0	1	chr9-27665039-27665669	8
0.301699582478348	13.2826206835576	0.333	0	1	chr9-29691787-29692467	8
0.301699582478348	13.5291531013113	0.333	0	1	chr9-30075020-30075676	8
0.301699582478348	12.8075085264483	0.333	0	1	chr9-31776142-31777258	8
0.301699582478348	13.1370221253611	0.333	0	1	chr9-31807369-31808374	8
0.301699582478348	12.1394400921353	0.333	0	1	chr9-32136338-32137426	8
0.301699582478348	12.2688953525519	0.333	0	1	chr9-32383951-32385513	8
0.301699582478348	13.1745514787255	0.333	0	1	chr9-32404414-32405434	8
0.301699582478348	13.7261461651278	0.333	0	1	chr9-32581485-32581951	8
0.301699582478348	12.9195871046104	0.333	0	1	chr9-32927984-32929137	8
0.301699582478348	12.5353095123772	0.333	0	1	chr9-33043555-33045305	8
0.301699582478348	12.5217361269295	0.333	0	1	chr9-33263086-33265628	8
0.301699582478348	12.019627962399	0.333	0	1	chr9-33414941-33416985	8
0.301699582478348	12.3686046994888	0.333	0	1	chr9-33472996-33474961	8
0.301699582478348	12.9464698742562	0.333	0	1	chr9-33510467-33511439	8
0.301699582478348	13.1867124415772	0.333	0	1	chr9-33623856-33624631	8
0.301699582478348	13.403402668781	0.333	0	1	chr9-33737853-33738514	8
0.301699582478348	14.4793813332471	0.333	0	1	chr9-33967438-33967532	8
0.301699582478348	12.5561656670174	0.333	0	1	chr9-34428047-34429279	8
0.301699582478348	13.7344428223927	0.333	0	1	chr9-34595772-34596284	8
0.301699582478348	12.6823654586475	0.333	0	1	chr9-34701046-34702600	8
0.301699582478348	13.3731226989617	0.333	0	1	chr9-34744553-34745409	8
0.301699582478348	13.5458459996549	0.333	0	1	chr9-35029734-35030367	8
0.301699582478348	11.8244713476885	0.333	0	1	chr9-35070158-35073389	8
0.301699582478348	12.6416907110883	0.333	0	1	chr9-35110981-35112052	8
0.301699582478348	12.9028962325874	0.333	0	1	chr9-35476970-35477742	8
0.301699582478348	13.7404646915247	0.333	0	1	chr9-35795635-35796200	8
0.301699582478348	12.4637850722607	0.333	0	1	chr9-35811243-35812666	8
0.301699582478348	11.7075264229259	0.333	0	1	chr9-35813481-35816108	8
0.301699582478348	12.4597983519367	0.333	0	1	chr9-35832559-35835916	8
0.301699582478348	12.8422518011835	0.333	0	1	chr9-35844085-35845530	8
0.301699582478348	12.6624027980084	0.333	0	1	chr9-35905643-35906474	8
0.301699582478348	13.3935370593764	0.333	0	1	chr9-36023218-36023873	8
0.301699582478348	12.7610225505733	0.333	0	1	chr9-36036430-36038097	8
0.301699582478348	13.2134599054919	0.333	0	1	chr9-36099418-36100341	8
0.301699582478348	13.3560207672162	0.333	0	1	chr9-36273283-36273838	8
0.301699582478348	12.9451035284041	0.333	0	1	chr9-37027298-37028170	8
0.301699582478348	12.8144458425928	0.333	0	1	chr9-37201526-37202796	8
0.301699582478348	13.5002336966463	0.333	0	1	chr9-37222707-37223944	8
0.301699582478348	13.0414258676169	0.333	0	1	chr9-37229420-37230631	8
0.301699582478348	12.8862704989863	0.333	0	1	chr9-37453561-37455135	8
0.301699582478348	13.4034627435638	0.333	0	1	chr9-37676240-37677166	8
0.301699582478348	13.2022321178983	0.333	0	1	chr9-37746860-37747774	8
0.301699582478348	12.2616284325027	0.333	0	1	chr9-37902761-37905100	8
0.301699582478348	13.1168097629935	0.333	0	1	chr9-37913373-37914267	8
0.301699582478348	13.5168137614499	0.333	0	1	chr9-37914974-37916149	8
0.301699582478348	12.6542505949392	0.333	0	1	chr9-38007893-38009115	8
0.301699582478348	13.0832018872529	0.333	0	1	chr9-38178227-38179208	8
0.301699582478348	13.4262423824163	0.333	0	1	chr9-38432849-38433358	8
0.301699582478348	13.0923611943253	0.333	0	1	chr9-38474223-38475045	8
0.301699582478348	14.3124319703967	0.333	0	1	chr9-42502982-42503260	8
0.301699582478348	13.4749150092628	0.333	0	1	chr9-42534850-42535369	8
0.301699582478348	12.7294445092293	0.333	0	1	chr9-42743245-42744138	8
0.301699582478348	12.4187103060553	0.333	0	1	chr9-62837980-62839020	8
0.301699582478348	12.5668774389557	0.333	0	1	chr9-64058963-64061949	8
0.301699582478348	13.0882124969024	0.333	0	1	chr9-65675366-65676711	8
0.301699582478348	12.5692988542924	0.333	0	1	chr9-68739551-68741594	8
0.301699582478348	13.1392431756986	0.333	0	1	chr9-69054089-69054630	8
0.301699582478348	12.9526483829393	0.333	0	1	chr9-69149128-69149996	8
0.301699582478348	13.5534232742239	0.333	0	1	chr9-69422091-69422659	8
0.301699582478348	12.4806278320335	0.333	0	1	chr9-70474076-70476123	8
0.301699582478348	13.157131151732	0.333	0	1	chr9-71001523-71002219	8
0.301699582478348	13.3420676075053	0.333	0	1	chr9-71739322-71740928	8
0.301699582478348	13.4623394921956	0.333	0	1	chr9-71944692-71945416	8
0.301699582478348	13.5949917421107	0.333	0	1	chr9-72229137-72229749	8
0.301699582478348	12.1596375224716	0.333	0	1	chr9-72575918-72579740	8
0.301699582478348	13.1148342318466	0.333	0	1	chr9-73199848-73201117	8
0.301699582478348	13.53150529075	0.333	0	1	chr9-73565644-73566286	8
0.301699582478348	13.3285656258896	0.333	0	1	chr9-73701198-73702022	8
0.301699582478348	13.185253304633	0.333	0	1	chr9-73738497-73739654	8
0.301699582478348	13.8215269304988	0.333	0	1	chr9-74399308-74399853	8
0.301699582478348	12.7714423974711	0.333	0	1	chr9-76179495-76181673	8
0.301699582478348	12.7745049847449	0.333	0	1	chr9-76255716-76257748	8
0.301699582478348	13.0035861040124	0.333	0	1	chr9-76902083-76903107	8
0.301699582478348	13.3448873851937	0.333	0	1	chr9-77031941-77032818	8
0.301699582478348	13.4314452512475	0.333	0	1	chr9-77071935-77072454	8
0.301699582478348	13.7454718092247	0.333	0	1	chr9-77131302-77131788	8
0.301699582478348	13.4694722726161	0.333	0	1	chr9-77406762-77408318	8
0.301699582478348	13.0923611943253	0.333	0	1	chr9-77523545-77524540	8
0.301699582478348	13.9396647499555	0.333	0	1	chr9-78033939-78034391	8
0.301699582478348	13.3114832394935	0.333	0	1	chr9-78259446-78260515	8
0.301699582478348	13.7323171442808	0.333	0	1	chr9-80315644-80316095	8
0.301699582478348	13.5689781283239	0.333	0	1	chr9-81193559-81194159	8
0.301699582478348	12.8095486206495	0.333	0	1	chr9-81371587-81373492	8
0.301699582478348	13.4077726839015	0.333	0	1	chr9-81390759-81391579	8
0.301699582478348	13.3249468504327	0.333	0	1	chr9-82105605-82106185	8
0.301699582478348	13.4347805862628	0.333	0	1	chr9-82169877-82170724	8
0.301699582478348	13.4007604187301	0.333	0	1	chr9-82418329-82418888	8
0.301699582478348	13.2966143721778	0.333	0	1	chr9-82547810-82548567	8
0.301699582478348	13.0710465218441	0.333	0	1	chr9-82560244-82561087	8
0.301699582478348	13.6319429736388	0.333	0	1	chr9-82938223-82938834	8
0.301699582478348	12.5673965700324	0.333	0	1	chr9-83060275-83063777	8
0.301699582478348	11.8876257138394	0.333	0	1	chr9-83218393-83220415	8
0.301699582478348	12.9503444978084	0.333	0	1	chr9-83291080-83291914	8
0.301699582478348	12.0760734246084	0.333	0	1	chr9-83920323-83922189	8
0.301699582478348	13.8791545901044	0.333	0	1	chr9-84100634-84101169	8
0.301699582478348	13.254476500568	0.333	0	1	chr9-84349541-84350259	8
0.301699582478348	12.9359428972809	0.333	0	1	chr9-84485250-84486136	8
0.301699582478348	13.00970980687	0.333	0	1	chr9-84851810-84852647	8
0.301699582478348	14.1577954926217	0.333	0	1	chr9-86034905-86035236	8
0.301699582478348	13.6878763086779	0.333	0	1	chr9-86082760-86083310	8
0.301699582478348	12.2380229867937	0.333	0	1	chr9-86281350-86283419	8
0.301699582478348	13.096952934511	0.333	0	1	chr9-86683864-86685053	8
0.301699582478348	13.2134599054919	0.333	0	1	chr9-87336772-87337776	8
0.301699582478348	13.0961158572724	0.333	0	1	chr9-87386390-87387248	8
0.301699582478348	13.1479645155692	0.333	0	1	chr9-87639421-87641124	8
0.301699582478348	13.0706427739412	0.333	0	1	chr9-88578201-88579089	8
0.301699582478348	13.3620039084168	0.333	0	1	chr9-88801155-88802204	8
0.301699582478348	12.8696518506195	0.333	0	1	chr9-89358096-89360928	8
0.301699582478348	12.8643927617916	0.333	0	1	chr9-89477338-89478371	8
0.301699582478348	13.8745662305025	0.333	0	1	chr9-89508872-89509469	8
0.301699582478348	13.3238130398925	0.333	0	1	chr9-89548812-89549501	8
0.301699582478348	12.7257728122173	0.333	0	1	chr9-89685756-89687657	8
0.301699582478348	13.064949119959	0.333	0	1	chr9-89874336-89875558	8
0.301699582478348	12.5337529545691	0.333	0	1	chr9-90106933-90109116	8
0.301699582478348	13.4307922588632	0.333	0	1	chr9-90249013-90249593	8
0.301699582478348	13.1160188808764	0.333	0	1	chr9-90358289-90359989	8
0.301699582478348	13.2694750431589	0.333	0	1	chr9-90895029-90896464	8
0.301699582478348	13.1058026216541	0.333	0	1	chr9-90914771-90915547	8
0.301699582478348	13.0550854185821	0.333	0	1	chr9-90987176-90988051	8
0.301699582478348	12.4833464111868	0.333	0	1	chr9-91422117-91424762	8
0.301699582478348	13.0638134303844	0.333	0	1	chr9-91945177-91946305	8
0.301699582478348	13.3074649211286	0.333	0	1	chr9-91954633-91955396	8
0.301699582478348	12.5455270389633	0.333	0	1	chr9-92114747-92116139	8
0.301699582478348	13.0439229921304	0.333	0	1	chr9-92332336-92333587	8
0.301699582478348	12.4732690664814	0.333	0	1	chr9-92654344-92655641	8
0.301699582478348	12.327157970467	0.333	0	1	chr9-92911345-92912793	8
0.301699582478348	12.5348842345999	0.333	0	1	chr9-93201005-93202795	8
0.301699582478348	13.6271685029175	0.333	0	1	chr9-93302463-93303104	8
0.301699582478348	12.9055746199465	0.333	0	1	chr9-93312473-93313507	8
0.301699582478348	11.9736445778791	0.333	0	1	chr9-93450109-93454200	8
0.301699582478348	12.3448134895928	0.333	0	1	chr9-93575574-93578543	8
0.301699582478348	13.5985646301272	0.333	0	1	chr9-93592498-93593884	8
0.301699582478348	13.3303574964063	0.333	0	1	chr9-93962716-93963427	8
0.301699582478348	13.7757951701661	0.333	0	1	chr9-94014015-94014496	8
0.301699582478348	12.5701280466214	0.333	0	1	chr9-94030155-94031317	8
0.301699582478348	13.8679549249574	0.333	0	1	chr9-94705608-94706004	8
0.301699582478348	13.6409484500066	0.333	0	1	chr9-95101859-95102821	8
0.301699582478348	12.2605847483691	0.333	0	1	chr9-95425734-95427454	8
0.301699582478348	13.6186908656046	0.333	0	1	chr9-95499726-95500304	8
0.301699582478348	13.563932400178	0.333	0	1	chr9-95667782-95668279	8
0.301699582478348	12.6449792059549	0.333	0	1	chr9-96040347-96041653	8
0.301699582478348	13.603972664827	0.333	0	1	chr9-96068310-96069162	8
0.301699582478348	13.3400049891788	0.333	0	1	chr9-96169339-96170206	8
0.301699582478348	13.1243681745327	0.333	0	1	chr9-96232350-96233003	8
0.301699582478348	13.4288378135221	0.333	0	1	chr9-96322722-96323398	8
0.301699582478348	13.5548095319815	0.333	0	1	chr9-96453513-96454042	8
0.301699582478348	12.9109586217754	0.333	0	1	chr9-96603311-96604417	8
0.301699582478348	13.6560877747708	0.333	0	1	chr9-96644016-96644652	8
0.301699582478348	12.6089144731464	0.333	0	1	chr9-96654256-96655799	8
0.301699582478348	12.9695162910646	0.333	0	1	chr9-97062162-97063072	8
0.301699582478348	13.5410216201182	0.333	0	1	chr9-97205320-97205821	8
0.301699582478348	12.8439894671486	0.333	0	1	chr9-97398789-97399732	8
0.301699582478348	13.3861197357656	0.333	0	1	chr9-97845075-97846057	8
0.301699582478348	12.1770222677123	0.333	0	1	chr9-97982132-97985486	8
0.301699582478348	13.4171690365053	0.333	0	1	chr9-98034494-98035145	8
0.301699582478348	13.0124443483219	0.333	0	1	chr9-98099634-98100522	8
0.301699582478348	12.7811425702619	0.333	0	1	chr9-98229685-98231135	8
0.301699582478348	13.5614281558835	0.333	0	1	chr9-98778737-98779535	8
0.301699582478348	12.6264986255373	0.333	0	1	chr9-98805365-98808209	8
0.301699582478348	13.2016420491241	0.333	0	1	chr9-99184511-99185209	8
0.301699582478348	13.4360375650459	0.333	0	1	chr9-100294827-100295907	8
0.301699582478348	12.5888973150738	0.333	0	1	chr9-100425809-100428234	8
0.301699582478348	13.5734461313277	0.333	0	1	chr9-100553075-100553717	8
0.301699582478348	13.2045767017781	0.333	0	1	chr9-100595505-100596076	8
0.301699582478348	13.3069722853264	0.333	0	1	chr9-101315353-101316520	8
0.301699582478348	13.3591506942385	0.333	0	1	chr9-101465208-101465811	8
0.301699582478348	13.4720953559053	0.333	0	1	chr9-101530035-101530540	8
0.301699582478348	13.1481997850509	0.333	0	1	chr9-101601933-101602633	8
0.301699582478348	13.5656087564323	0.333	0	1	chr9-101663318-101664192	8
0.301699582478348	13.4071463519782	0.333	0	1	chr9-102414118-102414830	8
0.301699582478348	12.5550793913961	0.333	0	1	chr9-104746969-104749011	8
0.301699582478348	13.6683307230363	0.333	0	1	chr9-105146646-105147158	8
0.301699582478348	13.5454524740223	0.333	0	1	chr9-105413491-105414124	8
0.301699582478348	13.1340346002254	0.333	0	1	chr9-105708125-105709967	8
0.301699582478348	13.8881265984524	0.333	0	1	chr9-105776204-105776779	8
0.301699582478348	13.7615738052687	0.333	0	1	chr9-108207555-108208124	8
0.301699582478348	12.4131727647047	0.333	0	1	chr9-108472839-108474839	8
0.301699582478348	13.2638259340717	0.333	0	1	chr9-108477383-108478140	8
0.301699582478348	13.6465564476981	0.333	0	1	chr9-108634102-108634604	8
0.301699582478348	13.7891422269685	0.333	0	1	chr9-109034114-109034749	8
0.301699582478348	13.2534185946124	0.333	0	1	chr9-109517684-109518677	8
0.301699582478348	12.9045353396099	0.333	0	1	chr9-109729741-109730921	8
0.301699582478348	13.2667935646525	0.333	0	1	chr9-109817737-109818333	8
0.301699582478348	12.349040190307	0.333	0	1	chr9-109922568-109924293	8
0.301699582478348	12.4213165317502	0.333	0	1	chr9-110089133-110090669	8
0.301699582478348	12.8375785895448	0.333	0	1	chr9-110142021-110144373	8
0.301699582478348	12.4206587284391	0.333	0	1	chr9-110188687-110189840	8
0.301699582478348	11.7773906614382	0.333	0	1	chr9-110206279-110208696	8
0.301699582478348	13.6582903355368	0.333	0	1	chr9-111299258-111299782	8
0.301699582478348	13.5913996452845	0.333	0	1	chr9-111917204-111917709	8
0.301699582478348	13.3381842778466	0.333	0	1	chr9-112308514-112309064	8
0.301699582478348	13.1199382634228	0.333	0	1	chr9-112439048-112440318	8
0.301699582478348	12.5251544068594	0.333	0	1	chr9-112830979-112832472	8
0.301699582478348	13.2199661924544	0.333	0	1	chr9-112902914-112903647	8
0.301699582478348	13.5534232742239	0.333	0	1	chr9-113111491-113111887	8
0.301699582478348	13.416475843742	0.333	0	1	chr9-113143399-113144309	8
0.301699582478348	12.2340901746225	0.333	0	1	chr9-113579468-113582177	8
0.301699582478348	13.584710306107	0.333	0	1	chr9-113863282-113863875	8
0.301699582478348	12.6280065739898	0.333	0	1	chr9-113993786-113994775	8
0.301699582478348	12.7247276984819	0.333	0	1	chr9-114397358-114399029	8
0.301699582478348	13.3654897856915	0.333	0	1	chr9-114456787-114458325	8
0.301699582478348	12.538611821468	0.333	0	1	chr9-114586734-114589353	8
0.301699582478348	12.3353658679748	0.333	0	1	chr9-114610727-114613561	8
0.301699582478348	13.600360758661	0.333	0	1	chr9-114662045-114662684	8
0.301699582478348	12.8164800972566	0.333	0	1	chr9-114778968-114779993	8
0.301699582478348	12.6594825655008	0.333	0	1	chr9-115116275-115119439	8
0.301699582478348	14.0110865722145	0.333	0	1	chr9-115183844-115184310	8
0.301699582478348	13.1392431756986	0.333	0	1	chr9-115233782-115234719	8
0.301699582478348	13.2722706752915	0.333	0	1	chr9-115497979-115498975	8
0.301699582478348	12.709694371515	0.333	0	1	chr9-115591394-115592299	8
0.301699582478348	13.8729031546608	0.333	0	1	chr9-115693941-115694369	8
0.301699582478348	12.4071212462183	0.333	0	1	chr9-115978367-115979692	8
0.301699582478348	13.040211003841	0.333	0	1	chr9-116002162-116003239	8
0.301699582478348	12.7995367899522	0.333	0	1	chr9-116355112-116356117	8
0.301699582478348	12.7893835645948	0.333	0	1	chr9-116364748-116365844	8
0.301699582478348	12.4497246418671	0.333	0	1	chr9-116686212-116688217	8
0.301699582478348	13.1344403101316	0.333	0	1	chr9-116700649-116702496	8
0.301699582478348	13.1242788351394	0.333	0	1	chr9-117464974-117466660	8
0.301699582478348	13.0413731769236	0.333	0	1	chr9-117487237-117488140	8
0.301699582478348	13.1986526312676	0.333	0	1	chr9-119854921-119855767	8
0.301699582478348	12.770890818083	0.333	0	1	chr9-119967588-119969563	8
0.301699582478348	13.4470797031895	0.333	0	1	chr9-120109252-120110950	8
0.301699582478348	13.5089685731655	0.333	0	1	chr9-120348798-120349323	8
0.301699582478348	12.1633106294635	0.333	0	1	chr9-120570945-120573018	8
0.301699582478348	13.5283713829239	0.333	0	1	chr9-120706988-120707770	8
0.301699582478348	12.4397680123448	0.333	0	1	chr9-120841992-120843947	8
0.301699582478348	12.9009778853701	0.333	0	1	chr9-120941015-120943228	8
0.301699582478348	12.6594825655008	0.333	0	1	chr9-120985600-120986361	8
0.301699582478348	13.6357967511537	0.333	0	1	chr9-121172673-121173318	8
0.301699582478348	12.7226378355784	0.333	0	1	chr9-121266635-121269543	8
0.301699582478348	13.7145529048315	0.333	0	1	chr9-121445924-121446432	8
0.301699582478348	12.7464850735927	0.333	0	1	chr9-121609446-121610728	8
0.301699582478348	13.2742742067813	0.333	0	1	chr9-121727381-121729445	8
0.301699582478348	12.5835116569036	0.333	0	1	chr9-121736715-121739581	8
0.301699582478348	13.4027859699833	0.333	0	1	chr9-122005553-122006082	8
0.301699582478348	13.2476312145669	0.333	0	1	chr9-122099201-122099915	8
0.301699582478348	12.7096120800669	0.333	0	1	chr9-122365827-122367015	8
0.301699582478348	12.5773487456861	0.333	0	1	chr9-122904156-122905860	8
0.301699582478348	11.9409386837347	0.333	0	1	chr9-122912304-122914011	8
0.301699582478348	12.4504357518426	0.333	0	1	chr9-123267341-123269607	8
0.301699582478348	12.399800671656	0.333	0	1	chr9-123327011-123328387	8
0.301699582478348	13.3850406380112	0.333	0	1	chr9-124110240-124110813	8
0.301699582478348	12.9136643882892	0.333	0	1	chr9-124414589-124415883	8
0.301699582478348	12.0302343889068	0.333	0	1	chr9-124867743-124873283	8
0.301699582478348	12.8516785450338	0.333	0	1	chr9-125261247-125262771	8
0.301699582478348	13.3226306823674	0.333	0	1	chr9-125374333-125375187	8
0.301699582478348	12.531276955093	0.333	0	1	chr9-125511474-125512886	8
0.301699582478348	12.9302297411954	0.333	0	1	chr9-125549216-125550833	8
0.301699582478348	12.4002342974151	0.333	0	1	chr9-125706574-125707805	8
0.301699582478348	13.4144013186184	0.333	0	1	chr9-126048891-126049428	8
0.301699582478348	13.3596913537176	0.333	0	1	chr9-126207083-126207852	8
0.301699582478348	13.1493276271033	0.333	0	1	chr9-126661785-126664165	8
0.301699582478348	13.1754128497775	0.333	0	1	chr9-126672765-126674480	8
0.301699582478348	13.2721911528549	0.333	0	1	chr9-126725435-126726324	8
0.301699582478348	12.9875220404902	0.333	0	1	chr9-127503541-127505102	8
0.301699582478348	12.6582685744239	0.333	0	1	chr9-127611544-127613461	8
0.301699582478348	12.2492907784203	0.333	0	1	chr9-127770833-127772076	8
0.301699582478348	13.018288746488	0.333	0	1	chr9-127800801-127801652	8
0.301699582478348	13.5322917127213	0.333	0	1	chr9-127918281-127919878	8
0.301699582478348	12.880340635238	0.333	0	1	chr9-127937016-127938482	8
0.301699582478348	12.3177507210004	0.333	0	1	chr9-127965057-127967174	8
0.301699582478348	12.3491320400636	0.333	0	1	chr9-128093825-128095350	8
0.301699582478348	12.3179928297985	0.333	0	1	chr9-128097727-128099674	8
0.301699582478348	13.8594575331829	0.333	0	1	chr9-128201366-128201792	8
0.301699582478348	12.3495697421211	0.333	0	1	chr9-128321484-128323730	8
0.301699582478348	12.5754906019835	0.333	0	1	chr9-128339475-128341883	8
0.301699582478348	12.9146474187241	0.333	0	1	chr9-128361668-128362777	8
0.301699582478348	12.4357247456941	0.333	0	1	chr9-128370375-128372543	8
0.301699582478348	13.7336152860556	0.333	0	1	chr9-128409896-128410411	8
0.301699582478348	12.9952807373007	0.333	0	1	chr9-128915867-128917861	8
0.301699582478348	12.0150216860958	0.333	0	1	chr9-129080225-129082048	8
0.301699582478348	12.0704051862932	0.333	0	1	chr9-129108512-129112435	8
0.301699582478348	12.3265211605215	0.333	0	1	chr9-129138532-129141262	8
0.301699582478348	12.6524773197261	0.333	0	1	chr9-129320118-129322760	8
0.301699582478348	12.6408157742629	0.333	0	1	chr9-129485892-129491015	8
0.301699582478348	12.1927250775906	0.333	0	1	chr9-130444138-130448414	8
0.301699582478348	13.5434281898758	0.333	0	1	chr9-130458961-130459680	8
0.301699582478348	13.0783530384694	0.333	0	1	chr9-130732565-130733827	8
0.301699582478348	12.3554734634761	0.333	0	1	chr9-130893473-130894887	8
0.301699582478348	13.1477491677884	0.333	0	1	chr9-131036945-131038066	8
0.301699582478348	12.6498238728102	0.333	0	1	chr9-131417901-131419111	8
0.301699582478348	13.2926001441366	0.333	0	1	chr9-131420846-131421657	8
0.301699582478348	13.7441173143258	0.333	0	1	chr9-131467203-131467714	8
0.301699582478348	12.5607416283182	0.333	0	1	chr9-131502264-131504493	8
0.301699582478348	12.7641415496005	0.333	0	1	chr9-131529523-131531793	8
0.301699582478348	12.9310197081611	0.333	0	1	chr9-131738679-131740449	8
0.301699582478348	13.1379096871332	0.333	0	1	chr9-132079226-132080309	8
0.301699582478348	13.320861443495	0.333	0	1	chr9-132164289-132165422	8
0.301699582478348	13.2977878127108	0.333	0	1	chr9-132248920-132249786	8
0.301699582478348	12.6886212406016	0.333	0	1	chr9-132308723-132309854	8
0.301699582478348	13.0449958004415	0.333	0	1	chr9-132406297-132407177	8
0.301699582478348	13.4380172651538	0.333	0	1	chr9-132409697-132410420	8
0.301699582478348	12.7479633021036	0.333	0	1	chr9-132942434-132945412	8
0.301699582478348	13.0102476257838	0.333	0	1	chr9-133862909-133864622	8
0.301699582478348	12.9221420306285	0.333	0	1	chr9-133873247-133874722	8
0.301699582478348	13.3091957698545	0.333	0	1	chr9-133892077-133893015	8
0.301699582478348	12.1445297556286	0.333	0	1	chr9-133990394-133994981	8
0.301699582478348	12.9058727758441	0.333	0	1	chr9-134442342-134443994	8
0.301699582478348	12.9424944724088	0.333	0	1	chr9-134702726-134703697	8
0.301699582478348	13.0555693799134	0.333	0	1	chr9-134807375-134808495	8
0.301699582478348	13.8941161212916	0.333	0	1	chr9-134842728-134843112	8
0.301699582478348	13.3756990949187	0.333	0	1	chr9-135412485-135413052	8
0.301699582478348	12.8256043710585	0.333	0	1	chr9-136094870-136096197	8
0.301699582478348	12.2210858807882	0.333	0	1	chr9-136481674-136485976	8
0.301699582478348	13.5516412944049	0.333	0	1	chr9-136760788-136761311	8
0.301699582478348	13.3488280767132	0.333	0	1	chr9-136766361-136766956	8
0.301699582478348	13.0953785490668	0.333	0	1	chr9-136787553-136789819	8
0.301699582478348	12.7148489685008	0.333	0	1	chr9-136803797-136805282	8
0.301699582478348	14.0736937687886	0.333	0	1	chr9-137161183-137161588	8
0.301699582478348	12.3476741352642	0.333	0	1	chr9-137200216-137201603	8
0.301699582478348	12.9517132827059	0.333	0	1	chr9-137216680-137219476	8
0.301699582478348	13.1512836245944	0.333	0	1	chr9-137236226-137237084	8
0.301699582478348	12.8032115159089	0.333	0	1	chr9-137237733-137238892	8
0.301699582478348	13.708865621531	0.333	0	1	chr9-137295274-137295787	8
0.301699582478348	12.7599330362224	0.333	0	1	chr9-137422285-137424218	8
0.301699582478348	12.2870359247481	0.333	0	1	chr9-137604798-137607801	8
0.301699582478348	12.8768817820541	0.333	0	1	chr10-234243-236362	8
0.301699582478348	11.806274449719	0.333	0	1	chr10-435328-437946	8
0.301699582478348	13.5588066339965	0.333	0	1	chr10-789337-790280	8
0.301699582478348	13.5507158466742	0.333	0	1	chr10-1429042-1429898	8
0.301699582478348	13.3443126259478	0.333	0	1	chr10-1459447-1460123	8
0.301699582478348	13.0902838198917	0.333	0	1	chr10-1634095-1634844	8
0.301699582478348	12.3950534270224	0.333	0	1	chr10-3090488-3092079	8
0.301699582478348	13.1143355836107	0.333	0	1	chr10-3538165-3539408	8
0.301699582478348	12.9756884988143	0.333	0	1	chr10-3776689-3777622	8
0.301699582478348	11.6808259063347	0.333	0	1	chr10-3851142-3854736	8
0.301699582478348	13.0771301088606	0.333	0	1	chr10-4058302-4059418	8
0.301699582478348	12.9905094725371	0.333	0	1	chr10-4279568-4281656	8
0.301699582478348	12.3073560739552	0.333	0	1	chr10-5446053-5450229	8
0.301699582478348	12.7364506036897	0.333	0	1	chr10-5517815-5518931	8
0.301699582478348	12.6163015749017	0.333	0	1	chr10-5583355-5584511	8
0.301699582478348	13.194205297405	0.333	0	1	chr10-5761902-5763153	8
0.301699582478348	13.3321546899876	0.333	0	1	chr10-6579931-6580810	8
0.301699582478348	12.6640660412195	0.333	0	1	chr10-7756195-7757003	8
0.301699582478348	13.165997751421	0.333	0	1	chr10-8271942-8273500	8
0.301699582478348	12.7884390565737	0.333	0	1	chr10-8615998-8616895	8
0.301699582478348	13.6998130630265	0.333	0	1	chr10-9188389-9188835	8
0.301699582478348	13.5552114561154	0.333	0	1	chr10-11881354-11882570	8
0.301699582478348	11.9736190735043	0.333	0	1	chr10-12068290-12069952	8
0.301699582478348	12.3201977659029	0.333	0	1	chr10-13160926-13162201	8
0.301699582478348	12.8488159307121	0.333	0	1	chr10-13586382-13587964	8
0.301699582478348	12.9042112772156	0.333	0	1	chr10-13607852-13609003	8
0.301699582478348	13.0304680918458	0.333	0	1	chr10-13707072-13709211	8
0.301699582478348	11.972146555303	0.333	0	1	chr10-14837135-14839904	8
0.301699582478348	12.8218303138296	0.333	0	1	chr10-14859779-14861408	8
0.301699582478348	12.2469614583531	0.333	0	1	chr10-14953094-14954877	8
0.301699582478348	13.3381842778466	0.333	0	1	chr10-15719797-15720535	8
0.301699582478348	13.6677967496416	0.333	0	1	chr10-15744165-15744678	8
0.301699582478348	13.1542011233472	0.333	0	1	chr10-15878950-15880230	8
0.301699582478348	13.53150529075	0.333	0	1	chr10-15968289-15970551	8
0.301699582478348	14.1004549547728	0.333	0	1	chr10-16199936-16200172	8
0.301699582478348	11.4293024594355	0.333	0	1	chr10-17386245-17389711	8
0.301699582478348	13.6774389633139	0.333	0	1	chr10-17756709-17757318	8
0.301699582478348	13.4678929822565	0.333	0	1	chr10-17836784-17837495	8
0.301699582478348	13.2983149954291	0.333	0	1	chr10-19922116-19923289	8
0.301699582478348	13.9416394007276	0.333	0	1	chr10-21269896-21270382	8
0.301699582478348	13.0973001512068	0.333	0	1	chr10-21402275-21404069	8
0.301699582478348	11.9208457881769	0.333	0	1	chr10-22002377-22004235	8
0.301699582478348	12.7528845474432	0.333	0	1	chr10-22339916-22341643	8
0.301699582478348	13.2214583566978	0.333	0	1	chr10-22505630-22506618	8
0.301699582478348	13.5144958027541	0.333	0	1	chr10-23618742-23619953	8
0.301699582478348	14.0413203955075	0.333	0	1	chr10-24320403-24320770	8
0.301699582478348	13.5175478359725	0.333	0	1	chr10-24415578-24416628	8
0.301699582478348	13.0590312769569	0.333	0	1	chr10-24457621-24458483	8
0.301699582478348	12.4800740116074	0.333	0	1	chr10-24493754-24496143	8
0.301699582478348	12.9519240799041	0.333	0	1	chr10-24642620-24643674	8
0.301699582478348	13.999329877879	0.333	0	1	chr10-24865286-24865728	8
0.301699582478348	12.9061576345118	0.333	0	1	chr10-25556285-25557364	8
0.301699582478348	12.8561092574579	0.333	0	1	chr10-26733330-26735101	8
0.301699582478348	13.4833604218092	0.333	0	1	chr10-26976288-26976927	8
0.301699582478348	12.892951253233	0.333	0	1	chr10-27197946-27200336	8
0.301699582478348	12.1374516016204	0.333	0	1	chr10-27503497-27505828	8
0.301699582478348	12.9178918330026	0.333	0	1	chr10-27536757-27538247	8
0.301699582478348	12.621647712132	0.333	0	1	chr10-27546779-27548080	8
0.301699582478348	13.0714504963496	0.333	0	1	chr10-27558457-27559123	8
0.301699582478348	12.7659425099438	0.333	0	1	chr10-28773350-28774961	8
0.301699582478348	13.390738081086	0.333	0	1	chr10-28902983-28904174	8
0.301699582478348	13.0421384638417	0.333	0	1	chr10-28938521-28941133	8
0.301699582478348	12.3208377829413	0.333	0	1	chr10-29104304-29106785	8
0.301699582478348	12.8603689970073	0.333	0	1	chr10-29448735-29449493	8
0.301699582478348	12.4404608886677	0.333	0	1	chr10-29734781-29737351	8
0.301699582478348	13.4713927130673	0.333	0	1	chr10-29784222-29784917	8
0.301699582478348	12.6529462246583	0.333	0	1	chr10-29841678-29842784	8
0.301699582478348	13.1767371824766	0.333	0	1	chr10-30027128-30028597	8
0.301699582478348	13.2732716440851	0.333	0	1	chr10-30185723-30186936	8
0.301699582478348	13.1858364394993	0.333	0	1	chr10-30392271-30393083	8
0.301699582478348	11.919124898163	0.333	0	1	chr10-31031024-31033084	8
0.301699582478348	12.812380538111	0.333	0	1	chr10-31317995-31319802	8
0.301699582478348	13.6085249820289	0.333	0	1	chr10-31862238-31862836	8
0.301699582478348	12.9453113515429	0.333	0	1	chr10-32054059-32056955	8
0.301699582478348	13.4314452512475	0.333	0	1	chr10-32256531-32257286	8
0.301699582478348	13.0742846890826	0.333	0	1	chr10-33314394-33316391	8
0.301699582478348	13.4234461584372	0.333	0	1	chr10-33677685-33678475	8
0.301699582478348	13.53150529075	0.333	0	1	chr10-34195386-34195994	8
0.301699582478348	13.254476500568	0.333	0	1	chr10-34355941-34357048	8
0.301699582478348	13.512257661339	0.333	0	1	chr10-34547248-34547846	8
0.301699582478348	12.7717183204501	0.333	0	1	chr10-34665895-34666944	8
0.301699582478348	12.8191449851017	0.333	0	1	chr10-34905163-34906728	8
0.301699582478348	13.5660737400568	0.333	0	1	chr10-34942150-34942613	8
0.301699582478348	13.7120407088799	0.333	0	1	chr10-34985789-34986278	8
0.301699582478348	13.3376026026604	0.333	0	1	chr10-34994515-34995239	8
0.301699582478348	13.1492072958145	0.333	0	1	chr10-35055940-35056844	8
0.301699582478348	12.6908789291432	0.333	0	1	chr10-35130285-35131318	8
0.301699582478348	12.850842408428	0.333	0	1	chr10-35546496-35547680	8
0.301699582478348	13.4096558038722	0.333	0	1	chr10-35555972-35556741	8
0.301699582478348	13.6926299851952	0.333	0	1	chr10-35612694-35613188	8
0.301699582478348	11.8585063754001	0.333	0	1	chr10-37856268-37858773	8
0.301699582478348	12.6563295624587	0.333	0	1	chr10-37860285-37861534	8
0.301699582478348	11.4391521278523	0.333	0	1	chr10-38093675-38095356	8
0.301699582478348	12.4200910266093	0.333	0	1	chr10-42866330-42867347	8
0.301699582478348	12.1949698622696	0.333	0	1	chr10-43648027-43649573	8
0.301699582478348	12.7940545312553	0.333	0	1	chr10-43689435-43690713	8
0.301699582478348	14.2017622512407	0.333	0	1	chr10-44688376-44688815	8
0.301699582478348	13.2306546977539	0.333	0	1	chr10-44994967-44996663	8
0.301699582478348	13.965048967587	0.333	0	1	chr10-45653236-45653644	8
0.301699582478348	12.2510582562092	0.333	0	1	chr10-46028524-46031181	8
0.301699582478348	13.4641653266631	0.333	0	1	chr10-46294053-46294938	8
0.301699582478348	13.3614249221955	0.333	0	1	chr10-47047333-47048058	8
0.301699582478348	13.2828612291173	0.333	0	1	chr10-49022710-49024001	8
0.301699582478348	13.0843346469289	0.333	0	1	chr10-49407328-49408786	8
0.301699582478348	12.7572152616661	0.333	0	1	chr10-49504403-49505517	8
0.301699582478348	13.5967749763639	0.333	0	1	chr10-50816029-50816855	8
0.301699582478348	13.7336152860556	0.333	0	1	chr10-52595558-52596579	8
0.301699582478348	13.7454718092247	0.333	0	1	chr10-54751065-54751596	8
0.301699582478348	13.5374325696145	0.333	0	1	chr10-55100556-55101656	8
0.301699582478348	13.50733163729	0.333	0	1	chr10-55149919-55150799	8
0.301699582478348	12.5754906019835	0.333	0	1	chr10-57688591-57690493	8
0.301699582478348	13.3850406380112	0.333	0	1	chr10-57716838-57717546	8
0.301699582478348	12.8457960732809	0.333	0	1	chr10-57848712-57850364	8
0.301699582478348	13.6683307230363	0.333	0	1	chr10-57904913-57905625	8
0.301699582478348	13.4140740441039	0.333	0	1	chr10-57962625-57963325	8
0.301699582478348	12.9413584097504	0.333	0	1	chr10-58466834-58469402	8
0.301699582478348	13.1579706225545	0.333	0	1	chr10-58747588-58748352	8
0.301699582478348	12.399863358137	0.333	0	1	chr10-59245259-59246413	8
0.301699582478348	13.1138485536581	0.333	0	1	chr10-59361839-59363518	8
0.301699582478348	13.197749329714	0.333	0	1	chr10-60549650-60550162	8
0.301699582478348	12.5598683154877	0.333	0	1	chr10-60777817-60779631	8
0.301699582478348	13.2174469052797	0.333	0	1	chr10-61124541-61125327	8
0.301699582478348	13.7932286603001	0.333	0	1	chr10-61463184-61463977	8
0.301699582478348	13.3795850686404	0.333	0	1	chr10-61937266-61938276	8
0.301699582478348	13.2424149407878	0.333	0	1	chr10-62554562-62555232	8
0.301699582478348	13.3024941771878	0.333	0	1	chr10-62593932-62594649	8
0.301699582478348	11.8992018970764	0.333	0	1	chr10-62803760-62807428	8
0.301699582478348	12.0581015745339	0.333	0	1	chr10-63266632-63269684	8
0.301699582478348	12.8164800972566	0.333	0	1	chr10-63722375-63723127	8
0.301699582478348	13.0039546392253	0.333	0	1	chr10-63865263-63867393	8
0.301699582478348	12.995888315329	0.333	0	1	chr10-63916912-63918050	8
0.301699582478348	12.583959283253	0.333	0	1	chr10-63976340-63977778	8
0.301699582478348	13.2711033047898	0.333	0	1	chr10-66925731-66926308	8
0.301699582478348	13.1508678542566	0.333	0	1	chr10-67258778-67260122	8
0.301699582478348	13.1732614850901	0.333	0	1	chr10-67491986-67493085	8
0.301699582478348	13.7226368295282	0.333	0	1	chr10-68212683-68213084	8
0.301699582478348	12.7943147864472	0.333	0	1	chr10-68333997-68336431	8
0.301699582478348	12.870150737978	0.333	0	1	chr10-68405837-68407804	8
0.301699582478348	12.7007454770277	0.333	0	1	chr10-68633752-68635055	8
0.301699582478348	12.4891591001056	0.333	0	1	chr10-68826774-68828673	8
0.301699582478348	12.0289032221685	0.333	0	1	chr10-68987068-68989788	8
0.301699582478348	12.5268395021094	0.333	0	1	chr10-69407778-69409516	8
0.301699582478348	13.4692901889675	0.333	0	1	chr10-69716170-69717387	8
0.301699582478348	13.3631635840047	0.333	0	1	chr10-70328792-70329658	8
0.301699582478348	13.1889074893796	0.333	0	1	chr10-70461129-70463240	8
0.301699582478348	12.9194071331703	0.333	0	1	chr10-71208917-71209492	8
0.301699582478348	13.2300655760189	0.333	0	1	chr10-71333925-71334935	8
0.301699582478348	12.4518016924953	0.333	0	1	chr10-71376694-71378057	8
0.301699582478348	12.9711332307786	0.333	0	1	chr10-72097581-72099590	8
0.301699582478348	13.064949119959	0.333	0	1	chr10-72170146-72171738	8
0.301699582478348	13.3249977020278	0.333	0	1	chr10-72449731-72450506	8
0.301699582478348	12.9393231843085	0.333	0	1	chr10-72735465-72737092	8
0.301699582478348	13.5008337518243	0.333	0	1	chr10-72746474-72747366	8
0.301699582478348	12.5015309740411	0.333	0	1	chr10-73167522-73169040	8
0.301699582478348	12.5674975952995	0.333	0	1	chr10-73357184-73359523	8
0.301699582478348	12.9825136477747	0.333	0	1	chr10-73552799-73555117	8
0.301699582478348	13.1527223528695	0.333	0	1	chr10-73714550-73716607	8
0.301699582478348	13.085847795318	0.333	0	1	chr10-74432832-74433883	8
0.301699582478348	13.5941025152324	0.333	0	1	chr10-74527599-74528259	8
0.301699582478348	13.2838792483175	0.333	0	1	chr10-74753415-74754468	8
0.301699582478348	14.2012549640996	0.333	0	1	chr10-74831523-74831868	8
0.301699582478348	13.469990132374	0.333	0	1	chr10-74968086-74969036	8
0.301699582478348	13.386777254653	0.333	0	1	chr10-75083843-75084712	8
0.301699582478348	12.9693702571765	0.333	0	1	chr10-75512144-75513828	8
0.301699582478348	13.0670191887271	0.333	0	1	chr10-75682876-75683914	8
0.301699582478348	13.5534232742239	0.333	0	1	chr10-75956600-75957027	8
0.301699582478348	13.8179462061671	0.333	0	1	chr10-76127224-76127849	8
0.301699582478348	13.600360758661	0.333	0	1	chr10-77004882-77005376	8
0.301699582478348	13.5783610496758	0.333	0	1	chr10-77179176-77179816	8
0.301699582478348	12.8948703091165	0.333	0	1	chr10-77267404-77268521	8
0.301699582478348	12.7501853825846	0.333	0	1	chr10-77305199-77306542	8
0.301699582478348	13.1500370712037	0.333	0	1	chr10-77613102-77614094	8
0.301699582478348	13.6430821016837	0.333	0	1	chr10-77641513-77642228	8
0.301699582478348	12.557688540334	0.333	0	1	chr10-77925298-77927375	8
0.301699582478348	13.2094498358091	0.333	0	1	chr10-78549375-78550435	8
0.301699582478348	13.1108998112505	0.333	0	1	chr10-79073703-79075306	8
0.301699582478348	11.7266919378685	0.333	0	1	chr10-79443493-79447116	8
0.301699582478348	13.0712293443054	0.333	0	1	chr10-79726364-79727104	8
0.301699582478348	13.0642138500926	0.333	0	1	chr10-80253463-80254407	8
0.301699582478348	12.7666576939838	0.333	0	1	chr10-80289542-80291569	8
0.301699582478348	13.0385823848206	0.333	0	1	chr10-80414063-80415257	8
0.301699582478348	13.4732947054479	0.333	0	1	chr10-80596489-80597099	8
0.301699582478348	13.6416357844414	0.333	0	1	chr10-81002158-81002929	8
0.301699582478348	12.7977776659924	0.333	0	1	chr10-82242493-82243330	8
0.301699582478348	13.2977878127108	0.333	0	1	chr10-83233557-83235165	8
0.301699582478348	12.7761452333898	0.333	0	1	chr10-84195749-84197487	8
0.301699582478348	13.3467285888813	0.333	0	1	chr10-84291319-84291870	8
0.301699582478348	12.8712051437783	0.333	0	1	chr10-84613131-84614142	8
0.301699582478348	13.1446031132283	0.333	0	1	chr10-86334495-86335404	8
0.301699582478348	14.2805966986864	0.333	0	1	chr10-86473709-86474154	8
0.301699582478348	13.463030614633	0.333	0	1	chr10-86774946-86775627	8
0.301699582478348	12.8671612148139	0.333	0	1	chr10-87504243-87505886	8
0.301699582478348	13.4312140144776	0.333	0	1	chr10-87842085-87842735	8
0.301699582478348	13.6538953802377	0.333	0	1	chr10-87860087-87860575	8
0.301699582478348	13.4204458790908	0.333	0	1	chr10-88119059-88119628	8
0.301699582478348	12.6589967739638	0.333	0	1	chr10-88879529-88881255	8
0.301699582478348	13.2545189516422	0.333	0	1	chr10-88974671-88975712	8
0.301699582478348	12.5920622239241	0.333	0	1	chr10-89260246-89260974	8
0.301699582478348	12.8063740958818	0.333	0	1	chr10-89301183-89302796	8
0.301699582478348	13.3309559675873	0.333	0	1	chr10-89327612-89328544	8
0.301699582478348	13.0736764206426	0.333	0	1	chr10-90846678-90848231	8
0.301699582478348	12.9206214720334	0.333	0	1	chr10-90930026-90930998	8
0.301699582478348	13.530723320625	0.333	0	1	chr10-91424637-91425450	8
0.301699582478348	12.5831859573203	0.333	0	1	chr10-91863715-91864898	8
0.301699582478348	13.4679507507122	0.333	0	1	chr10-92082512-92083310	8
0.301699582478348	11.7795226734113	0.333	0	1	chr10-92590632-92594370	8
0.301699582478348	13.53150529075	0.333	0	1	chr10-92692386-92693326	8
0.301699582478348	13.3861197357656	0.333	0	1	chr10-93376292-93377041	8
0.301699582478348	13.5672906511957	0.333	0	1	chr10-94361125-94361617	8
0.301699582478348	12.5019083388552	0.333	0	1	chr10-94362318-94365544	8
0.301699582478348	13.1581892762215	0.333	0	1	chr10-95242724-95243469	8
0.301699582478348	12.9292258484787	0.333	0	1	chr10-95266413-95267224	8
0.301699582478348	13.1876382523256	0.333	0	1	chr10-95430290-95431014	8
0.301699582478348	12.0937770376375	0.333	0	1	chr10-95655373-95657589	8
0.301699582478348	12.3916583989551	0.333	0	1	chr10-96129457-96131157	8
0.301699582478348	13.4386787233459	0.333	0	1	chr10-96233744-96234546	8
0.301699582478348	12.1882553896494	0.333	0	1	chr10-96270937-96273321	8
0.301699582478348	13.5434281898758	0.333	0	1	chr10-96370345-96371185	8
0.301699582478348	12.0413401815275	0.333	0	1	chr10-97332500-97335477	8
0.301699582478348	12.8535694886393	0.333	0	1	chr10-97399867-97401906	8
0.301699582478348	12.1141735367896	0.333	0	1	chr10-97445036-97446876	8
0.301699582478348	12.4498509221288	0.333	0	1	chr10-97868665-97870052	8
0.301699582478348	12.3937623221677	0.333	0	1	chr10-98134144-98135865	8
0.301699582478348	13.0117597738935	0.333	0	1	chr10-98171591-98172915	8
0.301699582478348	13.4805985033327	0.333	0	1	chr10-99172059-99172568	8
0.301699582478348	13.3699180269245	0.333	0	1	chr10-99279308-99280237	8
0.301699582478348	13.5167831732232	0.333	0	1	chr10-99392235-99393095	8
0.301699582478348	12.261075282268	0.333	0	1	chr10-99394183-99396957	8
0.301699582478348	13.5837619357913	0.333	0	1	chr10-99435948-99436628	8
0.301699582478348	12.4987892309148	0.333	0	1	chr10-99731638-99733163	8
0.301699582478348	13.783087549092	0.333	0	1	chr10-100940973-100941918	8
0.301699582478348	13.2114754618746	0.333	0	1	chr10-101018862-101019459	8
0.301699582478348	13.7562840153006	0.333	0	1	chr10-101050189-101050713	8
0.301699582478348	12.5782680069904	0.333	0	1	chr10-101065489-101068268	8
0.301699582478348	13.6357967511537	0.333	0	1	chr10-101495290-101495786	8
0.301699582478348	13.1380207127098	0.333	0	1	chr10-101587037-101589376	8
0.301699582478348	12.7284571451236	0.333	0	1	chr10-101595192-101596710	8
0.301699582478348	13.0882124969024	0.333	0	1	chr10-101690325-101691654	8
0.301699582478348	12.4608248888977	0.333	0	1	chr10-102506828-102509879	8
0.301699582478348	12.8350153415929	0.333	0	1	chr10-103685831-103686797	8
0.301699582478348	13.5275908299418	0.333	0	1	chr10-103833682-103834371	8
0.301699582478348	13.4678929822565	0.333	0	1	chr10-103854953-103855903	8
0.301699582478348	11.8881758891839	0.333	0	1	chr10-104120596-104122762	8
0.301699582478348	12.6123698474037	0.333	0	1	chr10-104277088-104278522	8
0.301699582478348	12.1310502767535	0.333	0	1	chr10-104328341-104332875	8
0.301699582478348	12.5453582417987	0.333	0	1	chr10-104352064-104354178	8
0.301699582478348	13.1308409214898	0.333	0	1	chr10-108911524-108912429	8
0.301699582478348	13.227522191171	0.333	0	1	chr10-109566942-109567677	8
0.301699582478348	12.130762096262	0.333	0	1	chr10-109647427-109651142	8
0.301699582478348	12.2952701719987	0.333	0	1	chr10-110497169-110499946	8
0.301699582478348	12.6298430565659	0.333	0	1	chr10-110671775-110672846	8
0.301699582478348	12.9074578579185	0.333	0	1	chr10-110845456-110846732	8
0.301699582478348	13.3533779347251	0.333	0	1	chr10-112049183-112049807	8
0.301699582478348	13.2377215444431	0.333	0	1	chr10-112081304-112084022	8
0.301699582478348	13.1195849209613	0.333	0	1	chr10-112137015-112137867	8
0.301699582478348	13.2752783695749	0.333	0	1	chr10-112258145-112258878	8
0.301699582478348	13.1239683129014	0.333	0	1	chr10-112507285-112508690	8
0.301699582478348	13.0273170785693	0.333	0	1	chr10-112637065-112638585	8
0.301699582478348	13.3828432427312	0.333	0	1	chr10-113018564-113019124	8
0.301699582478348	13.0843346469289	0.333	0	1	chr10-113749419-113750329	8
0.301699582478348	13.0873856524498	0.333	0	1	chr10-113921647-113922736	8
0.301699582478348	12.9393231843085	0.333	0	1	chr10-114507323-114508115	8
0.301699582478348	12.9672548068522	0.333	0	1	chr10-114550610-114552041	8
0.301699582478348	13.6595926573376	0.333	0	1	chr10-115163643-115164761	8
0.301699582478348	13.6473780994163	0.333	0	1	chr10-116444483-116444949	8
0.301699582478348	11.9371602784083	0.333	0	1	chr10-116848376-116850677	8
0.301699582478348	13.0601831707028	0.333	0	1	chr10-116888257-116889432	8
0.301699582478348	13.1801702226597	0.333	0	1	chr10-117216500-117217711	8
0.301699582478348	13.0456503170695	0.333	0	1	chr10-117221098-117223733	8
0.301699582478348	13.5809275204788	0.333	0	1	chr10-117537364-117537949	8
0.301699582478348	13.5516412944049	0.333	0	1	chr10-117975873-117976797	8
0.301699582478348	13.3093563087945	0.333	0	1	chr10-118042549-118043448	8
0.301699582478348	12.8412869671003	0.333	0	1	chr10-118589981-118590858	8
0.301699582478348	12.5101193638261	0.333	0	1	chr10-118753105-118755941	8
0.301699582478348	12.4011640794734	0.333	0	1	chr10-119006233-119007833	8
0.301699582478348	13.3614249221955	0.333	0	1	chr10-119199159-119199884	8
0.301699582478348	12.4811819646926	0.333	0	1	chr10-119206143-119208618	8
0.301699582478348	13.1554553078787	0.333	0	1	chr10-119449682-119450729	8
0.301699582478348	12.3492166774959	0.333	0	1	chr10-119542177-119543855	8
0.301699582478348	11.5673768213199	0.333	0	1	chr10-119595275-119597871	8
0.301699582478348	12.8253342273328	0.333	0	1	chr10-119657483-119659129	8
0.301699582478348	12.8411498383294	0.333	0	1	chr10-120095276-120098774	8
0.301699582478348	12.9589128303676	0.333	0	1	chr10-120945584-120946815	8
0.301699582478348	12.964678390376	0.333	0	1	chr10-121245454-121246628	8
0.301699582478348	12.0601295871291	0.333	0	1	chr10-121572560-121574073	8
0.301699582478348	12.7218558375485	0.333	0	1	chr10-121597879-121599076	8
0.301699582478348	12.954373419257	0.333	0	1	chr10-121608189-121609249	8
0.301699582478348	13.3972169030698	0.333	0	1	chr10-123357479-123358057	8
0.301699582478348	13.3874355183625	0.333	0	1	chr10-123377709-123378723	8
0.301699582478348	13.66573231802	0.333	0	1	chr10-123380638-123381145	8
0.301699582478348	13.6889574947764	0.333	0	1	chr10-123673147-123673773	8
0.301699582478348	13.3179087122405	0.333	0	1	chr10-123962785-123963911	8
0.301699582478348	13.4048556428348	0.333	0	1	chr10-124092703-124094082	8
0.301699582478348	13.5758035985224	0.333	0	1	chr10-124104965-124107222	8
0.301699582478348	12.5287387635757	0.333	0	1	chr10-124461355-124462542	8
0.301699582478348	13.2273830378922	0.333	0	1	chr10-124660317-124661077	8
0.301699582478348	13.7797560324683	0.333	0	1	chr10-124795758-124796804	8
0.301699582478348	12.6858611966067	0.333	0	1	chr10-125152839-125155249	8
0.301699582478348	13.2501573914038	0.333	0	1	chr10-125689793-125690949	8
0.301699582478348	12.8919785921528	0.333	0	1	chr10-125822586-125824586	8
0.301699582478348	13.5324346841109	0.333	0	1	chr10-127556889-127557361	8
0.301699582478348	13.4514862037818	0.333	0	1	chr10-127600455-127600981	8
0.301699582478348	13.5510486705136	0.333	0	1	chr10-127887100-127888207	8
0.301699582478348	13.4326379281526	0.333	0	1	chr10-128274883-128275412	8
0.301699582478348	12.9218376840935	0.333	0	1	chr10-128468122-128469199	8
0.301699582478348	13.1173468290124	0.333	0	1	chr10-129707473-129708657	8
0.301699582478348	13.372480364281	0.333	0	1	chr10-129709893-129710974	8
0.301699582478348	13.2513080272179	0.333	0	1	chr10-129894587-129895130	8
0.301699582478348	12.2992809552973	0.333	0	1	chr10-129962910-129964737	8
0.301699582478348	13.5384690812168	0.333	0	1	chr10-129968672-129969347	8
0.301699582478348	11.4890331720431	0.333	0	1	chr10-130109434-130112038	8
0.301699582478348	12.5629284330138	0.333	0	1	chr10-130135909-130137889	8
0.301699582478348	13.2241277701653	0.333	0	1	chr10-130345413-130346232	8
0.301699582478348	13.0241303594159	0.333	0	1	chr10-130974064-130975104	8
0.301699582478348	13.5614281558835	0.333	0	1	chr10-131871238-131871987	8
0.301699582478348	13.108777379681	0.333	0	1	chr10-131903832-131906939	8
0.301699582478348	13.4525933191199	0.333	0	1	chr10-132022821-132023761	8
0.301699582478348	13.2747760877773	0.333	0	1	chr10-132388849-132392004	8
0.301699582478348	12.5675372105826	0.333	0	1	chr10-132395273-132398707	8
0.301699582478348	13.4912325754528	0.333	0	1	chr10-132457624-132459105	8
0.301699582478348	13.1116849308328	0.333	0	1	chr10-133313530-133314453	8
0.301699582478348	13.1833514554982	0.333	0	1	chr10-133318360-133319135	8
0.301699582478348	13.8373502901083	0.333	0	1	chr10-133324160-133324643	8
0.301699582478348	12.3388549825072	0.333	0	1	chr10-133393498-133395496	8
0.301699582478348	13.9342325530048	0.333	0	1	chr11-307917-308366	8
0.301699582478348	13.252092186973	0.333	0	1	chr11-353062-353927	8
0.301699582478348	13.2090033091331	0.333	0	1	chr11-804376-805812	8
0.301699582478348	12.2372936051659	0.333	0	1	chr11-823907-828326	8
0.301699582478348	13.239856764486	0.333	0	1	chr11-832263-834609	8
0.301699582478348	13.2476312145669	0.333	0	1	chr11-1238773-1239454	8
0.301699582478348	12.8356619851517	0.333	0	1	chr11-1453225-1454216	8
0.301699582478348	12.6879299975756	0.333	0	1	chr11-1502699-1504443	8
0.301699582478348	12.6184620737456	0.333	0	1	chr11-1557961-1561006	8
0.301699582478348	13.4771441111746	0.333	0	1	chr11-1652628-1653315	8
0.301699582478348	12.4928916380408	0.333	0	1	chr11-2698872-2701209	8
0.301699582478348	12.5743927669199	0.333	0	1	chr11-2901556-2903037	8
0.301699582478348	12.2003273432867	0.333	0	1	chr11-3125847-3127386	8
0.301699582478348	13.3516663822089	0.333	0	1	chr11-3564352-3564891	8
0.301699582478348	13.0710465218441	0.333	0	1	chr11-3697894-3700827	8
0.301699582478348	13.566729401522	0.333	0	1	chr11-4043872-4045471	8
0.301699582478348	12.9298949674853	0.333	0	1	chr11-4700079-4701264	8
0.301699582478348	13.2471076747984	0.333	0	1	chr11-5276502-5277343	8
0.301699582478348	13.4527536861865	0.333	0	1	chr11-6505462-6506094	8
0.301699582478348	12.1078929605151	0.333	0	1	chr11-6611228-6613327	8
0.301699582478348	13.6782572479936	0.333	0	1	chr11-6879842-6880430	8
0.301699582478348	12.2922047852534	0.333	0	1	chr11-7019520-7021079	8
0.301699582478348	13.0468211615513	0.333	0	1	chr11-7457000-7457878	8
0.301699582478348	11.9133088262253	0.333	0	1	chr11-7511184-7514802	8
0.301699582478348	12.9977139931383	0.333	0	1	chr11-7577375-7578657	8
0.301699582478348	13.5905613857677	0.333	0	1	chr11-7775558-7776151	8
0.301699582478348	12.0635176548164	0.333	0	1	chr11-7986545-7987885	8
0.301699582478348	12.6027270103377	0.333	0	1	chr11-8262427-8264631	8
0.301699582478348	12.8342956959878	0.333	0	1	chr11-8344894-8345846	8
0.301699582478348	13.6495333066259	0.333	0	1	chr11-8514411-8515025	8
0.301699582478348	12.1787520546386	0.333	0	1	chr11-8681765-8684792	8
0.301699582478348	12.2694136054869	0.333	0	1	chr11-9313596-9315533	8
0.301699582478348	12.9070665188361	0.333	0	1	chr11-9759281-9760450	8
0.301699582478348	13.6186908656046	0.333	0	1	chr11-9838839-9839419	8
0.301699582478348	13.553168143249	0.333	0	1	chr11-9862047-9862553	8
0.301699582478348	13.5879219203751	0.333	0	1	chr11-9972900-9973309	8
0.301699582478348	12.9743849384912	0.333	0	1	chr11-10326089-10327159	8
0.301699582478348	12.7772555536617	0.333	0	1	chr11-10390068-10391046	8
0.301699582478348	13.1277708935851	0.333	0	1	chr11-10633235-10633907	8
0.301699582478348	12.9316356787973	0.333	0	1	chr11-10930972-10932326	8
0.301699582478348	12.5879975551684	0.333	0	1	chr11-10933649-10934981	8
0.301699582478348	13.8968437120793	0.333	0	1	chr11-11347397-11348072	8
0.301699582478348	13.8057286979106	0.333	0	1	chr11-11705908-11706392	8
0.301699582478348	13.320861443495	0.333	0	1	chr11-11814968-11815685	8
0.301699582478348	12.7402869176922	0.333	0	1	chr11-11841024-11843716	8
0.301699582478348	13.9204608281246	0.333	0	1	chr11-12166503-12167350	8
0.301699582478348	13.5856604724242	0.333	0	1	chr11-12366138-12366677	8
0.301699582478348	13.4470797031895	0.333	0	1	chr11-12516317-12517178	8
0.301699582478348	13.5480957371104	0.333	0	1	chr11-12599327-12599943	8
0.301699582478348	12.7930143101757	0.333	0	1	chr11-12802420-12803538	8
0.301699582478348	13.4960116818415	0.333	0	1	chr11-13114543-13115294	8
0.301699582478348	13.4192537027759	0.333	0	1	chr11-13143267-13143978	8
0.301699582478348	13.2859202760026	0.333	0	1	chr11-14144763-14145466	8
0.301699582478348	12.9538238430753	0.333	0	1	chr11-14619701-14620808	8
0.301699582478348	13.6094405100271	0.333	0	1	chr11-14634664-14635294	8
0.301699582478348	12.6535852112534	0.333	0	1	chr11-14907220-14908977	8
0.301699582478348	13.6660809961438	0.333	0	1	chr11-16018662-16019351	8
0.301699582478348	13.0457118808617	0.333	0	1	chr11-16226000-16226893	8
0.301699582478348	13.7590290746871	0.333	0	1	chr11-16746668-16747385	8
0.301699582478348	13.2184474615124	0.333	0	1	chr11-16781815-16783051	8
0.301699582478348	13.8057286979106	0.333	0	1	chr11-17283052-17283944	8
0.301699582478348	13.6186908656046	0.333	0	1	chr11-17291332-17292104	8
0.301699582478348	13.0885035579004	0.333	0	1	chr11-17386393-17387083	8
0.301699582478348	14.1032558180606	0.333	0	1	chr11-17473424-17473674	8
0.301699582478348	13.1685525128189	0.333	0	1	chr11-17527893-17528726	8
0.301699582478348	12.2811990601743	0.333	0	1	chr11-17810596-17814205	8
0.301699582478348	13.7468089474058	0.333	0	1	chr11-18540198-18540679	8
0.301699582478348	13.1797363386012	0.333	0	1	chr11-18692831-18693769	8
0.301699582478348	12.756886071725	0.333	0	1	chr11-18698089-18699417	8
0.301699582478348	13.2050670813922	0.333	0	1	chr11-18775441-18776158	8
0.301699582478348	14.1398560946101	0.333	0	1	chr11-18960235-18960621	8
0.301699582478348	13.6719529903256	0.333	0	1	chr11-19018884-19019319	8
0.301699582478348	12.9881848965508	0.333	0	1	chr11-20070105-20071022	8
0.301699582478348	13.5904385303501	0.333	0	1	chr11-20564397-20565560	8
0.301699582478348	13.6595926573376	0.333	0	1	chr11-21770047-21771495	8
0.301699582478348	13.2892984112865	0.333	0	1	chr11-21906762-21907492	8
0.301699582478348	13.188467901666	0.333	0	1	chr11-25487076-25487824	8
0.301699582478348	14.3833576297265	0.333	0	1	chr11-25986595-25986899	8
0.301699582478348	12.6995212485619	0.333	0	1	chr11-27201159-27202650	8
0.301699582478348	12.4282588446092	0.333	0	1	chr11-27204511-27206164	8
0.301699582478348	13.723333850613	0.333	0	1	chr11-27485853-27486356	8
0.301699582478348	12.0424055800975	0.333	0	1	chr11-27505924-27507899	8
0.301699582478348	12.8745840760077	0.333	0	1	chr11-28713497-28714514	8
0.301699582478348	13.7590371951232	0.333	0	1	chr11-29527561-29528059	8
0.301699582478348	13.1417841738405	0.333	0	1	chr11-30000798-30001511	8
0.301699582478348	12.946252583934	0.333	0	1	chr11-31809914-31812403	8
0.301699582478348	13.5734461313277	0.333	0	1	chr11-32052089-32052561	8
0.301699582478348	13.2241277701653	0.333	0	1	chr11-32809122-32809716	8
0.301699582478348	13.1168097629935	0.333	0	1	chr11-33868831-33870713	8
0.301699582478348	12.0872442399556	0.333	0	1	chr11-34050508-34054022	8
0.301699582478348	13.3927286887647	0.333	0	1	chr11-34318127-34319222	8
0.301699582478348	11.9364303736953	0.333	0	1	chr11-34356833-34359865	8
0.301699582478348	12.5257859724222	0.333	0	1	chr11-34421753-34423926	8
0.301699582478348	11.9940078526558	0.333	0	1	chr11-34438344-34440147	8
0.301699582478348	12.3938571730388	0.333	0	1	chr11-34653341-34655598	8
0.301699582478348	13.9526882045625	0.333	0	1	chr11-34997955-34998664	8
0.301699582478348	13.7157738962784	0.333	0	1	chr11-35139934-35140694	8
0.301699582478348	12.81735343809	0.333	0	1	chr11-35485306-35486257	8
0.301699582478348	12.9838866533753	0.333	0	1	chr11-35618148-35619421	8
0.301699582478348	13.5885218288994	0.333	0	1	chr11-35804224-35805173	8
0.301699582478348	13.5046963680526	0.333	0	1	chr11-36018631-36019702	8
0.301699582478348	13.7195380727332	0.333	0	1	chr11-36258538-36259217	8
0.301699582478348	13.1871508739139	0.333	0	1	chr11-36317867-36318673	8
0.301699582478348	13.2144583481801	0.333	0	1	chr11-36364297-36365333	8
0.301699582478348	13.3616665886531	0.333	0	1	chr11-36564313-36565105	8
0.301699582478348	11.9435051646067	0.333	0	1	chr11-36593957-36595248	8
0.301699582478348	12.8475063549401	0.333	0	1	chr11-36638226-36639667	8
0.301699582478348	13.4485446553723	0.333	0	1	chr11-39990278-39991258	8
0.301699582478348	13.3731226989617	0.333	0	1	chr11-41400574-41401691	8
0.301699582478348	13.2367254835523	0.333	0	1	chr11-42524337-42525114	8
0.301699582478348	12.9020054351212	0.333	0	1	chr11-42624457-42626425	8
0.301699582478348	12.8049217445365	0.333	0	1	chr11-42766121-42767419	8
0.301699582478348	12.7591312391274	0.333	0	1	chr11-42950820-42951926	8
0.301699582478348	12.3676140287833	0.333	0	1	chr11-43311401-43313573	8
0.301699582478348	14.179466093994	0.333	0	1	chr11-43557470-43557819	8
0.301699582478348	13.6329035410829	0.333	0	1	chr11-43576911-43577444	8
0.301699582478348	12.8451934304676	0.333	0	1	chr11-43680277-43681611	8
0.301699582478348	13.9185922393123	0.333	0	1	chr11-44484215-44484633	8
0.301699582478348	13.1646233779369	0.333	0	1	chr11-44538234-44538923	8
0.301699582478348	13.2050670813922	0.333	0	1	chr11-44556564-44557623	8
0.301699582478348	13.2502553517344	0.333	0	1	chr11-44621051-44621767	8
0.301699582478348	13.3061796608194	0.333	0	1	chr11-44993684-44994796	8
0.301699582478348	13.456671793489	0.333	0	1	chr11-45286049-45286918	8
0.301699582478348	12.7226892310158	0.333	0	1	chr11-45771001-45772441	8
0.301699582478348	12.4408156014922	0.333	0	1	chr11-45842929-45844097	8
0.301699582478348	12.2954241515127	0.333	0	1	chr11-45921137-45923429	8
0.301699582478348	13.6549903136684	0.333	0	1	chr11-46315014-46315561	8
0.301699582478348	12.9090861355624	0.333	0	1	chr11-46391603-46393098	8
0.301699582478348	12.4986868319997	0.333	0	1	chr11-47268394-47271380	8
0.301699582478348	13.2467855119717	0.333	0	1	chr11-47538810-47540494	8
0.301699582478348	13.4771441111746	0.333	0	1	chr11-49302266-49302927	8
0.301699582478348	13.4798848074053	0.333	0	1	chr11-50632843-50634479	8
0.301699582478348	13.2287831588901	0.333	0	1	chr11-56693702-56694529	8
0.301699582478348	13.0965308846346	0.333	0	1	chr11-56736858-56737831	8
0.301699582478348	13.6495406501812	0.333	0	1	chr11-56841159-56841647	8
0.301699582478348	13.6638419564105	0.333	0	1	chr11-56967647-56968230	8
0.301699582478348	13.5307200510163	0.333	0	1	chr11-57121788-57122465	8
0.301699582478348	13.4493700573095	0.333	0	1	chr11-57248814-57250157	8
0.301699582478348	13.2305754515759	0.333	0	1	chr11-57429817-57431055	8
0.301699582478348	12.2571866010978	0.333	0	1	chr11-57477466-57478631	8
0.301699582478348	13.2988829098584	0.333	0	1	chr11-57479872-57480951	8
0.301699582478348	12.8843718716015	0.333	0	1	chr11-57493278-57494471	8
0.301699582478348	12.9850259494096	0.333	0	1	chr11-57567425-57568752	8
0.301699582478348	12.6226323419302	0.333	0	1	chr11-57781150-57783082	8
0.301699582478348	13.3276756729528	0.333	0	1	chr11-58513692-58514385	8
0.301699582478348	11.9315180296335	0.333	0	1	chr11-59141991-59143785	8
0.301699582478348	13.4720953559053	0.333	0	1	chr11-59207887-59208351	8
0.301699582478348	12.9166195887559	0.333	0	1	chr11-59536668-59538126	8
0.301699582478348	12.1996753112193	0.333	0	1	chr11-59753714-59757663	8
0.301699582478348	13.3778554857222	0.333	0	1	chr11-59777924-59778791	8
0.301699582478348	12.7767967741554	0.333	0	1	chr11-59801905-59803028	8
0.301699582478348	12.9509759441169	0.333	0	1	chr11-60830771-60832077	8
0.301699582478348	12.7141077400919	0.333	0	1	chr11-60880551-60881520	8
0.301699582478348	12.1774362666427	0.333	0	1	chr11-60903758-60907218	8
0.301699582478348	12.1462854443942	0.333	0	1	chr11-60912899-60916037	8
0.301699582478348	14.3057731311483	0.333	0	1	chr11-61405563-61405752	8
0.301699582478348	12.4240716766353	0.333	0	1	chr11-61428986-61430692	8
0.301699582478348	12.8799590700229	0.333	0	1	chr11-61445504-61446818	8
0.301699582478348	13.8384549416078	0.333	0	1	chr11-61543667-61544461	8
0.301699582478348	13.034337687632	0.333	0	1	chr11-61796983-61797865	8
0.301699582478348	13.5024508172206	0.333	0	1	chr11-62176598-62177298	8
0.301699582478348	12.3603780976969	0.333	0	1	chr11-62241543-62242900	8
0.301699582478348	12.4288311763241	0.333	0	1	chr11-62323516-62326108	8
0.301699582478348	13.4210870124071	0.333	0	1	chr11-62368524-62369515	8
0.301699582478348	13.1434268334878	0.333	0	1	chr11-62394705-62395521	8
0.301699582478348	12.7870576959025	0.333	0	1	chr11-62444617-62446742	8
0.301699582478348	11.6823645815157	0.333	0	1	chr11-62552386-62557699	8
0.301699582478348	13.2633326780215	0.333	0	1	chr11-62560462-62561919	8
0.301699582478348	12.3782136433545	0.333	0	1	chr11-62572678-62574979	8
0.301699582478348	12.6195520598345	0.333	0	1	chr11-62621232-62622779	8
0.301699582478348	12.5297955298461	0.333	0	1	chr11-62652177-62653951	8
0.301699582478348	12.8459818460703	0.333	0	1	chr11-62705152-62707064	8
0.301699582478348	12.6975012589161	0.333	0	1	chr11-62753281-62754798	8
0.301699582478348	13.7043663446008	0.333	0	1	chr11-62931344-62932327	8
0.301699582478348	13.5630962854337	0.333	0	1	chr11-63478740-63479303	8
0.301699582478348	13.570671232218	0.333	0	1	chr11-63934448-63934883	8
0.301699582478348	12.5862006216134	0.333	0	1	chr11-64237043-64238539	8
0.301699582478348	13.1588111301356	0.333	0	1	chr11-64300517-64301644	8
0.301699582478348	13.167863469339	0.333	0	1	chr11-64742625-64744328	8
0.301699582478348	12.8188769269636	0.333	0	1	chr11-64802756-64804398	8
0.301699582478348	13.8679549249574	0.333	0	1	chr11-64848647-64849088	8
0.301699582478348	13.2721911528549	0.333	0	1	chr11-65329568-65330523	8
0.301699582478348	12.1140032592689	0.333	0	1	chr11-65381495-65383355	8
0.301699582478348	13.4380172651538	0.333	0	1	chr11-65893111-65893960	8
0.301699582478348	12.3884533151321	0.333	0	1	chr11-66256809-66258945	8
0.301699582478348	12.2531593163896	0.333	0	1	chr11-66267023-66269902	8
0.301699582478348	13.2727709608362	0.333	0	1	chr11-66568032-66569011	8
0.301699582478348	12.532548566976	0.333	0	1	chr11-66592509-66593947	8
0.301699582478348	12.324623266392	0.333	0	1	chr11-66787851-66790573	8
0.301699582478348	13.4619065375402	0.333	0	1	chr11-67201960-67203440	8
0.301699582478348	12.4069344960114	0.333	0	1	chr11-67301853-67304574	8
0.301699582478348	12.9209095909179	0.333	0	1	chr11-67352750-67354140	8
0.301699582478348	12.6697449031591	0.333	0	1	chr11-67400697-67402477	8
0.301699582478348	12.3938571730388	0.333	0	1	chr11-67482498-67483730	8
0.301699582478348	12.6964312215217	0.333	0	1	chr11-67581313-67583134	8
0.301699582478348	13.4326379281526	0.333	0	1	chr11-67732113-67732850	8
0.301699582478348	13.4551852293639	0.333	0	1	chr11-67993687-67994243	8
0.301699582478348	12.2489697312811	0.333	0	1	chr11-68029681-68031504	8
0.301699582478348	13.3566454335811	0.333	0	1	chr11-68206079-68206580	8
0.301699582478348	12.7762869560506	0.333	0	1	chr11-68340974-68343336	8
0.301699582478348	12.8725789197956	0.333	0	1	chr11-68379963-68381073	8
0.301699582478348	13.4090274080264	0.333	0	1	chr11-68545523-68546252	8
0.301699582478348	13.5489798418897	0.333	0	1	chr11-68632732-68633272	8
0.301699582478348	12.4461549539992	0.333	0	1	chr11-68870395-68873672	8
0.301699582478348	12.9130076909893	0.333	0	1	chr11-69101127-69102102	8
0.301699582478348	13.0911692655231	0.333	0	1	chr11-69114568-69115974	8
0.301699582478348	13.1535748947278	0.333	0	1	chr11-69122258-69123491	8
0.301699582478348	13.6080294346121	0.333	0	1	chr11-69634524-69635110	8
0.301699582478348	13.6698702753137	0.333	0	1	chr11-69842023-69842549	8
0.301699582478348	13.013129551146	0.333	0	1	chr11-70183197-70184138	8
0.301699582478348	12.2739310382611	0.333	0	1	chr11-70269628-70271877	8
0.301699582478348	13.3063137235672	0.333	0	1	chr11-70650165-70650769	8
0.301699582478348	13.1638761244415	0.333	0	1	chr11-71080036-71080741	8
0.301699582478348	12.4727191562445	0.333	0	1	chr11-71447263-71449500	8
0.301699582478348	13.461155664887	0.333	0	1	chr11-71504446-71505598	8
0.301699582478348	13.1715855455841	0.333	0	1	chr11-71639097-71639846	8
0.301699582478348	12.9468118365838	0.333	0	1	chr11-72239283-72241081	8
0.301699582478348	12.7767967741554	0.333	0	1	chr11-72433703-72435125	8
0.301699582478348	13.234414070103	0.333	0	1	chr11-72482129-72482723	8
0.301699582478348	13.7919092360577	0.333	0	1	chr11-72943404-72944093	8
0.301699582478348	12.5494506479565	0.333	0	1	chr11-73375693-73377453	8
0.301699582478348	13.4623394921956	0.333	0	1	chr11-73715836-73716920	8
0.301699582478348	12.3222127378507	0.333	0	1	chr11-74397349-74399347	8
0.301699582478348	13.3573877898742	0.333	0	1	chr11-74929663-74930365	8
0.301699582478348	12.5470792229499	0.333	0	1	chr11-75240601-75242352	8
0.301699582478348	12.8980790009757	0.333	0	1	chr11-75318642-75320515	8
0.301699582478348	13.2966143721778	0.333	0	1	chr11-75329952-75330965	8
0.301699582478348	12.7558900920545	0.333	0	1	chr11-75371610-75372992	8
0.301699582478348	12.4142087426719	0.333	0	1	chr11-75399009-75401237	8
0.301699582478348	12.3736851231371	0.333	0	1	chr11-75420160-75423044	8
0.301699582478348	13.2662310610368	0.333	0	1	chr11-76518919-76519855	8
0.301699582478348	13.2254946291712	0.333	0	1	chr11-76733811-76734490	8
0.301699582478348	13.5660737400568	0.333	0	1	chr11-76810159-76810786	8
0.301699582478348	12.367284017164	0.333	0	1	chr11-77035190-77037272	8
0.301699582478348	13.9396647499555	0.333	0	1	chr11-77619624-77620031	8
0.301699582478348	13.709997406739	0.333	0	1	chr11-77690508-77691038	8
0.301699582478348	13.6465564476981	0.333	0	1	chr11-78003458-78003978	8
0.301699582478348	13.3731139890101	0.333	0	1	chr11-78030345-78031164	8
0.301699582478348	13.0816943298746	0.333	0	1	chr11-78045793-78046660	8
0.301699582478348	12.7049043745014	0.333	0	1	chr11-78069416-78071190	8
0.301699582478348	12.6321980533508	0.333	0	1	chr11-78155582-78157051	8
0.301699582478348	13.0046922531665	0.333	0	1	chr11-78168045-78169485	8
0.301699582478348	12.7332929298392	0.333	0	1	chr11-79189281-79190447	8
0.301699582478348	13.1673996482183	0.333	0	1	chr11-79686844-79687661	8
0.301699582478348	12.6274940773551	0.333	0	1	chr11-80718213-80721074	8
0.301699582478348	13.6205620875329	0.333	0	1	chr11-81169379-81169928	8
0.301699582478348	13.2643195743434	0.333	0	1	chr11-81470275-81471346	8
0.301699582478348	12.8551940324663	0.333	0	1	chr11-83006273-83008587	8
0.301699582478348	13.7046649424573	0.333	0	1	chr11-83181771-83182596	8
0.301699582478348	13.1019963061553	0.333	0	1	chr11-83282037-83283218	8
0.301699582478348	13.5904385303501	0.333	0	1	chr11-83292889-83293387	8
0.301699582478348	13.525622569616	0.333	0	1	chr11-83335435-83335923	8
0.301699582478348	13.269775186316	0.333	0	1	chr11-83691137-83691916	8
0.301699582478348	13.7948906918194	0.333	0	1	chr11-83936236-83936849	8
0.301699582478348	13.4976142190814	0.333	0	1	chr11-84993355-84993996	8
0.301699582478348	13.6149697627322	0.333	0	1	chr11-85634609-85635344	8
0.301699582478348	12.9484532397945	0.333	0	1	chr11-85756277-85758750	8
0.301699582478348	13.2920837545719	0.333	0	1	chr11-85795333-85796485	8
0.301699582478348	11.9908183386216	0.333	0	1	chr11-85825576-85829197	8
0.301699582478348	13.3596913537176	0.333	0	1	chr11-86034501-86035570	8
0.301699582478348	13.9449517027446	0.333	0	1	chr11-86179744-86180145	8
0.301699582478348	13.2574433119193	0.333	0	1	chr11-86608072-86608840	8
0.301699582478348	13.4817996536544	0.333	0	1	chr11-86802340-86803069	8
0.301699582478348	13.4157834948214	0.333	0	1	chr11-87306180-87306838	8
0.301699582478348	13.53150529075	0.333	0	1	chr11-87356437-87357358	8
0.301699582478348	13.7285010212306	0.333	0	1	chr11-87819941-87820511	8
0.301699582478348	13.796389275665	0.333	0	1	chr11-88428990-88429496	8
0.301699582478348	13.4327535146302	0.333	0	1	chr11-88552334-88553016	8
0.301699582478348	14.1467906993468	0.333	0	1	chr11-90822922-90823365	8
0.301699582478348	13.4439987580679	0.333	0	1	chr11-91595959-91596829	8
0.301699582478348	12.7132994264196	0.333	0	1	chr11-93355338-93358751	8
0.301699582478348	13.1283794929906	0.333	0	1	chr11-93359296-93360075	8
0.301699582478348	12.8717210839349	0.333	0	1	chr11-93497152-93499654	8
0.301699582478348	12.3747350334254	0.333	0	1	chr11-93661195-93662560	8
0.301699582478348	12.6280065739898	0.333	0	1	chr11-94149030-94150287	8
0.301699582478348	13.1513624390097	0.333	0	1	chr11-94677486-94679101	8
0.301699582478348	12.2851567705304	0.333	0	1	chr11-94736504-94738337	8
0.301699582478348	13.6683307230363	0.333	0	1	chr11-94804380-94805807	8
0.301699582478348	11.9003809183109	0.333	0	1	chr11-94837156-94839404	8
0.301699582478348	11.980293638857	0.333	0	1	chr11-95788665-95792067	8
0.301699582478348	12.5848551765304	0.333	0	1	chr11-95923470-95925414	8
0.301699582478348	13.4128081945038	0.333	0	1	chr11-96000025-96001403	8
0.301699582478348	13.2788056304547	0.333	0	1	chr11-96036964-96038053	8
0.301699582478348	14.2465180983902	0.333	0	1	chr11-98661842-98662181	8
0.301699582478348	13.4771441111746	0.333	0	1	chr11-98829757-98830507	8
0.301699582478348	13.2108120097736	0.333	0	1	chr11-100575173-100576843	8
0.301699582478348	13.8364270870993	0.333	0	1	chr11-101003435-101003859	8
0.301699582478348	13.310418852463	0.333	0	1	chr11-101115646-101116559	8
0.301699582478348	13.1446614103657	0.333	0	1	chr11-101119017-101120366	8
0.301699582478348	13.539336879815	0.333	0	1	chr11-101478490-101479301	8
0.301699582478348	13.0865597665997	0.333	0	1	chr11-101765788-101766898	8
0.301699582478348	13.4144013186184	0.333	0	1	chr11-102426914-102428213	8
0.301699582478348	13.4276699079084	0.333	0	1	chr11-102448475-102449372	8
0.301699582478348	12.9885165421962	0.333	0	1	chr11-102793602-102794754	8
0.301699582478348	13.4749150092628	0.333	0	1	chr11-102810890-102811597	8
0.301699582478348	13.3692791837119	0.333	0	1	chr11-103160124-103162391	8
0.301699582478348	13.6040660317986	0.333	0	1	chr11-103168264-103168623	8
0.301699582478348	13.2471076747984	0.333	0	1	chr11-103601169-103601672	8
0.301699582478348	13.3904883126184	0.333	0	1	chr11-106172243-106173004	8
0.301699582478348	13.5371700944376	0.333	0	1	chr11-107383134-107385166	8
0.301699582478348	12.7536533291579	0.333	0	1	chr11-107457156-107458443	8
0.301699582478348	13.2662310610368	0.333	0	1	chr11-107514568-107515327	8
0.301699582478348	13.5480957371104	0.333	0	1	chr11-107598504-107599006	8
0.301699582478348	13.4936168156189	0.333	0	1	chr11-107623104-107623793	8
0.301699582478348	13.0787611459023	0.333	0	1	chr11-107836364-107837638	8
0.301699582478348	13.634830420756	0.333	0	1	chr11-108084711-108085279	8
0.301699582478348	13.8215269304988	0.333	0	1	chr11-109136798-109137217	8
0.301699582478348	13.3309665620082	0.333	0	1	chr11-109913929-109915211	8
0.301699582478348	13.2983089762904	0.333	0	1	chr11-110015382-110016609	8
0.301699582478348	13.4958079626001	0.333	0	1	chr11-110087002-110088172	8
0.301699582478348	12.7032930972694	0.333	0	1	chr11-110376602-110377672	8
0.301699582478348	13.2108120097736	0.333	0	1	chr11-110447217-110448769	8
0.301699582478348	12.7509966621897	0.333	0	1	chr11-110710903-110712773	8
0.301699582478348	13.3602686461817	0.333	0	1	chr11-110755920-110756555	8
0.301699582478348	13.1344403101316	0.333	0	1	chr11-111282794-111283883	8
0.301699582478348	12.2897417946355	0.333	0	1	chr11-111402102-111403544	8
0.301699582478348	11.7246470730205	0.333	0	1	chr11-111765319-111767399	8
0.301699582478348	12.9393231843085	0.333	0	1	chr11-111946348-111947134	8
0.301699582478348	12.3816687560662	0.333	0	1	chr11-112085724-112087485	8
0.301699582478348	13.1348082018318	0.333	0	1	chr11-112734122-112734822	8
0.301699582478348	13.6131197541213	0.333	0	1	chr11-112795134-112795640	8
0.301699582478348	13.1121925967687	0.333	0	1	chr11-113270507-113271253	8
0.301699582478348	13.417863075598	0.333	0	1	chr11-113305659-113306199	8
0.301699582478348	13.671725617988	0.333	0	1	chr11-113562820-113563513	8
0.301699582478348	12.4962631473767	0.333	0	1	chr11-113874831-113876956	8
0.301699582478348	12.8323866712646	0.333	0	1	chr11-114001205-114002142	8
0.301699582478348	12.912160043964	0.333	0	1	chr11-114040517-114041503	8
0.301699582478348	13.4920261484825	0.333	0	1	chr11-114260567-114261473	8
0.301699582478348	13.5734461313277	0.333	0	1	chr11-114283988-114284539	8
0.301699582478348	13.6221585225153	0.333	0	1	chr11-114287461-114288779	8
0.301699582478348	13.2727357819353	0.333	0	1	chr11-114832366-114833051	8
0.301699582478348	13.4262423824163	0.333	0	1	chr11-115324526-115325210	8
0.301699582478348	13.3103523850197	0.333	0	1	chr11-115420396-115421774	8
0.301699582478348	13.4419978008799	0.333	0	1	chr11-116224341-116224828	8
0.301699582478348	12.9028962325874	0.333	0	1	chr11-117097606-117099407	8
0.301699582478348	13.2904183529187	0.333	0	1	chr11-117279739-117280559	8
0.301699582478348	13.4040249215486	0.333	0	1	chr11-117554490-117555187	8
0.301699582478348	13.7111320110022	0.333	0	1	chr11-117826034-117826643	8
0.301699582478348	12.9554105520445	0.333	0	1	chr11-117972459-117973340	8
0.301699582478348	12.8144458425928	0.333	0	1	chr11-118241052-118242190	8
0.301699582478348	13.1368795859673	0.333	0	1	chr11-118314831-118315947	8
0.301699582478348	12.7842280003172	0.333	0	1	chr11-118400546-118402626	8
0.301699582478348	13.0118602220866	0.333	0	1	chr11-118529200-118532305	8
0.301699582478348	13.1660100898793	0.333	0	1	chr11-118543926-118546014	8
0.301699582478348	12.9891802694981	0.333	0	1	chr11-118658857-118660128	8
0.301699582478348	13.1857296134193	0.333	0	1	chr11-119374039-119375282	8
0.301699582478348	12.0652745573506	0.333	0	1	chr11-119727362-119730506	8
0.301699582478348	13.7368418201543	0.333	0	1	chr11-119854460-119855015	8
0.301699582478348	13.1234085540178	0.333	0	1	chr11-120234802-120235548	8
0.301699582478348	11.9171311214113	0.333	0	1	chr11-120301509-120303496	8
0.301699582478348	13.7111320110022	0.333	0	1	chr11-120431674-120432557	8
0.301699582478348	13.5378301307153	0.333	0	1	chr11-120662038-120662771	8
0.301699582478348	13.1748592956558	0.333	0	1	chr11-120684633-120685404	8
0.301699582478348	13.474062414154	0.333	0	1	chr11-120993940-120995455	8
0.301699582478348	13.308041329154	0.333	0	1	chr11-121591171-121591868	8
0.301699582478348	13.4486958005741	0.333	0	1	chr11-121964437-121965139	8
0.301699582478348	13.4748312053938	0.333	0	1	chr11-122202684-122203400	8
0.301699582478348	13.4096558038722	0.333	0	1	chr11-122505526-122506205	8
0.301699582478348	13.1701873615586	0.333	0	1	chr11-122816643-122817754	8
0.301699582478348	13.5689781283239	0.333	0	1	chr11-123640854-123641372	8
0.301699582478348	13.3673668035634	0.333	0	1	chr11-124402264-124402938	8
0.301699582478348	12.521543529344	0.333	0	1	chr11-124673020-124674614	8
0.301699582478348	13.3443126259478	0.333	0	1	chr11-124930131-124931257	8
0.301699582478348	13.598179846706	0.333	0	1	chr11-125141489-125142315	8
0.301699582478348	13.5275908299418	0.333	0	1	chr11-125422657-125423696	8
0.301699582478348	13.6938194146254	0.333	0	1	chr11-125451340-125451806	8
0.301699582478348	12.0848905865216	0.333	0	1	chr11-125568860-125571108	8
0.301699582478348	12.7501853825846	0.333	0	1	chr11-125887305-125888646	8
0.301699582478348	12.9630569027019	0.333	0	1	chr11-126338730-126341490	8
0.301699582478348	13.2035794373594	0.333	0	1	chr11-126440725-126441473	8
0.301699582478348	12.265214536112	0.333	0	1	chr11-126543638-126545586	8
0.301699582478348	12.8170029254207	0.333	0	1	chr11-126607066-126607894	8
0.301699582478348	12.9704275541739	0.333	0	1	chr11-126823836-126824888	8
0.301699582478348	13.5299359892767	0.333	0	1	chr11-128031485-128031990	8
0.301699582478348	12.767918536508	0.333	0	1	chr11-128146517-128147991	8
0.301699582478348	13.3533779347251	0.333	0	1	chr11-128335982-128336769	8
0.301699582478348	12.9807242174786	0.333	0	1	chr11-128506979-128507781	8
0.301699582478348	12.8240795847853	0.333	0	1	chr11-128607622-128608574	8
0.301699582478348	13.2486795791971	0.333	0	1	chr11-128890254-128891186	8
0.301699582478348	12.2677619994447	0.333	0	1	chr11-129012493-129014812	8
0.301699582478348	12.6628904205096	0.333	0	1	chr11-129054869-129055888	8
0.301699582478348	12.8705787127524	0.333	0	1	chr11-129278590-129280267	8
0.301699582478348	13.1806043876073	0.333	0	1	chr11-129315449-129316616	8
0.301699582478348	13.1015461368549	0.333	0	1	chr11-129728222-129729468	8
0.301699582478348	13.9673501741446	0.333	0	1	chr11-129789077-129789600	8
0.301699582478348	13.5740745006891	0.333	0	1	chr11-129840221-129840692	8
0.301699582478348	13.3063137235672	0.333	0	1	chr11-129996456-129997422	8
0.301699582478348	11.508817937671	0.333	0	1	chr11-130001210-130004364	8
0.301699582478348	13.0189793484776	0.333	0	1	chr11-130769486-130770543	8
0.301699582478348	13.2787580315796	0.333	0	1	chr11-130875992-130876777	8
0.301699582478348	13.4109146722978	0.333	0	1	chr11-131504096-131504897	8
0.301699582478348	12.5192796419795	0.333	0	1	chr11-131895760-131898472	8
0.301699582478348	13.3914008569601	0.333	0	1	chr11-133731674-133732589	8
0.301699582478348	12.954140924404	0.333	0	1	chr11-134036927-134038242	8
0.301699582478348	12.9163794349336	0.333	0	1	chr11-134050204-134051071	8
0.301699582478348	13.4347216383252	0.333	0	1	chr11-134124628-134125510	8
0.301699582478348	13.5515319806005	0.333	0	1	chr11-134476342-134476896	8
0.301699582478348	12.8730730312785	0.333	0	1	chr11-134607332-134609158	8
0.301699582478348	13.3499622907546	0.333	0	1	chr11-134979760-134981279	8
0.301699582478348	13.6416357844414	0.333	0	1	chr11-135027429-135027913	8
0.301699582478348	13.1897875353016	0.333	0	1	chr12-12677-14337	8
0.301699582478348	13.4820287182299	0.333	0	1	chr12-510131-511052	8
0.301699582478348	13.4390906148339	0.333	0	1	chr12-569622-570312	8
0.301699582478348	13.4077726839015	0.333	0	1	chr12-1435287-1436494	8
0.301699582478348	13.6180798841498	0.333	0	1	chr12-1706280-1707286	8
0.301699582478348	13.2915677937463	0.333	0	1	chr12-1939687-1940453	8
0.301699582478348	13.0953785490668	0.333	0	1	chr12-2034622-2035591	8
0.301699582478348	13.0245274033775	0.333	0	1	chr12-2764114-2765431	8
0.301699582478348	13.2049295118622	0.333	0	1	chr12-3047898-3048621	8
0.301699582478348	13.0478643401051	0.333	0	1	chr12-3365263-3366615	8
0.301699582478348	13.4281878353397	0.333	0	1	chr12-3370950-3371580	8
0.301699582478348	13.2476312145669	0.333	0	1	chr12-3444895-3445983	8
0.301699582478348	13.2782081623604	0.333	0	1	chr12-3492120-3492657	8
0.301699582478348	12.7703395936546	0.333	0	1	chr12-3863432-3864320	8
0.301699582478348	12.2602867399138	0.333	0	1	chr12-4320321-4322071	8
0.301699582478348	13.566989456964	0.333	0	1	chr12-5796380-5796924	8
0.301699582478348	12.6090151324454	0.333	0	1	chr12-6199874-6201886	8
0.301699582478348	12.2543439315629	0.333	0	1	chr12-6492679-6494811	8
0.301699582478348	12.0571877612423	0.333	0	1	chr12-7017140-7019631	8
0.301699582478348	12.6733091434498	0.333	0	1	chr12-7107638-7109749	8
0.301699582478348	12.7912580783742	0.333	0	1	chr12-7994009-7995735	8
0.301699582478348	12.2184302665859	0.333	0	1	chr12-8025989-8027612	8
0.301699582478348	12.1473085837279	0.333	0	1	chr12-8242101-8244891	8
0.301699582478348	13.8508124757126	0.333	0	1	chr12-8260805-8261625	8
0.301699582478348	13.4416650044878	0.333	0	1	chr12-8692024-8693411	8
0.301699582478348	14.0274280101271	0.333	0	1	chr12-9801578-9801881	8
0.301699582478348	13.1463109743003	0.333	0	1	chr12-9869222-9870711	8
0.301699582478348	14.061747397253	0.333	0	1	chr12-9936954-9937300	8
0.301699582478348	12.4328466629519	0.333	0	1	chr12-10673381-10674748	8
0.301699582478348	13.9936584194233	0.333	0	1	chr12-10901501-10901822	8
0.301699582478348	13.3629285578318	0.333	0	1	chr12-11774068-11775045	8
0.301699582478348	13.0570479877229	0.333	0	1	chr12-12228469-12230432	8
0.301699582478348	12.8268737020328	0.333	0	1	chr12-12265889-12268225	8
0.301699582478348	13.1915511222769	0.333	0	1	chr12-12319413-12320995	8
0.301699582478348	12.1524384827764	0.333	0	1	chr12-12356564-12358592	8
0.301699582478348	13.0885035579004	0.333	0	1	chr12-12376566-12377163	8
0.301699582478348	13.1124709302572	0.333	0	1	chr12-12450869-12451810	8
0.301699582478348	13.2957075338313	0.333	0	1	chr12-12744372-12745361	8
0.301699582478348	12.917607522137	0.333	0	1	chr12-13362027-13362860	8
0.301699582478348	12.621647712132	0.333	0	1	chr12-13374438-13376471	8
0.301699582478348	13.4347805862628	0.333	0	1	chr12-14111126-14111699	8
0.301699582478348	12.7628862345158	0.333	0	1	chr12-14513890-14514831	8
0.301699582478348	12.8812076692106	0.333	0	1	chr12-14710630-14711579	8
0.301699582478348	12.5477014226785	0.333	0	1	chr12-14769414-14771632	8
0.301699582478348	13.4817996536544	0.333	0	1	chr12-14840550-14841271	8
0.301699582478348	12.6788833038512	0.333	0	1	chr12-15278691-15279918	8
0.301699582478348	13.1417841738405	0.333	0	1	chr12-15590038-15590938	8
0.301699582478348	13.6803777051075	0.333	0	1	chr12-15682797-15683323	8
0.301699582478348	13.4554755496248	0.333	0	1	chr12-15856297-15856833	8
0.301699582478348	12.2741407677917	0.333	0	1	chr12-15910403-15912689	8
0.301699582478348	13.5466544557947	0.333	0	1	chr12-17588915-17589444	8
0.301699582478348	13.6843885302127	0.333	0	1	chr12-18343631-18344324	8
0.301699582478348	12.4242616246376	0.333	0	1	chr12-19607310-19608999	8
0.301699582478348	14.0110865722145	0.333	0	1	chr12-19739169-19739569	8
0.301699582478348	13.9167326480701	0.333	0	1	chr12-20000342-20000930	8
0.301699582478348	13.6879026454747	0.333	0	1	chr12-20624701-20625128	8
0.301699582478348	12.8485134450667	0.333	0	1	chr12-20700642-20701754	8
0.301699582478348	12.4841426297451	0.333	0	1	chr12-22045915-22047346	8
0.301699582478348	12.9403401327279	0.333	0	1	chr12-22250623-22252150	8
0.301699582478348	13.2264512975086	0.333	0	1	chr12-22303184-22305215	8
0.301699582478348	12.6251510783858	0.333	0	1	chr12-22415262-22417251	8
0.301699582478348	13.7323171442808	0.333	0	1	chr12-22529250-22529718	8
0.301699582478348	13.6100231459972	0.333	0	1	chr12-23205120-23205617	8
0.301699582478348	13.3074649211286	0.333	0	1	chr12-24562530-24564426	8
0.301699582478348	12.9693702571765	0.333	0	1	chr12-24969053-24970063	8
0.301699582478348	12.2640011017822	0.333	0	1	chr12-25194312-25196364	8
0.301699582478348	13.4906903248395	0.333	0	1	chr12-25501201-25502046	8
0.301699582478348	12.7775620725191	0.333	0	1	chr12-25648204-25649246	8
0.301699582478348	12.8530740038775	0.333	0	1	chr12-26100768-26102001	8
0.301699582478348	13.4912325754528	0.333	0	1	chr12-26119349-26119859	8
0.301699582478348	12.0279360687936	0.333	0	1	chr12-26124581-26127021	8
0.301699582478348	13.2926643039138	0.333	0	1	chr12-26402243-26403117	8
0.301699582478348	13.5656087564323	0.333	0	1	chr12-26803418-26804093	8
0.301699582478348	12.8098137070318	0.333	0	1	chr12-26884610-26885545	8
0.301699582478348	13.0141585367289	0.333	0	1	chr12-27003482-27004473	8
0.301699582478348	13.589479261027	0.333	0	1	chr12-27383938-27384426	8
0.301699582478348	12.3298074872258	0.333	0	1	chr12-27523170-27525226	8
0.301699582478348	13.6242107012673	0.333	0	1	chr12-27643506-27644525	8
0.301699582478348	13.6855569481391	0.333	0	1	chr12-27838835-27839432	8
0.301699582478348	13.500974890207	0.333	0	1	chr12-27888495-27889357	8
0.301699582478348	13.3796434974129	0.333	0	1	chr12-27968370-27970508	8
0.301699582478348	13.5069417881107	0.333	0	1	chr12-28172386-28172937	8
0.301699582478348	12.575003588808	0.333	0	1	chr12-28189821-28192145	8
0.301699582478348	12.8887613197952	0.333	0	1	chr12-29725807-29727359	8
0.301699582478348	12.8796447920197	0.333	0	1	chr12-29928951-29930479	8
0.301699582478348	12.5929569654751	0.333	0	1	chr12-30133749-30134712	8
0.301699582478348	13.0598261133905	0.333	0	1	chr12-30807136-30807907	8
0.301699582478348	13.3631635840047	0.333	0	1	chr12-30862370-30862929	8
0.301699582478348	13.7249733455245	0.333	0	1	chr12-30888190-30888949	8
0.301699582478348	12.5730532843863	0.333	0	1	chr12-31589526-31591515	8
0.301699582478348	12.0531145162417	0.333	0	1	chr12-31658345-31660351	8
0.301699582478348	12.4268991325459	0.333	0	1	chr12-31728250-31729789	8
0.301699582478348	12.106467680315	0.333	0	1	chr12-31748879-31750133	8
0.301699582478348	13.5190804933808	0.333	0	1	chr12-32049927-32050602	8
0.301699582478348	13.0587230124251	0.333	0	1	chr12-32178101-32179066	8
0.301699582478348	13.5281667344994	0.333	0	1	chr12-32181681-32182367	8
0.301699582478348	12.910058748421	0.333	0	1	chr12-32186773-32187840	8
0.301699582478348	13.6430821016837	0.333	0	1	chr12-32545320-32545933	8
0.301699582478348	11.8628764140851	0.333	0	1	chr12-32678736-32681007	8
0.301699582478348	13.8718797095603	0.333	0	1	chr12-32801371-32802189	8
0.301699582478348	13.6879026454747	0.333	0	1	chr12-32943729-32944610	8
0.301699582478348	12.7514223397902	0.333	0	1	chr12-34253115-34254729	8
0.301699582478348	12.870272811101	0.333	0	1	chr12-38122792-38125538	8
0.301699582478348	11.5918155740104	0.333	0	1	chr12-39441744-39444512	8
0.301699582478348	13.0279274286372	0.333	0	1	chr12-39777327-39778263	8
0.301699582478348	12.9512918604069	0.333	0	1	chr12-42482104-42484689	8
0.301699582478348	13.1437068833455	0.333	0	1	chr12-42588858-42590236	8
0.301699582478348	13.3326187442786	0.333	0	1	chr12-42756784-42757610	8
0.301699582478348	13.3244025550085	0.333	0	1	chr12-43957684-43958208	8
0.301699582478348	13.0712293443054	0.333	0	1	chr12-45130691-45132763	8
0.301699582478348	14.0409913983582	0.333	0	1	chr12-46664914-46665376	8
0.301699582478348	13.5826843574431	0.333	0	1	chr12-46839840-46840514	8
0.301699582478348	13.1967797138508	0.333	0	1	chr12-47105633-47106703	8
0.301699582478348	12.7507273002305	0.333	0	1	chr12-47370022-47371173	8
0.301699582478348	12.743536149614	0.333	0	1	chr12-47772742-47774288	8
0.301699582478348	13.1304015128462	0.333	0	1	chr12-47779059-47779939	8
0.301699582478348	12.7606312728608	0.333	0	1	chr12-47781561-47782734	8
0.301699582478348	12.4832164626534	0.333	0	1	chr12-47818933-47821217	8
0.301699582478348	12.9192568292082	0.333	0	1	chr12-47949144-47950120	8
0.301699582478348	13.5753061105714	0.333	0	1	chr12-48194505-48195148	8
0.301699582478348	12.6158381511617	0.333	0	1	chr12-48786638-48790266	8
0.301699582478348	13.0642133731809	0.333	0	1	chr12-48817920-48819188	8
0.301699582478348	12.0695052740223	0.333	0	1	chr12-48850986-48853882	8
0.301699582478348	11.8605924128128	0.333	0	1	chr12-48955946-48958440	8
0.301699582478348	12.8665930268689	0.333	0	1	chr12-48995134-48996059	8
0.301699582478348	13.5089685731655	0.333	0	1	chr12-48999818-49000451	8
0.301699582478348	11.9218063102639	0.333	0	1	chr12-49059018-49061696	8
0.301699582478348	12.4434403502467	0.333	0	1	chr12-49366263-49368718	8
0.301699582478348	13.280410538242	0.333	0	1	chr12-49580298-49581124	8
0.301699582478348	12.6909292554179	0.333	0	1	chr12-49827639-49829457	8
0.301699582478348	13.539336879815	0.333	0	1	chr12-49835678-49836406	8
0.301699582478348	12.3219334791761	0.333	0	1	chr12-49841638-49843625	8
0.301699582478348	13.2354393948356	0.333	0	1	chr12-49872594-49874118	8
0.301699582478348	13.2848386653652	0.333	0	1	chr12-49913946-49914903	8
0.301699582478348	13.2164478772319	0.333	0	1	chr12-49973929-49975429	8
0.301699582478348	13.211971010595	0.333	0	1	chr12-50254187-50255022	8
0.301699582478348	13.1685597981733	0.333	0	1	chr12-50257305-50258878	8
0.301699582478348	12.1284356034313	0.333	0	1	chr12-51023740-51026936	8
0.301699582478348	12.7796062299003	0.333	0	1	chr12-51222160-51223292	8
0.301699582478348	12.2897005718671	0.333	0	1	chr12-51237801-51240196	8
0.301699582478348	13.6283412101791	0.333	0	1	chr12-51351812-51352371	8
0.301699582478348	13.6999108834363	0.333	0	1	chr12-51875180-51875671	8
0.301699582478348	12.7886075665638	0.333	0	1	chr12-51954019-51956425	8
0.301699582478348	13.0565382705128	0.333	0	1	chr12-52025292-52026308	8
0.301699582478348	13.4046478497167	0.333	0	1	chr12-52139405-52140119	8
0.301699582478348	12.9764466672005	0.333	0	1	chr12-52327217-52328176	8
0.301699582478348	13.3629285578318	0.333	0	1	chr12-53065838-53066609	8
0.301699582478348	11.8374285927549	0.333	0	1	chr12-53078585-53080238	8
0.301699582478348	13.1450734297547	0.333	0	1	chr12-53352483-53353398	8
0.301699582478348	13.1776780965204	0.333	0	1	chr12-53508324-53509188	8
0.301699582478348	12.6541531136559	0.333	0	1	chr12-53537882-53539237	8
0.301699582478348	12.9386459547078	0.333	0	1	chr12-53543217-53544055	8
0.301699582478348	13.7095688393173	0.333	0	1	chr12-53840289-53840789	8
0.301699582478348	13.50733163729	0.333	0	1	chr12-53845379-53846402	8
0.301699582478348	13.9197140432637	0.333	0	1	chr12-53884500-53884988	8
0.301699582478348	13.1348082018318	0.333	0	1	chr12-54188540-54189519	8
0.301699582478348	13.4061778476548	0.333	0	1	chr12-54207675-54208229	8
0.301699582478348	12.9114089417117	0.333	0	1	chr12-54358098-54359947	8
0.301699582478348	13.6252400431369	0.333	0	1	chr12-55188917-55189396	8
0.301699582478348	12.9464698742562	0.333	0	1	chr12-55619256-55620256	8
0.301699582478348	13.530723320625	0.333	0	1	chr12-55737013-55737620	8
0.301699582478348	12.9224464947946	0.333	0	1	chr12-55908621-55910534	8
0.301699582478348	13.2738264551489	0.333	0	1	chr12-56028777-56030134	8
0.301699582478348	12.5526939401942	0.333	0	1	chr12-56188469-56190783	8
0.301699582478348	13.7666916108067	0.333	0	1	chr12-56513664-56514161	8
0.301699582478348	13.2689332214897	0.333	0	1	chr12-56526615-56527547	8
0.301699582478348	13.2843888803396	0.333	0	1	chr12-56985600-56986351	8
0.301699582478348	12.9627076776634	0.333	0	1	chr12-57008097-57009470	8
0.301699582478348	13.5454524740223	0.333	0	1	chr12-57069372-57069970	8
0.301699582478348	12.696492982107	0.333	0	1	chr12-57086836-57089566	8
0.301699582478348	13.5099505020649	0.333	0	1	chr12-57124200-57124722	8
0.301699582478348	12.7966606944738	0.333	0	1	chr12-57175187-57176318	8
0.301699582478348	12.8629094459711	0.333	0	1	chr12-57213206-57214727	8
0.301699582478348	13.036280133642	0.333	0	1	chr12-57215521-57219501	8
0.301699582478348	12.7686759323633	0.333	0	1	chr12-57461873-57463284	8
0.301699582478348	13.6040660317986	0.333	0	1	chr12-57759309-57759806	8
0.301699582478348	13.2372480096096	0.333	0	1	chr12-60256819-60257580	8
0.301699582478348	12.6911603854461	0.333	0	1	chr12-60703673-60705156	8
0.301699582478348	13.9075662341054	0.333	0	1	chr12-61044728-61045251	8
0.301699582478348	13.686797639107	0.333	0	1	chr12-61504464-61505103	8
0.301699582478348	13.4786915289505	0.333	0	1	chr12-61780129-61781582	8
0.301699582478348	12.4869819699812	0.333	0	1	chr12-62465803-62467895	8
0.301699582478348	13.697406227247	0.333	0	1	chr12-62667483-62668071	8
0.301699582478348	13.7401632091257	0.333	0	1	chr12-63400609-63401149	8
0.301699582478348	13.6057885567674	0.333	0	1	chr12-63420079-63420619	8
0.301699582478348	12.9465665816705	0.333	0	1	chr12-63862060-63863119	8
0.301699582478348	13.4720953559053	0.333	0	1	chr12-64568228-64569735	8
0.301699582478348	12.7940865099378	0.333	0	1	chr12-64697817-64698589	8
0.301699582478348	12.5799044686729	0.333	0	1	chr12-64758563-64760831	8
0.301699582478348	13.3649073755503	0.333	0	1	chr12-65602437-65603886	8
0.301699582478348	13.3369735246186	0.333	0	1	chr12-66087324-66087840	8
0.301699582478348	12.7370995581883	0.333	0	1	chr12-66233930-66234532	8
0.301699582478348	13.0199759286444	0.333	0	1	chr12-67084974-67086517	8
0.301699582478348	11.9244517808942	0.333	0	1	chr12-68331449-68333010	8
0.301699582478348	12.9440581455765	0.333	0	1	chr12-68432285-68433171	8
0.301699582478348	13.8099787482816	0.333	0	1	chr12-68601731-68602191	8
0.301699582478348	12.4080087392242	0.333	0	1	chr12-68745467-68747100	8
0.301699582478348	13.4269637525149	0.333	0	1	chr12-69283628-69284567	8
0.301699582478348	12.310155695462	0.333	0	1	chr12-70552765-70554395	8
0.301699582478348	13.7604080753724	0.333	0	1	chr12-70729964-70730446	8
0.301699582478348	12.5176076780568	0.333	0	1	chr12-70794211-70797675	8
0.301699582478348	13.5252561220461	0.333	0	1	chr12-70919316-70920016	8
0.301699582478348	13.5762386731645	0.333	0	1	chr12-72133291-72134119	8
0.301699582478348	12.931570267583	0.333	0	1	chr12-73528647-73530308	8
0.301699582478348	13.603972664827	0.333	0	1	chr12-74646798-74647336	8
0.301699582478348	13.9571313839379	0.333	0	1	chr12-75170564-75171324	8
0.301699582478348	13.4294885421069	0.333	0	1	chr12-75209272-75209939	8
0.301699582478348	12.9672600295349	0.333	0	1	chr12-76116752-76117837	8
0.301699582478348	12.5323365148224	0.333	0	1	chr12-76763440-76765426	8
0.301699582478348	13.9136556110037	0.333	0	1	chr12-76799527-76800021	8
0.301699582478348	13.9021682460963	0.333	0	1	chr12-77493831-77494642	8
0.301699582478348	13.5615196880876	0.333	0	1	chr12-78066923-78067631	8
0.301699582478348	13.7535560025751	0.333	0	1	chr12-78102151-78102624	8
0.301699582478348	13.7375324918114	0.333	0	1	chr12-78993424-78994271	8
0.301699582478348	13.8846928927668	0.333	0	1	chr12-79300086-79300560	8
0.301699582478348	13.3591146231758	0.333	0	1	chr12-79373861-79375011	8
0.301699582478348	13.0873641614848	0.333	0	1	chr12-79614383-79615218	8
0.301699582478348	12.8223684189129	0.333	0	1	chr12-79658972-79660714	8
0.301699582478348	11.9266206750243	0.333	0	1	chr12-79933261-79936124	8
0.301699582478348	12.6699165236443	0.333	0	1	chr12-80924933-80927107	8
0.301699582478348	14.0039866327031	0.333	0	1	chr12-81023456-81024030	8
0.301699582478348	13.2672895256608	0.333	0	1	chr12-81387646-81390262	8
0.301699582478348	13.063846495442	0.333	0	1	chr12-81406672-81408105	8
0.301699582478348	13.2771098672482	0.333	0	1	chr12-81416212-81417883	8
0.301699582478348	12.7296635873223	0.333	0	1	chr12-81571416-81573578	8
0.301699582478348	13.7816347326717	0.333	0	1	chr12-82991800-82992322	8
0.301699582478348	13.6762907011644	0.333	0	1	chr12-83116784-83117279	8
0.301699582478348	12.7515356377382	0.333	0	1	chr12-85036028-85037071	8
0.301699582478348	13.732056634125	0.333	0	1	chr12-85057313-85057796	8
0.301699582478348	13.0350434386903	0.333	0	1	chr12-86349113-86349867	8
0.301699582478348	13.6538953802377	0.333	0	1	chr12-88155971-88156695	8
0.301699582478348	12.4626954358817	0.333	0	1	chr12-88579062-88580956	8
0.301699582478348	12.8359355139411	0.333	0	1	chr12-89117206-89118146	8
0.301699582478348	13.7454718092247	0.333	0	1	chr12-89253576-89254133	8
0.301699582478348	13.6001341511834	0.333	0	1	chr12-89305143-89305779	8
0.301699582478348	13.2377562022462	0.333	0	1	chr12-89686526-89688353	8
0.301699582478348	12.9109586217754	0.333	0	1	chr12-89693076-89694136	8
0.301699582478348	12.3548212686359	0.333	0	1	chr12-89918012-89920048	8
0.301699582478348	13.6242107012673	0.333	0	1	chr12-90635073-90636510	8
0.301699582478348	12.7374244995777	0.333	0	1	chr12-91893338-91894121	8
0.301699582478348	13.5069417881107	0.333	0	1	chr12-92619885-92621684	8
0.301699582478348	13.9857078131072	0.333	0	1	chr12-93001438-93001835	8
0.301699582478348	13.4412581389644	0.333	0	1	chr12-93025418-93026109	8
0.301699582478348	12.7193420333338	0.333	0	1	chr12-93163605-93164846	8
0.301699582478348	12.9267214072819	0.333	0	1	chr12-93448424-93449490	8
0.301699582478348	12.5228421982241	0.333	0	1	chr12-93467000-93468422	8
0.301699582478348	13.2022321178983	0.333	0	1	chr12-93590828-93592018	8
0.301699582478348	13.7604080753724	0.333	0	1	chr12-93767147-93767639	8
0.301699582478348	13.1840878728541	0.333	0	1	chr12-93784192-93785004	8
0.301699582478348	13.3510986650898	0.333	0	1	chr12-94534861-94536352	8
0.301699582478348	12.6202775678167	0.333	0	1	chr12-94677358-94678539	8
0.301699582478348	13.563932400178	0.333	0	1	chr12-94871644-94872866	8
0.301699582478348	12.9090861355624	0.333	0	1	chr12-95072309-95074114	8
0.301699582478348	13.0646135373727	0.333	0	1	chr12-95116733-95117727	8
0.301699582478348	12.2292495896123	0.333	0	1	chr12-95258870-95259972	8
0.301699582478348	13.319097329279	0.333	0	1	chr12-95623506-95624133	8
0.301699582478348	13.29210205492	0.333	0	1	chr12-95742442-95743179	8
0.301699582478348	13.1933193946556	0.333	0	1	chr12-95802684-95803410	8
0.301699582478348	12.5018662102792	0.333	0	1	chr12-95942227-95943900	8
0.301699582478348	13.1876382523256	0.333	0	1	chr12-96415945-96417098	8
0.301699582478348	12.5319125507979	0.333	0	1	chr12-98396987-98398185	8
0.301699582478348	13.4312140144776	0.333	0	1	chr12-98521045-98522263	8
0.301699582478348	11.8846783451012	0.333	0	1	chr12-98592604-98596078	8
0.301699582478348	13.6177579343379	0.333	0	1	chr12-99029376-99030402	8
0.301699582478348	13.2471076747984	0.333	0	1	chr12-99890188-99891082	8
0.301699582478348	13.3887542884317	0.333	0	1	chr12-99959430-99961052	8
0.301699582478348	12.1759190320019	0.333	0	1	chr12-100199228-100201884	8
0.301699582478348	13.8070301203041	0.333	0	1	chr12-100733772-100734254	8
0.301699582478348	13.1107036685476	0.333	0	1	chr12-101279384-101281125	8
0.301699582478348	13.2910522607948	0.333	0	1	chr12-101459592-101460595	8
0.301699582478348	13.2946700071815	0.333	0	1	chr12-101487903-101489208	8
0.301699582478348	13.5723700078333	0.333	0	1	chr12-103031637-103032617	8
0.301699582478348	12.561856710675	0.333	0	1	chr12-103742176-103743961	8
0.301699582478348	13.0686274225799	0.333	0	1	chr12-103838332-103839578	8
0.301699582478348	13.3750539335887	0.333	0	1	chr12-104108959-104109629	8
0.301699582478348	12.2739764569099	0.333	0	1	chr12-104219075-104220873	8
0.301699582478348	11.538024968244	0.333	0	1	chr12-104285752-104290708	8
0.301699582478348	13.0623789399639	0.333	0	1	chr12-104408281-104409158	8
0.301699582478348	12.4165029871381	0.333	0	1	chr12-104956776-104959987	8
0.301699582478348	13.6293793500265	0.333	0	1	chr12-106551323-106551814	8
0.301699582478348	12.4521923059577	0.333	0	1	chr12-106955231-106957346	8
0.301699582478348	12.2267003954991	0.333	0	1	chr12-106985552-106988303	8
0.301699582478348	13.0718546977699	0.333	0	1	chr12-107056578-107057807	8
0.301699582478348	13.8099787482816	0.333	0	1	chr12-107564951-107565430	8
0.301699582478348	13.3233154247276	0.333	0	1	chr12-109020705-109021387	8
0.301699582478348	13.2525768025104	0.333	0	1	chr12-109444995-109445829	8
0.301699582478348	13.3028729909603	0.333	0	1	chr12-109775072-109775865	8
0.301699582478348	12.369927080453	0.333	0	1	chr12-110279533-110282631	8
0.301699582478348	13.211971010595	0.333	0	1	chr12-111121806-111123248	8
0.301699582478348	12.6509285355435	0.333	0	1	chr12-111368159-111370042	8
0.301699582478348	12.4071212462183	0.333	0	1	chr12-111684988-111687733	8
0.301699582478348	12.9474962134161	0.333	0	1	chr12-111819223-111820593	8
0.301699582478348	12.6020420479473	0.333	0	1	chr12-112106819-112109863	8
0.301699582478348	12.5640687693785	0.333	0	1	chr12-112124987-112126454	8
0.301699582478348	12.5542112628778	0.333	0	1	chr12-112408532-112410073	8
0.301699582478348	13.1775711161438	0.333	0	1	chr12-112906589-112907400	8
0.301699582478348	12.923055776467	0.333	0	1	chr12-113098097-113099003	8
0.301699582478348	12.719773905152	0.333	0	1	chr12-113239232-113240644	8
0.301699582478348	13.4230147762298	0.333	0	1	chr12-115312802-115313391	8
0.301699582478348	13.8085573003602	0.333	0	1	chr12-115638872-115639519	8
0.301699582478348	13.3790468855039	0.333	0	1	chr12-115660468-115661724	8
0.301699582478348	13.1038729335898	0.333	0	1	chr12-116160211-116162033	8
0.301699582478348	13.0259209269532	0.333	0	1	chr12-116832201-116832872	8
0.301699582478348	13.6170655210089	0.333	0	1	chr12-116991347-116992095	8
0.301699582478348	12.6310299072375	0.333	0	1	chr12-117506501-117508445	8
0.301699582478348	12.8220267467953	0.333	0	1	chr12-118106820-118107855	8
0.301699582478348	12.8651742913456	0.333	0	1	chr12-118588248-118589943	8
0.301699582478348	11.9661111469471	0.333	0	1	chr12-119988287-119990391	8
0.301699582478348	13.5106105686332	0.333	0	1	chr12-120466441-120467157	8
0.301699582478348	13.3030193275136	0.333	0	1	chr12-121110257-121110744	8
0.301699582478348	13.1093322019809	0.333	0	1	chr12-121403446-121405833	8
0.301699582478348	13.05309757979	0.333	0	1	chr12-121443040-121443853	8
0.301699582478348	12.4320805680776	0.333	0	1	chr12-121465903-121468323	8
0.301699582478348	12.6077487199451	0.333	0	1	chr12-121686660-121687633	8
0.301699582478348	12.8600871165062	0.333	0	1	chr12-122034842-122035964	8
0.301699582478348	12.9427181865526	0.333	0	1	chr12-122151465-122153180	8
0.301699582478348	12.3153216301166	0.333	0	1	chr12-122265526-122267580	8
0.301699582478348	13.2870645516389	0.333	0	1	chr12-122406137-122407295	8
0.301699582478348	12.6433482823754	0.333	0	1	chr12-122840642-122843037	8
0.301699582478348	13.2310857284519	0.333	0	1	chr12-122952156-122952954	8
0.301699582478348	13.3984487505965	0.333	0	1	chr12-124136632-124137327	8
0.301699582478348	13.2386696581929	0.333	0	1	chr12-124320760-124322014	8
0.301699582478348	12.5094865328761	0.333	0	1	chr12-124392341-124393856	8
0.301699582478348	12.7174376066491	0.333	0	1	chr12-124608503-124609792	8
0.301699582478348	12.5914402137015	0.333	0	1	chr12-124678977-124680444	8
0.301699582478348	12.8575555212588	0.333	0	1	chr12-125064566-125066558	8
0.301699582478348	13.0005537789619	0.333	0	1	chr12-125982962-125983945	8
0.301699582478348	12.8626267826007	0.333	0	1	chr12-126772003-126772837	8
0.301699582478348	13.0598261133905	0.333	0	1	chr12-127293384-127294143	8
0.301699582478348	13.3880608118516	0.333	0	1	chr12-127380887-127381540	8
0.301699582478348	13.1609392873047	0.333	0	1	chr12-130401387-130402268	8
0.301699582478348	12.8417006356476	0.333	0	1	chr12-131455837-131457635	8
0.301699582478348	13.236210740711	0.333	0	1	chr12-131459999-131461185	8
0.301699582478348	13.4664334440828	0.333	0	1	chr12-131755275-131755699	8
0.301699582478348	11.7748568058323	0.333	0	1	chr12-131894094-131897430	8
0.301699582478348	13.9406276579549	0.333	0	1	chr12-132279136-132279485	8
0.301699582478348	13.2391442383589	0.333	0	1	chr12-132600159-132601025	8
0.301699582478348	12.7007454770277	0.333	0	1	chr12-132614777-132615534	8
0.301699582478348	12.8888089964683	0.333	0	1	chr12-132689032-132690379	8
0.301699582478348	13.152115924775	0.333	0	1	chr12-132703926-132705001	8
0.301699582478348	12.3471008129103	0.333	0	1	chr12-132709688-132711971	8
0.301699582478348	12.3475122723938	0.333	0	1	chr12-132886998-132888418	8
0.301699582478348	12.8474556215845	0.333	0	1	chr12-133036801-133038166	8
0.301699582478348	13.2887391950668	0.333	0	1	chr13-19587369-19588257	8
0.301699582478348	13.5350122983429	0.333	0	1	chr13-20159530-20161209	8
0.301699582478348	12.7612951446832	0.333	0	1	chr13-21033103-21034656	8
0.301699582478348	13.2300655760189	0.333	0	1	chr13-22009149-22010062	8
0.301699582478348	13.208543284968	0.333	0	1	chr13-23433078-23434002	8
0.301699582478348	13.8718797095603	0.333	0	1	chr13-23817717-23818118	8
0.301699582478348	13.1776780965204	0.333	0	1	chr13-23941157-23941833	8
0.301699582478348	13.1554553078787	0.333	0	1	chr13-23965214-23967447	8
0.301699582478348	12.6230474618638	0.333	0	1	chr13-25286459-25288111	8
0.301699582478348	13.3707575379619	0.333	0	1	chr13-26698425-26699134	8
0.301699582478348	13.9427835101846	0.333	0	1	chr13-27579991-27580605	8
0.301699582478348	13.512257661339	0.333	0	1	chr13-27783039-27783525	8
0.301699582478348	13.732056634125	0.333	0	1	chr13-28336106-28336770	8
0.301699582478348	13.1955363705444	0.333	0	1	chr13-28563788-28564719	8
0.301699582478348	13.2926001441366	0.333	0	1	chr13-28750120-28751126	8
0.301699582478348	13.0143479608392	0.333	0	1	chr13-29465671-29466556	8
0.301699582478348	12.6776249019712	0.333	0	1	chr13-29537834-29540524	8
0.301699582478348	12.9160773023713	0.333	0	1	chr13-30132437-30133070	8
0.301699582478348	12.645858142032	0.333	0	1	chr13-30394717-30396100	8
0.301699582478348	13.8865647359813	0.333	0	1	chr13-31431626-31432030	8
0.301699582478348	13.5539881818633	0.333	0	1	chr13-31538039-31538520	8
0.301699582478348	12.6426324919635	0.333	0	1	chr13-32314840-32316505	8
0.301699582478348	13.0675284750146	0.333	0	1	chr13-33119172-33120744	8
0.301699582478348	13.9436243900514	0.333	0	1	chr13-33931438-33931838	8
0.301699582478348	13.0923147787609	0.333	0	1	chr13-34933286-34934035	8
0.301699582478348	13.8001276378632	0.333	0	1	chr13-35157117-35157521	8
0.301699582478348	13.5624272506778	0.333	0	1	chr13-35789276-35789755	8
0.301699582478348	13.3271289254941	0.333	0	1	chr13-36847571-36848986	8
0.301699582478348	13.8390091107448	0.333	0	1	chr13-36907821-36908494	8
0.301699582478348	13.157275071046	0.333	0	1	chr13-37129630-37131482	8
0.301699582478348	13.5463320593264	0.333	0	1	chr13-37878925-37879387	8
0.301699582478348	13.4134407679068	0.333	0	1	chr13-39047507-39048049	8
0.301699582478348	13.7603036635401	0.333	0	1	chr13-39144901-39145378	8
0.301699582478348	13.4269637525149	0.333	0	1	chr13-40484848-40485425	8
0.301699582478348	13.6076111521231	0.333	0	1	chr13-40597769-40599016	8
0.301699582478348	12.5500984243766	0.333	0	1	chr13-40788819-40790666	8
0.301699582478348	14.3192523472657	0.333	0	1	chr13-40947087-40947274	8
0.301699582478348	12.8016346708872	0.333	0	1	chr13-40993718-40994628	8
0.301699582478348	13.1801702226597	0.333	0	1	chr13-41025231-41025956	8
0.301699582478348	13.5972055717011	0.333	0	1	chr13-41052366-41052864	8
0.301699582478348	13.5445743829756	0.333	0	1	chr13-41221909-41222667	8
0.301699582478348	13.2737727258091	0.333	0	1	chr13-41944520-41945431	8
0.301699582478348	13.7994023720712	0.333	0	1	chr13-42478527-42478965	8
0.301699582478348	14.2324804258711	0.333	0	1	chr13-43129744-43130067	8
0.301699582478348	13.4236588254463	0.333	0	1	chr13-43132180-43132719	8
0.301699582478348	13.2793111469595	0.333	0	1	chr13-43567492-43568522	8
0.301699582478348	12.3457334469453	0.333	0	1	chr13-44576183-44578447	8
0.301699582478348	12.5707361145984	0.333	0	1	chr13-44758538-44760868	8
0.301699582478348	13.7577743752075	0.333	0	1	chr13-44879382-44879886	8
0.301699582478348	12.8494212364769	0.333	0	1	chr13-44988883-44990472	8
0.301699582478348	12.9649999700647	0.333	0	1	chr13-45167985-45168885	8
0.301699582478348	13.7054870165444	0.333	0	1	chr13-45280969-45281482	8
0.301699582478348	12.8037746128458	0.333	0	1	chr13-45413908-45415418	8
0.301699582478348	13.6190963553953	0.333	0	1	chr13-45965000-45965615	8
0.301699582478348	13.812836126305	0.333	0	1	chr13-45971312-45971789	8
0.301699582478348	13.0336598606211	0.333	0	1	chr13-46142695-46143826	8
0.301699582478348	12.4190574136477	0.333	0	1	chr13-46758962-46760946	8
0.301699582478348	12.8727219807529	0.333	0	1	chr13-46796203-46797801	8
0.301699582478348	14.038400289267	0.333	0	1	chr13-46831544-46831938	8
0.301699582478348	13.1814549958325	0.333	0	1	chr13-46893794-46894706	8
0.301699582478348	13.313253501895	0.333	0	1	chr13-47306901-47307441	8
0.301699582478348	13.1067922732191	0.333	0	1	chr13-48000139-48001908	8
0.301699582478348	13.4095899227563	0.333	0	1	chr13-49109998-49111175	8
0.301699582478348	13.4470797031895	0.333	0	1	chr13-49601987-49602730	8
0.301699582478348	13.39941400332	0.333	0	1	chr13-49649202-49649687	8
0.301699582478348	13.4369314563978	0.333	0	1	chr13-49993606-49994168	8
0.301699582478348	13.4075402377472	0.333	0	1	chr13-50075440-50076366	8
0.301699582478348	12.6286535948326	0.333	0	1	chr13-50080113-50084061	8
0.301699582478348	12.0869554529116	0.333	0	1	chr13-51451098-51454379	8
0.301699582478348	12.3143804760745	0.333	0	1	chr13-51801528-51804827	8
0.301699582478348	13.1417841738405	0.333	0	1	chr13-52158786-52160103	8
0.301699582478348	14.0834638918369	0.333	0	1	chr13-52277071-52277365	8
0.301699582478348	13.2455396154658	0.333	0	1	chr13-52967918-52968578	8
0.301699582478348	13.5515319806005	0.333	0	1	chr13-53001578-53002404	8
0.301699582478348	13.3226306823674	0.333	0	1	chr13-53821305-53822454	8
0.301699582478348	12.9648054113387	0.333	0	1	chr13-56527723-56529013	8
0.301699582478348	13.4014348098221	0.333	0	1	chr13-56684247-56685119	8
0.301699582478348	13.1148342318466	0.333	0	1	chr13-56769087-56770603	8
0.301699582478348	14.3009455544123	0.333	0	1	chr13-57511683-57512020	8
0.301699582478348	13.7246062410158	0.333	0	1	chr13-57582837-57584594	8
0.301699582478348	13.525622569616	0.333	0	1	chr13-60146409-60147182	8
0.301699582478348	13.0503835875484	0.333	0	1	chr13-62242718-62243852	8
0.301699582478348	13.7864394580265	0.333	0	1	chr13-66618668-66619076	8
0.301699582478348	13.566989456964	0.333	0	1	chr13-72194478-72195387	8
0.301699582478348	13.7882114396366	0.333	0	1	chr13-74286866-74288179	8
0.301699582478348	13.9021682460963	0.333	0	1	chr13-75691227-75691589	8
0.301699582478348	13.5338681204712	0.333	0	1	chr13-76473468-76473971	8
0.301699582478348	12.6122947191061	0.333	0	1	chr13-76991407-76994443	8
0.301699582478348	12.5329731311827	0.333	0	1	chr13-77328711-77330580	8
0.301699582478348	12.7849955913417	0.333	0	1	chr13-77697178-77699692	8
0.301699582478348	13.3556659665209	0.333	0	1	chr13-77779456-77780353	8
0.301699582478348	13.6201149451805	0.333	0	1	chr13-78054070-78054556	8
0.301699582478348	13.2603811697648	0.333	0	1	chr13-78603159-78603976	8
0.301699582478348	13.5350122983429	0.333	0	1	chr13-78978342-78978845	8
0.301699582478348	13.6593954632715	0.333	0	1	chr13-79571105-79571637	8
0.301699582478348	13.4507210325744	0.333	0	1	chr13-80881977-80882737	8
0.301699582478348	14.0158991426484	0.333	0	1	chr13-81487177-81487578	8
0.301699582478348	13.152115924775	0.333	0	1	chr13-83730178-83731702	8
0.301699582478348	13.5523494111483	0.333	0	1	chr13-85512347-85512984	8
0.301699582478348	13.5418225688515	0.333	0	1	chr13-86838485-86839725	8
0.301699582478348	12.9627517328928	0.333	0	1	chr13-87670880-87671819	8
0.301699582478348	13.9003853543354	0.333	0	1	chr13-91185330-91185719	8
0.301699582478348	12.8809185543218	0.333	0	1	chr13-91398182-91399165	8
0.301699582478348	14.1881933385264	0.333	0	1	chr13-91986861-91987272	8
0.301699582478348	13.5771729611561	0.333	0	1	chr13-94296938-94297566	8
0.301699582478348	12.8079598582488	0.333	0	1	chr13-94548392-94550670	8
0.301699582478348	13.8487471482283	0.333	0	1	chr13-94712768-94713362	8
0.301699582478348	12.6778908793557	0.333	0	1	chr13-95127590-95129485	8
0.301699582478348	13.4544434438301	0.333	0	1	chr13-95189255-95189754	8
0.301699582478348	13.410284891349	0.333	0	1	chr13-95267818-95268731	8
0.301699582478348	13.0682250277709	0.333	0	1	chr13-95576388-95577394	8
0.301699582478348	13.8566400932881	0.333	0	1	chr13-95744790-95745191	8
0.301699582478348	12.8124691898854	0.333	0	1	chr13-96104261-96105495	8
0.301699582478348	12.6079596688047	0.333	0	1	chr13-97221598-97226492	8
0.301699582478348	13.5260332036179	0.333	0	1	chr13-98049946-98050519	8
0.301699582478348	12.0975682581916	0.333	0	1	chr13-98415824-98417251	8
0.301699582478348	13.9936584194233	0.333	0	1	chr13-101709875-101710263	8
0.301699582478348	13.1937621984174	0.333	0	1	chr13-102642373-102643131	8
0.301699582478348	13.5837619357913	0.333	0	1	chr13-102707363-102708045	8
0.301699582478348	13.4944139180789	0.333	0	1	chr13-104465963-104466487	8
0.301699582478348	13.1286466585681	0.333	0	1	chr13-105991565-105992346	8
0.301699582478348	13.5688258536404	0.333	0	1	chr13-106102971-106103572	8
0.301699582478348	13.5283713829239	0.333	0	1	chr13-106390300-106390787	8
0.301699582478348	12.4677458066067	0.333	0	1	chr13-106566626-106568692	8
0.301699582478348	13.2415223972529	0.333	0	1	chr13-106753130-106753833	8
0.301699582478348	13.1231692782567	0.333	0	1	chr13-106917689-106918572	8
0.301699582478348	13.8968437120793	0.333	0	1	chr13-109586821-109587343	8
0.301699582478348	12.9835893311639	0.333	0	1	chr13-109684417-109685673	8
0.301699582478348	13.3482617766967	0.333	0	1	chr13-110108789-110109351	8
0.301699582478348	13.6740449915326	0.333	0	1	chr13-110274653-110275301	8
0.301699582478348	12.6956720499785	0.333	0	1	chr13-110555553-110556666	8
0.301699582478348	13.336067054756	0.333	0	1	chr13-110809769-110810633	8
0.301699582478348	12.4858119364531	0.333	0	1	chr13-111152760-111154801	8
0.301699582478348	13.6329035410829	0.333	0	1	chr13-111516699-111517760	8
0.301699582478348	13.1092033744385	0.333	0	1	chr13-112473698-112474992	8
0.301699582478348	12.8119374198883	0.333	0	1	chr13-112605786-112607041	8
0.301699582478348	12.4969476928357	0.333	0	1	chr13-112689257-112692292	8
0.301699582478348	12.550277550266	0.333	0	1	chr13-112759352-112762568	8
0.301699582478348	12.4576770749946	0.333	0	1	chr13-112942551-112944059	8
0.301699582478348	12.5365864774305	0.333	0	1	chr13-112968156-112969957	8
0.301699582478348	12.959711025379	0.333	0	1	chr13-113012935-113015069	8
0.301699582478348	12.9672600295349	0.333	0	1	chr13-113362873-113364754	8
0.301699582478348	12.0682779650524	0.333	0	1	chr13-113448307-113450122	8
0.301699582478348	13.5384690812168	0.333	0	1	chr13-113947019-113947699	8
0.301699582478348	13.0439229921304	0.333	0	1	chr13-114077838-114079200	8
0.301699582478348	13.2998751066629	0.333	0	1	chr13-114081388-114082457	8
0.301699582478348	13.1775711161438	0.333	0	1	chr13-114226592-114227415	8
0.301699582478348	12.5570355816378	0.333	0	1	chr13-114258346-114260578	8
0.301699582478348	13.225985927646	0.333	0	1	chr14-18656069-18657408	8
0.301699582478348	13.5932148728404	0.333	0	1	chr14-20697649-20698174	8
0.301699582478348	13.011736052547	0.333	0	1	chr14-20855420-20856286	8
0.301699582478348	13.1550369900249	0.333	0	1	chr14-20961002-20961701	8
0.301699582478348	13.7273220507243	0.333	0	1	chr14-20978655-20979066	8
0.301699582478348	12.6751673512333	0.333	0	1	chr14-21106452-21107546	8
0.301699582478348	13.678590054531	0.333	0	1	chr14-21734424-21734895	8
0.301699582478348	12.7250879200901	0.333	0	1	chr14-22432051-22433371	8
0.301699582478348	13.1132578119448	0.333	0	1	chr14-22556837-22557785	8
0.301699582478348	12.7018577267409	0.333	0	1	chr14-22560622-22562391	8
0.301699582478348	12.5261765126525	0.333	0	1	chr14-22596883-22599829	8
0.301699582478348	13.1955363705444	0.333	0	1	chr14-22777321-22777955	8
0.301699582478348	12.4032126307558	0.333	0	1	chr14-22955502-22957707	8
0.301699582478348	12.9142669272504	0.333	0	1	chr14-23068458-23069547	8
0.301699582478348	12.1234288019023	0.333	0	1	chr14-23152753-23155921	8
0.301699582478348	13.3315167877675	0.333	0	1	chr14-23294806-23295626	8
0.301699582478348	13.4172510333604	0.333	0	1	chr14-23538805-23540034	8
0.301699582478348	12.7086685331868	0.333	0	1	chr14-23953051-23955469	8
0.301699582478348	13.2204531814497	0.333	0	1	chr14-24296755-24298054	8
0.301699582478348	13.3935370593764	0.333	0	1	chr14-24307656-24308703	8
0.301699582478348	13.8525268427671	0.333	0	1	chr14-24372736-24373235	8
0.301699582478348	13.248228430027	0.333	0	1	chr14-24431407-24433477	8
0.301699582478348	12.0166707819293	0.333	0	1	chr14-24441403-24443869	8
0.301699582478348	13.2453458337782	0.333	0	1	chr14-24678670-24679394	8
0.301699582478348	12.9576374346799	0.333	0	1	chr14-24805887-24807200	8
0.301699582478348	12.6241339700187	0.333	0	1	chr14-25370532-25372395	8
0.301699582478348	13.3754799405122	0.333	0	1	chr14-25450137-25450827	8
0.301699582478348	13.4312140144776	0.333	0	1	chr14-25833656-25834180	8
0.301699582478348	12.8958315653625	0.333	0	1	chr14-26286262-26287357	8
0.301699582478348	13.4301400231866	0.333	0	1	chr14-26393997-26394991	8
0.301699582478348	13.5516412944049	0.333	0	1	chr14-26525050-26525801	8
0.301699582478348	13.2993526223632	0.333	0	1	chr14-26862524-26863939	8
0.301699582478348	13.0832018872529	0.333	0	1	chr14-28893858-28894445	8
0.301699582478348	13.0738313203091	0.333	0	1	chr14-29741769-29744213	8
0.301699582478348	13.446006923897	0.333	0	1	chr14-29913548-29914258	8
0.301699582478348	13.1849615844801	0.333	0	1	chr14-29964282-29965672	8
0.301699582478348	13.4433309744588	0.333	0	1	chr14-29984782-29986143	8
0.301699582478348	13.1282086379207	0.333	0	1	chr14-30019797-30021196	8
0.301699582478348	13.2994513462304	0.333	0	1	chr14-30027948-30028637	8
0.301699582478348	12.8774572300879	0.333	0	1	chr14-30270415-30271301	8
0.301699582478348	14.02471398993	0.333	0	1	chr14-30337425-30338359	8
0.301699582478348	12.3293823395478	0.333	0	1	chr14-30621085-30623009	8
0.301699582478348	12.5505752439196	0.333	0	1	chr14-31090275-31092508	8
0.301699582478348	13.0392922234859	0.333	0	1	chr14-31163469-31164825	8
0.301699582478348	13.3146875389275	0.333	0	1	chr14-32092338-32093365	8
0.301699582478348	12.4221867741731	0.333	0	1	chr14-32397323-32399016	8
0.301699582478348	13.1092033744385	0.333	0	1	chr14-32648303-32648970	8
0.301699582478348	12.7122679081349	0.333	0	1	chr14-34084655-34085999	8
0.301699582478348	13.2056055865642	0.333	0	1	chr14-34222007-34223572	8
0.301699582478348	13.1410251851872	0.333	0	1	chr14-34324381-34326219	8
0.301699582478348	13.1132578119448	0.333	0	1	chr14-34361239-34362408	8
0.301699582478348	13.2757810529546	0.333	0	1	chr14-34699767-34700861	8
0.301699582478348	11.9672052158166	0.333	0	1	chr14-34872521-34875832	8
0.301699582478348	12.1093200516197	0.333	0	1	chr14-35045008-35047332	8
0.301699582478348	13.4561581138598	0.333	0	1	chr14-35413032-35413730	8
0.301699582478348	13.6304197173555	0.333	0	1	chr14-36597757-36598287	8
0.301699582478348	12.9254976308361	0.333	0	1	chr14-36770755-36771791	8
0.301699582478348	13.5163979445604	0.333	0	1	chr14-37246381-37247069	8
0.301699582478348	12.9097383829025	0.333	0	1	chr14-37278518-37279548	8
0.301699582478348	13.5283713829239	0.333	0	1	chr14-37306121-37306731	8
0.301699582478348	13.4171690365053	0.333	0	1	chr14-37369327-37369936	8
0.301699582478348	12.9737339917225	0.333	0	1	chr14-37566569-37567529	8
0.301699582478348	13.3604073053914	0.333	0	1	chr14-38839644-38840437	8
0.301699582478348	12.1322717476525	0.333	0	1	chr14-38866039-38870081	8
0.301699582478348	12.1968037542694	0.333	0	1	chr14-39102195-39104060	8
0.301699582478348	13.7771114266961	0.333	0	1	chr14-39201579-39202071	8
0.301699582478348	13.4386787233459	0.333	0	1	chr14-40676814-40677780	8
0.301699582478348	13.5054437899333	0.333	0	1	chr14-40832635-40833449	8
0.301699582478348	13.8379470413911	0.333	0	1	chr14-41785632-41786129	8
0.301699582478348	13.5402219064685	0.333	0	1	chr14-41957258-41958411	8
0.301699582478348	13.93380160786	0.333	0	1	chr14-42702902-42703387	8
0.301699582478348	12.8681015241379	0.333	0	1	chr14-45194712-45195825	8
0.301699582478348	13.8795973880776	0.333	0	1	chr14-45447165-45447704	8
0.301699582478348	13.1895523659056	0.333	0	1	chr14-45705677-45706696	8
0.301699582478348	14.2098544101184	0.333	0	1	chr14-46085530-46085834	8
0.301699582478348	13.030215062291	0.333	0	1	chr14-49220291-49221199	8
0.301699582478348	12.2027852624396	0.333	0	1	chr14-49478350-49480510	8
0.301699582478348	13.2787580315796	0.333	0	1	chr14-50338910-50339728	8
0.301699582478348	13.1397363501791	0.333	0	1	chr14-50395407-50397797	8
0.301699582478348	13.0294162602936	0.333	0	1	chr14-50975235-50976406	8
0.301699582478348	12.9882683210201	0.333	0	1	chr14-51004289-51005669	8
0.301699582478348	12.7341880147304	0.333	0	1	chr14-51094677-51095645	8
0.301699582478348	13.4166142147129	0.333	0	1	chr14-51283234-51283987	8
0.301699582478348	13.2320619058447	0.333	0	1	chr14-51472660-51473896	8
0.301699582478348	12.2897005718671	0.333	0	1	chr14-51650757-51653552	8
0.301699582478348	12.4071212462183	0.333	0	1	chr14-51988741-51990565	8
0.301699582478348	14.0866826787705	0.333	0	1	chr14-52043720-52044021	8
0.301699582478348	12.9194071331703	0.333	0	1	chr14-52048601-52049504	8
0.301699582478348	13.1263709387463	0.333	0	1	chr14-52852411-52853799	8
0.301699582478348	13.1003856087547	0.333	0	1	chr14-53217140-53218144	8
0.301699582478348	13.9093822955329	0.333	0	1	chr14-53305058-53305469	8
0.301699582478348	13.589479261027	0.333	0	1	chr14-53539434-53540083	8
0.301699582478348	13.6082201837532	0.333	0	1	chr14-53613591-53614406	8
0.301699582478348	13.3443126259478	0.333	0	1	chr14-54366672-54367614	8
0.301699582478348	13.3660727712644	0.333	0	1	chr14-54424309-54425001	8
0.301699582478348	13.4058957393565	0.333	0	1	chr14-54537528-54538468	8
0.301699582478348	12.4393975048872	0.333	0	1	chr14-55026540-55028206	8
0.301699582478348	12.5423539603096	0.333	0	1	chr14-55050859-55053922	8
0.301699582478348	13.1177780675202	0.333	0	1	chr14-55089304-55090165	8
0.301699582478348	12.4856263175929	0.333	0	1	chr14-55101801-55104072	8
0.301699582478348	13.5523494111483	0.333	0	1	chr14-55130133-55131806	8
0.301699582478348	13.4735033605436	0.333	0	1	chr14-55333696-55334592	8
0.301699582478348	12.9898445791927	0.333	0	1	chr14-55429712-55430668	8
0.301699582478348	12.6672115897769	0.333	0	1	chr14-55739692-55741481	8
0.301699582478348	12.8103921029765	0.333	0	1	chr14-55831873-55833008	8
0.301699582478348	13.1346432544269	0.333	0	1	chr14-56117585-56120081	8
0.301699582478348	12.9810817669129	0.333	0	1	chr14-56147723-56148860	8
0.301699582478348	12.6604844753308	0.333	0	1	chr14-56659875-56661395	8
0.301699582478348	13.4185268153197	0.333	0	1	chr14-56737639-56738642	8
0.301699582478348	13.7043663446008	0.333	0	1	chr14-56874348-56874825	8
0.301699582478348	13.4441613203427	0.333	0	1	chr14-57066460-57067345	8
0.301699582478348	13.248228430027	0.333	0	1	chr14-57136530-57137351	8
0.301699582478348	13.9879430880888	0.333	0	1	chr14-57161824-57162314	8
0.301699582478348	13.248228430027	0.333	0	1	chr14-57613278-57614712	8
0.301699582478348	13.107768083289	0.333	0	1	chr14-57833043-57833829	8
0.301699582478348	14.4793813332471	0.333	0	1	chr14-57918477-57918559	8
0.301699582478348	12.5635854588396	0.333	0	1	chr14-58199257-58200953	8
0.301699582478348	13.217206473908	0.333	0	1	chr14-58239372-58240701	8
0.301699582478348	13.4863421636839	0.333	0	1	chr14-59310532-59311994	8
0.301699582478348	13.3420676075053	0.333	0	1	chr14-59375697-59376418	8
0.301699582478348	13.1062074361809	0.333	0	1	chr14-59632328-59634377	8
0.301699582478348	13.1933193946556	0.333	0	1	chr14-59963506-59965621	8
0.301699582478348	13.1694062497592	0.333	0	1	chr14-60850379-60851580	8
0.301699582478348	12.5879975551684	0.333	0	1	chr14-61101739-61103544	8
0.301699582478348	12.5213509701584	0.333	0	1	chr14-61367448-61369207	8
0.301699582478348	12.1854710684264	0.333	0	1	chr14-61438456-61439873	8
0.301699582478348	12.9328690751288	0.333	0	1	chr14-61461309-61463201	8
0.301699582478348	12.1788173902543	0.333	0	1	chr14-61524069-61528036	8
0.301699582478348	12.6340632221055	0.333	0	1	chr14-61537025-61539492	8
0.301699582478348	12.6096489870607	0.333	0	1	chr14-61749941-61751610	8
0.301699582478348	13.3200656427263	0.333	0	1	chr14-62162929-62163452	8
0.301699582478348	13.4003014743778	0.333	0	1	chr14-62689604-62690305	8
0.301699582478348	13.2241277701653	0.333	0	1	chr14-62993485-62994584	8
0.301699582478348	13.2045767017781	0.333	0	1	chr14-63682651-63683679	8
0.301699582478348	12.8896374791226	0.333	0	1	chr14-64303280-64303912	8
0.301699582478348	12.6911603854461	0.333	0	1	chr14-64719847-64722017	8
0.301699582478348	13.2678509706266	0.333	0	1	chr14-64764515-64765236	8
0.301699582478348	13.6120249671989	0.333	0	1	chr14-64879701-64880814	8
0.301699582478348	13.8812886460073	0.333	0	1	chr14-65359521-65359991	8
0.301699582478348	13.3940595747355	0.333	0	1	chr14-65423791-65424497	8
0.301699582478348	11.3978878913993	0.333	0	1	chr14-66506945-66509741	8
0.301699582478348	12.7606312728608	0.333	0	1	chr14-66931910-66934303	8
0.301699582478348	13.049952619365	0.333	0	1	chr14-67393567-67394440	8
0.301699582478348	13.1303938784544	0.333	0	1	chr14-67442326-67443053	8
0.301699582478348	13.3398309581708	0.333	0	1	chr14-67571145-67571888	8
0.301699582478348	12.4534903259888	0.333	0	1	chr14-67599393-67600747	8
0.301699582478348	13.9725747146759	0.333	0	1	chr14-67659743-67660150	8
0.301699582478348	13.0756956595947	0.333	0	1	chr14-67819281-67821063	8
0.301699582478348	13.3011597987038	0.333	0	1	chr14-67933895-67934482	8
0.301699582478348	12.4991989341209	0.333	0	1	chr14-68306528-68308299	8
0.301699582478348	13.0801899446796	0.333	0	1	chr14-68526494-68528489	8
0.301699582478348	13.2516079387708	0.333	0	1	chr14-68607025-68607943	8
0.301699582478348	13.4649203247532	0.333	0	1	chr14-68806957-68807689	8
0.301699582478348	13.1915511222769	0.333	0	1	chr14-68843707-68844416	8
0.301699582478348	13.5753061105714	0.333	0	1	chr14-69123190-69123676	8
0.301699582478348	13.4644154723472	0.333	0	1	chr14-69154706-69155268	8
0.301699582478348	13.2444963674294	0.333	0	1	chr14-69242271-69243213	8
0.301699582478348	12.3491320400636	0.333	0	1	chr14-69342512-69343850	8
0.301699582478348	13.7296830957458	0.333	0	1	chr14-69469017-69469413	8
0.301699582478348	12.7004551022936	0.333	0	1	chr14-69610195-69613565	8
0.301699582478348	12.6467379257485	0.333	0	1	chr14-69661457-69663829	8
0.301699582478348	13.3705575647523	0.333	0	1	chr14-69726730-69727422	8
0.301699582478348	11.9221667074935	0.333	0	1	chr14-69766428-69768403	8
0.301699582478348	13.4448894834372	0.333	0	1	chr14-69818608-69819173	8
0.301699582478348	12.5111998024705	0.333	0	1	chr14-70358551-70360212	8
0.301699582478348	12.835312913757	0.333	0	1	chr14-70664959-70666471	8
0.301699582478348	13.5958825602235	0.333	0	1	chr14-70955489-70956486	8
0.301699582478348	13.8015209749666	0.333	0	1	chr14-71214027-71214878	8
0.301699582478348	12.7953566087147	0.333	0	1	chr14-72183340-72185224	8
0.301699582478348	13.3282674956412	0.333	0	1	chr14-73428092-73428903	8
0.301699582478348	12.9067679149713	0.333	0	1	chr14-73526037-73527187	8
0.301699582478348	12.6826147022233	0.333	0	1	chr14-73764477-73765759	8
0.301699582478348	12.4964367705736	0.333	0	1	chr14-73949542-73951329	8
0.301699582478348	12.9602675300413	0.333	0	1	chr14-75050708-75051918	8
0.301699582478348	12.3195673103224	0.333	0	1	chr14-75068330-75070891	8
0.301699582478348	12.403578864098	0.333	0	1	chr14-75126052-75128054	8
0.301699582478348	13.1948447233345	0.333	0	1	chr14-75263636-75264564	8
0.301699582478348	13.0609143543829	0.333	0	1	chr14-75273099-75274083	8
0.301699582478348	12.9272219080202	0.333	0	1	chr14-75295639-75296544	8
0.301699582478348	12.9802685843455	0.333	0	1	chr14-75306862-75308400	8
0.301699582478348	13.5589361318996	0.333	0	1	chr14-75310318-75311139	8
0.301699582478348	13.2988305792072	0.333	0	1	chr14-75654049-75654641	8
0.301699582478348	13.3057389315804	0.333	0	1	chr14-75875882-75877100	8
0.301699582478348	12.5257895796128	0.333	0	1	chr14-76151396-76152829	8
0.301699582478348	13.4230147762298	0.333	0	1	chr14-76761251-76762360	8
0.301699582478348	13.3232215737342	0.333	0	1	chr14-76784331-76785287	8
0.301699582478348	12.2648152534294	0.333	0	1	chr14-76810656-76813422	8
0.301699582478348	13.2777958179833	0.333	0	1	chr14-76875927-76876616	8
0.301699582478348	13.1364724410806	0.333	0	1	chr14-76909097-76909824	8
0.301699582478348	13.1389189229776	0.333	0	1	chr14-76913026-76914002	8
0.301699582478348	13.4003014743778	0.333	0	1	chr14-76914567-76915306	8
0.301699582478348	13.1533662794829	0.333	0	1	chr14-76956147-76957914	8
0.301699582478348	13.0634137086827	0.333	0	1	chr14-77133488-77134376	8
0.301699582478348	13.338158918069	0.333	0	1	chr14-77213191-77213846	8
0.301699582478348	11.614934951439	0.333	0	1	chr14-77456702-77459598	8
0.301699582478348	11.6244102171564	0.333	0	1	chr14-77615257-77617650	8
0.301699582478348	12.3386484799003	0.333	0	1	chr14-77760136-77762019	8
0.301699582478348	13.3348287084858	0.333	0	1	chr14-78836705-78837332	8
0.301699582478348	13.1003856087547	0.333	0	1	chr14-79425931-79427031	8
0.301699582478348	12.8494212364769	0.333	0	1	chr14-81144161-81145779	8
0.301699582478348	12.8823651665425	0.333	0	1	chr14-81694159-81695165	8
0.301699582478348	13.9887325666999	0.333	0	1	chr14-85236005-85236342	8
0.301699582478348	14.2278176295718	0.333	0	1	chr14-85596167-85596475	8
0.301699582478348	13.9913218654999	0.333	0	1	chr14-85733030-85733532	8
0.301699582478348	13.2603811697648	0.333	0	1	chr14-85812394-85813259	8
0.301699582478348	13.4340654581805	0.333	0	1	chr14-85934135-85935261	8
0.301699582478348	13.6517130415507	0.333	0	1	chr14-86462126-86462623	8
0.301699582478348	13.1124709302572	0.333	0	1	chr14-86892152-86893107	8
0.301699582478348	13.6149697627322	0.333	0	1	chr14-87090151-87090874	8
0.301699582478348	13.4090274080264	0.333	0	1	chr14-87312020-87312895	8
0.301699582478348	13.5766420607852	0.333	0	1	chr14-87433956-87434744	8
0.301699582478348	13.2208886955277	0.333	0	1	chr14-88542699-88543857	8
0.301699582478348	12.3099026115204	0.333	0	1	chr14-88562351-88564528	8
0.301699582478348	13.6525288443771	0.333	0	1	chr14-88827154-88827802	8
0.301699582478348	13.2771098672482	0.333	0	1	chr14-88978816-88979493	8
0.301699582478348	13.8215269304988	0.333	0	1	chr14-89270855-89271299	8
0.301699582478348	12.0868285330747	0.333	0	1	chr14-90511824-90514677	8
0.301699582478348	13.7191545877922	0.333	0	1	chr14-90560066-90560589	8
0.301699582478348	12.8392249387326	0.333	0	1	chr14-90757678-90759033	8
0.301699582478348	12.7576338116121	0.333	0	1	chr14-91113552-91116544	8
0.301699582478348	12.2162099140415	0.333	0	1	chr14-91163028-91165623	8
0.301699582478348	13.3914008569601	0.333	0	1	chr14-91173095-91173734	8
0.301699582478348	12.0072420442241	0.333	0	1	chr14-91276046-91278152	8
0.301699582478348	12.8668770712038	0.333	0	1	chr14-91382649-91384216	8
0.301699582478348	12.7294221658181	0.333	0	1	chr14-91395295-91400397	8
0.301699582478348	13.03292821091	0.333	0	1	chr14-91652539-91653225	8
0.301699582478348	13.3115111846307	0.333	0	1	chr14-91754112-91756078	8
0.301699582478348	13.4936087196294	0.333	0	1	chr14-92011733-92012862	8
0.301699582478348	12.0594214381214	0.333	0	1	chr14-92039143-92041598	8
0.301699582478348	14.1101225796665	0.333	0	1	chr14-92448425-92448691	8
0.301699582478348	12.5583419479158	0.333	0	1	chr14-92692351-92694781	8
0.301699582478348	13.5792227465513	0.333	0	1	chr14-93091101-93091905	8
0.301699582478348	12.964678390376	0.333	0	1	chr14-94598677-94599903	8
0.301699582478348	12.1290345747879	0.333	0	1	chr14-94769365-94770689	8
0.301699582478348	13.2667705699549	0.333	0	1	chr14-95348422-95349431	8
0.301699582478348	13.5139098893685	0.333	0	1	chr14-95620660-95621214	8
0.301699582478348	12.6925484245714	0.333	0	1	chr14-96263197-96265308	8
0.301699582478348	12.2544406404084	0.333	0	1	chr14-96796798-96798282	8
0.301699582478348	12.9451035284041	0.333	0	1	chr14-96838850-96839789	8
0.301699582478348	13.3692791837119	0.333	0	1	chr14-98138598-98139112	8
0.301699582478348	13.1109099421118	0.333	0	1	chr14-98243891-98245248	8
0.301699582478348	13.5891599132655	0.333	0	1	chr14-99266433-99266985	8
0.301699582478348	12.5453582417987	0.333	0	1	chr14-99809191-99810569	8
0.301699582478348	12.7098481242032	0.333	0	1	chr14-100439009-100441278	8
0.301699582478348	13.7122694509149	0.333	0	1	chr14-100914431-100915809	8
0.301699582478348	13.7297320964108	0.333	0	1	chr14-101320330-101320934	8
0.301699582478348	13.1559060604906	0.333	0	1	chr14-101721779-101722749	8
0.301699582478348	12.6149480244791	0.333	0	1	chr14-102095914-102098273	8
0.301699582478348	12.971486313215	0.333	0	1	chr14-102187057-102188396	8
0.301699582478348	13.1781490481709	0.333	0	1	chr14-102319197-102320844	8
0.301699582478348	13.6090252814588	0.333	0	1	chr14-102891484-102892196	8
0.301699582478348	12.6176932407203	0.333	0	1	chr14-102948943-102950664	8
0.301699582478348	13.0749493429251	0.333	0	1	chr14-103329711-103330354	8
0.301699582478348	11.9001450203995	0.333	0	1	chr14-103332780-103335752	8
0.301699582478348	13.3303574964063	0.333	0	1	chr14-103546644-103547362	8
0.301699582478348	11.8295088354403	0.333	0	1	chr14-103714842-103716779	8
0.301699582478348	13.0072796319309	0.333	0	1	chr14-103732384-103734033	8
0.301699582478348	13.4805985033327	0.333	0	1	chr14-104225634-104226331	8
0.301699582478348	12.8694379478573	0.333	0	1	chr14-104344061-104347019	8
0.301699582478348	12.8651742913456	0.333	0	1	chr14-104588200-104589130	8
0.301699582478348	13.2977476017785	0.333	0	1	chr14-104708255-104709226	8
0.301699582478348	12.866309081724	0.333	0	1	chr14-104971913-104973624	8
0.301699582478348	13.0801899446796	0.333	0	1	chr14-104979911-104980825	8
0.301699582478348	13.225985927646	0.333	0	1	chr14-105086527-105087339	8
0.301699582478348	12.6351489831944	0.333	0	1	chr14-105247566-105249310	8
0.301699582478348	12.8900812602585	0.333	0	1	chr14-105351905-105352717	8
0.301699582478348	12.7084104078919	0.333	0	1	chr14-105397449-105399724	8
0.301699582478348	12.9148699253437	0.333	0	1	chr14-105472210-105475432	8
0.301699582478348	13.6473780994163	0.333	0	1	chr14-105826090-105826730	8
0.301699582478348	13.1900317542269	0.333	0	1	chr14-106611209-106612620	8
0.301699582478348	13.4243036086476	0.333	0	1	chr15-20245834-20246833	8
0.301699582478348	13.1596526776151	0.333	0	1	chr15-20356156-20357156	8
0.301699582478348	12.5999901774006	0.333	0	1	chr15-20641954-20644491	8
0.301699582478348	13.7590371951232	0.333	0	1	chr15-21272279-21273090	8
0.301699582478348	13.2386696581929	0.333	0	1	chr15-22664257-22665796	8
0.301699582478348	13.5118454082212	0.333	0	1	chr15-23073542-23074397	8
0.301699582478348	13.0690065426538	0.333	0	1	chr15-23582324-23583945	8
0.301699582478348	13.9947322733773	0.333	0	1	chr15-23648888-23649288	8
0.301699582478348	13.2915403141665	0.333	0	1	chr15-23750176-23751269	8
0.301699582478348	13.8812886460073	0.333	0	1	chr15-24054810-24055250	8
0.301699582478348	12.6642903605444	0.333	0	1	chr15-24268299-24270028	8
0.301699582478348	12.8873031750902	0.333	0	1	chr15-24772729-24773776	8
0.301699582478348	13.5458459996549	0.333	0	1	chr15-25372249-25372755	8
0.301699582478348	13.2315964074186	0.333	0	1	chr15-25408014-25409790	8
0.301699582478348	13.3804797792536	0.333	0	1	chr15-25479815-25482071	8
0.301699582478348	13.150660063861	0.333	0	1	chr15-25861904-25863717	8
0.301699582478348	13.8846928927668	0.333	0	1	chr15-26051721-26052221	8
0.301699582478348	13.7066104426548	0.333	0	1	chr15-26260480-26260956	8
0.301699582478348	12.9430585021898	0.333	0	1	chr15-26900763-26901769	8
0.301699582478348	13.2727357819353	0.333	0	1	chr15-26970485-26971727	8
0.301699582478348	13.7490347634046	0.333	0	1	chr15-27956228-27956763	8
0.301699582478348	13.172519280938	0.333	0	1	chr15-28207663-28209596	8
0.301699582478348	12.9310197081611	0.333	0	1	chr15-28222459-28223321	8
0.301699582478348	13.2481551824149	0.333	0	1	chr15-28881007-28882009	8
0.301699582478348	13.3412218685636	0.333	0	1	chr15-29139699-29140431	8
0.301699582478348	12.4697321410505	0.333	0	1	chr15-29336965-29338062	8
0.301699582478348	13.3725239891918	0.333	0	1	chr15-29667918-29668543	8
0.301699582478348	12.9051838605872	0.333	0	1	chr15-29853055-29854743	8
0.301699582478348	13.3291623269717	0.333	0	1	chr15-29887650-29888197	8
0.301699582478348	12.7580296948883	0.333	0	1	chr15-30902979-30904373	8
0.301699582478348	12.9474962134161	0.333	0	1	chr15-30905582-30906768	8
0.301699582478348	12.6138857901517	0.333	0	1	chr15-31099021-31101542	8
0.301699582478348	13.2305754515759	0.333	0	1	chr15-31200614-31201147	8
0.301699582478348	13.4720953559053	0.333	0	1	chr15-31212572-31213590	8
0.301699582478348	12.767918536508	0.333	0	1	chr15-31254291-31255436	8
0.301699582478348	12.813001297645	0.333	0	1	chr15-31296313-31298088	8
0.301699582478348	12.5786017839941	0.333	0	1	chr15-31870016-31871533	8
0.301699582478348	13.3448873851937	0.333	0	1	chr15-31992690-31993537	8
0.301699582478348	14.5814471238744	0.333	0	1	chr15-32112381-32112483	8
0.301699582478348	13.5463320593264	0.333	0	1	chr15-32662570-32663047	8
0.301699582478348	13.3120914067423	0.333	0	1	chr15-33007217-33007731	8
0.301699582478348	13.1697219431077	0.333	0	1	chr15-33217910-33218938	8
0.301699582478348	13.0969154134495	0.333	0	1	chr15-33292658-33294553	8
0.301699582478348	13.6281196442679	0.333	0	1	chr15-33735586-33736078	8
0.301699582478348	13.4589091710005	0.333	0	1	chr15-33888108-33888689	8
0.301699582478348	12.7421516144082	0.333	0	1	chr15-34342234-34343544	8
0.301699582478348	13.188467901666	0.333	0	1	chr15-34587922-34588770	8
0.301699582478348	13.914881954976	0.333	0	1	chr15-34790043-34790502	8
0.301699582478348	13.018633967314	0.333	0	1	chr15-34852685-34854095	8
0.301699582478348	12.1623253527546	0.333	0	1	chr15-34968951-34970363	8
0.301699582478348	13.1034846006913	0.333	0	1	chr15-36177582-36178679	8
0.301699582478348	12.588336345655	0.333	0	1	chr15-36579090-36580253	8
0.301699582478348	13.2545189516422	0.333	0	1	chr15-36808295-36809271	8
0.301699582478348	13.4595836507578	0.333	0	1	chr15-37902059-37902705	8
0.301699582478348	13.5252561220461	0.333	0	1	chr15-38226851-38227348	8
0.301699582478348	12.9372013395472	0.333	0	1	chr15-38254198-38254999	8
0.301699582478348	12.5829805283374	0.333	0	1	chr15-38453835-38455516	8
0.301699582478348	13.2232006765219	0.333	0	1	chr15-38888675-38889419	8
0.301699582478348	13.9862943588063	0.333	0	1	chr15-38991153-38991551	8
0.301699582478348	13.027666528533	0.333	0	1	chr15-39640604-39641996	8
0.301699582478348	13.1229738211775	0.333	0	1	chr15-39920436-39921460	8
0.301699582478348	14.154650119763	0.333	0	1	chr15-39948526-39949113	8
0.301699582478348	13.2694750431589	0.333	0	1	chr15-40016224-40016922	8
0.301699582478348	12.6863617041398	0.333	0	1	chr15-40160504-40161857	8
0.301699582478348	13.217206473908	0.333	0	1	chr15-40216867-40217896	8
0.301699582478348	13.0836766759352	0.333	0	1	chr15-40320675-40321369	8
0.301699582478348	12.6002179400508	0.333	0	1	chr15-40352522-40354681	8
0.301699582478348	12.6896218512425	0.333	0	1	chr15-40382146-40383531	8
0.301699582478348	12.9464698742562	0.333	0	1	chr15-40405122-40406522	8
0.301699582478348	12.7352347612647	0.333	0	1	chr15-40409268-40410106	8
0.301699582478348	12.7432189533624	0.333	0	1	chr15-40439830-40441771	8
0.301699582478348	13.0442804202048	0.333	0	1	chr15-40449774-40450597	8
0.301699582478348	13.6740025987253	0.333	0	1	chr15-40519746-40520175	8
0.301699582478348	12.9519240799041	0.333	0	1	chr15-40552720-40553858	8
0.301699582478348	12.1218651972448	0.333	0	1	chr15-40564293-40565656	8
0.301699582478348	12.9148699253437	0.333	0	1	chr15-40568850-40570148	8
0.301699582478348	12.843688751223	0.333	0	1	chr15-40937727-40938647	8
0.301699582478348	13.448022361242	0.333	0	1	chr15-40941565-40942291	8
0.301699582478348	13.1062074361809	0.333	0	1	chr15-40971849-40972757	8
0.301699582478348	12.7318393842679	0.333	0	1	chr15-41416145-41418215	8
0.301699582478348	12.9073652349512	0.333	0	1	chr15-41603771-41604558	8
0.301699582478348	12.3928411057841	0.333	0	1	chr15-41773727-41775371	8
0.301699582478348	12.4981749986065	0.333	0	1	chr15-42118554-42119874	8
0.301699582478348	13.8054935294614	0.333	0	1	chr15-42133862-42134352	8
0.301699582478348	13.7404646915247	0.333	0	1	chr15-42137651-42138131	8
0.301699582478348	13.6180798841498	0.333	0	1	chr15-42228502-42229095	8
0.301699582478348	12.86624502884	0.333	0	1	chr15-42490393-42491699	8
0.301699582478348	12.3773063374253	0.333	0	1	chr15-42494833-42496296	8
0.301699582478348	12.8980790009757	0.333	0	1	chr15-42650178-42650902	8
0.301699582478348	13.3476960130353	0.333	0	1	chr15-42863481-42864338	8
0.301699582478348	12.5447136721221	0.333	0	1	chr15-43184845-43186430	8
0.301699582478348	12.8561092574579	0.333	0	1	chr15-43492505-43493851	8
0.301699582478348	12.6267138955597	0.333	0	1	chr15-44811274-44813652	8
0.301699582478348	12.4046961742627	0.333	0	1	chr15-45022673-45025182	8
0.301699582478348	13.3238587467927	0.333	0	1	chr15-45083136-45084760	8
0.301699582478348	13.6076111521231	0.333	0	1	chr15-45500063-45500600	8
0.301699582478348	12.2933754502273	0.333	0	1	chr15-45586079-45588985	8
0.301699582478348	13.2876222663346	0.333	0	1	chr15-45614148-45614741	8
0.301699582478348	12.4183633179259	0.333	0	1	chr15-45634219-45636129	8
0.301699582478348	13.567906825783	0.333	0	1	chr15-45863775-45864305	8
0.301699582478348	13.9537512065148	0.333	0	1	chr15-47301278-47301857	8
0.301699582478348	13.3418312343406	0.333	0	1	chr15-47390228-47390812	8
0.301699582478348	12.3103118661205	0.333	0	1	chr15-48329974-48332570	8
0.301699582478348	12.6860892919393	0.333	0	1	chr15-48414664-48415955	8
0.301699582478348	13.5002336966463	0.333	0	1	chr15-48477237-48478218	8
0.301699582478348	12.2755922441551	0.333	0	1	chr15-49169681-49171412	8
0.301699582478348	11.8341874756296	0.333	0	1	chr15-49620088-49622263	8
0.301699582478348	13.539336879815	0.333	0	1	chr15-49832551-49833044	8
0.301699582478348	13.8211180084845	0.333	0	1	chr15-50315831-50316403	8
0.301699582478348	12.3257305171175	0.333	0	1	chr15-50353510-50356118	8
0.301699582478348	13.0468211615513	0.333	0	1	chr15-51030339-51031358	8
0.301699582478348	13.1847773350369	0.333	0	1	chr15-51192413-51193155	8
0.301699582478348	13.1681260484743	0.333	0	1	chr15-51380975-51381668	8
0.301699582478348	13.1959806552634	0.333	0	1	chr15-51726226-51727069	8
0.301699582478348	13.2204272810324	0.333	0	1	chr15-51750987-51752727	8
0.301699582478348	13.3244025550085	0.333	0	1	chr15-51868917-51869473	8
0.301699582478348	13.3282229140425	0.333	0	1	chr15-52066914-52067834	8
0.301699582478348	13.6012612684393	0.333	0	1	chr15-52078702-52079300	8
0.301699582478348	12.0999273306382	0.333	0	1	chr15-52287166-52290378	8
0.301699582478348	13.4434341073217	0.333	0	1	chr15-53197260-53197820	8
0.301699582478348	14.2224859012683	0.333	0	1	chr15-53384447-53384773	8
0.301699582478348	13.6357967511537	0.333	0	1	chr15-54141834-54142826	8
0.301699582478348	13.4892370390312	0.333	0	1	chr15-54792428-54792975	8
0.301699582478348	13.2793083832778	0.333	0	1	chr15-54812277-54813271	8
0.301699582478348	13.7392537901722	0.333	0	1	chr15-55774327-55774803	8
0.301699582478348	13.280410538242	0.333	0	1	chr15-55861659-55862340	8
0.301699582478348	12.410863502976	0.333	0	1	chr15-55992841-55994553	8
0.301699582478348	13.1430158004188	0.333	0	1	chr15-56052347-56053207	8
0.301699582478348	13.3233154247276	0.333	0	1	chr15-56491071-56491572	8
0.301699582478348	12.3192522248189	0.333	0	1	chr15-56886519-56888172	8
0.301699582478348	13.6030801297766	0.333	0	1	chr15-57041319-57042067	8
0.301699582478348	13.0658153613332	0.333	0	1	chr15-57198530-57199342	8
0.301699582478348	13.914881954976	0.333	0	1	chr15-57461479-57461871	8
0.301699582478348	13.7468089474058	0.333	0	1	chr15-57640889-57641370	8
0.301699582478348	13.463030614633	0.333	0	1	chr15-58606602-58607131	8
0.301699582478348	13.3625834619038	0.333	0	1	chr15-58951391-58952461	8
0.301699582478348	12.6466960778866	0.333	0	1	chr15-59169884-59170951	8
0.301699582478348	13.1203798537289	0.333	0	1	chr15-59313537-59314293	8
0.301699582478348	12.8913555445354	0.333	0	1	chr15-59437646-59438742	8
0.301699582478348	13.1512836245944	0.333	0	1	chr15-59492795-59493475	8
0.301699582478348	12.8799590700229	0.333	0	1	chr15-59528726-59529441	8
0.301699582478348	13.6095239609092	0.333	0	1	chr15-59616296-59617735	8
0.301699582478348	13.4383699696787	0.333	0	1	chr15-60127466-60128195	8
0.301699582478348	13.1414714093034	0.333	0	1	chr15-60255324-60255950	8
0.301699582478348	13.4582108827222	0.333	0	1	chr15-60448421-60449130	8
0.301699582478348	13.2983149954291	0.333	0	1	chr15-61013018-61013725	8
0.301699582478348	13.714526086957	0.333	0	1	chr15-62385133-62385573	8
0.301699582478348	12.4322720369272	0.333	0	1	chr15-63188845-63189970	8
0.301699582478348	13.3051646758295	0.333	0	1	chr15-63234300-63234848	8
0.301699582478348	12.7541498873446	0.333	0	1	chr15-63379169-63382398	8
0.301699582478348	13.2854093933533	0.333	0	1	chr15-63767755-63768700	8
0.301699582478348	13.1054284085798	0.333	0	1	chr15-63945169-63945877	8
0.301699582478348	12.3969007088038	0.333	0	1	chr15-64045794-64047045	8
0.301699582478348	12.3225567590857	0.333	0	1	chr15-64151160-64154902	8
0.301699582478348	13.7641252092229	0.333	0	1	chr15-64344795-64345292	8
0.301699582478348	12.7685505589511	0.333	0	1	chr15-64387245-64388291	8
0.301699582478348	13.53150529075	0.333	0	1	chr15-64466637-64467323	8
0.301699582478348	13.5749289054634	0.333	0	1	chr15-64568707-64569394	8
0.301699582478348	12.3834919335069	0.333	0	1	chr15-64840824-64842382	8
0.301699582478348	13.1531762598231	0.333	0	1	chr15-65054185-65055711	8
0.301699582478348	12.3329304276535	0.333	0	1	chr15-65183614-65186089	8
0.301699582478348	12.5372700181544	0.333	0	1	chr15-65303552-65305681	8
0.301699582478348	12.4588947469682	0.333	0	1	chr15-65610127-65611909	8
0.301699582478348	11.9636191940943	0.333	0	1	chr15-65832265-65834296	8
0.301699582478348	13.6377352390002	0.333	0	1	chr15-65902346-65902868	8
0.301699582478348	13.3880945289378	0.333	0	1	chr15-66252313-66253877	8
0.301699582478348	12.6045560444971	0.333	0	1	chr15-66356065-66357401	8
0.301699582478348	13.2597925378882	0.333	0	1	chr15-67240190-67240718	8
0.301699582478348	13.8865647359813	0.333	0	1	chr15-67880745-67881037	8
0.301699582478348	12.4759153100735	0.333	0	1	chr15-67914478-67916285	8
0.301699582478348	12.8791860372977	0.333	0	1	chr15-68227997-68230489	8
0.301699582478348	13.1527223528695	0.333	0	1	chr15-68577725-68579192	8
0.301699582478348	13.108940845811	0.333	0	1	chr15-68792903-68794263	8
0.301699582478348	13.0283082094715	0.333	0	1	chr15-68812567-68814000	8
0.301699582478348	12.5503144476555	0.333	0	1	chr15-68816738-68822597	8
0.301699582478348	12.4821062141312	0.333	0	1	chr15-69413778-69415276	8
0.301699582478348	12.9828720397457	0.333	0	1	chr15-69868947-69870413	8
0.301699582478348	11.2163385198229	0.333	0	1	chr15-70091510-70100356	8
0.301699582478348	13.1187908927295	0.333	0	1	chr15-70320253-70322291	8
0.301699582478348	13.5463320593264	0.333	0	1	chr15-70445639-70446231	8
0.301699582478348	13.6549903136684	0.333	0	1	chr15-70487954-70488466	8
0.301699582478348	12.2533119930255	0.333	0	1	chr15-70762181-70764404	8
0.301699582478348	13.0554483593697	0.333	0	1	chr15-70824791-70825749	8
0.301699582478348	13.6549903136684	0.333	0	1	chr15-70874718-70875476	8
0.301699582478348	13.2749190217472	0.333	0	1	chr15-71146403-71147170	8
0.301699582478348	13.7297320964108	0.333	0	1	chr15-72113488-72113986	8
0.301699582478348	13.0357498670009	0.333	0	1	chr15-72134528-72136187	8
0.301699582478348	12.8980790009757	0.333	0	1	chr15-72338690-72340275	8
0.301699582478348	12.7114950595981	0.333	0	1	chr15-72375307-72376732	8
0.301699582478348	13.66573231802	0.333	0	1	chr15-72527130-72527834	8
0.301699582478348	12.7234205305356	0.333	0	1	chr15-72685172-72687494	8
0.301699582478348	13.2218125045233	0.333	0	1	chr15-72736976-72738690	8
0.301699582478348	13.4994935290716	0.333	0	1	chr15-73305807-73306361	8
0.301699582478348	13.1242788351394	0.333	0	1	chr15-73838566-73839717	8
0.301699582478348	13.7368418201543	0.333	0	1	chr15-73914916-73915451	8
0.301699582478348	12.6513707763245	0.333	0	1	chr15-73990847-73992823	8
0.301699582478348	13.6938194146254	0.333	0	1	chr15-74215124-74215679	8
0.301699582478348	13.0701170859336	0.333	0	1	chr15-74382125-74382959	8
0.301699582478348	13.0590877764279	0.333	0	1	chr15-74433343-74434288	8
0.301699582478348	13.3917058854703	0.333	0	1	chr15-74438479-74439163	8
0.301699582478348	12.4364936332149	0.333	0	1	chr15-74540171-74542152	8
0.301699582478348	12.8634682064858	0.333	0	1	chr15-74723882-74726299	8
0.301699582478348	12.8274978384895	0.333	0	1	chr15-74770814-74771704	8
0.301699582478348	13.2055578258623	0.333	0	1	chr15-74799753-74800616	8
0.301699582478348	13.0260264594693	0.333	0	1	chr15-74814761-74815718	8
0.301699582478348	13.938483985431	0.333	0	1	chr15-74868130-74868395	8
0.301699582478348	13.3024941771878	0.333	0	1	chr15-74950037-74950829	8
0.301699582478348	12.6878649097387	0.333	0	1	chr15-75346828-75349229	8
0.301699582478348	13.5428226594822	0.333	0	1	chr15-75728255-75728740	8
0.301699582478348	13.2988829098584	0.333	0	1	chr15-76139265-76140325	8
0.301699582478348	13.4727989041276	0.333	0	1	chr15-76669263-76670001	8
0.301699582478348	14.0542435823932	0.333	0	1	chr15-77035034-77035442	8
0.301699582478348	13.566989456964	0.333	0	1	chr15-77184254-77184934	8
0.301699582478348	14.1928894508185	0.333	0	1	chr15-77327137-77327553	8
0.301699582478348	12.4833464111868	0.333	0	1	chr15-77419801-77421552	8
0.301699582478348	13.2239780944596	0.333	0	1	chr15-77446632-77447446	8
0.301699582478348	13.0143479608392	0.333	0	1	chr15-77543178-77543993	8
0.301699582478348	13.1493276271033	0.333	0	1	chr15-77633149-77634853	8
0.301699582478348	13.657563679162	0.333	0	1	chr15-77648934-77649543	8
0.301699582478348	12.877169454861	0.333	0	1	chr15-78006524-78008586	8
0.301699582478348	13.0674209111511	0.333	0	1	chr15-78018214-78019158	8
0.301699582478348	13.3672404742263	0.333	0	1	chr15-78113092-78113842	8
0.301699582478348	12.7904193342712	0.333	0	1	chr15-78148581-78150353	8
0.301699582478348	13.4243036086476	0.333	0	1	chr15-78278111-78278890	8
0.301699582478348	13.3967305774821	0.333	0	1	chr15-78422625-78423296	8
0.301699582478348	12.3084393481092	0.333	0	1	chr15-78872393-78875440	8
0.301699582478348	12.5072227833469	0.333	0	1	chr15-79310543-79312763	8
0.301699582478348	13.6283412101791	0.333	0	1	chr15-79338543-79339048	8
0.301699582478348	12.1615405721843	0.333	0	1	chr15-80058771-80061090	8
0.301699582478348	12.6771696346767	0.333	0	1	chr15-80152047-80153818	8
0.301699582478348	12.8533533810361	0.333	0	1	chr15-80160549-80163761	8
0.301699582478348	13.5268114382153	0.333	0	1	chr15-80287125-80288330	8
0.301699582478348	13.2040291553984	0.333	0	1	chr15-80309728-80310226	8
0.301699582478348	12.8472289611466	0.333	0	1	chr15-80778838-80781013	8
0.301699582478348	12.7039658290372	0.333	0	1	chr15-80856431-80857671	8
0.301699582478348	12.9175891216582	0.333	0	1	chr15-80942898-80943941	8
0.301699582478348	12.5600506733121	0.333	0	1	chr15-80988971-80990451	8
0.301699582478348	12.7487033625803	0.333	0	1	chr15-81279597-81282350	8
0.301699582478348	13.4656763627425	0.333	0	1	chr15-82197723-82198450	8
0.301699582478348	13.0371208406521	0.333	0	1	chr15-82530260-82531422	8
0.301699582478348	13.4742087279763	0.333	0	1	chr15-82597745-82598292	8
0.301699582478348	12.9248864562883	0.333	0	1	chr15-82709253-82710369	8
0.301699582478348	12.5774894677453	0.333	0	1	chr15-82942324-82943648	8
0.301699582478348	12.4440214296028	0.333	0	1	chr15-83446590-83448299	8
0.301699582478348	13.4433309744588	0.333	0	1	chr15-83653492-83654294	8
0.301699582478348	14.0528453099338	0.333	0	1	chr15-83982757-83983107	8
0.301699582478348	12.4145543049105	0.333	0	1	chr15-84569863-84571525	8
0.301699582478348	13.2112666959313	0.333	0	1	chr15-84633216-84634422	8
0.301699582478348	13.364325539467	0.333	0	1	chr15-84859021-84859659	8
0.301699582478348	13.2717707866825	0.333	0	1	chr15-85289435-85290183	8
0.301699582478348	13.9176840007073	0.333	0	1	chr15-85479066-85479517	8
0.301699582478348	13.5147379411537	0.333	0	1	chr15-85485886-85486390	8
0.301699582478348	13.0267862611235	0.333	0	1	chr15-85520369-85522161	8
0.301699582478348	13.5888001950903	0.333	0	1	chr15-85623832-85624845	8
0.301699582478348	12.6414407525718	0.333	0	1	chr15-85800195-85801144	8
0.301699582478348	12.4334216185433	0.333	0	1	chr15-85910213-85911526	8
0.301699582478348	13.4514862037818	0.333	0	1	chr15-86540754-86541670	8
0.301699582478348	12.9940670472884	0.333	0	1	chr15-86948346-86949173	8
0.301699582478348	14.2518954207785	0.333	0	1	chr15-87570198-87570644	8
0.301699582478348	12.5600506733121	0.333	0	1	chr15-88466563-88468591	8
0.301699582478348	12.4743159374458	0.333	0	1	chr15-88545970-88547204	8
0.301699582478348	13.0688216183969	0.333	0	1	chr15-89095845-89098905	8
0.301699582478348	12.3417019698171	0.333	0	1	chr15-89128388-89130856	8
0.301699582478348	13.0482237006623	0.333	0	1	chr15-89132811-89134130	8
0.301699582478348	11.7010708163911	0.333	0	1	chr15-89149406-89151965	8
0.301699582478348	12.5741603754528	0.333	0	1	chr15-89203245-89209528	8
0.301699582478348	12.6423940197279	0.333	0	1	chr15-89243297-89245466	8
0.301699582478348	13.6215003944942	0.333	0	1	chr15-89442635-89443133	8
0.301699582478348	13.8508124757126	0.333	0	1	chr15-89450300-89450845	8
0.301699582478348	13.280323404506	0.333	0	1	chr15-89451776-89453237	8
0.301699582478348	13.4899631919637	0.333	0	1	chr15-89874907-89875414	8
0.301699582478348	13.7441173143258	0.333	0	1	chr15-89888165-89888624	8
0.301699582478348	13.2121770136913	0.333	0	1	chr15-90154848-90155653	8
0.301699582478348	12.1492288521712	0.333	0	1	chr15-90183697-90185684	8
0.301699582478348	13.1275753738635	0.333	0	1	chr15-90249077-90249973	8
0.301699582478348	12.6592396371862	0.333	0	1	chr15-90264592-90266873	8
0.301699582478348	12.3027877816853	0.333	0	1	chr15-90293033-90294110	8
0.301699582478348	13.3699180269245	0.333	0	1	chr15-90873801-90874636	8
0.301699582478348	13.5923626143066	0.333	0	1	chr15-91528733-91529241	8
0.301699582478348	13.2031300254353	0.333	0	1	chr15-92644550-92645992	8
0.301699582478348	13.0382781289801	0.333	0	1	chr15-92793244-92794318	8
0.301699582478348	12.8424869841835	0.333	0	1	chr15-92855638-92856970	8
0.301699582478348	13.8577137317364	0.333	0	1	chr15-92910565-92911086	8
0.301699582478348	13.2727357819353	0.333	0	1	chr15-93382036-93382828	8
0.301699582478348	12.9120254817747	0.333	0	1	chr15-94248009-94249540	8
0.301699582478348	14.5452587542849	0.333	0	1	chr15-94651133-94651183	8
0.301699582478348	12.7504580220629	0.333	0	1	chr15-96356539-96357920	8
0.301699582478348	13.5206176191925	0.333	0	1	chr15-96893248-96893723	8
0.301699582478348	13.1881162659712	0.333	0	1	chr15-97903872-97904784	8
0.301699582478348	13.089264169858	0.333	0	1	chr15-97983598-97984814	8
0.301699582478348	13.3155843315873	0.333	0	1	chr15-98686874-98687442	8
0.301699582478348	13.3959876809957	0.333	0	1	chr15-98751723-98752333	8
0.301699582478348	13.3353824667499	0.333	0	1	chr15-98888789-98889288	8
0.301699582478348	13.8534645220436	0.333	0	1	chr15-99180641-99181090	8
0.301699582478348	12.5943141057953	0.333	0	1	chr15-99227437-99228802	8
0.301699582478348	13.0226169646185	0.333	0	1	chr15-99248419-99250004	8
0.301699582478348	13.5516412944049	0.333	0	1	chr15-99266720-99267533	8
0.301699582478348	13.1195849209613	0.333	0	1	chr15-99272924-99273553	8
0.301699582478348	13.3033696763177	0.333	0	1	chr15-99408314-99409530	8
0.301699582478348	12.7174350529202	0.333	0	1	chr15-99434993-99436273	8
0.301699582478348	13.3136175748565	0.333	0	1	chr15-99755622-99756273	8
0.301699582478348	12.1679534726666	0.333	0	1	chr15-100349412-100351299	8
0.301699582478348	13.2194495516508	0.333	0	1	chr15-100565466-100566064	8
0.301699582478348	13.0505037689813	0.333	0	1	chr15-100889133-100891209	8
0.301699582478348	14.2111523525025	0.333	0	1	chr15-101432910-101433314	8
0.301699582478348	12.4499036373835	0.333	0	1	chr15-101651509-101653719	8
0.301699582478348	13.165148303086	0.333	0	1	chr16-91244-92261	8
0.301699582478348	14.0232418958777	0.333	0	1	chr16-154267-154699	8
0.301699582478348	12.9531900701975	0.333	0	1	chr16-351363-353721	8
0.301699582478348	13.3195256944029	0.333	0	1	chr16-387839-388835	8
0.301699582478348	13.0671594309322	0.333	0	1	chr16-689595-691750	8
0.301699582478348	11.5548416964345	0.333	0	1	chr16-714244-723425	8
0.301699582478348	12.8365042739992	0.333	0	1	chr16-739870-741814	8
0.301699582478348	13.5972055717011	0.333	0	1	chr16-776707-777378	8
0.301699582478348	13.3808861558558	0.333	0	1	chr16-806841-808219	8
0.301699582478348	12.9049786432502	0.333	0	1	chr16-963382-965604	8
0.301699582478348	13.5861699799703	0.333	0	1	chr16-1167365-1168044	8
0.301699582478348	13.4802433662943	0.333	0	1	chr16-1331624-1332381	8
0.301699582478348	12.5511790305158	0.333	0	1	chr16-1492373-1494918	8
0.301699582478348	13.5775008230755	0.333	0	1	chr16-1532340-1532874	8
0.301699582478348	11.9387432935508	0.333	0	1	chr16-1677705-1680906	8
0.301699582478348	12.2912745585275	0.333	0	1	chr16-1704646-1707760	8
0.301699582478348	12.8996881921275	0.333	0	1	chr16-1899874-1900943	8
0.301699582478348	13.5384690812168	0.333	0	1	chr16-1913087-1913798	8
0.301699582478348	12.3996779392847	0.333	0	1	chr16-2046815-2049061	8
0.301699582478348	13.2062823552124	0.333	0	1	chr16-2194764-2195477	8
0.301699582478348	13.4255540862328	0.333	0	1	chr16-2260094-2260739	8
0.301699582478348	12.8193947911745	0.333	0	1	chr16-2339425-2341317	8
0.301699582478348	13.9682988817579	0.333	0	1	chr16-2470561-2470935	8
0.301699582478348	12.7472331966357	0.333	0	1	chr16-2473351-2476347	8
0.301699582478348	12.2383148777176	0.333	0	1	chr16-2530869-2533505	8
0.301699582478348	12.523052170198	0.333	0	1	chr16-2672937-2674362	8
0.301699582478348	12.1940540687898	0.333	0	1	chr16-2751204-2754572	8
0.301699582478348	12.2456045176223	0.333	0	1	chr16-2829258-2831013	8
0.301699582478348	13.9136556110037	0.333	0	1	chr16-2856294-2856661	8
0.301699582478348	11.8148488271548	0.333	0	1	chr16-2903799-2907696	8
0.301699582478348	13.2080904775087	0.333	0	1	chr16-2983503-2984291	8
0.301699582478348	12.2376342340618	0.333	0	1	chr16-3003475-3005367	8
0.301699582478348	12.2121297161985	0.333	0	1	chr16-3019852-3024986	8
0.301699582478348	13.2768355934166	0.333	0	1	chr16-3030889-3032113	8
0.301699582478348	12.7077259918014	0.333	0	1	chr16-3105513-3107409	8
0.301699582478348	12.2353995191417	0.333	0	1	chr16-3123519-3125298	8
0.301699582478348	13.0507375880242	0.333	0	1	chr16-3165648-3166850	8
0.301699582478348	12.4206587284391	0.333	0	1	chr16-3234524-3236246	8
0.301699582478348	12.1111965359993	0.333	0	1	chr16-3263301-3265247	8
0.301699582478348	13.495073880152	0.333	0	1	chr16-3846606-3847619	8
0.301699582478348	13.0601831707028	0.333	0	1	chr16-4115625-4117304	8
0.301699582478348	12.4923308487696	0.333	0	1	chr16-4182943-4184616	8
0.301699582478348	13.0269677936205	0.333	0	1	chr16-4199942-4200900	8
0.301699582478348	12.2343810027815	0.333	0	1	chr16-4253086-4254514	8
0.301699582478348	12.3628080364567	0.333	0	1	chr16-4371343-4376824	8
0.301699582478348	13.0103925045737	0.333	0	1	chr16-4402350-4403258	8
0.301699582478348	12.9971907864176	0.333	0	1	chr16-4410368-4411364	8
0.301699582478348	12.1940540687898	0.333	0	1	chr16-4424581-4427181	8
0.301699582478348	13.2463052601323	0.333	0	1	chr16-4653318-4654777	8
0.301699582478348	12.7296197365288	0.333	0	1	chr16-4733050-4735486	8
0.301699582478348	12.8656271378536	0.333	0	1	chr16-5071243-5072843	8
0.301699582478348	11.907123796161	0.333	0	1	chr16-5096775-5100231	8
0.301699582478348	13.0472118602111	0.333	0	1	chr16-5104739-5105699	8
0.301699582478348	13.1085497075037	0.333	0	1	chr16-8880052-8880855	8
0.301699582478348	13.1117647845445	0.333	0	1	chr16-8911283-8912423	8
0.301699582478348	13.363744276073	0.333	0	1	chr16-8957826-8958773	8
0.301699582478348	13.0290703601225	0.333	0	1	chr16-9138769-9140385	8
0.301699582478348	13.7608687088043	0.333	0	1	chr16-9648022-9648533	8
0.301699582478348	13.9936584194233	0.333	0	1	chr16-10228667-10229040	8
0.301699582478348	13.1613330560299	0.333	0	1	chr16-10576959-10581141	8
0.301699582478348	13.4172510333604	0.333	0	1	chr16-10981675-10982299	8
0.301699582478348	12.966932281447	0.333	0	1	chr16-11162475-11163614	8
0.301699582478348	13.6252400431369	0.333	0	1	chr16-11172653-11173205	8
0.301699582478348	12.4276868388566	0.333	0	1	chr16-11229212-11230555	8
0.301699582478348	12.3661218956552	0.333	0	1	chr16-11756953-11758550	8
0.301699582478348	12.8705787127524	0.333	0	1	chr16-14202534-14203627	8
0.301699582478348	13.3914008569601	0.333	0	1	chr16-14241429-14242121	8
0.301699582478348	12.1850893487451	0.333	0	1	chr16-14284824-14286730	8
0.301699582478348	12.6734384821155	0.333	0	1	chr16-14486248-14488029	8
0.301699582478348	12.8500071232373	0.333	0	1	chr16-14559432-14561069	8
0.301699582478348	12.0348448767362	0.333	0	1	chr16-14632032-14634772	8
0.301699582478348	13.0832018872529	0.333	0	1	chr16-14672092-14673024	8
0.301699582478348	12.4508258293091	0.333	0	1	chr16-15672169-15673833	8
0.301699582478348	11.9936246476392	0.333	0	1	chr16-17303045-17305357	8
0.301699582478348	13.3321546899876	0.333	0	1	chr16-18839304-18840025	8
0.301699582478348	13.0682250277709	0.333	0	1	chr16-20300139-20300896	8
0.301699582478348	12.3479818981359	0.333	0	1	chr16-20763187-20764834	8
0.301699582478348	13.8390091107448	0.333	0	1	chr16-20849816-20850289	8
0.301699582478348	13.3216883649143	0.333	0	1	chr16-21162506-21163540	8
0.301699582478348	13.1706531010931	0.333	0	1	chr16-21277742-21278781	8
0.301699582478348	12.7315495567912	0.333	0	1	chr16-21501477-21503004	8
0.301699582478348	12.4291759489126	0.333	0	1	chr16-21597722-21600924	8
0.301699582478348	12.1511170973811	0.333	0	1	chr16-21952184-21953975	8
0.301699582478348	13.3695828463543	0.333	0	1	chr16-22026308-22027037	8
0.301699582478348	13.2694750431589	0.333	0	1	chr16-22388023-22388907	8
0.301699582478348	12.7049043745014	0.333	0	1	chr16-22436482-22437766	8
0.301699582478348	13.7058859888501	0.333	0	1	chr16-22717569-22718265	8
0.301699582478348	13.7615738052687	0.333	0	1	chr16-22898765-22899250	8
0.301699582478348	13.9039592984703	0.333	0	1	chr16-22977149-22977782	8
0.301699582478348	13.1132578119448	0.333	0	1	chr16-23152543-23153460	8
0.301699582478348	12.8671612148139	0.333	0	1	chr16-23509497-23511084	8
0.301699582478348	12.2825544701787	0.333	0	1	chr16-23640166-23642707	8
0.301699582478348	12.5592138575873	0.333	0	1	chr16-24728695-24730826	8
0.301699582478348	13.3233154247276	0.333	0	1	chr16-24800441-24801123	8
0.301699582478348	13.463722607137	0.333	0	1	chr16-25084601-25085432	8
0.301699582478348	12.6744260004948	0.333	0	1	chr16-25134947-25136014	8
0.301699582478348	12.7520749492205	0.333	0	1	chr16-25298030-25299036	8
0.301699582478348	13.5454524740223	0.333	0	1	chr16-26301866-26302642	8
0.301699582478348	13.3051646758295	0.333	0	1	chr16-28070621-28071328	8
0.301699582478348	13.2837286906732	0.333	0	1	chr16-28321504-28322333	8
0.301699582478348	12.7636392036298	0.333	0	1	chr16-28504739-28506010	8
0.301699582478348	12.6524773197261	0.333	0	1	chr16-28879199-28880460	8
0.301699582478348	12.7755906140587	0.333	0	1	chr16-28944376-28946186	8
0.301699582478348	13.6001341511834	0.333	0	1	chr16-29218550-29219105	8
0.301699582478348	12.6773972394843	0.333	0	1	chr16-29290395-29291932	8
0.301699582478348	12.6713850906499	0.333	0	1	chr16-29789739-29791742	8
0.301699582478348	12.2872022689381	0.333	0	1	chr16-29810423-29812863	8
0.301699582478348	12.5506744957946	0.333	0	1	chr16-29943497-29944888	8
0.301699582478348	12.5443430937548	0.333	0	1	chr16-29973218-29975012	8
0.301699582478348	12.1191528432369	0.333	0	1	chr16-29994669-29996997	8
0.301699582478348	12.4879942440622	0.333	0	1	chr16-30091412-30092832	8
0.301699582478348	12.7858971463996	0.333	0	1	chr16-30609191-30610955	8
0.301699582478348	12.2521845326097	0.333	0	1	chr16-30633831-30635311	8
0.301699582478348	13.1449021166624	0.333	0	1	chr16-30948099-30950794	8
0.301699582478348	13.1720522516299	0.333	0	1	chr16-30996902-30997776	8
0.301699582478348	12.4040674160701	0.333	0	1	chr16-31179064-31183041	8
0.301699582478348	13.149553418661	0.333	0	1	chr16-31385491-31387162	8
0.301699582478348	13.0594285862573	0.333	0	1	chr16-31868341-31869199	8
0.301699582478348	13.4928208938161	0.333	0	1	chr16-34035200-34035776	8
0.301699582478348	13.0507375880242	0.333	0	1	chr16-35238809-35239995	8
0.301699582478348	12.7800376906433	0.333	0	1	chr16-35559606-35561789	8
0.301699582478348	12.5866851434486	0.333	0	1	chr16-46387671-46391516	8
0.301699582478348	13.0877437577744	0.333	0	1	chr16-46554269-46554986	8
0.301699582478348	12.2264838120148	0.333	0	1	chr16-46687223-46691981	8
0.301699582478348	13.2334721781565	0.333	0	1	chr16-46757151-46758117	8
0.301699582478348	12.3341648779628	0.333	0	1	chr16-46972185-46974732	8
0.301699582478348	13.4236588254463	0.333	0	1	chr16-47479162-47479861	8
0.301699582478348	13.4276699079084	0.333	0	1	chr16-47492797-47493410	8
0.301699582478348	13.3778554857222	0.333	0	1	chr16-47970206-47970769	8
0.301699582478348	13.2453458337782	0.333	0	1	chr16-48156627-48157203	8
0.301699582478348	12.8040010471026	0.333	0	1	chr16-48284272-48285608	8
0.301699582478348	11.3438942531598	0.333	0	1	chr16-48364459-48367155	8
0.301699582478348	12.7992016471005	0.333	0	1	chr16-48383489-48386294	8
0.301699582478348	12.9188006639755	0.333	0	1	chr16-48413041-48414000	8
0.301699582478348	13.6751452517101	0.333	0	1	chr16-49000493-49001009	8
0.301699582478348	13.7323171442808	0.333	0	1	chr16-49183962-49184436	8
0.301699582478348	12.8397744520303	0.333	0	1	chr16-49407747-49408633	8
0.301699582478348	13.5818705509584	0.333	0	1	chr16-49592650-49593335	8
0.301699582478348	12.2630249382398	0.333	0	1	chr16-49855039-49858486	8
0.301699582478348	13.1227701045981	0.333	0	1	chr16-50035362-50038051	8
0.301699582478348	12.0803356641082	0.333	0	1	chr16-50152009-50155841	8
0.301699582478348	13.2653080104737	0.333	0	1	chr16-50181249-50183028	8
0.301699582478348	13.0587230124251	0.333	0	1	chr16-50359670-50361255	8
0.301699582478348	13.3321546899876	0.333	0	1	chr16-50665101-50666021	8
0.301699582478348	13.498417288478	0.333	0	1	chr16-50693175-50693831	8
0.301699582478348	13.1023208834084	0.333	0	1	chr16-51490683-51491576	8
0.301699582478348	13.7095688393173	0.333	0	1	chr16-52333679-52334110	8
0.301699582478348	13.4243036086476	0.333	0	1	chr16-52469496-52470313	8
0.301699582478348	12.3511600244483	0.333	0	1	chr16-52494521-52497902	8
0.301699582478348	12.3782136433545	0.333	0	1	chr16-53054231-53056290	8
0.301699582478348	13.5606137356374	0.333	0	1	chr16-53061856-53062340	8
0.301699582478348	11.9857332734837	0.333	0	1	chr16-53098781-53101358	8
0.301699582478348	12.7623846210566	0.333	0	1	chr16-53207676-53208889	8
0.301699582478348	13.089264169858	0.333	0	1	chr16-53835894-53836812	8
0.301699582478348	12.6515919773468	0.333	0	1	chr16-54424748-54426811	8
0.301699582478348	13.4439987580679	0.333	0	1	chr16-54428940-54429709	8
0.301699582478348	13.1810388338893	0.333	0	1	chr16-54488907-54490300	8
0.301699582478348	12.4466866295227	0.333	0	1	chr16-54540333-54541564	8
0.301699582478348	13.2828612291173	0.333	0	1	chr16-55386569-55387511	8
0.301699582478348	13.7021331999209	0.333	0	1	chr16-55470408-55471064	8
0.301699582478348	13.5879219203751	0.333	0	1	chr16-55712194-55712725	8
0.301699582478348	13.4671957134806	0.333	0	1	chr16-56201976-56203469	8
0.301699582478348	12.9969831911632	0.333	0	1	chr16-56368453-56369781	8
0.301699582478348	12.5382917457707	0.333	0	1	chr16-56729225-56730769	8
0.301699582478348	13.4014348098221	0.333	0	1	chr16-56781345-56782368	8
0.301699582478348	13.4574165785545	0.333	0	1	chr16-57028059-57028599	8
0.301699582478348	12.9420380013211	0.333	0	1	chr16-57807828-57808788	8
0.301699582478348	12.5933074863181	0.333	0	1	chr16-57815980-57817028	8
0.301699582478348	13.6515282392208	0.333	0	1	chr16-57840782-57841258	8
0.301699582478348	11.8172725636297	0.333	0	1	chr16-58024449-58028907	8
0.301699582478348	13.5322917127213	0.333	0	1	chr16-58809135-58809832	8
0.301699582478348	13.6677967496416	0.333	0	1	chr16-59214135-59214883	8
0.301699582478348	13.7889484468543	0.333	0	1	chr16-61903211-61903645	8
0.301699582478348	14.1469120179313	0.333	0	1	chr16-63570945-63571183	8
0.301699582478348	13.7261461651278	0.333	0	1	chr16-64489259-64489999	8
0.301699582478348	12.6252080610883	0.333	0	1	chr16-66549191-66550730	8
0.301699582478348	12.7179114108347	0.333	0	1	chr16-66641921-66643062	8
0.301699582478348	11.8603642519349	0.333	0	1	chr16-66693977-66697764	8
0.301699582478348	13.1365787723049	0.333	0	1	chr16-66867723-66868409	8
0.301699582478348	12.6131779574816	0.333	0	1	chr16-66879833-66881929	8
0.301699582478348	12.5598683154877	0.333	0	1	chr16-67028251-67030341	8
0.301699582478348	13.7111320110022	0.333	0	1	chr16-67034474-67034849	8
0.301699582478348	14.2469214722214	0.333	0	1	chr16-67079071-67079286	8
0.301699582478348	13.2864315771897	0.333	0	1	chr16-67164071-67165497	8
0.301699582478348	12.0204988248081	0.333	0	1	chr16-67183010-67185737	8
0.301699582478348	12.7819117805188	0.333	0	1	chr16-67191637-67193355	8
0.301699582478348	13.9136556110037	0.333	0	1	chr16-67391548-67391837	8
0.301699582478348	12.3707973254654	0.333	0	1	chr16-67429695-67432657	8
0.301699582478348	12.2992483113493	0.333	0	1	chr16-67546464-67547703	8
0.301699582478348	12.704569656436	0.333	0	1	chr16-67683970-67686034	8
0.301699582478348	13.3086182783172	0.333	0	1	chr16-67814418-67815248	8
0.301699582478348	12.5662181268966	0.333	0	1	chr16-67832926-67834423	8
0.301699582478348	13.0138153837844	0.333	0	1	chr16-67872578-67874483	8
0.301699582478348	13.0237517210082	0.333	0	1	chr16-67993119-67993901	8
0.301699582478348	12.6027002550598	0.333	0	1	chr16-68071822-68072980	8
0.301699582478348	13.6090252814588	0.333	0	1	chr16-68128642-68129802	8
0.301699582478348	13.3737657374919	0.333	0	1	chr16-68261331-68262000	8
0.301699582478348	12.2995901093604	0.333	0	1	chr16-68310321-68312033	8
0.301699582478348	13.125150206297	0.333	0	1	chr16-68590286-68591149	8
0.301699582478348	14.4175833770544	0.333	0	1	chr16-68645090-68645418	8
0.301699582478348	12.6728560551639	0.333	0	1	chr16-68704071-68704982	8
0.301699582478348	13.2031300254353	0.333	0	1	chr16-68731602-68732852	8
0.301699582478348	12.5552965473201	0.333	0	1	chr16-68842948-68844574	8
0.301699582478348	12.3837483060497	0.333	0	1	chr16-69186369-69188788	8
0.301699582478348	12.3669541113839	0.333	0	1	chr16-69310629-69312595	8
0.301699582478348	13.5749289054634	0.333	0	1	chr16-69464937-69465715	8
0.301699582478348	12.2252573238375	0.333	0	1	chr16-69565120-69567808	8
0.301699582478348	13.0193248901617	0.333	0	1	chr16-69706179-69707675	8
0.301699582478348	13.319097329279	0.333	0	1	chr16-69930131-69930643	8
0.301699582478348	13.4658038315068	0.333	0	1	chr16-70165018-70165613	8
0.301699582478348	12.7004911166893	0.333	0	1	chr16-70346173-70347512	8
0.301699582478348	12.6500446981446	0.333	0	1	chr16-70438431-70439774	8
0.301699582478348	12.7496506896712	0.333	0	1	chr16-70561101-70562219	8
0.301699582478348	13.7987388604852	0.333	0	1	chr16-70809430-70810222	8
0.301699582478348	12.0512331917355	0.333	0	1	chr16-71288055-71290498	8
0.301699582478348	12.1757470973186	0.333	0	1	chr16-71722549-71724684	8
0.301699582478348	12.2697132484758	0.333	0	1	chr16-71807561-71810158	8
0.301699582478348	13.167863469339	0.333	0	1	chr16-71961206-71961894	8
0.301699582478348	13.4595836507578	0.333	0	1	chr16-74623164-74623706	8
0.301699582478348	12.8501784968639	0.333	0	1	chr16-74666216-74667505	8
0.301699582478348	12.7775620725191	0.333	0	1	chr16-74998210-75000575	8
0.301699582478348	12.0208910472338	0.333	0	1	chr16-75108647-75112094	8
0.301699582478348	13.0894545669448	0.333	0	1	chr16-75238014-75241427	8
0.301699582478348	13.7441386944608	0.333	0	1	chr16-75421303-75422127	8
0.301699582478348	12.1294662044828	0.333	0	1	chr16-75432617-75435176	8
0.301699582478348	12.0815760986344	0.333	0	1	chr16-75462161-75465348	8
0.301699582478348	13.516019615981	0.333	0	1	chr16-75521312-75521819	8
0.301699582478348	13.8829871236306	0.333	0	1	chr16-75550167-75550710	8
0.301699582478348	12.1398757723947	0.333	0	1	chr16-75646530-75649779	8
0.301699582478348	13.8559773985822	0.333	0	1	chr16-76137988-76138500	8
0.301699582478348	13.6922162918438	0.333	0	1	chr16-76220206-76221123	8
0.301699582478348	13.6825078522119	0.333	0	1	chr16-76221835-76222517	8
0.301699582478348	13.5252561220461	0.333	0	1	chr16-76676207-76676891	8
0.301699582478348	13.1626063286788	0.333	0	1	chr16-77170948-77172398	8
0.301699582478348	14.1928894508185	0.333	0	1	chr16-78226898-78227271	8
0.301699582478348	13.7095688393173	0.333	0	1	chr16-79088920-79089496	8
0.301699582478348	13.0579940341934	0.333	0	1	chr16-79639555-79640450	8
0.301699582478348	13.029833297743	0.333	0	1	chr16-79892477-79894064	8
0.301699582478348	13.6416357844414	0.333	0	1	chr16-80062767-80063432	8
0.301699582478348	13.6021634179719	0.333	0	1	chr16-80317750-80318186	8
0.301699582478348	12.5561656670174	0.333	0	1	chr16-80613469-80614700	8
0.301699582478348	13.3074649211286	0.333	0	1	chr16-80688621-80689499	8
0.301699582478348	12.3810314109451	0.333	0	1	chr16-81094953-81097304	8
0.301699582478348	13.8525268427671	0.333	0	1	chr16-81204998-81205459	8
0.301699582478348	12.1724510980943	0.333	0	1	chr16-81598509-81603328	8
0.301699582478348	13.5561078889995	0.333	0	1	chr16-81697150-81697678	8
0.301699582478348	12.9429632445084	0.333	0	1	chr16-81767801-81768918	8
0.301699582478348	12.870293371156	0.333	0	1	chr16-83807563-83808987	8
0.301699582478348	12.9928412137375	0.333	0	1	chr16-84144140-84145724	8
0.301699582478348	13.1058026216541	0.333	0	1	chr16-84186229-84187397	8
0.301699582478348	13.5139098893685	0.333	0	1	chr16-84484524-84485228	8
0.301699582478348	13.2330017459115	0.333	0	1	chr16-84725763-84726523	8
0.301699582478348	13.2419990850744	0.333	0	1	chr16-84952112-84952843	8
0.301699582478348	13.3796434974129	0.333	0	1	chr16-84970441-84971132	8
0.301699582478348	13.1542011233472	0.333	0	1	chr16-85026849-85030003	8
0.301699582478348	13.4419825195913	0.333	0	1	chr16-85086489-85087299	8
0.301699582478348	13.1211756935617	0.333	0	1	chr16-85114689-85115603	8
0.301699582478348	13.2297182533677	0.333	0	1	chr16-85658518-85660570	8
0.301699582478348	12.9627517328928	0.333	0	1	chr16-85777416-85778507	8
0.301699582478348	13.0911140410641	0.333	0	1	chr16-85819113-85819803	8
0.301699582478348	12.5209545025394	0.333	0	1	chr16-87777462-87779736	8
0.301699582478348	13.3364915118533	0.333	0	1	chr16-87909154-87909804	8
0.301699582478348	12.4670570186675	0.333	0	1	chr16-87924213-87926080	8
0.301699582478348	13.038664297155	0.333	0	1	chr16-88569557-88571571	8
0.301699582478348	13.3718387315876	0.333	0	1	chr16-88687671-88688624	8
0.301699582478348	13.2932270622678	0.333	0	1	chr16-88743554-88744427	8
0.301699582478348	12.1369192245805	0.333	0	1	chr16-88769251-88771541	8
0.301699582478348	13.4671915722435	0.333	0	1	chr16-88843821-88844891	8
0.301699582478348	12.8681015241379	0.333	0	1	chr16-88856204-88858233	8
0.301699582478348	13.5264692533493	0.333	0	1	chr16-89037378-89038058	8
0.301699582478348	13.3161684297011	0.333	0	1	chr16-89093558-89094837	8
0.301699582478348	12.85855487761	0.333	0	1	chr16-89319866-89321645	8
0.301699582478348	13.3838369463275	0.333	0	1	chr16-89333439-89334301	8
0.301699582478348	12.2179623030632	0.333	0	1	chr16-89393578-89395983	8
0.301699582478348	13.8334038776049	0.333	0	1	chr16-89468665-89469011	8
0.301699582478348	11.6304713138736	0.333	0	1	chr16-89559344-89566732	8
0.301699582478348	13.446006923897	0.333	0	1	chr16-89639415-89640109	8
0.301699582478348	13.0936105417745	0.333	0	1	chr16-89988824-89989819	8
0.301699582478348	13.5299359892767	0.333	0	1	chr17-150185-150643	8
0.301699582478348	13.6262715678847	0.333	0	1	chr17-491119-492232	8
0.301699582478348	12.4361091156414	0.333	0	1	chr17-713831-716193	8
0.301699582478348	13.0378921636789	0.333	0	1	chr17-924553-925495	8
0.301699582478348	12.6851109599271	0.333	0	1	chr17-1029894-1031382	8
0.301699582478348	13.2915403141665	0.333	0	1	chr17-1385109-1386315	8
0.301699582478348	11.9245721705081	0.333	0	1	chr17-1647352-1651273	8
0.301699582478348	12.835610592985	0.333	0	1	chr17-2083462-2085551	8
0.301699582478348	13.0682250277709	0.333	0	1	chr17-2138250-2139403	8
0.301699582478348	13.4756222072537	0.333	0	1	chr17-2602413-2603187	8
0.301699582478348	13.1609169555494	0.333	0	1	chr17-2853442-2855061	8
0.301699582478348	12.0084056543935	0.333	0	1	chr17-3635361-3637375	8
0.301699582478348	12.3582498945054	0.333	0	1	chr17-4160752-4163193	8
0.301699582478348	12.9861052002992	0.333	0	1	chr17-4215131-4215829	8
0.301699582478348	13.8440261122564	0.333	0	1	chr17-4304380-4304842	8
0.301699582478348	12.876195781511	0.333	0	1	chr17-4483313-4484126	8
0.301699582478348	13.2957075338313	0.333	0	1	chr17-4566635-4567136	8
0.301699582478348	12.3974191019779	0.333	0	1	chr17-4789335-4790937	8
0.301699582478348	12.98454633877	0.333	0	1	chr17-4903134-4904025	8
0.301699582478348	12.2832171956467	0.333	0	1	chr17-4946995-4950672	8
0.301699582478348	12.8466744542365	0.333	0	1	chr17-7213816-7215447	8
0.301699582478348	12.2096511864385	0.333	0	1	chr17-7237442-7240177	8
0.301699582478348	12.4499036373835	0.333	0	1	chr17-7250854-7253118	8
0.301699582478348	13.313253501895	0.333	0	1	chr17-7266681-7267388	8
0.301699582478348	12.610917996619	0.333	0	1	chr17-7328233-7330761	8
0.301699582478348	12.647175338815	0.333	0	1	chr17-7560266-7562844	8
0.301699582478348	12.2752916548413	0.333	0	1	chr17-7613396-7615777	8
0.301699582478348	13.501641672594	0.333	0	1	chr17-7632227-7632938	8
0.301699582478348	12.8461203210465	0.333	0	1	chr17-8175776-8177749	8
0.301699582478348	12.2530113314945	0.333	0	1	chr17-8294948-8296159	8
0.301699582478348	12.4540294467304	0.333	0	1	chr17-8345580-8346886	8
0.301699582478348	12.9725465392776	0.333	0	1	chr17-8420010-8421019	8
0.301699582478348	12.98454633877	0.333	0	1	chr17-8531830-8532969	8
0.301699582478348	13.5454524740223	0.333	0	1	chr17-8991468-8991969	8
0.301699582478348	13.4283769483559	0.333	0	1	chr17-9432341-9433199	8
0.301699582478348	12.6264389899834	0.333	0	1	chr17-9644369-9647496	8
0.301699582478348	13.5410216201182	0.333	0	1	chr17-10085957-10086581	8
0.301699582478348	12.3862328116162	0.333	0	1	chr17-10119444-10120427	8
0.301699582478348	13.6774389633139	0.333	0	1	chr17-10327499-10328017	8
0.301699582478348	12.2963916992771	0.333	0	1	chr17-10696815-10698948	8
0.301699582478348	13.859840712895	0.333	0	1	chr17-10879080-10879587	8
0.301699582478348	12.6538069516868	0.333	0	1	chr17-11176815-11179245	8
0.301699582478348	13.7220650414744	0.333	0	1	chr17-12726075-12726570	8
0.301699582478348	13.3287706498468	0.333	0	1	chr17-12859290-12860175	8
0.301699582478348	11.8048017966515	0.333	0	1	chr17-13016967-13018969	8
0.301699582478348	13.5183136080708	0.333	0	1	chr17-13904502-13905534	8
0.301699582478348	13.0172540442096	0.333	0	1	chr17-14097650-14099115	8
0.301699582478348	13.0393083623224	0.333	0	1	chr17-16535233-16537281	8
0.301699582478348	12.415937737705	0.333	0	1	chr17-17077390-17080684	8
0.301699582478348	13.0046093291331	0.333	0	1	chr17-17090297-17091325	8
0.301699582478348	13.3861197357656	0.333	0	1	chr17-17115540-17116596	8
0.301699582478348	12.5888973150738	0.333	0	1	chr17-17302831-17304228	8
0.301699582478348	12.7542355647742	0.333	0	1	chr17-17567158-17569176	8
0.301699582478348	12.6392866460043	0.333	0	1	chr17-17680798-17683753	8
0.301699582478348	12.4255922660206	0.333	0	1	chr17-18128626-18129716	8
0.301699582478348	12.3260032110362	0.333	0	1	chr17-18362022-18364056	8
0.301699582478348	11.6376809684458	0.333	0	1	chr17-19376698-19379304	8
0.301699582478348	13.2506405416613	0.333	0	1	chr17-19550946-19551754	8
0.301699582478348	12.3928417644064	0.333	0	1	chr17-19647014-19649518	8
0.301699582478348	12.9304042212964	0.333	0	1	chr17-19671482-19672674	8
0.301699582478348	13.397400263828	0.333	0	1	chr17-19766269-19767245	8
0.301699582478348	12.8527584236312	0.333	0	1	chr17-19940743-19941527	8
0.301699582478348	12.9528733783869	0.333	0	1	chr17-20008739-20011178	8
0.301699582478348	13.0050613323327	0.333	0	1	chr17-21636892-21637676	8
0.301699582478348	14.4281906462596	0.333	0	1	chr17-22201556-22201695	8
0.301699582478348	12.3911516627431	0.333	0	1	chr17-22310533-22311715	8
0.301699582478348	14.0016507526087	0.333	0	1	chr17-22337423-22337883	8
0.301699582478348	13.1701873615586	0.333	0	1	chr17-22434943-22436467	8
0.301699582478348	13.3622972366354	0.333	0	1	chr17-22454301-22455003	8
0.301699582478348	12.7482099187247	0.333	0	1	chr17-27293447-27295561	8
0.301699582478348	13.7043663446008	0.333	0	1	chr17-27412454-27412880	8
0.301699582478348	13.3348287084858	0.333	0	1	chr17-27609507-27610227	8
0.301699582478348	13.1234085540178	0.333	0	1	chr17-27654438-27655360	8
0.301699582478348	13.1343662674239	0.333	0	1	chr17-27793507-27794468	8
0.301699582478348	13.3273739839646	0.333	0	1	chr17-27805372-27806103	8
0.301699582478348	13.133924615413	0.333	0	1	chr17-27873405-27874252	8
0.301699582478348	13.0882124969024	0.333	0	1	chr17-28325805-28326724	8
0.301699582478348	12.4312822182357	0.333	0	1	chr17-28576030-28577658	8
0.301699582478348	12.7070001970515	0.333	0	1	chr17-28597931-28600273	8
0.301699582478348	12.9258887829722	0.333	0	1	chr17-28841435-28843253	8
0.301699582478348	13.0856584761409	0.333	0	1	chr17-28969982-28971909	8
0.301699582478348	13.6300275386125	0.333	0	1	chr17-28986942-28987675	8
0.301699582478348	13.5386261662718	0.333	0	1	chr17-29641005-29643600	8
0.301699582478348	12.8815322989494	0.333	0	1	chr17-29785637-29786630	8
0.301699582478348	12.4616134065557	0.333	0	1	chr17-29928875-29931797	8
0.301699582478348	13.1986526312676	0.333	0	1	chr17-30092644-30093953	8
0.301699582478348	13.185253304633	0.333	0	1	chr17-30180302-30181216	8
0.301699582478348	12.5586483489955	0.333	0	1	chr17-30905609-30907380	8
0.301699582478348	13.0467873180237	0.333	0	1	chr17-30921187-30922440	8
0.301699582478348	12.7700641143753	0.333	0	1	chr17-31842227-31843846	8
0.301699582478348	13.4483589788818	0.333	0	1	chr17-32100937-32101913	8
0.301699582478348	13.3815377887072	0.333	0	1	chr17-32319325-32319912	8
0.301699582478348	12.7450899572097	0.333	0	1	chr17-32340948-32342629	8
0.301699582478348	13.4522240348415	0.333	0	1	chr17-32608997-32609576	8
0.301699582478348	13.4398121895013	0.333	0	1	chr17-32671672-32672458	8
0.301699582478348	13.2477470962594	0.333	0	1	chr17-32831384-32832231	8
0.301699582478348	13.8646896260487	0.333	0	1	chr17-35921233-35921877	8
0.301699582478348	12.4295947931026	0.333	0	1	chr17-36485906-36487583	8
0.301699582478348	11.9211078986337	0.333	0	1	chr17-36600894-36603287	8
0.301699582478348	12.6778526221732	0.333	0	1	chr17-37106062-37108171	8
0.301699582478348	12.1161626044509	0.333	0	1	chr17-37273237-37275112	8
0.301699582478348	13.1728320356131	0.333	0	1	chr17-38349028-38349726	8
0.301699582478348	13.1046502418256	0.333	0	1	chr17-38358794-38359547	8
0.301699582478348	13.5312717250509	0.333	0	1	chr17-38462994-38465930	8
0.301699582478348	13.5605961304449	0.333	0	1	chr17-38510292-38510962	8
0.301699582478348	12.6944025112906	0.333	0	1	chr17-38584125-38585685	8
0.301699582478348	12.3809403940424	0.333	0	1	chr17-38869088-38872185	8
0.301699582478348	12.6312462406122	0.333	0	1	chr17-39450023-39451831	8
0.301699582478348	12.5823935232253	0.333	0	1	chr17-39573303-39574481	8
0.301699582478348	13.9300279907274	0.333	0	1	chr17-39735902-39736279	8
0.301699582478348	13.3415076635269	0.333	0	1	chr17-39769814-39770755	8
0.301699582478348	12.8916744322305	0.333	0	1	chr17-39958840-39959630	8
0.301699582478348	12.8541920847269	0.333	0	1	chr17-40013461-40014281	8
0.301699582478348	12.656027337827	0.333	0	1	chr17-40074410-40076520	8
0.301699582478348	12.5247335928495	0.333	0	1	chr17-40120877-40124900	8
0.301699582478348	12.4300530239669	0.333	0	1	chr17-40287197-40288835	8
0.301699582478348	12.7819117805188	0.333	0	1	chr17-40340841-40342370	8
0.301699582478348	12.9535068917168	0.333	0	1	chr17-40559967-40560889	8
0.301699582478348	13.2737727258091	0.333	0	1	chr17-40615527-40616094	8
0.301699582478348	13.0840878335088	0.333	0	1	chr17-40818584-40819925	8
0.301699582478348	13.6667634029699	0.333	0	1	chr17-40901882-40902462	8
0.301699582478348	13.8534645220436	0.333	0	1	chr17-41695914-41696383	8
0.301699582478348	12.7997987398215	0.333	0	1	chr17-41965077-41967599	8
0.301699582478348	13.3109315111428	0.333	0	1	chr17-42378613-42379786	8
0.301699582478348	13.0986300642848	0.333	0	1	chr17-42517261-42518819	8
0.301699582478348	13.0210550128204	0.333	0	1	chr17-42566263-42568091	8
0.301699582478348	12.9779751013709	0.333	0	1	chr17-42570992-42572174	8
0.301699582478348	12.4701581564196	0.333	0	1	chr17-42577097-42579083	8
0.301699582478348	13.5942941488241	0.333	0	1	chr17-42754689-42755255	8
0.301699582478348	12.6385868988176	0.333	0	1	chr17-42823610-42824826	8
0.301699582478348	12.3038012461515	0.333	0	1	chr17-42979834-42982841	8
0.301699582478348	13.9377003145007	0.333	0	1	chr17-43031742-43032300	8
0.301699582478348	13.5358743437734	0.333	0	1	chr17-43576528-43577064	8
0.301699582478348	14.1261894497276	0.333	0	1	chr17-43634238-43634749	8
0.301699582478348	13.2238185923043	0.333	0	1	chr17-43822514-43824083	8
0.301699582478348	12.5480972976365	0.333	0	1	chr17-43839286-43841099	8
0.301699582478348	12.9630725073708	0.333	0	1	chr17-44501942-44504234	8
0.301699582478348	13.0305970243315	0.333	0	1	chr17-44778818-44779848	8
0.301699582478348	12.9540281040121	0.333	0	1	chr17-44923590-44924811	8
0.301699582478348	12.4551085664255	0.333	0	1	chr17-45050144-45052682	8
0.301699582478348	13.0614184061286	0.333	0	1	chr17-45157853-45158984	8
0.301699582478348	12.1268789262563	0.333	0	1	chr17-45160305-45162526	8
0.301699582478348	12.3507543447674	0.333	0	1	chr17-45425004-45426380	8
0.301699582478348	13.7816347326717	0.333	0	1	chr17-45461775-45462196	8
0.301699582478348	13.7168479043313	0.333	0	1	chr17-45722123-45722606	8
0.301699582478348	12.7509273447687	0.333	0	1	chr17-46017574-46018860	8
0.301699582478348	12.9444212552823	0.333	0	1	chr17-46764563-46765897	8
0.301699582478348	13.4061778476548	0.333	0	1	chr17-46782022-46782840	8
0.301699582478348	13.1973152972504	0.333	0	1	chr17-47611721-47613496	8
0.301699582478348	12.7011561375244	0.333	0	1	chr17-47809797-47811232	8
0.301699582478348	13.2998751066629	0.333	0	1	chr17-47842857-47843654	8
0.301699582478348	11.6003757028096	0.333	0	1	chr17-48046960-48049641	8
0.301699582478348	13.8884390988251	0.333	0	1	chr17-48259657-48260066	8
0.301699582478348	13.648458151323	0.333	0	1	chr17-48593811-48594322	8
0.301699582478348	12.9557562252223	0.333	0	1	chr17-48618461-48620085	8
0.301699582478348	13.3303574964063	0.333	0	1	chr17-48733963-48735397	8
0.301699582478348	13.6430821016837	0.333	0	1	chr17-48836073-48836466	8
0.301699582478348	13.113906461504	0.333	0	1	chr17-49394742-49395449	8
0.301699582478348	13.8456322529427	0.333	0	1	chr17-49434894-49435501	8
0.301699582478348	12.4915836295669	0.333	0	1	chr17-49707204-49708918	8
0.301699582478348	13.2727357819353	0.333	0	1	chr17-49722562-49723811	8
0.301699582478348	13.8147982660823	0.333	0	1	chr17-49809039-49809636	8
0.301699582478348	13.6772006207785	0.333	0	1	chr17-49819619-49820213	8
0.301699582478348	13.1999926706243	0.333	0	1	chr17-49880397-49880971	8
0.301699582478348	13.5190804933808	0.333	0	1	chr17-49887008-49888034	8
0.301699582478348	13.2386696581929	0.333	0	1	chr17-49997999-49998727	8
0.301699582478348	13.2678509706266	0.333	0	1	chr17-50026440-50027428	8
0.301699582478348	13.4185579635182	0.333	0	1	chr17-50087261-50088037	8
0.301699582478348	12.9638723784412	0.333	0	1	chr17-50395926-50398038	8
0.301699582478348	13.3834970678626	0.333	0	1	chr17-50550696-50551435	8
0.301699582478348	13.4880699238745	0.333	0	1	chr17-50694924-50695512	8
0.301699582478348	12.9471949583094	0.333	0	1	chr17-50783012-50783708	8
0.301699582478348	12.8521506512929	0.333	0	1	chr17-50934965-50936495	8
0.301699582478348	13.2232006765219	0.333	0	1	chr17-50970200-50971014	8
0.301699582478348	13.0642133731809	0.333	0	1	chr17-51117998-51118915	8
0.301699582478348	13.697406227247	0.333	0	1	chr17-51217749-51218464	8
0.301699582478348	13.0124443483219	0.333	0	1	chr17-51371556-51373094	8
0.301699582478348	13.3011597987038	0.333	0	1	chr17-51439318-51440302	8
0.301699582478348	13.1698335231887	0.333	0	1	chr17-51629830-51630634	8
0.301699582478348	13.0114177218857	0.333	0	1	chr17-51703197-51704325	8
0.301699582478348	13.6855569481391	0.333	0	1	chr17-53032696-53033185	8
0.301699582478348	11.9666319964874	0.333	0	1	chr17-54899645-54903996	8
0.301699582478348	13.8960267757662	0.333	0	1	chr17-54926188-54926589	8
0.301699582478348	12.267912039802	0.333	0	1	chr17-54967476-54970175	8
0.301699582478348	13.7948906918194	0.333	0	1	chr17-55005504-55005948	8
0.301699582478348	13.2859506161591	0.333	0	1	chr17-55264532-55265250	8
0.301699582478348	13.1650852998652	0.333	0	1	chr17-56698994-56699996	8
0.301699582478348	13.1423647268421	0.333	0	1	chr17-56822610-56823453	8
0.301699582478348	12.8964730452842	0.333	0	1	chr17-57120318-57122128	8
0.301699582478348	12.6592396371862	0.333	0	1	chr17-57366170-57367711	8
0.301699582478348	12.1964978917981	0.333	0	1	chr17-57533868-57536558	8
0.301699582478348	12.4979703404167	0.333	0	1	chr17-57849229-57851413	8
0.301699582478348	13.0961465644841	0.333	0	1	chr17-57860600-57862352	8
0.301699582478348	12.3586138471625	0.333	0	1	chr17-58082670-58085415	8
0.301699582478348	13.5239332894249	0.333	0	1	chr17-58120120-58120645	8
0.301699582478348	13.5183136080708	0.333	0	1	chr17-58304169-58304739	8
0.301699582478348	13.2853943932143	0.333	0	1	chr17-58587582-58588172	8
0.301699582478348	12.6247782744189	0.333	0	1	chr17-58666018-58667724	8
0.301699582478348	13.555632198624	0.333	0	1	chr17-59165844-59166386	8
0.301699582478348	12.6651881948515	0.333	0	1	chr17-59370973-59373142	8
0.301699582478348	13.8456322529427	0.333	0	1	chr17-59456944-59457378	8
0.301699582478348	12.8095259892422	0.333	0	1	chr17-59565142-59566453	8
0.301699582478348	13.7824169559614	0.333	0	1	chr17-59863493-59864182	8
0.301699582478348	12.2800729284709	0.333	0	1	chr17-60077582-60080045	8
0.301699582478348	13.3814369992978	0.333	0	1	chr17-61496643-61497514	8
0.301699582478348	14.0765647923786	0.333	0	1	chr17-61504611-61504926	8
0.301699582478348	12.7888661537183	0.333	0	1	chr17-61926695-61928480	8
0.301699582478348	12.4069344960114	0.333	0	1	chr17-62063896-62066553	8
0.301699582478348	12.6015856860592	0.333	0	1	chr17-62109289-62110292	8
0.301699582478348	13.6750945051634	0.333	0	1	chr17-63696480-63697117	8
0.301699582478348	13.4980162582978	0.333	0	1	chr17-63998075-63998753	8
0.301699582478348	13.1101155690999	0.333	0	1	chr17-64005438-64006360	8
0.301699582478348	13.5622615391131	0.333	0	1	chr17-64133510-64134047	8
0.301699582478348	13.5697465477109	0.333	0	1	chr17-64927333-64927983	8
0.301699582478348	13.1203798537289	0.333	0	1	chr17-65722817-65724167	8
0.301699582478348	13.2487101257598	0.333	0	1	chr17-66951170-66953064	8
0.301699582478348	13.0578406531284	0.333	0	1	chr17-67475291-67476095	8
0.301699582478348	13.2831744416989	0.333	0	1	chr17-68265539-68266306	8
0.301699582478348	12.5374387325974	0.333	0	1	chr17-68613901-68615306	8
0.301699582478348	13.0259209269532	0.333	0	1	chr17-69960695-69962260	8
0.301699582478348	13.2213504365031	0.333	0	1	chr17-70225157-70225933	8
0.301699582478348	13.0982104090285	0.333	0	1	chr17-70937779-70938937	8
0.301699582478348	13.7852760179912	0.333	0	1	chr17-71180828-71181524	8
0.301699582478348	12.5848551765304	0.333	0	1	chr17-72406828-72408278	8
0.301699582478348	13.0738313203091	0.333	0	1	chr17-72579570-72581320	8
0.301699582478348	12.7966402076504	0.333	0	1	chr17-72592019-72593142	8
0.301699582478348	13.5561078889995	0.333	0	1	chr17-72610795-72611538	8
0.301699582478348	13.4427078413932	0.333	0	1	chr17-72666394-72667314	8
0.301699582478348	13.4276699079084	0.333	0	1	chr17-73067687-73068942	8
0.301699582478348	13.280410538242	0.333	0	1	chr17-73267653-73269044	8
0.301699582478348	12.8708641547417	0.333	0	1	chr17-73286145-73287496	8
0.301699582478348	12.5642429403717	0.333	0	1	chr17-73359521-73360888	8
0.301699582478348	13.0177196317752	0.333	0	1	chr17-73429315-73430606	8
0.301699582478348	13.4109146722978	0.333	0	1	chr17-74176427-74177153	8
0.301699582478348	12.6262834058333	0.333	0	1	chr17-75260683-75262776	8
0.301699582478348	13.2926643039138	0.333	0	1	chr17-75504188-75504743	8
0.301699582478348	12.4242616246376	0.333	0	1	chr17-75548928-75550524	8
0.301699582478348	12.4246416282784	0.333	0	1	chr17-75588724-75590304	8
0.301699582478348	12.2373166464534	0.333	0	1	chr17-75632648-75634491	8
0.301699582478348	13.3622972366354	0.333	0	1	chr17-75749779-75750328	8
0.301699582478348	13.417863075598	0.333	0	1	chr17-75872629-75873435	8
0.301699582478348	12.2736479112187	0.333	0	1	chr17-75978430-75980253	8
0.301699582478348	13.2334721781565	0.333	0	1	chr17-75999843-76000890	8
0.301699582478348	13.3648265781768	0.333	0	1	chr17-76105885-76106479	8
0.301699582478348	12.4434403502467	0.333	0	1	chr17-76264475-76266668	8
0.301699582478348	13.2528902985211	0.333	0	1	chr17-76281859-76282723	8
0.301699582478348	13.4456185996004	0.333	0	1	chr17-76331035-76331562	8
0.301699582478348	13.0290703601225	0.333	0	1	chr17-77088092-77089639	8
0.301699582478348	13.4204458790908	0.333	0	1	chr17-77494532-77495404	8
0.301699582478348	12.755641276592	0.333	0	1	chr17-78139984-78141108	8
0.301699582478348	11.8681693813979	0.333	0	1	chr17-78171277-78177740	8
0.301699582478348	13.3972169030698	0.333	0	1	chr17-78708310-78708951	8
0.301699582478348	13.3232215737342	0.333	0	1	chr17-79025283-79025921	8
0.301699582478348	13.4928208938161	0.333	0	1	chr17-79087505-79088079	8
0.301699582478348	12.7195806967267	0.333	0	1	chr17-79113789-79115531	8
0.301699582478348	13.5723700078333	0.333	0	1	chr17-79393195-79393745	8
0.301699582478348	12.7519176181267	0.333	0	1	chr17-80030410-80032708	8
0.301699582478348	14.0134847675957	0.333	0	1	chr17-80716440-80716775	8
0.301699582478348	13.5239332894249	0.333	0	1	chr17-80961434-80962375	8
0.301699582478348	12.730759570151	0.333	0	1	chr17-81056923-81057978	8
0.301699582478348	12.702273171332	0.333	0	1	chr17-81142396-81143346	8
0.301699582478348	12.2015556105713	0.333	0	1	chr17-81238273-81240524	8
0.301699582478348	12.865318368263	0.333	0	1	chr17-81348235-81349394	8
0.301699582478348	12.6658216894704	0.333	0	1	chr17-81518239-81520183	8
0.301699582478348	13.4727989041276	0.333	0	1	chr17-81601454-81602115	8
0.301699582478348	12.9691928130793	0.333	0	1	chr17-81635473-81637599	8
0.301699582478348	12.8616222376754	0.333	0	1	chr17-81821215-81822493	8
0.301699582478348	12.8334770036845	0.333	0	1	chr17-81890357-81892582	8
0.301699582478348	11.8611630051133	0.333	0	1	chr17-82019848-82024309	8
0.301699582478348	12.2480071654182	0.333	0	1	chr17-82151988-82154506	8
0.301699582478348	12.7034969286605	0.333	0	1	chr17-82238418-82240840	8
0.301699582478348	12.770445795573	0.333	0	1	chr17-82297365-82298826	8
0.301699582478348	13.1417841738405	0.333	0	1	chr17-82351645-82352419	8
0.301699582478348	12.5840081227631	0.333	0	1	chr17-82874108-82877381	8
0.301699582478348	12.7129224504545	0.333	0	1	chr17-82882436-82883659	8
0.301699582478348	12.5184671778138	0.333	0	1	chr18-157875-159755	8
0.301699582478348	13.563033190306	0.333	0	1	chr18-189152-189937	8
0.301699582478348	13.5771729611561	0.333	0	1	chr18-301082-301800	8
0.301699582478348	12.5093597442359	0.333	0	1	chr18-810741-813378	8
0.301699582478348	13.3109508150723	0.333	0	1	chr18-1779095-1780670	8
0.301699582478348	13.1092033744385	0.333	0	1	chr18-2281090-2282242	8
0.301699582478348	12.7373647265606	0.333	0	1	chr18-3044781-3046019	8
0.301699582478348	12.830268670965	0.333	0	1	chr18-3093710-3094905	8
0.301699582478348	13.3625834619038	0.333	0	1	chr18-3409026-3409605	8
0.301699582478348	12.9366177849832	0.333	0	1	chr18-3753233-3754115	8
0.301699582478348	13.4354966267833	0.333	0	1	chr18-5196781-5197537	8
0.301699582478348	13.4040249215486	0.333	0	1	chr18-5787836-5788664	8
0.301699582478348	13.555632198624	0.333	0	1	chr18-5894797-5895993	8
0.301699582478348	13.584710306107	0.333	0	1	chr18-6919950-6920461	8
0.301699582478348	13.3784508821069	0.333	0	1	chr18-6964133-6964815	8
0.301699582478348	13.1987203660617	0.333	0	1	chr18-7085669-7086636	8
0.301699582478348	12.6395371946298	0.333	0	1	chr18-7941114-7942221	8
0.301699582478348	12.8326591198746	0.333	0	1	chr18-7946410-7947489	8
0.301699582478348	13.6050539038713	0.333	0	1	chr18-9796927-9798592	8
0.301699582478348	13.0218614236375	0.333	0	1	chr18-9825299-9826160	8
0.301699582478348	13.1915511222769	0.333	0	1	chr18-10234781-10236083	8
0.301699582478348	13.4877876603542	0.333	0	1	chr18-11872429-11873046	8
0.301699582478348	13.1147649688751	0.333	0	1	chr18-12413757-12414979	8
0.301699582478348	13.2424761263952	0.333	0	1	chr18-12944564-12945295	8
0.301699582478348	13.4134407679068	0.333	0	1	chr18-13245385-13246086	8
0.301699582478348	13.3136175748565	0.333	0	1	chr18-13461370-13461976	8
0.301699582478348	12.9218376840935	0.333	0	1	chr18-13541786-13542739	8
0.301699582478348	13.5875662256112	0.333	0	1	chr18-13558012-13558531	8
0.301699582478348	12.7272523628708	0.333	0	1	chr18-14025063-14026019	8
0.301699582478348	13.6825078522119	0.333	0	1	chr18-21218924-21219369	8
0.301699582478348	12.6904671748709	0.333	0	1	chr18-21451887-21454013	8
0.301699582478348	11.790669636656	0.333	0	1	chr18-21598906-21601508	8
0.301699582478348	13.2214583566978	0.333	0	1	chr18-21672706-21673450	8
0.301699582478348	13.3763449676252	0.333	0	1	chr18-21722521-21723170	8
0.301699582478348	13.258421090646	0.333	0	1	chr18-22640208-22641000	8
0.301699582478348	13.4694722726161	0.333	0	1	chr18-22930043-22930534	8
0.301699582478348	13.1324141367922	0.333	0	1	chr18-23101670-23102539	8
0.301699582478348	13.3216883649143	0.333	0	1	chr18-23237413-23238740	8
0.301699582478348	13.2465845622578	0.333	0	1	chr18-23515849-23516409	8
0.301699582478348	13.7034471469038	0.333	0	1	chr18-23605882-23606378	8
0.301699582478348	13.4849257018715	0.333	0	1	chr18-23622140-23622671	8
0.301699582478348	12.2010142681208	0.333	0	1	chr18-24396659-24398668	8
0.301699582478348	12.9506601566271	0.333	0	1	chr18-25882799-25883754	8
0.301699582478348	13.178436367326	0.333	0	1	chr18-27344838-27345942	8
0.301699582478348	14.2142465595412	0.333	0	1	chr18-31222112-31222502	8
0.301699582478348	12.4987053861067	0.333	0	1	chr18-31497540-31499649	8
0.301699582478348	12.6280065739898	0.333	0	1	chr18-32157769-32158871	8
0.301699582478348	13.417863075598	0.333	0	1	chr18-32289456-32289984	8
0.301699582478348	11.7034635979038	0.333	0	1	chr18-32468572-32471701	8
0.301699582478348	12.6471781360951	0.333	0	1	chr18-32612323-32613416	8
0.301699582478348	13.3744094817417	0.333	0	1	chr18-34122644-34123174	8
0.301699582478348	14.1445428315229	0.333	0	1	chr18-34153771-34154061	8
0.301699582478348	13.0128543225479	0.333	0	1	chr18-34928942-34930468	8
0.301699582478348	12.4795234261872	0.333	0	1	chr18-35289257-35290923	8
0.301699582478348	12.783966411961	0.333	0	1	chr18-35470179-35471311	8
0.301699582478348	13.1627788318357	0.333	0	1	chr18-35950127-35950813	8
0.301699582478348	12.128028087487	0.333	0	1	chr18-36186503-36189262	8
0.301699582478348	13.5490874491061	0.333	0	1	chr18-36264456-36265381	8
0.301699582478348	12.7156247618032	0.333	0	1	chr18-36348545-36350680	8
0.301699582478348	12.5870986580178	0.333	0	1	chr18-36693741-36694814	8
0.301699582478348	13.1876382523256	0.333	0	1	chr18-36724272-36725349	8
0.301699582478348	13.4040249215486	0.333	0	1	chr18-37322190-37323019	8
0.301699582478348	13.8070301203041	0.333	0	1	chr18-37476146-37476650	8
0.301699582478348	13.6740449915326	0.333	0	1	chr18-38763880-38764588	8
0.301699582478348	13.637765625064	0.333	0	1	chr18-38796692-38797248	8
0.301699582478348	14.1329509369296	0.333	0	1	chr18-40482268-40482598	8
0.301699582478348	13.5315783014535	0.333	0	1	chr18-41506477-41507736	8
0.301699582478348	13.1446031132283	0.333	0	1	chr18-41666114-41667005	8
0.301699582478348	13.9396647499555	0.333	0	1	chr18-41767951-41768321	8
0.301699582478348	13.5837619357913	0.333	0	1	chr18-41967245-41968524	8
0.301699582478348	13.6186908656046	0.333	0	1	chr18-42022076-42022660	8
0.301699582478348	13.29210205492	0.333	0	1	chr18-42259333-42261223	8
0.301699582478348	13.2103576380541	0.333	0	1	chr18-42765075-42765846	8
0.301699582478348	13.7145529048315	0.333	0	1	chr18-43587518-43588006	8
0.301699582478348	12.5980964213071	0.333	0	1	chr18-45358716-45360310	8
0.301699582478348	13.7404646915247	0.333	0	1	chr18-45384213-45384833	8
0.301699582478348	13.5651596679827	0.333	0	1	chr18-46148687-46149333	8
0.301699582478348	13.2518350157016	0.333	0	1	chr18-46281096-46281849	8
0.301699582478348	13.1417841738405	0.333	0	1	chr18-46324353-46325080	8
0.301699582478348	13.409247798065	0.333	0	1	chr18-48661088-48663051	8
0.301699582478348	13.5844241424579	0.333	0	1	chr18-48776990-48777730	8
0.301699582478348	13.1720522516299	0.333	0	1	chr18-49342550-49343190	8
0.301699582478348	13.6843885302127	0.333	0	1	chr18-49663911-49664831	8
0.301699582478348	12.9199175183399	0.333	0	1	chr18-49680965-49681903	8
0.301699582478348	12.8488159307121	0.333	0	1	chr18-49910911-49912085	8
0.301699582478348	13.6820604685621	0.333	0	1	chr18-49943296-49943806	8
0.301699582478348	13.7874756981972	0.333	0	1	chr18-49980769-49981302	8
0.301699582478348	13.3731226989617	0.333	0	1	chr18-50357152-50357671	8
0.301699582478348	12.931570267583	0.333	0	1	chr18-50559618-50561104	8
0.301699582478348	12.5537774953421	0.333	0	1	chr18-50967369-50968870	8
0.301699582478348	12.7887205374997	0.333	0	1	chr18-50981411-50983225	8
0.301699582478348	13.2506405416613	0.333	0	1	chr18-51277949-51278516	8
0.301699582478348	13.4559280115072	0.333	0	1	chr18-52339715-52340299	8
0.301699582478348	13.0231364957261	0.333	0	1	chr18-54315844-54317146	8
0.301699582478348	13.2613634815117	0.333	0	1	chr18-54611907-54612864	8
0.301699582478348	13.16370047761	0.333	0	1	chr18-54679461-54680007	8
0.301699582478348	12.3070371449745	0.333	0	1	chr18-54766471-54768203	8
0.301699582478348	13.8001276378632	0.333	0	1	chr18-54880698-54881159	8
0.301699582478348	13.4664334440828	0.333	0	1	chr18-54983005-54983518	8
0.301699582478348	13.6180798841498	0.333	0	1	chr18-55076791-55077308	8
0.301699582478348	12.8935904276101	0.333	0	1	chr18-55234521-55235486	8
0.301699582478348	13.4115451485676	0.333	0	1	chr18-55251296-55252015	8
0.301699582478348	13.6335542984186	0.333	0	1	chr18-56890533-56891089	8
0.301699582478348	13.5783610496758	0.333	0	1	chr18-57665429-57666429	8
0.301699582478348	13.3856434188268	0.333	0	1	chr18-57743786-57744950	8
0.301699582478348	12.712212040061	0.333	0	1	chr18-57796415-57797871	8
0.301699582478348	13.7297320964108	0.333	0	1	chr18-59517750-59518151	8
0.301699582478348	12.8388921578658	0.333	0	1	chr18-59702992-59705720	8
0.301699582478348	13.1706888820589	0.333	0	1	chr18-59953025-59955031	8
0.301699582478348	13.3051244137108	0.333	0	1	chr18-59957433-59958502	8
0.301699582478348	13.4340654581805	0.333	0	1	chr18-59971940-59972742	8
0.301699582478348	13.1867124415772	0.333	0	1	chr18-61606600-61607270	8
0.301699582478348	13.9640717539369	0.333	0	1	chr18-62183610-62183893	8
0.301699582478348	13.2613960521894	0.333	0	1	chr18-62435343-62437751	8
0.301699582478348	13.9682988817579	0.333	0	1	chr18-62579103-62579459	8
0.301699582478348	13.6698702753137	0.333	0	1	chr18-62768106-62768835	8
0.301699582478348	13.6465564476981	0.333	0	1	chr18-63073429-63073932	8
0.301699582478348	14.0647665825833	0.333	0	1	chr18-63182537-63182903	8
0.301699582478348	11.6169102510429	0.333	0	1	chr18-63365798-63368441	8
0.301699582478348	12.7100842313882	0.333	0	1	chr18-63476292-63477427	8
0.301699582478348	11.8642489079822	0.333	0	1	chr18-63969458-63971312	8
0.301699582478348	13.4849005241481	0.333	0	1	chr18-63994564-63995268	8
0.301699582478348	12.8106810064116	0.333	0	1	chr18-65486553-65488115	8
0.301699582478348	13.7481501376261	0.333	0	1	chr18-66770856-66771320	8
0.301699582478348	13.8682912325884	0.333	0	1	chr18-68484225-68484626	8
0.301699582478348	13.7692732182433	0.333	0	1	chr18-68660207-68660834	8
0.301699582478348	12.9911621257457	0.333	0	1	chr18-70149482-70150549	8
0.301699582478348	13.1833514554982	0.333	0	1	chr18-70433650-70434355	8
0.301699582478348	13.2820674151926	0.333	0	1	chr18-70520724-70521603	8
0.301699582478348	13.5689781283239	0.333	0	1	chr18-70598742-70599272	8
0.301699582478348	13.4880699238745	0.333	0	1	chr18-72239927-72240600	8
0.301699582478348	13.2471076747984	0.333	0	1	chr18-72542304-72544968	8
0.301699582478348	13.3641932268482	0.333	0	1	chr18-72652902-72653591	8
0.301699582478348	13.1919527654156	0.333	0	1	chr18-72846800-72848205	8
0.301699582478348	13.9682988817579	0.333	0	1	chr18-72863846-72864163	8
0.301699582478348	13.2800701868015	0.333	0	1	chr18-72993104-72994532	8
0.301699582478348	12.9998799770217	0.333	0	1	chr18-73661206-73662265	8
0.301699582478348	13.5091967248826	0.333	0	1	chr18-74353143-74353640	8
0.301699582478348	13.1711191622536	0.333	0	1	chr18-74551840-74552392	8
0.301699582478348	13.6094405100271	0.333	0	1	chr18-75043383-75044009	8
0.301699582478348	13.0336598606211	0.333	0	1	chr18-75161295-75162633	8
0.301699582478348	13.3185104238022	0.333	0	1	chr18-76274445-76275180	8
0.301699582478348	13.4040249215486	0.333	0	1	chr18-76398814-76399367	8
0.301699582478348	12.8570255077326	0.333	0	1	chr18-76492166-76493507	8
0.301699582478348	13.0100510777882	0.333	0	1	chr18-76955498-76957910	8
0.301699582478348	12.9775138059819	0.333	0	1	chr18-76982994-76983908	8
0.301699582478348	12.2427027607371	0.333	0	1	chr18-77262048-77264007	8
0.301699582478348	12.8098145944758	0.333	0	1	chr18-79068816-79070058	8
0.301699582478348	12.9233605941974	0.333	0	1	chr18-79217841-79219147	8
0.301699582478348	13.8132331144154	0.333	0	1	chr18-79224563-79225163	8
0.301699582478348	13.1446614103657	0.333	0	1	chr18-79393467-79394897	8
0.301699582478348	14.166525061203	0.333	0	1	chr18-79447689-79448050	8
0.301699582478348	13.4294885421069	0.333	0	1	chr18-79790670-79792011	8
0.301699582478348	12.742065433316	0.333	0	1	chr18-80009844-80011003	8
0.301699582478348	12.3822153681018	0.333	0	1	chr18-80108555-80110612	8
0.301699582478348	12.7725466233707	0.333	0	1	chr19-488353-490130	8
0.301699582478348	13.2941518939557	0.333	0	1	chr19-850287-851163	8
0.301699582478348	12.904680822246	0.333	0	1	chr19-1093560-1095928	8
0.301699582478348	12.4955129169315	0.333	0	1	chr19-1205251-1208114	8
0.301699582478348	12.1460044722142	0.333	0	1	chr19-1256549-1263050	8
0.301699582478348	11.2461433710389	0.333	0	1	chr19-1265254-1277264	8
0.301699582478348	12.8229059150811	0.333	0	1	chr19-1354362-1356923	8
0.301699582478348	12.4447257797817	0.333	0	1	chr19-1393746-1396957	8
0.301699582478348	13.0763159797963	0.333	0	1	chr19-1825911-1826692	8
0.301699582478348	13.5482751757464	0.333	0	1	chr19-1857192-1857794	8
0.301699582478348	12.5367994702484	0.333	0	1	chr19-1862047-1865307	8
0.301699582478348	12.5341431037686	0.333	0	1	chr19-1872570-1876763	8
0.301699582478348	13.1890733221588	0.333	0	1	chr19-1929071-1930452	8
0.301699582478348	13.3880608118516	0.333	0	1	chr19-2155893-2156469	8
0.301699582478348	12.7434859930307	0.333	0	1	chr19-2455916-2457545	8
0.301699582478348	12.5163555987525	0.333	0	1	chr19-2976536-2978395	8
0.301699582478348	13.7021331999209	0.333	0	1	chr19-3047650-3048113	8
0.301699582478348	13.3737045825997	0.333	0	1	chr19-3657766-3658621	8
0.301699582478348	13.2957075338313	0.333	0	1	chr19-3721241-3721970	8
0.301699582478348	12.3098434237593	0.333	0	1	chr19-3760955-3763521	8
0.301699582478348	12.7836680991497	0.333	0	1	chr19-3975022-3982073	8
0.301699582478348	12.1006283570708	0.333	0	1	chr19-3982774-3988416	8
0.301699582478348	12.5429636746304	0.333	0	1	chr19-4063181-4067203	8
0.301699582478348	12.3921653872793	0.333	0	1	chr19-4693754-4695235	8
0.301699582478348	13.5362417063561	0.333	0	1	chr19-4744661-4745369	8
0.301699582478348	12.9753810190314	0.333	0	1	chr19-4867401-4868297	8
0.301699582478348	11.813165150067	0.333	0	1	chr19-5679526-5681292	8
0.301699582478348	12.2451246319901	0.333	0	1	chr19-5686180-5687732	8
0.301699582478348	12.0654193881449	0.333	0	1	chr19-5718249-5721239	8
0.301699582478348	13.1559060604906	0.333	0	1	chr19-6047887-6049415	8
0.301699582478348	12.2579056562372	0.333	0	1	chr19-7098569-7099911	8
0.301699582478348	12.6146806060226	0.333	0	1	chr19-7293258-7295430	8
0.301699582478348	13.8559773985822	0.333	0	1	chr19-7341030-7341524	8
0.301699582478348	13.300398033014	0.333	0	1	chr19-7398630-7399397	8
0.301699582478348	13.0301173148355	0.333	0	1	chr19-7978028-7979694	8
0.301699582478348	13.8550492050913	0.333	0	1	chr19-8132835-8133241	8
0.301699582478348	12.8946205442295	0.333	0	1	chr19-8204605-8205478	8
0.301699582478348	12.4723530741194	0.333	0	1	chr19-8320405-8325266	8
0.301699582478348	13.012481379718	0.333	0	1	chr19-8334789-8335724	8
0.301699582478348	11.8349690166522	0.333	0	1	chr19-8389646-8391337	8
0.301699582478348	13.4109146722978	0.333	0	1	chr19-8467911-8468586	8
0.301699582478348	12.9399991091733	0.333	0	1	chr19-9139814-9141030	8
0.301699582478348	12.4727191562445	0.333	0	1	chr19-9826520-9828908	8
0.301699582478348	12.7297073633376	0.333	0	1	chr19-10118879-10120453	8
0.301699582478348	12.7867521283546	0.333	0	1	chr19-10193779-10195563	8
0.301699582478348	13.3000203057131	0.333	0	1	chr19-10288655-10289860	8
0.301699582478348	13.0706427739412	0.333	0	1	chr19-10424087-10425003	8
0.301699582478348	13.0151889442055	0.333	0	1	chr19-10460758-10461925	8
0.301699582478348	12.0651475172063	0.333	0	1	chr19-10834869-10836944	8
0.301699582478348	12.517699617081	0.333	0	1	chr19-10870497-10872943	8
0.301699582478348	12.5126090455432	0.333	0	1	chr19-10927639-10930145	8
0.301699582478348	12.8875387453122	0.333	0	1	chr19-10952492-10953485	8
0.301699582478348	13.1739223139266	0.333	0	1	chr19-11137394-11139260	8
0.301699582478348	13.7801868012709	0.333	0	1	chr19-11317562-11318126	8
0.301699582478348	12.2300378181688	0.333	0	1	chr19-11504577-11506585	8
0.301699582478348	12.3582498945054	0.333	0	1	chr19-11528388-11529626	8
0.301699582478348	12.211276897053	0.333	0	1	chr19-11596891-11598338	8
0.301699582478348	12.723408149705	0.333	0	1	chr19-11797219-11799166	8
0.301699582478348	13.6926299851952	0.333	0	1	chr19-11881118-11881631	8
0.301699582478348	13.6553558525016	0.333	0	1	chr19-12716814-12717383	8
0.301699582478348	13.0948620929042	0.333	0	1	chr19-12757320-12758293	8
0.301699582478348	12.5336095301579	0.333	0	1	chr19-12932692-12934264	8
0.301699582478348	11.8431230386013	0.333	0	1	chr19-12937573-12947440	8
0.301699582478348	13.1410251851872	0.333	0	1	chr19-12977704-12978450	8
0.301699582478348	11.6676891199255	0.333	0	1	chr19-13050149-13062157	8
0.301699582478348	12.6822408628504	0.333	0	1	chr19-13747361-13749132	8
0.301699582478348	13.3725239891918	0.333	0	1	chr19-13842385-13843268	8
0.301699582478348	12.572832021931	0.333	0	1	chr19-14080636-14082429	8
0.301699582478348	13.2139569556808	0.333	0	1	chr19-14366352-14367197	8
0.301699582478348	13.2076379813251	0.333	0	1	chr19-14380748-14381852	8
0.301699582478348	13.3744094817417	0.333	0	1	chr19-14502480-14503128	8
0.301699582478348	12.3034633163083	0.333	0	1	chr19-14517074-14519174	8
0.301699582478348	12.5668774389557	0.333	0	1	chr19-14553162-14555102	8
0.301699582478348	12.9430585021898	0.333	0	1	chr19-14574070-14574821	8
0.301699582478348	12.4557147506612	0.333	0	1	chr19-14689302-14690788	8
0.301699582478348	13.4199502958926	0.333	0	1	chr19-14758608-14759452	8
0.301699582478348	13.0193248901617	0.333	0	1	chr19-15222903-15223937	8
0.301699582478348	12.6927799746067	0.333	0	1	chr19-15279858-15282720	8
0.301699582478348	12.7761452333898	0.333	0	1	chr19-15555657-15557014	8
0.301699582478348	13.2326189747232	0.333	0	1	chr19-15672186-15673238	8
0.301699582478348	13.6595926573376	0.333	0	1	chr19-15702019-15703022	8
0.301699582478348	13.1515134069633	0.333	0	1	chr19-15868931-15869947	8
0.301699582478348	13.2144583481801	0.333	0	1	chr19-16441912-16443390	8
0.301699582478348	13.012481379718	0.333	0	1	chr19-16607862-16608973	8
0.301699582478348	12.3075256513884	0.333	0	1	chr19-17074102-17077293	8
0.301699582478348	12.3429903396535	0.333	0	1	chr19-17225693-17227380	8
0.301699582478348	12.5668916054008	0.333	0	1	chr19-17243455-17247252	8
0.301699582478348	12.4363907099862	0.333	0	1	chr19-17327370-17328565	8
0.301699582478348	12.1917679344754	0.333	0	1	chr19-17468472-17470931	8
0.301699582478348	12.7145823022336	0.333	0	1	chr19-17510954-17512734	8
0.301699582478348	13.1540849801754	0.333	0	1	chr19-17996699-17997314	8
0.301699582478348	13.1450734297547	0.333	0	1	chr19-18097374-18098407	8
0.301699582478348	13.3488280767132	0.333	0	1	chr19-18183390-18184229	8
0.301699582478348	11.9253051971162	0.333	0	1	chr19-18202645-18205509	8
0.301699582478348	11.864484043697	0.333	0	1	chr19-18277390-18282914	8
0.301699582478348	13.2245918123973	0.333	0	1	chr19-18437441-18440976	8
0.301699582478348	13.0267862611235	0.333	0	1	chr19-18446399-18447628	8
0.301699582478348	13.3802407193396	0.333	0	1	chr19-18846970-18847646	8
0.301699582478348	11.8883762844113	0.333	0	1	chr19-18917957-18920478	8
0.301699582478348	12.5186591632144	0.333	0	1	chr19-19515321-19517260	8
0.301699582478348	12.6687624996753	0.333	0	1	chr19-19617947-19619550	8
0.301699582478348	12.7886075665638	0.333	0	1	chr19-19627162-19628660	8
0.301699582478348	12.4779181855558	0.333	0	1	chr19-19668285-19669570	8
0.301699582478348	12.9522403833703	0.333	0	1	chr19-19821212-19822278	8
0.301699582478348	13.2560666572484	0.333	0	1	chr19-21568980-21569862	8
0.301699582478348	13.4777493301706	0.333	0	1	chr19-23002733-23003558	8
0.301699582478348	12.3970793327928	0.333	0	1	chr19-23686205-23687555	8
0.301699582478348	12.5281135118315	0.333	0	1	chr19-23762504-23764065	8
0.301699582478348	12.5729426466755	0.333	0	1	chr19-24032867-24035404	8
0.301699582478348	13.4210870124071	0.333	0	1	chr19-29741629-29742231	8
0.301699582478348	13.7120407088799	0.333	0	1	chr19-30666238-30666729	8
0.301699582478348	13.0716004793523	0.333	0	1	chr19-31555389-31556491	8
0.301699582478348	13.2140014459768	0.333	0	1	chr19-32478510-32479443	8
0.301699582478348	12.9006552665163	0.333	0	1	chr19-32569850-32570855	8
0.301699582478348	12.6459776584238	0.333	0	1	chr19-32809032-32810230	8
0.301699582478348	13.3545208502504	0.333	0	1	chr19-32910618-32911664	8
0.301699582478348	13.1793027349879	0.333	0	1	chr19-32996945-32997757	8
0.301699582478348	11.54445988765	0.333	0	1	chr19-33175882-33178535	8
0.301699582478348	12.9040855144131	0.333	0	1	chr19-33193820-33195934	8
0.301699582478348	12.9595717629107	0.333	0	1	chr19-33306882-33307665	8
0.301699582478348	12.8245243220476	0.333	0	1	chr19-33521203-33522288	8
0.301699582478348	13.2292505376871	0.333	0	1	chr19-33905552-33906568	8
0.301699582478348	13.4906903248395	0.333	0	1	chr19-34220429-34220909	8
0.301699582478348	12.8934452672416	0.333	0	1	chr19-34644826-34645878	8
0.301699582478348	12.190627638945	0.333	0	1	chr19-34676792-34678681	8
0.301699582478348	13.4817996536544	0.333	0	1	chr19-34712531-34713120	8
0.301699582478348	12.6040984488375	0.333	0	1	chr19-34926590-34927792	8
0.301699582478348	13.188467901666	0.333	0	1	chr19-35140934-35141894	8
0.301699582478348	13.0999991893768	0.333	0	1	chr19-35495097-35495951	8
0.301699582478348	12.2546019728168	0.333	0	1	chr19-35647699-35649096	8
0.301699582478348	12.2325640210986	0.333	0	1	chr19-35701987-35703289	8
0.301699582478348	11.9128319062328	0.333	0	1	chr19-35757265-35759009	8
0.301699582478348	12.7274931867939	0.333	0	1	chr19-36127402-36128855	8
0.301699582478348	11.9222110053339	0.333	0	1	chr19-36213855-36216061	8
0.301699582478348	12.2555704777227	0.333	0	1	chr19-36331266-36332714	8
0.301699582478348	13.048942952853	0.333	0	1	chr19-36417808-36419117	8
0.301699582478348	13.3654606097368	0.333	0	1	chr19-36493037-36493547	8
0.301699582478348	12.8056394970091	0.333	0	1	chr19-36686607-36688200	8
0.301699582478348	12.3689351352783	0.333	0	1	chr19-36796929-36798045	8
0.301699582478348	11.7883031046238	0.333	0	1	chr19-36915738-36917414	8
0.301699582478348	12.4116207864805	0.333	0	1	chr19-37077599-37079227	8
0.301699582478348	12.7070197440437	0.333	0	1	chr19-37468828-37470012	8
0.301699582478348	12.1256659134159	0.333	0	1	chr19-37593554-37595764	8
0.301699582478348	12.4434799701465	0.333	0	1	chr19-37906562-37908057	8
0.301699582478348	13.2242824141626	0.333	0	1	chr19-37931618-37932899	8
0.301699582478348	12.9653216844386	0.333	0	1	chr19-38223740-38224927	8
0.301699582478348	12.6951662950525	0.333	0	1	chr19-38277369-38278989	8
0.301699582478348	12.3793986771966	0.333	0	1	chr19-38315163-38316745	8
0.301699582478348	12.0337777608151	0.333	0	1	chr19-38373861-38376289	8
0.301699582478348	13.1673996482183	0.333	0	1	chr19-38952500-38953036	8
0.301699582478348	13.4362135825533	0.333	0	1	chr19-39187168-39188077	8
0.301699582478348	12.7081538386926	0.333	0	1	chr19-39434233-39436629	8
0.301699582478348	13.0898690725632	0.333	0	1	chr19-39557615-39558729	8
0.301699582478348	12.9252230674831	0.333	0	1	chr19-39792228-39793643	8
0.301699582478348	12.3771249726105	0.333	0	1	chr19-39832899-39834652	8
0.301699582478348	12.1914634771794	0.333	0	1	chr19-40464263-40466629	8
0.301699582478348	13.39941400332	0.333	0	1	chr19-40549126-40549627	8
0.301699582478348	13.2477470962594	0.333	0	1	chr19-40598177-40599044	8
0.301699582478348	11.4597126842079	0.333	0	1	chr19-40714659-40717905	8
0.301699582478348	12.9711357335505	0.333	0	1	chr19-41957535-41959867	8
0.301699582478348	11.9751445276428	0.333	0	1	chr19-42267849-42269811	8
0.301699582478348	13.1169158564538	0.333	0	1	chr19-42301667-42303477	8
0.301699582478348	12.6793799277949	0.333	0	1	chr19-43462803-43464463	8
0.301699582478348	13.4115451485676	0.333	0	1	chr19-43575181-43576047	8
0.301699582478348	13.6774389633139	0.333	0	1	chr19-43586260-43586816	8
0.301699582478348	12.8415868076547	0.333	0	1	chr19-43754173-43755871	8
0.301699582478348	12.8708942471427	0.333	0	1	chr19-43983739-43984998	8
0.301699582478348	12.6149119992818	0.333	0	1	chr19-44093934-44095594	8
0.301699582478348	12.9097590173659	0.333	0	1	chr19-44356229-44357196	8
0.301699582478348	13.2957075338313	0.333	0	1	chr19-44770473-44771226	8
0.301699582478348	13.4102747871301	0.333	0	1	chr19-44926976-44927522	8
0.301699582478348	13.2320619058447	0.333	0	1	chr19-45075281-45076983	8
0.301699582478348	12.5835116569036	0.333	0	1	chr19-45090886-45093694	8
0.301699582478348	12.6423474637069	0.333	0	1	chr19-45160612-45162415	8
0.301699582478348	13.4473497369309	0.333	0	1	chr19-45455554-45456173	8
0.301699582478348	13.350530207262	0.333	0	1	chr19-47035374-47036396	8
0.301699582478348	12.7226892310158	0.333	0	1	chr19-47095803-47099119	8
0.301699582478348	12.588542950563	0.333	0	1	chr19-47111989-47114062	8
0.301699582478348	12.7039658290372	0.333	0	1	chr19-47509258-47513227	8
0.301699582478348	13.7527590933663	0.333	0	1	chr19-48271093-48271894	8
0.301699582478348	13.4213460538473	0.333	0	1	chr19-48291150-48291657	8
0.301699582478348	13.2040291553984	0.333	0	1	chr19-48398132-48399143	8
0.301699582478348	12.601232930497	0.333	0	1	chr19-48713186-48714817	8
0.301699582478348	13.029833297743	0.333	0	1	chr19-48871997-48873383	8
0.301699582478348	13.2692772709401	0.333	0	1	chr19-48954412-48955343	8
0.301699582478348	11.833741108117	0.333	0	1	chr19-49451190-49454255	8
0.301699582478348	13.2673105394984	0.333	0	1	chr19-49712352-49713993	8
0.301699582478348	12.5098669981779	0.333	0	1	chr19-49849863-49852370	8
0.301699582478348	12.4406382293415	0.333	0	1	chr19-49865227-49868154	8
0.301699582478348	11.4080220252209	0.333	0	1	chr19-49875626-49878774	8
0.301699582478348	12.5629284330138	0.333	0	1	chr19-49928341-49930556	8
0.301699582478348	12.7992016471005	0.333	0	1	chr19-49986978-49987791	8
0.301699582478348	12.4817349198591	0.333	0	1	chr19-50147374-50148606	8
0.301699582478348	13.5197336885898	0.333	0	1	chr19-50639090-50640077	8
0.301699582478348	12.7972087453529	0.333	0	1	chr19-50872781-50874473	8
0.301699582478348	12.7529090263358	0.333	0	1	chr19-50921542-50922859	8
0.301699582478348	13.2932270622678	0.333	0	1	chr19-51020830-51021696	8
0.301699582478348	13.6825078522119	0.333	0	1	chr19-51472873-51473376	8
0.301699582478348	13.5570058918797	0.333	0	1	chr19-51553080-51553622	8
0.301699582478348	13.174982026435	0.333	0	1	chr19-51607849-51608438	8
0.301699582478348	13.0138153837844	0.333	0	1	chr19-51986202-51987244	8
0.301699582478348	12.570622244287	0.333	0	1	chr19-52027776-52029108	8
0.301699582478348	12.4330408271998	0.333	0	1	chr19-52138517-52140586	8
0.301699582478348	11.5519938017583	0.333	0	1	chr19-52188861-52191197	8
0.301699582478348	12.5730532843863	0.333	0	1	chr19-52733927-52736093	8
0.301699582478348	12.3680973682286	0.333	0	1	chr19-52785930-52787831	8
0.301699582478348	12.7210745349293	0.333	0	1	chr19-52896657-52898174	8
0.301699582478348	12.7063140593049	0.333	0	1	chr19-52922627-52923946	8
0.301699582478348	13.2783005210617	0.333	0	1	chr19-52993074-52994311	8
0.301699582478348	13.2114754618746	0.333	0	1	chr19-53192721-53193872	8
0.301699582478348	12.484153149756	0.333	0	1	chr19-53332993-53334515	8
0.301699582478348	13.3760729237303	0.333	0	1	chr19-53511777-53512330	8
0.301699582478348	13.1065972735295	0.333	0	1	chr19-53879027-53879946	8
0.301699582478348	13.2608721356948	0.333	0	1	chr19-54008269-54009282	8
0.301699582478348	13.040211003841	0.333	0	1	chr19-54102333-54103813	8
0.301699582478348	13.3109508150723	0.333	0	1	chr19-54168236-54168940	8
0.301699582478348	13.9640717539369	0.333	0	1	chr19-55088525-55089000	8
0.301699582478348	13.3784508821069	0.333	0	1	chr19-55209868-55210646	8
0.301699582478348	13.6325071800415	0.333	0	1	chr19-55369871-55370359	8
0.301699582478348	12.5250161791198	0.333	0	1	chr19-55460146-55462630	8
0.301699582478348	13.9496426568359	0.333	0	1	chr19-55590608-55591034	8
0.301699582478348	11.9683524992612	0.333	0	1	chr19-55604620-55606852	8
0.301699582478348	12.9779751013709	0.333	0	1	chr19-55623922-55625280	8
0.301699582478348	12.8594738758193	0.333	0	1	chr19-55683486-55684782	8
0.301699582478348	13.6846477945376	0.333	0	1	chr19-56071076-56071654	8
0.301699582478348	12.8378527533118	0.333	0	1	chr19-56476585-56478740	8
0.301699582478348	12.4322720369272	0.333	0	1	chr19-56538079-56539534	8
0.301699582478348	13.2884809840646	0.333	0	1	chr19-56956302-56957183	8
0.301699582478348	13.715698952795	0.333	0	1	chr19-57103925-57104372	8
0.301699582478348	12.5417114113386	0.333	0	1	chr19-57190955-57192523	8
0.301699582478348	12.3025316025427	0.333	0	1	chr19-57362462-57364211	8
0.301699582478348	12.7669097143478	0.333	0	1	chr19-57499547-57500870	8
0.301699582478348	12.6047849267582	0.333	0	1	chr19-57578447-57579386	8
0.301699582478348	12.8613149822202	0.333	0	1	chr19-57613742-57614807	8
0.301699582478348	12.7992016471005	0.333	0	1	chr19-57681440-57682601	8
0.301699582478348	12.5224223912497	0.333	0	1	chr19-57849340-57851193	8
0.301699582478348	12.5991407525909	0.333	0	1	chr19-57947153-57948228	8
0.301699582478348	12.369176500201	0.333	0	1	chr19-58394331-58396556	8
0.301699582478348	12.3967396770977	0.333	0	1	chr19-58466399-58469079	8
0.301699582478348	12.9701636571207	0.333	0	1	chr19-58513395-58516923	8
0.301699582478348	12.3584134467038	0.333	0	1	chr19-58517860-58522147	8
0.301699582478348	11.1618211960709	0.333	0	1	chr19-58572112-58576488	8
0.301699582478348	13.6495406501812	0.333	0	1	chr20-378316-378959	8
0.301699582478348	12.6134612373156	0.333	0	1	chr20-431223-432097	8
0.301699582478348	13.9396647499555	0.333	0	1	chr20-779675-780307	8
0.301699582478348	14.0063377422379	0.333	0	1	chr20-951720-952059	8
0.301699582478348	13.8440836527191	0.333	0	1	chr20-1154239-1155048	8
0.301699582478348	13.4725280756191	0.333	0	1	chr20-1225345-1226876	8
0.301699582478348	12.6815040239376	0.333	0	1	chr20-1324693-1326444	8
0.301699582478348	12.7952205346024	0.333	0	1	chr20-1427321-1428240	8
0.301699582478348	13.161338904904	0.333	0	1	chr20-1812911-1813621	8
0.301699582478348	12.722898656386	0.333	0	1	chr20-2132283-2134128	8
0.301699582478348	12.0558075147829	0.333	0	1	chr20-2469021-2471496	8
0.301699582478348	12.2887005432976	0.333	0	1	chr20-2651573-2654369	8
0.301699582478348	12.2429959231977	0.333	0	1	chr20-3238487-3240075	8
0.301699582478348	13.0371647617781	0.333	0	1	chr20-3316500-3317206	8
0.301699582478348	13.1211756935617	0.333	0	1	chr20-4006388-4007852	8
0.301699582478348	13.018288746488	0.333	0	1	chr20-4085050-4085956	8
0.301699582478348	13.4068586376017	0.333	0	1	chr20-4091769-4092462	8
0.301699582478348	13.208543284968	0.333	0	1	chr20-4248450-4250079	8
0.301699582478348	13.6879026454747	0.333	0	1	chr20-4904423-4904958	8
0.301699582478348	12.8996881921275	0.333	0	1	chr20-5098502-5101173	8
0.301699582478348	12.7249880173251	0.333	0	1	chr20-5528654-5530277	8
0.301699582478348	13.6825078522119	0.333	0	1	chr20-5838632-5839344	8
0.301699582478348	13.6050539038713	0.333	0	1	chr20-6003242-6003749	8
0.301699582478348	12.7061039585426	0.333	0	1	chr20-6707142-6709360	8
0.301699582478348	13.386777254653	0.333	0	1	chr20-7285843-7286505	8
0.301699582478348	13.5861699799703	0.333	0	1	chr20-7554676-7555262	8
0.301699582478348	13.7249733455245	0.333	0	1	chr20-7980518-7981019	8
0.301699582478348	12.5116746659065	0.333	0	1	chr20-8018702-8020356	8
0.301699582478348	13.3125494776769	0.333	0	1	chr20-8153268-8153919	8
0.301699582478348	13.1668482669608	0.333	0	1	chr20-8219132-8219922	8
0.301699582478348	13.4664993307984	0.333	0	1	chr20-8600895-8601540	8
0.301699582478348	14.2726780378796	0.333	0	1	chr20-8756403-8756765	8
0.301699582478348	12.8990441263864	0.333	0	1	chr20-9280611-9282999	8
0.301699582478348	12.3362370503767	0.333	0	1	chr20-9306160-9308691	8
0.301699582478348	13.2208886955277	0.333	0	1	chr20-9367438-9368721	8
0.301699582478348	13.4763303248137	0.333	0	1	chr20-10746797-10747462	8
0.301699582478348	13.6224405097503	0.333	0	1	chr20-11178754-11179614	8
0.301699582478348	12.9886294422276	0.333	0	1	chr20-11976663-11977469	8
0.301699582478348	13.1540849801754	0.333	0	1	chr20-12925057-12925814	8
0.301699582478348	13.0067244409969	0.333	0	1	chr20-13017191-13018769	8
0.301699582478348	13.3342754582342	0.333	0	1	chr20-13302583-13303097	8
0.301699582478348	13.6090252814588	0.333	0	1	chr20-13990523-13991294	8
0.301699582478348	12.819102863566	0.333	0	1	chr20-14775320-14776363	8
0.301699582478348	12.9238933247098	0.333	0	1	chr20-16475029-16476382	8
0.301699582478348	12.7691812348015	0.333	0	1	chr20-17356872-17358061	8
0.301699582478348	13.5630962854337	0.333	0	1	chr20-17434647-17435605	8
0.301699582478348	13.0061696612503	0.333	0	1	chr20-17536810-17537573	8
0.301699582478348	12.7601309713503	0.333	0	1	chr20-18006356-18008950	8
0.301699582478348	12.3033070461085	0.333	0	1	chr20-18465721-18468148	8
0.301699582478348	12.7732344185043	0.333	0	1	chr20-18587439-18588792	8
0.301699582478348	13.7535560025751	0.333	0	1	chr20-18628320-18628759	8
0.301699582478348	12.8389503191891	0.333	0	1	chr20-18793627-18794761	8
0.301699582478348	13.1471372463003	0.333	0	1	chr20-19407614-19408202	8
0.301699582478348	13.8614505602281	0.333	0	1	chr20-19692556-19692931	8
0.301699582478348	12.0273163433394	0.333	0	1	chr20-20051523-20053126	8
0.301699582478348	13.4027859699833	0.333	0	1	chr20-20079083-20079781	8
0.301699582478348	12.8074309381426	0.333	0	1	chr20-20360151-20361629	8
0.301699582478348	13.1045315644313	0.333	0	1	chr20-20780089-20780921	8
0.301699582478348	13.7132816984909	0.333	0	1	chr20-21048760-21049251	8
0.301699582478348	13.1554553078787	0.333	0	1	chr20-21089276-21090356	8
0.301699582478348	13.4777493301706	0.333	0	1	chr20-21154637-21155130	8
0.301699582478348	13.549865465526	0.333	0	1	chr20-21262849-21263352	8
0.301699582478348	13.1229696628223	0.333	0	1	chr20-21621870-21622981	8
0.301699582478348	13.2058310989226	0.333	0	1	chr20-21702828-21703634	8
0.301699582478348	13.6638419564105	0.333	0	1	chr20-21750911-21751537	8
0.301699582478348	13.0452604518311	0.333	0	1	chr20-22222939-22224061	8
0.301699582478348	13.7441173143258	0.333	0	1	chr20-23106329-23106852	8
0.301699582478348	13.3713457651027	0.333	0	1	chr20-23723608-23724324	8
0.301699582478348	13.192434670889	0.333	0	1	chr20-24149758-24150578	8
0.301699582478348	12.4801260675549	0.333	0	1	chr20-24656875-24658077	8
0.301699582478348	13.481313139281	0.333	0	1	chr20-25020653-25021480	8
0.301699582478348	12.9295603366296	0.333	0	1	chr20-25237521-25238690	8
0.301699582478348	13.1442496380998	0.333	0	1	chr20-25345443-25347242	8
0.301699582478348	12.1041400549354	0.333	0	1	chr20-25389360-25391509	8
0.301699582478348	12.5007766826381	0.333	0	1	chr20-25496141-25497871	8
0.301699582478348	12.5478993396369	0.333	0	1	chr20-25861141-25864045	8
0.301699582478348	13.0290659823743	0.333	0	1	chr20-29407738-29411771	8
0.301699582478348	12.5364873338963	0.333	0	1	chr20-30579084-30580571	8
0.301699582478348	13.3298676099511	0.333	0	1	chr20-31313027-31313919	8
0.301699582478348	12.0348448767362	0.333	0	1	chr20-31603802-31607410	8
0.301699582478348	13.5167831732232	0.333	0	1	chr20-31610435-31611195	8
0.301699582478348	12.4861832796027	0.333	0	1	chr20-31678418-31681189	8
0.301699582478348	12.6663117435383	0.333	0	1	chr20-31710649-31713338	8
0.301699582478348	12.3742366133004	0.333	0	1	chr20-31942126-31944467	8
0.301699582478348	12.7662166685481	0.333	0	1	chr20-32761839-32763811	8
0.301699582478348	12.3703468397132	0.333	0	1	chr20-33372436-33374819	8
0.301699582478348	12.9359610977949	0.333	0	1	chr20-33443180-33445157	8
0.301699582478348	12.425325891853	0.333	0	1	chr20-33685133-33687064	8
0.301699582478348	13.4864955252942	0.333	0	1	chr20-33818034-33818847	8
0.301699582478348	13.0615512553169	0.333	0	1	chr20-34215551-34216727	8
0.301699582478348	12.5376615999077	0.333	0	1	chr20-34312289-34313335	8
0.301699582478348	13.8903223843883	0.333	0	1	chr20-34349791-34350563	8
0.301699582478348	12.4805280337929	0.333	0	1	chr20-34515374-34517484	8
0.301699582478348	13.7077366389345	0.333	0	1	chr20-34522852-34523537	8
0.301699582478348	13.2754660175711	0.333	0	1	chr20-34549338-34550227	8
0.301699582478348	12.0755246239967	0.333	0	1	chr20-34675808-34677940	8
0.301699582478348	12.5699603176797	0.333	0	1	chr20-35091783-35093424	8
0.301699582478348	11.7266919378685	0.333	0	1	chr20-35952602-35955375	8
0.301699582478348	13.0775648546232	0.333	0	1	chr20-35990923-35991812	8
0.301699582478348	12.7576338116121	0.333	0	1	chr20-36573335-36576038	8
0.301699582478348	12.7183880266471	0.333	0	1	chr20-36623904-36624999	8
0.301699582478348	13.2444963674294	0.333	0	1	chr20-36822925-36823871	8
0.301699582478348	11.8589961979254	0.333	0	1	chr20-36861476-36864560	8
0.301699582478348	13.7336152860556	0.333	0	1	chr20-37297031-37297608	8
0.301699582478348	14.0596894743083	0.333	0	1	chr20-37640560-37640919	8
0.301699582478348	13.1847773350369	0.333	0	1	chr20-38125377-38127281	8
0.301699582478348	13.9280272090543	0.333	0	1	chr20-38408543-38409009	8
0.301699582478348	13.2418956354012	0.333	0	1	chr20-38457337-38458263	8
0.301699582478348	13.5543165866889	0.333	0	1	chr20-38692304-38692843	8
0.301699582478348	12.393025282409	0.333	0	1	chr20-38925707-38927281	8
0.301699582478348	13.7617914326392	0.333	0	1	chr20-38935182-38935701	8
0.301699582478348	13.3461142245888	0.333	0	1	chr20-39251644-39252410	8
0.301699582478348	13.1596526776151	0.333	0	1	chr20-39861163-39861894	8
0.301699582478348	13.5463320593264	0.333	0	1	chr20-39873994-39874812	8
0.301699582478348	12.532124509438	0.333	0	1	chr20-40358801-40360230	8
0.301699582478348	12.9427181865526	0.333	0	1	chr20-40663940-40664891	8
0.301699582478348	12.3991218856978	0.333	0	1	chr20-41316515-41318366	8
0.301699582478348	13.4810209518064	0.333	0	1	chr20-43537994-43538667	8
0.301699582478348	13.3233154247276	0.333	0	1	chr20-43725193-43725977	8
0.301699582478348	13.3430518256818	0.333	0	1	chr20-44379804-44380713	8
0.301699582478348	13.6196255806293	0.333	0	1	chr20-44450162-44450822	8
0.301699582478348	13.3359367341599	0.333	0	1	chr20-44683305-44684026	8
0.301699582478348	13.0790637277024	0.333	0	1	chr20-44851353-44852159	8
0.301699582478348	12.2319319162047	0.333	0	1	chr20-44884854-44886989	8
0.301699582478348	13.1277708935851	0.333	0	1	chr20-45056191-45057364	8
0.301699582478348	11.6682262676978	0.333	0	1	chr20-45339587-45344941	8
0.301699582478348	12.986465292074	0.333	0	1	chr20-45436580-45437493	8
0.301699582478348	12.8755702667753	0.333	0	1	chr20-45778767-45779989	8
0.301699582478348	13.2998751066629	0.333	0	1	chr20-46304916-46306176	8
0.301699582478348	13.5642472337102	0.333	0	1	chr20-46410856-46411363	8
0.301699582478348	13.1827794413032	0.333	0	1	chr20-46814463-46815227	8
0.301699582478348	13.6457625810471	0.333	0	1	chr20-47150540-47151100	8
0.301699582478348	13.0437443435126	0.333	0	1	chr20-47252487-47253948	8
0.301699582478348	13.8215269304988	0.333	0	1	chr20-47972181-47972563	8
0.301699582478348	13.2788056304547	0.333	0	1	chr20-47989666-47990634	8
0.301699582478348	13.6954982453558	0.333	0	1	chr20-48888877-48889565	8
0.301699582478348	13.1591047112809	0.333	0	1	chr20-48937334-48938391	8
0.301699582478348	12.58936982599	0.333	0	1	chr20-49045583-49047989	8
0.301699582478348	12.7459928900505	0.333	0	1	chr20-49185795-49188908	8
0.301699582478348	13.2864315771897	0.333	0	1	chr20-49216887-49217569	8
0.301699582478348	12.5683061859975	0.333	0	1	chr20-49306358-49308282	8
0.301699582478348	13.3011597987038	0.333	0	1	chr20-49608640-49609352	8
0.301699582478348	12.7401083394776	0.333	0	1	chr20-49899317-49900353	8
0.301699582478348	13.403402668781	0.333	0	1	chr20-49928423-49929122	8
0.301699582478348	12.6941705393779	0.333	0	1	chr20-50152230-50154459	8
0.301699582478348	13.525622569616	0.333	0	1	chr20-50169281-50169811	8
0.301699582478348	13.6243261983915	0.333	0	1	chr20-50312638-50313542	8
0.301699582478348	12.8536328535106	0.333	0	1	chr20-50790175-50791272	8
0.301699582478348	12.4454383700518	0.333	0	1	chr20-50855617-50856890	8
0.301699582478348	13.6585770827944	0.333	0	1	chr20-50916172-50916678	8
0.301699582478348	11.7857266677092	0.333	0	1	chr20-50929247-50932422	8
0.301699582478348	13.5386261662718	0.333	0	1	chr20-51181386-51182106	8
0.301699582478348	13.085847795318	0.333	0	1	chr20-51306528-51307429	8
0.301699582478348	13.4864955252942	0.333	0	1	chr20-51624131-51624761	8
0.301699582478348	13.1824025543161	0.333	0	1	chr20-51715014-51715859	8
0.301699582478348	12.3272121596166	0.333	0	1	chr20-51766427-51770374	8
0.301699582478348	13.5499010044671	0.333	0	1	chr20-52060976-52061544	8
0.301699582478348	12.4104153372626	0.333	0	1	chr20-53851674-53852753	8
0.301699582478348	13.2103576380541	0.333	0	1	chr20-54200960-54201624	8
0.301699582478348	13.1389189229776	0.333	0	1	chr20-54267309-54268218	8
0.301699582478348	12.959224114789	0.333	0	1	chr20-54983485-54985641	8
0.301699582478348	13.6750945051634	0.333	0	1	chr20-56577451-56577955	8
0.301699582478348	13.50326119016	0.333	0	1	chr20-57654201-57654884	8
0.301699582478348	13.3196848001693	0.333	0	1	chr20-58331659-58332614	8
0.301699582478348	12.2674247188639	0.333	0	1	chr20-58650560-58653236	8
0.301699582478348	12.3241062565313	0.333	0	1	chr20-58888052-58893063	8
0.301699582478348	12.8525155351889	0.333	0	1	chr20-58980621-58982436	8
0.301699582478348	12.9680617141883	0.333	0	1	chr20-59031330-59033189	8
0.301699582478348	13.4992215641593	0.333	0	1	chr20-59495827-59496369	8
0.301699582478348	13.2603811697648	0.333	0	1	chr20-59750818-59751554	8
0.301699582478348	13.0457118808617	0.333	0	1	chr20-59835351-59836265	8
0.301699582478348	12.2931168115064	0.333	0	1	chr20-60052450-60054178	8
0.301699582478348	13.4664334440828	0.333	0	1	chr20-60115395-60116038	8
0.301699582478348	13.4706909728176	0.333	0	1	chr20-60210388-60211510	8
0.301699582478348	13.4166142147129	0.333	0	1	chr20-61115291-61116096	8
0.301699582478348	12.1278843776369	0.333	0	1	chr20-62237743-62239927	8
0.301699582478348	12.8256043710585	0.333	0	1	chr20-62364880-62367610	8
0.301699582478348	12.8551940324663	0.333	0	1	chr20-62433444-62434647	8
0.301699582478348	13.5054437899333	0.333	0	1	chr20-62516193-62516849	8
0.301699582478348	13.1809817186525	0.333	0	1	chr20-62703400-62705028	8
0.301699582478348	12.9753624000211	0.333	0	1	chr20-62756131-62756993	8
0.301699582478348	13.5923288082312	0.333	0	1	chr20-62766633-62767144	8
0.301699582478348	13.6180798841498	0.333	0	1	chr20-62808199-62808694	8
0.301699582478348	12.6544724978227	0.333	0	1	chr20-62873572-62876323	8
0.301699582478348	13.9767005730215	0.333	0	1	chr20-63024366-63024814	8
0.301699582478348	13.7816347326717	0.333	0	1	chr20-63101921-63102614	8
0.301699582478348	14.0992027898447	0.333	0	1	chr20-63223272-63223702	8
0.301699582478348	12.7069020908517	0.333	0	1	chr20-63738718-63741948	8
0.301699582478348	13.6057885567674	0.333	0	1	chr20-63904311-63904939	8
0.301699582478348	12.8273157379341	0.333	0	1	chr20-63910892-63913121	8
0.301699582478348	13.1550369900249	0.333	0	1	chr21-10344191-10345060	8
0.301699582478348	12.5990796827807	0.333	0	1	chr21-14027006-14027921	8
0.301699582478348	12.331194306098	0.333	0	1	chr21-14382409-14384187	8
0.301699582478348	12.3654044812868	0.333	0	1	chr21-15729168-15733079	8
0.301699582478348	13.1147649688751	0.333	0	1	chr21-16070066-16071571	8
0.301699582478348	13.1642999186848	0.333	0	1	chr21-16168688-16171102	8
0.301699582478348	13.0514659343868	0.333	0	1	chr21-16205292-16206372	8
0.301699582478348	12.795878001597	0.333	0	1	chr21-16351311-16355272	8
0.301699582478348	13.5106105686332	0.333	0	1	chr21-16624517-16625204	8
0.301699582478348	13.313253501895	0.333	0	1	chr21-17471994-17472803	8
0.301699582478348	12.4809301644812	0.333	0	1	chr21-17512187-17514283	8
0.301699582478348	12.9561023138103	0.333	0	1	chr21-17549143-17550314	8
0.301699582478348	12.7162452842	0.333	0	1	chr21-17610643-17613730	8
0.301699582478348	12.8121270188034	0.333	0	1	chr21-20352810-20354252	8
0.301699582478348	13.3522372097214	0.333	0	1	chr21-21001608-21002754	8
0.301699582478348	13.2245918123973	0.333	0	1	chr21-21296573-21297878	8
0.301699582478348	13.35977866666	0.333	0	1	chr21-23967932-23969265	8
0.301699582478348	13.7344428223927	0.333	0	1	chr21-25765773-25766225	8
0.301699582478348	12.9369554476097	0.333	0	1	chr21-26123853-26126383	8
0.301699582478348	12.3671190510492	0.333	0	1	chr21-26842202-26845723	8
0.301699582478348	13.4994935290716	0.333	0	1	chr21-27398318-27399020	8
0.301699582478348	13.3947261683522	0.333	0	1	chr21-27872330-27872861	8
0.301699582478348	12.8814968877856	0.333	0	1	chr21-28283476-28284645	8
0.301699582478348	12.4928677784419	0.333	0	1	chr21-29002286-29004147	8
0.301699582478348	12.9368910944383	0.333	0	1	chr21-29297753-29300383	8
0.301699582478348	13.0371208406521	0.333	0	1	chr21-29523365-29524318	8
0.301699582478348	13.3195256944029	0.333	0	1	chr21-33058213-33059912	8
0.301699582478348	13.0413731769236	0.333	0	1	chr21-34151343-34152030	8
0.301699582478348	13.2265076197135	0.333	0	1	chr21-34351604-34352224	8
0.301699582478348	13.3109315111428	0.333	0	1	chr21-36163411-36165043	8
0.301699582478348	12.9366177849832	0.333	0	1	chr21-36927052-36928272	8
0.301699582478348	12.3381562227764	0.333	0	1	chr21-37071663-37074639	8
0.301699582478348	12.6441011155281	0.333	0	1	chr21-37563106-37564956	8
0.301699582478348	13.5597093865259	0.333	0	1	chr21-38505415-38506503	8
0.301699582478348	12.9219029135838	0.333	0	1	chr21-39788206-39789059	8
0.301699582478348	13.346566089862	0.333	0	1	chr21-41068888-41069488	8
0.301699582478348	13.5394234233589	0.333	0	1	chr21-41348284-41348897	8
0.301699582478348	11.9704848986124	0.333	0	1	chr21-41503136-41509328	8
0.301699582478348	13.4255953850983	0.333	0	1	chr21-41593037-41594350	8
0.301699582478348	12.5483719970355	0.333	0	1	chr21-42008973-42011504	8
0.301699582478348	12.5725626703971	0.333	0	1	chr21-42233000-42235349	8
0.301699582478348	13.1964252376286	0.333	0	1	chr21-42653424-42656725	8
0.301699582478348	12.9453113515429	0.333	0	1	chr21-43903251-43904225	8
0.301699582478348	13.5866124428655	0.333	0	1	chr21-43922684-43923776	8
0.301699582478348	12.6500562092608	0.333	0	1	chr21-44049120-44053238	8
0.301699582478348	12.9648054113387	0.333	0	1	chr21-44427741-44429153	8
0.301699582478348	12.5778593356376	0.333	0	1	chr21-44773172-44774134	8
0.301699582478348	13.0238316233151	0.333	0	1	chr21-44836312-44837391	8
0.301699582478348	13.1458982113572	0.333	0	1	chr21-44858198-44859407	8
0.301699582478348	12.671498156526	0.333	0	1	chr21-44871913-44874394	8
0.301699582478348	12.7547765636514	0.333	0	1	chr21-44910856-44912282	8
0.301699582478348	12.6744260004948	0.333	0	1	chr21-44938046-44940618	8
0.301699582478348	13.2139569556808	0.333	0	1	chr21-45292345-45293110	8
0.301699582478348	13.0273170785693	0.333	0	1	chr21-45454665-45455929	8
0.301699582478348	13.1857296134193	0.333	0	1	chr21-45820317-45821177	8
0.301699582478348	12.8436313299493	0.333	0	1	chr21-46143424-46144558	8
0.301699582478348	13.4507493534299	0.333	0	1	chr21-46147135-46147872	8
0.301699582478348	12.662497361794	0.333	0	1	chr21-46285229-46287473	8
0.301699582478348	12.864041081226	0.333	0	1	chr21-46317584-46320290	8
0.301699582478348	13.5110831786956	0.333	0	1	chr22-11617932-11618541	8
0.301699582478348	13.096952934511	0.333	0	1	chr22-11973961-11974569	8
0.301699582478348	12.6347955451295	0.333	0	1	chr22-12601455-12603496	8
0.301699582478348	13.4493700573095	0.333	0	1	chr22-17057955-17058661	8
0.301699582478348	13.2831744416989	0.333	0	1	chr22-17230126-17230827	8
0.301699582478348	13.0862265845377	0.333	0	1	chr22-17368384-17370306	8
0.301699582478348	13.5633748380371	0.333	0	1	chr22-17896171-17897042	8
0.301699582478348	12.7666576939838	0.333	0	1	chr22-17942623-17944863	8
0.301699582478348	12.5238572400888	0.333	0	1	chr22-18000866-18002274	8
0.301699582478348	12.5864250501291	0.333	0	1	chr22-18055752-18058365	8
0.301699582478348	13.1093322019809	0.333	0	1	chr22-19057844-19059432	8
0.301699582478348	13.067822857397	0.333	0	1	chr22-19390362-19391135	8
0.301699582478348	12.1369192245805	0.333	0	1	chr22-19446709-19448666	8
0.301699582478348	13.5039499929354	0.333	0	1	chr22-19605398-19605907	8
0.301699582478348	12.5293726840986	0.333	0	1	chr22-19607088-19608201	8
0.301699582478348	12.9412457916228	0.333	0	1	chr22-19760401-19762708	8
0.301699582478348	13.4393409643181	0.333	0	1	chr22-19780146-19780829	8
0.301699582478348	13.109723776311	0.333	0	1	chr22-19825836-19827706	8
0.301699582478348	12.4944977002833	0.333	0	1	chr22-20016052-20017490	8
0.301699582478348	13.064949119959	0.333	0	1	chr22-20020502-20022426	8
0.301699582478348	13.0163355149375	0.333	0	1	chr22-20079323-20081938	8
0.301699582478348	12.9907997943507	0.333	0	1	chr22-20190891-20191819	8
0.301699582478348	12.8799590700229	0.333	0	1	chr22-20198332-20199159	8
0.301699582478348	13.4857100436836	0.333	0	1	chr22-20200667-20201347	8
0.301699582478348	13.313835377477	0.333	0	1	chr22-20216750-20217631	8
0.301699582478348	13.4817996536544	0.333	0	1	chr22-20238451-20238982	8
0.301699582478348	13.5923626143066	0.333	0	1	chr22-20270660-20271210	8
0.301699582478348	12.6047849267582	0.333	0	1	chr22-20393419-20394998	8
0.301699582478348	13.0460701841669	0.333	0	1	chr22-20430679-20431880	8
0.301699582478348	13.0059660642781	0.333	0	1	chr22-20605958-20606823	8
0.301699582478348	12.7550471901948	0.333	0	1	chr22-20866879-20868127	8
0.301699582478348	13.1046502418256	0.333	0	1	chr22-21712871-21715056	8
0.301699582478348	12.3367601100506	0.333	0	1	chr22-21734935-21736551	8
0.301699582478348	13.1762753250906	0.333	0	1	chr22-21806999-21808234	8
0.301699582478348	13.5933274459536	0.333	0	1	chr22-22687582-22688082	8
0.301699582478348	13.5914443147455	0.333	0	1	chr22-22720111-22720798	8
0.301699582478348	13.2603811697648	0.333	0	1	chr22-22770132-22771063	8
0.301699582478348	13.02244201911	0.333	0	1	chr22-23033142-23034007	8
0.301699582478348	12.4022768892465	0.333	0	1	chr22-23147254-23148717	8
0.301699582478348	12.639061923388	0.333	0	1	chr22-23163163-23164448	8
0.301699582478348	13.4870644283286	0.333	0	1	chr22-23281686-23282251	8
0.301699582478348	13.280323404506	0.333	0	1	chr22-23467679-23468400	8
0.301699582478348	13.0787611459023	0.333	0	1	chr22-23772371-23774079	8
0.301699582478348	12.9034906514656	0.333	0	1	chr22-23786225-23788023	8
0.301699582478348	13.0322244820797	0.333	0	1	chr22-24060124-24060978	8
0.301699582478348	13.2031077454599	0.333	0	1	chr22-24189214-24190288	8
0.301699582478348	13.6388242294393	0.333	0	1	chr22-24311024-24311610	8
0.301699582478348	12.7262897284794	0.333	0	1	chr22-24520762-24522393	8
0.301699582478348	13.3074649211286	0.333	0	1	chr22-24707126-24707941	8
0.301699582478348	13.4441613203427	0.333	0	1	chr22-24836184-24836726	8
0.301699582478348	12.6923897639239	0.333	0	1	chr22-24969584-24970751	8
0.301699582478348	13.6809007904061	0.333	0	1	chr22-25056921-25057719	8
0.301699582478348	13.6221585225153	0.333	0	1	chr22-25334009-25334512	8
0.301699582478348	13.4147080249831	0.333	0	1	chr22-26548838-26549748	8
0.301699582478348	13.6205620875329	0.333	0	1	chr22-27558855-27559522	8
0.301699582478348	13.7010206958908	0.333	0	1	chr22-28855545-28856234	8
0.301699582478348	12.7666576939838	0.333	0	1	chr22-28951743-28953370	8
0.301699582478348	13.4470137296668	0.333	0	1	chr22-29219966-29221076	8
0.301699582478348	12.5240502999258	0.333	0	1	chr22-29305869-29307961	8
0.301699582478348	12.7294221658181	0.333	0	1	chr22-29336297-29337704	8
0.301699582478348	13.4692901889675	0.333	0	1	chr22-29469992-29470849	8
0.301699582478348	12.8185193144378	0.333	0	1	chr22-29579987-29582255	8
0.301699582478348	12.3860498574468	0.333	0	1	chr22-29837807-29838897	8
0.301699582478348	12.9156328888774	0.333	0	1	chr22-29934966-29936748	8
0.301699582478348	13.5264692533493	0.333	0	1	chr22-29992320-29993271	8
0.301699582478348	13.0616462768583	0.333	0	1	chr22-30202384-30203236	8
0.301699582478348	12.880587993459	0.333	0	1	chr22-30386539-30387947	8
0.301699582478348	11.8213093778949	0.333	0	1	chr22-30422736-30426999	8
0.301699582478348	12.2515408013025	0.333	0	1	chr22-30590726-30592728	8
0.301699582478348	12.8342956959878	0.333	0	1	chr22-30667071-30668607	8
0.301699582478348	13.5275908299418	0.333	0	1	chr22-31214383-31215632	8
0.301699582478348	13.1509097350949	0.333	0	1	chr22-31230859-31231681	8
0.301699582478348	13.0032177496799	0.333	0	1	chr22-31629576-31631273	8
0.301699582478348	13.6085249820289	0.333	0	1	chr22-32123588-32124142	8
0.301699582478348	12.8422518011835	0.333	0	1	chr22-32202180-32203061	8
0.301699582478348	12.755641276592	0.333	0	1	chr22-32473287-32476357	8
0.301699582478348	13.709997406739	0.333	0	1	chr22-33599818-33600573	8
0.301699582478348	12.7272523628708	0.333	0	1	chr22-33920194-33922157	8
0.301699582478348	12.7860260180843	0.333	0	1	chr22-34971126-34973012	8
0.301699582478348	13.6803777051075	0.333	0	1	chr22-35154782-35155519	8
0.301699582478348	12.805783121047	0.333	0	1	chr22-35430581-35431575	8
0.301699582478348	12.7479633021036	0.333	0	1	chr22-35451931-35453408	8
0.301699582478348	13.6001341511834	0.333	0	1	chr22-35930886-35931379	8
0.301699582478348	13.2910522607948	0.333	0	1	chr22-35973576-35974649	8
0.301699582478348	13.5428226594822	0.333	0	1	chr22-36144992-36145706	8
0.301699582478348	12.9796125984441	0.333	0	1	chr22-36855980-36856834	8
0.301699582478348	13.9673501741446	0.333	0	1	chr22-36910496-36910874	8
0.301699582478348	13.118394217027	0.333	0	1	chr22-37326297-37327363	8
0.301699582478348	12.5544537476957	0.333	0	1	chr22-37500866-37503073	8
0.301699582478348	13.3654897856915	0.333	0	1	chr22-37545031-37545611	8
0.301699582478348	13.1583907465543	0.333	0	1	chr22-37567024-37567914	8
0.301699582478348	12.7828289376373	0.333	0	1	chr22-37613161-37614200	8
0.301699582478348	12.680589779422	0.333	0	1	chr22-37685994-37687374	8
0.301699582478348	13.0816244305911	0.333	0	1	chr22-37791674-37792305	8
0.301699582478348	12.7333956402757	0.333	0	1	chr22-37904346-37907016	8
0.301699582478348	13.3162960028572	0.333	0	1	chr22-38240571-38241459	8
0.301699582478348	13.0294162602936	0.333	0	1	chr22-38271684-38273495	8
0.301699582478348	13.4390906148339	0.333	0	1	chr22-38553912-38554720	8
0.301699582478348	12.5304430656695	0.333	0	1	chr22-38655660-38657882	8
0.301699582478348	13.2135448619662	0.333	0	1	chr22-38718341-38718903	8
0.301699582478348	13.4166142147129	0.333	0	1	chr22-38768707-38769284	8
0.301699582478348	13.3929260239411	0.333	0	1	chr22-39134739-39135780	8
0.301699582478348	12.4579919644608	0.333	0	1	chr22-39531954-39533328	8
0.301699582478348	13.7797560324683	0.333	0	1	chr22-40014850-40015709	8
0.301699582478348	13.5885218288994	0.333	0	1	chr22-40024659-40025198	8
0.301699582478348	11.7278166061971	0.333	0	1	chr22-40042927-40045985	8
0.301699582478348	13.992455120165	0.333	0	1	chr22-40310625-40311087	8
0.301699582478348	12.9245810470359	0.333	0	1	chr22-41204774-41205943	8
0.301699582478348	13.2915403141665	0.333	0	1	chr22-41347380-41347962	8
0.301699582478348	12.6929780026774	0.333	0	1	chr22-41417549-41418840	8
0.301699582478348	13.8979467593116	0.333	0	1	chr22-41442311-41442793	8
0.301699582478348	12.7997987398215	0.333	0	1	chr22-41523357-41527939	8
0.301699582478348	12.1699109304727	0.333	0	1	chr22-41832294-41834662	8
0.301699582478348	12.8140665285603	0.333	0	1	chr22-41842847-41845767	8
0.301699582478348	12.8009136028924	0.333	0	1	chr22-41939809-41941712	8
0.301699582478348	13.4312140144776	0.333	0	1	chr22-42581428-42582692	8
0.301699582478348	13.1655728940577	0.333	0	1	chr22-42688252-42689047	8
0.301699582478348	12.7790947311252	0.333	0	1	chr22-42856116-42858510	8
0.301699582478348	12.9978621841342	0.333	0	1	chr22-42892439-42893423	8
0.301699582478348	12.6808714508686	0.333	0	1	chr22-42959387-42961011	8
0.301699582478348	13.1397363501791	0.333	0	1	chr22-43273806-43274373	8
0.301699582478348	13.0570479877229	0.333	0	1	chr22-43565925-43566746	8
0.301699582478348	12.5117715652489	0.333	0	1	chr22-43954172-43958193	8
0.301699582478348	13.7132816984909	0.333	0	1	chr22-44325939-44326643	8
0.301699582478348	13.6201149451805	0.333	0	1	chr22-44584426-44585010	8
0.301699582478348	13.2287831588901	0.333	0	1	chr22-44666001-44667529	8
0.301699582478348	12.8421868160987	0.333	0	1	chr22-44701659-44703212	8
0.301699582478348	13.2149155691182	0.333	0	1	chr22-44755033-44756603	8
0.301699582478348	13.6954982453558	0.333	0	1	chr22-45009344-45010767	8
0.301699582478348	13.5056997237945	0.333	0	1	chr22-45050369-45050951	8
0.301699582478348	13.0039318808985	0.333	0	1	chr22-45268745-45269783	8
0.301699582478348	13.3326187442786	0.333	0	1	chr22-45290440-45291132	8
0.301699582478348	12.1422544919563	0.333	0	1	chr22-45333921-45337625	8
0.301699582478348	12.7166602162972	0.333	0	1	chr22-45534549-45536030	8
0.301699582478348	13.2260009272038	0.333	0	1	chr22-45537777-45538734	8
0.301699582478348	12.8511210259231	0.333	0	1	chr22-45671366-45672956	8
0.301699582478348	13.6582903355368	0.333	0	1	chr22-46129303-46129866	8
0.301699582478348	13.5299359892767	0.333	0	1	chr22-46162337-46163659	8
0.301699582478348	13.4373565875156	0.333	0	1	chr22-46314020-46314746	8
0.301699582478348	12.7267709135038	0.333	0	1	chr22-46390306-46391441	8
0.301699582478348	12.797493157766	0.333	0	1	chr22-46574650-46578510	8
0.301699582478348	13.1003111803943	0.333	0	1	chr22-46684934-46686014	8
0.301699582478348	13.4678929822565	0.333	0	1	chr22-46740833-46741611	8
0.301699582478348	13.6020961884879	0.333	0	1	chr22-46758704-46759255	8
0.301699582478348	12.8725789197956	0.333	0	1	chr22-47129358-47130698	8
0.301699582478348	12.7982282590649	0.333	0	1	chr22-47630792-47633266	8
0.301699582478348	13.9021682460963	0.333	0	1	chr22-47966599-47966990	8
0.301699582478348	13.2623473156765	0.333	0	1	chr22-48968159-48968742	8
0.301699582478348	13.7226368295282	0.333	0	1	chr22-49016048-49016786	8
0.301699582478348	13.4220452237873	0.333	0	1	chr22-49517714-49518392	8
0.301699582478348	13.2250561856698	0.333	0	1	chr22-49754142-49756283	8
0.301699582478348	13.1748592956558	0.333	0	1	chr22-49825842-49828318	8
0.301699582478348	13.5499010044671	0.333	0	1	chr22-49833358-49834083	8
0.301699582478348	13.3654606097368	0.333	0	1	chr22-49929467-49929964	8
0.301699582478348	13.6283412101791	0.333	0	1	chr22-50102908-50103374	8
0.301699582478348	14.1261894497276	0.333	0	1	chr22-50131188-50131540	8
0.301699582478348	13.0734737788712	0.333	0	1	chr22-50148856-50149626	8
0.301699582478348	13.1275753738635	0.333	0	1	chr22-50260412-50262002	8
0.301699582478348	12.5026883818419	0.333	0	1	chr22-50398627-50400192	8
0.301699582478348	12.4229327410517	0.333	0	1	chrX-322596-326568	8
0.301699582478348	12.7428004804026	0.333	0	1	chrX-989642-990668	8
0.301699582478348	13.4837513176106	0.333	0	1	chrX-2491478-2492194	8
0.301699582478348	12.1342251874985	0.333	0	1	chrX-3712073-3714299	8
0.301699582478348	12.737789991236	0.333	0	1	chrX-9462614-9467175	8
0.301699582478348	12.8409872355277	0.333	0	1	chrX-9788455-9789626	8
0.301699582478348	13.5976689973704	0.333	0	1	chrX-10530603-10531345	8
0.301699582478348	13.2576607926818	0.333	0	1	chrX-10602558-10603136	8
0.301699582478348	13.03292821091	0.333	0	1	chrX-11367522-11368657	8
0.301699582478348	12.7182156839167	0.333	0	1	chrX-11426823-11428099	8
0.301699582478348	13.1550369900249	0.333	0	1	chrX-11477707-11478752	8
0.301699582478348	13.290537154855	0.333	0	1	chrX-11745795-11746338	8
0.301699582478348	13.219505429232	0.333	0	1	chrX-12770459-12771933	8
0.301699582478348	13.0471461489989	0.333	0	1	chrX-12946696-12948233	8
0.301699582478348	13.4109146722978	0.333	0	1	chrX-13059666-13060502	8
0.301699582478348	13.1042614805381	0.333	0	1	chrX-13721664-13722891	8
0.301699582478348	13.5239332894249	0.333	0	1	chrX-13750160-13750660	8
0.301699582478348	13.8762362494591	0.333	0	1	chrX-14032362-14032763	8
0.301699582478348	12.1989471930347	0.333	0	1	chrX-14872658-14874051	8
0.301699582478348	13.6606104138292	0.333	0	1	chrX-15522268-15522942	8
0.301699582478348	12.6520345408145	0.333	0	1	chrX-16123112-16123966	8
0.301699582478348	13.2898581302035	0.333	0	1	chrX-16385821-16386880	8
0.301699582478348	13.4849005241481	0.333	0	1	chrX-17046405-17046941	8
0.301699582478348	13.62730528653	0.333	0	1	chrX-17700885-17701389	8
0.301699582478348	13.2320619058447	0.333	0	1	chrX-17967732-17968473	8
0.301699582478348	13.0998905263765	0.333	0	1	chrX-18535721-18538146	8
0.301699582478348	14.2187030244212	0.333	0	1	chrX-18713370-18713748	8
0.301699582478348	12.9416981314077	0.333	0	1	chrX-18886039-18887313	8
0.301699582478348	13.800916973029	0.333	0	1	chrX-19932598-19933236	8
0.301699582478348	12.5781566998246	0.333	0	1	chrX-19989975-19991726	8
0.301699582478348	12.6510185281257	0.333	0	1	chrX-20221460-20222517	8
0.301699582478348	13.529017542576	0.333	0	1	chrX-20252854-20253423	8
0.301699582478348	13.3600929026299	0.333	0	1	chrX-20264992-20267499	8
0.301699582478348	13.2895082205756	0.333	0	1	chrX-20409691-20410579	8
0.301699582478348	13.567906825783	0.333	0	1	chrX-21479830-21480321	8
0.301699582478348	12.9151715968336	0.333	0	1	chrX-21838867-21840708	8
0.301699582478348	12.3324087317625	0.333	0	1	chrX-21973064-21976323	8
0.301699582478348	13.02244201911	0.333	0	1	chrX-22116873-22118786	8
0.301699582478348	13.1819286075274	0.333	0	1	chrX-22999473-23000346	8
0.301699582478348	13.0233732759008	0.333	0	1	chrX-23806404-23808081	8
0.301699582478348	12.4958879601086	0.333	0	1	chrX-23887391-23890156	8
0.301699582478348	13.1112922612123	0.333	0	1	chrX-23901746-23902926	8
0.301699582478348	13.4720953559053	0.333	0	1	chrX-23931011-23931747	8
0.301699582478348	12.7320766113944	0.333	0	1	chrX-24024197-24026268	8
0.301699582478348	13.9300279907274	0.333	0	1	chrX-24659147-24659549	8
0.301699582478348	13.9357459733908	0.333	0	1	chrX-27307828-27308286	8
0.301699582478348	13.4137114864195	0.333	0	1	chrX-27398445-27399342	8
0.301699582478348	13.3114832394935	0.333	0	1	chrX-29136698-29137414	8
0.301699582478348	13.0032550437447	0.333	0	1	chrX-30301862-30303722	8
0.301699582478348	12.9396877498811	0.333	0	1	chrX-31375962-31377496	8
0.301699582478348	13.7465692105529	0.333	0	1	chrX-34137501-34137948	8
0.301699582478348	13.5781089821751	0.333	0	1	chrX-35280140-35280889	8
0.301699582478348	13.5606137356374	0.333	0	1	chrX-35677787-35678464	8
0.301699582478348	13.686797639107	0.333	0	1	chrX-35999293-35999722	8
0.301699582478348	13.5376027295083	0.333	0	1	chrX-37036645-37037228	8
0.301699582478348	12.7241276576108	0.333	0	1	chrX-37348644-37350644	8
0.301699582478348	13.8364270870993	0.333	0	1	chrX-38654219-38654685	8
0.301699582478348	11.8314003854012	0.333	0	1	chrX-38802601-38807641	8
0.301699582478348	13.5222494240931	0.333	0	1	chrX-38968330-38969042	8
0.301699582478348	12.904680822246	0.333	0	1	chrX-39336393-39338102	8
0.301699582478348	13.5434281898758	0.333	0	1	chrX-39518366-39519633	8
0.301699582478348	13.0255203579625	0.333	0	1	chrX-40467944-40468805	8
0.301699582478348	12.3603780976969	0.333	0	1	chrX-40580056-40581723	8
0.301699582478348	12.2710231887174	0.333	0	1	chrX-40734970-40736633	8
0.301699582478348	13.559765457529	0.333	0	1	chrX-40799576-40800175	8
0.301699582478348	13.5932148728404	0.333	0	1	chrX-41198378-41199065	8
0.301699582478348	12.1555705536454	0.333	0	1	chrX-41330611-41335533	8
0.301699582478348	13.2859202760026	0.333	0	1	chrX-42422839-42423523	8
0.301699582478348	13.332067514821	0.333	0	1	chrX-42707056-42708697	8
0.301699582478348	13.8718797095603	0.333	0	1	chrX-42900903-42901402	8
0.301699582478348	13.0808051794321	0.333	0	1	chrX-44890230-44892351	8
0.301699582478348	13.2410460622925	0.333	0	1	chrX-45186910-45188220	8
0.301699582478348	13.657563679162	0.333	0	1	chrX-45299334-45300166	8
0.301699582478348	12.3689351352783	0.333	0	1	chrX-45849255-45852205	8
0.301699582478348	13.7864394580265	0.333	0	1	chrX-46627619-46628357	8
0.301699582478348	12.7948355371599	0.333	0	1	chrX-46758020-46759923	8
0.301699582478348	12.1111389769586	0.333	0	1	chrX-47658345-47659726	8
0.301699582478348	12.813001297645	0.333	0	1	chrX-48020862-48022097	8
0.301699582478348	13.6768644796324	0.333	0	1	chrX-48834422-48835727	8
0.301699582478348	12.5964279183946	0.333	0	1	chrX-48890634-48892330	8
0.301699582478348	12.5209545025394	0.333	0	1	chrX-49100158-49101994	8
0.301699582478348	13.181473561952	0.333	0	1	chrX-51445804-51446713	8
0.301699582478348	13.011075826447	0.333	0	1	chrX-51495951-51497519	8
0.301699582478348	13.5932148728404	0.333	0	1	chrX-52574571-52575124	8
0.301699582478348	12.4773168948981	0.333	0	1	chrX-53280586-53282643	8
0.301699582478348	12.9037880273797	0.333	0	1	chrX-53320254-53321637	8
0.301699582478348	13.4386787233459	0.333	0	1	chrX-53362436-53363763	8
0.301699582478348	12.8021599579825	0.333	0	1	chrX-54029419-54030799	8
0.301699582478348	13.2339429526843	0.333	0	1	chrX-56106974-56107987	8
0.301699582478348	12.7169589525624	0.333	0	1	chrX-57120831-57121992	8
0.301699582478348	13.2707721972095	0.333	0	1	chrX-65595309-65595946	8
0.301699582478348	12.9958497829838	0.333	0	1	chrX-65667142-65668369	8
0.301699582478348	12.9413584097504	0.333	0	1	chrX-67043763-67045225	8
0.301699582478348	13.662652517247	0.333	0	1	chrX-68732845-68733335	8
0.301699582478348	13.2367254835523	0.333	0	1	chrX-69387521-69389149	8
0.301699582478348	13.4664334440828	0.333	0	1	chrX-69618837-69619527	8
0.301699582478348	12.4904638696788	0.333	0	1	chrX-70433376-70435415	8
0.301699582478348	13.4732947054479	0.333	0	1	chrX-70525574-70526280	8
0.301699582478348	12.6109861527351	0.333	0	1	chrX-71532012-71535520	8
0.301699582478348	12.7179114108347	0.333	0	1	chrX-71621588-71623615	8
0.301699582478348	13.6660809961438	0.333	0	1	chrX-71870626-71871842	8
0.301699582478348	12.8439075131545	0.333	0	1	chrX-72620305-72621878	8
0.301699582478348	13.3387157483512	0.333	0	1	chrX-74179019-74180471	8
0.301699582478348	13.2603265929923	0.333	0	1	chrX-74382629-74384063	8
0.301699582478348	13.555632198624	0.333	0	1	chrX-78157565-78158281	8
0.301699582478348	12.9991777281008	0.333	0	1	chrX-78333196-78334541	8
0.301699582478348	13.796389275665	0.333	0	1	chrX-80494943-80495334	8
0.301699582478348	13.6835765923257	0.333	0	1	chrX-80648031-80648874	8
0.301699582478348	13.3238130398925	0.333	0	1	chrX-81195665-81196162	8
0.301699582478348	13.6667634029699	0.333	0	1	chrX-85089711-85090303	8
0.301699582478348	13.4805985033327	0.333	0	1	chrX-85379351-85380041	8
0.301699582478348	12.8090186989857	0.333	0	1	chrX-93672746-93674460	8
0.301699582478348	12.5557310079135	0.333	0	1	chrX-96406473-96408361	8
0.301699582478348	12.7349811089804	0.333	0	1	chrX-96563212-96564499	8
0.301699582478348	13.5835534965125	0.333	0	1	chrX-96721263-96721964	8
0.301699582478348	13.4965430508954	0.333	0	1	chrX-101430689-101431226	8
0.301699582478348	12.7294221658181	0.333	0	1	chrX-101930987-101932488	8
0.301699582478348	13.1154095410588	0.333	0	1	chrX-102768384-102769749	8
0.301699582478348	13.0127868710959	0.333	0	1	chrX-103200814-103201948	8
0.301699582478348	12.9792956970456	0.333	0	1	chrX-103214647-103215530	8
0.301699582478348	12.8984005798571	0.333	0	1	chrX-103375978-103377483	8
0.301699582478348	13.0411793534878	0.333	0	1	chrX-103628441-103630376	8
0.301699582478348	12.584419475526	0.333	0	1	chrX-104156256-104157696	8
0.301699582478348	13.3028729909603	0.333	0	1	chrX-104309907-104310616	8
0.301699582478348	13.8736860605524	0.333	0	1	chrX-105748270-105748765	8
0.301699582478348	13.3342754582342	0.333	0	1	chrX-106894290-106895590	8
0.301699582478348	13.8812886460073	0.333	0	1	chrX-107429036-107429567	8
0.301699582478348	12.6992204064163	0.333	0	1	chrX-107669209-107670880	8
0.301699582478348	12.4195782992457	0.333	0	1	chrX-107725397-107727903	8
0.301699582478348	12.9209095909179	0.333	0	1	chrX-107857398-107858629	8
0.301699582478348	13.6149697627322	0.333	0	1	chrX-108399406-108399945	8
0.301699582478348	13.5273173065392	0.333	0	1	chrX-108699300-108699787	8
0.301699582478348	13.6560877747708	0.333	0	1	chrX-110665623-110666101	8
0.301699582478348	13.2784830367245	0.333	0	1	chrX-111914264-111915127	8
0.301699582478348	13.6201149451805	0.333	0	1	chrX-112642286-112642806	8
0.301699582478348	13.258421090646	0.333	0	1	chrX-113793607-113795107	8
0.301699582478348	13.4144013186184	0.333	0	1	chrX-118116212-118117445	8
0.301699582478348	12.5801612379314	0.333	0	1	chrX-118205422-118208824	8
0.301699582478348	13.5024508172206	0.333	0	1	chrX-118225980-118226402	8
0.301699582478348	13.4434341073217	0.333	0	1	chrX-118420408-118421108	8
0.301699582478348	13.6667634029699	0.333	0	1	chrX-118884427-118885082	8
0.301699582478348	13.4007604187301	0.333	0	1	chrX-119004864-119005350	8
0.301699582478348	12.1549387410259	0.333	0	1	chrX-119235794-119237772	8
0.301699582478348	13.5350122983429	0.333	0	1	chrX-119486681-119487329	8
0.301699582478348	12.6512592669145	0.333	0	1	chrX-119605278-119607247	8
0.301699582478348	12.5238572400888	0.333	0	1	chrX-119756096-119759267	8
0.301699582478348	12.9711332307786	0.333	0	1	chrX-119983954-119985247	8
0.301699582478348	12.5529105526252	0.333	0	1	chrX-120468533-120469670	8
0.301699582478348	13.3315550316385	0.333	0	1	chrX-120497911-120498494	8
0.301699582478348	13.3568132938359	0.333	0	1	chrX-120823991-120824729	8
0.301699582478348	13.3265826705869	0.333	0	1	chrX-123432240-123433169	8
0.301699582478348	13.556456186841	0.333	0	1	chrX-123588618-123589335	8
0.301699582478348	12.4928677784419	0.333	0	1	chrX-123858651-123861487	8
0.301699582478348	13.6150430776996	0.333	0	1	chrX-124211294-124211793	8
0.301699582478348	13.5040727958933	0.333	0	1	chrX-124911313-124911991	8
0.301699582478348	13.7679805006039	0.333	0	1	chrX-126342813-126343311	8
0.301699582478348	13.9261216004501	0.333	0	1	chrX-128861245-128861825	8
0.301699582478348	13.1324141367922	0.333	0	1	chrX-128947964-128948596	8
0.301699582478348	13.2381954270962	0.333	0	1	chrX-129471908-129472583	8
0.301699582478348	12.4563690228012	0.333	0	1	chrX-129842366-129844480	8
0.301699582478348	12.9672600295349	0.333	0	1	chrX-130060183-130061306	8
0.301699582478348	12.6438817248219	0.333	0	1	chrX-130267786-130269243	8
0.301699582478348	13.7308682935536	0.333	0	1	chrX-130539672-130540142	8
0.301699582478348	13.2662310610368	0.333	0	1	chrX-130702401-130703250	8
0.301699582478348	12.2971194094557	0.333	0	1	chrX-130716442-130719108	8
0.301699582478348	13.4241479283211	0.333	0	1	chrX-130885068-130886269	8
0.301699582478348	13.3854629596649	0.333	0	1	chrX-130975850-130976385	8
0.301699582478348	13.1626063286788	0.333	0	1	chrX-131830256-131831459	8
0.301699582478348	12.6504865095683	0.333	0	1	chrX-132216724-132219779	8
0.301699582478348	13.2737727258091	0.333	0	1	chrX-132277799-132278679	8
0.301699582478348	13.6933076842649	0.333	0	1	chrX-132956976-132957658	8
0.301699582478348	13.2334721781565	0.333	0	1	chrX-133337164-133337695	8
0.301699582478348	13.5106105686332	0.333	0	1	chrX-133921760-133922275	8
0.301699582478348	13.5828153534115	0.333	0	1	chrX-133985202-133986383	8
0.301699582478348	13.7010212272176	0.333	0	1	chrX-134186697-134187408	8
0.301699582478348	12.5117784414201	0.333	0	1	chrX-134372695-134374632	8
0.301699582478348	13.6050539038713	0.333	0	1	chrX-134520841-134521319	8
0.301699582478348	13.0442804202048	0.333	0	1	chrX-134718207-134718877	8
0.301699582478348	12.4216056096914	0.333	0	1	chrX-134914199-134915860	8
0.301699582478348	12.8314527923487	0.333	0	1	chrX-135972883-135974748	8
0.301699582478348	12.8344205180785	0.333	0	1	chrX-136010382-136012934	8
0.301699582478348	12.5965803949295	0.333	0	1	chrX-136046201-136048257	8
0.301699582478348	13.9136556110037	0.333	0	1	chrX-136268471-136268872	8
0.301699582478348	13.4340648304096	0.333	0	1	chrX-138763677-138764472	8
0.301699582478348	12.6541531136559	0.333	0	1	chrX-139543696-139544973	8
0.301699582478348	12.4597983519367	0.333	0	1	chrX-139931837-139933968	8
0.301699582478348	13.4255953850983	0.333	0	1	chrX-147174326-147175134	8
0.301699582478348	13.8171589792735	0.333	0	1	chrX-149481020-149481539	8
0.301699582478348	14.0088506403743	0.333	0	1	chrX-150700098-150700581	8
0.301699582478348	13.0279274286372	0.333	0	1	chrX-150848827-150850528	8
0.301699582478348	12.5758186339334	0.333	0	1	chrX-150897661-150899918	8
0.301699582478348	12.8733847648624	0.333	0	1	chrX-152895311-152896365	8
0.301699582478348	13.2643195743434	0.333	0	1	chrX-153032445-153033209	8
0.301699582478348	12.6381121206067	0.333	0	1	chrX-153469740-153471419	8
0.301699582478348	12.7904113873046	0.333	0	1	chrX-153687018-153690280	8
0.301699582478348	13.2594003747076	0.333	0	1	chrX-153910897-153911513	8
0.301699582478348	12.6059301837264	0.333	0	1	chrX-153927000-153929168	8
0.301699582478348	13.0138153837844	0.333	0	1	chrX-153934022-153935813	8
0.301699582478348	12.8500269888807	0.333	0	1	chrX-154045945-154047747	8
0.301699582478348	12.6321980533508	0.333	0	1	chrX-154428093-154429489	8
0.301699582478348	12.3318884077746	0.333	0	1	chrX-154546128-154549223	8
0.301699582478348	13.4419825195913	0.333	0	1	chrX-154730089-154731088	8
0.301699582478348	14.3809047969357	0.333	0	1	chrX-154840949-154841043	8
0.301699582478348	13.2429535218553	0.333	0	1	chrX-155057130-155057858	8
0.301699582478348	13.7170251486779	0.333	0	1	chrX-155179376-155179930	8
0.301699582478348	13.4596569849549	0.333	0	1	chrX-155208784-155209621	8
0.301699582478348	12.3618540456772	0.333	0	1	chrX-155215607-155217433	8
0.301699582478348	13.4702346231182	0.333	0	1	chrY-2803674-2804525	8
0.301699582478348	12.1484790419739	0.333	0	1	chrY-6907915-6911960	8
0.301699582478348	12.7849955913417	0.333	0	1	chrY-6931180-6932724	8
0.301699582478348	12.5859762467692	0.333	0	1	chrY-7273062-7276074	8
0.301699582478348	13.2870645516389	0.333	0	1	chrY-7484454-7485224	8
0.301699582478348	14.1046074702027	0.333	0	1	chrY-7533304-7533811	8
0.301699582478348	13.7380461733329	0.333	0	1	chrY-9190359-9191310	8
0.301699582478348	13.7615738052687	0.333	0	1	chrY-11308565-11309020	8
0.301699582478348	12.7408417338445	0.333	0	1	chrY-12729373-12730492	8
0.301699582478348	12.2305110314284	0.333	0	1	chrY-12904358-12906379	8
0.301699582478348	12.943398966721	0.333	0	1	chrY-13367858-13368853	8
0.301699582478348	12.9115591052243	0.333	0	1	chrY-15258955-15260121	8
0.301699582478348	12.8040010471026	0.333	0	1	chrY-15364668-15365629	8
0.301699582478348	13.7195380727332	0.333	0	1	chrY-15538858-15539208	8
0.301699582478348	13.3260369071551	0.333	0	1	chrY-16608593-16609394	8
0.301699582478348	13.3629285578318	0.333	0	1	chrY-19167546-19168312	8
0.301699582478348	13.1374657634874	0.333	0	1	chrY-21671794-21673305	8
0.301699582478348	12.8090186989857	0.333	0	1	chrY-56873261-56874723	8
0.305507086861254	1.75194836473043	0.667	0.2	1	chr1-9268926-9271170	8
0.305507086861254	1.75385275939995	0.667	0.2	1	chr1-47780633-47781925	8
0.305507086861254	1.76177105947353	0.667	0.2	1	chr1-67426991-67431852	8
0.305507086861254	1.76004023953491	0.667	0.2	1	chr1-77681391-77684466	8
0.305507086861254	1.5396788323667	0.667	0.2	1	chr1-113389045-113392500	8
0.305507086861254	1.87506804255936	0.667	0.2	1	chr1-117058456-117061323	8
0.305507086861254	1.48549315234638	0.667	0.2	1	chr1-149884551-149889287	8
0.305507086861254	1.90612860227468	0.667	0.2	1	chr1-179880899-179883782	8
0.305507086861254	1.56116760209024	0.667	0.2	1	chr1-183634943-183637238	8
0.305507086861254	2.0143077027933	0.667	0.2	1	chr1-184386294-184389244	8
0.305507086861254	1.74991259123173	0.667	0.2	1	chr1-199572624-199573827	8
0.305507086861254	2.08980657250789	0.667	0.2	1	chr1-202860382-202862488	8
0.305507086861254	2.04700438065969	0.667	0.2	1	chr1-225809544-225814050	8
0.305507086861254	1.75650774483274	0.667	0.2	1	chr1-227727533-227732315	8
0.305507086861254	1.75811888436495	0.667	0.2	1	chr1-236141000-236145578	8
0.305507086861254	1.87016590155071	0.667	0.2	1	chr1-236522233-236525228	8
0.305507086861254	1.88546939961989	0.667	0.2	1	chr1-248825066-248827396	8
0.305507086861254	1.75463967420326	0.667	0.2	1	chr2-85611136-85612728	8
0.305507086861254	1.63263966049902	0.667	0.2	1	chr2-156435336-156437582	8
0.305507086861254	1.86156839445819	0.667	0.2	1	chr2-178193248-178195814	8
0.305507086861254	1.8722459136273	0.667	0.2	1	chr2-219541475-219544501	8
0.305507086861254	1.83271735012527	0.667	0.2	1	chr3-12993587-12995587	8
0.305507086861254	1.75542692933204	0.667	0.2	1	chr3-24828858-24830428	8
0.305507086861254	2.04566230004314	0.667	0.2	1	chr3-32104335-32107778	8
0.305507086861254	1.52072045756706	0.667	0.2	1	chr3-36991864-36994924	8
0.305507086861254	1.56819865582571	0.667	0.2	1	chr3-50225786-50228699	8
0.305507086861254	2.0417925534637	0.667	0.2	1	chr3-51973257-51975945	8
0.305507086861254	1.75800924800823	0.667	0.2	1	chr3-58035454-58044441	8
0.305507086861254	1.85218123692928	0.667	0.2	1	chr3-58432857-58434478	8
0.305507086861254	1.75858849587494	0.667	0.2	1	chr3-69738211-69740699	8
0.305507086861254	1.83939585304369	0.667	0.2	1	chr3-134373430-134375699	8
0.305507086861254	1.49361380802193	0.667	0.2	1	chr3-136193355-136197938	8
0.305507086861254	1.85082116743668	0.667	0.2	1	chr3-160179557-160182180	8
0.305507086861254	1.75464988974352	0.667	0.2	1	chr3-172039056-172040908	8
0.305507086861254	1.53625205354343	0.667	0.2	1	chr3-173394708-173399459	8
0.305507086861254	1.75415840268641	0.667	0.2	1	chr3-182978930-182981343	8
0.305507086861254	1.75635345795639	0.667	0.2	1	chr4-2467883-2470380	8
0.305507086861254	1.74725256056014	0.667	0.2	1	chr4-13886805-13887476	8
0.305507086861254	1.75243165847735	0.667	0.2	1	chr4-88042750-88044629	8
0.305507086861254	1.7538835799423	0.667	0.2	1	chr4-88599097-88601577	8
0.305507086861254	1.75370165890373	0.667	0.2	1	chr4-89056538-89057679	8
0.305507086861254	1.62574311030623	0.667	0.2	1	chr4-109727812-109731090	8
0.305507086861254	1.75836774646553	0.667	0.2	1	chr4-186722780-186727547	8
0.305507086861254	1.81171884958014	0.667	0.2	1	chr5-34006147-34009088	8
0.305507086861254	1.85769763716248	0.667	0.2	1	chr5-38659849-38660862	8
0.305507086861254	1.75714970362155	0.667	0.2	1	chr5-69414630-69416742	8
0.305507086861254	1.57398162606847	0.667	0.2	1	chr5-91125543-91129038	8
0.305507086861254	1.75701512387422	0.667	0.2	1	chr5-132829297-132832055	8
0.305507086861254	1.75080115157572	0.667	0.2	1	chr5-141349769-141350720	8
0.305507086861254	1.75234603927927	0.667	0.2	1	chr5-174045158-174045982	8
0.305507086861254	2.0674685096942	0.667	0.2	1	chr5-179817925-179834397	8
0.305507086861254	1.5551134788021	0.667	0.2	1	chr5-181241188-181244901	8
0.305507086861254	1.79768101302429	0.667	0.2	1	chr6-37818310-37821116	8
0.305507086861254	1.84396522421489	0.667	0.2	1	chr6-108294282-108295829	8
0.305507086861254	1.75561857223287	0.667	0.2	1	chr6-108847696-108849234	8
0.305507086861254	2.10845119643612	0.667	0.2	1	chr7-880469-885404	8
0.305507086861254	1.74761144200285	0.667	0.2	1	chr7-1130950-1132121	8
0.305507086861254	2.35146720414117	0.667	0.2	1	chr7-1811797-1812784	8
0.305507086861254	2.71254764352415	0.667	0.2	1	chr7-4743782-4746601	8
0.305507086861254	1.97416242953743	0.667	0.2	1	chr7-5512833-5514987	8
0.305507086861254	1.58565932279158	0.667	0.2	1	chr7-6588512-6591238	8
0.305507086861254	1.97109135774495	0.667	0.2	1	chr7-7114172-7115677	8
0.305507086861254	3.15365905566527	0.667	0.2	1	chr7-7181453-7183679	8
0.305507086861254	1.81686046088594	0.667	0.2	1	chr7-13741989-13743167	8
0.305507086861254	2.05501768960536	0.667	0.2	1	chr7-20151718-20153942	8
0.305507086861254	2.29413685162545	0.667	0.2	1	chr7-20329186-20331370	8
0.305507086861254	2.28589122968731	0.667	0.2	1	chr7-23105023-23107710	8
0.305507086861254	2.16612369564095	0.667	0.2	1	chr7-23272781-23273791	8
0.305507086861254	2.23349529518546	0.667	0.2	1	chr7-23530300-23532650	8
0.305507086861254	1.79895432929015	0.667	0.2	1	chr7-24820112-24821304	8
0.305507086861254	2.13613248955852	0.667	0.2	1	chr7-25124341-25126312	8
0.305507086861254	1.60786084142861	0.667	0.2	1	chr7-25454969-25457544	8
0.305507086861254	2.08777365263646	0.667	0.2	1	chr7-27344477-27348170	8
0.305507086861254	1.97011930262462	0.667	0.2	1	chr7-38335395-38336684	8
0.305507086861254	2.02830482281321	0.667	0.2	1	chr7-42924107-42925260	8
0.305507086861254	2.68268792704652	0.667	0.2	1	chr7-44605479-44607814	8
0.305507086861254	2.48387721719625	0.667	0.2	1	chr7-45110223-45112643	8
0.305507086861254	2.09655659790525	0.667	0.2	1	chr7-46932052-46934073	8
0.305507086861254	2.20850600523115	0.667	0.2	1	chr7-47575706-47577042	8
0.305507086861254	2.11352867155072	0.667	0.2	1	chr7-48035148-48036506	8
0.305507086861254	2.23215118075192	0.667	0.2	1	chr7-51263121-51264465	8
0.305507086861254	2.47522946403836	0.667	0.2	1	chr7-55515358-55516880	8
0.305507086861254	1.75507900410991	0.667	0.2	1	chr7-56063529-56065557	8
0.305507086861254	1.77277130120327	0.667	0.2	1	chr7-56105218-56107109	8
0.305507086861254	1.7572145094437	0.667	0.2	1	chr7-64665694-64667911	8
0.305507086861254	1.53926000406304	0.667	0.2	1	chr7-90243529-90247602	8
0.305507086861254	2.00003041129917	0.667	0.2	1	chr7-99438076-99439865	8
0.305507086861254	1.97175857025481	0.667	0.2	1	chr7-99616297-99617686	8
0.305507086861254	1.88227669244596	0.667	0.2	1	chr7-134645447-134647904	8
0.305507086861254	1.75456186414077	0.667	0.2	1	chr7-140923330-140925495	8
0.305507086861254	1.60843515423844	0.667	0.2	1	chr7-151057334-151061256	8
0.305507086861254	1.55405198381062	0.667	0.2	1	chr7-151818674-151820125	8
0.305507086861254	1.47728323635548	0.667	0.2	1	chr8-123072051-123073465	8
0.305507086861254	1.7106389912068	0.667	0.2	1	chr8-133522116-133576268	8
0.305507086861254	2.01514437264715	0.667	0.2	1	chr9-2014334-2018688	8
0.305507086861254	1.54063799493329	0.667	0.2	1	chr9-35731473-35733696	8
0.305507086861254	1.48295436663337	0.667	0.2	1	chr9-71909936-71912695	8
0.305507086861254	1.66619178960341	0.667	0.2	1	chr9-113150472-113153089	8
0.305507086861254	1.85297721391761	0.667	0.2	1	chr10-91220006-91221704	8
0.305507086861254	1.7528914784235	0.667	0.2	1	chr11-35969318-35970593	8
0.305507086861254	1.86270833567808	0.667	0.2	1	chr11-62830886-62833285	8
0.305507086861254	2.23223189193218	0.667	0.2	1	chr11-67463138-67469847	8
0.305507086861254	1.75700141876384	0.667	0.2	1	chr11-72720755-72723165	8
0.305507086861254	1.995713440264	0.667	0.2	1	chr11-83723634-83725601	8
0.305507086861254	1.75404685720731	0.667	0.2	1	chr11-86705925-86707216	8
0.305507086861254	1.97699553745298	0.667	0.2	1	chr11-107839885-107841195	8
0.305507086861254	1.55589240380055	0.667	0.2	1	chr11-111981629-111984007	8
0.305507086861254	1.75667427571308	0.667	0.2	1	chr11-117143368-117146059	8
0.305507086861254	1.7562545942306	0.667	0.2	1	chr11-121291919-121293813	8
0.305507086861254	1.86471898107148	0.667	0.2	1	chr11-124953145-124954861	8
0.305507086861254	1.8667400257294	0.667	0.2	1	chr12-45989247-45992590	8
0.305507086861254	1.52317747544988	0.667	0.2	1	chr12-50109911-50113571	8
0.305507086861254	1.54311877718951	0.667	0.2	1	chr12-53499043-53502378	8
0.305507086861254	1.7557853596141	0.667	0.2	1	chr12-98514673-98517243	8
0.305507086861254	1.74941811361786	0.667	0.2	1	chr13-92951281-92952157	8
0.305507086861254	1.87374063845668	0.667	0.2	1	chr14-21454722-21457134	8
0.305507086861254	1.76014499002662	0.667	0.2	1	chr14-74491660-74494615	8
0.305507086861254	1.75737546456965	0.667	0.2	1	chr14-102507919-102511283	8
0.305507086861254	1.76048496888491	0.667	0.2	1	chr15-40106390-40109732	8
0.305507086861254	1.75542430490493	0.667	0.2	1	chr15-85793455-85795568	8
0.305507086861254	1.75268821625998	0.667	0.2	1	chr16-12880799-12882323	8
0.305507086861254	1.50218691871291	0.667	0.2	1	chr16-22189724-22192565	8
0.305507086861254	1.67213936287	0.667	0.2	1	chr16-23148316-23150148	8
0.305507086861254	1.74690080424037	0.667	0.2	1	chr16-30637861-30638395	8
0.305507086861254	1.75473254951609	0.667	0.2	1	chr16-30813854-30815181	8
0.305507086861254	1.7553145541333	0.667	0.2	1	chr16-35398033-35400006	8
0.305507086861254	1.72175036321587	0.667	0.2	1	chr16-57734499-57737455	8
0.305507086861254	1.75132518398411	0.667	0.2	1	chr16-66608279-66609354	8
0.305507086861254	1.76013512203758	0.667	0.2	1	chr16-72092698-72094680	8
0.305507086861254	1.89732081630927	0.667	0.2	1	chr17-41783865-41787559	8
0.305507086861254	2.04304069686892	0.667	0.2	1	chr17-55750512-55752856	8
0.305507086861254	1.76228546934429	0.667	0.2	1	chr17-58516996-58519709	8
0.305507086861254	1.75487818758188	0.667	0.2	1	chr17-73231085-73233667	8
0.305507086861254	1.59672775560455	0.667	0.2	1	chr17-83050626-83054124	8
0.305507086861254	1.75805385828454	0.667	0.2	1	chr18-3260625-3263459	8
0.305507086861254	1.7539672737192	0.667	0.2	1	chr18-9365970-9366830	8
0.305507086861254	1.7575083033253	0.667	0.2	1	chr18-22168210-22171079	8
0.305507086861254	1.75711655732123	0.667	0.2	1	chr18-23452608-23454430	8
0.305507086861254	1.75629663113789	0.667	0.2	1	chr18-35496775-35498452	8
0.305507086861254	1.75892364457152	0.667	0.2	1	chr18-59052772-59056018	8
0.305507086861254	1.75334282242404	0.667	0.2	1	chr18-76820844-76823408	8
0.305507086861254	1.55090135241379	0.667	0.2	1	chr19-506426-508379	8
0.305507086861254	1.7616645355264	0.667	0.2	1	chr19-20051606-20053387	8
0.305507086861254	1.7531574297888	0.667	0.2	1	chr19-20775878-20777058	8
0.305507086861254	1.5488170550819	0.667	0.2	1	chr19-36113805-36116386	8
0.305507086861254	2.01449078504429	0.667	0.2	1	chr19-45404097-45407042	8
0.305507086861254	2.09493867129086	0.667	0.2	1	chr19-49639811-49642853	8
0.305507086861254	1.72187803017605	0.667	0.2	1	chr19-51365259-51368392	8
0.305507086861254	1.75470654664012	0.667	0.2	1	chr19-53102273-53104191	8
0.305507086861254	1.85134611992189	0.667	0.2	1	chr19-56566789-56568177	8
0.305507086861254	2.09243932632097	0.667	0.2	1	chr20-5125909-5128196	8
0.305507086861254	1.74774958876077	0.667	0.2	1	chr20-8172650-8173272	8
0.305507086861254	1.75378088328485	0.667	0.2	1	chr20-46363513-46364900	8
0.305507086861254	1.75594353060092	0.667	0.2	1	chr21-28990915-28993509	8
0.305507086861254	1.60082531892974	0.667	0.2	1	chr22-23521076-23522511	8
0.305507086861254	1.93605774745608	0.667	0.2	1	chr22-37606742-37610274	8
0.305507086861254	1.82503332747523	0.667	0.2	1	chr22-39526942-39529685	8
0.305507086861254	1.83904268553606	0.667	0.2	1	chr22-46267326-46268583	8
0.305507086861254	1.88788096380042	0.667	0.2	1	chrX-101347396-101349339	8
0.305507086861254	1.75598254223878	0.667	0.2	1	chrX-155026351-155028506	8
0.359396770820519	0.56677264584699	0.667	0.6	1	chr5-91378539-91385364	8
0.427124088792106	1.17019265303709	0.667	0.4	1	chr1-100350927-100355594	8
0.427124088792106	0.90989049713231	0.667	0.4	1	chr2-241123407-241124616	8
0.427124088792106	0.929893323494313	0.667	0.4	1	chr3-48715075-48717990	8
0.427124088792106	0.783874549374072	0.667	0.4	1	chr3-50235268-50236673	8
0.427124088792106	1.13231128547605	0.667	0.4	1	chr3-52535807-52538264	8
0.427124088792106	0.948896164101515	0.667	0.4	1	chr3-57226722-57229878	8
0.427124088792106	0.977830156973719	0.667	0.4	1	chr4-139553937-139558216	8
0.427124088792106	1.172083104553	0.667	0.4	1	chr5-33438900-33443288	8
0.427124088792106	0.936100711260507	0.667	0.4	1	chr5-172282615-172284621	8
0.427124088792106	1.63110818429834	0.667	0.4	1	chr7-1043180-1045173	8
0.427124088792106	1.76366055827622	0.667	0.4	1	chr7-12685422-12688229	8
0.427124088792106	1.19673451074093	0.667	0.4	1	chr7-30593628-30596951	8
0.427124088792106	0.835461562093162	0.667	0.4	1	chr7-90209622-90214754	8
0.427124088792106	1.06398957084361	0.667	0.4	1	chr7-91879992-91881615	8
0.427124088792106	0.779235716156607	0.667	0.4	1	chr7-92446867-92449142	8
0.427124088792106	1.51368188758993	0.667	0.4	1	chr7-100611369-100613233	8
0.427124088792106	0.892005182537571	0.667	0.4	1	chr7-129778814-129781522	8
0.427124088792106	1.08585041874155	0.667	0.4	1	chr11-19116656-19118077	8
0.427124088792106	0.78018113265016	0.667	0.4	1	chr12-122097456-122099935	8
0.427124088792106	0.774460378533349	0.667	0.4	1	chr14-73752309-73757099	8
0.427124088792106	0.957977506514259	0.667	0.4	1	chr15-69591511-69596127	8
0.427124088792106	1.20388014781318	0.667	0.4	1	chr17-39699481-39707048	8
0.49452466788387	1.62887265041897	0.667	0.2	1	chr1-3780666-3781915	8
0.49452466788387	1.26137021612581	0.667	0.2	1	chr1-15523680-15527841	8
0.49452466788387	1.39882780205998	0.667	0.2	1	chr1-32012918-32015452	8
0.49452466788387	0.962776353691544	0.667	0.2	1	chr1-36382994-36387481	8
0.49452466788387	1.21675586512971	0.667	0.2	1	chr1-42338622-42341384	8
0.49452466788387	1.26955626415313	0.667	0.2	1	chr1-42957208-42959843	8
0.49452466788387	1.58023187798415	0.667	0.2	1	chr1-43945564-43948187	8
0.49452466788387	1.26216370216741	0.667	0.2	1	chr1-46718317-46720323	8
0.49452466788387	1.13653286619373	0.667	0.2	1	chr1-84572728-84575012	8
0.49452466788387	1.12071797729676	0.667	0.2	1	chr1-99644547-99646728	8
0.49452466788387	1.29781554253038	0.667	0.2	1	chr1-101024712-101026941	8
0.49452466788387	1.38952708010689	0.667	0.2	1	chr1-107702305-107703937	8
0.49452466788387	1.69615502795989	0.667	0.2	1	chr1-117590162-117592893	8
0.49452466788387	1.69683371062703	0.667	0.2	1	chr1-119138742-119141633	8
0.49452466788387	1.60939589855868	0.667	0.2	1	chr1-153990237-153991507	8
0.49452466788387	1.57186974407966	0.667	0.2	1	chr1-156470431-156472797	8
0.49452466788387	1.60878429308322	0.667	0.2	1	chr1-156725480-156727149	8
0.49452466788387	1.57645844751446	0.667	0.2	1	chr1-167552722-167554557	8
0.49452466788387	0.804244751192384	0.667	0.2	1	chr1-170531002-170532976	8
0.49452466788387	1.57817167114754	0.667	0.2	1	chr1-180631263-180632989	8
0.49452466788387	0.886392324876931	0.667	0.2	1	chr1-185155814-185159134	8
0.49452466788387	1.00715366676587	0.667	0.2	1	chr1-185315382-185318276	8
0.49452466788387	1.21621861658841	0.667	0.2	1	chr1-205121178-205123274	8
0.49452466788387	0.672646359480006	0.667	0.2	1	chr1-207024162-207034524	8
0.49452466788387	1.10299137315635	0.667	0.2	1	chr1-211674860-211676373	8
0.49452466788387	0.837452557610763	0.667	0.2	1	chr1-215539319-215541041	8
0.49452466788387	1.58798101627166	0.667	0.2	1	chr1-226406227-226408664	8
0.49452466788387	1.16833546680456	0.667	0.2	1	chr1-229557424-229559802	8
0.49452466788387	1.38816649918919	0.667	0.2	1	chr1-241639236-241641551	8
0.49452466788387	1.70333928644993	0.667	0.2	1	chr2-27080986-27081849	8
0.49452466788387	1.40789156213221	0.667	0.2	1	chr2-75709263-75711734	8
0.49452466788387	1.4632831214672	0.667	0.2	1	chr2-98479683-98480913	8
0.49452466788387	1.57524872798272	0.667	0.2	1	chr2-111120062-111123674	8
0.49452466788387	1.63786131052477	0.667	0.2	1	chr2-129979432-129980725	8
0.49452466788387	0.696421063398721	0.667	0.2	1	chr2-191677214-191679221	8
0.49452466788387	1.0608275870422	0.667	0.2	1	chr2-241558382-241562584	8
0.49452466788387	1.1989095811418	0.667	0.2	1	chr3-4491897-4494027	8
0.49452466788387	1.15920668901077	0.667	0.2	1	chr3-20184605-20188012	8
0.49452466788387	1.55197339984883	0.667	0.2	1	chr3-39405820-39417996	8
0.49452466788387	1.21893348526664	0.667	0.2	1	chr3-48555936-48558893	8
0.49452466788387	1.5938854135916	0.667	0.2	1	chr3-49015760-49019173	8
0.49452466788387	1.12059392592251	0.667	0.2	1	chr3-49092739-49095077	8
0.49452466788387	1.25737403619472	0.667	0.2	1	chr3-49802317-49803651	8
0.49452466788387	1.21917280027499	0.667	0.2	1	chr3-59653512-59655176	8
0.49452466788387	1.58627120792309	0.667	0.2	1	chr3-69012517-69015265	8
0.49452466788387	0.958982149668282	0.667	0.2	1	chr3-123027246-123029251	8
0.49452466788387	1.504678277087	0.667	0.2	1	chr3-128152892-128154579	8
0.49452466788387	1.08741196021958	0.667	0.2	1	chr3-130110615-130113761	8
0.49452466788387	1.47818375869412	0.667	0.2	1	chr3-133572679-133575292	8
0.49452466788387	1.19973745444113	0.667	0.2	1	chr3-156673564-156676765	8
0.49452466788387	1.19737951005923	0.667	0.2	1	chr3-182716037-182717832	8
0.49452466788387	1.57295642385595	0.667	0.2	1	chr3-195892553-195898425	8
0.49452466788387	1.58346751045084	0.667	0.2	1	chr4-3291068-3294157	8
0.49452466788387	1.32793336049177	0.667	0.2	1	chr4-8426994-8429182	8
0.49452466788387	1.22101147480447	0.667	0.2	1	chr4-22514277-22517145	8
0.49452466788387	1.2906630962142	0.667	0.2	1	chr4-25913183-25915700	8
0.49452466788387	1.60954717727851	0.667	0.2	1	chr4-26124395-26125578	8
0.49452466788387	1.20740897923048	0.667	0.2	1	chr4-38867150-38869609	8
0.49452466788387	1.24858178941673	0.667	0.2	1	chr4-39637229-39640323	8
0.49452466788387	1.59176890899771	0.667	0.2	1	chr4-55345788-55348889	8
0.49452466788387	1.01927106950876	0.667	0.2	1	chr4-75723208-75725729	8
0.49452466788387	1.46367002773641	0.667	0.2	1	chr4-76585308-76586878	8
0.49452466788387	1.13524923467694	0.667	0.2	1	chr4-82898549-82902420	8
0.49452466788387	1.41918312636905	0.667	0.2	1	chr4-87072618-87074427	8
0.49452466788387	1.30281535567195	0.667	0.2	1	chr4-88514216-88516124	8
0.49452466788387	1.60314381287242	0.667	0.2	1	chr4-104966327-104967868	8
0.49452466788387	0.765904950980502	0.667	0.2	1	chr4-109432363-109436174	8
0.49452466788387	1.60256962974513	0.667	0.2	1	chr4-128552420-128554573	8
0.49452466788387	1.48642880862266	0.667	0.2	1	chr4-145096740-145099626	8
0.49452466788387	1.42732768659274	0.667	0.2	1	chr4-153344125-153346189	8
0.49452466788387	1.27375383708021	0.667	0.2	1	chr4-184745562-184751442	8
0.49452466788387	1.32548913112886	0.667	0.2	1	chr5-663263-666158	8
0.49452466788387	1.58310162227661	0.667	0.2	1	chr5-1879779-1884439	8
0.49452466788387	1.19375655127661	0.667	0.2	1	chr5-6711666-6715112	8
0.49452466788387	0.934985871282763	0.667	0.2	1	chr5-12573681-12575658	8
0.49452466788387	1.29045740682778	0.667	0.2	1	chr5-14010941-14012380	8
0.49452466788387	1.71664360527639	0.667	0.2	1	chr5-29484949-29485799	8
0.49452466788387	1.35115430264768	0.667	0.2	1	chr5-82164058-82166541	8
0.49452466788387	1.70036246302093	0.667	0.2	1	chr5-87411305-87413732	8
0.49452466788387	1.33276778603155	0.667	0.2	1	chr5-123511341-123513651	8
0.49452466788387	1.58993568053523	0.667	0.2	1	chr5-132736689-132738264	8
0.49452466788387	1.61310234843648	0.667	0.2	1	chr5-137303689-137304988	8
0.49452466788387	1.62910771600216	0.667	0.2	1	chr5-138035829-138036657	8
0.49452466788387	1.43500699795187	0.667	0.2	1	chr5-140351435-140352162	8
0.49452466788387	1.6563125319726	0.667	0.2	1	chr5-143106103-143106766	8
0.49452466788387	1.24596837754003	0.667	0.2	1	chr6-7417458-7419796	8
0.49452466788387	1.12416392449267	0.667	0.2	1	chr6-32967403-32975374	8
0.49452466788387	1.29196220593203	0.667	0.2	1	chr6-53651089-53652853	8
0.49452466788387	1.20921762759921	0.667	0.2	1	chr6-98870591-98871936	8
0.49452466788387	0.617111123301263	0.667	0.2	1	chr6-108556717-108563129	8
0.49452466788387	0.695953133477493	0.667	0.2	1	chr6-118891924-118896973	8
0.49452466788387	1.59380432696361	0.667	0.2	1	chr6-128519383-128521527	8
0.49452466788387	1.12285053850484	0.667	0.2	1	chr7-66627758-66629494	8
0.49452466788387	1.2518627680049	0.667	0.2	1	chr7-75526621-75528815	8
0.49452466788387	1.61158690685007	0.667	0.2	1	chr7-77497536-77499546	8
0.49452466788387	1.59821678121855	0.667	0.2	1	chr7-92832477-92834292	8
0.49452466788387	1.6548832001866	0.667	0.2	1	chr7-94435937-94436455	8
0.49452466788387	1.40945657447099	0.667	0.2	1	chr7-131346917-131348044	8
0.49452466788387	1.31249709554701	0.667	0.2	1	chr7-132249456-132252433	8
0.49452466788387	1.48022515994451	0.667	0.2	1	chr7-133252624-133253908	8
0.49452466788387	1.58168892483854	0.667	0.2	1	chr7-135167964-135171263	8
0.49452466788387	0.821557603900335	0.667	0.2	1	chr7-135677629-135679470	8
0.49452466788387	0.939478833921907	0.667	0.2	1	chr7-143287736-143289512	8
0.49452466788387	1.36406064299588	0.667	0.2	1	chr7-149459090-149461275	8
0.49452466788387	1.6271618192176	0.667	0.2	1	chr7-149775789-149780178	8
0.49452466788387	1.5669373693899	0.667	0.2	1	chr7-151112947-151116838	8
0.49452466788387	1.21990512734194	0.667	0.2	1	chr7-151341050-151343253	8
0.49452466788387	1.06965366899297	0.667	0.2	1	chr7-151517778-151520607	8
0.49452466788387	1.51130779747556	0.667	0.2	1	chr8-6707572-6710053	8
0.49452466788387	1.07293313342127	0.667	0.2	1	chr8-30081035-30083792	8
0.49452466788387	1.18969764056365	0.667	0.2	1	chr8-65840278-65843007	8
0.49452466788387	1.56087513376382	0.667	0.2	1	chr8-66112605-66116050	8
0.49452466788387	0.710279555240232	0.667	0.2	1	chr8-73970627-73973286	8
0.49452466788387	1.29859296214395	0.667	0.2	1	chr8-86507504-86509368	8
0.49452466788387	1.60849697121987	0.667	0.2	1	chr8-123240222-123241881	8
0.49452466788387	1.56758638637266	0.667	0.2	1	chr8-140456277-140460904	8
0.49452466788387	0.853112029875283	0.667	0.2	1	chr8-140790310-140792930	8
0.49452466788387	1.5681011010794	0.667	0.2	1	chr9-5626752-5630765	8
0.49452466788387	0.772904933074453	0.667	0.2	1	chr9-33327964-33330794	8
0.49452466788387	1.36223241909013	0.667	0.2	1	chr9-34619899-34620992	8
0.49452466788387	1.59131050874536	0.667	0.2	1	chr9-35078926-35080725	8
0.49452466788387	1.14359104019612	0.667	0.2	1	chr9-70417973-70421840	8
0.49452466788387	1.12363277877326	0.667	0.2	1	chr9-75086479-75089988	8
0.49452466788387	1.51358900176466	0.667	0.2	1	chr9-85258686-85259254	8
0.49452466788387	1.4786773028119	0.667	0.2	1	chr9-100097848-100100223	8
0.49452466788387	1.52212317684381	0.667	0.2	1	chr9-130680831-130682945	8
0.49452466788387	1.35234705887324	0.667	0.2	1	chr9-133116554-133118286	8
0.49452466788387	1.36783268926194	0.667	0.2	1	chr10-12194520-12197656	8
0.49452466788387	1.71054794050787	0.667	0.2	1	chr10-43583775-43584654	8
0.49452466788387	0.753137824554593	0.667	0.2	1	chr10-92290003-92292775	8
0.49452466788387	1.00088560827878	0.667	0.2	1	chr10-102116893-102122390	8
0.49452466788387	1.03119766922586	0.667	0.2	1	chr10-121926089-121929204	8
0.49452466788387	1.49404740262818	0.667	0.2	1	chr10-132406309-132410694	8
0.49452466788387	1.20517509553362	0.667	0.2	1	chr11-612092-616519	8
0.49452466788387	1.24527881540163	0.667	0.2	1	chr11-9384279-9385873	8
0.49452466788387	1.23999644508261	0.667	0.2	1	chr11-10807350-10810177	8
0.49452466788387	1.44085665610951	0.667	0.2	1	chr11-14890754-14892829	8
0.49452466788387	1.42503468574086	0.667	0.2	1	chr11-36435714-36436787	8
0.49452466788387	1.58811204042724	0.667	0.2	1	chr11-44584066-44585837	8
0.49452466788387	0.95743664616276	0.667	0.2	1	chr11-45804031-45805982	8
0.49452466788387	1.21980665879602	0.667	0.2	1	chr11-57310588-57313369	8
0.49452466788387	1.25432310410768	0.667	0.2	1	chr11-63680829-63683510	8
0.49452466788387	1.25034692834264	0.667	0.2	1	chr11-65110051-65113859	8
0.49452466788387	1.4406772306288	0.667	0.2	1	chr11-71102786-71104159	8
0.49452466788387	1.16288072159332	0.667	0.2	1	chr11-73787111-73789210	8
0.49452466788387	1.57875429135592	0.667	0.2	1	chr11-77506033-77507362	8
0.49452466788387	1.28661484912666	0.667	0.2	1	chr11-83159635-83162063	8
0.49452466788387	1.21770240703743	0.667	0.2	1	chr11-100901958-100903777	8
0.49452466788387	1.39568959785229	0.667	0.2	1	chr11-120801976-120802685	8
0.49452466788387	0.725592216432156	0.667	0.2	1	chr11-125591461-125593884	8
0.49452466788387	1.48925960780874	0.667	0.2	1	chr11-125654811-125655745	8
0.49452466788387	1.36103771706475	0.667	0.2	1	chr11-130068614-130072182	8
0.49452466788387	1.55156648402516	0.667	0.2	1	chr12-6531973-6540179	8
0.49452466788387	1.3776573500501	0.667	0.2	1	chr12-9447601-9450113	8
0.49452466788387	1.17419207778983	0.667	0.2	1	chr12-27779445-27781602	8
0.49452466788387	1.36656156140408	0.667	0.2	1	chr12-50924290-50925657	8
0.49452466788387	0.834385669171394	0.667	0.2	1	chr12-53378674-53381351	8
0.49452466788387	1.57968888192231	0.667	0.2	1	chr12-56314896-56316879	8
0.49452466788387	1.59722396007434	0.667	0.2	1	chr12-64450107-64453461	8
0.49452466788387	1.19166941400661	0.667	0.2	1	chr12-92928119-92931021	8
0.49452466788387	1.59812018904873	0.667	0.2	1	chr12-101406201-101409416	8
0.49452466788387	1.21712823722918	0.667	0.2	1	chr12-122870577-122873643	8
0.49452466788387	1.6449337851256	0.667	0.2	1	chr13-48411408-48413484	8
0.49452466788387	0.995149951015886	0.667	0.2	1	chr13-60395627-60398750	8
0.49452466788387	1.36476959194045	0.667	0.2	1	chr13-63773594-63774716	8
0.49452466788387	1.59027610075628	0.667	0.2	1	chr14-20989428-20991026	8
0.49452466788387	1.63366327236594	0.667	0.2	1	chr14-22852813-22853999	8
0.49452466788387	1.10528421169109	0.667	0.2	1	chr14-23006245-23007732	8
0.49452466788387	1.57111982110602	0.667	0.2	1	chr14-24091885-24096177	8
0.49452466788387	1.60424187964869	0.667	0.2	1	chr14-34538353-34540264	8
0.49452466788387	1.04154148604569	0.667	0.2	1	chr14-34980699-34984103	8
0.49452466788387	1.61500775642439	0.667	0.2	1	chr14-56422364-56423399	8
0.49452466788387	1.57360784683207	0.667	0.2	1	chr14-75660284-75661945	8
0.49452466788387	1.34444295393838	0.667	0.2	1	chr14-90330976-90332581	8
0.49452466788387	1.24588635642411	0.667	0.2	1	chr14-90814635-90816782	8
0.49452466788387	1.59785762397394	0.667	0.2	1	chr15-44287038-44289813	8
0.49452466788387	1.33142341296738	0.667	0.2	1	chr15-76532781-76534027	8
0.49452466788387	1.61750781688849	0.667	0.2	1	chr15-82890438-82891738	8
0.49452466788387	1.59063397203984	0.667	0.2	1	chr15-89892525-89894885	8
0.49452466788387	1.26392187183481	0.667	0.2	1	chr15-90314987-90316843	8
0.49452466788387	1.27508314973458	0.667	0.2	1	chr15-91032712-91033775	8
0.49452466788387	1.15605878743565	0.667	0.2	1	chr16-18800116-18802437	8
0.49452466788387	1.27460531172986	0.667	0.2	1	chr16-30063526-30067679	8
0.49452466788387	1.11353257037764	0.667	0.2	1	chr16-30956657-30958955	8
0.49452466788387	1.25464589448547	0.667	0.2	1	chr16-54926243-54932034	8
0.49452466788387	1.44749035378406	0.667	0.2	1	chr16-67934409-67937613	8
0.49452466788387	1.61447166120801	0.667	0.2	1	chr16-83926390-83927555	8
0.49452466788387	1.34050692919091	0.667	0.2	1	chr17-16213270-16216333	8
0.49452466788387	1.5992101458868	0.667	0.2	1	chr17-42015891-42018338	8
0.49452466788387	1.17664288782946	0.667	0.2	1	chr17-45430804-45432401	8
0.49452466788387	1.15577518003188	0.667	0.2	1	chr17-50864803-50868255	8
0.49452466788387	1.57880248682893	0.667	0.2	1	chr17-75288535-75290416	8
0.49452466788387	1.69699240929654	0.667	0.2	1	chr17-81342699-81347171	8
0.49452466788387	1.25365354763702	0.667	0.2	1	chr18-12375331-12378342	8
0.49452466788387	1.35175368673523	0.667	0.2	1	chr18-34978167-34979857	8
0.49452466788387	1.11076631014129	0.667	0.2	1	chr18-77127550-77128977	8
0.49452466788387	1.15528994916823	0.667	0.2	1	chr19-1247855-1254942	8
0.49452466788387	1.36585719094456	0.667	0.2	1	chr19-1489826-1492149	8
0.49452466788387	1.27160615252536	0.667	0.2	1	chr19-6271138-6275436	8
0.49452466788387	1.60980749745319	0.667	0.2	1	chr19-11155278-11156428	8
0.49452466788387	1.57394508146018	0.667	0.2	1	chr19-11434643-11436429	8
0.49452466788387	1.1093882524917	0.667	0.2	1	chr19-11923407-11926005	8
0.49452466788387	1.23730273298755	0.667	0.2	1	chr19-17308916-17310485	8
0.49452466788387	1.28708927908766	0.667	0.2	1	chr19-20922848-20924090	8
0.49452466788387	1.21489297953981	0.667	0.2	1	chr19-36771538-36773559	8
0.49452466788387	1.35923182399617	0.667	0.2	1	chr19-37210123-37211148	8
0.49452466788387	1.59658906643171	0.667	0.2	1	chr19-55257429-55260179	8
0.49452466788387	1.29108254906573	0.667	0.2	1	chr19-58304665-58306302	8
0.49452466788387	1.14980049884347	0.667	0.2	1	chr19-58379596-58383010	8
0.49452466788387	1.12054614187857	0.667	0.2	1	chr19-58543413-58546027	8
0.49452466788387	1.33567324333055	0.667	0.2	1	chr20-9393139-9393761	8
0.49452466788387	1.64237801189412	0.667	0.2	1	chr21-42515871-42516752	8
0.49452466788387	0.827087784800088	0.667	0.2	1	chr22-17084102-17085742	8
0.49452466788387	1.33707682773153	0.667	0.2	1	chr22-20981200-20983253	8
0.49452466788387	1.26479225221413	0.667	0.2	1	chr22-25109809-25113794	8
0.49452466788387	1.08039095950615	0.667	0.2	1	chr22-29766080-29768692	8
0.49452466788387	0.979438675740549	0.667	0.2	1	chr22-50581925-50583889	8
0.49452466788387	1.17664996412593	0.667	0.2	1	chrX-49190120-49192054	8
0.541192898741999	0.453218211982475	0.667	0.6	1	chr5-140397959-140403102	8
0.541192898741999	0.539171206344594	0.667	0.6	1	chr7-100581012-100587456	8
0.633737059218191	0.612582457637257	0.667	0.4	1	chr1-65146874-65152210	8
0.633737059218191	0.878376796039582	0.667	0.4	1	chr1-67684517-67687500	8
0.633737059218191	0.8950587920527	0.667	0.4	1	chr1-110335917-110340716	8
0.633737059218191	0.975604453292665	0.667	0.4	1	chr1-156052731-156055764	8
0.633737059218191	0.743603112695848	0.667	0.4	1	chr1-205748326-205751013	8
0.633737059218191	0.941173974290552	0.667	0.4	1	chr2-9554721-9556848	8
0.633737059218191	0.888431520408587	0.667	0.4	1	chr2-26344599-26347774	8
0.633737059218191	0.928442071472212	0.667	0.4	1	chr2-109612907-109614889	8
0.633737059218191	0.721776444489963	0.667	0.4	1	chr2-119365360-119368170	8
0.633737059218191	0.705161579767578	0.667	0.4	1	chr2-200525604-200527054	8
0.633737059218191	1.23895200521795	0.667	0.4	1	chr3-38132977-38139895	8
0.633737059218191	0.974379776879727	0.667	0.4	1	chr3-52054973-52058318	8
0.633737059218191	0.682656720586902	0.667	0.4	1	chr4-26856881-26862223	8
0.633737059218191	0.975086396403639	0.667	0.4	1	chr4-48339526-48343420	8
0.633737059218191	0.636030454017652	0.667	0.4	1	chr5-64767178-64769772	8
0.633737059218191	0.663860056582415	0.667	0.4	1	chr5-80653797-80655902	8
0.633737059218191	1.0368961904468	0.667	0.4	1	chr7-1026309-1030056	8
0.633737059218191	1.3278244505007	0.667	0.4	1	chr7-6270748-6273986	8
0.633737059218191	1.16687545893223	0.667	0.4	1	chr7-7639611-7642621	8
0.633737059218191	1.20836536170771	0.667	0.4	1	chr7-27661731-27663583	8
0.633737059218191	1.52432940540059	0.667	0.4	1	chr7-36289698-36292462	8
0.633737059218191	1.16984911028367	0.667	0.4	1	chr7-38177584-38180263	8
0.633737059218191	0.885734735314093	0.667	0.4	1	chr7-44043716-44045813	8
0.633737059218191	1.4926802927415	0.667	0.4	1	chr7-44200594-44202144	8
0.633737059218191	1.11974177720391	0.667	0.4	1	chr7-50449385-50451377	8
0.633737059218191	0.895374096588689	0.667	0.4	1	chr7-56033249-56034849	8
0.633737059218191	0.642107356034091	0.667	0.4	1	chr7-64306278-64308483	8
0.633737059218191	0.938252650675652	0.667	0.4	1	chr7-113117544-113119766	8
0.633737059218191	0.260645499094272	0.667	0.4	1	chr7-123746805-123750110	8
0.633737059218191	0.645664389779663	0.667	0.4	1	chr7-124929202-124930473	8
0.633737059218191	0.703910151207934	0.667	0.4	1	chr7-128409196-128411241	8
0.633737059218191	0.950641277752889	0.667	0.4	1	chr7-150367064-150371927	8
0.633737059218191	0.7204837854319	0.667	0.4	1	chr7-150377525-150380407	8
0.633737059218191	0.832038624315049	0.667	0.4	1	chr7-152462894-152465378	8
0.633737059218191	0.834658609800621	0.667	0.4	1	chr8-43138830-43142414	8
0.633737059218191	0.503569707009754	0.667	0.4	1	chr8-81730902-81733194	8
0.633737059218191	0.823217509641525	0.667	0.4	1	chr8-143870999-143879158	8
0.633737059218191	0.664352358218651	0.667	0.4	1	chr9-71766457-71770369	8
0.633737059218191	0.68326780886275	0.667	0.4	1	chr9-109117828-109120592	8
0.633737059218191	0.90970500346402	0.667	0.4	1	chr9-127443689-127453429	8
0.633737059218191	0.863017780464676	0.667	0.4	1	chr9-128817897-128820510	8
0.633737059218191	0.541578102181751	0.667	0.4	1	chr10-104268068-104270033	8
0.633737059218191	0.535759045103286	0.667	0.4	1	chr11-2398952-2402183	8
0.633737059218191	0.790972477838763	0.667	0.4	1	chr11-57656841-57658442	8
0.633737059218191	0.555608685437612	0.667	0.4	1	chr11-67504518-67509164	8
0.633737059218191	0.683444785745307	0.667	0.4	1	chr11-93783547-93785424	8
0.633737059218191	0.703716324770407	0.667	0.4	1	chr11-126061398-126063850	8
0.633737059218191	0.707236085506501	0.667	0.4	1	chr12-76083469-76085601	8
0.633737059218191	0.984167213460762	0.667	0.4	1	chr12-124358823-124361729	8
0.633737059218191	0.647905200101254	0.667	0.4	1	chr12-124516009-124520950	8
0.633737059218191	0.85228584354861	0.667	0.4	1	chr12-133079509-133081625	8
0.633737059218191	0.6676094595531	0.667	0.4	1	chr13-30463790-30466593	8
0.633737059218191	0.697950114873154	0.667	0.4	1	chr15-45197663-45201699	8
0.633737059218191	0.69823843044349	0.667	0.4	1	chr15-97959609-97961976	8
0.633737059218191	0.711339460938456	0.667	0.4	1	chr15-99250608-99252686	8
0.633737059218191	0.868137350145181	0.667	0.4	1	chr16-23556570-23558908	8
0.633737059218191	0.789927117640792	0.667	0.4	1	chr16-85552622-85560138	8
0.633737059218191	0.793636818366214	0.667	0.4	1	chr17-7854947-7859082	8
0.633737059218191	0.754213132298839	0.667	0.4	1	chr17-40218638-40220428	8
0.633737059218191	0.572142397727033	0.667	0.4	1	chr17-48717482-48729945	8
0.633737059218191	1.07193340265088	0.667	0.4	1	chr19-58400061-58402373	8
0.633737059218191	0.750795022619484	0.667	0.4	1	chr20-11890291-11892690	8
0.633737059218191	0.863222716555701	0.667	0.4	1	chr20-17568258-17571448	8
0.633737059218191	0.926684056579811	0.667	0.4	1	chr20-29444498-29446249	8
0.696270340114023	0.993492392559595	0.333	0.2	1	chr1-941296-945679	8
0.696270340114023	1.02662642239078	0.333	0.2	1	chr1-1776959-1779841	8
0.696270340114023	0.780271886853582	0.333	0.2	1	chr1-6058338-6059499	8
0.696270340114023	0.786291578546921	0.333	0.2	1	chr1-12229507-12233014	8
0.696270340114023	0.791265830889791	0.333	0.2	1	chr1-16903245-16906208	8
0.696270340114023	0.781469932051614	0.333	0.2	1	chr1-32107469-32109757	8
0.696270340114023	1.23828306845571	0.333	0.2	1	chr1-32178696-32180966	8
0.696270340114023	0.788001183340281	0.333	0.2	1	chr1-32980860-32982474	8
0.696270340114023	0.789972260500494	0.333	0.2	1	chr1-39407505-39409850	8
0.696270340114023	0.819441033281633	0.333	0.2	1	chr1-43973910-43976134	8
0.696270340114023	1.18906097777221	0.333	0.2	1	chr1-46442209-46443051	8
0.696270340114023	0.788422466081884	0.333	0.2	1	chr1-63366908-63368561	8
0.696270340114023	0.760268836579118	0.333	0.2	1	chr1-67148774-67149622	8
0.696270340114023	0.769086141886302	0.333	0.2	1	chr1-79255211-79256028	8
0.696270340114023	0.90919521587635	0.333	0.2	1	chr1-81498316-81499447	8
0.696270340114023	1.19929819958733	0.333	0.2	1	chr1-83998327-83999917	8
0.696270340114023	1.16083411435273	0.333	0.2	1	chr1-84689253-84691865	8
0.696270340114023	1.33584687737515	0.333	0.2	1	chr1-86433359-86436453	8
0.696270340114023	1.14510379555435	0.333	0.2	1	chr1-86704037-86706454	8
0.696270340114023	1.35408400136368	0.333	0.2	1	chr1-88682786-88685626	8
0.696270340114023	1.21643623780993	0.333	0.2	1	chr1-94068211-94070712	8
0.696270340114023	0.773646791886633	0.333	0.2	1	chr1-100459030-100460165	8
0.696270340114023	0.771521558300257	0.333	0.2	1	chr1-101357134-101358029	8
0.696270340114023	1.33817859848139	0.333	0.2	1	chr1-108746093-108747824	8
0.696270340114023	1.16763288024342	0.333	0.2	1	chr1-109151014-109152965	8
0.696270340114023	0.776299775198662	0.333	0.2	1	chr1-112267625-112268883	8
0.696270340114023	1.24968320239778	0.333	0.2	1	chr1-112394156-112397176	8
0.696270340114023	1.32112042765276	0.333	0.2	1	chr1-112953719-112957168	8
0.696270340114023	0.918587612226333	0.333	0.2	1	chr1-113021159-113022450	8
0.696270340114023	1.297783578081	0.333	0.2	1	chr1-113810848-113813163	8
0.696270340114023	0.790145185351534	0.333	0.2	1	chr1-117365723-117369145	8
0.696270340114023	0.792470073389203	0.333	0.2	1	chr1-117570641-117572818	8
0.696270340114023	0.778021943054329	0.333	0.2	1	chr1-145989904-145997434	8
0.696270340114023	0.789365766915487	0.333	0.2	1	chr1-147598920-147601237	8
0.696270340114023	1.40736248281744	0.333	0.2	1	chr1-151611202-151613039	8
0.696270340114023	0.792565323754448	0.333	0.2	1	chr1-153921740-153924275	8
0.696270340114023	1.05079536944757	0.333	0.2	1	chr1-154404465-154409423	8
0.696270340114023	0.792922321625452	0.333	0.2	1	chr1-155933142-155935359	8
0.696270340114023	0.793668673484514	0.333	0.2	1	chr1-156212431-156213931	8
0.696270340114023	0.777912966676963	0.333	0.2	1	chr1-156421320-156422270	8
0.696270340114023	0.779590400011364	0.333	0.2	1	chr1-161421659-161422652	8
0.696270340114023	0.770539736988519	0.333	0.2	1	chr1-163381147-163383013	8
0.696270340114023	0.828616352465872	0.333	0.2	1	chr1-169367046-169369035	8
0.696270340114023	1.16602402001196	0.333	0.2	1	chr1-169528088-169529948	8
0.696270340114023	0.802540718008516	0.333	0.2	1	chr1-201169946-201172664	8
0.696270340114023	1.07798844028069	0.333	0.2	1	chr1-201982005-201984162	8
0.696270340114023	0.784362565976526	0.333	0.2	1	chr1-202045716-202047732	8
0.696270340114023	0.768400464412672	0.333	0.2	1	chr1-203410074-203411236	8
0.696270340114023	0.780576239970405	0.333	0.2	1	chr1-205477367-205478610	8
0.696270340114023	0.787994963754104	0.333	0.2	1	chr1-205515651-205518069	8
0.696270340114023	0.769629587163714	0.333	0.2	1	chr1-205619170-205620434	8
0.696270340114023	0.793169050709677	0.333	0.2	1	chr1-206555236-206560716	8
0.696270340114023	0.791383104396833	0.333	0.2	1	chr1-206711904-206715594	8
0.696270340114023	0.791460875964765	0.333	0.2	1	chr1-211513710-211516187	8
0.696270340114023	1.31506041353282	0.333	0.2	1	chr1-212857042-212859266	8
0.696270340114023	0.79637316439332	0.333	0.2	1	chr1-220747322-220749400	8
0.696270340114023	0.771429906262875	0.333	0.2	1	chr1-223683726-223684821	8
0.696270340114023	1.28786932975919	0.333	0.2	1	chr1-224502145-224504469	8
0.696270340114023	0.866601305340979	0.333	0.2	1	chr1-227315956-227319421	8
0.696270340114023	0.790765025724989	0.333	0.2	1	chr1-231527720-231529353	8
0.696270340114023	0.764462591712057	0.333	0.2	1	chr1-233009914-233010724	8
0.696270340114023	1.11415525373278	0.333	0.2	1	chr1-234723238-234726011	8
0.696270340114023	0.770844759393221	0.333	0.2	1	chr1-243396904-243399162	8
0.696270340114023	1.10845546554005	0.333	0.2	1	chr2-10042746-10044731	8
0.696270340114023	0.787728740737129	0.333	0.2	1	chr2-11743693-11745107	8
0.696270340114023	1.10679109470042	0.333	0.2	1	chr2-11822488-11823459	8
0.696270340114023	0.871146736725364	0.333	0.2	1	chr2-16900361-16901295	8
0.696270340114023	1.16653121898629	0.333	0.2	1	chr2-20550670-20552056	8
0.696270340114023	0.754596093042098	0.333	0.2	1	chr2-38690505-38691267	8
0.696270340114023	1.08218970201946	0.333	0.2	1	chr2-54971851-54973972	8
0.696270340114023	0.771136142136498	0.333	0.2	1	chr2-73699509-73701031	8
0.696270340114023	0.777312982169075	0.333	0.2	1	chr2-74119335-74120897	8
0.696270340114023	0.774037380538042	0.333	0.2	1	chr2-79139081-79139950	8
0.696270340114023	1.10217690172351	0.333	0.2	1	chr2-88690697-88692919	8
0.696270340114023	1.07882179387439	0.333	0.2	1	chr2-106192702-106194994	8
0.696270340114023	0.772323786518128	0.333	0.2	1	chr2-108612730-108614431	8
0.696270340114023	0.822728027350518	0.333	0.2	1	chr2-111897606-111899014	8
0.696270340114023	1.12207594900898	0.333	0.2	1	chr2-112480564-112484972	8
0.696270340114023	1.00331265175332	0.333	0.2	1	chr2-120312731-120314976	8
0.696270340114023	0.983541298295503	0.333	0.2	1	chr2-121689228-121689981	8
0.696270340114023	0.768040039024309	0.333	0.2	1	chr2-135590325-135591024	8
0.696270340114023	0.82211247701001	0.333	0.2	1	chr2-148874715-148877969	8
0.696270340114023	1.05463952934236	0.333	0.2	1	chr2-159137131-159141165	8
0.696270340114023	1.07882179387439	0.333	0.2	1	chr2-171999064-172001366	8
0.696270340114023	1.13181850663219	0.333	0.2	1	chr2-172555133-172557307	8
0.696270340114023	0.821601378098499	0.333	0.2	1	chr2-180699432-180700461	8
0.696270340114023	1.16570071721744	0.333	0.2	1	chr2-189660915-189662396	8
0.696270340114023	0.852953620034619	0.333	0.2	1	chr2-190466995-190470684	8
0.696270340114023	1.08296863130783	0.333	0.2	1	chr2-206035302-206036122	8
0.696270340114023	0.982250519238427	0.333	0.2	1	chr2-216411903-216413324	8
0.696270340114023	1.02669053462915	0.333	0.2	1	chr2-225840984-225842058	8
0.696270340114023	1.10683915193064	0.333	0.2	1	chr2-230411271-230412441	8
0.696270340114023	1.30209902565533	0.333	0.2	1	chr2-236569209-236586359	8
0.696270340114023	0.767461231750175	0.333	0.2	1	chr3-424064-425413	8
0.696270340114023	0.76529779735551	0.333	0.2	1	chr3-2659452-2660266	8
0.696270340114023	1.25712309970531	0.333	0.2	1	chr3-5121905-5124370	8
0.696270340114023	0.786366218662963	0.333	0.2	1	chr3-9808492-9810908	8
0.696270340114023	0.879084097183503	0.333	0.2	1	chr3-9842830-9844724	8
0.696270340114023	1.02967717684255	0.333	0.2	1	chr3-10163805-10165439	8
0.696270340114023	0.78618249168954	0.333	0.2	1	chr3-10758340-10759426	8
0.696270340114023	1.33845912890516	0.333	0.2	1	chr3-14177615-14179443	8
0.696270340114023	0.783225192243762	0.333	0.2	1	chr3-15331525-15333103	8
0.696270340114023	1.07285784411763	0.333	0.2	1	chr3-20039517-20042129	8
0.696270340114023	0.777540271986979	0.333	0.2	1	chr3-24237532-24238474	8
0.696270340114023	0.7723888882627	0.333	0.2	1	chr3-31254405-31255744	8
0.696270340114023	0.806074750855633	0.333	0.2	1	chr3-38164259-38166622	8
0.696270340114023	1.21394921815488	0.333	0.2	1	chr3-38346157-38348195	8
0.696270340114023	1.58480658030547	0.333	0.2	1	chr3-40451382-40454031	8
0.696270340114023	1.0850058730048	0.333	0.2	1	chr3-40722810-40723542	8
0.696270340114023	0.796306231995943	0.333	0.2	1	chr3-42599800-42602635	8
0.696270340114023	0.77775416058693	0.333	0.2	1	chr3-44476265-44478333	8
0.696270340114023	0.779758309577984	0.333	0.2	1	chr3-44509365-44511482	8
0.696270340114023	0.918532187135191	0.333	0.2	1	chr3-45144957-45147095	8
0.696270340114023	1.42928155562136	0.333	0.2	1	chr3-50291204-50294037	8
0.696270340114023	0.778560404924696	0.333	0.2	1	chr3-50445371-50446518	8
0.696270340114023	1.430209850521	0.333	0.2	1	chr3-52685102-52689976	8
0.696270340114023	0.959755350341199	0.333	0.2	1	chr3-54243263-54244076	8
0.696270340114023	1.24662424683936	0.333	0.2	1	chr3-58007731-58011778	8
0.696270340114023	0.793668673484514	0.333	0.2	1	chr3-63911442-63915108	8
0.696270340114023	0.786267768573535	0.333	0.2	1	chr3-69089950-69094415	8
0.696270340114023	1.14213579529284	0.333	0.2	1	chr3-71613624-71615733	8
0.696270340114023	0.981053897944323	0.333	0.2	1	chr3-71729752-71730472	8
0.696270340114023	1.29781796670498	0.333	0.2	1	chr3-94062058-94064292	8
0.696270340114023	0.796543252030883	0.333	0.2	1	chr3-114055878-114057734	8
0.696270340114023	1.15635106202801	0.333	0.2	1	chr3-119293507-119295167	8
0.696270340114023	0.770368558392499	0.333	0.2	1	chr3-123632068-123633853	8
0.696270340114023	1.18273443259902	0.333	0.2	1	chr3-126083244-126085087	8
0.696270340114023	0.780585387235508	0.333	0.2	1	chr3-126472050-126473265	8
0.696270340114023	1.11409523778109	0.333	0.2	1	chr3-127303860-127305093	8
0.696270340114023	0.779767859510475	0.333	0.2	1	chr3-129195299-129196443	8
0.696270340114023	0.76652752396998	0.333	0.2	1	chr3-132231901-132233018	8
0.696270340114023	1.16323127438089	0.333	0.2	1	chr3-138434072-138435206	8
0.696270340114023	1.11872246927761	0.333	0.2	1	chr3-138608054-138610092	8
0.696270340114023	0.809167356501486	0.333	0.2	1	chr3-139109747-139110836	8
0.696270340114023	1.0473000508055	0.333	0.2	1	chr3-140829544-140832007	8
0.696270340114023	0.767781227286508	0.333	0.2	1	chr3-141486301-141488395	8
0.696270340114023	0.982429112485212	0.333	0.2	1	chr3-142223964-142226095	8
0.696270340114023	0.803343512173728	0.333	0.2	1	chr3-153160108-153163634	8
0.696270340114023	0.771314595287298	0.333	0.2	1	chr3-156630142-156631369	8
0.696270340114023	0.771642950057534	0.333	0.2	1	chr3-156667836-156668695	8
0.696270340114023	0.785542961885909	0.333	0.2	1	chr3-175312332-175313604	8
0.696270340114023	0.774348724320309	0.333	0.2	1	chr3-183808891-183810000	8
0.696270340114023	0.928454513579656	0.333	0.2	1	chr3-184004882-184008884	8
0.696270340114023	0.792570195008425	0.333	0.2	1	chr3-188152348-188155247	8
0.696270340114023	0.786288178925247	0.333	0.2	1	chr3-196317422-196318928	8
0.696270340114023	1.10237965498032	0.333	0.2	1	chr3-197553965-197556500	8
0.696270340114023	0.784373833316706	0.333	0.2	1	chr4-2241014-2242740	8
0.696270340114023	1.25721253679855	0.333	0.2	1	chr4-4643591-4644644	8
0.696270340114023	0.782630331304478	0.333	0.2	1	chr4-6171823-6173133	8
0.696270340114023	1.12925866759161	0.333	0.2	1	chr4-11487468-11490551	8
0.696270340114023	0.78738825389424	0.333	0.2	1	chr4-17510586-17513147	8
0.696270340114023	0.772809418684689	0.333	0.2	1	chr4-21413353-21414602	8
0.696270340114023	0.787988082194227	0.333	0.2	1	chr4-35105179-35106524	8
0.696270340114023	0.761920025540242	0.333	0.2	1	chr4-37720507-37722693	8
0.696270340114023	1.3574285890488	0.333	0.2	1	chr4-39457944-39460618	8
0.696270340114023	1.07378649299019	0.333	0.2	1	chr4-40576512-40578006	8
0.696270340114023	1.14921486072462	0.333	0.2	1	chr4-41418092-41419205	8
0.696270340114023	0.784939920564633	0.333	0.2	1	chr4-41504446-41507100	8
0.696270340114023	0.785847995057703	0.333	0.2	1	chr4-41611003-41613186	8
0.696270340114023	1.23906042997775	0.333	0.2	1	chr4-41989634-41991714	8
0.696270340114023	0.776955574412345	0.333	0.2	1	chr4-42458134-42460631	8
0.696270340114023	0.771498694538311	0.333	0.2	1	chr4-45662895-45663861	8
0.696270340114023	0.7867898663359	0.333	0.2	1	chr4-47913121-47915386	8
0.696270340114023	0.78363913239545	0.333	0.2	1	chr4-48126726-48128530	8
0.696270340114023	0.781364868694036	0.333	0.2	1	chr4-54840598-54844361	8
0.696270340114023	0.777556400003426	0.333	0.2	1	chr4-56995082-56996327	8
0.696270340114023	0.770220300947497	0.333	0.2	1	chr4-57503825-57505276	8
0.696270340114023	1.31524040610856	0.333	0.2	1	chr4-67699983-67701962	8
0.696270340114023	1.24355271784604	0.333	0.2	1	chr4-70687454-70689567	8
0.696270340114023	0.993698870968655	0.333	0.2	1	chr4-72312015-72313528	8
0.696270340114023	1.28652811621452	0.333	0.2	1	chr4-73067017-73070780	8
0.696270340114023	1.32664946887906	0.333	0.2	1	chr4-73221834-73223572	8
0.696270340114023	0.781378033177748	0.333	0.2	1	chr4-75573138-75574112	8
0.696270340114023	0.792074023997822	0.333	0.2	1	chr4-76305494-76307765	8
0.696270340114023	1.05900375250171	0.333	0.2	1	chr4-78561152-78563229	8
0.696270340114023	0.944092843050928	0.333	0.2	1	chr4-81844619-81845164	8
0.696270340114023	1.03515704761959	0.333	0.2	1	chr4-82889736-82892260	8
0.696270340114023	1.10121837510193	0.333	0.2	1	chr4-86891313-86892833	8
0.696270340114023	1.42966032801096	0.333	0.2	1	chr4-87219069-87221264	8
0.696270340114023	0.774824278657534	0.333	0.2	1	chr4-88539227-88540046	8
0.696270340114023	1.03749346652354	0.333	0.2	1	chr4-88822682-88824063	8
0.696270340114023	0.79083204892118	0.333	0.2	1	chr4-101209260-101213162	8
0.696270340114023	1.1734131539478	0.333	0.2	1	chr4-101237306-101241557	8
0.696270340114023	0.794114575189246	0.333	0.2	1	chr4-101251572-101257338	8
0.696270340114023	0.777482137060554	0.333	0.2	1	chr4-102824396-102829661	8
0.696270340114023	0.787554481108014	0.333	0.2	1	chr4-124711194-124713704	8
0.696270340114023	0.780341486946791	0.333	0.2	1	chr4-140140511-140141962	8
0.696270340114023	1.09877017554691	0.333	0.2	1	chr4-140594855-140595626	8
0.696270340114023	0.776236336250496	0.333	0.2	1	chr4-144423821-144425647	8
0.696270340114023	0.791579493860733	0.333	0.2	1	chr4-151324181-151326306	8
0.696270340114023	0.784321196058957	0.333	0.2	1	chr4-151540572-151542778	8
0.696270340114023	0.752481477933122	0.333	0.2	1	chr4-153610352-153611085	8
0.696270340114023	0.795082462963931	0.333	0.2	1	chr4-155376135-155377690	8
0.696270340114023	0.898657800504914	0.333	0.2	1	chr4-155787040-155787595	8
0.696270340114023	1.06862120989278	0.333	0.2	1	chr4-169658164-169660883	8
0.696270340114023	0.788291239012182	0.333	0.2	1	chr4-173167705-173171532	8
0.696270340114023	1.08051502081007	0.333	0.2	1	chr4-177440809-177443408	8
0.696270340114023	1.42179144875418	0.333	0.2	1	chr4-183503145-183506838	8
0.696270340114023	0.776311285616629	0.333	0.2	1	chr4-184838176-184839347	8
0.696270340114023	0.777236589411075	0.333	0.2	1	chr4-186144228-186145885	8
0.696270340114023	0.957764044508775	0.333	0.2	1	chr5-4542138-4543776	8
0.696270340114023	0.780580814152109	0.333	0.2	1	chr5-10759772-10761767	8
0.696270340114023	1.15718684475016	0.333	0.2	1	chr5-11732880-11734902	8
0.696270340114023	1.31967923062289	0.333	0.2	1	chr5-14142356-14146260	8
0.696270340114023	0.776253659931665	0.333	0.2	1	chr5-38636527-38637297	8
0.696270340114023	1.00474739080936	0.333	0.2	1	chr5-55171797-55174056	8
0.696270340114023	1.23416168025735	0.333	0.2	1	chr5-60041612-60042693	8
0.696270340114023	0.914004548038283	0.333	0.2	1	chr5-66633105-66634364	8
0.696270340114023	0.867069841159583	0.333	0.2	1	chr5-72106915-72108251	8
0.696270340114023	1.50948736043453	0.333	0.2	1	chr5-72847813-72850535	8
0.696270340114023	0.787722431772008	0.333	0.2	1	chr5-72955206-72957437	8
0.696270340114023	1.29571709303131	0.333	0.2	1	chr5-74638104-74642614	8
0.696270340114023	1.07994833336661	0.333	0.2	1	chr5-79512106-79515353	8
0.696270340114023	0.76871535899682	0.333	0.2	1	chr5-82641115-82642758	8
0.696270340114023	1.30558966860921	0.333	0.2	1	chr5-88268227-88269912	8
0.696270340114023	1.01833392968143	0.333	0.2	1	chr5-111091818-111093670	8
0.696270340114023	1.10092939408775	0.333	0.2	1	chr5-114360577-114364395	8
0.696270340114023	0.77489295001254	0.333	0.2	1	chr5-124764656-124765712	8
0.696270340114023	0.778033801856087	0.333	0.2	1	chr5-127197158-127198522	8
0.696270340114023	0.772949586733007	0.333	0.2	1	chr5-127418921-127419851	8
0.696270340114023	0.836769451240397	0.333	0.2	1	chr5-131633828-131636646	8
0.696270340114023	0.787288465924923	0.333	0.2	1	chr5-132226849-132228464	8
0.696270340114023	1.06902332889422	0.333	0.2	1	chr5-135031435-135035839	8
0.696270340114023	1.00091832185918	0.333	0.2	1	chr5-135834015-135835665	8
0.696270340114023	1.00515424738416	0.333	0.2	1	chr5-135857420-135858683	8
0.696270340114023	0.786741777136743	0.333	0.2	1	chr5-136132131-136134359	8
0.696270340114023	0.790363239300633	0.333	0.2	1	chr5-139560488-139563239	8
0.696270340114023	0.793036614264525	0.333	0.2	1	chr5-140646685-140648560	8
0.696270340114023	1.26637183699336	0.333	0.2	1	chr5-142108257-142111186	8
0.696270340114023	0.963077660543532	0.333	0.2	1	chr5-143659474-143660291	8
0.696270340114023	0.79362277753385	0.333	0.2	1	chr5-144169649-144171320	8
0.696270340114023	1.19954943035711	0.333	0.2	1	chr5-149124818-149126264	8
0.696270340114023	1.13541038533972	0.333	0.2	1	chr5-150447978-150450382	8
0.696270340114023	1.09786634279157	0.333	0.2	1	chr5-160922975-160924773	8
0.696270340114023	1.1242993806802	0.333	0.2	1	chr5-168485899-168487726	8
0.696270340114023	0.796092920365364	0.333	0.2	1	chr5-169641046-169641967	8
0.696270340114023	1.38657162700001	0.333	0.2	1	chr5-170273660-170274722	8
0.696270340114023	0.94040870480557	0.333	0.2	1	chr5-172858689-172861779	8
0.696270340114023	1.34347791625695	0.333	0.2	1	chr5-173887441-173889215	8
0.696270340114023	1.15000880923676	0.333	0.2	1	chr5-177021807-177023963	8
0.696270340114023	0.792300326978599	0.333	0.2	1	chr5-177496009-177498438	8
0.696270340114023	0.788706220015283	0.333	0.2	1	chr5-178152722-178154566	8
0.696270340114023	1.196753279219	0.333	0.2	1	chr5-179677523-179680364	8
0.696270340114023	0.787362551887735	0.333	0.2	1	chr5-180291146-180294113	8
0.696270340114023	0.769671207739453	0.333	0.2	1	chr6-2987764-2991411	8
0.696270340114023	0.974662282585296	0.333	0.2	1	chr6-8939524-8940151	8
0.696270340114023	0.766940232333945	0.333	0.2	1	chr6-10204961-10205623	8
0.696270340114023	0.77803903772936	0.333	0.2	1	chr6-11287849-11288754	8
0.696270340114023	0.986479458048918	0.333	0.2	1	chr6-25844466-25844906	8
0.696270340114023	0.765322209145045	0.333	0.2	1	chr6-28921920-28924845	8
0.696270340114023	0.800274813476954	0.333	0.2	1	chr6-30611187-30618835	8
0.696270340114023	0.792126496286451	0.333	0.2	1	chr6-33271041-33278618	8
0.696270340114023	0.760993102732116	0.333	0.2	1	chr6-33758574-33760722	8
0.696270340114023	0.768897413964616	0.333	0.2	1	chr6-36092555-36093614	8
0.696270340114023	0.815466686113838	0.333	0.2	1	chr6-36593302-36596423	8
0.696270340114023	0.787194643024302	0.333	0.2	1	chr6-44236890-44238730	8
0.696270340114023	0.782252660245648	0.333	0.2	1	chr6-63805627-63807482	8
0.696270340114023	1.05765821794306	0.333	0.2	1	chr6-85797936-85799595	8
0.696270340114023	0.78362742792435	0.333	0.2	1	chr6-108944770-108948797	8
0.696270340114023	0.796632504586402	0.333	0.2	1	chr6-109093653-109096461	8
0.696270340114023	0.77850943056078	0.333	0.2	1	chr6-130995181-130996711	8
0.696270340114023	0.770212022166937	0.333	0.2	1	chr6-135586178-135587205	8
0.696270340114023	0.801531359934666	0.333	0.2	1	chr6-139369491-139377258	8
0.696270340114023	1.2154946336863	0.333	0.2	1	chr6-146904557-146906303	8
0.696270340114023	0.784309897955613	0.333	0.2	1	chr6-149854531-149858602	8
0.696270340114023	1.15757407919229	0.333	0.2	1	chr6-157193411-157195114	8
0.696270340114023	1.04583583998478	0.333	0.2	1	chr6-157853864-157854580	8
0.696270340114023	1.16618562236453	0.333	0.2	1	chr6-166556363-166558497	8
0.696270340114023	2.14268178142926	0.333	0.2	1	chr7-233924-236631	8
0.696270340114023	0.933407128344425	0.333	0.2	1	chr7-641170-641755	8
0.696270340114023	1.64704600702235	0.333	0.2	1	chr7-1156679-1157688	8
0.696270340114023	1.19605422906431	0.333	0.2	1	chr7-1503333-1505100	8
0.696270340114023	1.8522027317336	0.333	0.2	1	chr7-1530225-1534452	8
0.696270340114023	1.25930500393124	0.333	0.2	1	chr7-1536639-1537895	8
0.696270340114023	1.2423485541604	0.333	0.2	1	chr7-1558226-1560325	8
0.696270340114023	2.21683835439163	0.333	0.2	1	chr7-2171839-2173766	8
0.696270340114023	1.15126261398335	0.333	0.2	1	chr7-2197990-2198683	8
0.696270340114023	1.87182507326817	0.333	0.2	1	chr7-2231972-2233601	8
0.696270340114023	2.3606543743885	0.333	0.2	1	chr7-2353381-2357694	8
0.696270340114023	2.07681264331832	0.333	0.2	1	chr7-4641259-4643000	8
0.696270340114023	1.47775443907975	0.333	0.2	1	chr7-4753739-4754332	8
0.696270340114023	1.49330305574891	0.333	0.2	1	chr7-4883320-4884139	8
0.696270340114023	1.28007801899954	0.333	0.2	1	chr7-5557647-5559476	8
0.696270340114023	1.1769435503719	0.333	0.2	1	chr7-5563307-5564095	8
0.696270340114023	1.85939288074779	0.333	0.2	1	chr7-5995118-5996470	8
0.696270340114023	1.18137098092848	0.333	0.2	1	chr7-6015463-6016740	8
0.696270340114023	1.61203055407354	0.333	0.2	1	chr7-6348154-6349606	8
0.696270340114023	1.99365542647405	0.333	0.2	1	chr7-6373633-6376436	8
0.696270340114023	1.57175331780136	0.333	0.2	1	chr7-6576472-6578156	8
0.696270340114023	1.07100430963738	0.333	0.2	1	chr7-6613489-6614341	8
0.696270340114023	1.76612998617302	0.333	0.2	1	chr7-8090268-8091262	8
0.696270340114023	1.669599453712	0.333	0.2	1	chr7-8442665-8443376	8
0.696270340114023	0.881932566495	0.333	0.2	1	chr7-8637272-8638676	8
0.696270340114023	0.892033621909352	0.333	0.2	1	chr7-12839567-12840281	8
0.696270340114023	1.14743132925727	0.333	0.2	1	chr7-13523664-13525543	8
0.696270340114023	1.92252017260152	0.333	0.2	1	chr7-13988814-13991869	8
0.696270340114023	1.06776489814298	0.333	0.2	1	chr7-14761077-14762381	8
0.696270340114023	1.06212075372163	0.333	0.2	1	chr7-15396097-15396963	8
0.696270340114023	1.20269509475547	0.333	0.2	1	chr7-16678846-16679346	8
0.696270340114023	1.49719783173151	0.333	0.2	1	chr7-17038874-17040287	8
0.696270340114023	1.64156895321486	0.333	0.2	1	chr7-17094551-17095756	8
0.696270340114023	1.77551752634946	0.333	0.2	1	chr7-19369465-19370473	8
0.696270340114023	1.3231469922837	0.333	0.2	1	chr7-20784975-20787687	8
0.696270340114023	1.50420341489618	0.333	0.2	1	chr7-21107942-21108841	8
0.696270340114023	0.948605008810065	0.333	0.2	1	chr7-21712767-21713974	8
0.696270340114023	1.66201570908777	0.333	0.2	1	chr7-22488602-22489345	8
0.696270340114023	1.14613857947225	0.333	0.2	1	chr7-22593735-22594953	8
0.696270340114023	1.76520388381717	0.333	0.2	1	chr7-22853631-22855130	8
0.696270340114023	1.26876048156391	0.333	0.2	1	chr7-23181238-23183169	8
0.696270340114023	2.22960331180013	0.333	0.2	1	chr7-23298656-23300255	8
0.696270340114023	1.26216383389065	0.333	0.2	1	chr7-23331952-23333548	8
0.696270340114023	1.71182887602844	0.333	0.2	1	chr7-23334116-23336112	8
0.696270340114023	1.53774547948693	0.333	0.2	1	chr7-23570509-23571226	8
0.696270340114023	1.85170807867824	0.333	0.2	1	chr7-23596882-23598994	8
0.696270340114023	0.762669814248058	0.333	0.2	1	chr7-24152269-24153534	8
0.696270340114023	1.85376874440918	0.333	0.2	1	chr7-24572392-24574642	8
0.696270340114023	1.17467297179428	0.333	0.2	1	chr7-25769931-25770784	8
0.696270340114023	1.88064634393141	0.333	0.2	1	chr7-25850651-25852081	8
0.696270340114023	1.91290664411672	0.333	0.2	1	chr7-25949622-25952039	8
0.696270340114023	0.921559005104849	0.333	0.2	1	chr7-26258589-26259363	8
0.696270340114023	1.72344094150812	0.333	0.2	1	chr7-26515074-26516059	8
0.696270340114023	1.36586876285659	0.333	0.2	1	chr7-26667308-26668009	8
0.696270340114023	1.60978826850875	0.333	0.2	1	chr7-26891127-26892165	8
0.696270340114023	1.65205411177454	0.333	0.2	1	chr7-27150295-27151428	8
0.696270340114023	1.25041563999205	0.333	0.2	1	chr7-27744787-27745504	8
0.696270340114023	1.20834555640418	0.333	0.2	1	chr7-27916200-27916946	8
0.696270340114023	0.767269490669507	0.333	0.2	1	chr7-28298793-28299381	8
0.696270340114023	1.4666299806038	0.333	0.2	1	chr7-28685397-28686658	8
0.696270340114023	1.53186026299804	0.333	0.2	1	chr7-29229848-29231508	8
0.696270340114023	1.37799381046876	0.333	0.2	1	chr7-30164403-30164984	8
0.696270340114023	1.54709635813234	0.333	0.2	1	chr7-30475492-30477456	8
0.696270340114023	1.53241510066197	0.333	0.2	1	chr7-30750753-30751492	8
0.696270340114023	1.3016222298014	0.333	0.2	1	chr7-30968943-30971266	8
0.696270340114023	1.59046879849366	0.333	0.2	1	chr7-31553244-31554317	8
0.696270340114023	1.41273138462472	0.333	0.2	1	chr7-31736171-31736841	8
0.696270340114023	3.43666687189431	0.333	0.2	1	chr7-32889779-32893285	8
0.696270340114023	0.766430396550367	0.333	0.2	1	chr7-33075591-33076446	8
0.696270340114023	2.01464715447019	0.333	0.2	1	chr7-33107317-33110217	8
0.696270340114023	0.767972765930433	0.333	0.2	1	chr7-33128635-33130414	8
0.696270340114023	1.59642992131987	0.333	0.2	1	chr7-35799923-35802825	8
0.696270340114023	1.30691349740747	0.333	0.2	1	chr7-36108979-36111090	8
0.696270340114023	1.71125685000466	0.333	0.2	1	chr7-36128270-36129609	8
0.696270340114023	1.88668135499109	0.333	0.2	1	chr7-36152229-36154555	8
0.696270340114023	1.50749097746242	0.333	0.2	1	chr7-36161527-36162722	8
0.696270340114023	1.54107108884038	0.333	0.2	1	chr7-36232394-36233625	8
0.696270340114023	1.25630286801824	0.333	0.2	1	chr7-36408607-36409562	8
0.696270340114023	1.13572224164967	0.333	0.2	1	chr7-37046987-37047672	8
0.696270340114023	1.78730993291003	0.333	0.2	1	chr7-38908413-38909500	8
0.696270340114023	1.33418404116722	0.333	0.2	1	chr7-39519781-39520421	8
0.696270340114023	1.36922170615561	0.333	0.2	1	chr7-39580127-39581175	8
0.696270340114023	1.45844684671818	0.333	0.2	1	chr7-39622685-39625273	8
0.696270340114023	1.61477190994185	0.333	0.2	1	chr7-39648852-39649811	8
0.696270340114023	1.22751126138538	0.333	0.2	1	chr7-39662971-39663944	8
0.696270340114023	1.39024865292839	0.333	0.2	1	chr7-39707707-39708515	8
0.696270340114023	0.850674024101563	0.333	0.2	1	chr7-40133792-40135714	8
0.696270340114023	1.39309641088224	0.333	0.2	1	chr7-40604596-40605259	8
0.696270340114023	1.40696692251073	0.333	0.2	1	chr7-41711213-41712139	8
0.696270340114023	1.48754847590466	0.333	0.2	1	chr7-41940494-41941387	8
0.696270340114023	1.38184348818916	0.333	0.2	1	chr7-41942437-41943700	8
0.696270340114023	1.14172858194319	0.333	0.2	1	chr7-42014569-42015749	8
0.696270340114023	1.20683659280112	0.333	0.2	1	chr7-42091151-42092376	8
0.696270340114023	1.67837362436372	0.333	0.2	1	chr7-42233044-42238279	8
0.696270340114023	1.22241251950744	0.333	0.2	1	chr7-42426004-42426572	8
0.696270340114023	1.40803622262964	0.333	0.2	1	chr7-42910913-42912845	8
0.696270340114023	2.46055148856686	0.333	0.2	1	chr7-42931066-42933711	8
0.696270340114023	1.59763824037201	0.333	0.2	1	chr7-44018720-44020686	8
0.696270340114023	1.81810172800984	0.333	0.2	1	chr7-44240721-44241877	8
0.696270340114023	1.26594857233697	0.333	0.2	1	chr7-44320683-44321375	8
0.696270340114023	1.02442375322459	0.333	0.2	1	chr7-44347523-44348140	8
0.696270340114023	1.85136735047062	0.333	0.2	1	chr7-44572750-44574912	8
0.696270340114023	1.5077224418659	0.333	0.2	1	chr7-44747741-44750261	8
0.696270340114023	1.82594093641565	0.333	0.2	1	chr7-44795656-44798843	8
0.696270340114023	2.39924513675416	0.333	0.2	1	chr7-44846839-44849226	8
0.696270340114023	0.771544389428023	0.333	0.2	1	chr7-46090270-46092216	8
0.696270340114023	1.53077659691892	0.333	0.2	1	chr7-47046856-47047993	8
0.696270340114023	1.35176118384347	0.333	0.2	1	chr7-47181590-47183415	8
0.696270340114023	1.4742018540726	0.333	0.2	1	chr7-47253837-47255211	8
0.696270340114023	1.56538119571323	0.333	0.2	1	chr7-47469945-47471293	8
0.696270340114023	1.20548038422823	0.333	0.2	1	chr7-48504627-48506469	8
0.696270340114023	1.64188367896938	0.333	0.2	1	chr7-50066830-50070301	8
0.696270340114023	0.768087995462342	0.333	0.2	1	chr7-50346200-50347577	8
0.696270340114023	1.84250941265985	0.333	0.2	1	chr7-50417952-50418696	8
0.696270340114023	1.48680435265213	0.333	0.2	1	chr7-50669260-50682556	8
0.696270340114023	2.22987967262317	0.333	0.2	1	chr7-54757731-54760484	8
0.696270340114023	1.14099672353165	0.333	0.2	1	chr7-54823705-54825768	8
0.696270340114023	0.85616371787951	0.333	0.2	1	chr7-55120478-55121619	8
0.696270340114023	2.04208395092033	0.333	0.2	1	chr7-55265509-55267183	8
0.696270340114023	1.16433306757742	0.333	0.2	1	chr7-55409459-55410259	8
0.696270340114023	2.04599475705138	0.333	0.2	1	chr7-55571307-55574717	8
0.696270340114023	1.69939143083932	0.333	0.2	1	chr7-55963922-55967588	8
0.696270340114023	1.19598610608478	0.333	0.2	1	chr7-75072559-75074395	8
0.696270340114023	1.03221543033637	0.333	0.2	1	chr7-76317471-76319727	8
0.696270340114023	1.06285773359877	0.333	0.2	1	chr7-77695576-77698423	8
0.696270340114023	0.959273115890674	0.333	0.2	1	chr7-80097280-80099204	8
0.696270340114023	0.936941453457097	0.333	0.2	1	chr7-95509155-95509635	8
0.696270340114023	1.1598819318597	0.333	0.2	1	chr7-95549670-95551057	8
0.696270340114023	1.0302883943474	0.333	0.2	1	chr7-96244531-96245288	8
0.696270340114023	0.960356121261436	0.333	0.2	1	chr7-96709024-96710385	8
0.696270340114023	1.53992063300252	0.333	0.2	1	chr7-98106295-98107821	8
0.696270340114023	0.77420672191605	0.333	0.2	1	chr7-98217446-98218876	8
0.696270340114023	1.0616539771523	0.333	0.2	1	chr7-98398168-98401873	8
0.696270340114023	1.46409955875242	0.333	0.2	1	chr7-99407333-99410246	8
0.696270340114023	0.775177247504297	0.333	0.2	1	chr7-99839090-99840303	8
0.696270340114023	0.976155457453834	0.333	0.2	1	chr7-100049323-100050505	8
0.696270340114023	0.833729865236804	0.333	0.2	1	chr7-100176475-100178018	8
0.696270340114023	0.83299337614993	0.333	0.2	1	chr7-100427912-100430727	8
0.696270340114023	1.21833971437474	0.333	0.2	1	chr7-101251674-101253086	8
0.696270340114023	1.23793978082447	0.333	0.2	1	chr7-101608416-101609503	8
0.696270340114023	0.776149467039844	0.333	0.2	1	chr7-105593840-105594819	8
0.696270340114023	1.35991574865225	0.333	0.2	1	chr7-105825918-105827759	8
0.696270340114023	0.763130558644632	0.333	0.2	1	chr7-114084286-114087452	8
0.696270340114023	0.993604185744719	0.333	0.2	1	chr7-117383689-117387191	8
0.696270340114023	0.779575938079833	0.333	0.2	1	chr7-118854587-118855998	8
0.696270340114023	1.07100032506977	0.333	0.2	1	chr7-121394709-121398751	8
0.696270340114023	0.782177069701907	0.333	0.2	1	chr7-123928801-123929952	8
0.696270340114023	1.04714294739487	0.333	0.2	1	chr7-126501281-126502136	8
0.696270340114023	0.768240361699661	0.333	0.2	1	chr7-127954322-127955552	8
0.696270340114023	0.828149729794204	0.333	0.2	1	chr7-128168564-128169064	8
0.696270340114023	0.944020484185323	0.333	0.2	1	chr7-128434380-128436621	8
0.696270340114023	1.00316992929239	0.333	0.2	1	chr7-129143820-129145460	8
0.696270340114023	1.14523532081263	0.333	0.2	1	chr7-130564082-130564652	8
0.696270340114023	1.18063977829044	0.333	0.2	1	chr7-134431968-134433355	8
0.696270340114023	1.4895774916813	0.333	0.2	1	chr7-134890369-134892450	8
0.696270340114023	0.864159348118175	0.333	0.2	1	chr7-135945706-135947051	8
0.696270340114023	1.05539933793974	0.333	0.2	1	chr7-140810795-140811753	8
0.696270340114023	0.814663296993866	0.333	0.2	1	chr7-141654385-141655025	8
0.696270340114023	1.0514672706133	0.333	0.2	1	chr7-142812783-142815600	8
0.696270340114023	0.765644252373509	0.333	0.2	1	chr7-148698060-148701118	8
0.696270340114023	1.64647437886358	0.333	0.2	1	chr7-149026420-149029897	8
0.696270340114023	1.04361958660681	0.333	0.2	1	chr7-152433577-152437424	8
0.696270340114023	1.34852739425242	0.333	0.2	1	chr7-156931023-156932603	8
0.696270340114023	1.18886253790777	0.333	0.2	1	chr7-157006971-157012420	8
0.696270340114023	1.03717624279869	0.333	0.2	1	chr8-8750643-8751162	8
0.696270340114023	0.824617673702778	0.333	0.2	1	chr8-11807433-11809896	8
0.696270340114023	0.960661455434792	0.333	0.2	1	chr8-21892925-21894201	8
0.696270340114023	0.778221368819094	0.333	0.2	1	chr8-25581759-25582766	8
0.696270340114023	0.767029034920941	0.333	0.2	1	chr8-29348508-29351542	8
0.696270340114023	1.02611183790932	0.333	0.2	1	chr8-42050272-42053055	8
0.696270340114023	0.779032891894061	0.333	0.2	1	chr8-46955657-46957644	8
0.696270340114023	1.2714619231075	0.333	0.2	1	chr8-47734512-47739356	8
0.696270340114023	1.16195173235358	0.333	0.2	1	chr8-80485042-80488131	8
0.696270340114023	0.768145326935246	0.333	0.2	1	chr8-87493269-87495403	8
0.696270340114023	0.77125275234696	0.333	0.2	1	chr8-89856416-89857311	8
0.696270340114023	0.77457789576323	0.333	0.2	1	chr8-94941489-94952466	8
0.696270340114023	0.812617765532297	0.333	0.2	1	chr8-97697014-97698514	8
0.696270340114023	1.31681495626359	0.333	0.2	1	chr8-98043887-98047089	8
0.696270340114023	1.31805470815981	0.333	0.2	1	chr8-116765707-116767717	8
0.696270340114023	1.23059171418531	0.333	0.2	1	chr8-127090084-127094235	8
0.696270340114023	0.78622347174796	0.333	0.2	1	chr8-132774743-132776385	8
0.696270340114023	0.776385924961967	0.333	0.2	1	chr8-140164418-140165505	8
0.696270340114023	1.11649459037912	0.333	0.2	1	chr8-141391245-141394882	8
0.696270340114023	1.1874390864028	0.333	0.2	1	chr8-144521421-144529722	8
0.696270340114023	0.780785524085123	0.333	0.2	1	chr9-26681634-26683727	8
0.696270340114023	1.28823942325286	0.333	0.2	1	chr9-26890713-26893518	8
0.696270340114023	0.790136854608438	0.333	0.2	1	chr9-34178209-34180497	8
0.696270340114023	0.788941458146328	0.333	0.2	1	chr9-34457164-34459249	8
0.696270340114023	0.79199880239946	0.333	0.2	1	chr9-35161247-35163309	8
0.696270340114023	0.780979104200482	0.333	0.2	1	chr9-35828593-35829996	8
0.696270340114023	1.21028053347153	0.333	0.2	1	chr9-38392124-38393863	8
0.696270340114023	1.26211738589814	0.333	0.2	1	chr9-73514345-73516313	8
0.696270340114023	1.06386640577249	0.333	0.2	1	chr9-77488279-77489165	8
0.696270340114023	0.77420672191605	0.333	0.2	1	chr9-80643835-80645577	8
0.696270340114023	1.1026229504995	0.333	0.2	1	chr9-88386948-88389563	8
0.696270340114023	0.798276056571404	0.333	0.2	1	chr9-101397568-101399968	8
0.696270340114023	0.772511159510203	0.333	0.2	1	chr9-104090859-104092174	8
0.696270340114023	0.795397089748364	0.333	0.2	1	chr9-107282098-107284735	8
0.696270340114023	0.794828782858563	0.333	0.2	1	chr9-111630374-111632384	8
0.696270340114023	1.18311437793134	0.333	0.2	1	chr9-114080396-114083164	8
0.696270340114023	0.770765068248144	0.333	0.2	1	chr9-122452876-122453643	8
0.696270340114023	1.05789145924668	0.333	0.2	1	chr9-122939945-122942296	8
0.696270340114023	0.825316957186082	0.333	0.2	1	chr9-125140546-125144188	8
0.696270340114023	0.788807819485327	0.333	0.2	1	chr9-127244745-127246098	8
0.696270340114023	0.778086094192752	0.333	0.2	1	chr9-129459996-129461430	8
0.696270340114023	0.772554098434873	0.333	0.2	1	chr9-132581783-132582579	8
0.696270340114023	1.12924109606359	0.333	0.2	1	chr9-137044394-137047055	8
0.696270340114023	1.09784467817445	0.333	0.2	1	chr9-137549691-137552964	8
0.696270340114023	1.02160972128248	0.333	0.2	1	chr10-7979899-7980935	8
0.696270340114023	1.29043058051947	0.333	0.2	1	chr10-14570951-14572753	8
0.696270340114023	0.791717775444986	0.333	0.2	1	chr10-15083957-15085507	8
0.696270340114023	0.76278928560429	0.333	0.2	1	chr10-29514506-29515151	8
0.696270340114023	0.768721836128696	0.333	0.2	1	chr10-31759035-31761200	8
0.696270340114023	1.12995517640826	0.333	0.2	1	chr10-58266585-58270349	8
0.696270340114023	1.16542306576204	0.333	0.2	1	chr10-59893790-59896568	8
0.696270340114023	0.768888365478257	0.333	0.2	1	chr10-62264527-62265217	8
0.696270340114023	1.14003096349995	0.333	0.2	1	chr10-67763400-67765752	8
0.696270340114023	0.794901636848857	0.333	0.2	1	chr10-67883739-67886601	8
0.696270340114023	1.10133759359479	0.333	0.2	1	chr10-71134765-71135811	8
0.696270340114023	1.05253673903362	0.333	0.2	1	chr10-72691427-72693733	8
0.696270340114023	1.15813517413125	0.333	0.2	1	chr10-78028511-78030370	8
0.696270340114023	0.771725877554552	0.333	0.2	1	chr10-78048617-78049450	8
0.696270340114023	1.29251408485237	0.333	0.2	1	chr10-89643514-89646143	8
0.696270340114023	0.773192088712189	0.333	0.2	1	chr10-95308519-95309482	8
0.696270340114023	1.08299326125492	0.333	0.2	1	chr10-97685675-97688577	8
0.696270340114023	0.762714779521017	0.333	0.2	1	chr10-100826700-100827304	8
0.696270340114023	1.15382880307575	0.333	0.2	1	chr10-101030737-101033456	8
0.696270340114023	1.02154124571367	0.333	0.2	1	chr10-101780847-101784268	8
0.696270340114023	1.34543596099734	0.333	0.2	1	chr10-102619628-102622993	8
0.696270340114023	0.790288999713241	0.333	0.2	1	chr10-103240183-103242862	8
0.696270340114023	1.1053359023688	0.333	0.2	1	chr10-103395287-103397868	8
0.696270340114023	0.76874281418093	0.333	0.2	1	chr10-107527011-107528055	8
0.696270340114023	0.784697758747613	0.333	0.2	1	chr10-109964636-109966024	8
0.696270340114023	0.764919045263026	0.333	0.2	1	chr10-116741821-116743622	8
0.696270340114023	0.769919226121406	0.333	0.2	1	chr10-117003223-117007561	8
0.696270340114023	1.59743641520591	0.333	0.2	1	chr10-122373166-122375930	8
0.696270340114023	1.43600213254673	0.333	0.2	1	chr10-132570693-132573056	8
0.696270340114023	0.777181827568909	0.333	0.2	1	chr11-416272-418118	8
0.696270340114023	0.989208194940867	0.333	0.2	1	chr11-505381-507897	8
0.696270340114023	1.20439781919479	0.333	0.2	1	chr11-1302254-1304856	8
0.696270340114023	0.795356966575556	0.333	0.2	1	chr11-3216917-3217720	8
0.696270340114023	0.916945649168579	0.333	0.2	1	chr11-9646119-9646879	8
0.696270340114023	1.29005262604487	0.333	0.2	1	chr11-10302298-10304357	8
0.696270340114023	0.955890400265088	0.333	0.2	1	chr11-12991087-12992087	8
0.696270340114023	1.05748202923373	0.333	0.2	1	chr11-15649710-15650903	8
0.696270340114023	1.15845285605544	0.333	0.2	1	chr11-18062760-18064458	8
0.696270340114023	0.889780976925487	0.333	0.2	1	chr11-19389601-19390480	8
0.696270340114023	0.810884141535522	0.333	0.2	1	chr11-24634140-24636867	8
0.696270340114023	1.2842066493621	0.333	0.2	1	chr11-33038762-33040658	8
0.696270340114023	0.791278898006751	0.333	0.2	1	chr11-33735460-33737447	8
0.696270340114023	1.17207735633084	0.333	0.2	1	chr11-44949788-44951343	8
0.696270340114023	1.02957365345711	0.333	0.2	1	chr11-47922061-47924877	8
0.696270340114023	1.17607835736321	0.333	0.2	1	chr11-48088180-48089387	8
0.696270340114023	1.10383358927207	0.333	0.2	1	chr11-57798747-57801340	8
0.696270340114023	0.785009074397541	0.333	0.2	1	chr11-61791820-61793559	8
0.696270340114023	0.795969618710777	0.333	0.2	1	chr11-61827052-61831026	8
0.696270340114023	1.14510115353379	0.333	0.2	1	chr11-62908522-62910068	8
0.696270340114023	0.776972224866171	0.333	0.2	1	chr11-64358647-64360518	8
0.696270340114023	1.52393545301364	0.333	0.2	1	chr11-65856649-65862331	8
0.696270340114023	0.768485790497432	0.333	0.2	1	chr11-66050619-66053335	8
0.696270340114023	0.767600800032253	0.333	0.2	1	chr11-67414948-67415908	8
0.696270340114023	1.09376098498055	0.333	0.2	1	chr11-69105640-69107220	8
0.696270340114023	0.781329719086804	0.333	0.2	1	chr11-71251312-71253832	8
0.696270340114023	0.794927278234593	0.333	0.2	1	chr11-72038290-72042519	8
0.696270340114023	0.78040160158456	0.333	0.2	1	chr11-73227234-73229070	8
0.696270340114023	0.771972132291783	0.333	0.2	1	chr11-73675023-73676918	8
0.696270340114023	1.15776665942719	0.333	0.2	1	chr11-74138006-74139246	8
0.696270340114023	1.29257093172726	0.333	0.2	1	chr11-75342160-75344479	8
0.696270340114023	0.899034874335359	0.333	0.2	1	chr11-76916745-76917195	8
0.696270340114023	0.766011983630428	0.333	0.2	1	chr11-80436242-80437157	8
0.696270340114023	0.823707254662128	0.333	0.2	1	chr11-83192469-83194935	8
0.696270340114023	0.779972026062051	0.333	0.2	1	chr11-93566941-93568170	8
0.696270340114023	1.06739172799712	0.333	0.2	1	chr11-103108748-103110634	8
0.696270340114023	0.829517280166762	0.333	0.2	1	chr11-111137348-111139552	8
0.696270340114023	0.798023202120357	0.333	0.2	1	chr11-111299532-111304067	8
0.696270340114023	0.782307069219652	0.333	0.2	1	chr11-116771836-116773934	8
0.696270340114023	0.790516284843492	0.333	0.2	1	chr11-118789403-118793266	8
0.696270340114023	1.05876296908068	0.333	0.2	1	chr11-119028435-119031463	8
0.696270340114023	0.772689340588894	0.333	0.2	1	chr11-120648379-120649874	8
0.696270340114023	0.770037120983474	0.333	0.2	1	chr11-122580050-122581620	8
0.696270340114023	0.872600110423642	0.333	0.2	1	chr11-125201136-125202062	8
0.696270340114023	0.987868728813662	0.333	0.2	1	chr11-130061754-130062887	8
0.696270340114023	0.797053014305445	0.333	0.2	1	chr12-750806-755506	8
0.696270340114023	1.27566409384593	0.333	0.2	1	chr12-19438988-19441176	8
0.696270340114023	0.770660856713127	0.333	0.2	1	chr12-22443198-22443901	8
0.696270340114023	0.988302039799044	0.333	0.2	1	chr12-25276091-25277244	8
0.696270340114023	0.76310870502677	0.333	0.2	1	chr12-30705113-30707318	8
0.696270340114023	1.12657116088496	0.333	0.2	1	chr12-39891138-39892672	8
0.696270340114023	0.992442587695389	0.333	0.2	1	chr12-48165061-48165529	8
0.696270340114023	0.788822714812255	0.333	0.2	1	chr12-49264045-49266193	8
0.696270340114023	0.791471220841711	0.333	0.2	1	chr12-50166250-50168089	8
0.696270340114023	1.23742513682846	0.333	0.2	1	chr12-53320623-53322180	8
0.696270340114023	1.10782721012934	0.333	0.2	1	chr12-53937965-53940151	8
0.696270340114023	0.791244904319353	0.333	0.2	1	chr12-55727508-55730404	8
0.696270340114023	0.76041320328263	0.333	0.2	1	chr12-55742595-55744403	8
0.696270340114023	1.02345996641215	0.333	0.2	1	chr12-55926113-55928666	8
0.696270340114023	0.791745817239755	0.333	0.2	1	chr12-56220490-56222851	8
0.696270340114023	1.20835020619668	0.333	0.2	1	chr12-56332991-56334918	8
0.696270340114023	0.974213054476773	0.333	0.2	1	chr12-57514388-57524643	8
0.696270340114023	0.785595899318208	0.333	0.2	1	chr12-63779334-63780758	8
0.696270340114023	0.787867013547674	0.333	0.2	1	chr12-67647512-67649983	8
0.696270340114023	0.780155317012657	0.333	0.2	1	chr12-68405268-68406834	8
0.696270340114023	1.01976990112106	0.333	0.2	1	chr12-69359092-69360811	8
0.696270340114023	0.931665377284991	0.333	0.2	1	chr12-80935757-80938033	8
0.696270340114023	0.849506589477207	0.333	0.2	1	chr12-82896622-82897609	8
0.696270340114023	0.78646416750689	0.333	0.2	1	chr12-93676864-93678522	8
0.696270340114023	1.02705356111507	0.333	0.2	1	chr12-101876858-101878647	8
0.696270340114023	0.771544389428023	0.333	0.2	1	chr12-103848030-103848759	8
0.696270340114023	1.15505890753002	0.333	0.2	1	chr12-107091819-107094587	8
0.696270340114023	1.1029586506955	0.333	0.2	1	chr12-108690965-108692836	8
0.696270340114023	1.30108189128653	0.333	0.2	1	chr12-108730539-108732621	8
0.696270340114023	0.781626454720595	0.333	0.2	1	chr12-109879690-109881240	8
0.696270340114023	1.10794075904714	0.333	0.2	1	chr12-109963477-109965906	8
0.696270340114023	1.22201001959103	0.333	0.2	1	chr12-121351307-121353519	8
0.696270340114023	1.14637903582015	0.333	0.2	1	chr12-122525775-122528061	8
0.696270340114023	1.10691065483417	0.333	0.2	1	chr12-122749317-122750609	8
0.696270340114023	1.2451902847963	0.333	0.2	1	chr13-25301058-25303204	8
0.696270340114023	0.752220167981129	0.333	0.2	1	chr13-29493691-29494269	8
0.696270340114023	0.790206164630174	0.333	0.2	1	chr13-41131853-41133317	8
0.696270340114023	0.785609991456887	0.333	0.2	1	chr13-42271170-42272961	8
0.696270340114023	0.920929257470624	0.333	0.2	1	chr13-56408112-56408634	8
0.696270340114023	0.779633719472604	0.333	0.2	1	chr13-113980839-113981854	8
0.696270340114023	0.771875570045958	0.333	0.2	1	chr13-114043131-114043924	8
0.696270340114023	1.09658287800151	0.333	0.2	1	chr14-23468839-23470148	8
0.696270340114023	1.05866270624767	0.333	0.2	1	chr14-24035790-24037317	8
0.696270340114023	1.31324353300311	0.333	0.2	1	chr14-24365515-24368159	8
0.696270340114023	1.13434402262633	0.333	0.2	1	chr14-29757082-29758539	8
0.696270340114023	0.789789242631008	0.333	0.2	1	chr14-36855724-36857629	8
0.696270340114023	1.04810202437907	0.333	0.2	1	chr14-49687598-49688683	8
0.696270340114023	0.760563789211524	0.333	0.2	1	chr14-52400148-52400636	8
0.696270340114023	0.7879731792245	0.333	0.2	1	chr14-52790126-52792333	8
0.696270340114023	1.09856893410762	0.333	0.2	1	chr14-55578918-55581726	8
0.696270340114023	0.78124597916099	0.333	0.2	1	chr14-56579209-56580548	8
0.696270340114023	1.01615098605035	0.333	0.2	1	chr14-60222506-60223391	8
0.696270340114023	0.769586492239038	0.333	0.2	1	chr14-60514360-60515435	8
0.696270340114023	0.7697410559845	0.333	0.2	1	chr14-69812540-69813372	8
0.696270340114023	1.06974710539563	0.333	0.2	1	chr14-75175042-75177421	8
0.696270340114023	0.780722071812017	0.333	0.2	1	chr14-81435261-81436999	8
0.696270340114023	0.767410782551226	0.333	0.2	1	chr14-84642899-84644432	8
0.696270340114023	1.02634564075761	0.333	0.2	1	chr14-89325984-89328351	8
0.696270340114023	0.93181114589978	0.333	0.2	1	chr14-100663213-100663709	8
0.696270340114023	1.18358824468219	0.333	0.2	1	chr14-103576180-103577482	8
0.696270340114023	0.784302362212764	0.333	0.2	1	chr14-104863949-104866909	8
0.696270340114023	0.787423537920612	0.333	0.2	1	chr14-105164845-105169557	8
0.696270340114023	0.761074761313068	0.333	0.2	1	chr15-23527866-23528420	8
0.696270340114023	1.41827241258491	0.333	0.2	1	chr15-40322893-40324389	8
0.696270340114023	1.05887984528388	0.333	0.2	1	chr15-44535912-44538320	8
0.696270340114023	0.781351695152739	0.333	0.2	1	chr15-44554805-44556340	8
0.696270340114023	0.782580950648469	0.333	0.2	1	chr15-48877576-48878774	8
0.696270340114023	0.779527651468182	0.333	0.2	1	chr15-51736525-51738421	8
0.696270340114023	0.766591872928204	0.333	0.2	1	chr15-57113886-57114569	8
0.696270340114023	0.796453531129927	0.333	0.2	1	chr15-61749083-61751446	8
0.696270340114023	0.789071222244461	0.333	0.2	1	chr15-62059261-62061256	8
0.696270340114023	1.39114168765014	0.333	0.2	1	chr15-65868700-65871557	8
0.696270340114023	1.22778322164381	0.333	0.2	1	chr15-67520217-67522814	8
0.696270340114023	0.752186632671845	0.333	0.2	1	chr15-67742632-67743376	8
0.696270340114023	1.27668221232533	0.333	0.2	1	chr15-69159843-69161842	8
0.696270340114023	0.759154329195274	0.333	0.2	1	chr15-78881642-78882102	8
0.696270340114023	0.84544140099646	0.333	0.2	1	chr15-79922659-79924443	8
0.696270340114023	1.32162621525552	0.333	0.2	1	chr15-81032445-81033953	8
0.696270340114023	1.22767084764996	0.333	0.2	1	chr15-82808279-82811437	8
0.696270340114023	1.19970458174538	0.333	0.2	1	chr15-83930345-83931428	8
0.696270340114023	1.39242835125203	0.333	0.2	1	chr15-90229737-90234825	8
0.696270340114023	0.782261040882073	0.333	0.2	1	chr15-90351733-90352879	8
0.696270340114023	0.766244908006997	0.333	0.2	1	chr15-90451375-90451913	8
0.696270340114023	0.935501356910458	0.333	0.2	1	chr15-99909834-99910384	8
0.696270340114023	0.764512459335078	0.333	0.2	1	chr15-100340983-100342758	8
0.696270340114023	0.784347532622514	0.333	0.2	1	chr15-101276372-101278763	8
0.696270340114023	0.782419583134731	0.333	0.2	1	chr16-969664-971662	8
0.696270340114023	0.796133767382325	0.333	0.2	1	chr16-1609794-1614913	8
0.696270340114023	0.770466607361163	0.333	0.2	1	chr16-2003717-2004406	8
0.696270340114023	0.770417660946774	0.333	0.2	1	chr16-3960063-3961542	8
0.696270340114023	0.770454960846379	0.333	0.2	1	chr16-11912822-11917538	8
0.696270340114023	1.05748725604174	0.333	0.2	1	chr16-24538725-24541271	8
0.696270340114023	1.33847895733972	0.333	0.2	1	chr16-28532034-28539783	8
0.696270340114023	1.26437665524116	0.333	0.2	1	chr16-30650163-30652127	8
0.696270340114023	0.788498346936314	0.333	0.2	1	chr16-30761017-30763205	8
0.696270340114023	1.07485053285735	0.333	0.2	1	chr16-47734774-47735926	8
0.696270340114023	0.765166613297271	0.333	0.2	1	chr16-49970714-49971290	8
0.696270340114023	0.793855628888056	0.333	0.2	1	chr16-54285186-54287672	8
0.696270340114023	0.789041808367576	0.333	0.2	1	chr16-56681642-56683460	8
0.696270340114023	1.29522040848321	0.333	0.2	1	chr16-56930914-56935881	8
0.696270340114023	1.1424494537407	0.333	0.2	1	chr16-58514365-58517116	8
0.696270340114023	0.781491747906594	0.333	0.2	1	chr16-58828396-58829927	8
0.696270340114023	1.17427673358381	0.333	0.2	1	chr16-67925764-67927123	8
0.696270340114023	0.770120657901161	0.333	0.2	1	chr16-68067785-68068819	8
0.696270340114023	0.791750911166775	0.333	0.2	1	chr16-69328710-69331303	8
0.696270340114023	0.785669768406531	0.333	0.2	1	chr16-74605859-74607852	8
0.696270340114023	0.778133031621786	0.333	0.2	1	chr16-75599289-75600697	8
0.696270340114023	0.769367353369814	0.333	0.2	1	chr16-81313632-81316415	8
0.696270340114023	0.774635611540339	0.333	0.2	1	chr16-88685232-88687121	8
0.696270340114023	1.03404597395285	0.333	0.2	1	chr17-1559262-1563333	8
0.696270340114023	0.960133869117794	0.333	0.2	1	chr17-17476525-17477623	8
0.696270340114023	0.780061542952191	0.333	0.2	1	chr17-17982599-17983962	8
0.696270340114023	0.791216091656	0.333	0.2	1	chr17-21211992-21215341	8
0.696270340114023	0.781596119689777	0.333	0.2	1	chr17-28233192-28234895	8
0.696270340114023	0.790393400831516	0.333	0.2	1	chr17-28570317-28573063	8
0.696270340114023	1.44576000393189	0.333	0.2	1	chr17-28719012-28729593	8
0.696270340114023	0.792773620358486	0.333	0.2	1	chr17-29291111-29295106	8
0.696270340114023	0.922762850803717	0.333	0.2	1	chr17-30369411-30370925	8
0.696270340114023	1.04691652938629	0.333	0.2	1	chr17-31900834-31902344	8
0.696270340114023	0.777252986101534	0.333	0.2	1	chr17-37088331-37089521	8
0.696270340114023	0.778200621349865	0.333	0.2	1	chr17-38255843-38257721	8
0.696270340114023	1.22457665228678	0.333	0.2	1	chr17-40111240-40114590	8
0.696270340114023	1.08414207998798	0.333	0.2	1	chr17-43388096-43389828	8
0.696270340114023	0.776362991850443	0.333	0.2	1	chr17-43832289-43833635	8
0.696270340114023	0.999207457441582	0.333	0.2	1	chr17-46286587-46287345	8
0.696270340114023	0.774899179544593	0.333	0.2	1	chr17-49100870-49102056	8
0.696270340114023	0.948289238889288	0.333	0.2	1	chr17-50458774-50459883	8
0.696270340114023	1.21367342017522	0.333	0.2	1	chr17-57084305-57087044	8
0.696270340114023	1.0293242668394	0.333	0.2	1	chr17-64144703-64149233	8
0.696270340114023	1.13391466572895	0.333	0.2	1	chr17-73215292-73216271	8
0.696270340114023	0.7714910660119	0.333	0.2	1	chr17-74968077-74969207	8
0.696270340114023	1.18525318466437	0.333	0.2	1	chr17-76026323-76028005	8
0.696270340114023	0.976840214964166	0.333	0.2	1	chr17-76735834-76738902	8
0.696270340114023	0.788100421931757	0.333	0.2	1	chr17-80277367-80280452	8
0.696270340114023	0.787560845718521	0.333	0.2	1	chr18-449142-450047	8
0.696270340114023	1.11171832962661	0.333	0.2	1	chr18-6835148-6835986	8
0.696270340114023	1.32511142151368	0.333	0.2	1	chr18-9135403-9138904	8
0.696270340114023	0.780835231781958	0.333	0.2	1	chr18-11989567-11990667	8
0.696270340114023	1.12196650382604	0.333	0.2	1	chr18-24021609-24023973	8
0.696270340114023	1.0410150640456	0.333	0.2	1	chr18-32371520-32374670	8
0.696270340114023	0.785723058827452	0.333	0.2	1	chr18-51044784-51045554	8
0.696270340114023	0.791887917283214	0.333	0.2	1	chr18-55664148-55666235	8
0.696270340114023	0.774717617524032	0.333	0.2	1	chr18-58055953-58057988	8
0.696270340114023	0.803931503199203	0.333	0.2	1	chr18-62714494-62718002	8
0.696270340114023	1.10010701243941	0.333	0.2	1	chr19-1166204-1170951	8
0.696270340114023	0.770288619000189	0.333	0.2	1	chr19-2059110-2062628	8
0.696270340114023	0.777399900530794	0.333	0.2	1	chr19-6278646-6280509	8
0.696270340114023	1.18434398484965	0.333	0.2	1	chr19-12139616-12141618	8
0.696270340114023	0.786083094918507	0.333	0.2	1	chr19-21505238-21506444	8
0.696270340114023	0.7664087129972	0.333	0.2	1	chr19-34298856-34299955	8
0.696270340114023	1.10718471738706	0.333	0.2	1	chr19-36053273-36056793	8
0.696270340114023	0.837378366595001	0.333	0.2	1	chr19-36139272-36141743	8
0.696270340114023	1.29863649902035	0.333	0.2	1	chr19-36488703-36490579	8
0.696270340114023	0.79081598533449	0.333	0.2	1	chr19-37317033-37318363	8
0.696270340114023	0.985701168866285	0.333	0.2	1	chr19-38847995-38853235	8
0.696270340114023	0.789141629650247	0.333	0.2	1	chr19-38929940-38931725	8
0.696270340114023	0.832804904926044	0.333	0.2	1	chr19-40777102-40779102	8
0.696270340114023	0.782850990868439	0.333	0.2	1	chr19-42396273-42398204	8
0.696270340114023	0.756593093600171	0.333	0.2	1	chr19-44002456-44003914	8
0.696270340114023	1.87608347078072	0.333	0.2	1	chr19-49869013-49870643	8
0.696270340114023	0.78886435961128	0.333	0.2	1	chr19-50510580-50511954	8
0.696270340114023	0.780169343238923	0.333	0.2	1	chr19-55062140-55063556	8
0.696270340114023	1.1173824601643	0.333	0.2	1	chr19-55338267-55341660	8
0.696270340114023	1.14508697659546	0.333	0.2	1	chr20-257290-258259	8
0.696270340114023	0.777361924362746	0.333	0.2	1	chr20-16760121-16761698	8
0.696270340114023	1.12133337912078	0.333	0.2	1	chr20-30723357-30724865	8
0.696270340114023	1.18445788334525	0.333	0.2	1	chr20-33652936-33655358	8
0.696270340114023	0.77748640965689	0.333	0.2	1	chr20-33662896-33665059	8
0.696270340114023	0.788801858078608	0.333	0.2	1	chr20-34954745-34956346	8
0.696270340114023	0.770409488065264	0.333	0.2	1	chr20-43507381-43508182	8
0.696270340114023	0.777997109281017	0.333	0.2	1	chr20-46782120-46782998	8
0.696270340114023	0.771718356331502	0.333	0.2	1	chr20-50172034-50173036	8
0.696270340114023	1.26033122035932	0.333	0.2	1	chr20-58906674-58908589	8
0.696270340114023	0.7690593300307	0.333	0.2	1	chr20-59987969-59989049	8
0.696270340114023	1.25849611258111	0.333	0.2	1	chr20-62121162-62123871	8
0.696270340114023	0.78423440786783	0.333	0.2	1	chr20-62141415-62144877	8
0.696270340114023	0.779667343838767	0.333	0.2	1	chr20-63641428-63642927	8
0.696270340114023	1.51386462765562	0.333	0.2	1	chr21-15062557-15066461	8
0.696270340114023	1.08774569294877	0.333	0.2	1	chr21-19864250-19865041	8
0.696270340114023	0.768582222603771	0.333	0.2	1	chr21-41499638-41502833	8
0.696270340114023	1.0281787899858	0.333	0.2	1	chr21-46227924-46229973	8
0.696270340114023	0.764295875513952	0.333	0.2	1	chr22-11285504-11286251	8
0.696270340114023	1.26440702385811	0.333	0.2	1	chr22-17637536-17640090	8
0.696270340114023	1.58534902593629	0.333	0.2	1	chr22-18077420-18079002	8
0.696270340114023	0.815263014539021	0.333	0.2	1	chr22-20776467-20778654	8
0.696270340114023	1.14879200046196	0.333	0.2	1	chr22-23749829-23751729	8
0.696270340114023	0.770868587675207	0.333	0.2	1	chr22-29334583-29335430	8
0.696270340114023	0.792946192063096	0.333	0.2	1	chr22-29602855-29604908	8
0.696270340114023	0.783113291581182	0.333	0.2	1	chr22-30802298-30803634	8
0.696270340114023	0.790767711287488	0.333	0.2	1	chr22-36026666-36029646	8
0.696270340114023	0.767738957258681	0.333	0.2	1	chr22-38765809-38766702	8
0.696270340114023	1.00944506649762	0.333	0.2	1	chr22-41366659-41368028	8
0.696270340114023	0.783105273776608	0.333	0.2	1	chr22-42867401-42869577	8
0.696270340114023	1.14484415696522	0.333	0.2	1	chr22-46012913-46014524	8
0.696270340114023	1.17244222386854	0.333	0.2	1	chr22-46040296-46065534	8
0.696270340114023	0.821387448596138	0.333	0.2	1	chrX-2608535-2610661	8
0.696270340114023	1.10861718203315	0.333	0.2	1	chrX-11757424-11760072	8
0.696270340114023	0.770045495375967	0.333	0.2	1	chrX-21914237-21915022	8
0.696270340114023	1.29259756366592	0.333	0.2	1	chrX-47361495-47362659	8
0.696270340114023	1.15219817652212	0.333	0.2	1	chrX-48695662-48697413	8
0.696270340114023	0.765474424043163	0.333	0.2	1	chrX-74133159-74133838	8
0.696270340114023	0.777844318086293	0.333	0.2	1	chrX-77910080-77911550	8
0.696270340114023	0.766634595777783	0.333	0.2	1	chrX-96911353-96912064	8
0.696270340114023	1.05258928552808	0.333	0.2	1	chrX-104165607-104167243	8
0.696270340114023	0.760648846247182	0.333	0.2	1	chrX-110316943-110318969	8
0.696270340114023	1.09366963835721	0.333	0.2	1	chrX-110413043-110413564	8
0.696270340114023	1.22631854584819	0.333	0.2	1	chrX-155069978-155072362	8
0.696270340114023	0.775921622542626	0.333	0.2	1	chrY-13478282-13480464	8
0.759981527157728	0.481250516427377	0.667	0.6	1	chr1-171780335-171782544	8
0.759981527157728	0.289546587899228	0.667	0.6	1	chr1-198155196-198160654	8
0.759981527157728	0.288760546947111	0.667	0.6	1	chr5-149958909-149961449	8
0.759981527157728	0.65212056381817	0.667	0.6	1	chr7-16644014-16647257	8
0.759981527157728	1.2110165637972	0.667	0.6	1	chr7-21426481-21428929	8
0.759981527157728	0.400673022714228	0.667	0.6	1	chr7-129224076-129226391	8
0.759981527157728	0.37156708905069	0.667	0.6	1	chr8-124473225-124476966	8
0.759981527157728	0.411212170641189	0.667	0.6	1	chr16-58628188-58630998	8
0.873807137111765	0.54351264729665	0.667	0.4	1	chr1-35640932-35642980	8
0.873807137111765	0.651261115337739	0.667	0.4	1	chr1-88991857-88994319	8
0.873807137111765	0.589858422666962	0.667	0.4	1	chr1-155226288-155228348	8
0.873807137111765	0.567381091553856	0.667	0.4	1	chr1-167713790-167717116	8
0.873807137111765	0.465553707772069	0.667	0.4	1	chr1-169890622-169894958	8
0.873807137111765	0.322311524962204	0.667	0.4	1	chr1-182227770-182229235	8
0.873807137111765	0.338780729369949	0.667	0.4	1	chr1-212283938-212287595	8
0.873807137111765	0.675586697709204	0.667	0.4	1	chr2-61763501-61765012	8
0.873807137111765	0.672744456798078	0.667	0.4	1	chr2-113603208-113604631	8
0.873807137111765	0.580707310254098	0.667	0.4	1	chr2-239881645-239882754	8
0.873807137111765	0.728229813029139	0.667	0.4	1	chr3-11845526-11848000	8
0.873807137111765	0.489928564313884	0.667	0.4	1	chr3-50349960-50352060	8
0.873807137111765	0.655434242992952	0.667	0.4	1	chr3-66496940-66502027	8
0.873807137111765	0.404296660830753	0.667	0.4	1	chr3-88057818-88060428	8
0.873807137111765	0.662168153740436	0.667	0.4	1	chr3-139388714-139391070	8
0.873807137111765	0.589129262923222	0.667	0.4	1	chr3-156553741-156555781	8
0.873807137111765	0.654901881066383	0.667	0.4	1	chr3-168094547-168097026	8
0.873807137111765	0.488820055210447	0.667	0.4	1	chr3-195269703-195272310	8
0.873807137111765	0.37847943061863	0.667	0.4	1	chr4-3954298-3957976	8
0.873807137111765	0.463751578324325	0.667	0.4	1	chr4-77817509-77821714	8
0.873807137111765	0.686636806837897	0.667	0.4	1	chr4-145936099-145939209	8
0.873807137111765	0.660876246635484	0.667	0.4	1	chr4-165111832-165114007	8
0.873807137111765	0.397273909297704	0.667	0.4	1	chr5-56908996-56911007	8
0.873807137111765	0.450088073679243	0.667	0.4	1	chr5-60841716-60844779	8
0.873807137111765	0.521555229769544	0.667	0.4	1	chr5-124261983-124264492	8
0.873807137111765	0.384544446489253	0.667	0.4	1	chr6-96896648-96899525	8
0.873807137111765	0.674990888649784	0.667	0.4	1	chr7-73737749-73739730	8
0.873807137111765	0.592059896042736	0.667	0.4	1	chr7-139107690-139110155	8
0.873807137111765	0.317901014131144	0.667	0.4	1	chr7-141694594-141698168	8
0.873807137111765	0.633606206478159	0.667	0.4	1	chr8-101577419-101585046	8
0.873807137111765	0.429888510452646	0.667	0.4	1	chr8-104588048-104590744	8
0.873807137111765	0.527827813944661	0.667	0.4	1	chr9-5832023-5833630	8
0.873807137111765	0.467230126210683	0.667	0.4	1	chr10-3171894-3173932	8
0.873807137111765	0.447112473677368	0.667	0.4	1	chr10-75232409-75236579	8
0.873807137111765	0.679341933704106	0.667	0.4	1	chr11-19712055-19713432	8
0.873807137111765	0.51698563151969	0.667	0.4	1	chr11-114159107-114161132	8
0.873807137111765	0.516192707697784	0.667	0.4	1	chr11-117220980-117222680	8
0.873807137111765	0.547890956178633	0.667	0.4	1	chr12-11728876-11731227	8
0.873807137111765	0.664739925387108	0.667	0.4	1	chr12-32398776-32400835	8
0.873807137111765	0.666167358494659	0.667	0.4	1	chr12-88034846-88037060	8
0.873807137111765	0.488208310750068	0.667	0.4	1	chr14-99553781-99556519	8
0.873807137111765	0.522246610383769	0.667	0.4	1	chr15-52566944-52569630	8
0.873807137111765	0.346625527323603	0.667	0.4	1	chr15-78506868-78508572	8
0.873807137111765	0.342323971882556	0.667	0.4	1	chr15-84715209-84717259	8
0.873807137111765	0.592524938492695	0.667	0.4	1	chr15-84980109-84982810	8
0.873807137111765	0.511913104731907	0.667	0.4	1	chr16-57535477-57537154	8
0.873807137111765	0.255774310971571	0.667	0.4	1	chr16-67243542-67249373	8
0.873807137111765	0.367771342205239	0.667	0.4	1	chr16-70379834-70382404	8
0.873807137111765	0.401403610124693	0.667	0.4	1	chr17-2707599-2712333	8
0.873807137111765	0.364051381177369	0.667	0.4	1	chr17-45060263-45062074	8
0.873807137111765	0.666523554278973	0.667	0.4	1	chr17-63826167-63828462	8
0.873807137111765	0.682847986581387	0.667	0.4	1	chr19-37172285-37173308	8
0.873807137111765	0.672463415805517	0.667	0.4	1	chr20-9067312-9069802	8
0.873807137111765	0.460100070739786	0.667	0.4	1	chr20-56628839-56631186	8
0.873807137111765	0.379338755644123	0.667	0.4	1	chr21-32770540-32773350	8
0.873807137111765	0.465497038488654	0.667	0.4	1	chrX-23782544-23785978	8
0.880791022511061	0.344200322522079	0.667	0.8	1	chr7-6008471-6010727	8
0.880791022511061	0.733725666109738	0.667	0.8	1	chr7-39948496-39952806	8
0.880791022511061	0.498424440953884	0.667	0.8	1	chr7-44998951-45002308	8
1	0.297635286892004	0.667	0.4	1	chr2-27771030-27772525	8
1	0.397877055929277	0.667	0.4	1	chr3-19946009-19948436	8
1	0.323864323384461	0.667	0.4	1	chr3-51940823-51943579	8
1	0.403704057939063	0.667	0.4	1	chr5-81970999-81972863	8
1	0.344950824660177	0.667	0.4	1	chr5-90557290-90559527	8
1	0.265495351474026	0.667	0.4	1	chr6-131649545-131653399	8
1	0.318221130446878	0.667	0.4	1	chr6-151388787-151393127	8
1	0.325831383519185	0.667	0.4	1	chr7-120857461-120858658	8
1	0.296108508625106	0.667	0.4	1	chr8-144290107-144293365	8
1	0.313617955168041	0.667	0.4	1	chr10-102501175-102505810	8
1	0.448145310225146	0.667	0.4	1	chr12-120437246-120438713	8
1	0.377819991822881	0.667	0.4	1	chr15-43509802-43512009	8
1	0.42430879898561	0.667	0.4	1	chr15-76930867-76932715	8
1	0.442605635338517	0.667	0.4	1	chr15-83066059-83067844	8
1	0.435189128075843	0.667	0.4	1	chr15-89164028-89166082	8
1	0.280309211605135	0.667	0.4	1	chr15-90929675-90933071	8
1	0.366609607425134	0.667	0.4	1	chr17-78779669-78783260	8
1	0.262225228692724	0.333	0.6	1	chr7-33061420-33063649	8
1	0.583960549643328	0.333	0.6	1	chr7-44081859-44083290	8
1	1.33142015919323	1	0.8	1	chr7-5417401-5430861	8
1	0.301173665599	0.333	0.2	1	chr1-633673-634647	8
1	0.59678076876817	0.333	0.2	1	chr1-1351489-1355957	8
1	0.726121333116418	0.333	0.2	1	chr1-1723877-1724952	8
1	0.4599621386295	0.333	0.2	1	chr1-2001562-2002339	8
1	0.722226839553929	0.333	0.2	1	chr1-2583414-2588109	8
1	0.606527690703082	0.333	0.2	1	chr1-3856143-3858951	8
1	0.725805467959561	0.333	0.2	1	chr1-6700486-6702405	8
1	0.62159016457429	0.333	0.2	1	chr1-8411762-8413377	8
1	0.624540056114901	0.333	0.2	1	chr1-9126271-9130557	8
1	0.638576386538166	0.333	0.2	1	chr1-16235934-16238338	8
1	0.72727418358368	0.333	0.2	1	chr1-21329113-21330670	8
1	0.320691006196395	0.333	0.2	1	chr1-21781851-21784298	8
1	0.647051074783943	0.333	0.2	1	chr1-26335908-26337206	8
1	0.265674404535824	0.333	0.2	1	chr1-26529295-26533008	8
1	0.614848078340652	0.333	0.2	1	chr1-26704628-26707022	8
1	0.357966771891538	0.333	0.2	1	chr1-26799061-26800692	8
1	0.356648887699259	0.333	0.2	1	chr1-27154497-27156060	8
1	0.562993269812793	0.333	0.2	1	chr1-27321682-27323234	8
1	0.287989412173004	0.333	0.2	1	chr1-27934528-27936003	8
1	0.493986255360063	0.333	0.2	1	chr1-28232435-28233502	8
1	0.547904018280121	0.333	0.2	1	chr1-28246276-28250179	8
1	0.338810188953475	0.333	0.2	1	chr1-28369202-28371261	8
1	0.629145678484216	0.333	0.2	1	chr1-31643804-31645835	8
1	0.292842087746562	0.333	0.2	1	chr1-31669399-31670811	8
1	0.725455413518647	0.333	0.2	1	chr1-32221150-32224832	8
1	0.727263156676798	0.333	0.2	1	chr1-32240011-32241082	8
1	0.613434645011247	0.333	0.2	1	chr1-32649387-32652232	8
1	0.31181519680107	0.333	0.2	1	chr1-33348295-33351252	8
1	0.660416539395528	0.333	0.2	1	chr1-37497600-37500284	8
1	0.648558583036989	0.333	0.2	1	chr1-37793607-37795960	8
1	0.613526846768567	0.333	0.2	1	chr1-38011833-38013780	8
1	0.554563988395048	0.333	0.2	1	chr1-39901232-39902845	8
1	0.72243257552524	0.333	0.2	1	chr1-40039075-40041744	8
1	0.727991525798922	0.333	0.2	1	chr1-40848285-40849184	8
1	0.336657176549699	0.333	0.2	1	chr1-41442419-41443592	8
1	0.31380063746604	0.333	0.2	1	chr1-42034765-42036548	8
1	0.556850878920083	0.333	0.2	1	chr1-42657304-42659581	8
1	0.72284656202888	0.333	0.2	1	chr1-42680914-42684518	8
1	0.726327066393538	0.333	0.2	1	chr1-43147294-43148157	8
1	0.404389731930554	0.333	0.2	1	chr1-43235095-43236386	8
1	0.494083415378715	0.333	0.2	1	chr1-43642596-43643528	8
1	0.629557546120199	0.333	0.2	1	chr1-44729032-44731715	8
1	0.34229156384065	0.333	0.2	1	chr1-45834534-45835371	8
1	0.289120011241235	0.333	0.2	1	chr1-47332628-47335311	8
1	0.724315054821727	0.333	0.2	1	chr1-47926306-47927895	8
1	0.725288689792049	0.333	0.2	1	chr1-52140859-52143235	8
1	0.377000063559077	0.333	0.2	1	chr1-52662497-52663363	8
1	0.643527330766555	0.333	0.2	1	chr1-53889165-53890636	8
1	0.302003957584696	0.333	0.2	1	chr1-54763757-54765366	8
1	0.435942363994206	0.333	0.2	1	chr1-54794299-54796498	8
1	0.685998638289311	0.333	0.2	1	chr1-55214454-55216106	8
1	0.300305040336252	0.333	0.2	1	chr1-55693921-55695169	8
1	0.268872558450947	0.333	0.2	1	chr1-56576874-56577586	8
1	0.329271614492241	0.333	0.2	1	chr1-61691936-61692913	8
1	0.72942667082766	0.333	0.2	1	chr1-62131020-62131711	8
1	0.360902707379806	0.333	0.2	1	chr1-63316661-63317912	8
1	0.394879403431902	0.333	0.2	1	chr1-63674304-63675548	8
1	0.362859881216652	0.333	0.2	1	chr1-64744076-64746393	8
1	0.406793553382716	0.333	0.2	1	chr1-67578334-67580485	8
1	0.284353920203831	0.333	0.2	1	chr1-67759754-67761595	8
1	0.35312504477584	0.333	0.2	1	chr1-77263353-77265400	8
1	0.352113444063658	0.333	0.2	1	chr1-81678332-81679686	8
1	0.421037661916861	0.333	0.2	1	chr1-82857952-82858544	8
1	0.304510270289756	0.333	0.2	1	chr1-84077214-84079203	8
1	0.375988005479708	0.333	0.2	1	chr1-84944591-84945593	8
1	0.56206268398056	0.333	0.2	1	chr1-85297211-85299158	8
1	0.36934948496928	0.333	0.2	1	chr1-88677904-88679109	8
1	0.282386524001884	0.333	0.2	1	chr1-89898196-89899376	8
1	0.726359407143346	0.333	0.2	1	chr1-91744693-91746403	8
1	0.622805569994005	0.333	0.2	1	chr1-91844753-91846695	8
1	0.655056720901122	0.333	0.2	1	chr1-93616515-93618149	8
1	0.402148912126897	0.333	0.2	1	chr1-94406126-94407122	8
1	0.324918541892844	0.333	0.2	1	chr1-95116423-95118282	8
1	0.621945621268372	0.333	0.2	1	chr1-96865235-96866723	8
1	0.43533878757537	0.333	0.2	1	chr1-99649978-99651211	8
1	0.404121257266261	0.333	0.2	1	chr1-107534586-107537074	8
1	0.604983570223556	0.333	0.2	1	chr1-108559401-108560807	8
1	0.552022432062917	0.333	0.2	1	chr1-109088886-109092185	8
1	0.731102482983623	0.333	0.2	1	chr1-109262938-109264362	8
1	0.348621352879024	0.333	0.2	1	chr1-109298575-109299805	8
1	0.311414632031012	0.333	0.2	1	chr1-109618741-109621745	8
1	0.731556014157569	0.333	0.2	1	chr1-110355740-110357063	8
1	0.73053849226576	0.333	0.2	1	chr1-116372672-116378553	8
1	0.724085617586968	0.333	0.2	1	chr1-116569804-116571695	8
1	0.281244441971702	0.333	0.2	1	chr1-117118606-117122803	8
1	0.355703858179352	0.333	0.2	1	chr1-118617638-118619517	8
1	0.381873283282072	0.333	0.2	1	chr1-121546692-121548003	8
1	0.656440669189996	0.333	0.2	1	chr1-150020997-150022912	8
1	0.727725127228081	0.333	0.2	1	chr1-151542502-151543381	8
1	0.3181611522161	0.333	0.2	1	chr1-151762655-151764358	8
1	0.262932936700386	0.333	0.2	1	chr1-153751923-153752605	8
1	0.26960625495407	0.333	0.2	1	chr1-153962344-153964537	8
1	0.721515004716417	0.333	0.2	1	chr1-153966309-153969337	8
1	0.72617851659229	0.333	0.2	1	chr1-154271468-154273646	8
1	0.661363642682111	0.333	0.2	1	chr1-154574334-154575500	8
1	0.32119331846395	0.333	0.2	1	chr1-155044343-155045685	8
1	0.307991478594277	0.333	0.2	1	chr1-155276876-155278947	8
1	0.560042518331079	0.333	0.2	1	chr1-155744817-155746046	8
1	0.728085435969353	0.333	0.2	1	chr1-156090513-156091340	8
1	0.653370452053614	0.333	0.2	1	chr1-156103746-156104860	8
1	0.626199637523177	0.333	0.2	1	chr1-156114098-156116468	8
1	0.726695388321481	0.333	0.2	1	chr1-156659683-156661727	8
1	0.666796050951652	0.333	0.2	1	chr1-157363486-157364192	8
1	0.367536304038121	0.333	0.2	1	chr1-158177234-158178508	8
1	0.59072350822452	0.333	0.2	1	chr1-159881581-159882508	8
1	0.721594992375098	0.333	0.2	1	chr1-159899139-159901714	8
1	0.290918090731785	0.333	0.2	1	chr1-160283824-160285676	8
1	0.548776087546136	0.333	0.2	1	chr1-161116976-161120425	8
1	0.598013509170662	0.333	0.2	1	chr1-161225263-161228198	8
1	0.544125869596148	0.333	0.2	1	chr1-161397761-161400776	8
1	0.386986380530138	0.333	0.2	1	chr1-162913063-162914235	8
1	0.379136247884277	0.333	0.2	1	chr1-163583510-163584473	8
1	0.649344810338197	0.333	0.2	1	chr1-165837511-165838837	8
1	0.632144898095043	0.333	0.2	1	chr1-165856317-165859177	8
1	0.597911072322616	0.333	0.2	1	chr1-167043709-167044931	8
1	0.58459567555703	0.333	0.2	1	chr1-171141004-171143414	8
1	0.493521121822172	0.333	0.2	1	chr1-172742527-172743238	8
1	0.649804229020778	0.333	0.2	1	chr1-175231870-175233038	8
1	0.263666644383766	0.333	0.2	1	chr1-176205353-176208581	8
1	0.634677063356398	0.333	0.2	1	chr1-178541888-178543616	8
1	0.600602744382127	0.333	0.2	1	chr1-179953646-179956020	8
1	0.414955346289131	0.333	0.2	1	chr1-180827170-180827668	8
1	0.453234151307543	0.333	0.2	1	chr1-182396466-182397181	8
1	0.69188211182679	0.333	0.2	1	chr1-182578319-182578788	8
1	0.50423052920948	0.333	0.2	1	chr1-184074990-184075864	8
1	0.669799641907037	0.333	0.2	1	chr1-184705215-184706402	8
1	0.439931337143499	0.333	0.2	1	chr1-190588129-190588782	8
1	0.434360949285845	0.333	0.2	1	chr1-191690849-191691630	8
1	0.32515989605187	0.333	0.2	1	chr1-192860766-192862846	8
1	0.474568008465196	0.333	0.2	1	chr1-198090964-198091794	8
1	0.281660722795627	0.333	0.2	1	chr1-200090261-200092017	8
1	0.520112385519961	0.333	0.2	1	chr1-200668589-200671228	8
1	0.405673619475541	0.333	0.2	1	chr1-201849698-201850661	8
1	0.728085435969353	0.333	0.2	1	chr1-202599753-202600740	8
1	0.36949967650486	0.333	0.2	1	chr1-202806054-202809035	8
1	0.604538117023662	0.333	0.2	1	chr1-204492605-204495516	8
1	0.543101767107867	0.333	0.2	1	chr1-204505841-204508327	8
1	0.309878691074232	0.333	0.2	1	chr1-205335357-205336257	8
1	0.728590245463585	0.333	0.2	1	chr1-205524008-205524905	8
1	0.659614042722848	0.333	0.2	1	chr1-207579066-207579951	8
1	0.728311856587698	0.333	0.2	1	chr1-207840361-207842740	8
1	0.6313449895684	0.333	0.2	1	chr1-207847953-207849816	8
1	0.266693103843985	0.333	0.2	1	chr1-209825563-209828763	8
1	0.367685345416558	0.333	0.2	1	chr1-211133340-211135819	8
1	0.588104212575708	0.333	0.2	1	chr1-211829884-211831310	8
1	0.265154811862993	0.333	0.2	1	chr1-215635941-215637792	8
1	0.653190222197687	0.333	0.2	1	chr1-216528521-216529427	8
1	0.305155240397094	0.333	0.2	1	chr1-219303920-219305033	8
1	0.622269849778508	0.333	0.2	1	chr1-220093523-220095292	8
1	0.731640412743348	0.333	0.2	1	chr1-221230022-221231277	8
1	0.721717929039902	0.333	0.2	1	chr1-222710299-222714469	8
1	0.549066819584608	0.333	0.2	1	chr1-223844723-223847296	8
1	0.609493043999181	0.333	0.2	1	chr1-225526556-225527497	8
1	0.310065146377694	0.333	0.2	1	chr1-228456886-228459678	8
1	0.369069893982367	0.333	0.2	1	chr1-228500655-228501771	8
1	0.60807590658835	0.333	0.2	1	chr1-231420128-231423091	8
1	0.655107087221751	0.333	0.2	1	chr1-233601098-233602811	8
1	0.724307750195401	0.333	0.2	1	chr1-235366683-235368559	8
1	0.322452233440486	0.333	0.2	1	chr1-235408447-235409798	8
1	0.729115870245391	0.333	0.2	1	chr1-236753315-236754143	8
1	0.723806874285473	0.333	0.2	1	chr1-246165741-246167245	8
1	0.718740291687879	0.333	0.2	1	chr1-248872536-248874945	8
1	0.506593162740591	0.333	0.2	1	chr2-792697-793398	8
1	0.671656894043709	0.333	0.2	1	chr2-2046415-2047048	8
1	0.734070760003351	0.333	0.2	1	chr2-4891336-4891851	8
1	0.617340296606173	0.333	0.2	1	chr2-8306387-8307562	8
1	0.542004590748566	0.333	0.2	1	chr2-9629241-9631708	8
1	0.725007449783087	0.333	0.2	1	chr2-9643760-9645447	8
1	0.565736936318117	0.333	0.2	1	chr2-10446300-10449533	8
1	0.590864317659286	0.333	0.2	1	chr2-11465207-11467030	8
1	0.347042415549114	0.333	0.2	1	chr2-11539117-11540899	8
1	0.372281004281256	0.333	0.2	1	chr2-19711366-19712103	8
1	0.58196787805709	0.333	0.2	1	chr2-19899860-19902797	8
1	0.639922605197973	0.333	0.2	1	chr2-20223029-20226081	8
1	0.638467506570171	0.333	0.2	1	chr2-23384474-23387529	8
1	0.640533037965922	0.333	0.2	1	chr2-24359028-24361105	8
1	0.726319336703022	0.333	0.2	1	chr2-25966210-25967369	8
1	0.350670127027796	0.333	0.2	1	chr2-26785400-26786982	8
1	0.33764849093698	0.333	0.2	1	chr2-26846181-26846908	8
1	0.726264298815762	0.333	0.2	1	chr2-27966290-27967583	8
1	0.725120277929175	0.333	0.2	1	chr2-28894066-28896072	8
1	0.678888978062553	0.333	0.2	1	chr2-30231246-30231915	8
1	0.641072300717775	0.333	0.2	1	chr2-30807002-30808002	8
1	0.621087562146186	0.333	0.2	1	chr2-33598286-33600399	8
1	0.727140524265612	0.333	0.2	1	chr2-42055436-42056587	8
1	0.681445977962855	0.333	0.2	1	chr2-47010063-47010635	8
1	0.454676081422829	0.333	0.2	1	chr2-47050453-47051289	8
1	0.62527094642504	0.333	0.2	1	chr2-47429619-47430560	8
1	0.562993269812793	0.333	0.2	1	chr2-48313882-48316416	8
1	0.540364989137189	0.333	0.2	1	chr2-55615404-55619198	8
1	0.549466219288502	0.333	0.2	1	chr2-56191553-56192297	8
1	0.32065626182094	0.333	0.2	1	chr2-60213669-60214706	8
1	0.639723948241235	0.333	0.2	1	chr2-60880593-60882608	8
1	0.302168855070489	0.333	0.2	1	chr2-61469758-61472474	8
1	0.510819112133855	0.333	0.2	1	chr2-63991200-63991891	8
1	0.28228035404223	0.333	0.2	1	chr2-66212493-66213438	8
1	0.308630414097039	0.333	0.2	1	chr2-70160907-70161603	8
1	0.363525747464272	0.333	0.2	1	chr2-70300910-70302402	8
1	0.604029105941813	0.333	0.2	1	chr2-71066953-71069371	8
1	0.27426437511116	0.333	0.2	1	chr2-71226517-71227870	8
1	0.725953690350349	0.333	0.2	1	chr2-71275957-71278229	8
1	0.623959908785072	0.333	0.2	1	chr2-73232535-73235408	8
1	0.285148694121312	0.333	0.2	1	chr2-74066403-74067766	8
1	0.628419502975715	0.333	0.2	1	chr2-74197948-74200226	8
1	0.648783190634459	0.333	0.2	1	chr2-84904671-84906463	8
1	0.41052008923212	0.333	0.2	1	chr2-85523046-85525438	8
1	0.614581209849988	0.333	0.2	1	chr2-86807855-86809152	8
1	0.40979490461489	0.333	0.2	1	chr2-91766216-91767042	8
1	0.66775938374069	0.333	0.2	1	chr2-96800691-96801436	8
1	0.653202211525793	0.333	0.2	1	chr2-100414665-100418382	8
1	0.596918253991019	0.333	0.2	1	chr2-100902653-100904328	8
1	0.723596250378515	0.333	0.2	1	chr2-101251399-101254515	8
1	0.360806336027536	0.333	0.2	1	chr2-102226851-102228622	8
1	0.268858481633444	0.333	0.2	1	chr2-102621480-102623100	8
1	0.419869105267498	0.333	0.2	1	chr2-104563331-104564538	8
1	0.375744302807636	0.333	0.2	1	chr2-104872826-104873925	8
1	0.480393263995953	0.333	0.2	1	chr2-105106931-105108128	8
1	0.257928708136836	0.333	0.2	1	chr2-106559141-106563271	8
1	0.624872870515582	0.333	0.2	1	chr2-108533050-108535721	8
1	0.607135247348095	0.333	0.2	1	chr2-111919752-111920922	8
1	0.619194059007184	0.333	0.2	1	chr2-112643943-112647103	8
1	0.483603838985385	0.333	0.2	1	chr2-113309713-113310085	8
1	0.7273377140816	0.333	0.2	1	chr2-114797086-114798555	8
1	0.451647007283774	0.333	0.2	1	chr2-114807475-114808242	8
1	0.724258614458318	0.333	0.2	1	chr2-117814203-117815670	8
1	0.729808721282697	0.333	0.2	1	chr2-119548260-119549106	8
1	0.267504564961998	0.333	0.2	1	chr2-120066502-120068213	8
1	0.562001782864455	0.333	0.2	1	chr2-120222490-120226009	8
1	0.294529734284447	0.333	0.2	1	chr2-130180377-130183814	8
1	0.608013715570438	0.333	0.2	1	chr2-132415693-132417155	8
1	0.515121464217244	0.333	0.2	1	chr2-134450619-134451454	8
1	0.724540196237118	0.333	0.2	1	chr2-134491279-134492717	8
1	0.658895569549159	0.333	0.2	1	chr2-135201441-135203799	8
1	0.508354618805465	0.333	0.2	1	chr2-135529944-135532665	8
1	0.618856020766108	0.333	0.2	1	chr2-135741142-135743225	8
1	0.72394948990221	0.333	0.2	1	chr2-135984268-135986315	8
1	0.257254099030908	0.333	0.2	1	chr2-139692146-139693373	8
1	0.618766692391834	0.333	0.2	1	chr2-152173809-152176719	8
1	0.61874570201215	0.333	0.2	1	chr2-158967371-158970929	8
1	0.651249298617238	0.333	0.2	1	chr2-170815596-170818122	8
1	0.616686080367684	0.333	0.2	1	chr2-171432960-171435331	8
1	0.598609356734799	0.333	0.2	1	chr2-172102129-172104273	8
1	0.538309427708526	0.333	0.2	1	chr2-173963196-173966713	8
1	0.407228551466598	0.333	0.2	1	chr2-183315285-183317826	8
1	0.725410263388191	0.333	0.2	1	chr2-191357907-191359149	8
1	0.331427005554159	0.333	0.2	1	chr2-191382468-191383425	8
1	0.323348658986004	0.333	0.2	1	chr2-195307106-195309212	8
1	0.260432230991478	0.333	0.2	1	chr2-197273221-197274126	8
1	0.729475829129753	0.333	0.2	1	chr2-199908112-199908989	8
1	0.256728252392373	0.333	0.2	1	chr2-201779954-201782005	8
1	0.633166362971541	0.333	0.2	1	chr2-204010783-204012991	8
1	0.437802427444245	0.333	0.2	1	chr2-207472950-207473582	8
1	0.585962239900259	0.333	0.2	1	chr2-210430215-210433108	8
1	0.632864677203967	0.333	0.2	1	chr2-213150317-213152728	8
1	0.394165322145387	0.333	0.2	1	chr2-214410530-214411575	8
1	0.343933778172782	0.333	0.2	1	chr2-215324467-215325446	8
1	0.398890298462481	0.333	0.2	1	chr2-216518918-216519642	8
1	0.728263974553248	0.333	0.2	1	chr2-216777553-216778155	8
1	0.259635304777123	0.333	0.2	1	chr2-217433997-217434824	8
1	0.593566691532056	0.333	0.2	1	chr2-222317891-222320296	8
1	0.402089606403972	0.333	0.2	1	chr2-223956842-223958053	8
1	0.453870708429448	0.333	0.2	1	chr2-227163808-227165459	8
1	0.65671577617109	0.333	0.2	1	chr2-231600747-231602233	8
1	0.649782232083354	0.333	0.2	1	chr2-231666001-231667003	8
1	0.47027011133506	0.333	0.2	1	chr2-233443446-233444134	8
1	0.317096645788565	0.333	0.2	1	chr2-237774503-237775644	8
1	0.602059303237085	0.333	0.2	1	chr2-238425921-238428023	8
1	0.728613995747944	0.333	0.2	1	chr2-239192328-239193176	8
1	0.335629458748664	0.333	0.2	1	chr2-241880900-241883397	8
1	0.335390717574604	0.333	0.2	1	chr3-3126119-3128376	8
1	0.297092348531489	0.333	0.2	1	chr3-4310948-4312151	8
1	0.369537316387726	0.333	0.2	1	chr3-4564731-4567390	8
1	0.604263555736239	0.333	0.2	1	chr3-4741335-4742754	8
1	0.61369018978287	0.333	0.2	1	chr3-5057532-5058413	8
1	0.650163385824316	0.333	0.2	1	chr3-8709658-8711214	8
1	0.322101528904389	0.333	0.2	1	chr3-9141564-9143117	8
1	0.726947047779292	0.333	0.2	1	chr3-9182738-9184185	8
1	0.272026894850548	0.333	0.2	1	chr3-9248563-9250342	8
1	0.423420560811185	0.333	0.2	1	chr3-9309798-9311914	8
1	0.643337770114741	0.333	0.2	1	chr3-9955357-9956747	8
1	0.726914842008234	0.333	0.2	1	chr3-10285218-10287337	8
1	0.644704388958115	0.333	0.2	1	chr3-11185298-11186337	8
1	0.593894092384234	0.333	0.2	1	chr3-12867856-12869559	8
1	0.724462543688742	0.333	0.2	1	chr3-12963845-12965625	8
1	0.628644688504613	0.333	0.2	1	chr3-14227612-14230245	8
1	0.348738761524762	0.333	0.2	1	chr3-14780741-14781738	8
1	0.728006411141139	0.333	0.2	1	chr3-15037930-15039413	8
1	0.617511112762717	0.333	0.2	1	chr3-15267573-15268580	8
1	0.428018085991676	0.333	0.2	1	chr3-15925360-15926729	8
1	0.435942363994206	0.333	0.2	1	chr3-24133207-24134654	8
1	0.726713523965405	0.333	0.2	1	chr3-24838083-24839106	8
1	0.540962902448085	0.333	0.2	1	chr3-28240586-28242539	8
1	0.655986591045595	0.333	0.2	1	chr3-28458301-28459995	8
1	0.722629292154194	0.333	0.2	1	chr3-28787888-28789478	8
1	0.450577272390536	0.333	0.2	1	chr3-29912377-29913353	8
1	0.728469433097318	0.333	0.2	1	chr3-32968372-32970236	8
1	0.597125039628591	0.333	0.2	1	chr3-37141254-37142381	8
1	0.32238389553063	0.333	0.2	1	chr3-38479554-38480279	8
1	0.724308179584486	0.333	0.2	1	chr3-39051377-39052986	8
1	0.724915490337185	0.333	0.2	1	chr3-39180126-39181471	8
1	0.622115954593065	0.333	0.2	1	chr3-40308579-40310855	8
1	0.382571580608761	0.333	0.2	1	chr3-42502062-42503403	8
1	0.721715919670131	0.333	0.2	1	chr3-43620958-43622985	8
1	0.270777079940877	0.333	0.2	1	chr3-45994641-45996340	8
1	0.727188254408345	0.333	0.2	1	chr3-48151108-48152200	8
1	0.720444937419312	0.333	0.2	1	chr3-48661384-48665214	8
1	0.614319217545513	0.333	0.2	1	chr3-50297884-50300659	8
1	0.408313601187465	0.333	0.2	1	chr3-52204061-52205097	8
1	0.376451955091058	0.333	0.2	1	chr3-52216403-52217746	8
1	0.640603368356058	0.333	0.2	1	chr3-54321450-54323050	8
1	0.304908541544707	0.333	0.2	1	chr3-55781992-55783404	8
1	0.598153159189874	0.333	0.2	1	chr3-57971968-57973395	8
1	0.724569063266499	0.333	0.2	1	chr3-58019749-58023066	8
1	0.695325680854209	0.333	0.2	1	chr3-58387624-58389169	8
1	0.405257630120458	0.333	0.2	1	chr3-58413826-58415213	8
1	0.396220123982745	0.333	0.2	1	chr3-62211413-62212765	8
1	0.486178914967063	0.333	0.2	1	chr3-65479826-65480544	8
1	0.340915852875485	0.333	0.2	1	chr3-66424709-66426073	8
1	0.584838152669731	0.333	0.2	1	chr3-66490144-66493777	8
1	0.369664830784981	0.333	0.2	1	chr3-67384240-67385465	8
1	0.427499694002942	0.333	0.2	1	chr3-69767361-69768244	8
1	0.647051074783943	0.333	0.2	1	chr3-70737617-70738797	8
1	0.66670831195153	0.333	0.2	1	chr3-71005873-71008019	8
1	0.428077117739103	0.333	0.2	1	chr3-71030557-71032283	8
1	0.441508954495427	0.333	0.2	1	chr3-71497902-71498722	8
1	0.491607982583688	0.333	0.2	1	chr3-73480020-73480760	8
1	0.400664801213188	0.333	0.2	1	chr3-73508288-73508983	8
1	0.635848976104717	0.333	0.2	1	chr3-77692236-77694291	8
1	0.585181993641055	0.333	0.2	1	chr3-84884896-84886063	8
1	0.311342669374842	0.333	0.2	1	chr3-86993511-86994203	8
1	0.725395303779283	0.333	0.2	1	chr3-87733408-87734594	8
1	0.265715782677192	0.333	0.2	1	chr3-89503188-89504749	8
1	0.274674783114646	0.333	0.2	1	chr3-97971117-97972945	8
1	0.650017492068612	0.333	0.2	1	chr3-99816773-99818646	8
1	0.548249464553098	0.333	0.2	1	chr3-101723805-101725773	8
1	0.62518684125632	0.333	0.2	1	chr3-101865558-101866570	8
1	0.73150338098971	0.333	0.2	1	chr3-102366033-102366594	8
1	0.5639064838279	0.333	0.2	1	chr3-108090142-108091735	8
1	0.349719428292553	0.333	0.2	1	chr3-111539350-111540323	8
1	0.54191525867111	0.333	0.2	1	chr3-111673947-111677225	8
1	0.282773707354245	0.333	0.2	1	chr3-119462818-119464360	8
1	0.729118349359726	0.333	0.2	1	chr3-119891841-119892597	8
1	0.479691508157735	0.333	0.2	1	chr3-120092539-120096482	8
1	0.72177964242963	0.333	0.2	1	chr3-120347876-120351151	8
1	0.376516256615737	0.333	0.2	1	chr3-120560733-120561976	8
1	0.393908986002225	0.333	0.2	1	chr3-120660879-120662664	8
1	0.53856972363958	0.333	0.2	1	chr3-122415078-122417740	8
1	0.450162781859163	0.333	0.2	1	chr3-122974849-122976179	8
1	0.395384971648905	0.333	0.2	1	chr3-123700967-123702833	8
1	0.692661128781649	0.333	0.2	1	chr3-124688590-124689447	8
1	0.660202208557568	0.333	0.2	1	chr3-125966957-125967804	8
1	0.725714756195875	0.333	0.2	1	chr3-127671705-127673992	8
1	0.620527573134523	0.333	0.2	1	chr3-128787192-128787978	8
1	0.659985905100157	0.333	0.2	1	chr3-129864311-129865455	8
1	0.674043442772486	0.333	0.2	1	chr3-130537868-130539391	8
1	0.586436317018242	0.333	0.2	1	chr3-130848778-130852089	8
1	0.623888144128003	0.333	0.2	1	chr3-133458938-133461177	8
1	0.620246339531729	0.333	0.2	1	chr3-134060088-134061521	8
1	0.26392682606817	0.333	0.2	1	chr3-134381466-134382692	8
1	0.284904450094734	0.333	0.2	1	chr3-137013652-137014557	8
1	0.601188040298769	0.333	0.2	1	chr3-137970891-137971699	8
1	0.671492417498502	0.333	0.2	1	chr3-138718277-138719196	8
1	0.633181134102758	0.333	0.2	1	chr3-142447018-142448539	8
1	0.539335830752227	0.333	0.2	1	chr3-142577594-142579927	8
1	0.410665129090475	0.333	0.2	1	chr3-143306138-143307963	8
1	0.66176952909031	0.333	0.2	1	chr3-146421991-146422897	8
1	0.726808112134152	0.333	0.2	1	chr3-149282554-149284242	8
1	0.468318264205253	0.333	0.2	1	chr3-150278226-150279479	8
1	0.733735956320379	0.333	0.2	1	chr3-151986355-151987163	8
1	0.42171507495731	0.333	0.2	1	chr3-155092440-155093801	8
1	0.338532808743789	0.333	0.2	1	chr3-155956630-155958077	8
1	0.731479533052784	0.333	0.2	1	chr3-157070192-157071485	8
1	0.61280870135402	0.333	0.2	1	chr3-157087803-157090186	8
1	0.527803344041669	0.333	0.2	1	chr3-159101167-159101642	8
1	0.689605326982279	0.333	0.2	1	chr3-165176436-165177186	8
1	0.322231178484458	0.333	0.2	1	chr3-167899022-167901619	8
1	0.660507251926267	0.333	0.2	1	chr3-172607507-172609148	8
1	0.726615309426353	0.333	0.2	1	chr3-175150467-175151771	8
1	0.678594351126454	0.333	0.2	1	chr3-178629701-178630264	8
1	0.424292800256222	0.333	0.2	1	chr3-178960265-178961282	8
1	0.722856791126869	0.333	0.2	1	chr3-180911718-180914025	8
1	0.728970165859544	0.333	0.2	1	chr3-183469082-183469949	8
1	0.442648211696327	0.333	0.2	1	chr3-183489777-183491357	8
1	0.30125223120043	0.333	0.2	1	chr3-183844508-183845955	8
1	0.553664012720147	0.333	0.2	1	chr3-183883055-183885597	8
1	0.538838200267725	0.333	0.2	1	chr3-184247398-184250751	8
1	0.535275579846617	0.333	0.2	1	chr3-184565297-184569735	8
1	0.526634602307203	0.333	0.2	1	chr3-186782385-186791811	8
1	0.346154030997299	0.333	0.2	1	chr3-187742065-187746157	8
1	0.644097334891518	0.333	0.2	1	chr3-187808431-187810181	8
1	0.272603493331654	0.333	0.2	1	chr3-190120306-190121807	8
1	0.329352719944786	0.333	0.2	1	chr3-190344762-190346416	8
1	0.63224595029635	0.333	0.2	1	chr3-190424104-190425377	8
1	0.381931356118253	0.333	0.2	1	chr3-195181375-195183224	8
1	0.543344994688598	0.333	0.2	1	chr3-195905267-195912418	8
1	0.600346927126195	0.333	0.2	1	chr3-196141800-196143048	8
1	0.364211572252423	0.333	0.2	1	chr3-196754144-196755353	8
1	0.392013991125337	0.333	0.2	1	chr3-197882542-197883265	8
1	0.646126386707014	0.333	0.2	1	chr4-705198-706410	8
1	0.726271941094678	0.333	0.2	1	chr4-1151524-1153009	8
1	0.364378023869683	0.333	0.2	1	chr4-1683247-1685642	8
1	0.322276799832309	0.333	0.2	1	chr4-1819031-1819946	8
1	0.723038061864377	0.333	0.2	1	chr4-1854931-1857999	8
1	0.722568636638271	0.333	0.2	1	chr4-1869597-1874222	8
1	0.371694050423722	0.333	0.2	1	chr4-2222126-2223563	8
1	0.378157657947999	0.333	0.2	1	chr4-2265739-2266717	8
1	0.726000489041586	0.333	0.2	1	chr4-3461053-3462253	8
1	0.726938242311898	0.333	0.2	1	chr4-4506867-4508371	8
1	0.309662158414109	0.333	0.2	1	chr4-4541011-4543356	8
1	0.439703697469922	0.333	0.2	1	chr4-6110000-6111010	8
1	0.645746342452588	0.333	0.2	1	chr4-6199997-6201644	8
1	0.617802969526728	0.333	0.2	1	chr4-9531844-9532921	8
1	0.319486050822777	0.333	0.2	1	chr4-11611680-11612644	8
1	0.295435116782757	0.333	0.2	1	chr4-11622943-11624897	8
1	0.580697585658382	0.333	0.2	1	chr4-17613485-17615517	8
1	0.72185822876648	0.333	0.2	1	chr4-17809580-17811634	8
1	0.454003012754935	0.333	0.2	1	chr4-20423443-20423891	8
1	0.592353497911457	0.333	0.2	1	chr4-20638774-20640419	8
1	0.252869277542734	0.333	0.2	1	chr4-20699443-20701228	8
1	0.334083517160969	0.333	0.2	1	chr4-22499926-22502484	8
1	0.724499881030396	0.333	0.2	1	chr4-25299264-25300906	8
1	0.413348116386908	0.333	0.2	1	chr4-28728602-28729413	8
1	0.419904251410355	0.333	0.2	1	chr4-41444898-41447341	8
1	0.320636286813611	0.333	0.2	1	chr4-46647791-46648631	8
1	0.303265784736525	0.333	0.2	1	chr4-47691619-47693785	8
1	0.347364632650773	0.333	0.2	1	chr4-48602162-48605206	8
1	0.434865346522816	0.333	0.2	1	chr4-54063590-54065212	8
1	0.641277438784477	0.333	0.2	1	chr4-54658216-54660095	8
1	0.667777503301278	0.333	0.2	1	chr4-54971318-54972074	8
1	0.267966966150918	0.333	0.2	1	chr4-58301376-58304092	8
1	0.466259757670531	0.333	0.2	1	chr4-59343395-59344456	8
1	0.558283361291875	0.333	0.2	1	chr4-67544808-67546163	8
1	0.72498282735434	0.333	0.2	1	chr4-68904466-68906911	8
1	0.366417574869344	0.333	0.2	1	chr4-71497934-71498867	8
1	0.727007668512543	0.333	0.2	1	chr4-74768811-74769925	8
1	0.72153667976036	0.333	0.2	1	chr4-75512038-75515682	8
1	0.260649840285569	0.333	0.2	1	chr4-75847114-75848860	8
1	0.648826115162175	0.333	0.2	1	chr4-76197329-76199892	8
1	0.667831924874506	0.333	0.2	1	chr4-76942914-76944422	8
1	0.465001855109593	0.333	0.2	1	chr4-82452753-82453906	8
1	0.72769555490079	0.333	0.2	1	chr4-83334429-83335517	8
1	0.357319310982667	0.333	0.2	1	chr4-84503787-84504330	8
1	0.343420228049782	0.333	0.2	1	chr4-86922292-86923012	8
1	0.652813287715007	0.333	0.2	1	chr4-87304357-87307526	8
1	0.29462556481626	0.333	0.2	1	chr4-87558934-87559969	8
1	0.644363909852081	0.333	0.2	1	chr4-88006926-88009014	8
1	0.279126196085312	0.333	0.2	1	chr4-89897929-89899656	8
1	0.619411303951549	0.333	0.2	1	chr4-94457539-94459850	8
1	0.728927568639611	0.333	0.2	1	chr4-95590853-95591978	8
1	0.543604099010909	0.333	0.2	1	chr4-98142506-98144041	8
1	0.729267785481723	0.333	0.2	1	chr4-98338445-98339462	8
1	0.721323564914398	0.333	0.2	1	chr4-101196406-101201931	8
1	0.260028138137833	0.333	0.2	1	chr4-103018611-103020388	8
1	0.551079372260684	0.333	0.2	1	chr4-105472900-105474618	8
1	0.727379493007656	0.333	0.2	1	chr4-105990650-105991507	8
1	0.494908815264197	0.333	0.2	1	chr4-106306396-106307083	8
1	0.330630149903081	0.333	0.2	1	chr4-108117418-108119037	8
1	0.727078149478566	0.333	0.2	1	chr4-112523514-112524528	8
1	0.372573266808043	0.333	0.2	1	chr4-113645290-113647045	8
1	0.598186724475635	0.333	0.2	1	chr4-117084670-117086047	8
1	0.389161780466912	0.333	0.2	1	chr4-118968993-118969852	8
1	0.729882862920698	0.333	0.2	1	chr4-124262158-124262674	8
1	0.646927934536756	0.333	0.2	1	chr4-125314537-125316168	8
1	0.726772595897401	0.333	0.2	1	chr4-129747397-129748402	8
1	0.606775607638377	0.333	0.2	1	chr4-139175260-139179204	8
1	0.727826671928209	0.333	0.2	1	chr4-139294755-139296358	8
1	0.606949234918974	0.333	0.2	1	chr4-141466969-141467787	8
1	0.722987171493286	0.333	0.2	1	chr4-146520498-146523248	8
1	0.382345724461223	0.333	0.2	1	chr4-146975359-146976800	8
1	0.268713516981567	0.333	0.2	1	chr4-147362591-147364001	8
1	0.631562225467998	0.333	0.2	1	chr4-147616782-147618549	8
1	0.386233587963063	0.333	0.2	1	chr4-148203021-148204037	8
1	0.387759787104973	0.333	0.2	1	chr4-148952118-148954760	8
1	0.725623442544485	0.333	0.2	1	chr4-158170307-158173891	8
1	0.297909923920751	0.333	0.2	1	chr4-158819413-158820908	8
1	0.385349349313552	0.333	0.2	1	chr4-159446263-159447120	8
1	0.352591626149095	0.333	0.2	1	chr4-163109540-163110427	8
1	0.263580796148998	0.333	0.2	1	chr4-164956518-164957692	8
1	0.286835182862536	0.333	0.2	1	chr4-169069580-169071494	8
1	0.518396334367837	0.333	0.2	1	chr4-173369112-173373031	8
1	0.605811299935302	0.333	0.2	1	chr4-176882798-176883832	8
1	0.676784825502455	0.333	0.2	1	chr4-177157252-177157824	8
1	0.326353650971807	0.333	0.2	1	chr4-182865437-182866307	8
1	0.388993728543703	0.333	0.2	1	chr4-183596037-183597085	8
1	0.33669927703878	0.333	0.2	1	chr4-183904695-183906529	8
1	0.65303137012813	0.333	0.2	1	chr4-184417774-184418306	8
1	0.566274109627204	0.333	0.2	1	chr4-185142520-185144143	8
1	0.512553342331574	0.333	0.2	1	chr4-186037901-186038674	8
1	0.369819767981501	0.333	0.2	1	chr5-149622-150900	8
1	0.666049205605608	0.333	0.2	1	chr5-1134519-1135951	8
1	0.7273537371209	0.333	0.2	1	chr5-5494442-5495277	8
1	0.273893083797605	0.333	0.2	1	chr5-6632045-6634417	8
1	0.607828784073759	0.333	0.2	1	chr5-7827700-7828950	8
1	0.282865492871397	0.333	0.2	1	chr5-7876844-7880443	8
1	0.481499252065271	0.333	0.2	1	chr5-8832218-8833152	8
1	0.551242773967072	0.333	0.2	1	chr5-10440916-10443094	8
1	0.357723499155536	0.333	0.2	1	chr5-14714225-14715236	8
1	0.549812081516319	0.333	0.2	1	chr5-16934533-16937528	8
1	0.660712076864057	0.333	0.2	1	chr5-21152451-21153390	8
1	0.682891982971283	0.333	0.2	1	chr5-28286852-28287584	8
1	0.492922694814387	0.333	0.2	1	chr5-29380071-29381171	8
1	0.675213612211518	0.333	0.2	1	chr5-29780239-29781070	8
1	0.278389260248551	0.333	0.2	1	chr5-30227911-30228967	8
1	0.665285606626966	0.333	0.2	1	chr5-32156417-32157257	8
1	0.440288922995864	0.333	0.2	1	chr5-37214180-37215067	8
1	0.724079870844332	0.333	0.2	1	chr5-37717216-37718598	8
1	0.304268597126835	0.333	0.2	1	chr5-43039294-43041189	8
1	0.544788919538873	0.333	0.2	1	chr5-43064197-43067968	8
1	0.617485101013756	0.333	0.2	1	chr5-43482681-43484991	8
1	0.601353937846554	0.333	0.2	1	chr5-50419942-50421093	8
1	0.412759373045959	0.333	0.2	1	chr5-50562210-50563352	8
1	0.729218963873943	0.333	0.2	1	chr5-54228930-54229815	8
1	0.648936231924057	0.333	0.2	1	chr5-54489162-54489818	8
1	0.250876320971698	0.333	0.2	1	chr5-54516916-54518684	8
1	0.586825411082307	0.333	0.2	1	chr5-55232849-55235676	8
1	0.728123598401049	0.333	0.2	1	chr5-55240834-55242357	8
1	0.522751241538233	0.333	0.2	1	chr5-58459031-58461374	8
1	0.393098555438362	0.333	0.2	1	chr5-59660704-59662025	8
1	0.261085709400539	0.333	0.2	1	chr5-65066258-65067473	8
1	0.271018325320297	0.333	0.2	1	chr5-65562524-65564930	8
1	0.552944032458755	0.333	0.2	1	chr5-65721002-65723625	8
1	0.725939380028144	0.333	0.2	1	chr5-71924311-71926351	8
1	0.483386951964153	0.333	0.2	1	chr5-76637436-76637976	8
1	0.387609134230204	0.333	0.2	1	chr5-77167793-77169973	8
1	0.299185696590731	0.333	0.2	1	chr5-78359670-78362615	8
1	0.367532499374825	0.333	0.2	1	chr5-81165258-81166106	8
1	0.405161600853795	0.333	0.2	1	chr5-82396730-82397455	8
1	0.545252956963454	0.333	0.2	1	chr5-83076532-83078212	8
1	0.64740747991051	0.333	0.2	1	chr5-88025447-88025976	8
1	0.720791909746722	0.333	0.2	1	chr5-90472889-90475549	8
1	0.325057095192591	0.333	0.2	1	chr5-91162197-91163575	8
1	0.72730424949293	0.333	0.2	1	chr5-92944696-92946849	8
1	0.554709142858409	0.333	0.2	1	chr5-94110563-94112245	8
1	0.399053208407866	0.333	0.2	1	chr5-95955291-95957272	8
1	0.273599978660512	0.333	0.2	1	chr5-96923730-96924945	8
1	0.444849055577383	0.333	0.2	1	chr5-98864743-98865789	8
1	0.334128698541235	0.333	0.2	1	chr5-102794548-102796528	8
1	0.721001265089705	0.333	0.2	1	chr5-103119021-103121543	8
1	0.397944734691432	0.333	0.2	1	chr5-103327488-103329755	8
1	0.418961355732816	0.333	0.2	1	chr5-103443993-103446054	8
1	0.727715537724236	0.333	0.2	1	chr5-107253154-107255459	8
1	0.411182050609275	0.333	0.2	1	chr5-107486487-107488124	8
1	0.67552032398865	0.333	0.2	1	chr5-107996863-107997875	8
1	0.374641305676716	0.333	0.2	1	chr5-108696872-108698306	8
1	0.626612250101561	0.333	0.2	1	chr5-108747565-108749869	8
1	0.414078344447422	0.333	0.2	1	chr5-112230464-112231092	8
1	0.355305725413031	0.333	0.2	1	chr5-119273909-119275053	8
1	0.726265571692886	0.333	0.2	1	chr5-120463811-120466080	8
1	0.734080844330242	0.333	0.2	1	chr5-122606891-122607953	8
1	0.730206839472313	0.333	0.2	1	chr5-127028811-127031502	8
1	0.643480181341572	0.333	0.2	1	chr5-127648854-127650426	8
1	0.535088787134893	0.333	0.2	1	chr5-131795292-131797987	8
1	0.727892395216185	0.333	0.2	1	chr5-132007002-132008462	8
1	0.359027410955653	0.333	0.2	1	chr5-132011265-132013038	8
1	0.272689453177232	0.333	0.2	1	chr5-132385261-132389094	8
1	0.728177622182084	0.333	0.2	1	chr5-132414536-132415586	8
1	0.306738967077449	0.333	0.2	1	chr5-132446430-132447687	8
1	0.370262429441044	0.333	0.2	1	chr5-134240034-134241290	8
1	0.558254595676273	0.333	0.2	1	chr5-134523819-134528518	8
1	0.268983725511302	0.333	0.2	1	chr5-135232699-135235647	8
1	0.651883614755482	0.333	0.2	1	chr5-136160300-136160994	8
1	0.351098467999239	0.333	0.2	1	chr5-137192072-137193239	8
1	0.662195495457573	0.333	0.2	1	chr5-137833133-137833964	8
1	0.644898981237211	0.333	0.2	1	chr5-138448807-138450610	8
1	0.618531164041697	0.333	0.2	1	chr5-141848268-141850695	8
1	0.328151008963594	0.333	0.2	1	chr5-141865453-141867458	8
1	0.722239754600596	0.333	0.2	1	chr5-141968468-141970974	8
1	0.584795297966896	0.333	0.2	1	chr5-142023668-142025421	8
1	0.32610068061509	0.333	0.2	1	chr5-142548599-142549304	8
1	0.639807740872547	0.333	0.2	1	chr5-142655561-142656120	8
1	0.729550959800568	0.333	0.2	1	chr5-146944841-146946391	8
1	0.729298977966135	0.333	0.2	1	chr5-147512481-147513290	8
1	0.48413457656635	0.333	0.2	1	chr5-149521456-149522415	8
1	0.723140789195974	0.333	0.2	1	chr5-149580808-149584159	8
1	0.336406192444217	0.333	0.2	1	chr5-149837459-149839574	8
1	0.722032425682545	0.333	0.2	1	chr5-154444588-154447499	8
1	0.356875457477586	0.333	0.2	1	chr5-157294646-157296027	8
1	0.657986346671966	0.333	0.2	1	chr5-157390153-157391306	8
1	0.639807740872547	0.333	0.2	1	chr5-159230480-159231238	8
1	0.730870307953576	0.333	0.2	1	chr5-164008513-164009266	8
1	0.282294838810545	0.333	0.2	1	chr5-166787702-166788949	8
1	0.392421828707419	0.333	0.2	1	chr5-168879541-168880705	8
1	0.567322474840336	0.333	0.2	1	chr5-169049752-169051593	8
1	0.331153099252067	0.333	0.2	1	chr5-169141931-169143479	8
1	0.721606255086992	0.333	0.2	1	chr5-172764331-172772378	8
1	0.479786698656663	0.333	0.2	1	chr5-172839432-172840729	8
1	0.335058695203186	0.333	0.2	1	chr5-173283055-173284418	8
1	0.682251177939821	0.333	0.2	1	chr5-173581474-173582112	8
1	0.397372530683509	0.333	0.2	1	chr5-173917689-173918880	8
1	0.728307844790413	0.333	0.2	1	chr5-174419099-174420043	8
1	0.290351180412294	0.333	0.2	1	chr5-174720854-174726047	8
1	0.617222809202759	0.333	0.2	1	chr5-176447063-176449194	8
1	0.729260031099629	0.333	0.2	1	chr5-177013287-177014229	8
1	0.394143261919283	0.333	0.2	1	chr5-177153762-177154497	8
1	0.65232482041472	0.333	0.2	1	chr5-177338723-177339849	8
1	0.275270396638742	0.333	0.2	1	chr5-177599247-177603517	8
1	0.580296034314683	0.333	0.2	1	chr5-178120647-178122211	8
1	0.556327464711805	0.333	0.2	1	chr5-180067980-180072629	8
1	0.33379343790699	0.333	0.2	1	chr5-180281067-180282347	8
1	0.47123411623892	0.333	0.2	1	chr5-180868864-180869682	8
1	0.725576748411057	0.333	0.2	1	chr6-7893973-7895626	8
1	0.560805329474554	0.333	0.2	1	chr6-10411411-10415622	8
1	0.666066379332366	0.333	0.2	1	chr6-10555578-10556517	8
1	0.381072516837133	0.333	0.2	1	chr6-12137393-12138728	8
1	0.39012368271368	0.333	0.2	1	chr6-12255338-12256276	8
1	0.724249269288689	0.333	0.2	1	chr6-15948868-15950687	8
1	0.73095870889472	0.333	0.2	1	chr6-17599818-17601759	8
1	0.683519622762252	0.333	0.2	1	chr6-24695504-24696000	8
1	0.611685143808002	0.333	0.2	1	chr6-27495141-27496244	8
1	0.584995524553639	0.333	0.2	1	chr6-27671763-27673212	8
1	0.454970223334632	0.333	0.2	1	chr6-28682357-28684659	8
1	0.332042076575306	0.333	0.2	1	chr6-29632185-29633906	8
1	0.303299216696122	0.333	0.2	1	chr6-32837774-32839329	8
1	0.558861326098135	0.333	0.2	1	chr6-32893832-32895648	8
1	0.315736711077572	0.333	0.2	1	chr6-33787611-33789648	8
1	0.635503663337284	0.333	0.2	1	chr6-39114178-39115734	8
1	0.31848802188257	0.333	0.2	1	chr6-39933688-39934899	8
1	0.274798725019933	0.333	0.2	1	chr6-41779349-41781773	8
1	0.726543293242588	0.333	0.2	1	chr6-42050097-42051413	8
1	0.280912864213452	0.333	0.2	1	chr6-47308076-47310514	8
1	0.609991472145599	0.333	0.2	1	chr6-52503041-52505206	8
1	0.402962636114295	0.333	0.2	1	chr6-70240859-70241492	8
1	0.723517963234375	0.333	0.2	1	chr6-71419507-71421629	8
1	0.671265585767662	0.333	0.2	1	chr6-75283539-75285854	8
1	0.725236741103544	0.333	0.2	1	chr6-76416556-76419320	8
1	0.386665897994693	0.333	0.2	1	chr6-79421634-79422820	8
1	0.726250319165739	0.333	0.2	1	chr6-80163037-80164381	8
1	0.388474243511274	0.333	0.2	1	chr6-82870332-82871518	8
1	0.412107950908143	0.333	0.2	1	chr6-83051339-83052540	8
1	0.728299833081667	0.333	0.2	1	chr6-91445269-91446349	8
1	0.359518574499891	0.333	0.2	1	chr6-94562628-94563434	8
1	0.27554565805676	0.333	0.2	1	chr6-96923719-96925507	8
1	0.585918650182949	0.333	0.2	1	chr6-99393161-99394828	8
1	0.726116392180977	0.333	0.2	1	chr6-108684328-108685977	8
1	0.397838078739943	0.333	0.2	1	chr6-109295748-109297430	8
1	0.321164243980966	0.333	0.2	1	chr6-110178463-110181416	8
1	0.49416376016534	0.333	0.2	1	chr6-110907109-110908581	8
1	0.375347154537761	0.333	0.2	1	chr6-111661711-111663417	8
1	0.726713523965405	0.333	0.2	1	chr6-112305426-112307342	8
1	0.27918123929838	0.333	0.2	1	chr6-116277931-116281048	8
1	0.622349870600216	0.333	0.2	1	chr6-118933906-118936379	8
1	0.306655511420562	0.333	0.2	1	chr6-125201812-125203889	8
1	0.548009905393679	0.333	0.2	1	chr6-125780006-125782044	8
1	0.334218236000336	0.333	0.2	1	chr6-129498938-129499838	8
1	0.641604995924504	0.333	0.2	1	chr6-130759895-130760442	8
1	0.598099420837578	0.333	0.2	1	chr6-132811971-132821612	8
1	0.438420190662212	0.333	0.2	1	chr6-135073036-135073681	8
1	0.411332082001878	0.333	0.2	1	chr6-135269432-135271737	8
1	0.589778373097564	0.333	0.2	1	chr6-136757007-136757862	8
1	0.559084229392661	0.333	0.2	1	chr6-136821876-136823668	8
1	0.344798310393711	0.333	0.2	1	chr6-137076445-137077189	8
1	0.731146670416315	0.333	0.2	1	chr6-144094577-144096451	8
1	0.403776072391201	0.333	0.2	1	chr6-146979823-146981367	8
1	0.729153239599678	0.333	0.2	1	chr6-148134229-148135512	8
1	0.642199467372975	0.333	0.2	1	chr6-149316574-149318385	8
1	0.626881749583048	0.333	0.2	1	chr6-150764506-150766551	8
1	0.269253790363438	0.333	0.2	1	chr6-154457459-154458606	8
1	0.72127729845935	0.333	0.2	1	chr6-156776300-156781006	8
1	0.630736749915117	0.333	0.2	1	chr6-158220751-158221305	8
1	0.54199714154604	0.333	0.2	1	chr6-159725826-159729009	8
1	0.253650275638114	0.333	0.2	1	chr6-170265317-170266310	8
1	0.646368240188483	0.333	0.2	1	chr6-170371180-170374193	8
1	0.699201629984613	0.333	0.2	1	chr7-164751-165957	8
1	0.655410693311502	0.333	0.2	1	chr7-2411548-2413600	8
1	0.282031576831341	0.333	0.2	1	chr7-7434346-7435361	8
1	0.679496870536612	0.333	0.2	1	chr7-22948498-22949222	8
1	0.616723049500359	0.333	0.2	1	chr7-23012805-23014615	8
1	0.424032820284777	0.333	0.2	1	chr7-23759663-23760908	8
1	0.383494466210322	0.333	0.2	1	chr7-25540951-25541599	8
1	0.395634099484494	0.333	0.2	1	chr7-25846453-25847783	8
1	0.482097776255497	0.333	0.2	1	chr7-29291506-29292461	8
1	0.664462035252858	0.333	0.2	1	chr7-29336614-29337683	8
1	0.341952886473159	0.333	0.2	1	chr7-32881200-32882921	8
1	0.647350207401487	0.333	0.2	1	chr7-36294744-36295998	8
1	0.727030793833581	0.333	0.2	1	chr7-43728684-43730284	8
1	0.59672928814754	0.333	0.2	1	chr7-43757960-43759525	8
1	0.271436737902804	0.333	0.2	1	chr7-48172894-48174160	8
1	0.620246339531729	0.333	0.2	1	chr7-49790653-49791581	8
1	0.344996599999433	0.333	0.2	1	chr7-51179806-51181247	8
1	0.723161869562597	0.333	0.2	1	chr7-66739798-66741941	8
1	0.72924457409399	0.333	0.2	1	chr7-67140663-67141843	8
1	0.661981860191765	0.333	0.2	1	chr7-67692131-67693123	8
1	0.666550984431559	0.333	0.2	1	chr7-68664790-68666180	8
1	0.250244606664448	0.333	0.2	1	chr7-76068725-76069929	8
1	0.597056036464889	0.333	0.2	1	chr7-77667106-77668227	8
1	0.373915742927217	0.333	0.2	1	chr7-78125554-78126385	8
1	0.461439493780611	0.333	0.2	1	chr7-80512882-80513787	8
1	0.545049453590985	0.333	0.2	1	chr7-87933529-87935282	8
1	0.511352904921244	0.333	0.2	1	chr7-88198067-88198933	8
1	0.657823427250927	0.333	0.2	1	chr7-88357197-88358694	8
1	0.39592951487003	0.333	0.2	1	chr7-90226806-90230689	8
1	0.509477231669008	0.333	0.2	1	chr7-91262830-91265795	8
1	0.497036345054004	0.333	0.2	1	chr7-93435580-93436638	8
1	0.730967548418084	0.333	0.2	1	chr7-95810071-95810681	8
1	0.68230339496779	0.333	0.2	1	chr7-97971141-97972992	8
1	0.63478482388231	0.333	0.2	1	chr7-98085502-98087036	8
1	0.730144178569836	0.333	0.2	1	chr7-98197018-98198139	8
1	0.591430619441681	0.333	0.2	1	chr7-98353956-98355416	8
1	0.59582657463697	0.333	0.2	1	chr7-98420728-98421621	8
1	0.674630008939779	0.333	0.2	1	chr7-99826726-99828614	8
1	0.633122080261222	0.333	0.2	1	chr7-100014919-100018184	8
1	0.555036923882371	0.333	0.2	1	chr7-100851559-100853492	8
1	0.623870343548759	0.333	0.2	1	chr7-101307610-101310060	8
1	0.618819215084725	0.333	0.2	1	chr7-102363224-102364780	8
1	0.581985386249223	0.333	0.2	1	chr7-103446893-103448286	8
1	0.325313432473881	0.333	0.2	1	chr7-103691058-103691826	8
1	0.580136089111197	0.333	0.2	1	chr7-105829571-105831155	8
1	0.311007738183059	0.333	0.2	1	chr7-105896249-105897287	8
1	0.507376622697189	0.333	0.2	1	chr7-106090815-106091320	8
1	0.43235762545595	0.333	0.2	1	chr7-106312071-106314246	8
1	0.728811751476976	0.333	0.2	1	chr7-107201737-107202341	8
1	0.29909156779655	0.333	0.2	1	chr7-107233244-107235641	8
1	0.43455893158803	0.333	0.2	1	chr7-108815579-108816670	8
1	0.417813436514093	0.333	0.2	1	chr7-111173799-111174941	8
1	0.662035145948556	0.333	0.2	1	chr7-111191590-111193374	8
1	0.728085435969353	0.333	0.2	1	chr7-112281979-112283470	8
1	0.278416771108678	0.333	0.2	1	chr7-112360427-112361666	8
1	0.308813956865373	0.333	0.2	1	chr7-112436144-112437421	8
1	0.43389088716184	0.333	0.2	1	chr7-113414125-113415151	8
1	0.728017609749675	0.333	0.2	1	chr7-113501181-113502271	8
1	0.454337968456335	0.333	0.2	1	chr7-114314861-114315456	8
1	0.486074878736413	0.333	0.2	1	chr7-117364153-117365071	8
1	0.727788423397663	0.333	0.2	1	chr7-117834716-117835652	8
1	0.698702677904157	0.333	0.2	1	chr7-118868887-118869689	8
1	0.535908869819256	0.333	0.2	1	chr7-120743017-120743855	8
1	0.281708510305753	0.333	0.2	1	chr7-120852253-120853416	8
1	0.390993187893363	0.333	0.2	1	chr7-120944734-120945579	8
1	0.369044280454712	0.333	0.2	1	chr7-122971041-122972416	8
1	0.47053956792035	0.333	0.2	1	chr7-124752086-124752963	8
1	0.683412388995519	0.333	0.2	1	chr7-124918097-124920685	8
1	0.72652444999233	0.333	0.2	1	chr7-125484348-125485532	8
1	0.451082730973666	0.333	0.2	1	chr7-125605168-125605846	8
1	0.38206001090757	0.333	0.2	1	chr7-127912756-127913795	8
1	0.367484938032029	0.333	0.2	1	chr7-128383457-128384515	8
1	0.634320816043498	0.333	0.2	1	chr7-128454982-128457870	8
1	0.499878082935062	0.333	0.2	1	chr7-128476168-128477666	8
1	0.568296662562185	0.333	0.2	1	chr7-128937308-128939752	8
1	0.361337039990778	0.333	0.2	1	chr7-128957019-128958372	8
1	0.30134819214133	0.333	0.2	1	chr7-130667794-130669596	8
1	0.403551277677678	0.333	0.2	1	chr7-130930121-130931105	8
1	0.728883132411684	0.333	0.2	1	chr7-131040199-131041047	8
1	0.703770045576967	0.333	0.2	1	chr7-133316148-133317622	8
1	0.438296381241017	0.333	0.2	1	chr7-133404832-133406339	8
1	0.727157403942182	0.333	0.2	1	chr7-133433203-133434672	8
1	0.614054058820127	0.333	0.2	1	chr7-134605844-134606933	8
1	0.569172188775793	0.333	0.2	1	chr7-135147168-135149128	8
1	0.726477663697977	0.333	0.2	1	chr7-138091887-138093092	8
1	0.359029874470112	0.333	0.2	1	chr7-138093641-138094493	8
1	0.727982249048551	0.333	0.2	1	chr7-138161409-138162200	8
1	0.627713918803582	0.333	0.2	1	chr7-139242374-139243432	8
1	0.555366355944913	0.333	0.2	1	chr7-139358458-139361236	8
1	0.3289252388918	0.333	0.2	1	chr7-139618812-139619875	8
1	0.283263792710553	0.333	0.2	1	chr7-139690826-139693556	8
1	0.642722477288906	0.333	0.2	1	chr7-140231677-140232485	8
1	0.701247739221847	0.333	0.2	1	chr7-140450210-140451110	8
1	0.339833085415081	0.333	0.2	1	chr7-141617213-141618104	8
1	0.391955415296559	0.333	0.2	1	chr7-142534972-142535887	8
1	0.603148196691992	0.333	0.2	1	chr7-142853612-142855250	8
1	0.314567810397476	0.333	0.2	1	chr7-142859663-142861458	8
1	0.30804052814848	0.333	0.2	1	chr7-143171540-143173001	8
1	0.345526441451433	0.333	0.2	1	chr7-143973915-143975016	8
1	0.617632532974391	0.333	0.2	1	chr7-147196713-147197653	8
1	0.330951186400414	0.333	0.2	1	chr7-149237503-149241192	8
1	0.35652372369934	0.333	0.2	1	chr7-149421853-149422988	8
1	0.727146655149066	0.333	0.2	1	chr7-150428479-150429456	8
1	0.437390382723022	0.333	0.2	1	chr7-150807765-150808601	8
1	0.615416244824869	0.333	0.2	1	chr7-151753837-151754730	8
1	0.506222129589935	0.333	0.2	1	chr7-153562160-153562646	8
1	0.469745817352275	0.333	0.2	1	chr7-155412402-155413247	8
1	0.439540330321171	0.333	0.2	1	chr7-155749671-155750834	8
1	0.642343753756338	0.333	0.2	1	chr7-155815187-155815860	8
1	0.696706705929249	0.333	0.2	1	chr7-156208946-156209789	8
1	0.308421766001514	0.333	0.2	1	chr7-156724814-156725808	8
1	0.382511052986791	0.333	0.2	1	chr7-156763966-156764505	8
1	0.627030707285435	0.333	0.2	1	chr7-156908628-156909482	8
1	0.629391543831299	0.333	0.2	1	chr7-156927568-156928656	8
1	0.653563625057324	0.333	0.2	1	chr7-158001217-158002243	8
1	0.675695976437531	0.333	0.2	1	chr7-158827817-158830604	8
1	0.37318754360538	0.333	0.2	1	chr7-158903463-158904743	8
1	0.380166641104265	0.333	0.2	1	chr8-2000682-2002189	8
1	0.326398453475052	0.333	0.2	1	chr8-8270073-8271044	8
1	0.399855410140026	0.333	0.2	1	chr8-8460957-8462647	8
1	0.550276982694147	0.333	0.2	1	chr8-12753074-12758075	8
1	0.33952072311229	0.333	0.2	1	chr8-17155327-17157641	8
1	0.604206800962224	0.333	0.2	1	chr8-17496046-17499602	8
1	0.399899189221491	0.333	0.2	1	chr8-19011557-19014044	8
1	0.722098517478287	0.333	0.2	1	chr8-19816339-19818608	8
1	0.340103322532821	0.333	0.2	1	chr8-22743477-22744477	8
1	0.727299488971008	0.333	0.2	1	chr8-23021590-23023473	8
1	0.424301500097495	0.333	0.2	1	chr8-23569834-23571727	8
1	0.641241690553622	0.333	0.2	1	chr8-26457546-26458583	8
1	0.572805595662075	0.333	0.2	1	chr8-26576666-26578831	8
1	0.651078541307071	0.333	0.2	1	chr8-27340176-27341298	8
1	0.37555696742562	0.333	0.2	1	chr8-28799257-28801116	8
1	0.728972546936147	0.333	0.2	1	chr8-30256730-30257870	8
1	0.405420588324372	0.333	0.2	1	chr8-31259950-31261123	8
1	0.527344004283584	0.333	0.2	1	chr8-38265970-38270859	8
1	0.567399448753639	0.333	0.2	1	chr8-38384744-38387443	8
1	0.581142107219197	0.333	0.2	1	chr8-38467457-38469107	8
1	0.580416245728075	0.333	0.2	1	chr8-38789648-38794235	8
1	0.724891314325795	0.333	0.2	1	chr8-40054201-40055898	8
1	0.723745120236902	0.333	0.2	1	chr8-41827864-41829376	8
1	0.646897207412443	0.333	0.2	1	chr8-42185300-42186452	8
1	0.393790283904856	0.333	0.2	1	chr8-42245212-42246371	8
1	0.60650978579065	0.333	0.2	1	chr8-46583356-46584806	8
1	0.352952630227608	0.333	0.2	1	chr8-47659001-47660936	8
1	0.722505172463183	0.333	0.2	1	chr8-47958776-47962026	8
1	0.638500978285123	0.333	0.2	1	chr8-53692189-53693721	8
1	0.724448392755623	0.333	0.2	1	chr8-54100303-54102807	8
1	0.299446042760679	0.333	0.2	1	chr8-55871644-55873304	8
1	0.728570920615386	0.333	0.2	1	chr8-58513141-58513885	8
1	0.553699774341617	0.333	0.2	1	chr8-58657606-58660903	8
1	0.281755376459909	0.333	0.2	1	chr8-58662015-58663453	8
1	0.727704231831958	0.333	0.2	1	chr8-60983252-60984339	8
1	0.641528532417885	0.333	0.2	1	chr8-61053733-61055235	8
1	0.519906526271303	0.333	0.2	1	chr8-61704568-61715617	8
1	0.569014195872575	0.333	0.2	1	chr8-66176530-66177901	8
1	0.394349107898204	0.333	0.2	1	chr8-67901973-67902546	8
1	0.588089198931515	0.333	0.2	1	chr8-69763780-69765140	8
1	0.634474972925349	0.333	0.2	1	chr8-69832945-69835500	8
1	0.720373723263163	0.333	0.2	1	chr8-70401450-70404516	8
1	0.723568042343089	0.333	0.2	1	chr8-72778452-72779600	8
1	0.732273251024685	0.333	0.2	1	chr8-73606344-73607738	8
1	0.569796516429105	0.333	0.2	1	chr8-74349818-74351099	8
1	0.589126639184927	0.333	0.2	1	chr8-80145838-80147976	8
1	0.559444400360057	0.333	0.2	1	chr8-81643318-81644977	8
1	0.722922515512843	0.333	0.2	1	chr8-85176408-85178923	8
1	0.727885143255615	0.333	0.2	1	chr8-86910328-86912938	8
1	0.375062168710903	0.333	0.2	1	chr8-91099421-91100680	8
1	0.728635713799722	0.333	0.2	1	chr8-92486022-92486895	8
1	0.728436175092774	0.333	0.2	1	chr8-92583564-92585136	8
1	0.293712354804753	0.333	0.2	1	chr8-92812022-92813003	8
1	0.530433681513849	0.333	0.2	1	chr8-92964608-92966648	8
1	0.724165939068479	0.333	0.2	1	chr8-93068130-93068971	8
1	0.60521923001124	0.333	0.2	1	chr8-93991004-93992731	8
1	0.5921934421559	0.333	0.2	1	chr8-94812747-94814044	8
1	0.721940814777982	0.333	0.2	1	chr8-94822242-94824355	8
1	0.497646039768627	0.333	0.2	1	chr8-97595755-97596428	8
1	0.729520144014308	0.333	0.2	1	chr8-100542562-100543439	8
1	0.599070418180345	0.333	0.2	1	chr8-101126019-101127479	8
1	0.431591286849295	0.333	0.2	1	chr8-103073698-103075726	8
1	0.470899849322837	0.333	0.2	1	chr8-106577499-106578112	8
1	0.250260181416719	0.333	0.2	1	chr8-108205710-108207453	8
1	0.394758168068604	0.333	0.2	1	chr8-108247867-108249529	8
1	0.285596918501814	0.333	0.2	1	chr8-113046254-113046953	8
1	0.67290085608583	0.333	0.2	1	chr8-117991656-117993034	8
1	0.722775559279976	0.333	0.2	1	chr8-119207788-119210892	8
1	0.365037312412264	0.333	0.2	1	chr8-119721377-119722756	8
1	0.547422957726318	0.333	0.2	1	chr8-123415525-123417945	8
1	0.592755374626647	0.333	0.2	1	chr8-123536599-123538807	8
1	0.644889229837131	0.333	0.2	1	chr8-124447235-124449370	8
1	0.725474889551827	0.333	0.2	1	chr8-124450118-124451719	8
1	0.732725930429928	0.333	0.2	1	chr8-126735996-126736789	8
1	0.352252399716203	0.333	0.2	1	chr8-128090578-128092506	8
1	0.727120655214345	0.333	0.2	1	chr8-129847953-129849361	8
1	0.282705356648977	0.333	0.2	1	chr8-130323743-130324578	8
1	0.385175295740312	0.333	0.2	1	chr8-134527640-134528662	8
1	0.271966777082141	0.333	0.2	1	chr8-134793072-134794938	8
1	0.432890345458773	0.333	0.2	1	chr8-141233536-141234493	8
1	0.315543018744531	0.333	0.2	1	chr8-142452452-142453461	8
1	0.72696470879849	0.333	0.2	1	chr8-143266382-143268907	8
1	0.725744427340167	0.333	0.2	1	chr8-143280678-143282366	8
1	0.280503731070755	0.333	0.2	1	chr8-143827971-143830587	8
1	0.605717791394245	0.333	0.2	1	chr8-143941641-143944440	8
1	0.27980927212936	0.333	0.2	1	chr8-144077298-144080346	8
1	0.425033300924621	0.333	0.2	1	chr8-144081629-144084123	8
1	0.722537996491295	0.333	0.2	1	chr8-144507379-144512284	8
1	0.579513307303395	0.333	0.2	1	chr8-144852092-144853803	8
1	0.405035291035396	0.333	0.2	1	chr8-144949931-144951299	8
1	0.387575880775115	0.333	0.2	1	chr9-4590724-4592747	8
1	0.649452714703781	0.333	0.2	1	chr9-5885909-5886682	8
1	0.393033260269717	0.333	0.2	1	chr9-6014838-6016282	8
1	0.258833108697426	0.333	0.2	1	chr9-10612328-10613516	8
1	0.311309294317043	0.333	0.2	1	chr9-13033878-13034864	8
1	0.280469591299062	0.333	0.2	1	chr9-14692385-14694043	8
1	0.250945100649942	0.333	0.2	1	chr9-15551783-15553878	8
1	0.676649811731681	0.333	0.2	1	chr9-19102075-19103509	8
1	0.421874788710373	0.333	0.2	1	chr9-19331615-19332610	8
1	0.72318304132017	0.333	0.2	1	chr9-32524674-32527031	8
1	0.723556951753964	0.333	0.2	1	chr9-33075886-33077263	8
1	0.327535438891906	0.333	0.2	1	chr9-33286634-33287631	8
1	0.531412709702045	0.333	0.2	1	chr9-36189903-36192326	8
1	0.72573642143338	0.333	0.2	1	chr9-36419314-36420899	8
1	0.723666727031893	0.333	0.2	1	chr9-37421897-37424110	8
1	0.611270561306089	0.333	0.2	1	chr9-37482047-37482950	8
1	0.298065155033689	0.333	0.2	1	chr9-37650520-37651793	8
1	0.458669496809951	0.333	0.2	1	chr9-61664992-61665791	8
1	0.315360672423227	0.333	0.2	1	chr9-63822618-63826187	8
1	0.725229511182374	0.333	0.2	1	chr9-68492403-68493606	8
1	0.503574322335574	0.333	0.2	1	chr9-71179095-71179593	8
1	0.729278151727814	0.333	0.2	1	chr9-75001917-75002812	8
1	0.360660989036844	0.333	0.2	1	chr9-79489077-79491236	8
1	0.719990504508413	0.333	0.2	1	chr9-81685436-81691073	8
1	0.32515989605187	0.333	0.2	1	chr9-82604816-82607193	8
1	0.72417596606945	0.333	0.2	1	chr9-86093570-86094565	8
1	0.511661407869597	0.333	0.2	1	chr9-86638950-86640759	8
1	0.725518444394488	0.333	0.2	1	chr9-91359627-91362415	8
1	0.418606892089157	0.333	0.2	1	chr9-93183565-93185108	8
1	0.334552384121404	0.333	0.2	1	chr9-94629887-94633335	8
1	0.728195138065273	0.333	0.2	1	chr9-96217820-96218796	8
1	0.291088693137431	0.333	0.2	1	chr9-97695941-97698204	8
1	0.723965502095949	0.333	0.2	1	chr9-98172427-98173379	8
1	0.500819056805036	0.333	0.2	1	chr9-98205469-98206242	8
1	0.270044171202713	0.333	0.2	1	chr9-107336008-107337831	8
1	0.450285803633163	0.333	0.2	1	chr9-108960844-108961690	8
1	0.726909010212242	0.333	0.2	1	chr9-113376192-113377520	8
1	0.480553098346094	0.333	0.2	1	chr9-114155157-114155913	8
1	0.495469708528739	0.333	0.2	1	chr9-121121195-121122676	8
1	0.636413053270541	0.333	0.2	1	chr9-121550212-121551070	8
1	0.426248871104168	0.333	0.2	1	chr9-125272539-125273465	8
1	0.265060053517212	0.333	0.2	1	chr9-127023115-127025349	8
1	0.266280611119445	0.333	0.2	1	chr9-127423606-127425418	8
1	0.571905049074528	0.333	0.2	1	chr9-127573928-127575311	8
1	0.727515528470402	0.333	0.2	1	chr9-128786743-128788182	8
1	0.723754334527019	0.333	0.2	1	chr9-129026056-129029039	8
1	0.724650234307661	0.333	0.2	1	chr9-129035970-129037542	8
1	0.602716140112229	0.333	0.2	1	chr9-129114531-129115625	8
1	0.436862702141677	0.333	0.2	1	chr9-130940820-130941697	8
1	0.72357100404183	0.333	0.2	1	chr9-131372767-131374443	8
1	0.64803981541139	0.333	0.2	1	chr9-131422189-131423968	8
1	0.530138197425723	0.333	0.2	1	chr9-131951758-131952471	8
1	0.340232116930834	0.333	0.2	1	chr9-133119877-133122003	8
1	0.573766821148554	0.333	0.2	1	chr9-133333670-133336925	8
1	0.41310129697326	0.333	0.2	1	chr9-133351390-133353897	8
1	0.467998541970475	0.333	0.2	1	chr9-133572501-133573467	8
1	0.268647436999556	0.333	0.2	1	chr9-134134320-134137370	8
1	0.722789423946806	0.333	0.2	1	chr9-134365629-134368751	8
1	0.727850863310206	0.333	0.2	1	chr9-136438856-136440336	8
1	0.723893058670592	0.333	0.2	1	chr9-136725137-136730275	8
1	0.366531992593346	0.333	0.2	1	chr9-136949401-136951492	8
1	0.546440543829354	0.333	0.2	1	chr9-137085668-137089782	8
1	0.457180377492022	0.333	0.2	1	chr9-137268345-137270549	8
1	0.596233771494156	0.333	0.2	1	chr10-407823-409050	8
1	0.567818863006233	0.333	0.2	1	chr10-1735768-1738106	8
1	0.420247849666324	0.333	0.2	1	chr10-3067159-3069440	8
1	0.618268249745437	0.333	0.2	1	chr10-6086271-6086996	8
1	0.7223958173545	0.333	0.2	1	chr10-7787057-7789888	8
1	0.65001380546406	0.333	0.2	1	chr10-13098863-13100823	8
1	0.554500584591562	0.333	0.2	1	chr10-15095724-15098619	8
1	0.564114890727744	0.333	0.2	1	chr10-19815232-19817949	8
1	0.647672418209812	0.333	0.2	1	chr10-22086569-22087793	8
1	0.363017193285938	0.333	0.2	1	chr10-22654940-22656269	8
1	0.674933628066368	0.333	0.2	1	chr10-24886053-24886879	8
1	0.729383570927681	0.333	0.2	1	chr10-26881727-26882618	8
1	0.428669945351528	0.333	0.2	1	chr10-28375300-28376414	8
1	0.662704343702374	0.333	0.2	1	chr10-29317273-29319004	8
1	0.442326804410672	0.333	0.2	1	chr10-29791618-29792394	8
1	0.382758916275618	0.333	0.2	1	chr10-30522405-30523255	8
1	0.723585096394844	0.333	0.2	1	chr10-35491952-35494224	8
1	0.534485643222253	0.333	0.2	1	chr10-38009874-38012489	8
1	0.659713781601676	0.333	0.2	1	chr10-43348063-43349085	8
1	0.643527330766555	0.333	0.2	1	chr10-43605756-43607427	8
1	0.594504201832134	0.333	0.2	1	chr10-47552648-47553845	8
1	0.272891228478227	0.333	0.2	1	chr10-48604098-48605736	8
1	0.311935514765475	0.333	0.2	1	chr10-50579376-50581038	8
1	0.34483031149405	0.333	0.2	1	chr10-52779849-52780731	8
1	0.346857915245529	0.333	0.2	1	chr10-53275826-53277642	8
1	0.488303112833297	0.333	0.2	1	chr10-54055038-54055877	8
1	0.725684130961495	0.333	0.2	1	chr10-59688554-59689608	8
1	0.393790283904856	0.333	0.2	1	chr10-60186179-60187187	8
1	0.727297903241082	0.333	0.2	1	chr10-64041056-64041889	8
1	0.392117795543676	0.333	0.2	1	chr10-65890893-65892037	8
1	0.726147355434558	0.333	0.2	1	chr10-66860308-66861533	8
1	0.609359054624177	0.333	0.2	1	chr10-68330796-68333480	8
1	0.646096255030954	0.333	0.2	1	chr10-68599656-68600900	8
1	0.722710552718426	0.333	0.2	1	chr10-68955037-68958450	8
1	0.54331438895225	0.333	0.2	1	chr10-69123118-69125584	8
1	0.378404742202864	0.333	0.2	1	chr10-70052167-70054231	8
1	0.309047050566679	0.333	0.2	1	chr10-70387180-70388059	8
1	0.72871492767624	0.333	0.2	1	chr10-70866680-70867665	8
1	0.675926922696347	0.333	0.2	1	chr10-71773187-71774010	8
1	0.464276771812928	0.333	0.2	1	chr10-72186075-72187316	8
1	0.661709099784908	0.333	0.2	1	chr10-72364141-72364964	8
1	0.556710268971827	0.333	0.2	1	chr10-73095387-73097783	8
1	0.722944623503063	0.333	0.2	1	chr10-73412417-73415001	8
1	0.723656920278959	0.333	0.2	1	chr10-73494886-73498109	8
1	0.588134250165952	0.333	0.2	1	chr10-77835576-77836970	8
1	0.513798164540412	0.333	0.2	1	chr10-78047039-78047914	8
1	0.350960321920468	0.333	0.2	1	chr10-79341935-79343640	8
1	0.385277605566217	0.333	0.2	1	chr10-79379038-79381076	8
1	0.61369018978287	0.333	0.2	1	chr10-79981322-79982479	8
1	0.538703816299819	0.333	0.2	1	chr10-80203041-80206318	8
1	0.55722949023694	0.333	0.2	1	chr10-84327819-84329721	8
1	0.619998493270994	0.333	0.2	1	chr10-88488765-88489943	8
1	0.67345369554492	0.333	0.2	1	chr10-89668475-89669195	8
1	0.312823120216054	0.333	0.2	1	chr10-91689685-91691121	8
1	0.385010810381915	0.333	0.2	1	chr10-91797878-91799731	8
1	0.481632152498719	0.333	0.2	1	chr10-92107161-92107631	8
1	0.326654650501824	0.333	0.2	1	chr10-93495433-93497417	8
1	0.285485461738898	0.333	0.2	1	chr10-96089416-96090687	8
1	0.631541873699639	0.333	0.2	1	chr10-96293020-96293905	8
1	0.486677208538862	0.333	0.2	1	chr10-100045964-100046514	8
1	0.721117519597611	0.333	0.2	1	chr10-102132153-102134965	8
1	0.722413869085219	0.333	0.2	1	chr10-102449188-102451955	8
1	0.322479232820174	0.333	0.2	1	chr10-102853789-102855001	8
1	0.551363439682156	0.333	0.2	1	chr10-110566492-110568822	8
1	0.401341698467511	0.333	0.2	1	chr10-110629403-110630411	8
1	0.664343121580207	0.333	0.2	1	chr10-110643548-110644737	8
1	0.723336689341902	0.333	0.2	1	chr10-113678844-113681070	8
1	0.728129353085535	0.333	0.2	1	chr10-114163091-114164248	8
1	0.725527201305038	0.333	0.2	1	chr10-114206551-114207707	8
1	0.589515721440872	0.333	0.2	1	chr10-114265714-114267373	8
1	0.38336090170038	0.333	0.2	1	chr10-122953477-122954743	8
1	0.379110744344395	0.333	0.2	1	chr10-125719014-125720726	8
1	0.261384092670941	0.333	0.2	1	chr10-127012433-127014130	8
1	0.330063513464179	0.333	0.2	1	chr10-127043647-127044985	8
1	0.58284260004078	0.333	0.2	1	chr10-132095954-132097244	8
1	0.315109814081352	0.333	0.2	1	chr10-132306601-132308940	8
1	0.724228940199237	0.333	0.2	1	chr11-2927983-2931370	8
1	0.25694978648861	0.333	0.2	1	chr11-4186840-4188284	8
1	0.406952490340609	0.333	0.2	1	chr11-4635972-4637548	8
1	0.688780258567162	0.333	0.2	1	chr11-5476178-5476648	8
1	0.722899862235614	0.333	0.2	1	chr11-6389645-6391566	8
1	0.635254769538789	0.333	0.2	1	chr11-6618640-6619940	8
1	0.679233455160335	0.333	0.2	1	chr11-7596775-7598187	8
1	0.367173827387375	0.333	0.2	1	chr11-9280592-9281276	8
1	0.656571420516976	0.333	0.2	1	chr11-9565588-9566671	8
1	0.289982593890565	0.333	0.2	1	chr11-9568118-9569921	8
1	0.540597639656575	0.333	0.2	1	chr11-9572792-9576013	8
1	0.630221517823925	0.333	0.2	1	chr11-10842682-10843541	8
1	0.722651931102604	0.333	0.2	1	chr11-16737805-16739945	8
1	0.572140862170657	0.333	0.2	1	chr11-17351367-17354905	8
1	0.632470564780464	0.333	0.2	1	chr11-18321403-18323313	8
1	0.622504629635516	0.333	0.2	1	chr11-18526074-18528085	8
1	0.599123834842545	0.333	0.2	1	chr11-18802301-18803787	8
1	0.336481399836488	0.333	0.2	1	chr11-20013050-20014140	8
1	0.727134401556354	0.333	0.2	1	chr11-23493383-23495810	8
1	0.730443415245468	0.333	0.2	1	chr11-25981909-25982458	8
1	0.724177639192912	0.333	0.2	1	chr11-26017116-26019702	8
1	0.413338982689138	0.333	0.2	1	chr11-27392330-27393509	8
1	0.556728999578088	0.333	0.2	1	chr11-36508782-36510824	8
1	0.656571420516976	0.333	0.2	1	chr11-41779116-41779983	8
1	0.725415617003042	0.333	0.2	1	chr11-45160892-45162521	8
1	0.274723095050854	0.333	0.2	1	chr11-45917057-45919150	8
1	0.723783626444943	0.333	0.2	1	chr11-46699902-46701626	8
1	0.724257764176044	0.333	0.2	1	chr11-46844712-46846875	8
1	0.582452411392405	0.333	0.2	1	chr11-47184532-47187105	8
1	0.38234010892191	0.333	0.2	1	chr11-49179823-49181391	8
1	0.723843515954274	0.333	0.2	1	chr11-49282032-49285638	8
1	0.399154480326141	0.333	0.2	1	chr11-58573434-58574535	8
1	0.634470992546524	0.333	0.2	1	chr11-59809368-59811307	8
1	0.44410034431765	0.333	0.2	1	chr11-60892612-60894094	8
1	0.67009142594584	0.333	0.2	1	chr11-61472271-61474083	8
1	0.668585362991531	0.333	0.2	1	chr11-62380662-62381424	8
1	0.725580069183174	0.333	0.2	1	chr11-62508046-62509045	8
1	0.656545233733094	0.333	0.2	1	chr11-63536593-63538200	8
1	0.382943937540855	0.333	0.2	1	chr11-64007281-64008408	8
1	0.720915217283004	0.333	0.2	1	chr11-64268330-64272010	8
1	0.253148464750485	0.333	0.2	1	chr11-64342018-64343205	8
1	0.723874914427441	0.333	0.2	1	chr11-64876513-64879601	8
1	0.725345407892038	0.333	0.2	1	chr11-65095710-65097173	8
1	0.72102487337959	0.333	0.2	1	chr11-65133021-65135936	8
1	0.723696264284802	0.333	0.2	1	chr11-65613393-65617135	8
1	0.313873010125004	0.333	0.2	1	chr11-67416389-67421902	8
1	0.72395909104399	0.333	0.2	1	chr11-67804528-67807680	8
1	0.727868871176557	0.333	0.2	1	chr11-68297478-68298512	8
1	0.422936622895284	0.333	0.2	1	chr11-71152469-71154035	8
1	0.724038200182595	0.333	0.2	1	chr11-71927806-71929544	8
1	0.726911925200232	0.333	0.2	1	chr11-72413787-72414879	8
1	0.492185575641588	0.333	0.2	1	chr11-73478708-73479186	8
1	0.251650170924329	0.333	0.2	1	chr11-73647113-73648326	8
1	0.612323666936619	0.333	0.2	1	chr11-77407365-77408288	8
1	0.49272445498048	0.333	0.2	1	chr11-79134470-79135450	8
1	0.403422744580413	0.333	0.2	1	chr11-80910225-80910957	8
1	0.728344094927472	0.333	0.2	1	chr11-82249800-82250725	8
1	0.5579914946205	0.333	0.2	1	chr11-82899690-82903083	8
1	0.641862656935301	0.333	0.2	1	chr11-83051412-83052913	8
1	0.558774307703134	0.333	0.2	1	chr11-86243957-86246260	8
1	0.372792362215473	0.333	0.2	1	chr11-93196721-93198662	8
1	0.256243271898205	0.333	0.2	1	chr11-94127652-94130003	8
1	0.377182888928547	0.333	0.2	1	chr11-94543404-94544815	8
1	0.331232420759026	0.333	0.2	1	chr11-100079077-100080033	8
1	0.72862701195858	0.333	0.2	1	chr11-102287860-102288442	8
1	0.298561995879127	0.333	0.2	1	chr11-107017417-107019677	8
1	0.29508592377188	0.333	0.2	1	chr11-108120969-108122704	8
1	0.658259492634309	0.333	0.2	1	chr11-108586591-108587373	8
1	0.460959262976382	0.333	0.2	1	chr11-110777782-110778729	8
1	0.557900848920541	0.333	0.2	1	chr11-111926393-111927828	8
1	0.621248851509682	0.333	0.2	1	chr11-113313991-113316085	8
1	0.350643648661994	0.333	0.2	1	chr11-113905967-113907169	8
1	0.725331694534457	0.333	0.2	1	chr11-114129449-114134269	8
1	0.725492265772853	0.333	0.2	1	chr11-114161934-114164574	8
1	0.260567608158595	0.333	0.2	1	chr11-114438398-114441943	8
1	0.331181458323256	0.333	0.2	1	chr11-116312673-116313835	8
1	0.342978571794075	0.333	0.2	1	chr11-116869510-116870430	8
1	0.625318699303854	0.333	0.2	1	chr11-118434778-118437860	8
1	0.725606715604713	0.333	0.2	1	chr11-118564767-118566560	8
1	0.619188755843714	0.333	0.2	1	chr11-119084390-119086086	8
1	0.450141676333359	0.333	0.2	1	chr11-119144807-119145308	8
1	0.625583530183736	0.333	0.2	1	chr11-119380856-119382483	8
1	0.360971841844591	0.333	0.2	1	chr11-120207261-120208733	8
1	0.318428215699757	0.333	0.2	1	chr11-121257283-121258829	8
1	0.726388047294388	0.333	0.2	1	chr11-121487849-121490132	8
1	0.720632935472558	0.333	0.2	1	chr11-125110812-125112380	8
1	0.259559504284726	0.333	0.2	1	chr11-125624642-125627349	8
1	0.339412778186257	0.333	0.2	1	chr11-126214343-126215337	8
1	0.481006227046418	0.333	0.2	1	chr11-126303433-126305154	8
1	0.310419160518177	0.333	0.2	1	chr11-129640770-129643883	8
1	0.368250311632715	0.333	0.2	1	chr11-134252214-134255389	8
1	0.6815621299438	0.333	0.2	1	chr12-6214801-6217328	8
1	0.723425772856014	0.333	0.2	1	chr12-6234808-6236395	8
1	0.649378458155965	0.333	0.2	1	chr12-6294769-6295612	8
1	0.630562455255835	0.333	0.2	1	chr12-6372354-6378163	8
1	0.581999075539865	0.333	0.2	1	chr12-6567095-6569600	8
1	0.617973932737411	0.333	0.2	1	chr12-9813889-9814773	8
1	0.542573332994527	0.333	0.2	1	chr12-10211960-10214864	8
1	0.576044030444798	0.333	0.2	1	chr12-11884944-11886725	8
1	0.429535887484348	0.333	0.2	1	chr12-13941312-13942374	8
1	0.341136229186841	0.333	0.2	1	chr12-14384372-14385597	8
1	0.620111035971585	0.333	0.2	1	chr12-14773809-14778261	8
1	0.393918040049174	0.333	0.2	1	chr12-15788151-15790257	8
1	0.255060862701481	0.333	0.2	1	chr12-16939684-16940533	8
1	0.434789128014992	0.333	0.2	1	chr12-20367956-20370429	8
1	0.630376799258564	0.333	0.2	1	chr12-25689874-25690725	8
1	0.650268983149219	0.333	0.2	1	chr12-26273667-26275364	8
1	0.325320367631011	0.333	0.2	1	chr12-26416348-26417124	8
1	0.728366409089103	0.333	0.2	1	chr12-26704206-26705946	8
1	0.728618329630222	0.333	0.2	1	chr12-26853518-26854222	8
1	0.534584651246281	0.333	0.2	1	chr12-26936839-26939892	8
1	0.610385807417096	0.333	0.2	1	chr12-27303070-27304084	8
1	0.288658284706805	0.333	0.2	1	chr12-27906001-27907589	8
1	0.723756640774559	0.333	0.2	1	chr12-38316058-38317386	8
1	0.651432256137083	0.333	0.2	1	chr12-39619394-39621153	8
1	0.725204801945755	0.333	0.2	1	chr12-43795505-43796814	8
1	0.255369073261145	0.333	0.2	1	chr12-46267380-46269655	8
1	0.419986546595574	0.333	0.2	1	chr12-47963060-47964761	8
1	0.7283786328032	0.333	0.2	1	chr12-48553481-48554372	8
1	0.399563181223105	0.333	0.2	1	chr12-49567302-49569386	8
1	0.726717718996819	0.333	0.2	1	chr12-50201878-50202935	8
1	0.419389852591783	0.333	0.2	1	chr12-50326044-50327311	8
1	0.366796549611652	0.333	0.2	1	chr12-50504429-50506353	8
1	0.603456346377661	0.333	0.2	1	chr12-51004810-51006365	8
1	0.634182645216381	0.333	0.2	1	chr12-52032215-52033596	8
1	0.502401437898278	0.333	0.2	1	chr12-53568919-53570690	8
1	0.570970023023715	0.333	0.2	1	chr12-53674993-53676683	8
1	0.293208128542028	0.333	0.2	1	chr12-53746323-53747250	8
1	0.478820980664093	0.333	0.2	1	chr12-56115699-56119975	8
1	0.388818459729017	0.333	0.2	1	chr12-56151345-56152977	8
1	0.562184654221362	0.333	0.2	1	chr12-57771202-57773506	8
1	0.674910429075351	0.333	0.2	1	chr12-59113688-59114344	8
1	0.479610558761219	0.333	0.2	1	chr12-60714063-60715368	8
1	0.261004628414312	0.333	0.2	1	chr12-62602223-62604130	8
1	0.434555191904002	0.333	0.2	1	chr12-62912384-62913835	8
1	0.371017628585402	0.333	0.2	1	chr12-64599796-64601133	8
1	0.723666727031893	0.333	0.2	1	chr12-69738194-69740457	8
1	0.723512836747786	0.333	0.2	1	chr12-71685347-71687072	8
1	0.27084192413064	0.333	0.2	1	chr12-75510703-75512272	8
1	0.613758239534738	0.333	0.2	1	chr12-75908774-75909778	8
1	0.478501192166049	0.333	0.2	1	chr12-76952736-76953649	8
1	0.684944671100082	0.333	0.2	1	chr12-80551812-80552332	8
1	0.330470422292268	0.333	0.2	1	chr12-85356312-85358176	8
1	0.593632038981156	0.333	0.2	1	chr12-89877124-89878977	8
1	0.38492197977756	0.333	0.2	1	chr12-93377341-93380998	8
1	0.573248446386881	0.333	0.2	1	chr12-93813121-93815024	8
1	0.720997414012582	0.333	0.2	1	chr12-96034457-96036511	8
1	0.351330225110474	0.333	0.2	1	chr12-96214995-96215896	8
1	0.724510600104379	0.333	0.2	1	chr12-100163265-100164696	8
1	0.728475700116678	0.333	0.2	1	chr12-102503024-102504583	8
1	0.329880826143213	0.333	0.2	1	chr12-102691711-102692817	8
1	0.256792182220483	0.333	0.2	1	chr12-105214043-105216442	8
1	0.564130688508574	0.333	0.2	1	chr12-105234389-105236685	8
1	0.428788806529226	0.333	0.2	1	chr12-109476369-109478158	8
1	0.727886955092175	0.333	0.2	1	chr12-110002245-110003503	8
1	0.310545632961207	0.333	0.2	1	chr12-110344079-110345947	8
1	0.585788053476637	0.333	0.2	1	chr12-111840914-111843330	8
1	0.259396136553098	0.333	0.2	1	chr12-113421767-113423565	8
1	0.379940154148632	0.333	0.2	1	chr12-115003966-115005216	8
1	0.259506207518047	0.333	0.2	1	chr12-115398065-115399080	8
1	0.665118306570124	0.333	0.2	1	chr12-115817147-115818068	8
1	0.3199584398032	0.333	0.2	1	chr12-118370306-118373759	8
1	0.281700709422576	0.333	0.2	1	chr12-121625817-121627773	8
1	0.314478055221929	0.333	0.2	1	chr12-122020974-122024397	8
1	0.724813774971396	0.333	0.2	1	chr12-122420854-122423658	8
1	0.612667192485972	0.333	0.2	1	chr12-122862419-122863759	8
1	0.281921872704668	0.333	0.2	1	chr12-123711438-123714280	8
1	0.358176765049223	0.333	0.2	1	chr12-124381429-124382564	8
1	0.625232832283538	0.333	0.2	1	chr12-124926824-124928411	8
1	0.356777038349574	0.333	0.2	1	chr12-131850986-131851820	8
1	0.296164739327441	0.333	0.2	1	chr12-132188958-132191476	8
1	0.591257059516054	0.333	0.2	1	chr12-132444979-132446967	8
1	0.325535736700904	0.333	0.2	1	chr12-132908072-132909387	8
1	0.570518894173301	0.333	0.2	1	chr12-132985831-132987527	8
1	0.587372548668377	0.333	0.2	1	chr13-18992757-18997303	8
1	0.613688710997253	0.333	0.2	1	chr13-19862023-19864715	8
1	0.671505329793681	0.333	0.2	1	chr13-23470962-23471889	8
1	0.346964941549378	0.333	0.2	1	chr13-27965150-27966712	8
1	0.398101445513044	0.333	0.2	1	chr13-34334898-34336610	8
1	0.566884318988903	0.333	0.2	1	chr13-36818572-36820425	8
1	0.671635077390095	0.333	0.2	1	chr13-38315830-38316493	8
1	0.726197309448802	0.333	0.2	1	chr13-41310638-41312566	8
1	0.47489755854249	0.333	0.2	1	chr13-46648023-46648571	8
1	0.471530559611951	0.333	0.2	1	chr13-47210564-47211463	8
1	0.600129350924571	0.333	0.2	1	chr13-50365543-50367176	8
1	0.642612789774471	0.333	0.2	1	chr13-50909302-50911408	8
1	0.482789820406332	0.333	0.2	1	chr13-59945810-59946626	8
1	0.62600573064789	0.333	0.2	1	chr13-67383163-67384002	8
1	0.725765073674174	0.333	0.2	1	chr13-72726954-72728384	8
1	0.72312791383257	0.333	0.2	1	chr13-77325121-77327762	8
1	0.723213938635973	0.333	0.2	1	chr13-91346820-91349638	8
1	0.728066484917546	0.333	0.2	1	chr13-94304531-94306003	8
1	0.377329075479517	0.333	0.2	1	chr13-95380416-95381146	8
1	0.674771658477242	0.333	0.2	1	chr13-99208239-99209799	8
1	0.394766944923845	0.333	0.2	1	chr13-109744185-109745158	8
1	0.414388175653417	0.333	0.2	1	chr13-112493879-112495892	8
1	0.321342358754687	0.333	0.2	1	chr13-113863451-113864499	8
1	0.605632980202209	0.333	0.2	1	chr14-21024120-21025549	8
1	0.612990449450161	0.333	0.2	1	chr14-23285164-23287300	8
1	0.423682641238096	0.333	0.2	1	chr14-23379686-23380559	8
1	0.332362868321977	0.333	0.2	1	chr14-23561465-23564366	8
1	0.628684551236274	0.333	0.2	1	chr14-24187760-24189625	8
1	0.628136407484256	0.333	0.2	1	chr14-24215143-24216577	8
1	0.407777466834035	0.333	0.2	1	chr14-25469888-25471437	8
1	0.554211520012601	0.333	0.2	1	chr14-30221333-30224833	8
1	0.729175851784027	0.333	0.2	1	chr14-32667056-32668335	8
1	0.669722309416414	0.333	0.2	1	chr14-35526893-35527611	8
1	0.628936516887852	0.333	0.2	1	chr14-43981162-43982013	8
1	0.321379178953685	0.333	0.2	1	chr14-44452185-44454111	8
1	0.392379707602798	0.333	0.2	1	chr14-45466487-45467869	8
1	0.380284641999875	0.333	0.2	1	chr14-49640886-49642576	8
1	0.305392775505428	0.333	0.2	1	chr14-49659524-49660569	8
1	0.341131028739875	0.333	0.2	1	chr14-50666723-50669104	8
1	0.399592193111428	0.333	0.2	1	chr14-50734960-50736115	8
1	0.312052956803728	0.333	0.2	1	chr14-51564285-51565649	8
1	0.487172150940436	0.333	0.2	1	chr14-52272296-52272814	8
1	0.577397412728802	0.333	0.2	1	chr14-52950166-52952266	8
1	0.638980849058342	0.333	0.2	1	chr14-61711042-61712415	8
1	0.721233763581775	0.333	0.2	1	chr14-64336973-64339646	8
1	0.675734789468346	0.333	0.2	1	chr14-64636472-64637171	8
1	0.5769390027571	0.333	0.2	1	chr14-64703821-64707241	8
1	0.302363563984446	0.333	0.2	1	chr14-68458689-68460077	8
1	0.733694213797127	0.333	0.2	1	chr14-71739534-71740021	8
1	0.383712991945247	0.333	0.2	1	chr14-73135955-73138044	8
1	0.346694050641082	0.333	0.2	1	chr14-75063262-75064571	8
1	0.547561058114109	0.333	0.2	1	chr14-77181033-77182541	8
1	0.418657746271146	0.333	0.2	1	chr14-80586985-80588551	8
1	0.414316490569296	0.333	0.2	1	chr14-81509382-81511652	8
1	0.559934260079045	0.333	0.2	1	chr14-88792016-88793653	8
1	0.554175476771903	0.333	0.2	1	chr14-89040080-89041729	8
1	0.645140314555396	0.333	0.2	1	chr14-89175569-89177925	8
1	0.647143674415448	0.333	0.2	1	chr14-89855788-89857826	8
1	0.589653947373342	0.333	0.2	1	chr14-90715229-90717062	8
1	0.636891174158148	0.333	0.2	1	chr14-91835403-91837219	8
1	0.251296049362007	0.333	0.2	1	chr14-93205933-93208364	8
1	0.727611419438345	0.333	0.2	1	chr14-96063377-96066362	8
1	0.317001539175598	0.333	0.2	1	chr14-99792948-99794089	8
1	0.374140980262299	0.333	0.2	1	chr14-101963963-101966178	8
1	0.614168869229472	0.333	0.2	1	chr14-103517447-103523504	8
1	0.371538560789221	0.333	0.2	1	chr14-104116120-104117488	8
1	0.725391037836018	0.333	0.2	1	chr14-104975867-104978722	8
1	0.386468907660747	0.333	0.2	1	chr15-25859653-25861320	8
1	0.728303836958396	0.333	0.2	1	chr15-28800235-28800853	8
1	0.615252911169669	0.333	0.2	1	chr15-29656622-29657610	8
1	0.305817320181439	0.333	0.2	1	chr15-31325407-31329471	8
1	0.512956956456071	0.333	0.2	1	chr15-38683412-38684078	8
1	0.310011319447475	0.333	0.2	1	chr15-40903549-40904505	8
1	0.296217592681952	0.333	0.2	1	chr15-41001366-41002205	8
1	0.407290324495139	0.333	0.2	1	chr15-42084280-42085589	8
1	0.447698739801668	0.333	0.2	1	chr15-42308812-42309436	8
1	0.377182888928547	0.333	0.2	1	chr15-43791597-43793521	8
1	0.361917842820035	0.333	0.2	1	chr15-47290564-47294212	8
1	0.725633505841018	0.333	0.2	1	chr15-49044723-49047066	8
1	0.72896778633089	0.333	0.2	1	chr15-52488826-52489698	8
1	0.430894780115051	0.333	0.2	1	chr15-57033640-57034209	8
1	0.732646780406365	0.333	0.2	1	chr15-57382019-57382948	8
1	0.293043737900974	0.333	0.2	1	chr15-57505044-57507600	8
1	0.259498660376965	0.333	0.2	1	chr15-59586859-59587899	8
1	0.257914886962802	0.333	0.2	1	chr15-60373518-60375555	8
1	0.600912519879881	0.333	0.2	1	chr15-60615032-60616137	8
1	0.728265958431073	0.333	0.2	1	chr15-61084763-61086494	8
1	0.391920965289624	0.333	0.2	1	chr15-62781931-62782947	8
1	0.656558324836785	0.333	0.2	1	chr15-65529994-65531532	8
1	0.283445160267184	0.333	0.2	1	chr15-66503680-66506079	8
1	0.410811818804738	0.333	0.2	1	chr15-68885091-68886084	8
1	0.728220571157167	0.333	0.2	1	chr15-69387928-69388868	8
1	0.726227529864564	0.333	0.2	1	chr15-69951284-69952535	8
1	0.568452965753258	0.333	0.2	1	chr15-70891770-70893382	8
1	0.507406714804966	0.333	0.2	1	chr15-70995331-70996035	8
1	0.583972181268945	0.333	0.2	1	chr15-73051246-73053609	8
1	0.404925383503625	0.333	0.2	1	chr15-73927075-73928382	8
1	0.527133213868012	0.333	0.2	1	chr15-73964669-73965173	8
1	0.722394655085576	0.333	0.2	1	chr15-74613535-74617443	8
1	0.572436802323222	0.333	0.2	1	chr15-74937004-74938686	8
1	0.425186443739724	0.333	0.2	1	chr15-75801794-75802689	8
1	0.59222542173008	0.333	0.2	1	chr15-76189844-76191641	8
1	0.431509945316391	0.333	0.2	1	chr15-77067068-77068273	8
1	0.64664204252992	0.333	0.2	1	chr15-78075560-78078183	8
1	0.254741384905209	0.333	0.2	1	chr15-83010642-83012510	8
1	0.66191841633709	0.333	0.2	1	chr15-84600142-84601574	8
1	0.565330372541227	0.333	0.2	1	chr15-84747173-84749966	8
1	0.283323556201278	0.333	0.2	1	chr15-85788760-85789798	8
1	0.583522388298176	0.333	0.2	1	chr15-86402621-86404583	8
1	0.664753201423927	0.333	0.2	1	chr15-87477660-87478655	8
1	0.384588611989686	0.333	0.2	1	chr15-88897039-88898352	8
1	0.262911256667595	0.333	0.2	1	chr15-88912671-88914047	8
1	0.337501025805326	0.333	0.2	1	chr15-89497930-89499258	8
1	0.725208911682835	0.333	0.2	1	chr15-89690076-89691328	8
1	0.347259291790164	0.333	0.2	1	chr15-90839139-90840240	8
1	0.437915978929808	0.333	0.2	1	chr15-98979846-98980877	8
1	0.364510342665749	0.333	0.2	1	chr15-99748973-99750106	8
1	0.725726147126827	0.333	0.2	1	chr15-100042486-100044292	8
1	0.732268285386695	0.333	0.2	1	chr15-100721047-100722570	8
1	0.724172621501089	0.333	0.2	1	chr15-100896967-100898778	8
1	0.348419697601355	0.333	0.2	1	chr15-100900642-100903584	8
1	0.61448372905399	0.333	0.2	1	chr15-100986154-100987366	8
1	0.319293188370482	0.333	0.2	1	chr15-101217273-101218238	8
1	0.415288637783356	0.333	0.2	1	chr15-101615528-101617073	8
1	0.379838927133262	0.333	0.2	1	chr16-228365-229906	8
1	0.524451103193994	0.333	0.2	1	chr16-678348-686447	8
1	0.656245392548861	0.333	0.2	1	chr16-787269-789212	8
1	0.721228351585737	0.333	0.2	1	chr16-1767736-1774708	8
1	0.321380767661442	0.333	0.2	1	chr16-1825630-1828436	8
1	0.499659021177801	0.333	0.2	1	chr16-1932022-1932715	8
1	0.650606853717725	0.333	0.2	1	chr16-2147600-2158335	8
1	0.634638826810867	0.333	0.2	1	chr16-2702954-2704230	8
1	0.731240593198762	0.333	0.2	1	chr16-3282165-3284117	8
1	0.722959636307768	0.333	0.2	1	chr16-3455778-3460486	8
1	0.726242710841583	0.333	0.2	1	chr16-4350464-4351919	8
1	0.300894750167486	0.333	0.2	1	chr16-4368640-4369894	8
1	0.566698970520463	0.333	0.2	1	chr16-12802694-12804372	8
1	0.274721022405913	0.333	0.2	1	chr16-14564063-14566996	8
1	0.38288723800772	0.333	0.2	1	chr16-15653071-15653771	8
1	0.724912583054662	0.333	0.2	1	chr16-20740100-20742377	8
1	0.296714222670042	0.333	0.2	1	chr16-22188263-22189202	8
1	0.340550316013095	0.333	0.2	1	chr16-22373603-22375589	8
1	0.408145195162671	0.333	0.2	1	chr16-22659665-22660853	8
1	0.725258493818151	0.333	0.2	1	chr16-23182091-23183161	8
1	0.401930837725272	0.333	0.2	1	chr16-25031142-25032565	8
1	0.588935298135028	0.333	0.2	1	chr16-28210628-28212767	8
1	0.555447462146333	0.333	0.2	1	chr16-28621405-28623960	8
1	0.723531904881014	0.333	0.2	1	chr16-29862373-29864229	8
1	0.380169728809018	0.333	0.2	1	chr16-30417152-30419035	8
1	0.721937651495226	0.333	0.2	1	chr16-31093002-31096252	8
1	0.301069025193437	0.333	0.2	1	chr16-31134534-31136383	8
1	0.402885705540149	0.333	0.2	1	chr16-46620391-46622038	8
1	0.324312456447113	0.333	0.2	1	chr16-46895639-46896932	8
1	0.722609190620906	0.333	0.2	1	chr16-47141580-47144913	8
1	0.723082110171888	0.333	0.2	1	chr16-48164757-48166488	8
1	0.302619691865519	0.333	0.2	1	chr16-52561678-52562801	8
1	0.507683583538141	0.333	0.2	1	chr16-53500779-53504687	8
1	0.721568658815165	0.333	0.2	1	chr16-53703388-53704860	8
1	0.348392718626004	0.333	0.2	1	chr16-56355942-56357043	8
1	0.641107905022106	0.333	0.2	1	chr16-66406231-66407482	8
1	0.725833359156735	0.333	0.2	1	chr16-67226457-67227739	8
1	0.390273740400845	0.333	0.2	1	chr16-67672156-67675171	8
1	0.35603739893314	0.333	0.2	1	chr16-67883460-67885342	8
1	0.672857004863144	0.333	0.2	1	chr16-68040319-68040999	8
1	0.541962909229433	0.333	0.2	1	chr16-71499691-71500211	8
1	0.34746913309302	0.333	0.2	1	chr16-71564251-71565836	8
1	0.265792675502749	0.333	0.2	1	chr16-72913106-72915004	8
1	0.375062168710903	0.333	0.2	1	chr16-72938380-72939804	8
1	0.723149618269546	0.333	0.2	1	chr16-74295731-74298958	8
1	0.293019736622925	0.333	0.2	1	chr16-75148123-75149469	8
1	0.424068920013802	0.333	0.2	1	chr16-84449582-84450568	8
1	0.636762435580183	0.333	0.2	1	chr16-87316684-87318688	8
1	0.662164426209341	0.333	0.2	1	chr16-89052076-89053833	8
1	0.499432160980383	0.333	0.2	1	chr17-1095796-1096550	8
1	0.510854521580183	0.333	0.2	1	chr17-1713704-1718832	8
1	0.557104737845932	0.333	0.2	1	chr17-3665173-3669644	8
1	0.252772913831858	0.333	0.2	1	chr17-3845195-3846773	8
1	0.444921839933033	0.333	0.2	1	chr17-4229690-4230658	8
1	0.334763008138282	0.333	0.2	1	chr17-4364648-4367397	8
1	0.725786961001666	0.333	0.2	1	chr17-4806350-4809027	8
1	0.285073871415046	0.333	0.2	1	chr17-4881714-4882478	8
1	0.289164397525521	0.333	0.2	1	chr17-6443408-6444950	8
1	0.57206269217167	0.333	0.2	1	chr17-6512100-6512652	8
1	0.402122162664387	0.333	0.2	1	chr17-6831485-6832219	8
1	0.327498855054898	0.333	0.2	1	chr17-7011747-7015710	8
1	0.724936862067926	0.333	0.2	1	chr17-7035147-7036555	8
1	0.310978572678714	0.333	0.2	1	chr17-9684599-9686188	8
1	0.316113495074549	0.333	0.2	1	chr17-12730418-12731803	8
1	0.587617761637824	0.333	0.2	1	chr17-14068851-14070307	8
1	0.541359800600676	0.333	0.2	1	chr17-15649758-15652432	8
1	0.616216373047711	0.333	0.2	1	chr17-17018375-17019183	8
1	0.633649064185112	0.333	0.2	1	chr17-17041114-17044030	8
1	0.340786637939365	0.333	0.2	1	chr17-17684809-17686987	8
1	0.286786974901075	0.333	0.2	1	chr17-18038346-18040469	8
1	0.725768523129058	0.333	0.2	1	chr17-19268242-19271276	8
1	0.724873979476712	0.333	0.2	1	chr17-27247076-27248249	8
1	0.725825207924937	0.333	0.2	1	chr17-27332194-27333570	8
1	0.548527931324077	0.333	0.2	1	chr17-28040692-28042383	8
1	0.647578609939315	0.333	0.2	1	chr17-28404832-28406828	8
1	0.317900102597911	0.333	0.2	1	chr17-28760502-28761950	8
1	0.408443109106615	0.333	0.2	1	chr17-29176134-29181105	8
1	0.723012880510117	0.333	0.2	1	chr17-30599334-30601675	8
1	0.727242748808562	0.333	0.2	1	chr17-35763907-35764753	8
1	0.619754706889423	0.333	0.2	1	chr17-37487788-37491746	8
1	0.648569250349073	0.333	0.2	1	chr17-38852611-38854501	8
1	0.649848259202891	0.333	0.2	1	chr17-39753909-39755014	8
1	0.448781491785627	0.333	0.2	1	chr17-40957959-40958794	8
1	0.279048582989501	0.333	0.2	1	chr17-41579279-41580180	8
1	0.629639040536079	0.333	0.2	1	chr17-41972396-41973673	8
1	0.72783472060014	0.333	0.2	1	chr17-42049728-42051397	8
1	0.540481205843902	0.333	0.2	1	chr17-42674816-42680151	8
1	0.328523712080079	0.333	0.2	1	chr17-42802899-42806749	8
1	0.604924874119012	0.333	0.2	1	chr17-44198266-44201045	8
1	0.310497465644656	0.333	0.2	1	chr17-45315548-45317975	8
1	0.306170328766458	0.333	0.2	1	chr17-45972858-45974489	8
1	0.72931993089379	0.333	0.2	1	chr17-46182656-46183393	8
1	0.337465425933151	0.333	0.2	1	chr17-46720095-46721356	8
1	0.302138642847978	0.333	0.2	1	chr17-47948257-47950886	8
1	0.327313159782117	0.333	0.2	1	chr17-47955248-47958888	8
1	0.721659021152777	0.333	0.2	1	chr17-48891359-48893764	8
1	0.270188485292253	0.333	0.2	1	chr17-49585413-49586109	8
1	0.60150177356238	0.333	0.2	1	chr17-50160875-50162105	8
1	0.496632621919005	0.333	0.2	1	chr17-50539707-50544137	8
1	0.725229511182374	0.333	0.2	1	chr17-50546627-50548119	8
1	0.627881267578655	0.333	0.2	1	chr17-50943355-50945266	8
1	0.723794461901646	0.333	0.2	1	chr17-51165354-51167793	8
1	0.485943290716059	0.333	0.2	1	chr17-58447240-58447978	8
1	0.629673042642123	0.333	0.2	1	chr17-58631038-58632664	8
1	0.72182107960738	0.333	0.2	1	chr17-59842123-59848216	8
1	0.61777858929913	0.333	0.2	1	chr17-61290852-61292243	8
1	0.349428545009073	0.333	0.2	1	chr17-61335703-61336782	8
1	0.32297938555874	0.333	0.2	1	chr17-64261944-64264110	8
1	0.255032148222438	0.333	0.2	1	chr17-67637575-67638737	8
1	0.727989668818037	0.333	0.2	1	chr17-68200464-68201370	8
1	0.367987663232152	0.333	0.2	1	chr17-68246942-68248881	8
1	0.721845295753922	0.333	0.2	1	chr17-68511131-68513619	8
1	0.731304884510443	0.333	0.2	1	chr17-72455971-72456473	8
1	0.727760177604387	0.333	0.2	1	chr17-72477124-72478247	8
1	0.283864562561001	0.333	0.2	1	chr17-75152823-75155051	8
1	0.584552977559046	0.333	0.2	1	chr17-75204527-75207366	8
1	0.366505648790023	0.333	0.2	1	chr17-75774878-75777905	8
1	0.320847084366218	0.333	0.2	1	chr17-75778593-75781622	8
1	0.589041832375499	0.333	0.2	1	chr17-76071723-76073230	8
1	0.725458654239275	0.333	0.2	1	chr17-76670396-76672878	8
1	0.283773852874121	0.333	0.2	1	chr17-77140057-77141918	8
1	0.300859913987374	0.333	0.2	1	chr17-78396425-78398198	8
1	0.315547682381588	0.333	0.2	1	chr17-78735425-78737415	8
1	0.385961493003206	0.333	0.2	1	chr17-79796105-79798092	8
1	0.619662990934448	0.333	0.2	1	chr17-79843800-79845444	8
1	0.42628631905166	0.333	0.2	1	chr17-81023432-81024226	8
1	0.726265571692886	0.333	0.2	1	chr17-81294554-81296555	8
1	0.459111823238041	0.333	0.2	1	chr17-81364811-81366642	8
1	0.723639617295181	0.333	0.2	1	chr17-82291813-82296175	8
1	0.690625442215356	0.333	0.2	1	chr18-306529-307021	8
1	0.377256310867165	0.333	0.2	1	chr18-568326-569450	8
1	0.486565409184112	0.333	0.2	1	chr18-2303862-2305240	8
1	0.382483173163125	0.333	0.2	1	chr18-7038158-7039055	8
1	0.392131459785704	0.333	0.2	1	chr18-7566352-7568691	8
1	0.579698209069822	0.333	0.2	1	chr18-9333818-9335546	8
1	0.410644020466089	0.333	0.2	1	chr18-11949063-11949756	8
1	0.61180593100397	0.333	0.2	1	chr18-11980110-11982698	8
1	0.351555233173393	0.333	0.2	1	chr18-12059281-12060873	8
1	0.377277151261662	0.333	0.2	1	chr18-14921045-14922934	8
1	0.322279294252243	0.333	0.2	1	chr18-23259437-23261386	8
1	0.614581209849988	0.333	0.2	1	chr18-24930462-24931634	8
1	0.56538179702805	0.333	0.2	1	chr18-25058513-25058925	8
1	0.637475455989208	0.333	0.2	1	chr18-26224560-26227487	8
1	0.39602488076239	0.333	0.2	1	chr18-27040710-27043477	8
1	0.729348951864212	0.333	0.2	1	chr18-32271450-32272304	8
1	0.726116392180977	0.333	0.2	1	chr18-35609907-35610700	8
1	0.394035349173335	0.333	0.2	1	chr18-37343246-37343905	8
1	0.46255157467467	0.333	0.2	1	chr18-40108498-40109619	8
1	0.312453304249713	0.333	0.2	1	chr18-47149361-47151514	8
1	0.630035840658774	0.333	0.2	1	chr18-47422443-47423319	8
1	0.409441112109397	0.333	0.2	1	chr18-48675025-48675871	8
1	0.405705406327563	0.333	0.2	1	chr18-50158592-50160137	8
1	0.300835026941016	0.333	0.2	1	chr18-50286149-50288563	8
1	0.289993086355164	0.333	0.2	1	chr18-54223072-54225356	8
1	0.728972546936147	0.333	0.2	1	chr18-56709399-56710819	8
1	0.723443784762569	0.333	0.2	1	chr18-58669626-58672501	8
1	0.460802358710876	0.333	0.2	1	chr18-58862967-58865145	8
1	0.444284791200499	0.333	0.2	1	chr18-59248955-59249734	8
1	0.2504094930799	0.333	0.2	1	chr18-59402202-59403113	8
1	0.287413311046612	0.333	0.2	1	chr18-59898935-59901389	8
1	0.486769937062578	0.333	0.2	1	chr18-60027374-60027878	8
1	0.726126279058874	0.333	0.2	1	chr18-62425026-62426492	8
1	0.393533359798448	0.333	0.2	1	chr18-63177946-63179022	8
1	0.615159788761622	0.333	0.2	1	chr18-68228503-68230008	8
1	0.625299012264032	0.333	0.2	1	chr18-70360898-70362652	8
1	0.277357337722157	0.333	0.2	1	chr18-70421817-70424598	8
1	0.311498454269282	0.333	0.2	1	chr19-266646-267836	8
1	0.586722408025087	0.333	0.2	1	chr19-1180389-1182331	8
1	0.577474121151879	0.333	0.2	1	chr19-2095843-2097773	8
1	0.275705560772323	0.333	0.2	1	chr19-2149815-2152347	8
1	0.586590211691043	0.333	0.2	1	chr19-2163322-2166037	8
1	0.28946217236243	0.333	0.2	1	chr19-2949896-2951447	8
1	0.513606426494917	0.333	0.2	1	chr19-3062263-3063223	8
1	0.294067316024746	0.333	0.2	1	chr19-3434703-3435729	8
1	0.724687147847453	0.333	0.2	1	chr19-3505108-3507718	8
1	0.726118862023518	0.333	0.2	1	chr19-4061018-4062895	8
1	0.561647636819972	0.333	0.2	1	chr19-4387744-4392112	8
1	0.264530504646266	0.333	0.2	1	chr19-5131803-5132867	8
1	0.635757009998901	0.333	0.2	1	chr19-5325528-5326032	8
1	0.659105409784086	0.333	0.2	1	chr19-5961790-5962698	8
1	0.617788346553363	0.333	0.2	1	chr19-6862672-6864016	8
1	0.402423021190091	0.333	0.2	1	chr19-9791379-9792973	8
1	0.314624064918317	0.333	0.2	1	chr19-9871346-9872435	8
1	0.564114890727744	0.333	0.2	1	chr19-10379892-10381428	8
1	0.529951736637537	0.333	0.2	1	chr19-11373568-11376100	8
1	0.588134250165952	0.333	0.2	1	chr19-11693761-11695517	8
1	0.720034538864225	0.333	0.2	1	chr19-14136193-14139031	8
1	0.308799554587757	0.333	0.2	1	chr19-16568634-16573582	8
1	0.725571218719293	0.333	0.2	1	chr19-16719203-16720293	8
1	0.722907617134838	0.333	0.2	1	chr19-17266623-17268519	8
1	0.40619410072336	0.333	0.2	1	chr19-17282384-17283271	8
1	0.60861248316424	0.333	0.2	1	chr19-17859285-17867397	8
1	0.724898071869729	0.333	0.2	1	chr19-18223914-18225062	8
1	0.442773601362504	0.333	0.2	1	chr19-18293135-18293684	8
1	0.60477702186255	0.333	0.2	1	chr19-18519832-18523062	8
1	0.416740700550278	0.333	0.2	1	chr19-18741117-18742397	8
1	0.648120599962121	0.333	0.2	1	chr19-18986470-18987373	8
1	0.723322584652158	0.333	0.2	1	chr19-21328388-21329816	8
1	0.647714180366762	0.333	0.2	1	chr19-21766673-21767946	8
1	0.484622081453438	0.333	0.2	1	chr19-23438590-23439383	8
1	0.432840983282152	0.333	0.2	1	chr19-29771635-29772389	8
1	0.489445577608242	0.333	0.2	1	chr19-35963499-35964002	8
1	0.725834524718819	0.333	0.2	1	chr19-36136381-36137698	8
1	0.367231373096671	0.333	0.2	1	chr19-36604346-36606060	8
1	0.6832761837716	0.333	0.2	1	chr19-36666083-36667714	8
1	0.490891693077645	0.333	0.2	1	chr19-38070306-38071171	8
1	0.543663118378728	0.333	0.2	1	chr19-38543792-38545137	8
1	0.730641447649087	0.333	0.2	1	chr19-41859097-41861497	8
1	0.646712759159635	0.333	0.2	1	chr19-42401297-42402228	8
1	0.46667524806454	0.333	0.2	1	chr19-44499879-44500958	8
1	0.72306337429809	0.333	0.2	1	chr19-44890111-44891850	8
1	0.264910535082947	0.333	0.2	1	chr19-48468083-48470121	8
1	0.414657783303737	0.333	0.2	1	chr19-48645885-48646974	8
1	0.457637873261534	0.333	0.2	1	chr19-48795049-48795881	8
1	0.351941281038747	0.333	0.2	1	chr19-48899775-48901474	8
1	0.726861173344674	0.333	0.2	1	chr19-50476074-50477201	8
1	0.62847238059144	0.333	0.2	1	chr19-50724228-50726134	8
1	0.359194935564812	0.333	0.2	1	chr19-51687928-51691400	8
1	0.4384295714084	0.333	0.2	1	chr19-53158240-53159606	8
1	0.522309941793982	0.333	0.2	1	chr19-54461387-54465276	8
1	0.589316575933921	0.333	0.2	1	chr19-55674659-55677856	8
1	0.548437180450865	0.333	0.2	1	chr19-57279377-57281469	8
1	0.724133489516134	0.333	0.2	1	chr19-57813482-57815572	8
1	0.33473304508934	0.333	0.2	1	chr20-289389-291216	8
1	0.370156046404212	0.333	0.2	1	chr20-542909-544534	8
1	0.297715757294257	0.333	0.2	1	chr20-2508110-2509766	8
1	0.573924333153017	0.333	0.2	1	chr20-3203021-3205129	8
1	0.723575449920067	0.333	0.2	1	chr20-3819670-3821862	8
1	0.72326308801323	0.333	0.2	1	chr20-4013686-4016091	8
1	0.36634016886794	0.333	0.2	1	chr20-9359438-9360293	8
1	0.725838023058753	0.333	0.2	1	chr20-10469455-10470225	8
1	0.625376681683262	0.333	0.2	1	chr20-10671864-10675130	8
1	0.682505160615762	0.333	0.2	1	chr20-11906599-11907696	8
1	0.55878397074554	0.333	0.2	1	chr20-13994873-13996789	8
1	0.611274595301325	0.333	0.2	1	chr20-17679892-17683046	8
1	0.312489784455615	0.333	0.2	1	chr20-19756768-19758815	8
1	0.28777226623228	0.333	0.2	1	chr20-20593216-20594264	8
1	0.58715018773103	0.333	0.2	1	chr20-21993632-21995039	8
1	0.343554391229835	0.333	0.2	1	chr20-23360716-23363873	8
1	0.34561876266584	0.333	0.2	1	chr20-24165439-24166871	8
1	0.723076749704212	0.333	0.2	1	chr20-24990645-24995546	8
1	0.554500584591562	0.333	0.2	1	chr20-25695546-25697405	8
1	0.595590234018561	0.333	0.2	1	chr20-25852985-25854734	8
1	0.69111963955144	0.333	0.2	1	chr20-33554783-33555562	8
1	0.723308520375993	0.333	0.2	1	chr20-34525393-34527143	8
1	0.641708809530741	0.333	0.2	1	chr20-35283540-35285643	8
1	0.447163050573224	0.333	0.2	1	chr20-35992662-35993297	8
1	0.654296750047688	0.333	0.2	1	chr20-36812630-36814253	8
1	0.655220655630431	0.333	0.2	1	chr20-37191988-37192976	8
1	0.630908554047366	0.333	0.2	1	chr20-38604394-38605597	8
1	0.629918662747887	0.333	0.2	1	chr20-40414312-40416722	8
1	0.422416247973007	0.333	0.2	1	chr20-44217265-44217934	8
1	0.619135784885865	0.333	0.2	1	chr20-49610651-49611591	8
1	0.38286345831618	0.333	0.2	1	chr20-50115142-50116704	8
1	0.613851755545543	0.333	0.2	1	chr20-51350371-51351515	8
1	0.653442779110669	0.333	0.2	1	chr20-51562102-51564375	8
1	0.72746917263053	0.333	0.2	1	chr20-53578616-53581260	8
1	0.431955072186456	0.333	0.2	1	chr20-53915425-53917678	8
1	0.660835884797846	0.333	0.2	1	chr20-56247867-56248510	8
1	0.728560225785117	0.333	0.2	1	chr20-57070961-57071975	8
1	0.636094871648987	0.333	0.2	1	chr20-63105831-63106559	8
1	0.72604895620032	0.333	0.2	1	chr20-63706654-63708916	8
1	0.728929922252716	0.333	0.2	1	chr21-16554338-16556727	8
1	0.50110491961969	0.333	0.2	1	chr21-18004329-18005562	8
1	0.732436914954827	0.333	0.2	1	chr21-21411938-21412673	8
1	0.648676078738043	0.333	0.2	1	chr21-26169007-26171278	8
1	0.57779469127417	0.333	0.2	1	chr21-28884222-28885832	8
1	0.626647080575493	0.333	0.2	1	chr21-29072797-29074476	8
1	0.724047158596628	0.333	0.2	1	chr21-32726573-32728897	8
1	0.293478198066687	0.333	0.2	1	chr21-33914870-33916373	8
1	0.651777604512857	0.333	0.2	1	chr21-36125433-36128360	8
1	0.726552742782087	0.333	0.2	1	chr21-41321649-41323246	8
1	0.390384014355708	0.333	0.2	1	chr21-41520082-41522078	8
1	0.726608468800607	0.333	0.2	1	chr21-41582920-41584212	8
1	0.722467260058891	0.333	0.2	1	chr21-42056161-42059470	8
1	0.392472557214269	0.333	0.2	1	chr21-42737763-42738797	8
1	0.68428432834721	0.333	0.2	1	chr21-43810509-43811552	8
1	0.654185888004272	0.333	0.2	1	chr22-19170642-19176189	8
1	0.315190529283441	0.333	0.2	1	chr22-19291031-19292920	8
1	0.318996405223671	0.333	0.2	1	chr22-19477578-19480431	8
1	0.3084511566753	0.333	0.2	1	chr22-21641247-21643630	8
1	0.462121814006204	0.333	0.2	1	chr22-21665570-21666876	8
1	0.731301699990404	0.333	0.2	1	chr22-24894070-24895972	8
1	0.265418853826107	0.333	0.2	1	chr22-26483098-26484750	8
1	0.590225300537276	0.333	0.2	1	chr22-29812926-29814548	8
1	0.725861408976018	0.333	0.2	1	chr22-30326330-30328206	8
1	0.657799849805932	0.333	0.2	1	chr22-30763702-30764718	8
1	0.354240281588395	0.333	0.2	1	chr22-31290319-31292983	8
1	0.384833199629901	0.333	0.2	1	chr22-36238062-36240116	8
1	0.652986379892911	0.333	0.2	1	chr22-36464775-36466053	8
1	0.454156646463199	0.333	0.2	1	chr22-36468874-36470856	8
1	0.322051529040367	0.333	0.2	1	chr22-37696009-37697334	8
1	0.639261177928793	0.333	0.2	1	chr22-37806912-37808662	8
1	0.636514058599839	0.333	0.2	1	chr22-38505284-38507027	8
1	0.37342395586735	0.333	0.2	1	chr22-38923638-38925097	8
1	0.685915917205913	0.333	0.2	1	chr22-39413513-39415524	8
1	0.656206458706653	0.333	0.2	1	chr22-40370136-40371929	8
1	0.641763044154261	0.333	0.2	1	chr22-41196472-41198643	8
1	0.334119540290555	0.333	0.2	1	chr22-42804549-42806471	8
1	0.279440199125305	0.333	0.2	1	chr22-43013978-43015916	8
1	0.726508357467954	0.333	0.2	1	chr22-43163383-43165114	8
1	0.346442379889487	0.333	0.2	1	chr22-43435863-43436993	8
1	0.702528126130769	0.333	0.2	1	chr22-45313556-45315108	8
1	0.727843681280234	0.333	0.2	1	chr22-45435369-45436180	8
1	0.584552977559046	0.333	0.2	1	chr22-46006125-46008716	8
1	0.300305040336252	0.333	0.2	1	chr22-46295702-46297672	8
1	0.27281015643656	0.333	0.2	1	chr22-49917346-49919037	8
1	0.486182532859577	0.333	0.2	1	chr22-50169603-50170460	8
1	0.729064201875882	0.333	0.2	1	chrX-264744-265650	8
1	0.296603906921118	0.333	0.2	1	chrX-2676848-2680425	8
1	0.406487818617048	0.333	0.2	1	chrX-6184748-6185450	8
1	0.597367141468568	0.333	0.2	1	chrX-7147087-7148976	8
1	0.675951039931693	0.333	0.2	1	chrX-9825114-9826034	8
1	0.724279918592716	0.333	0.2	1	chrX-18983409-18985511	8
1	0.380706508339385	0.333	0.2	1	chrX-21373512-21375244	8
1	0.410210690339773	0.333	0.2	1	chrX-24464575-24465770	8
1	0.724587189884414	0.333	0.2	1	chrX-30652402-30654337	8
1	0.733362630990725	0.333	0.2	1	chrX-36719740-36720333	8
1	0.635848976104717	0.333	0.2	1	chrX-46305871-46306586	8
1	0.420439680958828	0.333	0.2	1	chrX-47200016-47200908	8
1	0.60945086554156	0.333	0.2	1	chrX-47523137-47524004	8
1	0.328140127081878	0.333	0.2	1	chrX-49041784-49044449	8
1	0.395503744547173	0.333	0.2	1	chrX-49058686-49060147	8
1	0.420809195446151	0.333	0.2	1	chrX-49185485-49186874	8
1	0.406138720036753	0.333	0.2	1	chrX-49235180-49235937	8
1	0.56737744714728	0.333	0.2	1	chrX-53421741-53423519	8
1	0.506885127382604	0.333	0.2	1	chrX-53445937-53446412	8
1	0.552846868715166	0.333	0.2	1	chrX-53682291-53685016	8
1	0.340547662719256	0.333	0.2	1	chrX-55160060-55162106	8
1	0.607419853517271	0.333	0.2	1	chrX-55488266-55489555	8
1	0.586972838280166	0.333	0.2	1	chrX-56994678-56996123	8
1	0.578129724756771	0.333	0.2	1	chrX-68827689-68830195	8
1	0.394202168702622	0.333	0.2	1	chrX-70262707-70263466	8
1	0.385485428371188	0.333	0.2	1	chrX-72477662-72480323	8
1	0.587565871298791	0.333	0.2	1	chrX-73561740-73564303	8
1	0.448283760248568	0.333	0.2	1	chrX-77949445-77950478	8
1	0.725320120275615	0.333	0.2	1	chrX-102598700-102600678	8
1	0.309273589137769	0.333	0.2	1	chrX-102720234-102721418	8
1	0.65194579689469	0.333	0.2	1	chrX-115330424-115330908	8
1	0.63496878831808	0.333	0.2	1	chrX-119852191-119853845	8
1	0.726000489041586	0.333	0.2	1	chrX-120485314-120486660	8
1	0.687740482642518	0.333	0.2	1	chrX-120769933-120770329	8
1	0.4244298651181	0.333	0.2	1	chrX-121120556-121122329	8
1	0.724469634161172	0.333	0.2	1	chrX-131703371-131705407	8
1	0.732170346355066	0.333	0.2	1	chrX-136879268-136881318	8
1	0.724497204838005	0.333	0.2	1	chrX-147911130-147912984	8
1	0.470990100349374	0.333	0.2	1	chrX-149362566-149363721	8
1	0.726375007964603	0.333	0.2	1	chrX-154017662-154020671	8
1	0.727012135388147	0.333	0.2	1	chrY-3002348-3004498	8
1	0.252398016226877	0.333	0.2	1	chrY-8673616-8675181	8
1	0.377977556353907	0.333	0.2	1	chrY-11313570-11315424	8
1	0.443380651955975	0.333	0.2	1	chrY-56836391-56845209	8
1	0.663367539927671	0.667	0.6	1	chr7-1159784-1161195	8
1	1.04673952882148	0.667	0.6	1	chr7-30283851-30286529	8
1	0.960452983425983	0.667	0.6	1	chr7-43582370-43584719	8
1	0.856611515695344	0.667	0.6	1	chr7-51313601-51317906	8
1	0.845984260063533	0.667	0.6	1	chr7-51349738-51350952	8
1	0.250555710980819	0.333	0.4	1	chr1-154999692-155008924	8
1	0.367377249683377	0.333	0.4	1	chr2-88626182-88629282	8
1	0.667313785965184	0.333	0.4	1	chr3-52153093-52155631	8
1	0.305386015338902	0.333	0.4	1	chr3-75434143-75437302	8
1	0.254285764206079	0.333	0.4	1	chr5-160118234-160120353	8
1	0.667866338089767	0.333	0.4	1	chr7-1568879-1571264	8
1	0.699268128594332	0.333	0.4	1	chr7-2558491-2560481	8
1	0.682017683057483	0.333	0.4	1	chr7-2843655-2845088	8
1	0.784428053617354	0.333	0.4	1	chr7-4681534-4684663	8
1	0.446856425540519	0.333	0.4	1	chr7-5354387-5355586	8
1	0.723421578943409	0.333	0.4	1	chr7-6050450-6051609	8
1	1.0239887215037	0.333	0.4	1	chr7-6080078-6082044	8
1	0.707611549231347	0.333	0.4	1	chr7-6103859-6106965	8
1	0.366432558948879	0.333	0.4	1	chr7-6459832-6461144	8
1	1.30127931558643	0.333	0.4	1	chr7-6503088-6505095	8
1	0.273486588764734	0.333	0.4	1	chr7-7529052-7529963	8
1	0.778537949511505	0.333	0.4	1	chr7-7565895-7568648	8
1	0.462753736635182	0.333	0.4	1	chr7-16492399-16495887	8
1	0.405634586930353	0.333	0.4	1	chr7-20906163-20907454	8
1	0.666425763310854	0.333	0.4	1	chr7-22350277-22352160	8
1	1.17685936447542	0.333	0.4	1	chr7-23469819-23471963	8
1	0.786306123608429	0.333	0.4	1	chr7-25856046-25858092	8
1	0.389962413680751	0.333	0.4	1	chr7-30845895-30847340	8
1	0.989102058629427	0.333	0.4	1	chr7-36945346-36946968	8
1	0.330120930601537	0.333	0.4	1	chr7-37732149-37733582	8
1	0.632396695073426	0.333	0.4	1	chr7-38222390-38223231	8
1	1.05782491805158	0.333	0.4	1	chr7-41955447-41957333	8
1	1.17022861516911	0.333	0.4	1	chr7-43925470-43927579	8
1	0.412468836914243	0.333	0.4	1	chr7-44038799-44039671	8
1	0.717977314424115	0.333	0.4	1	chr7-44981135-44987543	8
1	0.854357576606991	0.333	0.4	1	chr7-48088166-48090000	8
1	0.701204026255198	0.333	0.4	1	chr7-49345896-49347171	8
1	0.405976597037799	0.333	0.4	1	chr7-55177244-55178808	8
1	0.701226419458114	0.333	0.4	1	chr7-55583481-55585495	8
1	0.407146888484117	0.333	0.4	1	chr7-95608284-95610385	8
1	0.277699141721869	0.333	0.4	1	chr7-135661645-135663503	8
1	0.378510982554741	0.333	0.4	1	chr12-89351261-89354858	8
1	0.510681695455095	0.333	0.4	1	chr13-106532505-106536887	8
1	0.253464412015198	0.333	0.4	1	chr20-62426417-62428165	8
