p_val	avg_log2FC	pct.1	pct.2	p_val_adj	gene	cluster
0.000148428224650331	12.6009795424756	0.29	0	1	chr3-3636255-3637693	4
0.000303357480964326	2.96349527721044	0.355	0.048	1	chr3-132416599-132419011	4
0.000400020923186527	12.0876966489468	0.258	0	1	chr19-45177671-45179969	4
0.000649458777832294	12.3034416426046	0.242	0	1	chr5-38782769-38783692	4
0.000818439951101514	4.39784174439498	0.274	0.024	1	chr1-169128528-169137890	4
0.000857167487786292	2.60075561617155	0.339	0.048	1	chr3-48634494-48636224	4
0.00104715345637996	12.3058402763475	0.226	0	1	chr8-127893709-127897383	4
0.00121303083960372	2.88146266761209	0.306	0.048	1	chr16-30570295-30572705	4
0.00123467059083746	2.29649156202129	0.355	0.071	1	chr1-113389045-113392500	4
0.00123729353189684	1.94247473570433	0.403	0.119	1	chr10-68330796-68333480	4
0.00125097688584734	1.54647860662149	0.5	0.19	1	chr8-73292458-73297578	4
0.00167147085421652	3.52229814418334	0.258	0.024	1	chr15-78298910-78300371	4
0.0016773600480687	12.2267354752297	0.21	0	1	chr1-51616722-51617930	4
0.0016773600480687	12.4334909617496	0.21	0	1	chr1-99788486-99789749	4
0.0016773600480687	12.1616484125173	0.21	0	1	chr3-32780802-32781941	4
0.0016773600480687	12.1718353426398	0.21	0	1	chr7-16812792-16814773	4
0.0016773600480687	12.2759768440563	0.21	0	1	chr7-39648852-39649811	4
0.0016773600480687	12.2161779623785	0.21	0	1	chr20-35171547-35172541	4
0.00168186781355697	2.5996506229435	0.306	0.048	1	chr20-37526279-37528719	4
0.00179285024766581	3.39906870452262	0.258	0.024	1	chr19-17225693-17227380	4
0.00195914659826742	2.27795022394083	0.339	0.071	1	chr20-5118891-5120637	4
0.00197421272364078	2.42954180965402	0.306	0.048	1	chr3-187742065-187746157	4
0.00198594915612283	1.68802023894508	0.387	0.095	1	chr3-130110615-130113761	4
0.00206228768047155	1.99602087116905	0.371	0.095	1	chr2-203238367-203240263	4
0.00228429224596672	2.86723773371661	0.258	0.024	1	chr16-591768-594289	4
0.00234120876865566	2.41717837291299	0.306	0.071	1	chr11-79294711-79295759	4
0.00237469008502041	3.48067673004611	0.242	0.024	1	chr7-47292608-47293709	4
0.00241442168929918	2.46201468251811	0.306	0.071	1	chr3-111858882-111861238	4
0.0026704633665485	12.3953258958849	0.194	0	1	chr1-93755166-93756251	4
0.0026704633665485	12.0914746241313	0.194	0	1	chr5-34486100-34488175	4
0.0026704633665485	11.9500396296899	0.194	0	1	chr6-33730793-33733218	4
0.0026704633665485	11.8593727751261	0.194	0	1	chr11-26331653-26333088	4
0.0026704633665485	11.9770800468389	0.194	0	1	chr17-73576332-73577955	4
0.0026704633665485	12.4326652433207	0.194	0	1	chr19-1400210-1402006	4
0.00303512745703278	2.78802677382219	0.274	0.048	1	chr8-116638948-116641814	4
0.00313221992451935	3.11654597799278	0.242	0.024	1	chr1-10793097-10797156	4
0.00323419276886523	1.71840853617128	0.403	0.143	1	chr14-23285164-23287300	4
0.00323482258606529	2.66294369391348	0.274	0.048	1	chr11-84987349-84988506	4
0.00325664948581478	2.3882461075265	0.29	0.048	1	chr14-64913719-64915226	4
0.00327641421001327	1.94281614928401	0.355	0.095	1	chr9-21801595-21804281	4
0.00347199237324786	2.2270309669206	0.306	0.071	1	chr17-78186291-78188668	4
0.00350113010081351	1.16690230869879	0.548	0.262	1	chr8-109333315-109335422	4
0.00357380189732216	2.15357206664089	0.29	0.048	1	chr17-28945342-28947679	4
0.00358837218555471	2.43029227177911	0.242	0.024	1	chr19-40432916-40434734	4
0.00368457478007683	2.21122343122751	0.306	0.071	1	chr1-28641995-28644506	4
0.00378331767289149	2.36762805825473	0.29	0.071	1	chr2-75646142-75648190	4
0.00401742876871248	2.48410681828017	0.29	0.071	1	chr8-47958776-47962026	4
0.00402490699111688	1.55571053709884	0.419	0.167	1	chr19-7618147-7620648	4
0.0042277075544485	12.0899457923332	0.177	0	1	chr4-28128687-28130772	4
0.0042277075544485	11.9936549868901	0.177	0	1	chr6-104413682-104415943	4
0.0042277075544485	11.5236532231643	0.177	0	1	chr7-139133008-139134540	4
0.0042277075544485	12.5855985695451	0.177	0	1	chr8-18254625-18255361	4
0.0042277075544485	12.4537863566456	0.177	0	1	chr13-20110216-20111046	4
0.0042277075544485	12.5616643393879	0.177	0	1	chr14-39070886-39071662	4
0.0042277075544485	12.0143049625048	0.177	0	1	chr14-105351905-105352717	4
0.0042277075544485	11.9720558252385	0.177	0	1	chr15-47290564-47294212	4
0.0044453336616862	1.79425500483514	0.355	0.095	1	chr2-105037203-105039231	4
0.00465646754222591	1.53059921536637	0.403	0.143	1	chr4-2534813-2538176	4
0.0046703478740757	2.54565898778356	0.258	0.048	1	chr3-16482662-16483600	4
0.0046703478740757	2.73474938857036	0.258	0.048	1	chr4-102759707-102761693	4
0.00485217680905386	2.44685532908588	0.274	0.048	1	chr10-121572560-121574073	4
0.00512953606487603	2.5666911178083	0.258	0.048	1	chr9-98838236-98839256	4
0.0052887241749502	1.58790852591556	0.371	0.095	1	chr3-149812034-149814621	4
0.0052906243697688	1.90022324466235	0.339	0.095	1	chr12-66168396-66170517	4
0.00541605300371421	2.92287216966709	0.226	0.024	1	chr3-50319873-50322318	4
0.00541605300371421	2.92171485047121	0.226	0.024	1	chr4-88630538-88632183	4
0.00561529537810015	3.67760081245276	0.21	0.024	1	chr19-12783692-12787407	4
0.00562914859271937	2.56071851691497	0.258	0.048	1	chr2-85420410-85422255	4
0.00578374625374376	1.90177973030578	0.323	0.095	1	chr1-1162192-1166239	4
0.00585972960977042	1.99181607331646	0.306	0.071	1	chr13-30420826-30422996	4
0.0059861875963922	2.29991918738145	0.258	0.048	1	chr1-223992156-223994125	4
0.00601239543605791	3.4363942104346	0.21	0.024	1	chr5-168963597-168965027	4
0.00601239543605791	3.54338093548367	0.21	0.024	1	chr10-129689142-129691690	4
0.00636350471253456	2.4241402169666	0.258	0.048	1	chr9-26681634-26683727	4
0.00636350471253456	2.40297356788606	0.258	0.048	1	chr15-86402621-86404583	4
0.006434621164777	3.24373620804371	0.21	0.024	1	chr2-3517970-3520196	4
0.006434621164777	3.33878282787923	0.21	0.024	1	chr10-110433395-110434402	4
0.00645167741790985	1.89741940025513	0.323	0.095	1	chr9-127953998-127956226	4
0.00656007566178613	2.43950957740962	0.258	0.048	1	chr7-155204131-155205013	4
0.00665558073345632	3.19576724947484	0.21	0.024	1	chr1-233843417-233844371	4
0.0066593366003328	11.7249755086486	0.161	0	1	chr1-28328324-28329954	4
0.0066593366003328	11.8113311560055	0.161	0	1	chr1-50977465-50978793	4
0.0066593366003328	12.3961996254205	0.161	0	1	chr1-160973101-160974247	4
0.0066593366003328	12.2876098062157	0.161	0	1	chr3-31748290-31749357	4
0.0066593366003328	12.0721746563194	0.161	0	1	chr3-56992039-56993064	4
0.0066593366003328	12.2512180953573	0.161	0	1	chr3-130900557-130901882	4
0.0066593366003328	11.9380355166366	0.161	0	1	chr3-160784387-160785376	4
0.0066593366003328	12.4815990792692	0.161	0	1	chr3-170697681-170698601	4
0.0066593366003328	12.0890559077683	0.161	0	1	chr4-48991188-48993558	4
0.0066593366003328	12.3200977562182	0.161	0	1	chr4-79172267-79173730	4
0.0066593366003328	12.083877523505	0.161	0	1	chr4-183406963-183407710	4
0.0066593366003328	12.1707638111343	0.161	0	1	chr5-59441284-59442721	4
0.0066593366003328	12.1212996491332	0.161	0	1	chr7-143120345-143121645	4
0.0066593366003328	11.8184456327151	0.161	0	1	chr8-3179581-3181412	4
0.0066593366003328	12.1607681173976	0.161	0	1	chr8-15677058-15678065	4
0.0066593366003328	12.3837525011515	0.161	0	1	chr10-72629789-72630594	4
0.0066593366003328	12.3822292431169	0.161	0	1	chr11-12066713-12067610	4
0.0066593366003328	11.7016563510316	0.161	0	1	chr11-111870508-111872200	4
0.0066593366003328	11.5372800142441	0.161	0	1	chr16-67456243-67458030	4
0.0066593366003328	12.2417279452117	0.161	0	1	chr22-38114407-38115106	4
0.00674393080703962	1.76879305331353	0.339	0.095	1	chr15-82538911-82541608	4
0.00688333846442568	3.20462015200725	0.21	0.024	1	chr8-11650678-11651938	4
0.00691870179223982	2.69038582334921	0.242	0.048	1	chr8-42152374-42153965	4
0.00705235431190974	1.67013719065104	0.355	0.119	1	chr13-110705332-110707655	4
0.00730275152358916	1.77914295988183	0.339	0.095	1	chr5-135031435-135035839	4
0.00739768774858872	2.06403450796707	0.29	0.071	1	chr18-12059281-12060873	4
0.00751508918334511	1.29181453496569	0.452	0.19	1	chr15-90934022-90936042	4
0.00753943133362165	1.8930463820156	0.306	0.071	1	chr5-138573579-138576394	4
0.00758813623573522	2.52643823774519	0.242	0.048	1	chr11-67352750-67354140	4
0.00760921821700047	3.07333044289579	0.21	0.024	1	chr1-44587838-44588645	4
0.00781443439362751	1.64238689115536	0.355	0.119	1	chr4-112636487-112638138	4
0.00784415404689677	1.91677468818937	0.306	0.095	1	chr5-157265388-157268640	4
0.00785394394117446	2.24205328684018	0.274	0.071	1	chr11-120814709-120817764	4
0.00786600508302712	2.87738065320919	0.21	0.024	1	chr18-74495352-74497660	4
0.00825399472811778	1.35179706573454	0.403	0.143	1	chr3-98592591-98594391	4
0.00840298423966716	2.8076929809561	0.21	0.024	1	chr5-176837364-176838133	4
0.00840298423966716	2.67332310311156	0.21	0.024	1	chr10-59708914-59710730	4
0.00840298423966716	2.74641892720507	0.21	0.024	1	chr22-11065362-11067724	4
0.00900939794262242	3.39291363634102	0.194	0.024	1	chr13-72726954-72728384	4
0.00900939794262242	3.56622074459538	0.194	0.024	1	chr20-1503504-1504172	4
0.00938102320398764	2.36708130327478	0.242	0.048	1	chr11-32890811-32893880	4
0.00938102320398764	2.37304884096194	0.242	0.048	1	chr22-31345332-31348195	4
0.0095735108108341	2.07179817405452	0.274	0.071	1	chr16-31179064-31183041	4
0.00966262129962852	1.60538036091059	0.339	0.119	1	chr17-21211992-21215341	4
0.00966587300832069	2.23114544958168	0.242	0.048	1	chr12-50400114-50402950	4
0.00995840788944501	2.27141626252458	0.242	0.048	1	chr13-99980030-99984099	4
0.0103005059544957	3.18496262747001	0.194	0.024	1	chr5-15489446-15490486	4
0.0103005059544957	3.23610737570196	0.194	0.024	1	chr16-50099440-50100639	4
0.0104439518198944	11.5920325997138	0.145	0	1	chr3-45779848-45781389	4
0.0104439518198944	12.104793289499	0.145	0	1	chr3-69107543-69109526	4
0.0104439518198944	12.3586048560811	0.145	0	1	chr3-140631123-140631939	4
0.0104439518198944	12.1189407125873	0.145	0	1	chr3-148700190-148700981	4
0.0104439518198944	11.4895303233868	0.145	0	1	chr3-161220546-161222108	4
0.0104439518198944	12.0344368486143	0.145	0	1	chr3-194593031-194594040	4
0.0104439518198944	11.8205831984232	0.145	0	1	chr4-3671680-3672659	4
0.0104439518198944	11.9429481953008	0.145	0	1	chr4-71784050-71785884	4
0.0104439518198944	11.9924619856847	0.145	0	1	chr4-97496133-97497083	4
0.0104439518198944	12.2638086628236	0.145	0	1	chr4-142458576-142459455	4
0.0104439518198944	11.9186029280916	0.145	0	1	chr5-64569605-64571336	4
0.0104439518198944	12.1356499020386	0.145	0	1	chr5-74240692-74241791	4
0.0104439518198944	12.7286626948448	0.145	0	1	chr5-105619560-105620221	4
0.0104439518198944	11.7021202866612	0.145	0	1	chr5-149937104-149940115	4
0.0104439518198944	11.9084119183611	0.145	0	1	chr6-121959384-121960395	4
0.0104439518198944	12.1790599632025	0.145	0	1	chr7-16097715-16099010	4
0.0104439518198944	11.791713950204	0.145	0	1	chr7-23074388-23075819	4
0.0104439518198944	11.3557046233933	0.145	0	1	chr7-23530300-23532650	4
0.0104439518198944	11.8031987205632	0.145	0	1	chr7-28685397-28686658	4
0.0104439518198944	11.6645166089275	0.145	0	1	chr7-30887046-30889870	4
0.0104439518198944	11.7822201873589	0.145	0	1	chr7-72326007-72327147	4
0.0104439518198944	11.699154470738	0.145	0	1	chr7-143967199-143967961	4
0.0104439518198944	11.7641995391934	0.145	0	1	chr8-2025134-2026713	4
0.0104439518198944	11.8555694627489	0.145	0	1	chr8-20800515-20802812	4
0.0104439518198944	11.7373775182873	0.145	0	1	chr8-77213562-77215257	4
0.0104439518198944	11.7984850837444	0.145	0	1	chr9-81492420-81493553	4
0.0104439518198944	12.3076758294091	0.145	0	1	chr9-97870264-97872082	4
0.0104439518198944	11.6204827677267	0.145	0	1	chr9-119801297-119803349	4
0.0104439518198944	12.0880886784258	0.145	0	1	chr10-29791618-29792394	4
0.0104439518198944	11.915984110775	0.145	0	1	chr10-47775645-47776354	4
0.0104439518198944	11.5595316032218	0.145	0	1	chr10-49409919-49411095	4
0.0104439518198944	12.1912556125782	0.145	0	1	chr10-52443271-52444339	4
0.0104439518198944	11.9038636609645	0.145	0	1	chr11-67390822-67392745	4
0.0104439518198944	11.8540940242901	0.145	0	1	chr11-116499091-116499974	4
0.0104439518198944	11.9519809176459	0.145	0	1	chr14-80448009-80449155	4
0.0104439518198944	11.7768801025805	0.145	0	1	chr15-65049183-65049952	4
0.0104439518198944	11.9847326503096	0.145	0	1	chr16-3099663-3100722	4
0.0104439518198944	11.7209830919329	0.145	0	1	chr18-12271357-12272348	4
0.0104439518198944	11.6302654919887	0.145	0	1	chr19-47509258-47513227	4
0.0104439518198944	12.2496731910753	0.145	0	1	chr20-1427321-1428240	4
0.0104439518198944	11.8820599332464	0.145	0	1	chr20-31652772-31654804	4
0.0104439518198944	11.6893594750474	0.145	0	1	chr20-45415725-45416783	4
0.0106479812361416	3.1313985500051	0.194	0.024	1	chr2-161307661-161309173	4
0.0107002386806621	1.97036730104533	0.274	0.071	1	chr1-236147386-236151687	4
0.0107953012348629	1.78497841750632	0.306	0.095	1	chr22-49917346-49919037	4
0.0108838935647252	2.32412423357667	0.242	0.048	1	chr1-160204892-160207111	4
0.0108838935647252	2.25536058763459	0.242	0.048	1	chr3-43104786-43106629	4
0.0108838935647252	2.20818456129788	0.242	0.048	1	chr9-101448965-101449964	4
0.0110058416656531	3.05210674062764	0.194	0.024	1	chr16-794926-796378	4
0.0110058416656531	3.07324424096784	0.194	0.024	1	chr16-2681577-2683412	4
0.0111594534068075	2.58246360796066	0.226	0.048	1	chr4-112112498-112114193	4
0.0112470704530507	1.47343703322811	0.371	0.143	1	chr7-100427912-100430727	4
0.0113269745284869	1.73002588155779	0.323	0.119	1	chr11-6480321-6482325	4
0.0113285227654296	1.60692159166693	0.355	0.143	1	chr9-34988882-34990629	4
0.0113733149942962	1.78359599599773	0.306	0.095	1	chr17-7237442-7240177	4
0.0116211410096039	1.97657084329736	0.274	0.071	1	chr16-88769251-88771541	4
0.0116293475166536	1.36078981131176	0.403	0.19	1	chr7-151027336-151029449	4
0.0116724969595173	1.68927834922134	0.306	0.095	1	chr19-39823616-39825258	4
0.0118032394253961	1.53776890298787	0.339	0.119	1	chr19-14117089-14119111	4
0.0118505904723663	2.48033392331251	0.226	0.048	1	chr6-26215181-26218027	4
0.0118505904723663	2.44080073699394	0.226	0.048	1	chr9-120570945-120573018	4
0.0118505904723663	2.4863917343073	0.226	0.048	1	chr12-7128339-7131597	4
0.0118850474476918	2.11534181424856	0.242	0.048	1	chr1-171484718-171487120	4
0.0120803866663832	1.40811115379992	0.371	0.143	1	chr10-119078537-119081995	4
0.0121443722709519	2.96602668706474	0.194	0.024	1	chr3-28279315-28281269	4
0.0122302752650188	1.14367933671931	0.387	0.143	1	chr1-91020630-91022977	4
0.0125464363883798	2.80794126070978	0.194	0.024	1	chr7-72632527-72633329	4
0.0125464363883798	2.84549959560267	0.194	0.024	1	chr8-104552693-104553990	4
0.0125464363883798	2.90133443922641	0.194	0.024	1	chr10-53142284-53143596	4
0.0125464363883798	2.83716354886432	0.194	0.024	1	chr19-46849113-46851337	4
0.0125970566953569	2.04950569931263	0.242	0.048	1	chr15-52294671-52296306	4
0.0126116929761301	1.84629549492294	0.274	0.071	1	chr7-140923330-140925495	4
0.0126116929761301	1.90597988960216	0.274	0.071	1	chr12-119692482-119693826	4
0.0128509938719021	1.05916448260891	0.468	0.238	1	chr3-51940823-51943579	4
0.012940207561223	1.52727775121946	0.306	0.095	1	chr1-180229005-180232419	4
0.0131599681118195	1.54922353544303	0.323	0.119	1	chr12-750806-755506	4
0.0135303980799142	1.23050354782502	0.403	0.143	1	chr14-80940443-80942553	4
0.0135810086694334	1.43091389281975	0.371	0.167	1	chr14-99601278-99606099	4
0.0136186034971937	1.68798147155406	0.306	0.095	1	chr2-11386910-11390279	4
0.0137471146187009	2.39120382782706	0.226	0.048	1	chr8-102685133-102686654	4
0.0137471146187009	2.31448171242738	0.226	0.048	1	chr11-134607332-134609158	4
0.0140483694197262	1.84987189388968	0.274	0.071	1	chr11-612092-616519	4
0.0142409329322282	1.27078560849562	0.371	0.143	1	chr16-57244169-57246217	4
0.0142946305293611	1.17578801744413	0.468	0.238	1	chr5-80487332-80489014	4
0.0143636121796198	3.26331906294747	0.177	0.024	1	chr2-219057858-219059526	4
0.0143636121796198	3.26528833269787	0.177	0.024	1	chr4-127417617-127418603	4
0.0143636121796198	3.22525643403995	0.177	0.024	1	chr9-114980750-114982050	4
0.0143636121796198	3.64794509603308	0.177	0.024	1	chr12-98370970-98371870	4
0.0143636121796198	3.23936590080627	0.177	0.024	1	chr17-16380400-16381878	4
0.0145232655271101	1.62524956542843	0.323	0.119	1	chr3-53154842-53157119	4
0.0145778071218765	2.30042828729536	0.226	0.048	1	chr7-22082549-22084013	4
0.0145778071218765	2.39414534375887	0.226	0.048	1	chr12-57428924-57431636	4
0.0145778071218765	2.33219669012983	0.226	0.048	1	chr16-78183778-78185226	4
0.0146951202279154	1.65206409189231	0.306	0.095	1	chr7-2171839-2173766	4
0.0148466899267579	3.17866619150685	0.177	0.024	1	chr1-116432744-116433943	4
0.0148466899267579	3.24620695848757	0.177	0.024	1	chr1-205774872-205776002	4
0.0148466899267579	3.10774912292736	0.177	0.024	1	chr2-159614820-159616755	4
0.0149272108807608	1.11891436038127	0.452	0.214	1	chr8-30081035-30083792	4
0.0150095135373652	2.14608232385444	0.226	0.048	1	chr1-181117145-181118569	4
0.015344027139298	3.07242712230695	0.177	0.024	1	chr2-43773730-43775030	4
0.015344027139298	3.13996483917121	0.177	0.024	1	chr4-153248601-153250272	4
0.015344027139298	3.09044465388423	0.177	0.024	1	chr9-131095975-131097985	4
0.0154538278757793	1.52574155387955	0.306	0.095	1	chr22-41832294-41834662	4
0.0157957489163893	1.90700390784986	0.258	0.071	1	chr15-55407283-55409167	4
0.0157957489163893	1.92635488136917	0.258	0.071	1	chr22-41902520-41903830	4
0.0158559717182292	3.0173521846207	0.177	0.024	1	chr3-147334957-147335544	4
0.0158559717182292	3.06284767073147	0.177	0.024	1	chr6-38150307-38151417	4
0.0158559717182292	3.04715914701436	0.177	0.024	1	chr9-37027298-37028170	4
0.0158559717182292	3.05090391477436	0.177	0.024	1	chr17-39952375-39953754	4
0.0159068341429247	2.13169304624462	0.226	0.048	1	chr8-23456107-23458404	4
0.0162468002552758	1.61022697196828	0.306	0.095	1	chr11-121291919-121293813	4
0.0163222183978176	11.5714690302168	0.129	0	1	chr1-10253401-10254379	4
0.0163222183978176	11.6653484610675	0.129	0	1	chr1-21344770-21346221	4
0.0163222183978176	12.0040092963046	0.129	0	1	chr1-160069961-160070979	4
0.0163222183978176	12.281398431607	0.129	0	1	chr1-168665702-168666412	4
0.0163222183978176	11.2137409194862	0.129	0	1	chr1-205352130-205355635	4
0.0163222183978176	11.8940967403888	0.129	0	1	chr2-56191553-56192297	4
0.0163222183978176	11.8736063794677	0.129	0	1	chr2-62195580-62197046	4
0.0163222183978176	10.9988116898995	0.129	0	1	chr2-156435336-156437582	4
0.0163222183978176	11.8896771939952	0.129	0	1	chr2-161710372-161711426	4
0.0163222183978176	11.7795763108874	0.129	0	1	chr2-219526638-219527651	4
0.0163222183978176	11.8962295924484	0.129	0	1	chr3-12983913-12984831	4
0.0163222183978176	11.6807183082371	0.129	0	1	chr3-15557350-15558221	4
0.0163222183978176	11.6456104118879	0.129	0	1	chr3-39189544-39190486	4
0.0163222183978176	11.8400572255582	0.129	0	1	chr3-108619927-108620951	4
0.0163222183978176	11.4885454525281	0.129	0	1	chr3-149282554-149284242	4
0.0163222183978176	11.8277215780666	0.129	0	1	chr3-195063441-195064428	4
0.0163222183978176	11.6705103193124	0.129	0	1	chr4-17636525-17637461	4
0.0163222183978176	12.2327059285469	0.129	0	1	chr4-36740818-36741989	4
0.0163222183978176	11.5850927920092	0.129	0	1	chr4-72348373-72349399	4
0.0163222183978176	11.848941344189	0.129	0	1	chr4-74932540-74933534	4
0.0163222183978176	11.8631074445997	0.129	0	1	chr4-76230208-76232211	4
0.0163222183978176	11.6735240732781	0.129	0	1	chr4-128974040-128974767	4
0.0163222183978176	11.9239258980564	0.129	0	1	chr5-2334557-2335401	4
0.0163222183978176	12.2020665937459	0.129	0	1	chr5-110784846-110785823	4
0.0163222183978176	11.9043150439701	0.129	0	1	chr5-113935201-113935925	4
0.0163222183978176	11.5938383072383	0.129	0	1	chr5-134114131-134115223	4
0.0163222183978176	11.8514894104356	0.129	0	1	chr5-141325928-141326836	4
0.0163222183978176	11.5616449860251	0.129	0	1	chr6-48638161-48639582	4
0.0163222183978176	11.9231100588792	0.129	0	1	chr6-109075792-109076888	4
0.0163222183978176	11.809524627848	0.129	0	1	chr6-127021821-127023791	4
0.0163222183978176	11.3110902571158	0.129	0	1	chr6-137866318-137867997	4
0.0163222183978176	11.8564382199965	0.129	0	1	chr6-161193269-161193997	4
0.0163222183978176	11.9373699219458	0.129	0	1	chr7-36670617-36671301	4
0.0163222183978176	11.7795220809901	0.129	0	1	chr7-38196700-38197476	4
0.0163222183978176	11.6560413286476	0.129	0	1	chr7-39247436-39249121	4
0.0163222183978176	11.3228757835325	0.129	0	1	chr7-55515358-55516880	4
0.0163222183978176	11.5699797253009	0.129	0	1	chr7-65872522-65874570	4
0.0163222183978176	11.2515716502702	0.129	0	1	chr7-117048616-117050691	4
0.0163222183978176	11.5487266418095	0.129	0	1	chr7-117672341-117674974	4
0.0163222183978176	11.6159940008695	0.129	0	1	chr7-140506491-140507598	4
0.0163222183978176	11.8555647115752	0.129	0	1	chr7-148527410-148528083	4
0.0163222183978176	11.8257437981906	0.129	0	1	chr7-150420954-150421665	4
0.0163222183978176	12.4374234476949	0.129	0	1	chr8-1784288-1785124	4
0.0163222183978176	11.6615129070309	0.129	0	1	chr8-22743477-22744477	4
0.0163222183978176	12.3467613792457	0.129	0	1	chr8-88006127-88007470	4
0.0163222183978176	11.7456720158509	0.129	0	1	chr9-16894716-16895959	4
0.0163222183978176	12.5721657320374	0.129	0	1	chr9-74399308-74399853	4
0.0163222183978176	11.5283314415153	0.129	0	1	chr10-22505630-22506618	4
0.0163222183978176	12.349492159825	0.129	0	1	chr10-51488319-51489053	4
0.0163222183978176	11.8427004413706	0.129	0	1	chr10-92105191-92106121	4
0.0163222183978176	11.7124966710003	0.129	0	1	chr11-5600166-5601033	4
0.0163222183978176	11.8383312859056	0.129	0	1	chr11-16810050-16810989	4
0.0163222183978176	12.0592203707969	0.129	0	1	chr11-31643596-31644406	4
0.0163222183978176	11.9750417322953	0.129	0	1	chr11-35182444-35183199	4
0.0163222183978176	11.7245310941861	0.129	0	1	chr11-94183518-94184753	4
0.0163222183978176	12.2111706618543	0.129	0	1	chr11-109999853-110001273	4
0.0163222183978176	12.317850937338	0.129	0	1	chr12-28378537-28379110	4
0.0163222183978176	12.0138360160651	0.129	0	1	chr12-28505406-28506611	4
0.0163222183978176	11.9341031074179	0.129	0	1	chr12-117066591-117067459	4
0.0163222183978176	11.5809135904507	0.129	0	1	chr12-118106820-118107855	4
0.0163222183978176	11.91210316766	0.129	0	1	chr12-120640484-120641785	4
0.0163222183978176	12.06949011294	0.129	0	1	chr15-60074027-60074637	4
0.0163222183978176	11.614541971226	0.129	0	1	chr16-28175290-28176613	4
0.0163222183978176	11.8060166126751	0.129	0	1	chr16-35797804-35799623	4
0.0163222183978176	11.5044663416119	0.129	0	1	chr17-16568464-16569699	4
0.0163222183978176	12.0015607622965	0.129	0	1	chr17-17918982-17920044	4
0.0163222183978176	11.7003793553615	0.129	0	1	chr17-40957959-40958794	4
0.0163222183978176	12.3904007328972	0.129	0	1	chr18-44283378-44284161	4
0.0163222183978176	11.6122701414727	0.129	0	1	chr18-56245650-56247543	4
0.0163222183978176	11.7139615611578	0.129	0	1	chr19-33541428-33542611	4
0.0163222183978176	11.9386528804654	0.129	0	1	chrX-36543363-36544128	4
0.0163513599210164	0.939286145256728	0.548	0.286	1	chr17-7854947-7859082	4
0.0163828775558521	3.02678067125092	0.177	0.024	1	chr3-14730706-14732318	4
0.0163828775558521	3.06818942587014	0.177	0.024	1	chr4-52840497-52842812	4
0.0163828775558521	3.03447697723034	0.177	0.024	1	chr4-57503825-57505276	4
0.0163828775558521	3.03162794052025	0.177	0.024	1	chr5-168589653-168592634	4
0.0165453424506409	1.42746973715123	0.355	0.143	1	chr10-70403392-70406643	4
0.0165453444637541	0.827884210380139	0.548	0.381	1	chr15-78929667-78934770	4
0.0169709847607347	1.61825539298522	0.306	0.119	1	chr9-113409469-113411773	4
0.0170049114060507	0.882692592520849	0.484	0.238	1	chr2-188288901-188294474	4
0.0170753091013126	1.56318568906757	0.306	0.095	1	chr11-65918088-65920742	4
0.0171875720986522	1.12535876604275	0.403	0.167	1	chr22-38753712-38756944	4
0.0173319114997363	0.91719686088199	0.597	0.357	1	chr7-21426481-21428929	4
0.0173412563149415	1.9692716708323	0.226	0.048	1	chr14-92747411-92749139	4
0.0174206406398258	0.899067579877224	0.516	0.31	1	chr17-1713704-1718832	4
0.0174830186617015	2.92187832034635	0.177	0.024	1	chr2-179611805-179613201	4
0.0174830186617015	2.96118014895617	0.177	0.024	1	chr3-159988428-159989380	4
0.0174830186617015	2.84349816702791	0.177	0.024	1	chr10-121993684-121996238	4
0.0174830186617015	2.87982540167336	0.177	0.024	1	chr11-62804117-62806184	4
0.0174830186617015	2.914272494435	0.177	0.024	1	chr12-56266240-56268060	4
0.0174830186617015	2.9697932585847	0.177	0.024	1	chr12-132760097-132762901	4
0.0174830186617015	2.93560405204274	0.177	0.024	1	chr22-40855850-40857787	4
0.0174840612396978	1.50070883280156	0.339	0.143	1	chr1-145890690-145893232	4
0.0177641767836071	1.68830762243599	0.29	0.095	1	chr4-56742252-56744304	4
0.0178285729169347	2.52287974189045	0.21	0.048	1	chr3-170814966-170816111	4
0.0180569918542093	2.88842700292793	0.177	0.024	1	chr9-90102126-90102791	4
0.0180569918542093	2.78463947558568	0.177	0.024	1	chr11-19389601-19390480	4
0.0180569918542093	2.93686770222365	0.177	0.024	1	chr21-29024205-29025923	4
0.0180571489513017	1.86191470610753	0.258	0.071	1	chr20-419325-421514	4
0.0180571489513017	1.88198064790143	0.258	0.071	1	chr22-31753178-31754906	4
0.0180833022038759	1.01820207179692	0.484	0.238	1	chr3-197735896-197737948	4
0.0186474021832622	2.64228240108371	0.177	0.024	1	chr5-32585230-32586517	4
0.0191200223987743	0.861697051485852	0.581	0.31	1	chr17-79828461-79840408	4
0.0191570356016852	1.49409366850749	0.306	0.119	1	chr2-84458370-84460474	4
0.0192047566259252	2.05979384480679	0.242	0.071	1	chr1-226406227-226408664	4
0.0192047566259252	1.90988458636193	0.242	0.071	1	chr20-41086412-41087940	4
0.0192546337685191	2.55967535130416	0.177	0.024	1	chr9-42743245-42744138	4
0.0192546337685191	2.80586423631446	0.177	0.024	1	chr9-136865104-136867048	4
0.0194583900023553	2.30578221064563	0.21	0.048	1	chr5-52491032-52492229	4
0.0194583900023553	2.31648155190941	0.21	0.048	1	chr22-43113078-43115611	4
0.0195460297411217	1.78735600812669	0.258	0.071	1	chr10-28409972-28411320	4
0.0196279094025863	1.65787336412329	0.29	0.095	1	chr17-50943355-50945266	4
0.01979278425679	1.21197655911264	0.387	0.167	1	chr14-73949542-73951329	4
0.0198790768080471	2.72492620271501	0.177	0.024	1	chr1-36463325-36465084	4
0.0198790768080471	2.51114194441862	0.177	0.024	1	chr1-96552101-96553487	4
0.0198790768080471	2.65077008789825	0.177	0.024	1	chr7-46556912-46558179	4
0.0198790768080471	2.68941758347968	0.177	0.024	1	chr13-28545386-28546366	4
0.0198790768080471	2.65842524054218	0.177	0.024	1	chr17-57817773-57818800	4
0.0198790768080471	2.80957336131997	0.177	0.024	1	chr17-79305626-79307645	4
0.0200298654410115	2.32263099608724	0.21	0.048	1	chr9-127714527-127716528	4
0.0200298654410115	2.20643073028331	0.21	0.048	1	chr18-12946852-12949105	4
0.0200298654410115	2.26778988800315	0.21	0.048	1	chr19-35448919-35450239	4
0.020065614434347	1.75880849155813	0.258	0.071	1	chr2-130797203-130798604	4
0.020065614434347	1.70091221653301	0.258	0.071	1	chr3-12966532-12968419	4
0.020065614434347	1.78366834213471	0.258	0.071	1	chr17-2302578-2304509	4
0.0200981165338574	1.58106003535315	0.306	0.119	1	chr18-21110354-21112600	4
0.0205211275817732	2.24239789094859	0.177	0.024	1	chr3-191648472-191649498	4
0.0205211275817732	2.65727891919721	0.177	0.024	1	chr5-107533710-107534679	4
0.0205211275817732	2.21993148169156	0.177	0.024	1	chr7-90766442-90768629	4
0.0205211275817732	2.52452551326568	0.177	0.024	1	chr9-12908677-12909577	4
0.0205211275817732	2.28322501778288	0.177	0.024	1	chr10-24465296-24467503	4
0.0205972130594771	1.79505081114521	0.258	0.071	1	chr12-123632720-123634909	4
0.0205972130594771	1.73143437870706	0.258	0.071	1	chr15-69552987-69555296	4
0.0207875556185142	1.17127630338667	0.355	0.143	1	chr1-155261219-155263057	4
0.0208917632787145	1.65032263224476	0.274	0.095	1	chr19-11528388-11529626	4
0.0210792934122398	1.46873573210498	0.306	0.119	1	chr17-4997079-4999133	4
0.0210792934122398	1.57295045658592	0.306	0.119	1	chr19-38830656-38832727	4
0.0212169023443011	2.20363905613452	0.21	0.048	1	chr8-92812022-92813003	4
0.0212169023443011	2.24802681604516	0.21	0.048	1	chr10-15863474-15865092	4
0.0213727331631664	1.90111659728867	0.242	0.071	1	chr3-183984449-183987786	4
0.0214704068535346	0.971068582348301	0.452	0.238	1	chr1-170073914-170075457	4
0.021714819165798	0.978257775196088	0.532	0.31	1	chr1-151280783-151284083	4
0.0218027731092947	1.42538724302574	0.323	0.119	1	chr3-72847245-72849147	4
0.0218330720776289	2.24136136796445	0.21	0.048	1	chr1-37807117-37809502	4
0.0218330720776289	2.17792009242096	0.21	0.048	1	chr10-93445130-93446737	4
0.0218330720776289	2.24165202369181	0.21	0.048	1	chr11-101113121-101114195	4
0.0218330720776289	2.24289440818204	0.21	0.048	1	chr15-69996455-69998239	4
0.0219469374211177	1.85916642006859	0.242	0.071	1	chr10-43573293-43575196	4
0.0219469374211177	1.961416324564	0.242	0.071	1	chr15-65183614-65186089	4
0.0222663586961161	1.64381138009455	0.258	0.071	1	chr5-134873530-134876456	4
0.0224647550582417	2.19297985539999	0.21	0.048	1	chr1-35807385-35810573	4
0.0224647550582417	2.19749894711839	0.21	0.048	1	chr1-159883788-159884624	4
0.0224647550582417	2.26502497269184	0.21	0.048	1	chr17-17691678-17696077	4
0.0224647550582417	2.08507549961892	0.21	0.048	1	chrX-150982758-150985043	4
0.0227359894873656	1.88036009212584	0.258	0.095	1	chr5-97181865-97184739	4
0.0227433560514821	1.54740025409517	0.29	0.095	1	chr9-128339475-128341883	4
0.022765209602517	3.12411120707846	0.161	0.024	1	chr1-168136161-168137894	4
0.022765209602517	3.16806527015921	0.161	0.024	1	chr3-40467416-40468692	4
0.022765209602517	3.09297782683177	0.161	0.024	1	chr3-101878357-101879776	4
0.022765209602517	3.31704482401227	0.161	0.024	1	chr4-27364395-27366693	4
0.022765209602517	3.50895390678603	0.161	0.024	1	chr4-139773953-139776016	4
0.022765209602517	3.06361274085268	0.161	0.024	1	chr16-28277432-28278473	4
0.0228679935999711	1.61164719271299	0.29	0.119	1	chr22-24951977-24955373	4
0.0230777859415917	1.57617518948939	0.274	0.095	1	chr2-25877254-25879551	4
0.0231122657320513	2.1520176272548	0.21	0.048	1	chr8-82440560-82441457	4
0.0231122657320513	2.09071369346871	0.21	0.048	1	chr12-989725-991859	4
0.0231357219472978	1.81542898685399	0.242	0.071	1	chr12-124386690-124390060	4
0.0231357219472978	1.88416304242565	0.242	0.071	1	chr16-66933493-66935944	4
0.0231674811936524	1.49437606315564	0.306	0.119	1	chr3-194140965-194142955	4
0.0233023653897189	1.5484601292685	0.29	0.095	1	chr9-122939945-122942296	4
0.0233738223045697	1.38375469623642	0.323	0.119	1	chr7-75738394-75740124	4
0.0235162735728263	2.8786657349648	0.161	0.024	1	chr6-144320765-144323265	4
0.0235162735728263	3.08018925798272	0.161	0.024	1	chr7-46539717-46540543	4
0.0235162735728263	2.91142783850183	0.161	0.024	1	chr7-120857461-120858658	4
0.0235162735728263	3.02391448250087	0.161	0.024	1	chr15-50181688-50183068	4
0.0236543810723047	1.6678756522042	0.274	0.095	1	chr17-29176134-29181105	4
0.023750806905065	1.86790582808672	0.242	0.071	1	chr1-84077214-84079203	4
0.023750806905065	1.91300419838004	0.242	0.071	1	chr5-144169649-144171320	4
0.0237759226558503	2.07767883545757	0.21	0.048	1	chr5-59798680-59800709	4
0.0240626915801112	1.0772021237179	0.452	0.214	1	chr10-38009874-38012489	4
0.0240678343527051	1.15804323181323	0.339	0.143	1	chr4-127880098-127882175	4
0.0240981260404228	1.03238479668425	0.435	0.214	1	chr18-32468572-32471701	4
0.0241198524291466	0.925153905424534	0.5	0.31	1	chr14-52550980-52554599	4
0.0242887487195972	2.95220723996531	0.161	0.024	1	chr3-49170607-49172485	4
0.0242887487195972	2.98623110087283	0.161	0.024	1	chr9-134778647-134779750	4
0.0244483269308274	1.31183577408791	0.355	0.167	1	chr1-43357808-43359566	4
0.0244483269308274	1.2467924216898	0.355	0.167	1	chr2-207623855-207626514	4
0.0244560484863206	2.07857713044935	0.21	0.048	1	chr2-73926505-73927409	4
0.0244560484863206	2.07629818884815	0.21	0.048	1	chr17-78012121-78014283	4
0.0245860900333313	0.917979127241668	0.532	0.262	1	chr4-56975835-56980124	4
0.0249048170820499	0.917252378838256	0.484	0.238	1	chr1-246565111-246567992	4
0.0250236466319561	1.88041969841792	0.242	0.071	1	chr2-200962572-200964646	4
0.0250236466319561	1.85500562578482	0.242	0.071	1	chr5-58181221-58184074	4
0.0250515444480283	1.51786093655996	0.29	0.095	1	chr3-126083244-126085087	4
0.0250808407617569	1.17133927261317	0.387	0.167	1	chr7-30025727-30030306	4
0.0250831230677077	3.00925093256209	0.161	0.024	1	chr2-176268976-176270360	4
0.0250831230677077	2.85307292597059	0.161	0.024	1	chr13-54574605-54575326	4
0.0251529699668157	2.14126074964252	0.21	0.048	1	chr2-128090540-128092109	4
0.0251529699668157	1.98271644553084	0.21	0.048	1	chr6-110414698-110416227	4
0.0251529699668157	2.02886445664466	0.21	0.048	1	chr17-21200226-21201788	4
0.0254286930673133	0.942442667273458	0.484	0.262	1	chr4-86593688-86596131	4
0.0254480403455111	11.4020046031347	0.113	0	1	chr1-1908308-1909756	4
0.0254480403455111	11.7225100875581	0.113	0	1	chr1-3336990-3339136	4
0.0254480403455111	11.5724591886245	0.113	0	1	chr1-13760694-13762215	4
0.0254480403455111	11.5959925196095	0.113	0	1	chr1-76079812-76082124	4
0.0254480403455111	11.9639547408191	0.113	0	1	chr1-98087742-98089154	4
0.0254480403455111	11.4377574244207	0.113	0	1	chr1-99456467-99458943	4
0.0254480403455111	11.6755096081934	0.113	0	1	chr1-107280315-107282485	4
0.0254480403455111	11.6941784882875	0.113	0	1	chr1-118479243-118479840	4
0.0254480403455111	11.2661665428397	0.113	0	1	chr1-151546938-151549784	4
0.0254480403455111	11.6236306446248	0.113	0	1	chr1-164605006-164606270	4
0.0254480403455111	11.9193437393133	0.113	0	1	chr1-214520438-214521163	4
0.0254480403455111	11.879852821409	0.113	0	1	chr2-42823126-42824539	4
0.0254480403455111	11.9500838738705	0.113	0	1	chr2-69534402-69535295	4
0.0254480403455111	11.876888169484	0.113	0	1	chr2-77192881-77193458	4
0.0254480403455111	11.834324233021	0.113	0	1	chr2-99065966-99067064	4
0.0254480403455111	11.2783504607025	0.113	0	1	chr2-99656291-99658246	4
0.0254480403455111	11.7885569350623	0.113	0	1	chr2-100887386-100888410	4
0.0254480403455111	11.5975629958349	0.113	0	1	chr2-108616567-108617894	4
0.0254480403455111	11.7355677057984	0.113	0	1	chr2-118812262-118813078	4
0.0254480403455111	11.2002485879243	0.113	0	1	chr2-127293353-127294803	4
0.0254480403455111	11.3849005152373	0.113	0	1	chr2-135201441-135203799	4
0.0254480403455111	11.8726132467804	0.113	0	1	chr2-150485016-150486351	4
0.0254480403455111	11.9752915586926	0.113	0	1	chr2-154375413-154376108	4
0.0254480403455111	11.6893411595142	0.113	0	1	chr2-174771310-174772198	4
0.0254480403455111	12.1197797088532	0.113	0	1	chr2-185172623-185173374	4
0.0254480403455111	12.0986059466064	0.113	0	1	chr2-238096194-238096988	4
0.0254480403455111	11.6944358005865	0.113	0	1	chr3-6621029-6622964	4
0.0254480403455111	11.7810275182875	0.113	0	1	chr3-23019593-23020726	4
0.0254480403455111	11.8108077850008	0.113	0	1	chr3-36282486-36283467	4
0.0254480403455111	11.5416059338361	0.113	0	1	chr3-50309232-50310508	4
0.0254480403455111	11.7275099036312	0.113	0	1	chr3-53374803-53375505	4
0.0254480403455111	12.0440175027021	0.113	0	1	chr3-79366300-79366947	4
0.0254480403455111	11.1655655543281	0.113	0	1	chr3-88083565-88085030	4
0.0254480403455111	12.0784032981797	0.113	0	1	chr3-113907940-113908728	4
0.0254480403455111	11.8693624910286	0.113	0	1	chr3-124998994-124999946	4
0.0254480403455111	12.735917412235	0.113	0	1	chr3-144331863-144332202	4
0.0254480403455111	11.7309667347293	0.113	0	1	chr3-152471688-152472609	4
0.0254480403455111	11.5880083002463	0.113	0	1	chr3-172647599-172649023	4
0.0254480403455111	11.6699873446931	0.113	0	1	chr3-180615994-180617613	4
0.0254480403455111	11.2354200060006	0.113	0	1	chr3-194002694-194004173	4
0.0254480403455111	11.416860269165	0.113	0	1	chr4-7365271-7366818	4
0.0254480403455111	11.9256633332281	0.113	0	1	chr4-31800602-31801323	4
0.0254480403455111	12.338382762896	0.113	0	1	chr4-48090451-48091067	4
0.0254480403455111	12.0340241849045	0.113	0	1	chr4-73917934-73918475	4
0.0254480403455111	11.8330303592918	0.113	0	1	chr4-73945435-73946369	4
0.0254480403455111	11.9311284599597	0.113	0	1	chr4-129333685-129335795	4
0.0254480403455111	11.7855087703877	0.113	0	1	chr4-170122133-170122894	4
0.0254480403455111	12.0344080926248	0.113	0	1	chr4-182090909-182091772	4
0.0254480403455111	11.7942629925914	0.113	0	1	chr5-652580-653544	4
0.0254480403455111	11.8455305745077	0.113	0	1	chr5-6062521-6063359	4
0.0254480403455111	11.5709411818557	0.113	0	1	chr5-14271425-14273679	4
0.0254480403455111	11.786651318348	0.113	0	1	chr5-23219460-23220999	4
0.0254480403455111	11.9131176047332	0.113	0	1	chr5-38607916-38608635	4
0.0254480403455111	11.5036941543127	0.113	0	1	chr5-39624257-39625361	4
0.0254480403455111	11.5233681561642	0.113	0	1	chr5-41835440-41836397	4
0.0254480403455111	11.4361433843402	0.113	0	1	chr5-42106788-42109867	4
0.0254480403455111	11.5576657401373	0.113	0	1	chr5-55656978-55658172	4
0.0254480403455111	11.2736118452155	0.113	0	1	chr5-62143565-62145111	4
0.0254480403455111	11.7943302436669	0.113	0	1	chr5-74631805-74633361	4
0.0254480403455111	12.293915487483	0.113	0	1	chr5-121885548-121886087	4
0.0254480403455111	10.8808560911101	0.113	0	1	chr5-134505642-134507182	4
0.0254480403455111	11.6196003502614	0.113	0	1	chr5-138849269-138850266	4
0.0254480403455111	11.8053792154993	0.113	0	1	chr5-141832539-141833583	4
0.0254480403455111	11.6916711333663	0.113	0	1	chr5-149618433-149619486	4
0.0254480403455111	11.0983013979747	0.113	0	1	chr5-157914368-157916349	4
0.0254480403455111	11.6560108268564	0.113	0	1	chr5-164374950-164375684	4
0.0254480403455111	11.51693659893	0.113	0	1	chr5-170521834-170523827	4
0.0254480403455111	11.4041087313925	0.113	0	1	chr6-7240749-7243904	4
0.0254480403455111	11.6641372449033	0.113	0	1	chr6-43671835-43673469	4
0.0254480403455111	11.6185861263462	0.113	0	1	chr6-125277444-125278334	4
0.0254480403455111	11.8437400354096	0.113	0	1	chr7-122846414-122847152	4
0.0254480403455111	11.549112610365	0.113	0	1	chr7-139016832-139017584	4
0.0254480403455111	11.5777949149522	0.113	0	1	chr8-18899319-18900298	4
0.0254480403455111	12.0331139724569	0.113	0	1	chr8-26655365-26655932	4
0.0254480403455111	11.8736511994819	0.113	0	1	chr8-82561790-82562672	4
0.0254480403455111	11.386876294903	0.113	0	1	chr8-108672959-108674013	4
0.0254480403455111	12.0034612283904	0.113	0	1	chr8-121707342-121709272	4
0.0254480403455111	11.9429885213965	0.113	0	1	chr8-129190959-129192093	4
0.0254480403455111	12.228983641598	0.113	0	1	chr9-12455430-12456068	4
0.0254480403455111	11.772292923572	0.113	0	1	chr9-69086552-69087341	4
0.0254480403455111	11.4404372976783	0.113	0	1	chr9-81548824-81550348	4
0.0254480403455111	12.3641006940121	0.113	0	1	chr9-82119613-82120387	4
0.0254480403455111	11.4925150238468	0.113	0	1	chr9-89685756-89687657	4
0.0254480403455111	11.6344543268419	0.113	0	1	chr9-106964708-106965522	4
0.0254480403455111	11.7821439926256	0.113	0	1	chr9-123162081-123163122	4
0.0254480403455111	12.1727516279793	0.113	0	1	chr9-130268425-130269156	4
0.0254480403455111	11.5215752699317	0.113	0	1	chr9-137487408-137488660	4
0.0254480403455111	11.9192224583181	0.113	0	1	chr10-28902983-28904174	4
0.0254480403455111	11.9894109759237	0.113	0	1	chr10-29129921-29130661	4
0.0254480403455111	11.8418601993264	0.113	0	1	chr10-72726950-72727770	4
0.0254480403455111	11.3929984987146	0.113	0	1	chr10-121245454-121246628	4
0.0254480403455111	11.2743065591334	0.113	0	1	chr10-124863500-124865318	4
0.0254480403455111	11.3728112559369	0.113	0	1	chr11-2419653-2421310	4
0.0254480403455111	11.6887631328212	0.113	0	1	chr11-16893260-16894160	4
0.0254480403455111	11.568538136486	0.113	0	1	chr11-66081406-66082005	4
0.0254480403455111	11.5702189969097	0.113	0	1	chr11-67572253-67573284	4
0.0254480403455111	11.6955933071758	0.113	0	1	chr11-72534426-72536506	4
0.0254480403455111	11.3364229261588	0.113	0	1	chr11-82682143-82683116	4
0.0254480403455111	12.0048934150316	0.113	0	1	chr11-84993355-84993996	4
0.0254480403455111	11.7767446060932	0.113	0	1	chr11-87421119-87421830	4
0.0254480403455111	11.9479462491542	0.113	0	1	chr11-99693766-99694571	4
0.0254480403455111	11.9672526599054	0.113	0	1	chr11-103587669-103588510	4
0.0254480403455111	11.6695760334822	0.113	0	1	chr11-123261227-123262010	4
0.0254480403455111	11.0335313926886	0.113	0	1	chr12-26124581-26127021	4
0.0254480403455111	11.8890071841787	0.113	0	1	chr12-49913946-49914903	4
0.0254480403455111	12.3089599214289	0.113	0	1	chr12-80911196-80912206	4
0.0254480403455111	12.3000669060136	0.113	0	1	chr12-88364788-88365810	4
0.0254480403455111	11.7639048075972	0.113	0	1	chr12-89016870-89017613	4
0.0254480403455111	11.3841489451326	0.113	0	1	chr12-107912109-107913153	4
0.0254480403455111	11.2716891420025	0.113	0	1	chr12-120301797-120302973	4
0.0254480403455111	11.6483074647011	0.113	0	1	chr13-106917689-106918572	4
0.0254480403455111	11.7589075289813	0.113	0	1	chr14-20671749-20672595	4
0.0254480403455111	12.1672449012562	0.113	0	1	chr14-73994507-73995371	4
0.0254480403455111	11.3171911927272	0.113	0	1	chr14-105180369-105182013	4
0.0254480403455111	11.5274328821478	0.113	0	1	chr15-45510544-45512668	4
0.0254480403455111	11.8080608637817	0.113	0	1	chr15-47616727-47617458	4
0.0254480403455111	12.0937213979611	0.113	0	1	chr15-54867958-54868774	4
0.0254480403455111	11.9532402521747	0.113	0	1	chr15-70077418-70079267	4
0.0254480403455111	11.9873707822082	0.113	0	1	chr15-74830764-74831454	4
0.0254480403455111	11.3914041396031	0.113	0	1	chr15-75046540-75047833	4
0.0254480403455111	11.6091407009505	0.113	0	1	chr15-82414464-82415278	4
0.0254480403455111	12.1647503420385	0.113	0	1	chr15-98799220-98799886	4
0.0254480403455111	11.4882120541997	0.113	0	1	chr16-12087641-12088660	4
0.0254480403455111	11.5712750033097	0.113	0	1	chr16-13865893-13866644	4
0.0254480403455111	11.9719735703902	0.113	0	1	chr16-18983596-18984376	4
0.0254480403455111	11.769694826121	0.113	0	1	chr16-71961206-71961894	4
0.0254480403455111	11.5663446261463	0.113	0	1	chr16-85644365-85645834	4
0.0254480403455111	11.7673692038914	0.113	0	1	chr17-16140653-16142069	4
0.0254480403455111	11.5172091111764	0.113	0	1	chr17-27383992-27384975	4
0.0254480403455111	12.3724100278677	0.113	0	1	chr17-27803120-27803636	4
0.0254480403455111	11.7930619180819	0.113	0	1	chr17-39123375-39124298	4
0.0254480403455111	11.8747398652133	0.113	0	1	chr17-39251633-39252521	4
0.0254480403455111	11.3315220286967	0.113	0	1	chr17-40218638-40220428	4
0.0254480403455111	11.8568576035183	0.113	0	1	chr17-40489645-40491426	4
0.0254480403455111	11.402035526478	0.113	0	1	chr17-50684420-50685382	4
0.0254480403455111	11.6759146622988	0.113	0	1	chr17-67605125-67607436	4
0.0254480403455111	11.4033861597374	0.113	0	1	chr17-76500658-76503243	4
0.0254480403455111	11.5062712509058	0.113	0	1	chr18-845003-845868	4
0.0254480403455111	11.3630301139066	0.113	0	1	chr18-3710417-3711560	4
0.0254480403455111	11.935590970634	0.113	0	1	chr18-9262918-9263708	4
0.0254480403455111	11.4612061662755	0.113	0	1	chr18-72993104-72994532	4
0.0254480403455111	11.5377459941605	0.113	0	1	chr19-16956900-16957997	4
0.0254480403455111	11.8367402407693	0.113	0	1	chr19-32349803-32351225	4
0.0254480403455111	11.4744464922724	0.113	0	1	chr19-35124166-35125151	4
0.0254480403455111	11.575735120854	0.113	0	1	chr19-48871997-48873383	4
0.0254480403455111	12.2819893878386	0.113	0	1	chr20-17171539-17172383	4
0.0254480403455111	11.7013073325527	0.113	0	1	chr20-21089276-21090356	4
0.0254480403455111	11.8224617079224	0.113	0	1	chr20-49320327-49320953	4
0.0254480403455111	11.5204493564173	0.113	0	1	chr20-49610651-49611591	4
0.0254480403455111	12.1216640140241	0.113	0	1	chr21-36254035-36254641	4
0.0254480403455111	11.6323832718102	0.113	0	1	chr21-39701655-39702901	4
0.0254480403455111	11.3140652136101	0.113	0	1	chr22-19291031-19292920	4
0.0254480403455111	11.8141110397958	0.113	0	1	chr22-29917173-29917958	4
0.0254480403455111	12.2432089322221	0.113	0	1	chr22-31269738-31270556	4
0.0254480403455111	11.3321979781203	0.113	0	1	chr22-36202691-36204044	4
0.0254480403455111	11.6267591091206	0.113	0	1	chr22-37567024-37567914	4
0.0254480403455111	11.4197207029498	0.113	0	1	chr22-41511562-41513748	4
0.0254480403455111	11.5072186652932	0.113	0	1	chrX-9628699-9629764	4
0.0254480403455111	11.8699894582822	0.113	0	1	chrX-72300049-72301133	4
0.0254597816339127	1.57328064113725	0.274	0.095	1	chr3-171788179-171790715	4
0.0254597816339127	1.54530884907726	0.274	0.095	1	chr5-135323096-135325975	4
0.0256593374360829	1.39660535197983	0.29	0.095	1	chr6-108155351-108157305	4
0.0258670179118697	1.99521009042721	0.21	0.048	1	chr1-154955137-154956917	4
0.02589153094648	2.40670951706898	0.194	0.048	1	chr4-165206613-165208625	4
0.0258998916362346	2.84833348745991	0.161	0.024	1	chr1-100252423-100254074	4
0.0258998916362346	2.92460652722931	0.161	0.024	1	chr8-124137925-124139213	4
0.0258998916362346	2.8391724485781	0.161	0.024	1	chr12-22250623-22252150	4
0.0258998916362346	2.81083873343868	0.161	0.024	1	chr14-37864685-37866310	4
0.0258998916362346	2.7894645085789	0.161	0.024	1	chr14-64971689-64972917	4
0.0258998916362346	2.95036888667249	0.161	0.024	1	chr17-27493908-27495317	4
0.0258998916362346	2.80629791735433	0.161	0.024	1	chr18-503620-504564	4
0.0258998916362346	2.80213002425969	0.161	0.024	1	chr18-14430685-14432720	4
0.0258998916362346	2.86316449528654	0.161	0.024	1	chr19-49084885-49085885	4
0.0263551271382499	1.72276641859178	0.242	0.071	1	chr12-12776052-12776875	4
0.0263571790223245	1.46643007284656	0.29	0.119	1	chr6-135496872-135499086	4
0.0263668259622535	0.874750049907979	0.5	0.286	1	chr3-195441402-195443996	4
0.0265985271893855	1.95818872679156	0.21	0.048	1	chr9-107488290-107490463	4
0.0266359576629745	1.45996311993741	0.306	0.119	1	chr5-132488310-132491552	4
0.0267395564042445	2.74949206075935	0.161	0.024	1	chr2-45610184-45611631	4
0.0267395564042445	2.8254586623216	0.161	0.024	1	chr3-175490585-175492477	4
0.0267395564042445	2.7646387353437	0.161	0.024	1	chr4-98226093-98227870	4
0.0267395564042445	2.75135290971997	0.161	0.024	1	chr5-165238579-165240639	4
0.0267395564042445	2.86147937738222	0.161	0.024	1	chr7-5354387-5355586	4
0.0267395564042445	2.82533307599545	0.161	0.024	1	chr7-31553244-31554317	4
0.0267395564042445	2.82812719208993	0.161	0.024	1	chr9-107336008-107337831	4
0.0267395564042445	2.86187549654494	0.161	0.024	1	chr10-77409556-77410732	4
0.0267395564042445	2.79433080496379	0.161	0.024	1	chr13-51797412-51798572	4
0.0267395564042445	2.7402693087804	0.161	0.024	1	chr19-18321935-18324222	4
0.0267395564042445	2.74501761429819	0.161	0.024	1	chr21-16320990-16322817	4
0.0268926559048678	1.28012745050861	0.339	0.143	1	chr2-86621293-86624493	4
0.026913275562147	1.47029706153667	0.29	0.095	1	chr15-92613896-92615301	4
0.0270435242948639	1.54793210188158	0.242	0.071	1	chr18-80147427-80149132	4
0.0273478367004569	1.99514769354815	0.21	0.048	1	chr3-55620226-55621311	4
0.0273478367004569	1.90301757326172	0.21	0.048	1	chr4-105632649-105633891	4
0.0273478367004569	1.73399769952329	0.21	0.048	1	chr17-28317889-28320089	4
0.0273832038531625	1.59588345355889	0.274	0.095	1	chr8-119207788-119210892	4
0.0276026262712729	2.76160671516487	0.161	0.024	1	chr1-100360639-100361898	4
0.0276026262712729	2.67731435252609	0.161	0.024	1	chr5-177005396-177007478	4
0.0276026262712729	2.81404403741596	0.161	0.024	1	chr9-125549216-125550833	4
0.0276026262712729	2.69440828583468	0.161	0.024	1	chr11-18456714-18458029	4
0.0276026262712729	2.77806404029188	0.161	0.024	1	chr16-31215052-31216231	4
0.0276026262712729	2.73963768187705	0.161	0.024	1	chrX-138011085-138012062	4
0.027679810666139	0.751210014309797	0.629	0.381	1	chr4-2260973-2263147	4
0.0277473875278501	1.679627529078	0.242	0.071	1	chr12-48850986-48853882	4
0.0277473875278501	1.70078407731355	0.242	0.071	1	chr17-47840500-47841822	4
0.0277508713106093	1.63492689750233	0.258	0.095	1	chr1-33054906-33056217	4
0.0280493449609312	1.89227545204903	0.226	0.071	1	chr7-124764859-124766641	4
0.0280516153605662	1.67153424725678	0.274	0.095	1	chr12-56722051-56726056	4
0.0280522737080121	1.31699313926442	0.323	0.119	1	chr15-94230560-94232813	4
0.0281002852375743	1.19713125373866	0.339	0.143	1	chr4-119299230-119301306	4
0.0282114385168332	2.37642943999301	0.194	0.048	1	chr5-134370543-134372814	4
0.0282114385168332	2.20350692598315	0.194	0.048	1	chr17-17696787-17698105	4
0.028216858476118	1.04223421512451	0.403	0.19	1	chr13-77325121-77327762	4
0.028489617012373	2.80087236229357	0.161	0.024	1	chr1-177584991-177586338	4
0.028489617012373	2.65579644656496	0.161	0.024	1	chr2-151260888-151262296	4
0.028489617012373	2.65204774242389	0.161	0.024	1	chr7-28853901-28854823	4
0.028489617012373	2.81948499352706	0.161	0.024	1	chr11-9759281-9760450	4
0.028489617012373	2.52968422224598	0.161	0.024	1	chr11-116312673-116313835	4
0.028489617012373	2.60932593171967	0.161	0.024	1	chr12-12432068-12434569	4
0.028489617012373	2.65906525149412	0.161	0.024	1	chr20-8131468-8132952	4
0.028489617012373	2.76878167412964	0.161	0.024	1	chr20-18692101-18693174	4
0.0287214322762724	1.26644837756907	0.339	0.143	1	chr8-26201194-26205086	4
0.0287931496214113	1.89203105930608	0.226	0.071	1	chr1-160260683-160263404	4
0.0287931496214113	1.87922919356099	0.226	0.071	1	chr17-29123957-29125614	4
0.0288052088216034	0.996185757921432	0.468	0.262	1	chr1-173823555-173825560	4
0.0290235531805927	2.17189913496056	0.194	0.048	1	chr9-87118990-87121118	4
0.0290235531805927	2.25994599598549	0.194	0.048	1	chr10-28463423-28464502	4
0.0290235531805927	2.27252371983377	0.194	0.048	1	chr12-27243752-27245708	4
0.0290235531805927	2.26420173041588	0.194	0.048	1	chr17-77542604-77543518	4
0.0290235531805927	2.31613533344428	0.194	0.048	1	chr20-33908091-33910569	4
0.02905815556489	0.904235308437111	0.484	0.286	1	chr11-2398952-2402183	4
0.0292026143358059	1.70812793370105	0.242	0.071	1	chr2-3504349-3506482	4
0.0292026143358059	1.68559911527323	0.242	0.071	1	chrX-106998625-107000709	4
0.029354366354143	1.29943610207658	0.339	0.143	1	chr12-122870577-122873643	4
0.0294010512276173	2.47509961370304	0.161	0.024	1	chr1-33348295-33351252	4
0.0294010512276173	2.7243155639335	0.161	0.024	1	chr4-138595626-138596605	4
0.0294010512276173	2.7046525856612	0.161	0.024	1	chr9-105156437-105157749	4
0.0294010512276173	2.53004762127351	0.161	0.024	1	chr16-55464971-55466210	4
0.0295538747362428	1.86489713936284	0.226	0.071	1	chr6-139587654-139589483	4
0.0295538747362428	1.95580249403229	0.226	0.071	1	chr19-49817138-49819116	4
0.0297864189116956	1.00037379802443	0.435	0.262	1	chr10-95692938-95694554	4
0.0298557100008621	2.23085201972219	0.194	0.048	1	chr1-176911514-176912925	4
0.0298557100008621	2.124613888442	0.194	0.048	1	chr3-183965967-183967105	4
0.0298635146091591	1.60262189437236	0.258	0.095	1	chr2-25341309-25343062	4
0.0300074600567837	1.1672954874484	0.371	0.167	1	chr9-37602348-37603922	4
0.0303374582859376	2.69944102815392	0.161	0.024	1	chr1-35717654-35719508	4
0.0303374582859376	2.47978999240073	0.161	0.024	1	chr1-54153415-54154497	4
0.0303374582859376	2.54864911601651	0.161	0.024	1	chr4-57029839-57031428	4
0.0303374582859376	2.60945736275421	0.161	0.024	1	chr8-125118135-125119543	4
0.0303374582859376	2.34812526964734	0.161	0.024	1	chr8-140096492-140097589	4
0.0303374582859376	2.50873100404138	0.161	0.024	1	chr10-116627121-116628481	4
0.0303374582859376	2.53918897095064	0.161	0.024	1	chr11-126365303-126367090	4
0.0303793996955908	1.30957736086142	0.323	0.143	1	chr20-41027859-41031893	4
0.0307082972709791	2.20308725056578	0.194	0.048	1	chr8-79890345-79891275	4
0.0307082972709791	2.1844146047908	0.194	0.048	1	chr16-641377-643526	4
0.0307082972709791	2.13588941421888	0.194	0.048	1	chr19-4246509-4247742	4
0.0307230409743264	1.71274329827976	0.242	0.071	1	chr11-74442552-74443748	4
0.0307880291122892	1.11225004619973	0.387	0.19	1	chr10-28302073-28303839	4
0.0309410070540098	1.15037276870181	0.355	0.167	1	chr5-79512106-79515353	4
0.0310007716220005	1.48233532136489	0.29	0.119	1	chr2-113889003-113891516	4
0.0310927160406038	0.94469509597983	0.468	0.262	1	chr15-75638095-75641959	4
0.03129937426319	2.35081595559357	0.161	0.024	1	chr2-112254339-112255532	4
0.03129937426319	2.23551577743896	0.161	0.024	1	chr11-84437055-84438272	4
0.03129937426319	2.53448194778093	0.161	0.024	1	chr12-387647-390172	4
0.0313256589007057	1.24593477069837	0.339	0.143	1	chr4-82889736-82892260	4
0.0313691451693351	1.21158810114625	0.323	0.119	1	chr7-43925470-43927579	4
0.0315817076596586	2.08746215853676	0.194	0.048	1	chr14-91871888-91873309	4
0.0316278707129855	0.772266031855355	0.548	0.31	1	chr7-105008677-105015930	4
0.0319406142268865	1.84202219244814	0.226	0.071	1	chr5-141319904-141321490	4
0.0319406142268865	1.86787279386374	0.226	0.071	1	chr10-73245856-73248117	4
0.0319518725715658	1.35040730605192	0.306	0.119	1	chr12-8025989-8027612	4
0.0321129768429907	1.67774841824455	0.258	0.095	1	chr7-141737097-141739179	4
0.0323109470763226	1.60853820670274	0.242	0.071	1	chr4-37825331-37829119	4
0.0323109470763226	1.7667355182033	0.242	0.071	1	chr6-32852471-32854787	4
0.0324193275778882	0.84932504306126	0.484	0.31	1	chr20-43456726-43460921	4
0.032438091713613	1.35149882454722	0.323	0.143	1	chr4-176318418-176321475	4
0.0324763381694501	2.13074427750098	0.194	0.048	1	chr3-115783834-115785090	4
0.0324763381694501	2.08152121030953	0.194	0.048	1	chr11-64245044-64247830	4
0.0324763381694501	2.0831720254007	0.194	0.048	1	chr12-19128473-19131610	4
0.0326091974921071	1.15651937484064	0.371	0.167	1	chr8-65632942-65635555	4
0.0326860140720444	0.716644595303699	0.532	0.405	1	chr5-1127368-1131472	4
0.0327720782844565	1.82862634614046	0.226	0.071	1	chr19-39125265-39129128	4
0.0331309297645313	1.5519182132823	0.242	0.071	1	chr17-81238273-81240524	4
0.033392590091992	1.9068504107922	0.194	0.048	1	chr9-87973720-87975294	4
0.0334094641481361	1.15296127148936	0.339	0.143	1	chr16-4623983-4626109	4
0.0336220069639195	1.80058109450395	0.226	0.071	1	chr14-22596883-22599829	4
0.0336920095603609	1.58059527081563	0.258	0.095	1	chr8-98043887-98047089	4
0.0339571872590549	1.38447892853234	0.29	0.119	1	chr20-18566583-18568310	4
0.0342348284988376	0.961325373515953	0.387	0.167	1	chrX-64204289-64207310	4
0.0343308689600138	1.7196308109437	0.194	0.048	1	chr12-53674993-53676683	4
0.0343308689600138	1.97957046342743	0.194	0.048	1	chrX-84186615-84188937	4
0.0344907183557556	1.78894484108818	0.226	0.071	1	chr17-39727882-39731068	4
0.0345061199773894	1.58726841296596	0.258	0.095	1	chrX-123959473-123963715	4
0.0347328840013251	1.33828081347257	0.29	0.119	1	chr14-51650757-51653552	4
0.0348636181408553	1.20029842954273	0.339	0.143	1	chr4-90949819-90951762	4
0.0352915844960377	1.97998535656541	0.194	0.048	1	chr10-109922303-109924191	4
0.0352915844960377	2.05297410333014	0.194	0.048	1	chr11-796570-798834	4
0.0352915844960377	2.01551642671815	0.194	0.048	1	chr12-105960142-105960892	4
0.0352915844960377	1.97312963162231	0.194	0.048	1	chr16-83898071-83900263	4
0.0352915844960377	2.08478663112843	0.194	0.048	1	chr18-9333818-9335546	4
0.0353369770625655	1.6097122362957	0.258	0.095	1	chr9-78539656-78540951	4
0.0353785335598642	1.71013002454633	0.226	0.071	1	chr6-36984815-36987562	4
0.0353785335598642	1.73356353018443	0.226	0.071	1	chr7-150428479-150429456	4
0.0355236638840045	1.4803525486704	0.29	0.119	1	chr1-208298204-208300836	4
0.0355455749608894	1.3911871226869	0.274	0.095	1	chr17-51152667-51155043	4
0.0357167513016906	1.30974104864299	0.306	0.119	1	chr4-75939623-75941511	4
0.0357648005375602	1.20186182448791	0.355	0.19	1	chr3-12661924-12665119	4
0.0357757547201382	1.00619864498602	0.435	0.214	1	chr17-49190786-49194003	4
0.0358872460144648	3.04026197210163	0.145	0.024	1	chr1-28881737-28882759	4
0.0358872460144648	3.05739563171824	0.145	0.024	1	chr1-204148455-204149964	4
0.0358872460144648	3.02395124270938	0.145	0.024	1	chr2-121754847-121756994	4
0.0358872460144648	2.90550410856043	0.145	0.024	1	chr4-66606791-66607505	4
0.0358872460144648	2.94407197734097	0.145	0.024	1	chr11-19560254-19561007	4
0.0358872460144648	2.90593897159762	0.145	0.024	1	chr11-34002140-34003077	4
0.0358872460144648	2.92663583814506	0.145	0.024	1	chr12-46650364-46651299	4
0.0358872460144648	2.9960891245394	0.145	0.024	1	chr14-20848467-20849780	4
0.0358872460144648	3.06831510950978	0.145	0.024	1	chr14-90330976-90332581	4
0.0358872460144648	3.0781768844609	0.145	0.024	1	chr16-68091464-68092240	4
0.0358872460144648	3.0789497327202	0.145	0.024	1	chr17-77767896-77770432	4
0.0358872460144648	3.07983319762607	0.145	0.024	1	chr19-40090038-40091392	4
0.0361348692401813	1.17084251777741	0.323	0.143	1	chr5-72319436-72321195	4
0.0361348692401813	1.23732930482107	0.323	0.143	1	chr8-119767170-119769570	4
0.0361848466476252	1.49716302346449	0.258	0.095	1	chr3-42803148-42805469	4
0.0362658804970224	0.681922361820573	0.597	0.405	1	chr4-102824396-102829661	4
0.0362751505577323	1.96002024047391	0.194	0.048	1	chr3-5264730-5266082	4
0.0362751505577323	2.12712177498153	0.194	0.048	1	chr5-33241745-33243798	4
0.0362751505577323	1.99277748185181	0.194	0.048	1	chr6-1069629-1070697	4
0.0362751505577323	2.02814099117403	0.194	0.048	1	chr10-96389712-96391016	4
0.0362751505577323	1.91458059686264	0.194	0.048	1	chr17-78039861-78042090	4
0.036285776648824	1.71536015431778	0.226	0.071	1	chr7-65037576-65040241	4
0.0365832947194787	0.961767776600287	0.419	0.214	1	chr14-20342016-20344585	4
0.0370465408545654	2.88903679498842	0.145	0.024	1	chr1-40848285-40849184	4
0.0370465408545654	3.0959858581885	0.145	0.024	1	chr1-192939163-192940068	4
0.0370465408545654	2.86628074109139	0.145	0.024	1	chr2-226378659-226380096	4
0.0370465408545654	2.87911755244569	0.145	0.024	1	chr4-25099189-25100200	4
0.0370465408545654	2.90727128564421	0.145	0.024	1	chr7-27159814-27161417	4
0.0370465408545654	2.77927149112649	0.145	0.024	1	chr7-128868259-128870009	4
0.0370465408545654	2.91603061978574	0.145	0.024	1	chr9-105557522-105558902	4
0.0370465408545654	2.80270186907783	0.145	0.024	1	chr10-80143619-80145172	4
0.0370465408545654	2.79768085438971	0.145	0.024	1	chr15-48414664-48415955	4
0.0370499968189576	1.56219561396316	0.258	0.095	1	chr6-136249300-136252428	4
0.0371513797845936	1.38920038689856	0.29	0.119	1	chr2-88015585-88017808	4
0.0372127746290728	1.75426364386572	0.226	0.071	1	chr2-197309843-197311871	4
0.0372336580005044	1.29643519779017	0.274	0.095	1	chr18-22913500-22914393	4
0.0372819850798728	1.91331458208112	0.194	0.048	1	chr4-23958712-23960519	4
0.0372819850798728	1.65295668504616	0.194	0.048	1	chr7-156639599-156641678	4
0.0372819850798728	1.9037599926471	0.194	0.048	1	chr17-1489945-1492316	4
0.0372819850798728	1.93287557532962	0.194	0.048	1	chr18-21451887-21454013	4
0.0374776556204142	0.738919638772428	0.548	0.333	1	chr3-31531340-31534524	4
0.037503015031738	1.50433119164541	0.242	0.071	1	chr17-27247076-27248249	4
0.0376395603453399	1.04612929571128	0.387	0.19	1	chr5-141922869-141924740	4
0.0379326978883	1.49954354770338	0.258	0.095	1	chr1-146376193-146378316	4
0.0379326978883	1.52623846993172	0.258	0.095	1	chrX-118344943-118347627	4
0.0381029846564912	1.328766887693	0.274	0.095	1	chr4-56621277-56623254	4
0.0381598573999823	1.77664544908053	0.226	0.071	1	chr2-172426891-172428513	4
0.0381598573999823	1.6965708929908	0.226	0.071	1	chr8-6405326-6407828	4
0.0381598573999823	1.63883641456669	0.226	0.071	1	chr15-49044723-49047066	4
0.0382375719992355	2.79540785491889	0.145	0.024	1	chr1-183528068-183529229	4
0.0382375719992355	2.8847651183533	0.145	0.024	1	chr1-202118582-202120228	4
0.0382375719992355	2.79818267609468	0.145	0.024	1	chr2-47368751-47370317	4
0.0382375719992355	2.82904630073292	0.145	0.024	1	chr4-81069506-81070247	4
0.0382375719992355	2.73183491333332	0.145	0.024	1	chr9-132079226-132080309	4
0.0382375719992355	2.93687066620316	0.145	0.024	1	chr10-103350155-103351709	4
0.0382375719992355	2.81079098501614	0.145	0.024	1	chr11-110710903-110712773	4
0.0382375719992355	2.82452798209014	0.145	0.024	1	chr15-36796899-36797732	4
0.0382375719992355	2.65403052168321	0.145	0.024	1	chr17-42743919-42745512	4
0.0382375719992355	2.77674473603541	0.145	0.024	1	chr18-51330733-51331707	4
0.0382728558871669	0.603172758454958	0.694	0.429	1	chr5-151770452-151774370	4
0.0383125100128627	1.97120389309837	0.194	0.048	1	chr4-108071893-108073201	4
0.0383125100128627	1.88582458255704	0.194	0.048	1	chr16-3716301-3718402	4
0.0383125100128627	2.01403005364739	0.194	0.048	1	chr22-18077420-18079002	4
0.0388614072037899	1.06741600714281	0.355	0.167	1	chr8-29348508-29351542	4
0.0389125900474486	0.872007772052027	0.468	0.262	1	chr11-59753714-59757663	4
0.0391273577108032	1.68301433829658	0.226	0.071	1	chr2-191637464-191638994	4
0.0391273577108032	1.69395089945134	0.226	0.071	1	chr7-75878309-75880517	4
0.0393845307469708	1.32456474509261	0.242	0.071	1	chr9-96853493-96854930	4
0.0393845307469708	1.33210797980194	0.242	0.071	1	chrX-106801866-106803566	4
0.0394023633490112	0.850791113875857	0.387	0.167	1	chr5-72307436-72309065	4
0.0394299330469224	1.70305569400589	0.242	0.095	1	chr9-76904439-76906584	4
0.0394299330469224	1.7459776427446	0.242	0.095	1	chr12-31658345-31660351	4
0.0394610030004774	2.8461726243756	0.145	0.024	1	chr1-181250329-181251957	4
0.0394610030004774	2.78082096662797	0.145	0.024	1	chr2-158802224-158803656	4
0.0394610030004774	2.73554196050765	0.145	0.024	1	chr4-98338445-98339462	4
0.0394610030004774	2.79765237379475	0.145	0.024	1	chr5-1867263-1868122	4
0.0394610030004774	2.72788891002748	0.145	0.024	1	chr15-40289088-40290233	4
0.0394610030004774	2.78648512037062	0.145	0.024	1	chr17-37146783-37148741	4
0.0394610030004774	2.62700893042966	0.145	0.024	1	chr18-568326-569450	4
0.0395544205990403	1.15254550126954	0.339	0.143	1	chr18-9913112-9915519	4
0.0397518449088511	1.50799742243347	0.258	0.095	1	chr16-2497027-2499618	4
0.0397518449088511	1.47212833183042	0.258	0.095	1	chr20-35318136-35320110	4
0.039893496240129	1.35925275015349	0.274	0.095	1	chr19-38315163-38316745	4
0.0401156111154586	1.68405511505699	0.226	0.071	1	chr1-11483656-11486656	4
0.0401156111154586	1.68398795590748	0.226	0.071	1	chr4-54781201-54782687	4
0.0401156111154586	1.6663928041804	0.226	0.071	1	chrX-1591188-1593380	4
0.0401849240147986	1.22126262029698	0.323	0.143	1	chr2-131491042-131494984	4
0.0404463385978706	1.76584887883395	0.194	0.048	1	chr2-159285654-159287571	4
0.0404463385978706	1.8065229013797	0.194	0.048	1	chr7-87375428-87376535	4
0.0404792543264699	0.873003959898123	0.355	0.143	1	chr5-66595729-66598527	4
0.0407175044440459	2.66230656761742	0.145	0.024	1	chr1-41239829-41242940	4
0.0407175044440459	2.64431469246498	0.145	0.024	1	chr1-47780633-47781925	4
0.0407175044440459	2.65282187858157	0.145	0.024	1	chr1-73065380-73066193	4
0.0407175044440459	2.63285678630066	0.145	0.024	1	chr2-96763406-96764849	4
0.0407175044440459	2.66989201248365	0.145	0.024	1	chr3-31905819-31906818	4
0.0407175044440459	2.65322736883208	0.145	0.024	1	chr3-124520573-124521743	4
0.0407175044440459	2.72669591423383	0.145	0.024	1	chr11-9126700-9128013	4
0.0407175044440459	2.67917147300421	0.145	0.024	1	chr19-8387743-8388670	4
0.0407175044440459	2.6604066639074	0.145	0.024	1	chrX-132119557-132120581	4
0.0411249559251625	1.59858900187621	0.226	0.071	1	chr1-100265405-100267390	4
0.0411249559251625	1.66753029276038	0.226	0.071	1	chr9-109729741-109730921	4
0.0412326146028723	1.11005722592223	0.339	0.143	1	chr18-47929638-47933135	4
0.041349429323924	1.59769902977047	0.242	0.095	1	chr2-126971146-126972632	4
0.0415505056265585	1.75269730841091	0.194	0.048	1	chr10-28263040-28264220	4
0.0418344045486932	2.24979859800801	0.177	0.048	1	chr1-2198462-2199965	4
0.0420077537981846	2.67546431625073	0.145	0.024	1	chr1-79373234-79374335	4
0.0420077537981846	2.56048198503472	0.145	0.024	1	chr2-227405887-227407130	4
0.0420077537981846	2.65187204063216	0.145	0.024	1	chr5-103359430-103361047	4
0.0420077537981846	2.65100733511758	0.145	0.024	1	chr5-135887134-135887991	4
0.0420077537981846	2.70351376191178	0.145	0.024	1	chr8-22009553-22011268	4
0.0420077537981846	2.59969899549632	0.145	0.024	1	chr8-143430400-143431543	4
0.0420077537981846	2.6795998025591	0.145	0.024	1	chr10-34813778-34816182	4
0.0420077537981846	2.64091527553797	0.145	0.024	1	chr11-67269503-67272505	4
0.0420077537981846	2.64619110287095	0.145	0.024	1	chr12-26112465-26114918	4
0.0420077537981846	2.62135775312671	0.145	0.024	1	chr15-45064152-45064869	4
0.0421557331588413	1.72632966548948	0.226	0.071	1	chr7-101813905-101818089	4
0.0421683602558392	1.41305652025684	0.274	0.119	1	chr12-8037967-8039509	4
0.0425995172783877	1.21225603532731	0.339	0.167	1	chr1-156727781-156729440	4
0.042619079395776	1.42028419207031	0.258	0.095	1	chr12-11648430-11651361	4
0.042619079395776	1.47140623754011	0.258	0.095	1	chr17-64773607-64774998	4
0.042619079395776	1.4990498822119	0.258	0.095	1	chr19-56110233-56112375	4
0.0426218107441542	0.916898302360009	0.419	0.214	1	chr8-143941641-143944440	4
0.0426800896717519	1.79397003556957	0.194	0.048	1	chr18-36246687-36247769	4
0.0426800896717519	1.90120607580461	0.194	0.048	1	chrX-71181523-71182689	4
0.0427875798471493	1.01030883623832	0.387	0.214	1	chr7-132249456-132252433	4
0.0427950382923193	1.15225355266723	0.323	0.143	1	chr1-222710299-222714469	4
0.0428622624506108	1.11874147703329	0.355	0.19	1	chr1-154982511-154985133	4
0.0429197028440678	0.820433768698658	0.468	0.286	1	chr5-172004934-172007960	4
0.0430079244898557	2.20241211818931	0.177	0.048	1	chr5-174503198-174504597	4
0.0430079244898557	2.16411145161169	0.177	0.048	1	chr6-143058957-143062251	4
0.043116788053721	1.38173427084257	0.274	0.119	1	chr2-144331238-144333333	4
0.0432082864913403	1.53114529579136	0.226	0.071	1	chr2-25078111-25079533	4
0.0432082864913403	1.59504127210866	0.226	0.071	1	chr16-28182940-28184292	4
0.043332435253593	2.55066933230882	0.145	0.024	1	chr1-29105753-29106693	4
0.043332435253593	2.65660596908645	0.145	0.024	1	chr2-100902653-100904328	4
0.043332435253593	2.65215815428083	0.145	0.024	1	chr3-184144216-184145861	4
0.043332435253593	2.47882214595282	0.145	0.024	1	chr5-167319478-167320916	4
0.043332435253593	2.61056246374661	0.145	0.024	1	chr6-13327678-13329206	4
0.043332435253593	2.56545418665267	0.145	0.024	1	chr7-140810795-140811753	4
0.043332435253593	2.53368434000884	0.145	0.024	1	chr10-21516117-21518532	4
0.043332435253593	2.62399842110171	0.145	0.024	1	chr10-79048753-79049859	4
0.043332435253593	2.5625281460429	0.145	0.024	1	chr15-40340049-40341405	4
0.043332435253593	2.56052605972509	0.145	0.024	1	chr18-34978167-34979857	4
0.043332435253593	2.59459211589931	0.145	0.024	1	chr20-13017191-13018769	4
0.0433474832397234	1.61273504005794	0.242	0.095	1	chr2-112541433-112543843	4
0.0433573372844704	1.31894320651991	0.29	0.119	1	chr2-10119843-10123258	4
0.0434865400540379	1.01724892973592	0.371	0.19	1	chr1-212857042-212859266	4
0.0438355317165936	1.60690370479054	0.194	0.048	1	chr1-159667947-159669850	4
0.0442091488301056	2.08775176573801	0.177	0.048	1	chr10-59361839-59363518	4
0.0442091488301056	2.04434353981326	0.177	0.048	1	chr15-40333866-40335787	4
0.044282962199392	1.57615934976722	0.226	0.071	1	chr19-57410654-57411853	4
0.0442866909132272	0.769995970391513	0.532	0.333	1	chr3-75434143-75437302	4
0.044376721452611	1.56324133659588	0.242	0.095	1	chr10-110871100-110873734	4
0.0446922395545252	2.51308867285342	0.145	0.024	1	chr3-127671705-127673992	4
0.0446922395545252	2.45892789531095	0.145	0.024	1	chr3-173618494-173619197	4
0.0446922395545252	2.57710240609321	0.145	0.024	1	chr4-104814886-104816265	4
0.0446922395545252	2.56876520467557	0.145	0.024	1	chr4-116342241-116343009	4
0.0446922395545252	2.39733692052292	0.145	0.024	1	chr6-42050097-42051413	4
0.0446922395545252	2.29462250369422	0.145	0.024	1	chr6-128598129-128599845	4
0.0446922395545252	2.53814544209971	0.145	0.024	1	chr6-168162285-168163882	4
0.0446922395545252	2.52800319765218	0.145	0.024	1	chr8-87013839-87016227	4
0.0446922395545252	2.3916316341934	0.145	0.024	1	chr11-47466530-47468997	4
0.0446922395545252	2.57424608020403	0.145	0.024	1	chr11-68003447-68004432	4
0.0446922395545252	2.34415546704562	0.145	0.024	1	chr12-39619394-39621153	4
0.0446922395545252	2.46552274800613	0.145	0.024	1	chr13-23433078-23434002	4
0.0446922395545252	2.53646468714797	0.145	0.024	1	chr16-79599349-79602610	4
0.0446922395545252	2.4251808640311	0.145	0.024	1	chr20-60271558-60273824	4
0.0448755063229914	1.04895418154164	0.387	0.19	1	chr10-58266585-58270349	4
0.0450172763165108	1.65004702660897	0.194	0.048	1	chr3-53879759-53882666	4
0.0450677952742309	1.35004953876629	0.274	0.119	1	chr19-1811967-1813515	4
0.0452836926067129	1.22552134327717	0.29	0.119	1	chr10-80077705-80079951	4
0.0454385681452555	2.18288281917599	0.177	0.048	1	chr8-41597932-41598950	4
0.0454385681452555	2.11665154431369	0.177	0.048	1	chr8-128027280-128028881	4
0.0454385681452555	2.08576076524107	0.177	0.048	1	chr19-9784549-9786385	4
0.0454385681452555	2.06826716768099	0.177	0.048	1	chr19-55634491-55636078	4
0.0456592848556047	1.42917411555212	0.258	0.095	1	chr7-20329186-20331370	4
0.0456988319775778	1.17724176218919	0.274	0.095	1	chr8-85176408-85178923	4
0.0459444140157734	0.974333173443381	0.403	0.238	1	chr3-158722594-158724461	4
0.0460878638209267	2.46012846147701	0.145	0.024	1	chr1-77030724-77032526	4
0.0460878638209267	2.47640617249108	0.145	0.024	1	chr4-22316965-22317966	4
0.0460878638209267	2.42927782593834	0.145	0.024	1	chr5-91663542-91664324	4
0.0460878638209267	2.41193351983018	0.145	0.024	1	chr6-33831095-33831636	4
0.0460878638209267	2.38702770829476	0.145	0.024	1	chr7-5189660-5191043	4
0.0460878638209267	2.27864593758368	0.145	0.024	1	chr7-149882406-149884881	4
0.0460878638209267	2.44196189179484	0.145	0.024	1	chr11-73680582-73681500	4
0.0460878638209267	2.51199181535505	0.145	0.024	1	chr19-17718683-17720629	4
0.0460878638209267	2.29080389750417	0.145	0.024	1	chr21-16371746-16380532	4
0.0460878638209267	2.43172428755048	0.145	0.024	1	chrX-71253755-71255830	4
0.0460878638209267	2.2681892514414	0.145	0.024	1	chrX-107675773-107677608	4
0.0464971433409325	1.52397910631695	0.242	0.095	1	chr5-54516916-54518684	4
0.0464971433409325	1.51958462717259	0.242	0.095	1	chr5-60944271-60946549	4
0.0465000785185413	1.61280303092058	0.226	0.071	1	chr7-142812783-142815600	4
0.0465000785185413	1.58475552386667	0.226	0.071	1	chr14-64703821-64707241	4
0.0466966769410406	2.0601664311141	0.177	0.048	1	chr5-65984033-65987543	4
0.0466966769410406	2.14455421635315	0.177	0.048	1	chr19-36378107-36379670	4
0.0466966769410406	2.04419853530876	0.177	0.048	1	chr20-11216845-11218422	4
0.0466966769410406	2.15031907308595	0.177	0.048	1	chr21-46457498-46459398	4
0.0466966769410406	2.05802636455516	0.177	0.048	1	chr22-37685994-37687374	4
0.0466966769410406	2.0649016964002	0.177	0.048	1	chr22-41412892-41415184	4
0.0467124588459185	1.43163705204172	0.258	0.095	1	chr3-128725536-128730019	4
0.0467124588459185	1.39132873414588	0.258	0.095	1	chr19-23273009-23274810	4
0.0471225962494436	1.12758299068975	0.339	0.167	1	chr4-185208692-185212051	4
0.0472098759118046	1.17560503103259	0.306	0.143	1	chr3-54353376-54357742	4
0.0474634265664261	1.16196639534984	0.323	0.143	1	chr10-35126185-35128252	4
0.0475200113615213	2.09868248833977	0.145	0.024	1	chr3-150278226-150279479	4
0.0475200113615213	1.7303866806673	0.145	0.024	1	chr4-105585143-105588099	4
0.0475200113615213	2.33068952839829	0.145	0.024	1	chr7-114020893-114022040	4
0.0475200113615213	2.34814951236131	0.145	0.024	1	chr9-16299032-16300361	4
0.0475200113615213	2.3608129058806	0.145	0.024	1	chr9-18873013-18873687	4
0.0475200113615213	1.94549617207122	0.145	0.024	1	chr9-92808462-92809579	4
0.0475200113615213	2.24300838948257	0.145	0.024	1	chr9-127583228-127584780	4
0.0475344939099549	0.926673155338712	0.387	0.19	1	chr5-154842385-154845813	4
0.0476859066193359	0.917617995654737	0.419	0.214	1	chr11-64268330-64272010	4
0.0479227214265022	0.955887758140381	0.371	0.19	1	chr5-40678476-40680522	4
0.0479839735455671	1.95880091054365	0.177	0.048	1	chr3-3991907-3993234	4
0.0479839735455671	1.9992581770489	0.177	0.048	1	chr9-34701046-34702600	4
0.0484780459681367	1.6956587966383	0.21	0.071	1	chr1-28552226-28554008	4
0.048702213694358	1.51828075463369	0.242	0.095	1	chr11-36508782-36510824	4
0.0487683730611361	0.923046431132995	0.403	0.214	1	chr7-93231280-93233050	4
0.0488382865792037	1.3639074649808	0.29	0.143	1	chr1-167552722-167554557	4
0.0488802060278497	1.33338721320664	0.258	0.095	1	chr22-29766080-29768692	4
0.0488802060278497	1.37894109102121	0.258	0.095	1	chrX-18983409-18985511	4
0.0491936285775268	1.24892532445899	0.274	0.119	1	chr15-100600751-100603473	4
0.0493009599971931	2.08961188471126	0.177	0.048	1	chr11-65887451-65889128	4
0.0493009599971931	1.9608160849342	0.177	0.048	1	chr13-106566626-106568692	4
0.0494471289475698	1.14875573652735	0.323	0.143	1	chr7-73577337-73579396	4
0.049837269875906	1.53972227739459	0.242	0.095	1	chr5-112338280-112339613	4
0.0500004709073872	1.48709087069074	0.226	0.071	1	chr14-38866039-38870081	4
0.0500255539106101	1.12448799767818	0.339	0.167	1	chr5-123511341-123513651	4
0.0502423677795739	1.19867604961216	0.306	0.143	1	chr1-51517278-51519754	4
0.0504173700289298	1.26010315297585	0.29	0.119	1	chr5-39072960-39075397	4
0.0504647785375272	0.875543828595203	0.323	0.143	1	chr9-4792057-4795394	4
0.050616234350088	0.881929100747165	0.403	0.214	1	chr3-128094236-128095864	4
0.0506481419278142	1.99575871551944	0.177	0.048	1	chr3-128097599-128099026	4
0.0506481419278142	1.99314220835669	0.177	0.048	1	chr11-123530651-123531838	4
0.0506481419278142	1.8546380826952	0.177	0.048	1	chr17-50914823-50915837	4
0.0509321689217462	1.27333581679697	0.29	0.143	1	chr6-144215347-144217673	4
0.0509322070388283	1.71292536476601	0.21	0.071	1	chr1-39158002-39159651	4
0.0510259261857627	1.09252619092567	0.339	0.167	1	chr2-219175932-219179119	4
0.0511156030993416	1.11979389149468	0.355	0.19	1	chr5-126422773-126424310	4
0.0511317771361843	1.33073462091222	0.258	0.095	1	chr2-200525604-200527054	4
0.0512152910063359	1.46343429386264	0.226	0.071	1	chr2-44360792-44363093	4
0.0512152910063359	1.48614605387683	0.226	0.071	1	chr7-101899559-101901075	4
0.0512152910063359	1.45850392491055	0.226	0.071	1	chr14-23129567-23131315	4
0.0512888013788397	1.29211414721815	0.306	0.143	1	chr5-138337237-138339783	4
0.0513751958251461	1.0283706939567	0.355	0.167	1	chr1-52364430-52366967	4
0.051561944747312	0.902194960725863	0.403	0.214	1	chr5-149357293-149359675	4
0.0515773997236281	1.04834502639832	0.339	0.143	1	chr3-139533751-139536030	4
0.0517089636554135	0.96200525950858	0.387	0.214	1	chr5-44808290-44810330	4
0.0520260284415228	1.89229290726198	0.177	0.048	1	chr1-181936881-181937902	4
0.0520260284415228	1.87202827983404	0.177	0.048	1	chr2-39123774-39125233	4
0.0520260284415228	1.90080140591147	0.177	0.048	1	chr3-24212485-24215223	4
0.0520260284415228	1.9514677089426	0.177	0.048	1	chr8-12658873-12659937	4
0.0520260284415228	2.00541516258691	0.177	0.048	1	chr12-1605077-1608633	4
0.0520260284415228	2.01278333833307	0.177	0.048	1	chr20-1324693-1326444	4
0.052173996408617	1.48035388203496	0.242	0.095	1	chr1-39901232-39902845	4
0.052173996408617	1.43984212137012	0.242	0.095	1	chr4-98661435-98663292	4
0.052173996408617	1.46847210598923	0.242	0.095	1	chr15-80988971-80990451	4
0.052197793388933	1.70436459800416	0.21	0.071	1	chr3-57014299-57015763	4
0.052197793388933	1.60126360380841	0.21	0.071	1	chr5-135857420-135858683	4
0.0523854588019401	1.06557602457997	0.355	0.167	1	chr20-4936641-4938329	4
0.052454725254645	1.40154726296608	0.226	0.071	1	chr17-17041114-17044030	4
0.0530082058882244	0.846509821843365	0.419	0.19	1	chr11-82899690-82903083	4
0.0533763010147997	1.53003395558877	0.242	0.095	1	chr4-127781278-127783788	4
0.0534058019214419	0.798380627061423	0.452	0.262	1	chr1-205629787-205633795	4
0.0534351319886195	1.83782320880416	0.177	0.048	1	chr1-114580984-114582379	4
0.0534351319886195	1.92636576181785	0.177	0.048	1	chr3-105610514-105612251	4
0.0534351319886195	1.86468068372196	0.177	0.048	1	chr17-4638543-4639863	4
0.0534351319886195	1.8142332716893	0.177	0.048	1	chr19-40569991-40571397	4
0.0534364526554273	1.20967472790357	0.306	0.143	1	chr10-132536114-132542823	4
0.0534364526554273	1.25937453560191	0.306	0.143	1	chr11-46272093-46274722	4
0.0534364526554273	1.19504441050654	0.306	0.143	1	chr16-19520729-19522740	4
0.0534695459435036	1.32368883653136	0.258	0.095	1	chr3-157369138-157371240	4
0.0534695459435036	1.29801566035413	0.258	0.095	1	chr6-136549139-136551523	4
0.0534895736440918	1.72831342968565	0.21	0.071	1	chr1-89261424-89263133	4
0.0534895736440918	1.69926203689259	0.21	0.071	1	chr8-124538000-124540042	4
0.0534895736440918	1.68739991310949	0.21	0.071	1	chr15-45521369-45523731	4
0.0534895736440918	1.71006819357763	0.21	0.071	1	chr15-101397434-101398969	4
0.0536318539613393	1.29066681328381	0.274	0.119	1	chr15-42155548-42157146	4
0.0536547480651241	1.03901716852236	0.306	0.119	1	chr8-22244326-22246308	4
0.0545381341743776	1.21300772487187	0.306	0.143	1	chr5-148849481-148851987	4
0.0545381341743776	1.09270867760716	0.306	0.143	1	chr7-106283702-106286027	4
0.0545381341743776	1.18319124229874	0.306	0.143	1	chr20-62385515-62391808	4
0.0546016588771018	1.48739571131706	0.242	0.095	1	chr7-23334116-23336112	4
0.0546016588771018	1.45069408384985	0.242	0.095	1	chr22-30590726-30592728	4
0.0546662414334272	0.915631867698866	0.371	0.167	1	chr4-169658164-169660883	4
0.0546715033615317	1.25438677468955	0.258	0.095	1	chr7-102363224-102364780	4
0.0546715033615317	1.30249686611177	0.258	0.095	1	chr9-137484829-137486024	4
0.054749248553541	1.09823997494227	0.323	0.167	1	chr10-121899683-121901431	4
0.0547922159105739	1.24485350920056	0.274	0.119	1	chr12-108730539-108732621	4
0.0548079431510672	1.6506397781415	0.21	0.071	1	chr2-219294485-219295486	4
0.0548079431510672	1.56273204040852	0.21	0.071	1	chr17-10119444-10120427	4
0.054875968234953	1.78274527895454	0.177	0.048	1	chr2-230219376-230220794	4
0.054875968234953	1.83592156182538	0.177	0.048	1	chr5-43571959-43573346	4
0.054875968234953	1.7825134895094	0.177	0.048	1	chr6-156685822-156688136	4
0.054875968234953	1.84222031359259	0.177	0.048	1	chr14-103056531-103058537	4
0.0558503913216801	1.39996013453187	0.242	0.095	1	chr6-3138826-3140097	4
0.0559734387448121	1.26153130093551	0.274	0.119	1	chr9-35517710-35519731	4
0.0561532994129397	1.5940858994067	0.21	0.071	1	chr5-134523819-134528518	4
0.0561532994129397	1.56662608698189	0.21	0.071	1	chr5-159098962-159100863	4
0.0562238706410734	0.859192887165206	0.403	0.238	1	chr8-18082947-18085461	4
0.0563017059764517	2.84120557897279	0.129	0.024	1	chr1-107702305-107703937	4
0.0563017059764517	2.78249452751545	0.129	0.024	1	chr1-146938091-146939668	4
0.0563017059764517	2.86715021427928	0.129	0.024	1	chr1-162036659-162037762	4
0.0563017059764517	2.77100633673261	0.129	0.024	1	chr1-208652188-208652925	4
0.0563017059764517	2.76519007263364	0.129	0.024	1	chr2-203649740-203651811	4
0.0563017059764517	3.05672638009404	0.129	0.024	1	chr3-40086996-40089931	4
0.0563017059764517	2.89262317626214	0.129	0.024	1	chr5-133839611-133841107	4
0.0563017059764517	2.76981572252405	0.129	0.024	1	chr6-84764203-84765106	4
0.0563017059764517	3.05786430671865	0.129	0.024	1	chr11-954677-956153	4
0.0563017059764517	2.74926122213335	0.129	0.024	1	chr12-118610920-118612176	4
0.0563017059764517	2.83894978218842	0.129	0.024	1	chr14-91889129-91890446	4
0.0563017059764517	2.75662495589697	0.129	0.024	1	chr16-29114407-29115855	4
0.0563017059764517	2.77896669162253	0.129	0.024	1	chr16-47018056-47018791	4
0.0563017059764517	2.74665368231814	0.129	0.024	1	chr19-53537105-53539178	4
0.056324371608177	1.44450041978267	0.226	0.071	1	chr6-31270997-31272825	4
0.0563490559265701	1.63828774621791	0.177	0.048	1	chr5-112160261-112162074	4
0.0563490559265701	1.90359780723035	0.177	0.048	1	chr9-101315353-101316520	4
0.0563490559265701	1.8253131324361	0.177	0.048	1	chr16-85574743-85576692	4
0.0563490559265701	1.9553705977447	0.177	0.048	1	chr18-72305000-72305912	4
0.0571228212428003	1.41475081635685	0.242	0.095	1	chr8-131903356-131905329	4
0.0571228212428003	1.43813354674199	0.242	0.095	1	chr12-6321676-6324148	4
0.0571228212428003	1.41426624037738	0.242	0.095	1	chr13-41262859-41264115	4
0.0571228212428003	1.41935379328726	0.242	0.095	1	chr15-35544986-35546860	4
0.0572128506644744	1.11336955828234	0.29	0.119	1	chr7-135167964-135171263	4
0.0572128506644744	1.16645762083347	0.29	0.119	1	chr17-49787922-49789610	4
0.0573341837249434	0.603770121622152	0.581	0.452	1	chr1-172531587-172534375	4
0.0575260419992506	1.61347663828226	0.21	0.071	1	chr6-1640972-1642067	4
0.0578549167496626	1.79337175093393	0.177	0.048	1	chr2-9332353-9334278	4
0.0578549167496626	1.78994391321706	0.177	0.048	1	chr2-186129576-186130890	4
0.0578549167496626	1.74986436543188	0.177	0.048	1	chr3-37542672-37544115	4
0.0578549167496626	1.72400137881308	0.177	0.048	1	chr5-32249262-32250912	4
0.0578549167496626	1.78001857272067	0.177	0.048	1	chr6-110655488-110657521	4
0.0578549167496626	1.73877441528677	0.177	0.048	1	chr6-170265317-170266310	4
0.0578549167496626	1.76032153774392	0.177	0.048	1	chr15-94119205-94120413	4
0.0578880774777916	0.768388384530305	0.435	0.214	1	chr4-82371355-82375687	4
0.0579574076362353	1.12369197293055	0.306	0.143	1	chr2-148874715-148877969	4
0.0579574076362353	1.03394842752174	0.306	0.143	1	chr14-71319585-71323108	4
0.0580780947367211	2.57917531176411	0.129	0.024	1	chr1-65002188-65003379	4
0.0580780947367211	2.60517206605377	0.129	0.024	1	chr2-203814409-203815737	4
0.0580780947367211	2.68166065628941	0.129	0.024	1	chr2-234362808-234363627	4
0.0580780947367211	2.64410939878717	0.129	0.024	1	chr3-52891651-52895004	4
0.0580780947367211	2.53432871150224	0.129	0.024	1	chr3-159045047-159045928	4
0.0580780947367211	2.84626511785852	0.129	0.024	1	chr5-72009712-72010976	4
0.0580780947367211	2.71010582903183	0.129	0.024	1	chr6-43476954-43478418	4
0.0580780947367211	2.60835119916107	0.129	0.024	1	chr6-112018363-112019765	4
0.0580780947367211	2.92520637274597	0.129	0.024	1	chr7-1647958-1648926	4
0.0580780947367211	2.61356634610705	0.129	0.024	1	chr7-107563077-107564845	4
0.0580780947367211	2.68836363367129	0.129	0.024	1	chr9-97468504-97469323	4
0.0580780947367211	2.53792742481853	0.129	0.024	1	chr9-116700649-116702496	4
0.0580780947367211	2.90251326280093	0.129	0.024	1	chr11-605985-606831	4
0.0580780947367211	2.87925558419799	0.129	0.024	1	chr12-56291233-56292354	4
0.0580780947367211	2.76775838548532	0.129	0.024	1	chr13-46552722-46554748	4
0.0580780947367211	2.6290950477852	0.129	0.024	1	chr15-26900763-26901769	4
0.0580780947367211	2.77052497325221	0.129	0.024	1	chr16-1929055-1930273	4
0.0580780947367211	3.0159112867009	0.129	0.024	1	chr22-32410487-32412730	4
0.0580780947367211	2.7147655166984	0.129	0.024	1	chr22-42938909-42940791	4
0.0580780947367211	2.67007668160319	0.129	0.024	1	chrX-40646423-40648189	4
0.0580821331146338	1.14587692124605	0.323	0.167	1	chr17-8382038-8384186	4
0.0581812350563124	1.57470350500755	0.226	0.095	1	chr11-47242359-47244120	4
0.0585075780746866	1.01063456735537	0.339	0.167	1	chr1-171740980-171743909	4
0.0589265724533752	1.54432987999343	0.21	0.071	1	chr1-2194375-2195836	4
0.0589265724533752	1.57047487612394	0.21	0.071	1	chr4-112144950-112146852	4
0.0589265724533752	1.53676211408581	0.21	0.071	1	chr19-6110090-6111456	4
0.0589265724533752	1.65003401762948	0.21	0.071	1	chr20-58650560-58653236	4
0.0590319377832654	0.881315195864689	0.371	0.19	1	chr1-145280331-145282649	4
0.0590319377832654	0.871922289888305	0.371	0.19	1	chr5-32172083-32175580	4
0.0591360268872309	1.02587788256666	0.306	0.143	1	chr3-184333941-184338078	4
0.0591360268872309	1.11614121572396	0.306	0.143	1	chr15-89243297-89245466	4
0.0592298892539725	1.13996757774813	0.323	0.167	1	chr3-179146919-179149844	4
0.0593076077406339	0.864348191004705	0.452	0.262	1	chr1-153957475-153959302	4
0.0593940751857973	1.72641688976072	0.177	0.048	1	chr15-59437646-59438742	4
0.0596449937837494	1.22608000141494	0.274	0.119	1	chr20-25195165-25197321	4
0.0597400725424041	1.35303370073561	0.242	0.095	1	chr2-65429823-65433265	4
0.0597400725424041	1.32354739828676	0.242	0.095	1	chr3-14419783-14420925	4
0.0597400725424041	1.38165511169685	0.242	0.095	1	chr3-138347784-138349717	4
0.0599008097777189	2.57388640977139	0.129	0.024	1	chr1-23956782-23957736	4
0.0599008097777189	2.51513430558374	0.129	0.024	1	chr2-35695-36408	4
0.0599008097777189	2.75875180737452	0.129	0.024	1	chr2-180968754-180970616	4
0.0599008097777189	2.50767338222341	0.129	0.024	1	chr3-59857477-59858341	4
0.0599008097777189	2.57181852380606	0.129	0.024	1	chr3-75579617-75580832	4
0.0599008097777189	2.58461989102328	0.129	0.024	1	chr5-180281067-180282347	4
0.0599008097777189	2.52969793918855	0.129	0.024	1	chr7-112238752-112240220	4
0.0599008097777189	2.52116246934197	0.129	0.024	1	chr9-16626576-16627327	4
0.0599008097777189	2.65292101042259	0.129	0.024	1	chr10-111360164-111360844	4
0.0599008097777189	2.54552186719959	0.129	0.024	1	chr12-12228469-12230432	4
0.0599008097777189	2.57830632082251	0.129	0.024	1	chr12-22415262-22417251	4
0.0599008097777189	2.57345123504827	0.129	0.024	1	chr14-90814635-90816782	4
0.0599008097777189	2.57486962925568	0.129	0.024	1	chr19-9583413-9584998	4
0.0599008097777189	2.61664706130683	0.129	0.024	1	chr20-9280611-9282999	4
0.0599008097777189	2.66432535395171	0.129	0.024	1	chr21-43331929-43334075	4
0.0599977117878182	2.21187200838812	0.161	0.048	1	chr2-219244863-219246347	4
0.0603552941971236	1.52429911969648	0.21	0.071	1	chr1-161176474-161178222	4
0.0609123871202197	1.17048272165919	0.274	0.119	1	chr9-37784286-37785968	4
0.0609670583624235	1.75083925722554	0.177	0.048	1	chr4-3461053-3462253	4
0.0609670583624235	1.72203730129789	0.177	0.048	1	chr5-141382416-141383686	4
0.0609670583624235	1.68745295856986	0.177	0.048	1	chr10-1726563-1727478	4
0.0610241511765921	1.1541910678765	0.258	0.095	1	chr12-56157318-56159805	4
0.0610855469588086	1.29906290416479	0.242	0.095	1	chr7-17939010-17941652	4
0.0610855469588086	1.34808569032323	0.242	0.095	1	chr19-36666083-36667714	4
0.0614298300173713	1.88016542167695	0.194	0.071	1	chr21-42233000-42235349	4
0.061581902011963	1.09828504843615	0.323	0.167	1	chr9-2842992-2845185	4
0.0616410742351235	2.16763083416893	0.161	0.048	1	chr17-68204754-68206769	4
0.0616410742351235	2.16023984269352	0.161	0.048	1	chr17-78144063-78145654	4
0.0617707141165749	2.61727973115329	0.129	0.024	1	chr1-51788726-51789802	4
0.0617707141165749	2.45919421309432	0.129	0.024	1	chr1-115317066-115318488	4
0.0617707141165749	2.61595112525755	0.129	0.024	1	chr1-164659403-164660902	4
0.0617707141165749	2.5294123606294	0.129	0.024	1	chr1-176031801-176032955	4
0.0617707141165749	2.5814564039787	0.129	0.024	1	chr1-179021685-179022638	4
0.0617707141165749	2.5577371355932	0.129	0.024	1	chr1-219554942-219556537	4
0.0617707141165749	2.5462823966905	0.129	0.024	1	chr2-168653103-168654165	4
0.0617707141165749	2.59970381142399	0.129	0.024	1	chr2-173354195-173356545	4
0.0617707141165749	2.40666181527504	0.129	0.024	1	chr2-174166175-174166772	4
0.0617707141165749	2.53926213222278	0.129	0.024	1	chr3-115091644-115092901	4
0.0617707141165749	2.59990447348178	0.129	0.024	1	chr3-121545006-121547319	4
0.0617707141165749	2.44814684430234	0.129	0.024	1	chr4-705198-706410	4
0.0617707141165749	2.50780933349946	0.129	0.024	1	chr4-66567124-66568697	4
0.0617707141165749	2.42381245165592	0.129	0.024	1	chr4-69239012-69240224	4
0.0617707141165749	2.43351665928346	0.129	0.024	1	chr4-108210994-108212022	4
0.0617707141165749	2.59129309430735	0.129	0.024	1	chr4-158785893-158786732	4
0.0617707141165749	2.42182906681176	0.129	0.024	1	chr5-76457870-76458662	4
0.0617707141165749	2.55205414588596	0.129	0.024	1	chr6-158807963-158809262	4
0.0617707141165749	2.50350017041426	0.129	0.024	1	chr8-54524601-54525990	4
0.0617707141165749	2.53507188441791	0.129	0.024	1	chr9-76902083-76903107	4
0.0617707141165749	2.5953025445375	0.129	0.024	1	chr9-92664301-92667095	4
0.0617707141165749	2.59937896064146	0.129	0.024	1	chr11-124918544-124920358	4
0.0617707141165749	2.37512465339207	0.129	0.024	1	chr11-126338730-126341490	4
0.0617707141165749	2.54247999399535	0.129	0.024	1	chr14-69231311-69232076	4
0.0617707141165749	2.51853428135819	0.129	0.024	1	chr15-40160504-40161857	4
0.0617707141165749	2.56499445391938	0.129	0.024	1	chr15-63379169-63382398	4
0.0617707141165749	2.46781799763699	0.129	0.024	1	chr16-23343556-23344446	4
0.0617707141165749	2.5382366784133	0.129	0.024	1	chr18-32707008-32707842	4
0.0617707141165749	2.43211850226799	0.129	0.024	1	chr20-22402240-22402830	4
0.0617707141165749	2.62446273967703	0.129	0.024	1	chrX-53433612-53434955	4
0.0618126124325641	1.43259585866497	0.21	0.071	1	chr2-213080991-213083675	4
0.0618126124325641	1.55026152216026	0.21	0.071	1	chr9-93159685-93160625	4
0.0618126124325641	1.52373175697383	0.21	0.071	1	chr17-39979893-39981775	4
0.0622020103798201	1.29442795828251	0.274	0.119	1	chr1-161037663-161039789	4
0.0623653971164706	1.21995289349132	0.258	0.095	1	chr7-44747741-44750261	4
0.0624560247891686	1.29497612627951	0.242	0.095	1	chr3-195542134-195544245	4
0.0624560247891686	1.32996154008824	0.242	0.095	1	chr10-51698619-51700888	4
0.0624560247891686	1.32974965301216	0.242	0.095	1	chr17-68456121-68458376	4
0.0625606216315993	1.21289186168953	0.29	0.143	1	chr5-140260824-140263462	4
0.0625606216315993	1.22905154406976	0.29	0.143	1	chr11-72433703-72435125	4
0.0625743958986519	1.64185457118603	0.177	0.048	1	chr2-120312731-120314976	4
0.0625743958986519	1.72874016118934	0.177	0.048	1	chr4-150973700-150975158	4
0.0625743958986519	1.65202375786625	0.177	0.048	1	chr15-59169884-59170951	4
0.0631527665198407	0.816940164177435	0.435	0.262	1	chr1-202860382-202862488	4
0.0632989340410715	1.58130048334942	0.21	0.071	1	chr6-75283539-75285854	4
0.0632989340410715	1.5253698363289	0.21	0.071	1	chr11-74018133-74019735	4
0.0632989340410715	1.55696246866506	0.21	0.071	1	chr19-52138517-52140586	4
0.0633215240989933	2.21030649676226	0.161	0.048	1	chr11-82695368-82696686	4
0.0633215240989933	2.25277845002734	0.161	0.048	1	chr19-57558805-57560436	4
0.0633893468501797	1.32560897304926	0.258	0.119	1	chr3-127303860-127305093	4
0.0634692979273555	0.942609534015268	0.371	0.214	1	chr7-99504151-99505737	4
0.0635687252677462	0.878532070490698	0.371	0.19	1	chr4-73257072-73260967	4
0.0636886754721969	2.49093414869101	0.129	0.024	1	chr1-205491969-205493944	4
0.0636886754721969	2.47722144938688	0.129	0.024	1	chr1-232272782-232274942	4
0.0636886754721969	2.5097354128181	0.129	0.024	1	chr2-55692682-55694183	4
0.0636886754721969	2.59874739385143	0.129	0.024	1	chr3-37689195-37690563	4
0.0636886754721969	2.40094675073439	0.129	0.024	1	chr3-150344798-150345642	4
0.0636886754721969	2.48325060995905	0.129	0.024	1	chr4-100493649-100496437	4
0.0636886754721969	2.53251160228914	0.129	0.024	1	chr4-128460917-128462100	4
0.0636886754721969	2.41339362516673	0.129	0.024	1	chr5-67115111-67115940	4
0.0636886754721969	2.34271604341177	0.129	0.024	1	chr5-115176092-115177812	4
0.0636886754721969	2.46764629988316	0.129	0.024	1	chr5-150612729-150617791	4
0.0636886754721969	2.47151339324117	0.129	0.024	1	chr6-37696949-37699426	4
0.0636886754721969	2.46764718184115	0.129	0.024	1	chr8-102479517-102481294	4
0.0636886754721969	2.6002321004417	0.129	0.024	1	chr9-13277938-13280280	4
0.0636886754721969	2.41637670942828	0.129	0.024	1	chr10-11602430-11603540	4
0.0636886754721969	2.39539048967416	0.129	0.024	1	chr10-24680536-24682227	4
0.0636886754721969	2.45497166319563	0.129	0.024	1	chr10-90924406-90925409	4
0.0636886754721969	2.44661224267798	0.129	0.024	1	chr11-98633158-98634220	4
0.0636886754721969	2.59808711060339	0.129	0.024	1	chr12-54032219-54034440	4
0.0636886754721969	2.6075054061616	0.129	0.024	1	chr12-56411541-56412716	4
0.0636886754721969	2.46300056208695	0.129	0.024	1	chr12-113697604-113698791	4
0.0636886754721969	2.44846159455628	0.129	0.024	1	chr13-94400647-94401611	4
0.0636886754721969	2.48953934049048	0.129	0.024	1	chr15-39829645-39830845	4
0.0636886754721969	2.47125121268173	0.129	0.024	1	chr16-66872528-66873789	4
0.0636886754721969	2.43679719190623	0.129	0.024	1	chr16-84617149-84618494	4
0.0636886754721969	2.41019797722114	0.129	0.024	1	chr17-78127089-78129457	4
0.0636886754721969	2.55115160921292	0.129	0.024	1	chr18-7021997-7022920	4
0.0636886754721969	2.46846454463572	0.129	0.024	1	chr18-79438768-79440022	4
0.0636886754721969	2.53053641088137	0.129	0.024	1	chr19-40596658-40597417	4
0.0636886754721969	2.42888119368962	0.129	0.024	1	chrX-154096483-154099008	4
0.0638355851782281	1.14610923422471	0.29	0.143	1	chr3-154120094-154123807	4
0.0638518357618536	1.2445047660188	0.242	0.095	1	chr14-30558258-30560133	4
0.0638518357618536	1.23473160930291	0.242	0.095	1	chr21-25733269-25736822	4
0.0640511471340798	1.09962092900766	0.306	0.143	1	chr19-17327370-17328565	4
0.0640669032512727	0.750247950938674	0.468	0.286	1	chr2-152715852-152719635	4
0.0642166197463046	1.64857002050643	0.177	0.048	1	chr10-132331152-132333638	4
0.0642166197463046	1.79735845496716	0.177	0.048	1	chr19-15779398-15781362	4
0.0645006745033871	1.64064770643323	0.194	0.071	1	chr3-47474843-47476547	4
0.0645006745033871	1.71350159872271	0.194	0.071	1	chr3-133077173-133078566	4
0.0648146674795983	1.54973818827314	0.21	0.071	1	chr4-45550534-45551547	4
0.0648146674795983	1.46830785060354	0.21	0.071	1	chr7-37856673-37858022	4
0.0648146674795983	1.50654363657663	0.21	0.071	1	chr8-78530028-78531132	4
0.0648146674795983	1.52943235361917	0.21	0.071	1	chr20-62121162-62123871	4
0.0648490554306073	1.18614681080152	0.274	0.119	1	chr11-125164157-125165853	4
0.0648490554306073	1.20764820357495	0.274	0.119	1	chr16-50805958-50806967	4
0.0650396533434407	2.07863769848608	0.161	0.048	1	chr1-69509542-69510551	4
0.0650396533434407	2.24125774291444	0.161	0.048	1	chr17-17709080-17711739	4
0.0650396533434407	2.04038064731777	0.161	0.048	1	chr18-42644561-42645989	4
0.0651319330493949	1.15343428484549	0.29	0.143	1	chr8-128032698-128035750	4
0.0652544693518583	1.09224496666805	0.323	0.167	1	chr10-67763400-67765752	4
0.0652596996258355	0.915490193044805	0.403	0.214	1	chr5-55711209-55713164	4
0.0653672773383006	0.934234262199828	0.323	0.143	1	chr11-126061398-126063850	4
0.0654814223442028	0.85418614978332	0.452	0.286	1	chr3-105867653-105870294	4
0.0656555659000186	2.476815337555	0.129	0.024	1	chr1-63980534-63981692	4
0.0656555659000186	2.38269323249822	0.129	0.024	1	chr1-208058710-208060153	4
0.0656555659000186	2.37770299725393	0.129	0.024	1	chr2-38152347-38153830	4
0.0656555659000186	2.46046388037501	0.129	0.024	1	chr2-72886622-72888450	4
0.0656555659000186	2.28020679423806	0.129	0.024	1	chr2-96174233-96175123	4
0.0656555659000186	2.40953990404572	0.129	0.024	1	chr2-127314178-127315411	4
0.0656555659000186	2.47243284338745	0.129	0.024	1	chr3-123080681-123082420	4
0.0656555659000186	2.23226511616036	0.129	0.024	1	chr4-54539253-54540196	4
0.0656555659000186	2.46592595725845	0.129	0.024	1	chr4-123838326-123839173	4
0.0656555659000186	2.45077552731462	0.129	0.024	1	chr4-124437685-124438481	4
0.0656555659000186	2.36205644699484	0.129	0.024	1	chr5-16735366-16737052	4
0.0656555659000186	2.43395269562536	0.129	0.024	1	chr5-99773013-99773951	4
0.0656555659000186	2.43610862330552	0.129	0.024	1	chr5-177938604-177940152	4
0.0656555659000186	2.43790785269782	0.129	0.024	1	chr6-75600655-75603944	4
0.0656555659000186	2.46446694514671	0.129	0.024	1	chr6-147768925-147770282	4
0.0656555659000186	2.3688972672061	0.129	0.024	1	chr7-128135220-128136499	4
0.0656555659000186	2.33186830095327	0.129	0.024	1	chr8-101391518-101394336	4
0.0656555659000186	2.37344210114631	0.129	0.024	1	chr9-93071584-93073190	4
0.0656555659000186	2.34497187591781	0.129	0.024	1	chr10-43689435-43690713	4
0.0656555659000186	2.40589009884306	0.129	0.024	1	chr10-55398273-55399025	4
0.0656555659000186	2.37820192318079	0.129	0.024	1	chr11-2933026-2934142	4
0.0656555659000186	2.38038547599743	0.129	0.024	1	chr15-45855039-45856674	4
0.0656555659000186	2.38723614124555	0.129	0.024	1	chr17-29785637-29786630	4
0.0656555659000186	2.44039088533061	0.129	0.024	1	chr17-48585102-48586026	4
0.0656555659000186	2.40249621689229	0.129	0.024	1	chr19-17510954-17512734	4
0.0656555659000186	2.37071557957854	0.129	0.024	1	chr20-38730815-38731924	4
0.0658942640262413	1.67753871489953	0.177	0.048	1	chr10-35889171-35891451	4
0.0661279302034244	1.30225427630913	0.258	0.119	1	chr19-20775878-20777058	4
0.066207033859669	1.14966802196419	0.274	0.119	1	chr3-15858152-15861675	4
0.0664938441558145	0.749290927908494	0.435	0.262	1	chr8-122779862-122784027	4
0.0665180886513365	0.938913342655116	0.323	0.167	1	chr13-19862023-19864715	4
0.0666324485942403	1.17418935072135	0.306	0.143	1	chr17-75632648-75634491	4
0.0666491070172375	1.4477876824502	0.226	0.095	1	chr5-112467026-112468068	4
0.0666491070172375	1.53923380682276	0.226	0.095	1	chr14-21436701-21438072	4
0.0667207817362139	1.15693352476689	0.242	0.095	1	chr13-113012935-113015069	4
0.0667960563396462	1.95919281166282	0.161	0.048	1	chr1-155858895-155859916	4
0.0667960563396462	1.99664821725565	0.161	0.048	1	chr1-176592887-176594147	4
0.0667960563396462	1.78837920240753	0.161	0.048	1	chr10-29279366-29280546	4
0.0667960563396462	1.94445038569696	0.161	0.048	1	chr11-103413271-103414261	4
0.0667960563396462	1.99177446119763	0.161	0.048	1	chr18-50791304-50792829	4
0.0667960563396462	1.98546624953941	0.161	0.048	1	chr19-7505642-7507194	4
0.067512437994974	1.11552849930536	0.323	0.19	1	chr18-57800910-57804216	4
0.0675333564731408	1.28096993061943	0.258	0.119	1	chrX-101406924-101409242	4
0.067588355373787	1.20717003355274	0.274	0.119	1	chr8-98824424-98826579	4
0.0676078648599653	1.67298133200383	0.177	0.048	1	chr3-53219752-53220603	4
0.0676078648599653	1.23321876041223	0.177	0.048	1	chr5-91024015-91029174	4
0.0676722614141191	2.32174984621555	0.129	0.024	1	chr1-230310281-230311016	4
0.0676722614141191	2.39883866283012	0.129	0.024	1	chr1-242225452-242226530	4
0.0676722614141191	2.37617055084721	0.129	0.024	1	chr1-248686292-248687496	4
0.0676722614141191	2.08070349063388	0.129	0.024	1	chr2-9643760-9645447	4
0.0676722614141191	2.39138420776237	0.129	0.024	1	chr2-26970103-26971602	4
0.0676722614141191	2.23886355040192	0.129	0.024	1	chr2-108635878-108636998	4
0.0676722614141191	2.29593392674371	0.129	0.024	1	chr4-53273634-53275566	4
0.0676722614141191	2.12425569370267	0.129	0.024	1	chr4-56873898-56875206	4
0.0676722614141191	2.28217283324587	0.129	0.024	1	chr4-123892640-123893736	4
0.0676722614141191	2.33513947203589	0.129	0.024	1	chr5-169012018-169013060	4
0.0676722614141191	2.35522612119838	0.129	0.024	1	chr7-12220215-12221886	4
0.0676722614141191	2.24339815543033	0.129	0.024	1	chr8-81075676-81076704	4
0.0676722614141191	2.32314610249549	0.129	0.024	1	chr9-127329352-127331119	4
0.0676722614141191	2.12428789018694	0.129	0.024	1	chr11-72831341-72832201	4
0.0676722614141191	2.2339491286673	0.129	0.024	1	chr14-37874378-37875151	4
0.0676722614141191	2.34801613327346	0.129	0.024	1	chr15-47908762-47909749	4
0.0676722614141191	2.33773280959233	0.129	0.024	1	chr15-72202777-72204419	4
0.0676722614141191	2.2700088295298	0.129	0.024	1	chr17-15384212-15386103	4
0.0676722614141191	2.25495064744049	0.129	0.024	1	chr17-48790486-48791826	4
0.0676722614141191	2.31457525032551	0.129	0.024	1	chr19-29662247-29663561	4
0.0676722614141191	2.21855824545212	0.129	0.024	1	chr20-1399549-1401864	4
0.0676722614141191	2.41494682663044	0.129	0.024	1	chr21-23977132-23977894	4
0.0676722614141191	2.38585460821205	0.129	0.024	1	chr21-39217315-39218409	4
0.0676722614141191	2.23866010616316	0.129	0.024	1	chr22-23772371-23774079	4
0.0676722614141191	2.28843964523816	0.129	0.024	1	chrX-115559776-115562737	4
0.067697126346385	1.74022813961056	0.194	0.071	1	chr12-14769414-14771632	4
0.067697126346385	1.64553885887603	0.194	0.071	1	chr19-2952456-2953879	4
0.0678047630028466	0.736227559079907	0.435	0.214	1	chr1-44798326-44800830	4
0.0679360109106337	1.43526346327508	0.21	0.071	1	chr3-196431011-196433387	4
0.0679360109106337	1.40395543432459	0.21	0.071	1	chr10-48305911-48307768	4
0.0679360109106337	1.47687254530077	0.21	0.071	1	chr11-4677838-4679247	4
0.0681945816546529	1.32875634727524	0.242	0.095	1	chr6-27235241-27237822	4
0.0681945816546529	1.35588547200123	0.242	0.095	1	chr12-55727508-55730404	4
0.0685913296626708	1.88907613671022	0.161	0.048	1	chr7-3300238-3301578	4
0.0685913296626708	1.9543034494805	0.161	0.048	1	chr7-127347386-127348411	4
0.0685913296626708	2.07964685899055	0.161	0.048	1	chr10-119542177-119543855	4
0.0685913296626708	1.9835114792044	0.161	0.048	1	chr11-70712166-70713145	4
0.0685913296626708	1.9652880049144	0.161	0.048	1	chr19-6361173-6362344	4
0.0688473566590802	0.865866430277284	0.387	0.19	1	chr1-45490026-45492001	4
0.0689881390937922	0.818856589178621	0.403	0.262	1	chr15-44426353-44428808	4
0.0689933002903372	1.16009658655215	0.274	0.119	1	chr4-2842930-2845186	4
0.0691058059180568	1.04386358447981	0.323	0.167	1	chr1-112394156-112397176	4
0.0691518110768195	1.09464634102019	0.29	0.143	1	chr11-67053599-67057976	4
0.0693435708937971	1.62263136332554	0.194	0.071	1	chr1-159881581-159882508	4
0.0693435708937971	1.6127144506615	0.194	0.071	1	chr14-76151396-76152829	4
0.0695424447225916	1.38341308496083	0.21	0.071	1	chr6-96923719-96925507	4
0.0695424447225916	1.35312582591972	0.21	0.071	1	chr8-1823020-1824659	4
0.069687897750471	1.58495790439139	0.226	0.095	1	chr11-13276742-13278702	4
0.0696950443923842	1.34150782166423	0.242	0.095	1	chr8-28384761-28387708	4
0.0697396415967445	2.09035031638296	0.129	0.024	1	chr1-24744671-24746917	4
0.0697396415967445	2.22272458121213	0.129	0.024	1	chr3-67930073-67930825	4
0.0697396415967445	2.24221960082402	0.129	0.024	1	chr4-83334429-83335517	4
0.0697396415967445	2.32329811981513	0.129	0.024	1	chr4-93645849-93647814	4
0.0697396415967445	2.25336802234121	0.129	0.024	1	chr4-110515729-110516838	4
0.0697396415967445	2.30639440601439	0.129	0.024	1	chr5-28737338-28738250	4
0.0697396415967445	2.18742567363303	0.129	0.024	1	chr5-178123151-178125112	4
0.0697396415967445	2.30074647503981	0.129	0.024	1	chr9-20551166-20552626	4
0.0697396415967445	2.33302827154359	0.129	0.024	1	chr10-28254226-28255258	4
0.0697396415967445	2.29489345744178	0.129	0.024	1	chr10-98470453-98471540	4
0.0697396415967445	2.2046696967881	0.129	0.024	1	chr10-121425196-121426670	4
0.0697396415967445	2.28850201163771	0.129	0.024	1	chr11-57644547-57645427	4
0.0697396415967445	2.19643874933962	0.129	0.024	1	chr11-62237871-62239045	4
0.0697396415967445	2.17790637815931	0.129	0.024	1	chr11-92675046-92676249	4
0.0697396415967445	2.20037776984895	0.129	0.024	1	chr11-113904610-113905332	4
0.0697396415967445	2.28311575224893	0.129	0.024	1	chr11-129278590-129280267	4
0.0697396415967445	2.22722578434278	0.129	0.024	1	chr12-6195404-6196333	4
0.0697396415967445	2.20329335747723	0.129	0.024	1	chr12-83941109-83942041	4
0.0697396415967445	2.0816543525996	0.129	0.024	1	chr12-91661491-91665022	4
0.0697396415967445	2.35065458220906	0.129	0.024	1	chr15-51162746-51163627	4
0.0697396415967445	2.18947360371917	0.129	0.024	1	chr18-72633145-72635055	4
0.0697396415967445	2.23911943416134	0.129	0.024	1	chr19-42301667-42303477	4
0.0697396415967445	2.35949335476908	0.129	0.024	1	chrX-18674354-18675692	4
0.0699693463770932	0.661141045150658	0.548	0.357	1	chr5-148825561-148832168	4
0.0699791703429691	0.90468666493447	0.435	0.262	1	chr1-3899396-3901909	4
0.0702224013668424	1.28194244127111	0.274	0.143	1	chr1-1073541-1075086	4
0.0704260718823693	1.9437674150132	0.161	0.048	1	chr1-220906443-220907703	4
0.0704260718823693	1.90551598689006	0.161	0.048	1	chr3-141191963-141192837	4
0.0704260718823693	1.8445482335988	0.161	0.048	1	chr4-38563739-38566696	4
0.0704260718823693	1.89804265891022	0.161	0.048	1	chr4-76280855-76284401	4
0.0704260718823693	1.92034332875554	0.161	0.048	1	chr6-7107365-7109974	4
0.0704260718823693	1.85754644049223	0.161	0.048	1	chr10-67849150-67850377	4
0.0704260718823693	1.98892080803639	0.161	0.048	1	chr22-37952876-37954485	4
0.0710227590429754	1.64041999153607	0.194	0.071	1	chr16-75646530-75649779	4
0.0711737433637486	0.803922581323281	0.435	0.262	1	chr7-77797276-77799986	4
0.0711799377766541	1.35625366650197	0.21	0.071	1	chr3-100708464-100711090	4
0.0711799377766541	1.33395569009995	0.21	0.071	1	chr11-62790734-62792952	4
0.0712225046681326	1.26698173068171	0.242	0.095	1	chr2-130355041-130356926	4
0.0712225046681326	1.30797275224555	0.242	0.095	1	chr6-33199587-33201651	4
0.0712494251112094	1.42444232978689	0.226	0.095	1	chr1-201702767-201704799	4
0.0712494251112094	1.48349421906006	0.226	0.095	1	chr15-70474293-70475523	4
0.0712494251112094	1.31545476902856	0.226	0.095	1	chr17-68246942-68248881	4
0.0714058043259296	0.783212048226115	0.403	0.262	1	chr11-77993763-77995542	4
0.0716473134001202	0.973777777145319	0.29	0.119	1	chr14-20630156-20633700	4
0.0716813017596322	0.800702081498162	0.387	0.214	1	chr19-10332180-10335453	4
0.0718585891952751	2.20233468832519	0.129	0.024	1	chr2-168178958-168182257	4
0.0718585891952751	2.08786346106095	0.129	0.024	1	chr3-69306097-69306861	4
0.0718585891952751	1.84413496847405	0.129	0.024	1	chr3-144290991-144291741	4
0.0718585891952751	2.11009624138817	0.129	0.024	1	chr3-159813959-159814893	4
0.0718585891952751	2.1271436291254	0.129	0.024	1	chr3-195850576-195851468	4
0.0718585891952751	2.19124401422337	0.129	0.024	1	chr6-119682785-119683815	4
0.0718585891952751	2.11356305420895	0.129	0.024	1	chr6-160391225-160392524	4
0.0718585891952751	2.01979204875374	0.129	0.024	1	chr7-112692061-112692845	4
0.0718585891952751	2.06204264979545	0.129	0.024	1	chr8-70181040-70181816	4
0.0718585891952751	2.15281566597001	0.129	0.024	1	chr11-68751171-68752071	4
0.0718585891952751	2.06188028070428	0.129	0.024	1	chr12-111405184-111406553	4
0.0718585891952751	2.00288384851331	0.129	0.024	1	chr13-20566232-20568340	4
0.0718585891952751	2.12783721695178	0.129	0.024	1	chr13-24495037-24495957	4
0.0718585891952751	2.04545963787712	0.129	0.024	1	chr13-64222873-64223974	4
0.0718585891952751	2.18547792346786	0.129	0.024	1	chr14-21098288-21099572	4
0.0718585891952751	2.03089880853568	0.129	0.024	1	chr15-33865396-33866844	4
0.0718585891952751	2.17374394302213	0.129	0.024	1	chr15-92521288-92522150	4
0.0718585891952751	2.11149708068857	0.129	0.024	1	chr16-4216989-4218578	4
0.0718585891952751	1.78163072098628	0.129	0.024	1	chr18-23992132-23993134	4
0.0718585891952751	1.97382546082977	0.129	0.024	1	chr20-16729475-16730628	4
0.0723008833485261	1.87055786742874	0.161	0.048	1	chr1-83626493-83627706	4
0.0723008833485261	1.91733689381524	0.161	0.048	1	chr1-246300421-246302196	4
0.0723008833485261	1.8795708950905	0.161	0.048	1	chr6-42928441-42930777	4
0.0723008833485261	2.11688781287578	0.161	0.048	1	chr10-128690676-128692010	4
0.0723008833485261	1.86282694419182	0.161	0.048	1	chr11-77066251-77067600	4
0.0727772979575601	1.1128889862205	0.242	0.095	1	chr3-46557999-46559153	4
0.0727772979575601	1.27690071805535	0.242	0.095	1	chr3-155743409-155746409	4
0.0727772979575601	1.29437819755893	0.242	0.095	1	chr8-25581759-25582766	4
0.0728489047548973	1.43744983493802	0.21	0.071	1	chr9-125296648-125297710	4
0.0728489047548973	1.39304676156082	0.21	0.071	1	chr17-80414079-80415912	4
0.0731608679001998	0.844798785675849	0.387	0.238	1	chr9-128066832-128070085	4
0.0733526886459031	1.15265787960113	0.274	0.119	1	chr2-37083626-37085201	4
0.0733526886459031	1.0997368487718	0.274	0.119	1	chrX-40092936-40100729	4
0.0734621272454603	1.03742828156444	0.306	0.143	1	chr12-121351307-121353519	4
0.074216365970242	1.85872121871616	0.161	0.048	1	chr1-246689247-246690340	4
0.074216365970242	1.83501264692156	0.161	0.048	1	chr2-238319746-238321509	4
0.074216365970242	1.87348496855057	0.161	0.048	1	chr3-193851335-193852706	4
0.074216365970242	1.92826478975046	0.161	0.048	1	chr5-135397683-135399811	4
0.074216365970242	1.80645359994852	0.161	0.048	1	chr5-180618539-180619635	4
0.074216365970242	1.78297379731637	0.161	0.048	1	chr7-74182548-74184072	4
0.074216365970242	1.85411664077231	0.161	0.048	1	chr7-158894505-158895542	4
0.074216365970242	1.78920215035118	0.161	0.048	1	chr8-96226915-96227685	4
0.074216365970242	1.9320801389905	0.161	0.048	1	chr11-110015382-110016609	4
0.074216365970242	1.96427187836621	0.161	0.048	1	chr14-94769365-94770689	4
0.074216365970242	1.87738710116008	0.161	0.048	1	chr18-78542137-78542912	4
0.074216365970242	1.88594382914177	0.161	0.048	1	chr20-30585056-30586135	4
0.074359760408707	1.23194397680111	0.242	0.095	1	chr5-171610457-171611449	4
0.074359760408707	1.26423149088054	0.242	0.095	1	chr10-119176695-119179515	4
0.074359760408707	1.18639741821758	0.242	0.095	1	chr16-69725556-69727488	4
0.0744811665880144	1.65806425744339	0.194	0.071	1	chr19-10651892-10656590	4
0.0744811665880144	1.58171855353173	0.194	0.071	1	chr19-35931147-35932231	4
0.0745397453267842	0.703998065032473	0.484	0.31	1	chr1-145989904-145997434	4
0.0749336922431254	1.34021969474884	0.258	0.119	1	chr1-99849277-99851097	4
0.0749559214019066	0.959380267332986	0.339	0.19	1	chr13-102798368-102801056	4
0.0755036589050708	1.02183093705625	0.306	0.167	1	chr7-150377525-150380407	4
0.075754153100318	0.716891104371215	0.484	0.31	1	chr2-135529944-135532665	4
0.0758238145195378	0.905510315960293	0.403	0.238	1	chr14-95533236-95536453	4
0.0759702287556571	1.18383955288343	0.242	0.095	1	chr1-205210401-205212180	4
0.0759702287556571	1.16736416895305	0.242	0.095	1	chr9-133147294-133150072	4
0.0761068367842069	1.33602605918273	0.226	0.095	1	chr3-9808492-9810908	4
0.0761068367842069	1.32874838472728	0.226	0.095	1	chr11-130434227-130435553	4
0.0761731229896033	1.82618508660945	0.161	0.048	1	chr6-138986678-138989758	4
0.0761731229896033	1.78871865545293	0.161	0.048	1	chr8-52628825-52630062	4
0.0761731229896033	1.80667124106317	0.161	0.048	1	chr8-68330233-68332308	4
0.0761731229896033	1.79380791662276	0.161	0.048	1	chr8-125144821-125146042	4
0.0761731229896033	1.75704838465804	0.161	0.048	1	chr12-53978314-53979695	4
0.0761731229896033	1.8073257462125	0.161	0.048	1	chr17-12020311-12021911	4
0.0761731229896033	1.88544114940409	0.161	0.048	1	chr17-75548928-75550524	4
0.0761731229896033	1.78180628340267	0.161	0.048	1	chrX-53081716-53084435	4
0.0762612885916024	1.59053314024755	0.194	0.071	1	chr8-38789648-38794235	4
0.0762612885916024	1.58260887751068	0.194	0.071	1	chr15-75624534-75626562	4
0.0763029860453065	1.1086307724547	0.29	0.143	1	chr5-160063675-160066131	4
0.0763822320186217	1.11178514905876	0.274	0.119	1	chr16-3003475-3005367	4
0.0764904857785379	1.26985024691712	0.258	0.119	1	chr13-81142157-81143649	4
0.0775856900573045	0.991922065902926	0.29	0.119	1	chr4-140523308-140525143	4
0.0776090402304393	1.16550023980357	0.242	0.095	1	chr5-126365355-126366716	4
0.0777847826969037	1.37785188702483	0.226	0.095	1	chr9-77176661-77179571	4
0.0778278025127418	0.967335941996123	0.306	0.143	1	chr11-6618640-6619940	4
0.0778278025127418	0.997250634846738	0.306	0.143	1	chr19-58543413-58546027	4
0.0780488087432125	1.34882072548314	0.21	0.071	1	chr5-60487429-60488897	4
0.0780735523298087	1.18778853538839	0.258	0.119	1	chr10-69317202-69320296	4
0.0780759591279428	1.57964057296616	0.194	0.071	1	chr7-99499384-99500932	4
0.0781717587496735	1.75820997287595	0.161	0.048	1	chr1-109099605-109101915	4
0.0781717587496735	1.78020297498252	0.161	0.048	1	chr1-156356678-156357541	4
0.0781717587496735	1.87686741497433	0.161	0.048	1	chr4-177309331-177310733	4
0.0781717587496735	1.65533134720922	0.161	0.048	1	chr5-67060255-67061623	4
0.0781717587496735	1.80664778309917	0.161	0.048	1	chr6-131954425-131955386	4
0.0781717587496735	1.87822428103804	0.161	0.048	1	chr15-72670487-72671464	4
0.078696756146467	0.806117795824888	0.435	0.262	1	chr9-37464420-37466909	4
0.0792765324731743	1.21013033424109	0.242	0.095	1	chr11-102466868-102468178	4
0.0793291412246959	0.944976472311872	0.306	0.143	1	chr14-23055830-23058904	4
0.0794945372392578	0.71607464565792	0.484	0.31	1	chr1-169483476-169487202	4
0.0795130463230477	1.09515912223679	0.274	0.119	1	chr16-31487064-31488627	4
0.0796145245083043	1.34323028396842	0.242	0.119	1	chr3-158801194-158802931	4
0.0796831916132117	1.03738050024932	0.258	0.119	1	chr2-186485162-186487468	4
0.0798202290359331	0.889106472020699	0.355	0.19	1	chr18-59139149-59140778	4
0.0799256312423445	1.51406358544592	0.194	0.071	1	chr7-135976534-135978075	4
0.0799256312423445	1.55466542693278	0.194	0.071	1	chr9-92151642-92152780	4
0.0799256312423445	1.522654842268	0.194	0.071	1	chr9-123267341-123269607	4
0.0802128784568509	1.66377260290118	0.161	0.048	1	chr6-83051339-83052540	4
0.0802128784568509	1.8457400470265	0.161	0.048	1	chr8-95842447-95844756	4
0.0802128784568509	1.72381648055111	0.161	0.048	1	chr11-13051959-13052958	4
0.0802128784568509	1.86590208543013	0.161	0.048	1	chr11-14907220-14908977	4
0.0802128784568509	1.70884668031555	0.161	0.048	1	chr12-109713115-109714764	4
0.0802128784568509	1.71537889412082	0.161	0.048	1	chr14-39023726-39024843	4
0.0807074420244816	0.64033143952009	0.548	0.381	1	chr3-38132977-38139895	4
0.0807161810899257	0.706554861440338	0.468	0.286	1	chr16-4799934-4803767	4
0.0809316819971676	0.70764445853341	0.435	0.238	1	chr17-50864803-50868255	4
0.0812310506569415	1.41707637883817	0.226	0.095	1	chr1-32980860-32982474	4
0.0812310506569415	1.35166255300003	0.226	0.095	1	chr22-31495857-31497288	4
0.0814333901617603	0.910158573633207	0.371	0.214	1	chr2-218269379-218271756	4
0.0816804180850994	1.18056995901375	0.21	0.071	1	chr9-97982132-97985486	4
0.0816804180850994	1.14000970790804	0.21	0.071	1	chr20-58388602-58390035	4
0.0817672466400395	0.928376777679719	0.355	0.214	1	chr2-99140485-99142493	4
0.0817927871823574	1.00928931900694	0.323	0.167	1	chr12-64403003-64405956	4
0.0818107584096413	1.46982387971197	0.194	0.071	1	chr2-201641903-201643830	4
0.0818107584096413	1.52946251914936	0.194	0.071	1	chr11-57818830-57819980	4
0.0820884044230417	0.678453067677377	0.468	0.31	1	chr9-105243962-105247210	4
0.0822970879376427	1.60167701994782	0.161	0.048	1	chr1-41442419-41443592	4
0.0822970879376427	1.93260322026788	0.161	0.048	1	chr3-161415404-161416723	4
0.0822970879376427	1.65838213619937	0.161	0.048	1	chr4-125314537-125316168	4
0.0822970879376427	1.73932585148534	0.161	0.048	1	chr6-41545299-41547764	4
0.0822970879376427	1.77367292093332	0.161	0.048	1	chr7-149771186-149774852	4
0.0822970879376427	1.75144425577503	0.161	0.048	1	chr11-12386735-12389495	4
0.0822970879376427	1.59394640880273	0.161	0.048	1	chr14-100703476-100704689	4
0.0822970879376427	1.82151212627895	0.161	0.048	1	chr17-72617740-72618688	4
0.0822970879376427	1.78416836454224	0.161	0.048	1	chr19-13773509-13775403	4
0.0822970879376427	1.80790785983399	0.161	0.048	1	chr21-28990915-28993509	4
0.0824024625344937	0.852631998325383	0.306	0.143	1	chr15-79310543-79312763	4
0.0829833884034585	1.14345770394223	0.258	0.119	1	chr10-98134144-98135865	4
0.0830000949077826	1.36429209634233	0.226	0.095	1	chr4-10018543-10020167	4
0.0830051222884945	0.762556438163877	0.452	0.262	1	chr11-65487037-65490124	4
0.0834939087143744	0.656242987607346	0.532	0.357	1	chr1-184753499-184755838	4
0.0835469783059693	1.09988965652741	0.21	0.071	1	chr7-55254482-55256231	4
0.0837317943809892	1.47552052701759	0.194	0.071	1	chr2-218671094-218672751	4
0.0837317943809892	1.48431006133225	0.194	0.071	1	chr10-94401974-94404274	4
0.0837317943809892	1.5421660332703	0.194	0.071	1	chr20-10110900-10112021	4
0.0839189592516471	1.13275041530735	0.274	0.143	1	chr15-84747173-84749966	4
0.0839420257254227	0.840082231512595	0.387	0.238	1	chr16-58514365-58517116	4
0.0840461169888666	1.06418602388399	0.29	0.143	1	chr5-160008567-160010173	4
0.0842678550412163	0.965091674786394	0.323	0.19	1	chr22-46035282-46039795	4
0.0844249933899121	1.67962043479335	0.161	0.048	1	chr2-37323568-37325734	4
0.0844249933899121	1.63085205581825	0.161	0.048	1	chr2-224038102-224039784	4
0.0844249933899121	1.74505260302909	0.161	0.048	1	chr4-71480380-71481562	4
0.0844249933899121	1.68584170536426	0.161	0.048	1	chr4-152708181-152709130	4
0.0844249933899121	1.66688375252629	0.161	0.048	1	chr5-43389401-43390210	4
0.0844249933899121	1.58099440747382	0.161	0.048	1	chr11-78138660-78140363	4
0.0844249933899121	1.66777968679571	0.161	0.048	1	chr11-119168248-119169775	4
0.0844249933899121	1.72112552236172	0.161	0.048	1	chr14-81344327-81345590	4
0.0844249933899121	1.72256071311905	0.161	0.048	1	chr15-74889422-74890853	4
0.0844249933899121	1.8149645186631	0.161	0.048	1	chr15-99434993-99436273	4
0.084454474396163	1.11946391405974	0.242	0.095	1	chr19-57813482-57815572	4
0.0846745462729356	0.948982270736525	0.258	0.119	1	chr10-73095387-73097783	4
0.0848002277525634	1.27173833669958	0.226	0.095	1	chr1-239716881-239720105	4
0.0848002277525634	1.31559678693208	0.226	0.095	1	chr6-15948868-15950687	4
0.0848002277525634	1.29647055348468	0.226	0.095	1	chr9-111348696-111350352	4
0.0848002277525634	1.28521136970236	0.226	0.095	1	chr17-50718870-50721883	4
0.0856686050885404	1.04366977719906	0.29	0.143	1	chrX-108090572-108092659	4
0.0856891930275964	1.45324254445617	0.194	0.071	1	chr5-37717216-37718598	4
0.0856891930275964	1.388739429178	0.194	0.071	1	chr8-10776588-10777710	4
0.0856891930275964	1.5138509087533	0.194	0.071	1	chr8-19290993-19292168	4
0.0860610798667593	0.778151035543616	0.484	0.31	1	chr11-65613393-65617135	4
0.0862400710318595	1.12021115642938	0.242	0.095	1	chr7-149495869-149498434	4
0.0863934774421119	1.08004831462644	0.258	0.119	1	chr1-109282511-109284090	4
0.0865972011286599	1.61369505686294	0.161	0.048	1	chr1-155856641-155857898	4
0.0865972011286599	1.68806786801938	0.161	0.048	1	chr2-86212930-86214417	4
0.0865972011286599	1.57262520118339	0.161	0.048	1	chr10-124418188-124419525	4
0.0865972011286599	1.66043512914606	0.161	0.048	1	chr15-100042486-100044292	4
0.0865972011286599	1.691601856662	0.161	0.048	1	chr17-76071723-76073230	4
0.0865972011286599	1.57096767346146	0.161	0.048	1	chr18-35848940-35850723	4
0.0867059413010268	1.58057975130825	0.21	0.095	1	chr21-46322361-46326440	4
0.0872070779470973	0.816105166689947	0.355	0.19	1	chr2-206158100-206160973	4
0.0872070779470973	0.837376826914308	0.355	0.19	1	chr10-102132153-102134965	4
0.0873163143417131	1.04307147778831	0.29	0.143	1	chr4-39976119-39978527	4
0.0876808666142043	0.84648998740539	0.355	0.214	1	chr15-98850787-98854818	4
0.0876834081814192	1.45309605080575	0.194	0.071	1	chr1-169308036-169309707	4
0.0876834081814192	1.42121899238175	0.194	0.071	1	chr7-140061926-140063508	4
0.0876834081814192	1.30150926957869	0.194	0.071	1	chr8-37898669-37900130	4
0.0876834081814192	1.57006522956108	0.194	0.071	1	chr10-78301751-78304046	4
0.0876834081814192	1.34968508317607	0.194	0.071	1	chrX-135520120-135522622	4
0.0879648006230268	2.69677641608922	0.113	0.024	1	chr1-155974356-155980081	4
0.0879648006230268	2.48302223036729	0.113	0.024	1	chr1-158124737-158125626	4
0.0879648006230268	2.90719320646009	0.113	0.024	1	chr1-184442832-184444072	4
0.0879648006230268	2.68501838868529	0.113	0.024	1	chr2-36981561-36983049	4
0.0879648006230268	2.54686298212939	0.113	0.024	1	chr2-53609602-53610881	4
0.0879648006230268	2.82829182423746	0.113	0.024	1	chr3-175150467-175151771	4
0.0879648006230268	2.5763440537017	0.113	0.024	1	chr4-78897858-78898791	4
0.0879648006230268	2.59614425983164	0.113	0.024	1	chr4-102262878-102263483	4
0.0879648006230268	2.81589323854221	0.113	0.024	1	chr5-446723-447276	4
0.0879648006230268	2.81266119566406	0.113	0.024	1	chr5-32017724-32019314	4
0.0879648006230268	2.4699956686246	0.113	0.024	1	chr5-51116900-51117612	4
0.0879648006230268	3.14379292786717	0.113	0.024	1	chr6-52917843-52919965	4
0.0879648006230268	2.42100762946713	0.113	0.024	1	chr6-167909386-167911095	4
0.0879648006230268	2.64774727411886	0.113	0.024	1	chr7-12771402-12772090	4
0.0879648006230268	3.02993784590008	0.113	0.024	1	chr7-73435799-73437290	4
0.0879648006230268	2.65221911050591	0.113	0.024	1	chr9-27161999-27162618	4
0.0879648006230268	2.59147149738107	0.113	0.024	1	chr9-69324449-69325840	4
0.0879648006230268	2.37738951957914	0.113	0.024	1	chr9-127161595-127162618	4
0.0879648006230268	2.94028100675652	0.113	0.024	1	chr10-71840021-71840845	4
0.0879648006230268	2.56603045738887	0.113	0.024	1	chr12-13044112-13046297	4
0.0879648006230268	2.67004144366937	0.113	0.024	1	chr12-48779580-48782289	4
0.0879648006230268	2.78849997518879	0.113	0.024	1	chr14-65334545-65335727	4
0.0879648006230268	2.59236191461393	0.113	0.024	1	chr16-2874531-2875334	4
0.0879648006230268	2.86164571911802	0.113	0.024	1	chr18-43442470-43443107	4
0.0879648006230268	2.54247939352777	0.113	0.024	1	chr18-59075665-59076540	4
0.0879648006230268	2.62349757100986	0.113	0.024	1	chr18-61651005-61652509	4
0.0879648006230268	3.09792191640615	0.113	0.024	1	chrX-11239117-11240625	4
0.0881404820842747	1.10789117854717	0.258	0.119	1	chr1-30823303-30825077	4
0.0882781497950475	0.736960495424738	0.435	0.262	1	chr19-55653342-55656153	4
0.0884952045573922	1.31311204942323	0.226	0.095	1	chr17-48907658-48909410	4
0.0888143173264093	1.54454235493868	0.161	0.048	1	chr2-105005107-105006277	4
0.0888143173264093	1.56911591581528	0.161	0.048	1	chr2-224022795-224023967	4
0.0888143173264093	1.6275899952368	0.161	0.048	1	chr15-72733542-72735412	4
0.0888385644974384	0.976095460528301	0.306	0.143	1	chr2-97662593-97665051	4
0.0895358404302575	1.03471347156448	0.274	0.119	1	chrX-112840037-112842186	4
0.089714893472862	1.45081085473529	0.194	0.071	1	chr3-113513746-113516540	4
0.089714893472862	1.41885914062399	0.194	0.071	1	chr10-75739328-75740572	4
0.089714893472862	1.47939698051472	0.194	0.071	1	chr19-50921542-50922859	4
0.089714893472862	1.52285283253208	0.194	0.071	1	chr19-53431250-53432820	4
0.089714893472862	1.21159584556804	0.194	0.071	1	chr22-30309305-30312183	4
0.0897270163203027	0.864132397247162	0.387	0.214	1	chr15-81323579-81325679	4
0.0903026939028599	0.843543261933205	0.371	0.214	1	chr20-23357236-23359589	4
0.0903907708363982	1.27369595974105	0.226	0.095	1	chr1-151164765-151166994	4
0.0903907708363982	1.2646490315971	0.226	0.095	1	chr4-79024790-79025946	4
0.0903907708363982	1.26091773566039	0.226	0.095	1	chr17-68646598-68648393	4
0.0906643974375498	1.15887006775441	0.274	0.143	1	chr2-112583367-112585438	4
0.0906661083772304	2.45314027057293	0.113	0.024	1	chr1-156692135-156694976	4
0.0906661083772304	2.36997315320512	0.113	0.024	1	chr1-175908026-175908744	4
0.0906661083772304	2.45069856378979	0.113	0.024	1	chr2-105711289-105711942	4
0.0906661083772304	2.40993713918081	0.113	0.024	1	chr2-239954333-239955160	4
0.0906661083772304	2.44248613721701	0.113	0.024	1	chr3-30596852-30597885	4
0.0906661083772304	2.62093896350094	0.113	0.024	1	chr3-112321852-112322684	4
0.0906661083772304	2.51949308118981	0.113	0.024	1	chr3-171286285-171287223	4
0.0906661083772304	2.3858942528194	0.113	0.024	1	chr4-62803985-62804892	4
0.0906661083772304	2.83585795585629	0.113	0.024	1	chr5-34419904-34422523	4
0.0906661083772304	2.61424897853353	0.113	0.024	1	chr5-116375556-116376691	4
0.0906661083772304	2.35432982359428	0.113	0.024	1	chr7-131346917-131348044	4
0.0906661083772304	2.55335606405365	0.113	0.024	1	chr8-31209476-31211703	4
0.0906661083772304	2.36920306619633	0.113	0.024	1	chr9-78259446-78260515	4
0.0906661083772304	2.52474497239894	0.113	0.024	1	chr11-56532825-56533911	4
0.0906661083772304	2.5450490202536	0.113	0.024	1	chr15-25933559-25934734	4
0.0906661083772304	2.73074496721557	0.113	0.024	1	chr15-100230593-100231805	4
0.0906661083772304	2.50021416972415	0.113	0.024	1	chr16-71981788-71982534	4
0.0906661083772304	2.35780642910616	0.113	0.024	1	chr17-21322375-21323573	4
0.0906661083772304	2.41951863082676	0.113	0.024	1	chr18-54444089-54444817	4
0.0906661083772304	2.39796431154319	0.113	0.024	1	chr18-62070807-62071914	4
0.0906661083772304	2.36535447464905	0.113	0.024	1	chr18-79711912-79713042	4
0.0906661083772304	2.49405243131891	0.113	0.024	1	chr19-9674416-9675646	4
0.0906661083772304	2.40889682468215	0.113	0.024	1	chr20-14777842-14778710	4
0.0906661083772304	2.45313991624635	0.113	0.024	1	chr20-45329370-45330273	4
0.0906661083772304	2.65232029863853	0.113	0.024	1	chrX-46777609-46778885	4
0.0906661083772304	2.60265710386247	0.113	0.024	1	chrX-51495951-51497519	4
0.0906661083772304	2.52309489608095	0.113	0.024	1	chrY-11304627-11308229	4
0.0910769477482681	1.52608649113827	0.161	0.048	1	chr3-65902009-65903118	4
0.0910769477482681	1.42304197068626	0.161	0.048	1	chr3-155092440-155093801	4
0.0910769477482681	1.5349729707635	0.161	0.048	1	chr6-17705316-17707651	4
0.0910769477482681	1.31958064369553	0.161	0.048	1	chr9-137555770-137556872	4
0.0910769477482681	1.5725555928189	0.161	0.048	1	chr12-48995134-48996059	4
0.0910769477482681	1.52186663736353	0.161	0.048	1	chr20-49899317-49900353	4
0.0917841021655198	1.41521599548098	0.194	0.071	1	chr2-191013031-191015040	4
0.0917841021655198	1.54203645711513	0.194	0.071	1	chr3-184185275-184187152	4
0.0917841021655198	1.37903150399729	0.194	0.071	1	chr5-58126943-58128386	4
0.0917841021655198	1.45452790585422	0.194	0.071	1	chr9-129026056-129029039	4
0.0917841021655198	1.28998216617181	0.194	0.071	1	chr19-58513395-58516923	4
0.092318870121319	1.23653224753293	0.226	0.095	1	chr1-2390184-2393952	4
0.092318870121319	1.18140554375585	0.226	0.095	1	chr11-73306971-73308766	4
0.092318870121319	1.18883953119187	0.226	0.095	1	chr15-40763092-40766120	4
0.092318870121319	1.0288713598171	0.226	0.095	1	chr15-63598130-63602102	4
0.0924133409381191	0.989124243522943	0.29	0.143	1	chr8-65840278-65843007	4
0.0924171832470164	1.09821302766056	0.274	0.143	1	chr10-14958894-14960950	4
0.092535810682159	1.44628564665783	0.21	0.095	1	chr6-156932671-156934849	4
0.092535810682159	1.43899171644069	0.21	0.095	1	chr8-21843872-21845515	4
0.0926383878962273	1.93689564080608	0.145	0.048	1	chr18-22466004-22467355	4
0.0926383878962273	1.93682224477694	0.145	0.048	1	chr19-1939864-1943551	4
0.092999780284354	0.741298891484847	0.339	0.167	1	chr1-179025146-179027282	4
0.093094468065103	0.786611615515114	0.274	0.119	1	chr2-241148272-241151038	4
0.093094468065103	0.911156883445521	0.274	0.119	1	chr20-51382758-51383819	4
0.0933856974817482	1.48116986119231	0.161	0.048	1	chr8-100906691-100909364	4
0.0934337460339731	2.3872399287878	0.113	0.024	1	chr1-171250825-171252123	4
0.0934337460339731	2.39462586386881	0.113	0.024	1	chr1-203537845-203538730	4
0.0934337460339731	2.32856336762881	0.113	0.024	1	chr2-8492694-8494107	4
0.0934337460339731	2.35786033517593	0.113	0.024	1	chr2-20468415-20470195	4
0.0934337460339731	2.30948084056683	0.113	0.024	1	chr2-113817897-113819087	4
0.0934337460339731	2.3727733037013	0.113	0.024	1	chr2-123643737-123644846	4
0.0934337460339731	2.30006318649263	0.113	0.024	1	chr2-239824140-239824911	4
0.0934337460339731	2.47264506221589	0.113	0.024	1	chr3-42128214-42131249	4
0.0934337460339731	2.31852169868887	0.113	0.024	1	chr3-102756454-102757504	4
0.0934337460339731	2.35249501939559	0.113	0.024	1	chr4-7805420-7806957	4
0.0934337460339731	2.45992537471388	0.113	0.024	1	chr4-54091521-54092813	4
0.0934337460339731	2.36225709834344	0.113	0.024	1	chr5-21420905-21421749	4
0.0934337460339731	2.30625559999455	0.113	0.024	1	chr5-79507779-79509283	4
0.0934337460339731	2.37383140028768	0.113	0.024	1	chr5-135747682-135748446	4
0.0934337460339731	2.35046051275253	0.113	0.024	1	chr6-107952284-107953356	4
0.0934337460339731	2.33351575461283	0.113	0.024	1	chr7-30348244-30349809	4
0.0934337460339731	2.36644594065433	0.113	0.024	1	chr8-27315185-27316943	4
0.0934337460339731	2.40293824787239	0.113	0.024	1	chr9-37201526-37202796	4
0.0934337460339731	2.43974461982438	0.113	0.024	1	chr9-128419928-128420992	4
0.0934337460339731	2.41167363821847	0.113	0.024	1	chr10-60429437-60431348	4
0.0934337460339731	2.30848794813589	0.113	0.024	1	chr12-71938604-71939384	4
0.0934337460339731	2.29634602490109	0.113	0.024	1	chr12-74390902-74393803	4
0.0934337460339731	2.29749982070439	0.113	0.024	1	chr15-40357699-40358580	4
0.0934337460339731	2.33346253003314	0.113	0.024	1	chr16-10824175-10824979	4
0.0934337460339731	2.29253235358952	0.113	0.024	1	chr17-32156673-32157756	4
0.0934337460339731	2.33093207670099	0.113	0.024	1	chr17-32696198-32697185	4
0.0934337460339731	2.49450676123608	0.113	0.024	1	chr17-74430078-74432770	4
0.0934337460339731	2.30004319533993	0.113	0.024	1	chr17-75181809-75183592	4
0.0934337460339731	2.36536501171404	0.113	0.024	1	chr18-57422088-57423011	4
0.0934337460339731	2.31666511903483	0.113	0.024	1	chr22-19935096-19935747	4
0.0934337460339731	2.357404958153	0.113	0.024	1	chr22-38548973-38550183	4
0.0935529358334681	0.986598099356391	0.258	0.119	1	chr7-49479684-49481004	4
0.0935529358334681	1.16296887105255	0.258	0.119	1	chr8-119721377-119722756	4
0.093762612752438	1.2562991954063	0.242	0.119	1	chr1-44806452-44808605	4
0.0938914869880068	1.38973491071606	0.194	0.071	1	chr3-133329182-133330906	4
0.0938914869880068	1.34060434021975	0.194	0.071	1	chr6-39724450-39725951	4
0.0939217173168516	1.58659555357346	0.177	0.071	1	chr15-24877734-24878728	4
0.0939266591239318	1.07911162820714	0.29	0.167	1	chr13-113448307-113450122	4
0.0939347594940747	0.850335491392451	0.355	0.214	1	chr6-136288040-136291360	4
0.0941645056708957	1.05841320093303	0.29	0.143	1	chr2-196290645-196292681	4
0.0942798627122672	1.21693658860954	0.226	0.095	1	chr12-103954353-103958026	4
0.0943587698842182	0.935826749003133	0.306	0.167	1	chr19-39165941-39168156	4
0.0943990436966992	0.858233787929208	0.387	0.238	1	chr9-130712257-130714010	4
0.0945476220435304	1.43168034202241	0.21	0.095	1	chr19-31571943-31573727	4
0.0945647634529093	0.925762804704541	0.339	0.19	1	chr1-185315382-185318276	4
0.0949158771596676	0.957159288672471	0.274	0.119	1	chr1-41514189-41516742	4
0.095071645990478	1.89522550640591	0.145	0.048	1	chr8-38063526-38064783	4
0.095071645990478	1.95229846978376	0.145	0.048	1	chr13-57334822-57336169	4
0.095071645990478	1.84132762868858	0.145	0.048	1	chr17-35577759-35579479	4
0.0956648507192646	1.17877619396013	0.242	0.119	1	chr19-17074102-17077293	4
0.0957411706614294	1.37233966431629	0.161	0.048	1	chr4-25312194-25313990	4
0.0957411706614294	1.65047423069919	0.161	0.048	1	chr9-104765364-104766561	4
0.0957411706614294	1.56151151261353	0.161	0.048	1	chr15-41557520-41560257	4
0.0960043525074484	1.11090948320384	0.274	0.143	1	chr6-165833903-165836151	4
0.0960374999629155	1.20507652423763	0.194	0.071	1	chr8-28092481-28094654	4
0.0960374999629155	1.31279519238798	0.194	0.071	1	chrX-19989975-19991726	4
0.0961330758070051	1.48876020867171	0.177	0.071	1	chr2-223835547-223838404	4
0.0961330758070051	1.59398412815419	0.177	0.071	1	chr19-58552938-58555714	4
0.09626875943242	2.37063772567055	0.113	0.024	1	chr1-61049553-61050720	4
0.09626875943242	2.35152896717649	0.113	0.024	1	chr1-161179513-161180964	4
0.09626875943242	2.34067125563368	0.113	0.024	1	chr1-177255399-177256889	4
0.09626875943242	2.35636383803382	0.113	0.024	1	chr1-181423235-181425545	4
0.09626875943242	2.21740627245377	0.113	0.024	1	chr2-74506634-74508657	4
0.09626875943242	2.40277152164442	0.113	0.024	1	chr2-118084774-118086995	4
0.09626875943242	2.29506762504634	0.113	0.024	1	chr2-237895577-237896958	4
0.09626875943242	2.27725167673947	0.113	0.024	1	chr3-8480383-8481611	4
0.09626875943242	2.31308871675818	0.113	0.024	1	chr3-16178089-16178946	4
0.09626875943242	2.18654865761177	0.113	0.024	1	chr3-47788662-47789739	4
0.09626875943242	2.25881108509407	0.113	0.024	1	chr3-50632087-50633510	4
0.09626875943242	2.34071833048691	0.113	0.024	1	chr3-106360471-106361813	4
0.09626875943242	2.27556613376638	0.113	0.024	1	chr3-196792574-196793825	4
0.09626875943242	2.34226246293107	0.113	0.024	1	chr4-89915700-89916497	4
0.09626875943242	2.34823292849801	0.113	0.024	1	chr4-121397514-121398864	4
0.09626875943242	2.27242002143633	0.113	0.024	1	chr4-145936099-145939209	4
0.09626875943242	2.32629059742695	0.113	0.024	1	chr4-147152020-147153538	4
0.09626875943242	2.30240315520594	0.113	0.024	1	chr5-59583161-59584704	4
0.09626875943242	2.34663431440035	0.113	0.024	1	chr5-98563710-98564335	4
0.09626875943242	2.29123575014191	0.113	0.024	1	chr5-142925538-142926648	4
0.09626875943242	2.37945857762825	0.113	0.024	1	chr6-31958387-31959760	4
0.09626875943242	2.38175026534835	0.113	0.024	1	chr6-33570668-33571824	4
0.09626875943242	2.36480600066416	0.113	0.024	1	chr6-96181937-96182905	4
0.09626875943242	2.38926750930796	0.113	0.024	1	chr7-6418945-6420114	4
0.09626875943242	2.27696963058687	0.113	0.024	1	chr7-116426257-116427033	4
0.09626875943242	2.42803517755429	0.113	0.024	1	chr8-17320237-17322516	4
0.09626875943242	2.34806064990335	0.113	0.024	1	chr8-19011557-19014044	4
0.09626875943242	2.32263491458397	0.113	0.024	1	chr9-95312743-95313652	4
0.09626875943242	2.33096618616092	0.113	0.024	1	chr9-99769337-99770296	4
0.09626875943242	2.29627915071146	0.113	0.024	1	chr9-106883817-106885918	4
0.09626875943242	2.27556377994522	0.113	0.024	1	chr9-125449144-125450222	4
0.09626875943242	2.26507288315368	0.113	0.024	1	chr10-15859520-15861149	4
0.09626875943242	2.3472186099058	0.113	0.024	1	chr11-75318642-75320515	4
0.09626875943242	2.28822314709228	0.113	0.024	1	chr11-82680001-82680827	4
0.09626875943242	2.22158020420792	0.113	0.024	1	chr11-107161333-107163293	4
0.09626875943242	2.2912081175858	0.113	0.024	1	chr12-26884610-26885545	4
0.09626875943242	2.37833186788173	0.113	0.024	1	chr12-47944833-47945799	4
0.09626875943242	2.24548760508	0.113	0.024	1	chr12-81597778-81598909	4
0.09626875943242	2.299148140129	0.113	0.024	1	chr12-132523452-132525013	4
0.09626875943242	2.42225300318507	0.113	0.024	1	chr15-60525939-60526807	4
0.09626875943242	2.38188693604447	0.113	0.024	1	chr15-83499354-83500302	4
0.09626875943242	2.25891862922691	0.113	0.024	1	chr17-2592797-2595117	4
0.09626875943242	2.31231500824587	0.113	0.024	1	chr17-34996161-34998656	4
0.09626875943242	2.2603208063708	0.113	0.024	1	chr18-24276578-24277397	4
0.09626875943242	2.27057781459102	0.113	0.024	1	chr19-46975889-46977363	4
0.09626875943242	2.36853481880636	0.113	0.024	1	chr20-37094951-37096648	4
0.0962741083558395	1.3100762413879	0.226	0.095	1	chr19-51338506-51340479	4
0.0967657271214135	0.98189841682871	0.274	0.119	1	chr1-150233432-150236908	4
0.0973070982651518	1.07631819474036	0.258	0.119	1	chr10-74150121-74152157	4
0.0973070982651518	1.21032441615091	0.258	0.119	1	chr12-6492679-6494811	4
0.0974466953978747	0.920326121849846	0.306	0.143	1	chr19-12610241-12611942	4
0.097555837087534	1.90150305667844	0.145	0.048	1	chr7-42104066-42105067	4
0.097555837087534	1.84728284170625	0.145	0.048	1	chr12-122749317-122750609	4
0.097555837087534	2.01781032177153	0.145	0.048	1	chr14-41520693-41522518	4
0.0978392733895732	1.03292948109978	0.274	0.143	1	chr9-32524674-32527031	4
0.0980396166894871	0.897504300923808	0.323	0.167	1	chr10-73784993-73786976	4
0.0981439701885611	1.43064214264402	0.161	0.048	1	chr3-32177022-32178444	4
0.0981439701885611	1.07408054272026	0.161	0.048	1	chr5-23506357-23508000	4
0.0982225922329564	1.2652474164564	0.194	0.071	1	chr1-168225130-168226942	4
0.0982225922329564	1.29693254383363	0.194	0.071	1	chr4-68669956-68671987	4
0.0982225922329564	1.32118155772381	0.194	0.071	1	chr4-185424921-185426715	4
0.0983019661257906	1.22986960629795	0.226	0.095	1	chr1-148951316-148952628	4
0.0983019661257906	1.13159937903443	0.226	0.095	1	chr3-142447018-142448539	4
0.0983019661257906	1.19701684379729	0.226	0.095	1	chr17-19647014-19649518	4
0.0983859069754697	1.54702443066376	0.177	0.071	1	chr1-7782997-7784856	4
0.0986763435312158	1.23686315716804	0.21	0.095	1	chr19-58466399-58469079	4
0.0991721918356389	2.31369165272858	0.113	0.024	1	chr1-48080229-48081334	4
0.0991721918356389	2.14540904709479	0.113	0.024	1	chr1-106480177-106481291	4
0.0991721918356389	2.15142373489858	0.113	0.024	1	chr1-232613697-232614729	4
0.0991721918356389	2.30966998642862	0.113	0.024	1	chr2-37670636-37673047	4
0.0991721918356389	2.31174280758871	0.113	0.024	1	chr2-119543931-119544862	4
0.0991721918356389	2.22826055030139	0.113	0.024	1	chr2-235048487-235049607	4
0.0991721918356389	2.24876208431944	0.113	0.024	1	chr3-24544902-24546491	4
0.0991721918356389	2.22231848832634	0.113	0.024	1	chr3-111971420-111973246	4
0.0991721918356389	2.22878135424543	0.113	0.024	1	chr3-136070930-136072436	4
0.0991721918356389	2.11866419537193	0.113	0.024	1	chr4-38925461-38926603	4
0.0991721918356389	2.3241946508044	0.113	0.024	1	chr4-126071416-126072377	4
0.0991721918356389	2.26050255522298	0.113	0.024	1	chr4-174626299-174627161	4
0.0991721918356389	2.1610429284064	0.113	0.024	1	chr5-13956593-13957540	4
0.0991721918356389	2.20992419987917	0.113	0.024	1	chr5-101782143-101783503	4
0.0991721918356389	2.25991207811793	0.113	0.024	1	chr5-124000349-124001421	4
0.0991721918356389	2.21280951070489	0.113	0.024	1	chr5-151107859-151108919	4
0.0991721918356389	2.29261085223748	0.113	0.024	1	chr6-148559523-148560445	4
0.0991721918356389	2.31505905599687	0.113	0.024	1	chr7-96211985-96213368	4
0.0991721918356389	2.24498307723526	0.113	0.024	1	chr7-107995615-107996753	4
0.0991721918356389	2.24583584620534	0.113	0.024	1	chr7-137195998-137197011	4
0.0991721918356389	2.19625216782561	0.113	0.024	1	chr9-87386390-87387248	4
0.0991721918356389	2.23315784339151	0.113	0.024	1	chr9-121508117-121509244	4
0.0991721918356389	2.22431312879726	0.113	0.024	1	chr9-121881671-121882571	4
0.0991721918356389	2.24182239236014	0.113	0.024	1	chr9-137118601-137119272	4
0.0991721918356389	2.23905635485699	0.113	0.024	1	chr10-57217962-57219905	4
0.0991721918356389	2.26618250659548	0.113	0.024	1	chr10-76113823-76115973	4
0.0991721918356389	2.18666016554914	0.113	0.024	1	chr10-113756933-113757842	4
0.0991721918356389	2.23570533391683	0.113	0.024	1	chr12-101487903-101489208	4
0.0991721918356389	2.31178649025203	0.113	0.024	1	chr13-27549081-27550333	4
0.0991721918356389	2.3229374020073	0.113	0.024	1	chr13-98650126-98650961	4
0.0991721918356389	2.27305725852446	0.113	0.024	1	chr14-61837337-61838067	4
0.0991721918356389	2.1829011526758	0.113	0.024	1	chr15-26615550-26616324	4
0.0991721918356389	2.19568449208743	0.113	0.024	1	chr15-50215623-50216450	4
0.0991721918356389	2.28082884875744	0.113	0.024	1	chr16-58235948-58236988	4
0.0991721918356389	2.2850596247918	0.113	0.024	1	chr17-15260219-15261503	4
0.0991721918356389	2.25589650091292	0.113	0.024	1	chr17-74960675-74962079	4
0.0991721918356389	2.24998042588118	0.113	0.024	1	chr18-58237143-58238227	4
0.0991721918356389	2.3119507810825	0.113	0.024	1	chr18-67410660-67412043	4
0.0991721918356389	2.33206720987454	0.113	0.024	1	chr18-76842740-76843948	4
0.0991721918356389	2.25684277288526	0.113	0.024	1	chr19-45450014-45451621	4
0.0991721918356389	2.27783502151554	0.113	0.024	1	chr20-22999421-23000629	4
0.0991721918356389	2.26087349155473	0.113	0.024	1	chr20-57143087-57144461	4
0.0991721918356389	2.30097228310048	0.113	0.024	1	chr20-62433444-62434647	4
0.0991721918356389	2.17823397767223	0.113	0.024	1	chr21-21238650-21239609	4
0.0991721918356389	2.23393512316587	0.113	0.024	1	chr21-46317584-46320290	4
0.0991721918356389	2.35188552206403	0.113	0.024	1	chr22-17509267-17510908	4
0.0992288330878325	0.952639294537094	0.258	0.119	1	chr8-1744615-1746762	4
0.0992288330878325	1.15224113691819	0.258	0.119	1	chr19-2475740-2479252	4
0.099561963884126	1.26239195807128	0.242	0.119	1	chr3-148990960-148992938	4
0.099561963884126	1.15090022494667	0.242	0.119	1	chr12-82357325-82360056	4
0.099561963884126	1.26289869370726	0.242	0.119	1	chr20-29079566-29081057	4
0.0996193096739589	0.998275099366266	0.306	0.167	1	chr3-46978864-46981027	4
0.0997970557230616	0.936620383121794	0.323	0.167	1	chr13-31160687-31163497	4
0.100091636719033	1.80091438364686	0.145	0.048	1	chr1-48043242-48044126	4
0.100091636719033	1.89934549417123	0.145	0.048	1	chr1-226737903-226740081	4
0.100091636719033	1.8591628783538	0.145	0.048	1	chr5-151779296-151781603	4
0.100091636719033	1.92399270267534	0.145	0.048	1	chr7-40898964-40899699	4
0.100091636719033	1.88414282796682	0.145	0.048	1	chr14-67546938-67547999	4
0.100164068774502	0.807701915671765	0.355	0.19	1	chr10-103395287-103397868	4
0.100363794301958	1.1744394211555	0.226	0.095	1	chr5-41924588-41926244	4
0.100363794301958	1.16059145853716	0.226	0.095	1	chr11-83430973-83432158	4
0.100447213884327	1.39966400547895	0.194	0.071	1	chr3-177299681-177300754	4
0.100447213884327	1.28236164237373	0.194	0.071	1	chr4-68129610-68130475	4
0.100594697445699	1.2099525544658	0.161	0.048	1	chr7-141550541-141552080	4
0.100680702432097	1.59147093469586	0.177	0.071	1	chr1-212790416-212792938	4
0.100680702432097	1.57274651129923	0.177	0.071	1	chr2-15893190-15894998	4
0.100680702432097	1.56925833274795	0.177	0.071	1	chr6-108706793-108708215	4
0.100680702432097	1.61457668247998	0.177	0.071	1	chr10-3067159-3069440	4
0.100680702432097	1.53263564868462	0.177	0.071	1	chr15-67541456-67543747	4
0.100680702432097	1.45159129665628	0.177	0.071	1	chr17-62725504-62726543	4
0.100719116020673	0.732866365844064	0.435	0.333	1	chr5-107666176-107674147	4
0.101071390534558	0.867841527843898	0.306	0.143	1	chr1-42462573-42464146	4
0.101180733643769	1.05202722794042	0.258	0.119	1	chr7-7967872-7970412	4
0.101557469631744	1.22749144165215	0.242	0.119	1	chr5-7851184-7852570	4
0.101557469631744	1.24797633388675	0.242	0.119	1	chr6-109690081-109691988	4
0.1015795303743	0.814836346386638	0.323	0.167	1	chr1-169794052-169795968	4
0.1015795303743	0.897986884791395	0.323	0.167	1	chr4-17576268-17578854	4
0.10214508321706	2.19358835333138	0.113	0.024	1	chr1-9505040-9505991	4
0.10214508321706	2.24008350543445	0.113	0.024	1	chr1-59856298-59857743	4
0.10214508321706	2.22069332831608	0.113	0.024	1	chr1-110202739-110204101	4
0.10214508321706	2.19902810287276	0.113	0.024	1	chr1-192849145-192850014	4
0.10214508321706	2.06054504390532	0.113	0.024	1	chr1-198079392-198080365	4
0.10214508321706	2.21501694703184	0.113	0.024	1	chr1-239035061-239036218	4
0.10214508321706	2.21289348691643	0.113	0.024	1	chr2-38157902-38160298	4
0.10214508321706	2.0875950432782	0.113	0.024	1	chr2-47402540-47404140	4
0.10214508321706	2.22458366551939	0.113	0.024	1	chr2-176758278-176759113	4
0.10214508321706	2.10911803794174	0.113	0.024	1	chr2-224449169-224450159	4
0.10214508321706	2.21230959192457	0.113	0.024	1	chr2-226115042-226116279	4
0.10214508321706	2.17020396882661	0.113	0.024	1	chr3-89851884-89853164	4
0.10214508321706	2.17402925740144	0.113	0.024	1	chr3-118884605-118885377	4
0.10214508321706	2.3008802121164	0.113	0.024	1	chr3-124688590-124689447	4
0.10214508321706	2.0526637844755	0.113	0.024	1	chr3-139427306-139428331	4
0.10214508321706	2.10725534940004	0.113	0.024	1	chr4-48999906-49001263	4
0.10214508321706	2.09677094682856	0.113	0.024	1	chr4-98976606-98977317	4
0.10214508321706	2.08492367255802	0.113	0.024	1	chr4-110230169-110230988	4
0.10214508321706	2.21964889534742	0.113	0.024	1	chr6-46014958-46016059	4
0.10214508321706	2.18441132287611	0.113	0.024	1	chr6-111706986-111708471	4
0.10214508321706	2.08369294693398	0.113	0.024	1	chr6-142420952-142422128	4
0.10214508321706	2.01323325798818	0.113	0.024	1	chr6-143721551-143722286	4
0.10214508321706	2.19585661082686	0.113	0.024	1	chr7-96327190-96328248	4
0.10214508321706	2.23188567968409	0.113	0.024	1	chr7-117605507-117606189	4
0.10214508321706	2.18261428854133	0.113	0.024	1	chr8-19045225-19046000	4
0.10214508321706	2.14621618593416	0.113	0.024	1	chr8-30015963-30016515	4
0.10214508321706	2.19028221295984	0.113	0.024	1	chr9-14652517-14653204	4
0.10214508321706	2.28285105841541	0.113	0.024	1	chr9-76827251-76829885	4
0.10214508321706	2.20080112454926	0.113	0.024	1	chr9-121319838-121320600	4
0.10214508321706	2.1940523467248	0.113	0.024	1	chr9-130578686-130580319	4
0.10214508321706	2.18380105892829	0.113	0.024	1	chr10-29098770-29099899	4
0.10214508321706	2.21696094832406	0.113	0.024	1	chr10-46523230-46525578	4
0.10214508321706	2.203893886028	0.113	0.024	1	chr10-114714135-114715783	4
0.10214508321706	2.0190973880984	0.113	0.024	1	chr11-130875992-130876777	4
0.10214508321706	2.17057875783262	0.113	0.024	1	chr12-26056054-26056855	4
0.10214508321706	2.24446015425335	0.113	0.024	1	chr13-20772785-20774283	4
0.10214508321706	2.18499468013168	0.113	0.024	1	chr14-22973460-22974079	4
0.10214508321706	2.26880674854127	0.113	0.024	1	chr14-23569404-23570306	4
0.10214508321706	2.13175808176429	0.113	0.024	1	chr14-74251276-74252162	4
0.10214508321706	2.18473971206633	0.113	0.024	1	chr14-93939303-93940205	4
0.10214508321706	2.1499968236807	0.113	0.024	1	chr14-95477422-95478507	4
0.10214508321706	2.22563268142495	0.113	0.024	1	chr14-101980186-101981149	4
0.10214508321706	2.1523708207202	0.113	0.024	1	chr15-51204964-51205987	4
0.10214508321706	2.29838989790696	0.113	0.024	1	chr15-63610031-63611046	4
0.10214508321706	2.22519710497062	0.113	0.024	1	chr15-77870216-77871086	4
0.10214508321706	2.05447881353442	0.113	0.024	1	chr16-2976334-2978547	4
0.10214508321706	2.28667126026782	0.113	0.024	1	chr16-58487411-58488496	4
0.10214508321706	2.17496987307866	0.113	0.024	1	chr16-71537600-71538132	4
0.10214508321706	2.14944525198607	0.113	0.024	1	chr16-75590590-75591839	4
0.10214508321706	2.0352169201003	0.113	0.024	1	chr17-60355513-60356630	4
0.10214508321706	2.0720289238515	0.113	0.024	1	chr20-18137373-18139250	4
0.10214508321706	2.20043876981723	0.113	0.024	1	chr20-54084563-54085798	4
0.102459950247468	1.21258950184868	0.226	0.095	1	chrX-69503387-69506499	4
0.102533722738873	0.562004809802612	0.548	0.357	1	chr1-154999692-155008924	4
0.102679718389043	1.81599382153005	0.145	0.048	1	chr1-112390501-112391473	4
0.102679718389043	1.77258698848603	0.145	0.048	1	chr5-71752110-71753545	4
0.102679718389043	1.85408726980918	0.145	0.048	1	chr5-126464579-126465581	4
0.102679718389043	1.80855411806308	0.145	0.048	1	chr6-27751961-27754526	4
0.102679718389043	1.87720033740883	0.145	0.048	1	chrX-107205585-107206893	4
0.102711813767369	1.2730315409768	0.194	0.071	1	chr4-135863477-135864894	4
0.102711813767369	1.21065041725538	0.194	0.071	1	chrX-52934223-52935841	4
0.102947760030329	1.33055394854061	0.21	0.095	1	chr19-19487620-19490998	4
0.103017952381195	1.5402553475177	0.177	0.071	1	chr16-2603013-2604388	4
0.103017952381195	1.46807492550751	0.177	0.071	1	chr18-72865287-72869173	4
0.103123621919689	0.85059235080969	0.339	0.19	1	chr2-236569209-236586359	4
0.103163096502472	1.08799281669472	0.258	0.119	1	chr3-128050444-128053491	4
0.103163096502472	1.07630433641892	0.258	0.119	1	chr8-32353440-32354181	4
0.103254477972646	0.925917052280472	0.306	0.167	1	chr4-119454080-119456359	4
0.103787663604547	0.60248116411521	0.468	0.31	1	chr17-28742750-28751084	4
0.103980901872714	0.797601627184671	0.355	0.214	1	chr5-139402502-139404845	4
0.10424066931689	0.707417641512574	0.387	0.214	1	chr3-127588760-127593100	4
0.104514026800649	0.82391583410986	0.339	0.214	1	chr19-11373568-11376100	4
0.104590790284261	1.12574781872625	0.226	0.095	1	chr3-136022567-136024023	4
0.104590790284261	1.16580498172211	0.226	0.095	1	chr5-32887003-32889633	4
0.104590790284261	1.13161612768026	0.226	0.095	1	chr12-8242101-8244891	4
0.105016839314561	1.30321059864785	0.194	0.071	1	chr4-71497934-71498867	4
0.105137936284217	1.33414552908305	0.21	0.095	1	chr1-239025851-239027086	4
0.105137936284217	1.3719732420127	0.21	0.095	1	chr15-89149406-89151965	4
0.105147332841178	0.824969408341355	0.339	0.167	1	chr1-53837014-53838937	4
0.105176217381771	1.07568208886687	0.258	0.119	1	chr1-170531002-170532976	4
0.105188469532452	2.08595024713927	0.113	0.024	1	chr1-50633245-50634596	4
0.105188469532452	1.96160915993086	0.113	0.024	1	chr1-69631564-69632482	4
0.105188469532452	2.17835516448313	0.113	0.024	1	chr1-91404068-91405071	4
0.105188469532452	2.04748583199099	0.113	0.024	1	chr1-101219859-101220914	4
0.105188469532452	1.95517097975164	0.113	0.024	1	chr1-192205984-192206509	4
0.105188469532452	2.19253803944548	0.113	0.024	1	chr2-36960005-36960612	4
0.105188469532452	1.94587777486583	0.113	0.024	1	chr2-177241610-177243274	4
0.105188469532452	2.01214235844158	0.113	0.024	1	chr3-32082445-32083502	4
0.105188469532452	2.05116928531671	0.113	0.024	1	chr3-66784969-66786195	4
0.105188469532452	2.12269980026092	0.113	0.024	1	chr3-97228625-97229719	4
0.105188469532452	1.85263480924414	0.113	0.024	1	chr4-65501656-65503053	4
0.105188469532452	2.11107924531134	0.113	0.024	1	chr4-65666116-65666650	4
0.105188469532452	2.00290367631519	0.113	0.024	1	chr4-144142887-144143307	4
0.105188469532452	2.05792784039289	0.113	0.024	1	chr4-183596037-183597085	4
0.105188469532452	1.98475167400271	0.113	0.024	1	chr5-14944759-14945811	4
0.105188469532452	2.05850134371143	0.113	0.024	1	chr5-55390305-55391028	4
0.105188469532452	2.04155330268873	0.113	0.024	1	chr5-59222576-59224253	4
0.105188469532452	1.96408019899963	0.113	0.024	1	chr5-98794961-98796968	4
0.105188469532452	2.05392631709083	0.113	0.024	1	chr5-106465148-106466200	4
0.105188469532452	1.9391910201033	0.113	0.024	1	chr5-149784924-149785981	4
0.105188469532452	2.06596215873791	0.113	0.024	1	chr6-18368574-18369294	4
0.105188469532452	2.12574623891557	0.113	0.024	1	chr6-19537908-19539068	4
0.105188469532452	1.97463452164183	0.113	0.024	1	chr6-151317664-151319674	4
0.105188469532452	2.00588754583385	0.113	0.024	1	chr7-21107942-21108841	4
0.105188469532452	1.98937403299767	0.113	0.024	1	chr7-41148186-41149550	4
0.105188469532452	2.10309479417173	0.113	0.024	1	chr7-74464700-74468163	4
0.105188469532452	2.0534368918067	0.113	0.024	1	chr7-142515729-142516992	4
0.105188469532452	2.07243409848693	0.113	0.024	1	chr8-30383644-30385473	4
0.105188469532452	1.99795113452795	0.113	0.024	1	chr8-65070240-65071072	4
0.105188469532452	2.03190543736088	0.113	0.024	1	chr8-101612502-101613426	4
0.105188469532452	2.05402728726867	0.113	0.024	1	chr9-126207083-126207852	4
0.105188469532452	1.96116058937801	0.113	0.024	1	chr13-48583816-48586011	4
0.105188469532452	2.05400669980205	0.113	0.024	1	chr14-74804166-74804655	4
0.105188469532452	1.94392066445736	0.113	0.024	1	chr14-96037709-96040384	4
0.105188469532452	2.11464196047315	0.113	0.024	1	chr15-80072166-80073000	4
0.105188469532452	2.00836492542156	0.113	0.024	1	chr15-98659154-98660458	4
0.105188469532452	2.09151152119663	0.113	0.024	1	chr15-100338789-100339626	4
0.105188469532452	2.14527657469986	0.113	0.024	1	chr15-101578321-101579057	4
0.105188469532452	2.04222761874978	0.113	0.024	1	chr16-21277742-21278781	4
0.105188469532452	2.0548327655828	0.113	0.024	1	chr17-38296668-38297901	4
0.105188469532452	1.96020943317005	0.113	0.024	1	chr19-48899775-48901474	4
0.105188469532452	1.82431133913757	0.113	0.024	1	chr20-289389-291216	4
0.105188469532452	1.90780843960288	0.113	0.024	1	chr20-16760121-16761698	4
0.105188469532452	1.96194021144548	0.113	0.024	1	chr20-50855617-50856890	4
0.105188469532452	2.0797704321164	0.113	0.024	1	chr22-21582941-21584005	4
0.105188469532452	2.11235878016772	0.113	0.024	1	chr22-44691733-44693184	4
0.105188469532452	2.12278624418194	0.113	0.024	1	chr22-49487841-49488399	4
0.105320753217716	1.7427839579591	0.145	0.048	1	chr1-246723808-246725025	4
0.105320753217716	1.71487144652896	0.145	0.048	1	chr2-18649823-18651796	4
0.105320753217716	1.78744178557778	0.145	0.048	1	chr4-100281670-100282375	4
0.105320753217716	1.72967460768492	0.145	0.048	1	chr12-50024761-50026105	4
0.105320753217716	1.73717855782771	0.145	0.048	1	chr15-59528726-59529441	4
0.105320753217716	1.68983357212218	0.145	0.048	1	chr20-9235459-9236186	4
0.105398145410365	1.50870848142722	0.177	0.071	1	chr1-86870685-86872703	4
0.105398145410365	1.44271746337003	0.177	0.071	1	chr1-110477043-110478930	4
0.105401762687717	0.822037824181891	0.355	0.19	1	chr1-92298151-92300669	4
0.105643949697986	1.25095294663254	0.242	0.119	1	chr12-124565677-124569079	4
0.105822137961675	0.808840437779365	0.242	0.095	1	chr7-116952631-116955028	4
0.106061088974577	0.95561402147032	0.323	0.19	1	chr17-7258610-7265218	4
0.106715077989663	0.858709610743686	0.339	0.19	1	chr7-123533868-123535670	4
0.106715077989663	0.827947912747592	0.339	0.19	1	chr8-17799628-17804008	4
0.106756669566968	1.17917791769976	0.226	0.095	1	chr13-41960193-41961710	4
0.106756669566968	1.03876596389424	0.226	0.095	1	chr18-70205048-70206578	4
0.107079396129846	0.939310140257158	0.323	0.167	1	chr7-65750063-65752104	4
0.10719517730625	0.585524466290065	0.355	0.19	1	chr14-74491660-74494615	4
0.107362736355921	1.10093551807355	0.194	0.071	1	chr12-6372354-6378163	4
0.107364932682198	1.24641487610396	0.21	0.095	1	chr11-130159284-130162153	4
0.107513228962142	0.814618079576685	0.371	0.19	1	chr16-72008258-72009395	4
0.107735549233481	1.17969359587111	0.242	0.119	1	chr9-91836392-91839193	4
0.107735549233481	1.2675029400186	0.242	0.119	1	chr16-30697605-30700381	4
0.107821768276243	1.44720148920338	0.177	0.071	1	chr6-27388278-27389560	4
0.107821768276243	1.62609220386402	0.177	0.071	1	chr8-101503961-101506607	4
0.10788550407356	0.698900243100874	0.403	0.262	1	chr19-35715864-35719389	4
0.108015409579081	1.66900770810804	0.145	0.048	1	chr1-109483191-109484965	4
0.108015409579081	1.7296437358759	0.145	0.048	1	chr1-164667686-164668953	4
0.108015409579081	1.7572432955194	0.145	0.048	1	chr1-223859815-223860921	4
0.108015409579081	1.76075453457507	0.145	0.048	1	chr2-131801643-131802984	4
0.108015409579081	1.77145225921983	0.145	0.048	1	chr3-180858892-180859500	4
0.108015409579081	1.67383775502274	0.145	0.048	1	chr5-8612864-8613771	4
0.108015409579081	1.76693717346851	0.145	0.048	1	chr6-131062697-131064018	4
0.108015409579081	1.72120038621001	0.145	0.048	1	chr7-124489680-124490646	4
0.108015409579081	1.97742932954893	0.145	0.048	1	chr9-125511474-125512886	4
0.108015409579081	1.75087958952324	0.145	0.048	1	chr9-134325160-134330412	4
0.108015409579081	1.85296784030551	0.145	0.048	1	chr10-46028524-46031181	4
0.108015409579081	1.68499704899995	0.145	0.048	1	chr12-22045915-22047346	4
0.108015409579081	1.70874757408477	0.145	0.048	1	chr13-113362873-113364754	4
0.108015409579081	1.69815557390906	0.145	0.048	1	chr15-92077275-92077838	4
0.108015409579081	1.71284525894509	0.145	0.048	1	chr16-9123469-9124570	4
0.108015409579081	1.7068468820247	0.145	0.048	1	chr16-22195237-22196802	4
0.108015409579081	1.79639641551452	0.145	0.048	1	chr18-49813437-49814675	4
0.108015409579081	1.78150502635874	0.145	0.048	1	chr19-57915977-57917163	4
0.108303381977833	1.86110013365368	0.113	0.024	1	chr1-51551639-51552488	4
0.108303381977833	1.75700888463245	0.113	0.024	1	chr1-77263353-77265400	4
0.108303381977833	1.49015735374089	0.113	0.024	1	chr1-112803863-112804817	4
0.108303381977833	1.88251283841601	0.113	0.024	1	chr1-165541782-165544522	4
0.108303381977833	1.98558074792629	0.113	0.024	1	chr1-197556646-197557795	4
0.108303381977833	2.00099192771068	0.113	0.024	1	chr2-79139081-79139950	4
0.108303381977833	1.74150866563295	0.113	0.024	1	chr2-108904643-108906010	4
0.108303381977833	1.90142633616734	0.113	0.024	1	chr3-142691257-142692215	4
0.108303381977833	1.72414762391674	0.113	0.024	1	chr4-101341101-101343609	4
0.108303381977833	1.84158978096841	0.113	0.024	1	chr4-110617337-110618656	4
0.108303381977833	1.9629907134201	0.113	0.024	1	chr5-31990074-31991301	4
0.108303381977833	1.89576732105624	0.113	0.024	1	chr5-161700948-161702896	4
0.108303381977833	1.8782645276343	0.113	0.024	1	chr6-3156750-3158022	4
0.108303381977833	1.96795509078362	0.113	0.024	1	chr6-56555230-56555824	4
0.108303381977833	1.76580361364061	0.113	0.024	1	chr6-113351517-113352958	4
0.108303381977833	1.86098754000005	0.113	0.024	1	chr7-50659354-50668701	4
0.108303381977833	2.06448304693538	0.113	0.024	1	chr7-116525844-116526761	4
0.108303381977833	1.94972704620944	0.113	0.024	1	chr7-120591525-120592327	4
0.108303381977833	1.91794757605821	0.113	0.024	1	chr7-153192945-153193670	4
0.108303381977833	1.73473373266261	0.113	0.024	1	chr8-101387862-101389270	4
0.108303381977833	1.8701171710913	0.113	0.024	1	chr8-109281512-109282589	4
0.108303381977833	1.81156545560894	0.113	0.024	1	chr8-144949931-144951299	4
0.108303381977833	1.86900092107873	0.113	0.024	1	chr10-61223314-61223897	4
0.108303381977833	1.7396386730887	0.113	0.024	1	chr10-99344222-99345650	4
0.108303381977833	1.92645779585138	0.113	0.024	1	chr12-47370022-47371173	4
0.108303381977833	2.0290274671207	0.113	0.024	1	chr13-112493879-112495892	4
0.108303381977833	1.80296827074935	0.113	0.024	1	chr14-32307750-32308691	4
0.108303381977833	1.96662888286363	0.113	0.024	1	chr15-30940113-30940889	4
0.108303381977833	2.03336426592268	0.113	0.024	1	chr16-50266684-50267986	4
0.108303381977833	2.00155092399185	0.113	0.024	1	chr17-59863493-59864182	4
0.108303381977833	2.05023640595481	0.113	0.024	1	chr17-81277054-81277967	4
0.108303381977833	1.95314211127493	0.113	0.024	1	chr19-7568294-7568951	4
0.108303381977833	1.87704389499518	0.113	0.024	1	chr19-49097373-49099440	4
0.108303381977833	1.95106699786502	0.113	0.024	1	chr20-8981178-8982570	4
0.108303381977833	1.95623555591888	0.113	0.024	1	chr20-35994861-35995489	4
0.108303381977833	1.88576724973969	0.113	0.024	1	chr20-46013733-46014685	4
0.108303381977833	2.00370887798322	0.113	0.024	1	chr21-15659464-15660798	4
0.108303381977833	1.96345681644192	0.113	0.024	1	chrX-152895311-152896365	4
0.10895794195517	1.07276393628311	0.226	0.095	1	chr12-6752064-6754312	4
0.108964238134243	0.913150730238659	0.323	0.167	1	chr9-36189903-36192326	4
0.108964238134243	0.803875143784115	0.323	0.167	1	chr16-54285186-54287672	4
0.109103814211071	0.737841285155431	0.403	0.238	1	chr16-57184737-57188404	4
0.109149433234394	0.937495508705168	0.29	0.143	1	chr3-101572860-101575342	4
0.10929591125568	0.951635352871676	0.258	0.119	1	chr3-157469218-157470977	4
0.109314684976049	0.829286711213469	0.355	0.214	1	chr19-7942801-7944873	4
0.10944434496642	0.97555192480117	0.274	0.143	1	chr3-14452269-14453613	4
0.10944434496642	1.0183780051157	0.274	0.143	1	chr11-68838136-68842216	4
0.109629128542863	1.35049587893882	0.21	0.095	1	chr2-16739802-16740994	4
0.109859803408212	1.20614739991415	0.242	0.119	1	chr8-143382241-143387081	4
0.109859803408212	1.13377336884346	0.242	0.119	1	chr17-2395516-2397616	4
0.110289305687229	1.51741256839267	0.177	0.071	1	chr2-235493381-235497366	4
0.110289305687229	1.42446847671363	0.177	0.071	1	chr14-21382896-21385014	4
0.110289305687229	1.49505345137978	0.177	0.071	1	chr16-30984363-30986220	4
0.110289305687229	1.42236990473254	0.177	0.071	1	chrX-40104250-40107071	4
0.110764352733135	1.73674589657735	0.145	0.048	1	chr1-206478002-206480049	4
0.110764352733135	1.72807465800139	0.145	0.048	1	chr7-155214008-155215205	4
0.110764352733135	1.70012361826384	0.145	0.048	1	chr7-156714101-156715302	4
0.110764352733135	1.69744474220533	0.145	0.048	1	chr9-77018045-77019440	4
0.110764352733135	1.97039999048649	0.145	0.048	1	chr13-108217374-108220417	4
0.110764352733135	1.69467133159184	0.145	0.048	1	chrX-40084701-40086212	4
0.110840706256889	0.831718915021402	0.306	0.167	1	chr1-46516081-46517953	4
0.111148305313593	0.883361804541076	0.29	0.143	1	chr8-96493111-96495971	4
0.111403070584622	0.929870139756035	0.258	0.119	1	chr3-33095339-33098005	4
0.111574544611997	1.04837061475273	0.258	0.143	1	chr16-19715457-19719210	4
0.111930901580236	1.26869564332834	0.21	0.095	1	chr1-33180303-33182904	4
0.111930901580236	1.30211027433057	0.21	0.095	1	chr2-74481875-74483802	4
0.111930901580236	1.27762975081779	0.21	0.095	1	chr2-232890174-232891996	4
0.112017021913109	1.09077861898627	0.242	0.119	1	chr4-81650473-81652342	4
0.112017021913109	1.05000166388292	0.242	0.119	1	chr14-93016539-93020179	4
0.112017021913109	1.07125252320489	0.242	0.119	1	chr19-45862237-45863619	4
0.112171773441025	0.566062416173332	0.532	0.31	1	chr19-18519832-18523062	4
0.112178919103627	1.23048858890663	0.194	0.071	1	chr7-155646685-155648585	4
0.112592829632379	0.974562295911457	0.29	0.167	1	chr1-75723252-75726507	4
0.112592829632379	0.980367928111225	0.29	0.167	1	chr7-40976917-40978638	4
0.112801240083283	1.53325426315225	0.177	0.071	1	chr1-223142324-223144176	4
0.112801240083283	1.4809740386291	0.177	0.071	1	chr13-40788819-40790666	4
0.112801240083283	1.40685454585838	0.177	0.071	1	chr15-43370079-43372014	4
0.112804416952465	0.891027644901168	0.306	0.167	1	chr22-41090961-41094468	4
0.112812575609488	0.946290393887574	0.306	0.19	1	chr6-170552496-170554902	4
0.113019980800713	0.6246308681216	0.452	0.286	1	chr1-167713790-167717116	4
0.1131759614842	0.879555983899511	0.29	0.143	1	chr17-60599207-60602407	4
0.1131759614842	0.893257566385212	0.29	0.143	1	chr19-49869013-49870643	4
0.113402436279422	0.619545356819995	0.468	0.333	1	chr9-134374425-134379576	4
0.11346807423377	1.12271285101942	0.226	0.095	1	chr13-112770729-112773457	4
0.11346807423377	1.15164463084897	0.226	0.095	1	chr19-37778721-37780185	4
0.113542160411313	1.01209116265821	0.258	0.119	1	chr2-240996042-240999889	4
0.113568244452395	1.65610671374737	0.145	0.048	1	chr1-113790262-113790982	4
0.113568244452395	1.61250794173917	0.145	0.048	1	chr1-217672990-217674621	4
0.113568244452395	1.65779652321084	0.145	0.048	1	chr7-77198158-77200045	4
0.113568244452395	1.73103790410341	0.145	0.048	1	chr9-108963194-108964188	4
0.113568244452395	1.72604397240249	0.145	0.048	1	chr10-114279452-114280731	4
0.113568244452395	1.64633135558777	0.145	0.048	1	chr11-22477332-22480153	4
0.113568244452395	1.70479297391803	0.145	0.048	1	chr12-55908621-55910534	4
0.113568244452395	1.61743431350244	0.145	0.048	1	chr12-96657876-96658945	4
0.113568244452395	1.62562166247327	0.145	0.048	1	chr15-40095671-40096690	4
0.113568244452395	1.66883048927817	0.145	0.048	1	chr16-22436482-22437766	4
0.113568244452395	1.65416375199906	0.145	0.048	1	chr17-28527434-28528848	4
0.113599652352351	0.850624008305355	0.323	0.19	1	chr10-24469620-24471077	4
0.113599652352351	0.81868770858182	0.323	0.19	1	chr14-61694645-61697582	4
0.113677469144592	1.02144074700765	0.258	0.143	1	chr2-219386914-219389191	4
0.113852155942821	0.722915754938971	0.435	0.286	1	chr8-81730902-81733194	4
0.113909749867609	0.573953384595894	0.484	0.333	1	chr10-25174238-25177318	4
0.114207513081905	1.07872286693077	0.242	0.119	1	chr4-2811497-2813261	4
0.114207513081905	1.05266068305059	0.242	0.119	1	chr8-17576193-17578378	4
0.114270627756123	1.26331616192964	0.21	0.095	1	chr6-156719386-156721734	4
0.114270627756123	1.20222150389845	0.21	0.095	1	chr9-128770912-128772727	4
0.114270627756123	1.25069977472097	0.21	0.095	1	chr18-58211249-58212696	4
0.114424596206478	0.770691126411363	0.403	0.238	1	chr3-128079572-128086152	4
0.114650086761199	1.09201600593138	0.194	0.071	1	chr2-17752774-17755148	4
0.114685821550124	0.521984610078755	0.581	0.429	1	chr1-207024162-207034524	4
0.114911485688851	0.69541179206441	0.387	0.214	1	chr2-171432960-171435331	4
0.115232650570762	0.934428979892993	0.29	0.143	1	chr9-5832023-5833630	4
0.115232650570762	0.992849914162824	0.29	0.143	1	chr17-1454481-1457054	4
0.115358051412869	1.43520633263435	0.177	0.071	1	chr1-40024255-40025346	4
0.115358051412869	1.48920234104491	0.177	0.071	1	chr9-129166332-129168464	4
0.115358051412869	1.38633147529733	0.177	0.071	1	chr12-109879690-109881240	4
0.115358051412869	1.38886501354946	0.177	0.071	1	chr18-2997932-2999875	4
0.115358051412869	1.37155334266259	0.177	0.071	1	chr19-2782519-2783846	4
0.115641655185295	1.06422972852008	0.274	0.143	1	chr4-146520498-146523248	4
0.115777634196695	1.08307057283379	0.226	0.095	1	chr8-102917384-102918616	4
0.11580009984215	0.663773620286084	0.419	0.238	1	chr4-121869492-121871228	4
0.116427742643111	1.64969713104362	0.145	0.048	1	chr1-1470307-1473446	4
0.116427742643111	1.66043442005669	0.145	0.048	1	chr1-27788709-27790550	4
0.116427742643111	1.62422781579363	0.145	0.048	1	chr1-39690992-39691906	4
0.116427742643111	1.69422945676547	0.145	0.048	1	chr2-85615668-85617016	4
0.116427742643111	1.62966825618783	0.145	0.048	1	chr2-237966184-237967959	4
0.116427742643111	1.66751449655425	0.145	0.048	1	chr5-173901843-173903663	4
0.116427742643111	1.63276862841266	0.145	0.048	1	chr7-48109884-48110972	4
0.116427742643111	1.62892809517002	0.145	0.048	1	chr7-127945817-127946872	4
0.116427742643111	1.61079535900126	0.145	0.048	1	chr8-47302648-47303550	4
0.116427742643111	1.69206469097575	0.145	0.048	1	chr10-11225619-11226827	4
0.116427742643111	1.43954025615553	0.145	0.048	1	chr10-118725739-118726868	4
0.116427742643111	1.60878665270472	0.145	0.048	1	chr11-44139524-44141319	4
0.116427742643111	1.65637119877058	0.145	0.048	1	chr11-46346855-46348395	4
0.116427742643111	1.70602748659666	0.145	0.048	1	chr11-111960562-111961736	4
0.116427742643111	1.71908343163205	0.145	0.048	1	chr12-96093486-96094858	4
0.116427742643111	1.62151425046884	0.145	0.048	1	chr14-40983207-40984682	4
0.116427742643111	1.64774289634654	0.145	0.048	1	chr16-7137639-7138650	4
0.116427742643111	1.66026933537028	0.145	0.048	1	chr22-39292219-39294309	4
0.116431583783675	1.04480471794875	0.242	0.119	1	chr22-50006009-50008790	4
0.116648681130762	1.32765317259973	0.21	0.095	1	chr1-87385308-87387196	4
0.116648681130762	1.24956406310641	0.21	0.095	1	chr3-182792537-182796042	4
0.116648681130762	1.23112489510397	0.21	0.095	1	chr7-142853612-142855250	4
0.116648681130762	1.18257399304433	0.21	0.095	1	chr12-53220223-53222078	4
0.116655500185909	0.923990573731209	0.29	0.167	1	chr16-31712167-31714836	4
0.116770703824596	0.651927514254297	0.387	0.214	1	chr4-6268910-6272469	4
0.117318620250162	0.90218999295043	0.29	0.143	1	chr5-136132131-136134359	4
0.117728910524156	0.576171236535494	0.484	0.357	1	chr19-58572112-58576488	4
0.117960216907144	1.35458954350183	0.177	0.071	1	chr3-44476265-44478333	4
0.117960216907144	1.38116321157794	0.177	0.071	1	chr5-179023196-179024314	4
0.117960216907144	1.44327599656061	0.177	0.071	1	chr7-111191590-111193374	4
0.117960216907144	1.36613303649351	0.177	0.071	1	chr17-75853301-75856597	4
0.117960216907144	1.46904553243276	0.177	0.071	1	chr18-46096541-46099171	4
0.117976864086604	1.02665451911258	0.258	0.143	1	chr17-19361835-19363447	4
0.118086485723824	0.788599102635416	0.339	0.19	1	chr11-34356833-34359865	4
0.118468401970163	0.659861207082501	0.355	0.19	1	chr4-159102344-159105230	4
0.118689539314264	0.985836438315771	0.242	0.119	1	chr2-190318250-190320331	4
0.118860365905643	0.771725971305175	0.306	0.167	1	chr11-62669173-62672940	4
0.119065433711819	1.1769047351332	0.21	0.095	1	chr1-161427488-161428752	4
0.119065433711819	1.18730697198648	0.21	0.095	1	chr16-66660164-66663240	4
0.119343500961299	1.58488214911844	0.145	0.048	1	chr4-112296804-112298199	4
0.119343500961299	1.52211449504482	0.145	0.048	1	chr5-55600164-55602053	4
0.119343500961299	1.54585158060055	0.145	0.048	1	chr5-164191052-164191996	4
0.119343500961299	1.60463756784	0.145	0.048	1	chr5-174720854-174726047	4
0.119343500961299	1.61760356112476	0.145	0.048	1	chr6-31717498-31719244	4
0.119343500961299	1.63700241120855	0.145	0.048	1	chr6-33787611-33789648	4
0.119343500961299	1.69486609636027	0.145	0.048	1	chr7-51263121-51264465	4
0.119343500961299	1.61451474659325	0.145	0.048	1	chr8-26133519-26134738	4
0.119343500961299	1.58498874941851	0.145	0.048	1	chr9-72532889-72533993	4
0.119343500961299	1.65426840562447	0.145	0.048	1	chr9-122374770-122377382	4
0.119343500961299	1.66160582060892	0.145	0.048	1	chr10-28495975-28497188	4
0.119343500961299	1.64465394896406	0.145	0.048	1	chr10-106141343-106142518	4
0.119924210956418	0.943592591824266	0.274	0.143	1	chr9-129108512-129112435	4
0.119924210956418	0.79839201722157	0.274	0.143	1	chr10-7232988-7234538	4
0.119947510487834	0.676339222396691	0.403	0.238	1	chr4-139553937-139558216	4
0.119987240039388	0.676437543254314	0.419	0.286	1	chr7-56105218-56107109	4
0.12015390606883	1.00110735505741	0.258	0.119	1	chr22-38505284-38507027	4
0.120173879603945	1.09594136276868	0.258	0.143	1	chr3-42476009-42477575	4
0.120507478490536	1.0242085976293	0.226	0.095	1	chrX-134914199-134915860	4
0.120608210851478	1.43329535763899	0.177	0.071	1	chr1-911121-922402	4
0.120608210851478	1.32466068490033	0.177	0.071	1	chr1-151762655-151764358	4
0.120608210851478	1.35015132137421	0.177	0.071	1	chr2-124402015-124402934	4
0.120608210851478	1.16531590255258	0.177	0.071	1	chr4-65998575-65999906	4
0.120608210851478	1.40581442063329	0.177	0.071	1	chr4-129278394-129279320	4
0.120608210851478	1.33045762385382	0.177	0.071	1	chr12-59030110-59031066	4
0.120832431374976	0.951956856775276	0.29	0.167	1	chr13-91346820-91349638	4
0.120981683286643	1.07987086595826	0.242	0.119	1	chr3-194332495-194334406	4
0.120981683286643	1.13552424184737	0.242	0.119	1	chr9-111895941-111898402	4
0.121521255301787	1.23390573607257	0.21	0.095	1	chr1-1504508-1506213	4
0.121521255301787	1.17270756298664	0.21	0.095	1	chr4-44448340-44449640	4
0.121521255301787	1.18705419599259	0.21	0.095	1	chr4-141132049-141134420	4
0.121521255301787	1.17988163349356	0.21	0.095	1	chr5-139064171-139066029	4
0.121521255301787	1.19798390319495	0.21	0.095	1	chr15-30902979-30904373	4
0.122081365528197	0.82035754464628	0.339	0.19	1	chr8-124199581-124200850	4
0.122111568592452	0.923830701171181	0.274	0.143	1	chr6-109380933-109385444	4
0.122316168423815	1.70126690660583	0.145	0.048	1	chr1-147083996-147085445	4
0.122316168423815	1.54777620497182	0.145	0.048	1	chr2-188363672-188364670	4
0.122316168423815	1.62778667268881	0.145	0.048	1	chr3-27360062-27361210	4
0.122316168423815	1.64233396230945	0.145	0.048	1	chr3-42838463-42840265	4
0.122316168423815	1.63318786011764	0.145	0.048	1	chr5-34655928-34657401	4
0.122316168423815	1.55062077984414	0.145	0.048	1	chr6-160378401-160379674	4
0.122316168423815	1.49923463856748	0.145	0.048	1	chr8-26636933-26638096	4
0.122316168423815	1.50801416845	0.145	0.048	1	chr22-36363032-36364256	4
0.122601372479901	0.767417296862497	0.355	0.214	1	chr15-55195947-55197795	4
0.123037266857221	0.87129110781449	0.306	0.167	1	chr3-138833221-138835758	4
0.12321211249525	0.657084449528655	0.419	0.238	1	chr11-75814083-75816215	4
0.123302504354406	1.35421574794315	0.177	0.071	1	chr3-45272112-45273939	4
0.123302504354406	1.3175154516363	0.177	0.071	1	chr5-122076140-122078765	4
0.123308317520216	1.09798115632672	0.242	0.119	1	chr4-98259619-98262720	4
0.123472728630916	0.468162891052572	0.548	0.429	1	chr15-45197663-45201699	4
0.124016513343849	1.12467161960698	0.21	0.095	1	chr10-18610085-18611946	4
0.124016513343849	1.27354581744372	0.21	0.095	1	chr12-54386537-54389138	4
0.124016513343849	1.01235394408334	0.21	0.095	1	chr16-23207125-23208627	4
0.124016513343849	1.21436053438243	0.21	0.095	1	chr16-31116769-31118717	4
0.124016513343849	1.19419007036569	0.21	0.095	1	chr20-63978424-63981732	4
0.124663898280369	1.01909995235959	0.258	0.143	1	chr2-159711631-159714146	4
0.124663898280369	1.09861331389444	0.258	0.143	1	chr15-72116886-72119049	4
0.124719642906639	1.26968561374916	0.194	0.095	1	chr7-23298656-23300255	4
0.124726666480512	1.02033865543391	0.258	0.119	1	chr5-159262295-159263884	4
0.125002502879039	0.737649877561952	0.323	0.167	1	chr10-70144745-70147567	4
0.125125494840169	0.853454510518977	0.29	0.167	1	chr14-35291500-35293559	4
0.125168267911327	0.75747163476785	0.306	0.167	1	chr19-2944493-2945765	4
0.125346389014654	1.57069507590647	0.145	0.048	1	chr2-202545409-202547061	4
0.125346389014654	1.52007626914824	0.145	0.048	1	chr3-47034812-47036304	4
0.125346389014654	1.62676616071733	0.145	0.048	1	chr3-49028078-49029966	4
0.125346389014654	1.43718985280612	0.145	0.048	1	chr5-35213377-35214827	4
0.125346389014654	1.60952985628991	0.145	0.048	1	chr5-116573638-116575301	4
0.125346389014654	1.57712178029368	0.145	0.048	1	chr5-133967158-133969539	4
0.125346389014654	1.53269915481271	0.145	0.048	1	chr5-176466108-176467232	4
0.125346389014654	1.55846687386265	0.145	0.048	1	chr9-19550132-19553824	4
0.125346389014654	1.4764231971508	0.145	0.048	1	chr9-93342077-93343085	4
0.125346389014654	1.49462488555876	0.145	0.048	1	chr11-88689155-88690358	4
0.125346389014654	1.61126593825517	0.145	0.048	1	chr12-12819178-12820738	4
0.125346389014654	1.53145794127938	0.145	0.048	1	chr12-30970312-30971553	4
0.125346389014654	1.59967362393375	0.145	0.048	1	chr14-23068458-23069547	4
0.125346389014654	1.44205181520369	0.145	0.048	1	chr22-21045327-21046279	4
0.126043565114104	1.34168770098518	0.177	0.071	1	chr1-9688718-9689865	4
0.126043565114104	1.32371715985796	0.177	0.071	1	chr1-155206585-155209864	4
0.126043565114104	1.28840291805915	0.177	0.071	1	chr1-156709333-156710590	4
0.126043565114104	1.31484963061215	0.177	0.071	1	chr4-22499926-22502484	4
0.126043565114104	1.38682717573274	0.177	0.071	1	chr7-32956973-32958672	4
0.126043565114104	1.43517089059705	0.177	0.071	1	chr15-52259405-52260311	4
0.126043565114104	1.34499619501137	0.177	0.071	1	chrX-77784916-77786732	4
0.126181112356863	0.786582116329557	0.339	0.19	1	chr5-72815687-72818187	4
0.126319530449583	1.07635228651932	0.226	0.119	1	chr2-234951437-234955490	4
0.126423442037343	0.774034045027255	0.371	0.238	1	chr1-151510275-151514959	4
0.126423442037343	0.673037042845205	0.371	0.238	1	chr4-39181597-39183740	4
0.126551572766242	1.25937709838018	0.21	0.095	1	chr5-142740229-142741382	4
0.126551572766242	1.06619193200792	0.21	0.095	1	chr10-114525199-114527809	4
0.126551572766242	1.15695183646203	0.21	0.095	1	chr20-54207431-54209150	4
0.126579720734959	0.987871615616566	0.274	0.143	1	chr1-53325059-53329114	4
0.126579720734959	0.874384578172312	0.274	0.143	1	chr15-22837824-22840402	4
0.126957437182857	1.01620663600139	0.258	0.143	1	chr1-150293080-150294840	4
0.126957437182857	1.01561804657017	0.258	0.143	1	chr15-52566944-52569630	4
0.127130467564033	0.829398469711587	0.306	0.19	1	chr9-93130958-93134890	4
0.127800622364806	0.92522435000841	0.323	0.19	1	chr8-144785832-144789758	4
0.127884204847659	0.891061672216885	0.226	0.095	1	chr6-134173873-134176210	4
0.128066254409609	1.03330300974465	0.242	0.119	1	chr1-100248927-100250689	4
0.128066254409609	1.02912503565598	0.242	0.119	1	chr22-42613816-42616137	4
0.1284348012867	1.48122101851412	0.145	0.048	1	chr1-55638805-55640004	4
0.1284348012867	1.44360276015541	0.145	0.048	1	chr2-33290976-33292171	4
0.1284348012867	1.48121817366837	0.145	0.048	1	chr2-97589392-97591187	4
0.1284348012867	1.46908602957097	0.145	0.048	1	chr3-43297988-43299088	4
0.1284348012867	1.49029992518108	0.145	0.048	1	chr3-108437250-108437932	4
0.1284348012867	1.49165821417913	0.145	0.048	1	chr8-18079790-18080729	4
0.1284348012867	1.49202571353881	0.145	0.048	1	chr8-80726996-80728165	4
0.1284348012867	1.45476844096518	0.145	0.048	1	chr8-101375490-101377193	4
0.1284348012867	1.45136652530882	0.145	0.048	1	chr8-144627873-144628906	4
0.1284348012867	1.48317305556879	0.145	0.048	1	chr13-66543753-66545934	4
0.1284348012867	1.14923808870782	0.145	0.048	1	chr14-70906716-70909109	4
0.1284348012867	1.45149223452903	0.145	0.048	1	chr15-59174728-59175631	4
0.128775973067459	1.20785532358196	0.226	0.119	1	chr9-109329022-109332050	4
0.128831857182506	1.31893230894346	0.177	0.071	1	chr2-117679169-117680661	4
0.128831857182506	1.32219603234249	0.177	0.071	1	chr5-154700538-154702273	4
0.128831857182506	1.3406345154357	0.177	0.071	1	chr5-173093607-173095337	4
0.128831857182506	1.38697527422872	0.177	0.071	1	chr6-150865086-150866936	4
0.128831857182506	1.37087538010224	0.177	0.071	1	chr7-1458370-1461226	4
0.128831857182506	1.24051253124954	0.177	0.071	1	chr7-104883235-104884545	4
0.128831857182506	1.2455387641596	0.177	0.071	1	chr12-127165721-127167009	4
0.128831857182506	1.27832758363683	0.177	0.071	1	chr17-64128422-64130724	4
0.128831857182506	1.33622536897643	0.177	0.071	1	chr20-37289118-37290602	4
0.129126795825214	1.12243298302749	0.21	0.095	1	chr5-37378707-37379916	4
0.129126795825214	1.11995673706495	0.21	0.095	1	chr5-75716603-75718079	4
0.129536540674522	0.811419929683406	0.29	0.167	1	chr17-55750512-55752856	4
0.12961369245112	0.724180371777682	0.387	0.262	1	chr1-220784438-220788357	4
0.129937415128854	0.820405211928822	0.323	0.19	1	chr1-214602435-214604734	4
0.130250654284398	0.666250262929924	0.419	0.262	1	chr11-58576791-58580569	4
0.130419660001476	0.845860491905972	0.226	0.095	1	chr15-101276372-101278763	4
0.130498150726366	1.00306855423443	0.242	0.119	1	chr9-85940063-85943999	4
0.130498150726366	1.04748659728256	0.242	0.119	1	chr15-51969504-51972422	4
0.130498150726366	0.942904322933737	0.242	0.119	1	chr15-62059261-62061256	4
0.130498150726366	1.02149904753822	0.242	0.119	1	chr19-52785930-52787831	4
0.131174139737711	0.926453062309557	0.274	0.143	1	chr8-23067452-23069823	4
0.131268407478563	0.612085090327668	0.452	0.286	1	chr1-244450360-244452896	4
0.13147085587838	0.872675376185165	0.306	0.19	1	chr1-27724906-27726870	4
0.131582037959148	1.25027538098441	0.145	0.048	1	chr1-115713114-115715481	4
0.131582037959148	1.43125038733312	0.145	0.048	1	chr2-9830046-9831358	4
0.131582037959148	1.45443509383811	0.145	0.048	1	chr2-236166988-236168910	4
0.131582037959148	1.44308882405958	0.145	0.048	1	chr7-974033-975890	4
0.131582037959148	1.5982297723682	0.145	0.048	1	chr11-34330653-34332882	4
0.131582037959148	1.21188624320888	0.145	0.048	1	chr13-93226319-93228829	4
0.131582037959148	1.42273224773793	0.145	0.048	1	chr16-2473351-2476347	4
0.131582037959148	1.45860149242972	0.145	0.048	1	chr16-89815716-89817439	4
0.131582037959148	1.37497139388963	0.145	0.048	1	chr19-29664791-29668497	4
0.131667840727153	1.282059349674	0.177	0.071	1	chr3-189721847-189722828	4
0.131667840727153	1.18933563085195	0.177	0.071	1	chr7-99324721-99326887	4
0.131667840727153	1.27407264524125	0.177	0.071	1	chr7-122919247-122920486	4
0.131667840727153	1.25405995691665	0.177	0.071	1	chr9-136693437-136696603	4
0.131667840727153	1.29045603961359	0.177	0.071	1	chr11-416272-418118	4
0.131667840727153	1.24292691235087	0.177	0.071	1	chr12-122265526-122267580	4
0.131667840727153	1.31778747257209	0.177	0.071	1	chr17-7403226-7405164	4
0.131742541946599	1.06440681518817	0.21	0.095	1	chr2-65055578-65057885	4
0.131742541946599	1.12381862175674	0.21	0.095	1	chr3-20080989-20081723	4
0.131742541946599	1.09560474728303	0.21	0.095	1	chr4-185810637-185812684	4
0.131742541946599	1.08614477011401	0.21	0.095	1	chr7-106659634-106661655	4
0.131742541946599	1.12885744062259	0.21	0.095	1	chr11-34421753-34423926	4
0.131742541946599	1.15535973114418	0.21	0.095	1	chr16-4679018-4681536	4
0.131742541946599	1.19523729704313	0.21	0.095	1	chr20-58888052-58893063	4
0.131786878663783	0.731835544737929	0.29	0.167	1	chr14-32200783-32204584	4
0.131786878663783	0.84159488002321	0.29	0.167	1	chr16-69338675-69340749	4
0.132965724398115	0.957167670008661	0.242	0.119	1	chr5-61599189-61600673	4
0.132965724398115	0.984945282129833	0.242	0.119	1	chr19-17554956-17556978	4
0.134179145766246	0.681489983820599	0.387	0.238	1	chr7-76301749-76307690	4
0.134228168726533	0.728658471268632	0.403	0.286	1	chr6-154731636-154735219	4
0.134399167566101	1.10287983169886	0.21	0.095	1	chr17-21098694-21100256	4
0.134399167566101	1.14248280431543	0.21	0.095	1	chrX-101347396-101349339	4
0.134551971790896	1.08619586940361	0.177	0.071	1	chr2-101821821-101823888	4
0.134551971790896	1.14845167184175	0.177	0.071	1	chr3-59319720-59320998	4
0.134551971790896	1.28247143854753	0.177	0.071	1	chr5-75619863-75621541	4
0.134551971790896	1.17655132090879	0.177	0.071	1	chr15-101006879-101009073	4
0.134551971790896	1.24029322521441	0.177	0.071	1	chrX-107825524-107827600	4
0.134788725510814	1.22702055754149	0.145	0.048	1	chr2-101149981-101152000	4
0.134788725510814	1.35045425904189	0.145	0.048	1	chr5-37737361-37740436	4
0.134788725510814	1.33756339051581	0.145	0.048	1	chr5-160399038-160400644	4
0.134788725510814	1.40241670379778	0.145	0.048	1	chr7-18529068-18529734	4
0.134788725510814	1.49803146213826	0.145	0.048	1	chr7-142866074-142866939	4
0.134788725510814	1.41318852166905	0.145	0.048	1	chr10-112330159-112331791	4
0.13496612418319	0.714596379543124	0.355	0.214	1	chr4-84965198-84967706	4
0.135422828126985	1.22945149574459	0.194	0.095	1	chr5-59768151-59769436	4
0.13546926658224	1.06739793266607	0.242	0.119	1	chr3-48240587-48242082	4
0.13546926658224	0.981991021017832	0.242	0.119	1	chr22-38923638-38925097	4
0.135697349018403	0.695302268367043	0.387	0.262	1	chr1-70410180-70412522	4
0.1358968221047	0.966526678196532	0.274	0.143	1	chr5-150485021-150489577	4
0.1358968221047	0.945951459301248	0.274	0.143	1	chr18-48132665-48134642	4
0.135934015169346	0.548583237050287	0.484	0.357	1	chr3-66496940-66502027	4
0.136005049882623	0.809795896478361	0.339	0.214	1	chr5-69491812-69494399	4
0.13625756568384	0.822317279872421	0.306	0.167	1	chr2-96815145-96817673	4
0.136368290925938	1.10956529179311	0.226	0.119	1	chr19-42075071-42076601	4
0.136752259964258	1.07984389503748	0.242	0.143	1	chr12-19915632-19918201	4
0.137097025968337	1.07474588884825	0.21	0.095	1	chr1-83998327-83999917	4
0.137097025968337	1.10867607968179	0.21	0.095	1	chr9-19641013-19643072	4
0.137484702049567	1.24043022042478	0.177	0.071	1	chr1-154960512-154963050	4
0.137484702049567	1.18346412951955	0.177	0.071	1	chr2-61469758-61472474	4
0.137484702049567	1.26860709506936	0.177	0.071	1	chr8-73330072-73331625	4
0.137484702049567	1.22218555211639	0.177	0.071	1	chr16-21263438-21266157	4
0.137484702049567	1.22046637098451	0.177	0.071	1	chr22-21734935-21736551	4
0.137484702049567	1.31551140219564	0.177	0.071	1	chrX-63433821-63435137	4
0.138009065958646	1.00346769086969	0.242	0.119	1	chr2-3574708-3576472	4
0.138009065958646	0.935746503183617	0.242	0.119	1	chr19-54447984-54450485	4
0.138009065958646	0.996649363569603	0.242	0.119	1	chr20-31879080-31880580	4
0.138055483769587	1.21233639392453	0.145	0.048	1	chr1-42081166-42082377	4
0.138055483769587	1.28444306355967	0.145	0.048	1	chr2-227509680-227511733	4
0.138055483769587	1.33418570239423	0.145	0.048	1	chr5-139765214-139766371	4
0.138055483769587	1.36541707953338	0.145	0.048	1	chr9-84424567-84425735	4
0.138055483769587	1.38131767166613	0.145	0.048	1	chr9-131405925-131409901	4
0.138055483769587	1.23154416752539	0.145	0.048	1	chr10-89185262-89186409	4
0.138055483769587	1.20497062123468	0.145	0.048	1	chr11-12377252-12378558	4
0.138055483769587	1.43556398383807	0.145	0.048	1	chr12-49622403-49623892	4
0.138055483769587	1.45254088610793	0.145	0.048	1	chr17-66375384-66376494	4
0.138055483769587	1.15399455167417	0.145	0.048	1	chr21-38804899-38806863	4
0.138193554298142	0.780705508060033	0.339	0.214	1	chr5-132865657-132869155	4
0.138195702456842	0.857914087150656	0.306	0.19	1	chr7-77695576-77698423	4
0.138298967261709	0.695067199009506	0.419	0.262	1	chr16-11912822-11917538	4
0.138719857928425	0.904151503977035	0.29	0.167	1	chr10-70231926-70234220	4
0.138762863973389	0.820076768830522	0.323	0.19	1	chr19-12736563-12738239	4
0.138920977329683	0.956290681989893	0.258	0.143	1	chr4-77861970-77864106	4
0.138920977329683	0.96834414112144	0.258	0.143	1	chr7-45767707-45769573	4
0.138920977329683	0.978869001767593	0.258	0.143	1	chr9-110089133-110090669	4
0.138974422828404	1.11993821136077	0.226	0.119	1	chr5-134366531-134367684	4
0.138974422828404	0.990423005730981	0.226	0.119	1	chr9-86945942-86949041	4
0.138974422828404	1.12827489677357	0.226	0.119	1	chr10-79346031-79348719	4
0.139125166027143	0.725302991080756	0.339	0.19	1	chr18-58148216-58149835	4
0.139125166027143	0.8101511598415	0.323	0.214	1	chr17-42674816-42680151	4
0.139261364466749	0.878196203599718	0.258	0.119	1	chr18-214700-216372	4
0.139836467124711	1.18462228162931	0.21	0.095	1	chr3-160972853-160973875	4
0.139836467124711	1.00668546372929	0.21	0.095	1	chr12-6936490-6939547	4
0.140174530826744	0.536643634549542	0.548	0.381	1	chr19-19775584-19777528	4
0.140466478567729	1.17584945334796	0.177	0.071	1	chr2-222317891-222320296	4
0.140466478567729	1.0342600423223	0.177	0.071	1	chr3-32304147-32305641	4
0.140466478567729	1.27586670878286	0.177	0.071	1	chr5-76134081-76135817	4
0.140466478567729	1.19625319063385	0.177	0.071	1	chr6-98870591-98871936	4
0.140495275341642	0.89895904095816	0.306	0.19	1	chr7-95608284-95610385	4
0.140899984038353	0.84893613389095	0.306	0.167	1	chr11-6602370-6604927	4
0.140967208272307	0.727217865516028	0.355	0.262	1	chr1-33035872-33037382	4
0.141033945975962	1.32956868258731	0.194	0.095	1	chr3-128384874-128386339	4
0.141033945975962	1.29317977822127	0.194	0.095	1	chr20-50415017-50416441	4
0.141033945975962	1.29256981280204	0.194	0.095	1	chr22-39500787-39504011	4
0.14109224721762	0.818178534349708	0.29	0.167	1	chr2-96206932-96209528	4
0.14109224721762	0.884581495724815	0.29	0.167	1	chr12-48814247-48816824	4
0.141382925498261	1.26673212973868	0.145	0.048	1	chr4-117084670-117086047	4
0.141382925498261	1.36578748509972	0.145	0.048	1	chr5-108583383-108584101	4
0.141382925498261	1.29785178805898	0.145	0.048	1	chr6-146860351-146861590	4
0.141382925498261	1.33720577549042	0.145	0.048	1	chr10-49351441-49352604	4
0.141382925498261	1.16247697641149	0.145	0.048	1	chr10-120095276-120098774	4
0.141382925498261	1.15091817876299	0.145	0.048	1	chr12-10100669-10102171	4
0.141382925498261	1.2754738151238	0.145	0.048	1	chr12-118015998-118017476	4
0.141414668879016	0.959562019904447	0.258	0.143	1	chr16-84013511-84014885	4
0.141414668879016	0.876017766257894	0.258	0.143	1	chr17-40120877-40124900	4
0.141414668879016	1.00615094287053	0.258	0.143	1	chr19-10568141-10569867	4
0.141499495897654	0.599148198033426	0.371	0.19	1	chr3-194870353-194873212	4
0.141518223811509	1.52720292222315	0.161	0.071	1	chr2-19347342-19348704	4
0.141551718516693	1.65682763240724	0.129	0.048	1	chr4-176207702-176208477	4
0.141551718516693	2.11439026597496	0.129	0.048	1	chr5-42750743-42751808	4
0.141551718516693	1.76365771520016	0.129	0.048	1	chr6-3748203-3749754	4
0.141551718516693	1.76949514178648	0.129	0.048	1	chr11-119066811-119068257	4
0.141551718516693	1.71839553499829	0.129	0.048	1	chr13-21139726-21141254	4
0.141805763576747	1.04975695432935	0.242	0.143	1	chr11-47248153-47249654	4
0.142617837530177	0.956266566769497	0.21	0.095	1	chr7-43757960-43759525	4
0.143145895231048	0.716894592295607	0.371	0.238	1	chr19-14004761-14007372	4
0.143198577918362	0.871251997541196	0.242	0.119	1	chr11-62908522-62910068	4
0.143198577918362	0.906981271197417	0.242	0.119	1	chr17-66661079-66663767	4
0.143198577918362	0.913474617344784	0.242	0.119	1	chr19-40714659-40717905	4
0.143225630324154	0.924222429096584	0.274	0.143	1	chr8-23160762-23164627	4
0.143345310374302	0.753537041729542	0.323	0.19	1	chr17-82036476-82038226	4
0.143659885778461	0.727465762571705	0.339	0.19	1	chr3-47379602-47382147	4
0.143942616060122	0.968255195697196	0.258	0.143	1	chr10-27503497-27505828	4
0.143942616060122	0.93863407630451	0.258	0.143	1	chr10-74821220-74822709	4
0.144301549029886	1.06605838212719	0.226	0.119	1	chr18-45358716-45360310	4
0.144666952218548	1.3479025005851	0.161	0.071	1	chr5-67014769-67016322	4
0.144666952218548	1.46222701774258	0.161	0.071	1	chr7-36128270-36129609	4
0.144666952218548	1.45098074041	0.161	0.071	1	chr12-49366263-49368718	4
0.144666952218548	1.33764510943309	0.161	0.071	1	chr16-22091590-22092945	4
0.144666952218548	1.36771782596121	0.161	0.071	1	chr17-72683427-72684989	4
0.144722390318439	0.66050793338725	0.29	0.143	1	chr12-122224738-122226954	4
0.144771655977	1.23851719183323	0.145	0.048	1	chr2-73736598-73737794	4
0.144771655977	1.19419460124743	0.145	0.048	1	chr4-42852702-42854265	4
0.144771655977	1.21104504680056	0.145	0.048	1	chr5-69041494-69044218	4
0.144771655977	1.32348079006986	0.145	0.048	1	chr9-6711823-6712717	4
0.144771655977	1.28081046409209	0.145	0.048	1	chr10-15856363-15857453	4
0.145092866991848	1.81890716113478	0.129	0.048	1	chr5-133610794-133612979	4
0.145092866991848	1.81047609219501	0.129	0.048	1	chr12-122034842-122035964	4
0.145092866991848	1.88000524470636	0.129	0.048	1	chr15-95556718-95558593	4
0.145441480038985	1.06728596793136	0.21	0.095	1	chr2-38874997-38876859	4
0.145441480038985	1.1321231435023	0.21	0.095	1	chr4-77072300-77076969	4
0.145441480038985	0.979038040285038	0.21	0.095	1	chr5-131795292-131797987	4
0.145441480038985	0.929026269571144	0.21	0.095	1	chr8-90644482-90646794	4
0.145441480038985	1.11182056137097	0.21	0.095	1	chr16-11850498-11852797	4
0.145632967717846	0.54032171694798	0.468	0.31	1	chr1-202348042-202350081	4
0.145734806113032	0.804734568969678	0.274	0.143	1	chr3-119497230-119499561	4
0.145816544711786	0.479749988440478	0.5	0.333	1	chr15-92808702-92812756	4
0.145848854418334	0.940211937649242	0.242	0.119	1	chr2-214378163-214379891	4
0.145848854418334	0.946968443190373	0.242	0.119	1	chr3-134794611-134796901	4
0.145848854418334	0.8596963503013	0.242	0.119	1	chr5-112976027-112977985	4
0.145848854418334	0.966084744922338	0.242	0.119	1	chr18-63319165-63321879	4
0.145988307877123	0.731954256877482	0.355	0.214	1	chr7-35799923-35802825	4
0.146063698896636	0.531855889595938	0.452	0.31	1	chr11-130001210-130004364	4
0.146063698896636	0.5797852433417	0.452	0.31	1	chr17-38747429-38753418	4
0.146578934106475	1.1731994677642	0.177	0.071	1	chr1-23018727-23021330	4
0.146578934106475	1.17750787014906	0.177	0.071	1	chr1-88946801-88948188	4
0.146578934106475	1.09971525481915	0.177	0.071	1	chr21-16317855-16320511	4
0.146591698828184	0.6975157781128	0.403	0.262	1	chr14-77319978-77322753	4
0.146822090442045	1.20511278152289	0.194	0.095	1	chr12-12356564-12358592	4
0.146822090442045	1.15391624246339	0.194	0.095	1	chr16-46929421-46931599	4
0.146870793000463	0.689585670614792	0.371	0.214	1	chr9-15421823-15424058	4
0.147001507699073	1.08163260847423	0.242	0.143	1	chrX-81119955-81122504	4
0.147165885017563	0.611800840176328	0.468	0.333	1	chr7-66994433-66997507	4
0.147210881742303	0.692144806623229	0.29	0.143	1	chr7-35694085-35696345	4
0.147570683911996	0.841562945055922	0.306	0.19	1	chr7-157006971-157012420	4
0.147869086307566	1.42825260097055	0.161	0.071	1	chr5-179804721-179807893	4
0.147869086307566	1.33626804283668	0.161	0.071	1	chr9-124414589-124415883	4
0.147869086307566	1.39104992335074	0.161	0.071	1	chr10-51073777-51075395	4
0.147869086307566	1.44434175306967	0.161	0.071	1	chr12-6904095-6905463	4
0.147869086307566	1.42829410802662	0.161	0.071	1	chr13-23578491-23580710	4
0.14809035432594	0.75943290145714	0.306	0.167	1	chr7-92446867-92449142	4
0.148174426717613	0.612660609654587	0.516	0.357	1	chr1-243253112-243257141	4
0.14827749668797	0.859104765269398	0.274	0.143	1	chr9-120579394-120580782	4
0.14830773369945	1.03608261476702	0.21	0.095	1	chr1-26799061-26800692	4
0.14830773369945	1.01152787904534	0.21	0.095	1	chr10-75732942-75733863	4
0.14830773369945	1.03793288685195	0.21	0.095	1	chr14-22432051-22433371	4
0.14830773369945	1.025644073248	0.21	0.095	1	chr15-64840824-64842382	4
0.148467332392361	0.969674458133288	0.274	0.167	1	chr1-163289710-163290957	4
0.148701477560385	1.8042963263399	0.129	0.048	1	chr1-111919729-111921244	4
0.148701477560385	1.77764913119518	0.129	0.048	1	chr2-118185260-118186897	4
0.148701477560385	1.76404885560745	0.129	0.048	1	chr3-161224560-161226409	4
0.148701477560385	1.79502895294443	0.129	0.048	1	chr5-61408464-61409970	4
0.148701477560385	1.58201698101018	0.129	0.048	1	chr5-80877376-80878434	4
0.148701477560385	1.79701452455253	0.129	0.048	1	chr5-108100840-108102308	4
0.148701477560385	1.72889070737301	0.129	0.048	1	chr6-27230080-27231057	4
0.148701477560385	1.80067599017957	0.129	0.048	1	chr10-112716738-112717842	4
0.148701477560385	1.620623563153	0.129	0.048	1	chr11-61567119-61567977	4
0.148701477560385	1.58804596110868	0.129	0.048	1	chr18-62485752-62486967	4
0.148701477560385	1.79334450094761	0.129	0.048	1	chr19-16719203-16720293	4
0.148701477560385	1.70901662697699	0.129	0.048	1	chr22-17924095-17925563	4
0.14877516691028	0.660139970581384	0.403	0.262	1	chr5-140563525-140566070	4
0.149141865937006	0.598168964919092	0.371	0.214	1	chr5-10351468-10355667	4
0.149245597458309	0.618423142687793	0.387	0.238	1	chr4-99562809-99564367	4
0.149710481977191	1.17297180274376	0.177	0.071	1	chr1-29682296-29683657	4
0.149710481977191	1.12595716416901	0.177	0.071	1	chr3-23804325-23807661	4
0.149710481977191	1.15945591340239	0.177	0.071	1	chr7-79709428-79710450	4
0.149710481977191	1.13940731821175	0.177	0.071	1	chr18-13500110-13501837	4
0.149710481977191	1.09013827455591	0.177	0.071	1	chr18-58320969-58322490	4
0.149710481977191	1.17611084105893	0.177	0.071	1	chr18-73531221-73532338	4
0.149710481977191	1.14666946146386	0.177	0.071	1	chr21-37009628-37010564	4
0.149783464978626	1.2621774158075	0.194	0.095	1	chr1-116123488-116124634	4
0.149783464978626	1.12919267039176	0.194	0.095	1	chr7-50449385-50451377	4
0.149783464978626	1.16461910707748	0.194	0.095	1	chr9-34619899-34620992	4
0.150287407360832	0.747182851391125	0.355	0.238	1	chr16-30428697-30430812	4
0.15112509896229	1.40447203131165	0.161	0.071	1	chr1-56547442-56548719	4
0.15112509896229	1.41426118186729	0.161	0.071	1	chr7-156724814-156725808	4
0.15112509896229	1.43526831310104	0.161	0.071	1	chr13-21603319-21604699	4
0.15112509896229	1.38602904772432	0.161	0.071	1	chr20-19783733-19785340	4
0.151216933587846	1.05438102075717	0.21	0.095	1	chr11-393518-395444	4
0.151439645753162	0.665396388247007	0.371	0.214	1	chr17-78838357-78842046	4
0.151499428395995	0.677572175484643	0.387	0.238	1	chr7-25124341-25126312	4
0.151734478307747	0.878487583044675	0.258	0.143	1	chr17-4946995-4950672	4
0.152119678039138	0.804660613509564	0.371	0.238	1	chr14-66506945-66509741	4
0.152341589122262	1.00079921804376	0.242	0.143	1	chr4-145618475-145620130	4
0.152378218616722	1.87159931921476	0.129	0.048	1	chr1-201455506-201458060	4
0.152378218616722	1.59221630222154	0.129	0.048	1	chr2-95022058-95023554	4
0.152378218616722	1.60630040873476	0.129	0.048	1	chr2-120469440-120471158	4
0.152378218616722	1.51052815644475	0.129	0.048	1	chr2-154900850-154901721	4
0.152378218616722	1.77815312276052	0.129	0.048	1	chr5-128175952-128176600	4
0.152378218616722	1.81638530006466	0.129	0.048	1	chr7-2732589-2733796	4
0.152378218616722	1.57211782369736	0.129	0.048	1	chr7-86469603-86471978	4
0.152378218616722	1.55825558888725	0.129	0.048	1	chr8-85346440-85347424	4
0.152378218616722	1.89490486344122	0.129	0.048	1	chr11-128146517-128147991	4
0.152378218616722	1.69313673096647	0.129	0.048	1	chr12-120495357-120497605	4
0.152378218616722	1.64030187936945	0.129	0.048	1	chr14-55121915-55123415	4
0.152378218616722	1.70109366339488	0.129	0.048	1	chr14-65254924-65256344	4
0.152378218616722	1.90865546725235	0.129	0.048	1	chr15-90094186-90096263	4
0.152378218616722	1.7300715754455	0.129	0.048	1	chr19-34772496-34773609	4
0.152378218616722	1.68198931515091	0.129	0.048	1	chr19-39792228-39793643	4
0.152378218616722	1.66063602552589	0.129	0.048	1	chr20-45995159-45996054	4
0.152436836069649	0.736853178943359	0.323	0.167	1	chr14-92719378-92720762	4
0.152583850220151	0.976572729394852	0.226	0.119	1	chr10-33271906-33274219	4
0.152790188215687	1.14902464978831	0.194	0.095	1	chr19-40283702-40286095	4
0.152892813307726	1.09245268280471	0.177	0.071	1	chr11-18587720-18589616	4
0.152892813307726	1.0318996909358	0.177	0.071	1	chrX-47835765-47837188	4
0.152998555388913	0.641560677223903	0.387	0.262	1	chr1-157135435-157139253	4
0.153037493833112	0.73941485131029	0.306	0.167	1	chr3-120416787-120419565	4
0.153424450957882	0.783529358976232	0.274	0.19	1	chr4-41504446-41507100	4
0.153575145575881	0.943943783481457	0.274	0.167	1	chr14-49597487-49600466	4
0.154025087559708	0.906026681409049	0.242	0.119	1	chr2-218658379-218660360	4
0.154025087559708	0.911576311350307	0.242	0.119	1	chr7-94508984-94511324	4
0.154025087559708	0.888203337567452	0.242	0.119	1	chr7-158704377-158705989	4
0.154025087559708	0.968538936266804	0.242	0.119	1	chr19-2949896-2951447	4
0.154169410641477	1.0058199211252	0.21	0.095	1	chr8-81841271-81843114	4
0.154401921689917	0.981105533785289	0.258	0.143	1	chr2-232300014-232301895	4
0.154435456576697	1.42172336677718	0.161	0.071	1	chr2-19102403-19103371	4
0.154435456576697	1.35121375573675	0.161	0.071	1	chr3-195854640-195856311	4
0.154435456576697	1.27588912291877	0.161	0.071	1	chr5-87781042-87781833	4
0.154435456576697	1.42222380243969	0.161	0.071	1	chr5-160438306-160439746	4
0.154435456576697	1.34353470617906	0.161	0.071	1	chr9-115494341-115496085	4
0.154435456576697	1.42066617431412	0.161	0.071	1	chr10-79264475-79265856	4
0.154435456576697	1.37745212403963	0.161	0.071	1	chr14-91382649-91384216	4
0.154435456576697	1.38542641709196	0.161	0.071	1	chr15-48962615-48964457	4
0.154435456576697	1.44045825099225	0.161	0.071	1	chr15-77419801-77421552	4
0.154435456576697	1.30720658553545	0.161	0.071	1	chr17-12989515-12990891	4
0.154915257206613	0.765881962190483	0.306	0.19	1	chr3-100260184-100261883	4
0.155308758923528	0.745457540895965	0.323	0.19	1	chr3-49722587-49725150	4
0.155842614732727	1.0601378478894	0.194	0.095	1	chr5-30227911-30228967	4
0.155842614732727	1.06018619608709	0.194	0.095	1	chr19-29810561-29812913	4
0.15598642833941	0.909753173194465	0.29	0.167	1	chr7-8260504-8263220	4
0.156084739243333	0.648262083337439	0.387	0.238	1	chr22-39316028-39320660	4
0.156108977419724	0.863678263221243	0.274	0.143	1	chr3-170868670-170871340	4
0.156123748103129	1.53191810901833	0.129	0.048	1	chr1-60088404-60089413	4
0.156123748103129	1.62303556621644	0.129	0.048	1	chr1-64071927-64073316	4
0.156123748103129	1.5882885245236	0.129	0.048	1	chr1-219530791-219531793	4
0.156123748103129	1.43274771534881	0.129	0.048	1	chr5-131206036-131207319	4
0.156123748103129	1.45595870655447	0.129	0.048	1	chr6-157193411-157195114	4
0.156123748103129	1.57425089235069	0.129	0.048	1	chr8-27427274-27428018	4
0.156123748103129	1.63391634891746	0.129	0.048	1	chr9-128275059-128277336	4
0.156123748103129	1.60163056610704	0.129	0.048	1	chr11-107514568-107515327	4
0.156123748103129	1.65031530623685	0.129	0.048	1	chr12-94561814-94562693	4
0.156123748103129	1.70997456066129	0.129	0.048	1	chr13-48411408-48413484	4
0.156123748103129	1.65822184376496	0.129	0.048	1	chr19-1478376-1479923	4
0.156123748103129	1.54811189876178	0.129	0.048	1	chr19-3057014-3057939	4
0.156123748103129	1.58119634254846	0.129	0.048	1	chr19-3163205-3164265	4
0.156123748103129	1.73828066895952	0.129	0.048	1	chr19-8204605-8205478	4
0.156123748103129	1.72258501417354	0.129	0.048	1	chr19-17932219-17934202	4
0.156126348384108	0.983300385817461	0.177	0.071	1	chr1-1306198-1311315	4
0.156126348384108	1.04111710735214	0.177	0.071	1	chr3-28743492-28744731	4
0.156126348384108	1.11236124746397	0.177	0.071	1	chr6-108847696-108849234	4
0.156126348384108	1.08988470104652	0.177	0.071	1	chr15-101439503-101441646	4
0.156126348384108	1.00820350482264	0.177	0.071	1	chr20-63896175-63897213	4
0.156826537487343	0.894559224520671	0.242	0.119	1	chr18-46249606-46251425	4
0.157104843952272	0.953622511017114	0.258	0.143	1	chr1-222814319-222816377	4
0.157104843952272	0.920019779028847	0.258	0.143	1	chr8-118620098-118622980	4
0.157165491491022	1.00079873159786	0.21	0.095	1	chr3-48846661-48848400	4
0.157165491491022	0.984804996701761	0.21	0.095	1	chr4-6199997-6201644	4
0.157165491491022	0.916345225591139	0.21	0.095	1	chr9-14250928-14252244	4
0.157424161815212	0.806042403116676	0.306	0.19	1	chr3-185585321-185587133	4
0.157515488169499	0.531741079397241	0.435	0.286	1	chr11-8685369-8689640	4
0.157800618758691	1.40652746613375	0.161	0.071	1	chr1-161082808-161085683	4
0.157800618758691	1.49858268781575	0.161	0.071	1	chr3-184710702-184712812	4
0.157800618758691	1.41284029502204	0.161	0.071	1	chr5-69188617-69190666	4
0.157800618758691	1.33455928160498	0.161	0.071	1	chr7-140475685-140476649	4
0.157800618758691	1.29977173296252	0.161	0.071	1	chr11-3091587-3092433	4
0.157800618758691	1.30260914641898	0.161	0.071	1	chr15-85800195-85801144	4
0.157800618758691	1.30700905077618	0.161	0.071	1	chrX-14028972-14030647	4
0.157965764361453	0.383686629242094	0.661	0.524	1	chr1-202007172-202019760	4
0.158303180131275	1.02643965004889	0.226	0.119	1	chr1-93078357-93080912	4
0.158303180131275	1.01688622789919	0.226	0.119	1	chr15-77496720-77498558	4
0.158416518586145	0.639718060546656	0.387	0.238	1	chr16-714244-723425	4
0.158580735640032	0.816924490765534	0.29	0.167	1	chr4-25913183-25915700	4
0.158815480793913	0.858753023402277	0.274	0.167	1	chr13-99196416-99202015	4
0.158941094245393	1.17205484489108	0.194	0.095	1	chr7-880469-885404	4
0.158941094245393	1.16682902678767	0.194	0.095	1	chr10-32103755-32106683	4
0.158941094245393	1.21821255861524	0.194	0.095	1	chr14-85471477-85472290	4
0.158941094245393	1.2427075370438	0.194	0.095	1	chr17-45583284-45586545	4
0.158941094245393	1.09580373720935	0.194	0.095	1	chr20-47540192-47541193	4
0.159411501382352	1.01111632359372	0.177	0.071	1	chr1-200477233-200478652	4
0.159411501382352	1.03800826909179	0.177	0.071	1	chr7-104977997-104980544	4
0.159411501382352	0.95695202689913	0.177	0.071	1	chr8-78600422-78601571	4
0.159538099398691	0.587247384900268	0.452	0.333	1	chr10-1047873-1051012	4
0.159666450687555	0.843565928830532	0.242	0.119	1	chr1-155061042-155065349	4
0.159666450687555	0.873843953264553	0.242	0.119	1	chr2-97994955-97996731	4
0.159666450687555	0.740020154416761	0.242	0.119	1	chr11-65026912-65028311	4
0.159843481241416	0.896855529628815	0.258	0.143	1	chr4-76585308-76586878	4
0.159843481241416	0.891400880082345	0.258	0.143	1	chr11-34104082-34107346	4
0.159902487331166	0.754851452933693	0.387	0.262	1	chr1-174158294-174160748	4
0.159938712979115	1.62324682603738	0.129	0.048	1	chr2-204544827-204546739	4
0.159938712979115	1.55104102355859	0.129	0.048	1	chr3-18351100-18352582	4
0.159938712979115	1.64996163426105	0.129	0.048	1	chr3-122322218-122323341	4
0.159938712979115	1.59100489286828	0.129	0.048	1	chr3-191296077-191296927	4
0.159938712979115	1.58809864629283	0.129	0.048	1	chr4-61921496-61923744	4
0.159938712979115	1.51114261757103	0.129	0.048	1	chr5-52726816-52728283	4
0.159938712979115	1.5370276596366	0.129	0.048	1	chr5-179762069-179764000	4
0.159938712979115	1.53899864153355	0.129	0.048	1	chr6-28606417-28607560	4
0.159938712979115	1.53313508362145	0.129	0.048	1	chr9-69593878-69594696	4
0.159938712979115	1.69845431830487	0.129	0.048	1	chr10-16893343-16894338	4
0.159938712979115	1.52591225354862	0.129	0.048	1	chr10-58300445-58301405	4
0.159938712979115	1.5841392347108	0.129	0.048	1	chr11-3216917-3217720	4
0.159938712979115	1.59164304327652	0.129	0.048	1	chr11-120694490-120695329	4
0.159938712979115	1.56621332582971	0.129	0.048	1	chr13-62242718-62243852	4
0.159938712979115	1.6074468839825	0.129	0.048	1	chr14-52960599-52962221	4
0.159938712979115	1.53841306559995	0.129	0.048	1	chr14-60002759-60004412	4
0.159938712979115	1.63767897143251	0.129	0.048	1	chr16-20675230-20678045	4
0.159938712979115	1.50003771885353	0.129	0.048	1	chr18-67548891-67550392	4
0.159938712979115	1.54787297125899	0.129	0.048	1	chr20-1734294-1734964	4
0.159963737237837	0.755293293036855	0.323	0.167	1	chr14-21454722-21457134	4
0.160109213091679	0.724348397115746	0.339	0.238	1	chr2-32062493-32064788	4
0.160109213091679	0.721683031747975	0.339	0.238	1	chr3-184017152-184018668	4
0.160205498292215	0.960015096270972	0.21	0.095	1	chr4-94428675-94430157	4
0.160300975192729	0.691574262296192	0.323	0.19	1	chr9-33414941-33416985	4
0.160300975192729	0.759681845786843	0.323	0.19	1	chr17-49760876-49764978	4
0.160426863495609	0.744034830144141	0.339	0.19	1	chr17-75778593-75781622	4
0.160647962595212	0.565098992462925	0.468	0.31	1	chr8-102862428-102865844	4
0.160774577477074	0.615681953544771	0.387	0.238	1	chr5-118987467-118989483	4
0.161207575587105	0.733731919274449	0.29	0.167	1	chr6-125153292-125156271	4
0.161221038032477	1.33300499218786	0.161	0.071	1	chr2-117957698-117958884	4
0.161221038032477	1.3076309336768	0.161	0.071	1	chr2-120551395-120553667	4
0.161221038032477	1.3662495477037	0.161	0.071	1	chr5-14580430-14583157	4
0.161221038032477	1.29424788356013	0.161	0.071	1	chr8-132045716-132047441	4
0.161221038032477	1.27417249927375	0.161	0.071	1	chr22-46595594-46597631	4
0.161223033530834	1.04603819218869	0.226	0.119	1	chr5-143140390-143141595	4
0.161223033530834	1.00612053558737	0.226	0.119	1	chr9-131502264-131504493	4
0.161683014704228	0.60851800178576	0.435	0.31	1	chr3-184565297-184569735	4
0.162085971414137	1.21741830000375	0.194	0.095	1	chr6-79076212-79080133	4
0.162255391437948	0.647964604370925	0.387	0.262	1	chr7-140174897-140178126	4
0.162545088204751	0.904335223857778	0.242	0.119	1	chr17-82518858-82522537	4
0.162545088204751	0.871283439723473	0.242	0.119	1	chr22-37843484-37844904	4
0.162618066635332	1.00860670613717	0.258	0.143	1	chr7-127391373-127393694	4
0.162618066635332	0.907973588893168	0.258	0.143	1	chr17-11996584-11998201	4
0.162748680114365	0.861502574917066	0.177	0.071	1	chr1-115098826-115100209	4
0.162748680114365	1.04465668611799	0.177	0.071	1	chr2-154447282-154448334	4
0.16284212900685	0.73734786155535	0.323	0.19	1	chr10-103916713-103919145	4
0.163307503019712	0.662996889464568	0.306	0.167	1	chr3-158643976-158645282	4
0.163823748688332	1.54516723797055	0.129	0.048	1	chr1-40029365-40031166	4
0.163823748688332	1.56363901665736	0.129	0.048	1	chr2-42567703-42570465	4
0.163823748688332	1.44536821191284	0.129	0.048	1	chr3-64533363-64534256	4
0.163823748688332	1.48442721260214	0.129	0.048	1	chr3-85794161-85794958	4
0.163823748688332	1.55225141896144	0.129	0.048	1	chr3-108090142-108091735	4
0.163823748688332	1.51784769152491	0.129	0.048	1	chr3-184543697-184544585	4
0.163823748688332	1.61386925756257	0.129	0.048	1	chr4-88078103-88079208	4
0.163823748688332	1.5996545457161	0.129	0.048	1	chr4-113394578-113395273	4
0.163823748688332	1.57957882601465	0.129	0.048	1	chr4-185028296-185029250	4
0.163823748688332	1.44096941764005	0.129	0.048	1	chr6-24779253-24780438	4
0.163823748688332	1.45535037075855	0.129	0.048	1	chr6-28224739-28226836	4
0.163823748688332	1.54646043540025	0.129	0.048	1	chr7-35024668-35026547	4
0.163823748688332	1.48365925151427	0.129	0.048	1	chr8-127910832-127912544	4
0.163823748688332	1.42118637720685	0.129	0.048	1	chr8-141278572-141280383	4
0.163823748688332	1.49433927043735	0.129	0.048	1	chr10-69453488-69454483	4
0.163823748688332	1.57057436455445	0.129	0.048	1	chr11-8809499-8811411	4
0.163823748688332	1.56062504920077	0.129	0.048	1	chr11-118868605-118871142	4
0.163823748688332	1.5903490625075	0.129	0.048	1	chr12-116954632-116956496	4
0.163823748688332	1.54992100109154	0.129	0.048	1	chr17-6597525-6600039	4
0.163823748688332	1.44970655043883	0.129	0.048	1	chr17-58755361-58756555	4
0.163823748688332	1.51508134525308	0.129	0.048	1	chr17-78985933-78988356	4
0.163823748688332	1.50605423259917	0.129	0.048	1	chr22-25402453-25405885	4
0.163867148334841	0.790454918359734	0.29	0.167	1	chr4-56906984-56910905	4
0.16418338130107	0.982415117049077	0.226	0.119	1	chr3-174954490-174957789	4
0.16418338130107	0.957214352528347	0.226	0.119	1	chr7-91879992-91881615	4
0.16418338130107	1.0187294980077	0.226	0.119	1	chr18-23585268-23587477	4
0.16418338130107	0.971770059486112	0.226	0.119	1	chr19-7533512-7536722	4
0.164190044416368	0.808100430383193	0.274	0.167	1	chr14-92347712-92349040	4
0.164250332320025	0.797180591385758	0.274	0.143	1	chr14-55190864-55192316	4
0.164626952286709	0.845079923177662	0.29	0.19	1	chr13-113836768-113841475	4
0.164697159539802	1.32843587451656	0.161	0.071	1	chr1-236403729-236404742	4
0.164697159539802	1.33975552304329	0.161	0.071	1	chr6-52115881-52117022	4
0.164697159539802	1.34229730120691	0.161	0.071	1	chr7-6952962-6954458	4
0.164697159539802	1.27060734460436	0.161	0.071	1	chr10-43105074-43106113	4
0.164697159539802	1.40712934452772	0.161	0.071	1	chr13-106699040-106701380	4
0.164697159539802	1.27769676555295	0.161	0.071	1	chr17-44069958-44072008	4
0.164697159539802	1.25136590586909	0.161	0.071	1	chr19-9435048-9436225	4
0.164697159539802	1.27405677488741	0.161	0.071	1	chr19-53364991-53366286	4
0.164697159539802	1.24947190160241	0.161	0.071	1	chr21-44011609-44014122	4
0.165277585652261	1.07989568360934	0.194	0.095	1	chr3-149278826-149281524	4
0.165277585652261	1.23779567945988	0.194	0.095	1	chr5-57862258-57864007	4
0.165277585652261	1.05497256905805	0.194	0.095	1	chr7-134021124-134023128	4
0.165428830042395	0.906286400512899	0.258	0.143	1	chr6-168196099-168197248	4
0.165428830042395	0.905397009847668	0.258	0.143	1	chr17-47955248-47958888	4
0.165462707409743	0.746397949485109	0.242	0.119	1	chr11-118529200-118532305	4
0.165462707409743	0.834599543256974	0.242	0.119	1	chr14-90511824-90514677	4
0.165479115880075	0.810300096524425	0.323	0.214	1	chr7-92588469-92591056	4
0.166138285772996	1.08445387911319	0.177	0.071	1	chr18-3670808-3671800	4
0.166418554983913	0.891525752361357	0.21	0.095	1	chr18-43391492-43393738	4
0.166559651384934	0.80363647865431	0.29	0.167	1	chr1-27934528-27936003	4
0.166559651384934	0.708496569719975	0.29	0.167	1	chr13-111152760-111154801	4
0.16661496188138	0.68470280677479	0.339	0.214	1	chr4-76896728-76899625	4
0.166928183196372	0.788752768103462	0.274	0.167	1	chr8-89756606-89759985	4
0.167184494956732	0.973195809914204	0.226	0.119	1	chr2-74471099-74473409	4
0.167184494956732	0.934296054087792	0.226	0.119	1	chr16-4886860-4889491	4
0.16742997961411	0.537740745581221	0.468	0.31	1	chr19-49639811-49642853	4
0.167545926857738	0.55465963889527	0.355	0.214	1	chr10-102064665-102067091	4
0.167779478623385	1.53866267111746	0.129	0.048	1	chr1-76390089-76391000	4
0.167779478623385	1.4755339444179	0.129	0.048	1	chr1-91165015-91166722	4
0.167779478623385	1.4856694921636	0.129	0.048	1	chr1-202409990-202412648	4
0.167779478623385	1.50568060152451	0.129	0.048	1	chr3-8556949-8557939	4
0.167779478623385	1.60988331148803	0.129	0.048	1	chr4-146636746-146637549	4
0.167779478623385	1.50127818923	0.129	0.048	1	chr5-316893-317738	4
0.167779478623385	1.45966665427205	0.129	0.048	1	chr5-71956485-71958028	4
0.167779478623385	1.579583798502	0.129	0.048	1	chr5-135641578-135642469	4
0.167779478623385	1.50183188082277	0.129	0.048	1	chr5-140362903-140363817	4
0.167779478623385	1.53409055215799	0.129	0.048	1	chr5-177365759-177367865	4
0.167779478623385	1.49555961873821	0.129	0.048	1	chr6-101129546-101130321	4
0.167779478623385	1.44954210554986	0.129	0.048	1	chr7-36174377-36175348	4
0.167779478623385	1.5254453909093	0.129	0.048	1	chr9-91348072-91348856	4
0.167779478623385	1.48089620270463	0.129	0.048	1	chr10-80966132-80967125	4
0.167779478623385	1.52315452526159	0.129	0.048	1	chr12-57458835-57460103	4
0.167779478623385	1.46079578801782	0.129	0.048	1	chr12-124421632-124423962	4
0.167779478623385	1.52126304556147	0.129	0.048	1	chr12-132827505-132829639	4
0.167779478623385	1.61259975414677	0.129	0.048	1	chr14-63726398-63728790	4
0.167779478623385	1.46439889173031	0.129	0.048	1	chr15-73908031-73908750	4
0.167779478623385	1.5247797277404	0.129	0.048	1	chr16-9134696-9135218	4
0.167779478623385	1.53207995288661	0.129	0.048	1	chr19-39341000-39343311	4
0.167779478623385	1.4723137916951	0.129	0.048	1	chr20-25220449-25221700	4
0.167779478623385	1.42977705904261	0.129	0.048	1	chr20-41145443-41146576	4
0.167779478623385	1.50581792705364	0.129	0.048	1	chrX-24053503-24055528	4
0.167779478623385	1.44801280042163	0.129	0.048	1	chrX-77719744-77721038	4
0.168007878941366	0.646715202495562	0.387	0.238	1	chr4-163492974-163496392	4
0.16801540532588	0.781627666680253	0.323	0.19	1	chr3-127141250-127142894	4
0.16801540532588	0.629890492090405	0.323	0.19	1	chr16-21300189-21302507	4
0.168229420740249	1.14489576297211	0.161	0.071	1	chr2-33166227-33167014	4
0.168229420740249	1.2151970927799	0.161	0.071	1	chr2-169826968-169829063	4
0.168229420740249	1.27685805131754	0.161	0.071	1	chr3-119034010-119035414	4
0.168229420740249	1.25721315191023	0.161	0.071	1	chr4-102757532-102758960	4
0.168229420740249	1.20446597052823	0.161	0.071	1	chr5-101136196-101138030	4
0.168229420740249	1.25515005497717	0.161	0.071	1	chr6-29964505-29966698	4
0.168229420740249	1.39700135370655	0.161	0.071	1	chr6-111067757-111069195	4
0.168229420740249	1.25243915279277	0.161	0.071	1	chr8-119919429-119920907	4
0.168229420740249	1.32285542158294	0.161	0.071	1	chr10-84327819-84329721	4
0.168229420740249	1.36507979064713	0.161	0.071	1	chr11-80280435-80281949	4
0.168229420740249	1.19265032462789	0.161	0.071	1	chr11-86954451-86956938	4
0.168229420740249	1.25565731835379	0.161	0.071	1	chr11-90792157-90793149	4
0.168229420740249	1.39629975590569	0.161	0.071	1	chr16-50367862-50369747	4
0.168229420740249	1.33687460383534	0.161	0.071	1	chr18-31100736-31102771	4
0.168229420740249	1.34754931759734	0.161	0.071	1	chr20-2651573-2654369	4
0.168419561877727	0.873589271850785	0.242	0.119	1	chr1-32715636-32717459	4
0.168516270933442	1.07029095866798	0.194	0.095	1	chr5-55159513-55161424	4
0.168516270933442	1.07042193818536	0.194	0.095	1	chr11-46699902-46701626	4
0.168516270933442	1.13121432362057	0.194	0.095	1	chr11-62611523-62614913	4
0.168516270933442	1.1108062223337	0.194	0.095	1	chrX-18009972-18010960	4
0.168580003935309	1.12907320218285	0.21	0.119	1	chr8-9512447-9513908	4
0.169248110685305	0.95103653353757	0.242	0.143	1	chr5-40773378-40776860	4
0.169248110685305	0.982869842698728	0.242	0.143	1	chr12-110500798-110502751	4
0.169285279507038	0.852135939123617	0.29	0.167	1	chr22-36775371-36776982	4
0.169592225288734	0.835706819667084	0.21	0.095	1	chr3-14177615-14179443	4
0.169592225288734	0.856395957994767	0.21	0.095	1	chr4-38867150-38869609	4
0.169592225288734	0.928098520877245	0.21	0.095	1	chr8-42895656-42898570	4
0.169592225288734	0.893677490945543	0.21	0.095	1	chr11-61626405-61628773	4
0.169592225288734	0.765851314495216	0.21	0.095	1	chr13-52011142-52012722	4
0.169700498933179	0.908674829671037	0.274	0.167	1	chr19-32404617-32408203	4
0.169852991704942	0.785509252807941	0.274	0.143	1	chr11-10750447-10752231	4
0.169985102227613	0.904219930772152	0.29	0.19	1	chr9-87725435-87727001	4
0.170226641817169	0.840545982213286	0.226	0.119	1	chr5-33549622-33550781	4
0.170226641817169	1.01454140629356	0.226	0.119	1	chr5-180291146-180294113	4
0.170226641817169	0.968310476935761	0.226	0.119	1	chr19-37906562-37908057	4
0.170514859482056	0.594686747103305	0.419	0.286	1	chr1-43649286-43652101	4
0.171159794073887	0.900822160013071	0.258	0.143	1	chr1-99659223-99661053	4
0.171159794073887	0.825102300421124	0.258	0.143	1	chr1-220088643-220090792	4
0.171159794073887	0.808465076636594	0.258	0.143	1	chr10-96831564-96834036	4
0.171415901266022	0.854367776372398	0.242	0.119	1	chr7-74252885-74255437	4
0.171751360681229	0.793421207512575	0.339	0.214	1	chr4-88591493-88594239	4
0.171802355598835	1.03421996752337	0.194	0.095	1	chr1-97920455-97921764	4
0.171802355598835	1.06513310773613	0.194	0.095	1	chr7-36032026-36033234	4
0.171802355598835	1.11796050028226	0.194	0.095	1	chr7-135147168-135149128	4
0.171802355598835	1.15651169997435	0.194	0.095	1	chr19-12880360-12882045	4
0.171802355598835	1.17705386912647	0.194	0.095	1	chrX-115891835-115894516	4
0.171806513588982	1.38575954951044	0.129	0.048	1	chr1-119475719-119476461	4
0.171806513588982	1.49300955763796	0.129	0.048	1	chr2-20411332-20412042	4
0.171806513588982	1.46518369832166	0.129	0.048	1	chr3-61575657-61576722	4
0.171806513588982	1.43425952735223	0.129	0.048	1	chr4-8260506-8261382	4
0.171806513588982	1.49351637030515	0.129	0.048	1	chr5-28214140-28216040	4
0.171806513588982	1.50586600079754	0.129	0.048	1	chr5-81450508-81451461	4
0.171806513588982	1.37840184584075	0.129	0.048	1	chr6-87472300-87474061	4
0.171806513588982	1.38973642193586	0.129	0.048	1	chr6-111307166-111307777	4
0.171806513588982	1.51943373988822	0.129	0.048	1	chr7-1850559-1852399	4
0.171806513588982	1.48861734002909	0.129	0.048	1	chr7-13523664-13525543	4
0.171806513588982	1.48665705040883	0.129	0.048	1	chr7-106058076-106059272	4
0.171806513588982	1.46788103164229	0.129	0.048	1	chr8-18668317-18669281	4
0.171806513588982	1.51518307931353	0.129	0.048	1	chr8-69602986-69604004	4
0.171806513588982	1.47723834081037	0.129	0.048	1	chr8-76577933-76578896	4
0.171806513588982	1.4465407668083	0.129	0.048	1	chr9-15144434-15145399	4
0.171806513588982	1.05328425185056	0.129	0.048	1	chr9-124852537-124853787	4
0.171806513588982	1.5346312550016	0.129	0.048	1	chr10-120555334-120556843	4
0.171806513588982	1.54942848847694	0.129	0.048	1	chr11-126332039-126333981	4
0.171806513588982	1.34405101213906	0.129	0.048	1	chr15-59656949-59658071	4
0.171806513588982	1.38677873906624	0.129	0.048	1	chr17-1029894-1031382	4
0.171806513588982	1.12593444892071	0.129	0.048	1	chr19-2578824-2579847	4
0.171806513588982	1.39330570970091	0.129	0.048	1	chr20-25247103-25250885	4
0.171806513588982	1.38763983962668	0.129	0.048	1	chr20-50790175-50791272	4
0.171806513588982	1.54456683401488	0.129	0.048	1	chr22-20130194-20132808	4
0.171806513588982	1.10377785418889	0.129	0.048	1	chr22-36464775-36466053	4
0.171818251110775	1.25386685520332	0.161	0.071	1	chr3-169173009-169174360	4
0.171818251110775	1.25734442459598	0.161	0.071	1	chr4-15653478-15656126	4
0.171818251110775	1.30959293885383	0.161	0.071	1	chr5-123154637-123157214	4
0.171818251110775	1.29806372955497	0.161	0.071	1	chr12-52032215-52033596	4
0.171818251110775	1.2866516097526	0.161	0.071	1	chr13-75704543-75705617	4
0.171818251110775	1.17291137225797	0.161	0.071	1	chr14-73644151-73645633	4
0.171818251110775	1.16468503394277	0.161	0.071	1	chr15-45586079-45588985	4
0.171818251110775	1.18362201078842	0.161	0.071	1	chr15-76532781-76534027	4
0.171818251110775	1.23084507292515	0.161	0.071	1	chr17-18987575-18988662	4
0.171818251110775	1.23110345271662	0.161	0.071	1	chr20-40673059-40674064	4
0.171975636275965	0.763720308738193	0.306	0.214	1	chr16-27548832-27550794	4
0.172044224659109	0.694295526758134	0.29	0.167	1	chr17-76735834-76738902	4
0.17219767712101	0.976186188648394	0.242	0.143	1	chr9-98255042-98258077	4
0.172645989029671	0.551123902773079	0.355	0.214	1	chr2-112053768-112057516	4
0.173310084870724	0.896433539235689	0.226	0.119	1	chr11-823907-828326	4
0.173310084870724	1.00440391760164	0.226	0.119	1	chr14-74881254-74883464	4
0.173311115960756	0.688253886329766	0.323	0.19	1	chr1-11804216-11807037	4
0.173584582073	1.21046768202962	0.177	0.095	1	chr8-73173966-73174979	4
0.174080437755127	0.704622472219833	0.258	0.143	1	chr5-139438706-139440072	4
0.174080437755127	0.825928988076565	0.258	0.143	1	chr9-104092791-104095330	4
0.174362196940179	0.648307434866776	0.403	0.286	1	chr1-230977119-230980264	4
0.174451971191627	0.818289994320815	0.242	0.119	1	chr1-111619092-111621035	4
0.174451971191627	0.853372032905453	0.242	0.119	1	chr7-26515074-26516059	4
0.174836675907668	0.762709259679096	0.29	0.167	1	chr22-38056767-38058009	4
0.175136162163857	1.15482694049608	0.194	0.095	1	chr3-72886862-72888799	4
0.175136162163857	1.12776387552498	0.194	0.095	1	chr5-82276712-82279415	4
0.175136162163857	1.08947498440973	0.194	0.095	1	chr11-108646653-108648753	4
0.175136162163857	1.0985016878629	0.194	0.095	1	chr13-110615004-110618156	4
0.17534846021071	0.881347463778416	0.274	0.167	1	chr3-133804932-133806832	4
0.17534846021071	0.855798100294194	0.274	0.167	1	chr16-89699664-89702607	4
0.175464071844664	1.15812159745589	0.161	0.071	1	chr1-67561449-67562458	4
0.175464071844664	1.15763162577571	0.161	0.071	1	chr1-87472168-87474775	4
0.175464071844664	1.21587199626102	0.161	0.071	1	chr2-32627558-32628749	4
0.175464071844664	1.04596062392783	0.161	0.071	1	chr2-69642672-69645377	4
0.175464071844664	1.24455653763455	0.161	0.071	1	chr3-71389212-71390720	4
0.175464071844664	1.16376522844372	0.161	0.071	1	chr3-161599410-161600656	4
0.175464071844664	1.21977760871356	0.161	0.071	1	chr6-33203821-33205671	4
0.175464071844664	1.3216201305982	0.161	0.071	1	chr8-24682400-24683182	4
0.175464071844664	1.28330277019874	0.161	0.071	1	chr8-74488246-74489473	4
0.175464071844664	1.32915672564979	0.161	0.071	1	chr11-67311818-67313464	4
0.175464071844664	1.16818005538824	0.161	0.071	1	chr17-56960406-56961405	4
0.175464071844664	1.22727506796805	0.161	0.071	1	chr19-12064338-12065529	4
0.175464071844664	1.18989587251119	0.161	0.071	1	chr19-19668285-19669570	4
0.175464071844664	1.29625013890176	0.161	0.071	1	chr19-35994654-35996091	4
0.175464071844664	1.24894370796454	0.161	0.071	1	chr22-20566696-20568422	4
0.175464071844664	1.20584440814165	0.161	0.071	1	chrX-47482050-47484251	4
0.175597707379004	0.757758821479402	0.274	0.143	1	chr7-44122511-44124383	4
0.175597707379004	0.719835085961309	0.274	0.143	1	chr9-109475134-109478402	4
0.175597707379004	0.766543765758103	0.274	0.143	1	chr11-124953145-124954861	4
0.175597707379004	0.838685101698975	0.274	0.143	1	chr18-57620890-57622603	4
0.175855473548781	0.799422352416008	0.306	0.19	1	chr6-33296871-33300493	4
0.175855473548781	0.702148288515897	0.306	0.19	1	chr10-103240183-103242862	4
0.175905451263829	1.36057931653242	0.129	0.048	1	chr1-33010706-33012271	4
0.175905451263829	1.42167266965999	0.129	0.048	1	chr2-102032231-102034293	4
0.175905451263829	1.46554205439191	0.129	0.048	1	chr3-46975936-46977418	4
0.175905451263829	1.37563632310806	0.129	0.048	1	chr3-107317673-107318847	4
0.175905451263829	1.42985271323456	0.129	0.048	1	chr4-42569944-42571017	4
0.175905451263829	1.41613382409137	0.129	0.048	1	chr5-172453448-172455363	4
0.175905451263829	1.4162452128539	0.129	0.048	1	chr5-177153762-177154497	4
0.175905451263829	1.42662316430348	0.129	0.048	1	chr7-23181238-23183169	4
0.175905451263829	1.4684196587776	0.129	0.048	1	chr8-60417803-60418672	4
0.175905451263829	1.43038914001249	0.129	0.048	1	chr9-25715708-25716917	4
0.175905451263829	1.39712236804848	0.129	0.048	1	chr9-96040347-96041653	4
0.175905451263829	1.41597985290521	0.129	0.048	1	chr9-97221341-97222945	4
0.175905451263829	1.41851673599582	0.129	0.048	1	chr11-12534247-12535228	4
0.175905451263829	1.44475219838476	0.129	0.048	1	chr11-67286557-67290164	4
0.175905451263829	1.40201140177386	0.129	0.048	1	chr13-98142619-98145464	4
0.175905451263829	1.47673369331892	0.129	0.048	1	chr16-24988466-24989867	4
0.175905451263829	1.37676855962799	0.129	0.048	1	chr20-41475654-41476823	4
0.176075362458381	0.788277296208178	0.21	0.095	1	chr18-73318223-73319632	4
0.176209496750141	0.55009434260738	0.435	0.286	1	chr7-30501702-30505648	4
0.176435082638961	0.855916732558948	0.226	0.119	1	chr1-223711886-223713484	4
0.176435082638961	0.865541747601321	0.226	0.119	1	chr8-124371243-124373531	4
0.176435082638961	0.895156081207193	0.226	0.119	1	chr11-93196721-93198662	4
0.176581438315219	0.491361303948379	0.403	0.31	1	chr9-35113859-35117478	4
0.17675241323957	0.588762521412974	0.371	0.262	1	chr3-73297739-73299812	4
0.176865300122866	0.597808432187377	0.306	0.167	1	chr14-34980699-34984103	4
0.176947082456401	0.591871756975239	0.403	0.262	1	chr10-101815799-101819930	4
0.177005357825158	0.740029855212014	0.339	0.214	1	chr3-51668800-51672457	4
0.177364052370575	0.698022643135092	0.306	0.214	1	chr16-47141580-47144913	4
0.177528013108661	0.761562868388051	0.242	0.119	1	chr20-49306358-49308282	4
0.178201764193874	0.603106104431798	0.387	0.286	1	chr4-47913121-47915386	4
0.178211902340764	0.890937246433758	0.242	0.143	1	chr14-72892989-72895312	4
0.178364980654175	0.493471042703798	0.468	0.333	1	chr20-33666034-33669355	4
0.178518007124758	0.999988707816602	0.194	0.095	1	chr8-145051454-145053234	4
0.178518007124758	0.907059705809255	0.194	0.095	1	chr12-68609894-68612040	4
0.178518007124758	1.09114339530535	0.194	0.095	1	chr19-1452923-1456619	4
0.178518007124758	0.905764104580864	0.194	0.095	1	chr20-44965867-44967107	4
0.178518007124758	1.07598086823401	0.194	0.095	1	chrX-155069978-155072362	4
0.178632374707941	0.736456608449303	0.323	0.214	1	chr8-127851369-127855715	4
0.1787249705012	0.399311529576483	0.597	0.5	1	chr3-9395070-9400277	4
0.179167295550111	1.15640802319221	0.161	0.071	1	chr4-64144325-64146329	4
0.179167295550111	1.28443320262389	0.161	0.071	1	chr5-72955206-72957437	4
0.179167295550111	1.2035871422427	0.161	0.071	1	chr5-107541604-107543400	4
0.179167295550111	1.2177952906434	0.161	0.071	1	chr7-66591001-66593091	4
0.179167295550111	1.27056496951153	0.161	0.071	1	chr7-131363584-131364260	4
0.179167295550111	1.12867855286092	0.161	0.071	1	chr8-9044930-9045709	4
0.179167295550111	1.32332862613943	0.161	0.071	1	chr12-1574647-1577441	4
0.179167295550111	1.14915856060323	0.161	0.071	1	chr12-49707059-49708124	4
0.179167295550111	1.21843062856321	0.161	0.071	1	chr13-80881977-80882737	4
0.179167295550111	1.17297111284791	0.161	0.071	1	chr19-57487387-57489084	4
0.179167295550111	1.19866801820124	0.161	0.071	1	chr22-28817913-28820108	4
0.179601889040783	0.836600131002826	0.226	0.119	1	chr3-49132270-49136065	4
0.179676837876647	0.637013560693338	0.339	0.214	1	chr1-63522534-63524636	4
0.179676837876647	0.615136542469313	0.339	0.214	1	chr12-88141377-88143258	4
0.180033129427192	0.873271657267645	0.258	0.143	1	chr8-56072982-56075437	4
0.180033129427192	0.758678667803079	0.258	0.143	1	chr9-75026849-75029097	4
0.180076875661719	1.31235036391123	0.129	0.048	1	chr2-20231296-20233176	4
0.180076875661719	1.27998018188594	0.129	0.048	1	chr2-100818815-100820601	4
0.180076875661719	1.39201929219964	0.129	0.048	1	chr2-164693268-164694812	4
0.180076875661719	1.41116302593142	0.129	0.048	1	chr5-113970998-113972081	4
0.180076875661719	1.35984754825635	0.129	0.048	1	chr7-101488414-101489599	4
0.180076875661719	1.34921730216925	0.129	0.048	1	chr7-150650951-150652138	4
0.180076875661719	1.33540040330227	0.129	0.048	1	chr8-20303375-20304475	4
0.180076875661719	1.26124648964568	0.129	0.048	1	chr8-142769426-142770596	4
0.180076875661719	1.41693950269768	0.129	0.048	1	chr9-33751589-33753152	4
0.180076875661719	1.3854168398663	0.129	0.048	1	chr10-76323993-76324770	4
0.180076875661719	1.37400219395261	0.129	0.048	1	chr10-117221098-117223733	4
0.180076875661719	1.3885392237396	0.129	0.048	1	chr10-120205352-120206324	4
0.180076875661719	1.26656267233745	0.129	0.048	1	chr11-112292705-112294114	4
0.180076875661719	1.33513927214719	0.129	0.048	1	chr12-2034622-2035591	4
0.180076875661719	1.35915614438595	0.129	0.048	1	chr14-104116120-104117488	4
0.180076875661719	1.39236598456623	0.129	0.048	1	chr15-20663692-20664621	4
0.180076875661719	1.30378642742254	0.129	0.048	1	chr17-1484319-1486463	4
0.180076875661719	1.46925939249362	0.129	0.048	1	chr17-75260683-75262776	4
0.180076875661719	1.28638103076325	0.129	0.048	1	chrX-102516275-102517710	4
0.181023763720869	0.857966804691931	0.323	0.238	1	chr10-3171894-3173932	4
0.181358824451923	1.02479357486612	0.21	0.119	1	chr1-92804441-92805343	4
0.181948200765085	1.04796301435926	0.194	0.095	1	chr7-99918770-99920147	4
0.181948200765085	0.977628181088283	0.194	0.095	1	chr7-151079567-151082126	4
0.181948200765085	0.972006175418105	0.194	0.095	1	chr11-567609-569188	4
0.181948200765085	0.990419125620334	0.194	0.095	1	chr11-94149030-94150287	4
0.182364756727859	0.507315421722754	0.532	0.429	1	chr3-128475293-128494576	4
0.182810753256519	0.869924756181142	0.226	0.119	1	chr6-42563396-42566327	4
0.182810753256519	1.04420031807945	0.226	0.119	1	chr7-100125869-100128713	4
0.182810753256519	0.942571134767531	0.226	0.119	1	chr19-55116111-55118533	4
0.182810753256519	0.94060224822127	0.226	0.119	1	chr20-2244070-2247092	4
0.182810753256519	0.88551902180998	0.226	0.119	1	chrX-20140961-20142453	4
0.182928325948614	1.11909681323513	0.161	0.071	1	chr1-1343391-1346537	4
0.182928325948614	1.15190215036308	0.161	0.071	1	chr1-179228543-179231106	4
0.182928325948614	1.09494217892637	0.161	0.071	1	chr2-33064172-33065027	4
0.182928325948614	1.11834281396892	0.161	0.071	1	chr3-54546814-54548183	4
0.182928325948614	1.17512936590365	0.161	0.071	1	chr3-121228645-121233412	4
0.182928325948614	1.14445182232512	0.161	0.071	1	chr3-135855560-135856738	4
0.182928325948614	1.1877373284629	0.161	0.071	1	chr5-164637522-164638883	4
0.182928325948614	1.18865376645401	0.161	0.071	1	chr10-47552648-47553845	4
0.182928325948614	1.16803116141093	0.161	0.071	1	chr15-72375307-72376732	4
0.182928325948614	1.14521448657453	0.161	0.071	1	chr15-74723882-74726299	4
0.182928325948614	1.20352869949155	0.161	0.071	1	chr17-32443728-32446651	4
0.183065598716925	0.81738763171052	0.258	0.143	1	chr9-136725137-136730275	4
0.183192932366028	0.61607946672702	0.355	0.214	1	chr3-32871664-32874197	4
0.183630630540975	0.600757375579906	0.435	0.286	1	chr13-106532505-106536887	4
0.184081639822222	0.855310826318831	0.274	0.167	1	chr12-29380139-29382304	4
0.184229836696447	0.738417752105657	0.306	0.19	1	chr19-51107178-51109237	4
0.184229836696447	0.729782884780279	0.306	0.19	1	chr19-56507256-56508689	4
0.184275148068805	0.720543225169195	0.323	0.19	1	chr13-60163327-60165125	4
0.184275148068805	0.68465529797023	0.323	0.19	1	chr14-105479492-105484214	4
0.184321356592242	1.30613066974386	0.129	0.048	1	chr1-201647913-201650846	4
0.184321356592242	1.3621692671535	0.129	0.048	1	chr1-226333165-226333880	4
0.184321356592242	1.35470988037525	0.129	0.048	1	chr3-192614642-192616934	4
0.184321356592242	1.35059836507622	0.129	0.048	1	chr4-6110000-6111010	4
0.184321356592242	1.27672253793923	0.129	0.048	1	chr4-79491892-79492747	4
0.184321356592242	1.46714732111668	0.129	0.048	1	chr4-183098451-183099722	4
0.184321356592242	1.33362421268525	0.129	0.048	1	chr6-34414834-34417243	4
0.184321356592242	1.40716061245133	0.129	0.048	1	chr6-37353515-37355647	4
0.184321356592242	1.34953029527055	0.129	0.048	1	chr6-100925417-100926366	4
0.184321356592242	1.03686859731105	0.129	0.048	1	chr6-119128956-119130829	4
0.184321356592242	1.33248647287291	0.129	0.048	1	chr8-5591355-5592455	4
0.184321356592242	1.34225162508875	0.129	0.048	1	chr8-9407070-9407712	4
0.184321356592242	1.42803544228535	0.129	0.048	1	chr9-129802712-129804176	4
0.184321356592242	1.31119885730872	0.129	0.048	1	chr11-62179744-62180861	4
0.184321356592242	1.30051405328341	0.129	0.048	1	chr11-93986255-93987527	4
0.184321356592242	1.31598138136269	0.129	0.048	1	chr11-130389707-130390914	4
0.184321356592242	1.33607945658461	0.129	0.048	1	chr16-31700190-31701179	4
0.184321356592242	1.25563141700857	0.129	0.048	1	chr16-57535477-57537154	4
0.184321356592242	1.0900790184363	0.129	0.048	1	chr19-10193779-10195563	4
0.184321356592242	1.20042234174049	0.129	0.048	1	chr20-4152850-4154322	4
0.184321356592242	1.28956921621714	0.129	0.048	1	chr22-23278498-23279945	4
0.184321356592242	1.32815022003104	0.129	0.048	1	chr22-44994710-44995646	4
0.184619284267032	0.618911756526376	0.387	0.262	1	chr3-170221642-170224360	4
0.184663078613455	1.07886093536861	0.21	0.119	1	chr17-82028995-82032641	4
0.185152400139036	0.69600171564056	0.355	0.238	1	chr15-74613535-74617443	4
0.185427046962137	1.07897855726007	0.194	0.095	1	chr4-81237414-81239475	4
0.185427046962137	1.08062342928883	0.194	0.095	1	chr9-133112958-133115253	4
0.185427046962137	1.00833660895927	0.194	0.095	1	chr11-2698872-2701209	4
0.185427046962137	1.05582281277455	0.194	0.095	1	chr11-15649710-15650903	4
0.185427046962137	1.00872437239092	0.194	0.095	1	chr14-55026540-55028206	4
0.185427046962137	0.988422092381909	0.194	0.095	1	chr19-632426-634566	4
0.185648683458034	0.466735497538894	0.468	0.333	1	chr3-113947121-113949334	4
0.186061919592027	0.798899297376614	0.226	0.119	1	chr1-192860766-192862846	4
0.186061919592027	0.957147189195824	0.226	0.119	1	chr15-44662351-44664273	4
0.186061919592027	0.883584915867272	0.226	0.119	1	chr19-1205251-1208114	4
0.186143934762831	0.926903046960273	0.21	0.095	1	chr4-49160776-49161893	4
0.186143934762831	0.736005861993935	0.21	0.095	1	chr18-32157769-32158871	4
0.186747557573381	1.21463376484977	0.161	0.071	1	chr1-3553211-3554042	4
0.186747557573381	1.07198723041777	0.161	0.071	1	chr7-155643566-155645438	4
0.186747557573381	1.09242816883269	0.161	0.071	1	chr12-6339637-6342747	4
0.186747557573381	1.25121704314079	0.161	0.071	1	chr16-2458915-2460740	4
0.186747557573381	1.08183753025126	0.161	0.071	1	chr17-83096545-83097551	4
0.186747557573381	1.24754290276783	0.161	0.071	1	chr19-39539133-39541312	4
0.186747557573381	1.11623101236687	0.161	0.071	1	chr22-50218084-50220056	4
0.186889072452168	0.69414674435906	0.323	0.214	1	chr4-151408012-151410780	4
0.186889072452168	0.707469837573732	0.323	0.214	1	chr19-12937573-12947440	4
0.187063116878544	0.576968659545158	0.274	0.167	1	chr1-109983989-109986007	4
0.188639449121576	1.25845741016063	0.129	0.048	1	chr1-49346238-49347803	4
0.188639449121576	1.28576372954744	0.129	0.048	1	chr1-220689830-220691719	4
0.188639449121576	1.29031075153467	0.129	0.048	1	chr1-233735566-233736726	4
0.188639449121576	1.31259661798197	0.129	0.048	1	chr2-27662969-27664590	4
0.188639449121576	1.31479721655279	0.129	0.048	1	chr2-133777478-133778060	4
0.188639449121576	1.36216816061885	0.129	0.048	1	chr2-237512671-237514209	4
0.188639449121576	1.31824542698762	0.129	0.048	1	chr3-15263488-15264547	4
0.188639449121576	1.26843646762832	0.129	0.048	1	chr4-6470028-6473090	4
0.188639449121576	1.25692314604214	0.129	0.048	1	chr4-23853350-23854637	4
0.188639449121576	1.43472932063907	0.129	0.048	1	chr5-61808461-61810159	4
0.188639449121576	1.38144461254271	0.129	0.048	1	chr6-12331286-12332598	4
0.188639449121576	1.16556208011529	0.129	0.048	1	chr7-22593735-22594953	4
0.188639449121576	1.37121643435483	0.129	0.048	1	chr7-138738529-138739201	4
0.188639449121576	1.26849089598605	0.129	0.048	1	chr7-140656294-140657433	4
0.188639449121576	1.39673160905742	0.129	0.048	1	chr8-599306-600608	4
0.188639449121576	1.27599825700745	0.129	0.048	1	chr9-136857685-136861332	4
0.188639449121576	1.33074941134835	0.129	0.048	1	chr10-89413850-89415338	4
0.188639449121576	1.33136881769298	0.129	0.048	1	chr11-95923470-95925414	4
0.188639449121576	1.31201809431812	0.129	0.048	1	chr13-80342545-80343497	4
0.188639449121576	1.2516177788338	0.129	0.048	1	chr13-106958236-106960989	4
0.188639449121576	1.30668295965994	0.129	0.048	1	chr15-29269003-29270506	4
0.188639449121576	1.31329778530824	0.129	0.048	1	chr16-24516725-24517617	4
0.188639449121576	1.25576114351743	0.129	0.048	1	chr17-17253286-17254243	4
0.188639449121576	1.40068390138527	0.129	0.048	1	chr17-18857554-18859003	4
0.188639449121576	1.32803428781321	0.129	0.048	1	chr18-58160283-58162133	4
0.188639449121576	1.17352472963278	0.129	0.048	1	chr19-2819483-2820804	4
0.188639449121576	1.31224568057904	0.129	0.048	1	chr19-5339927-5341285	4
0.188639449121576	1.28187925272544	0.129	0.048	1	chr19-34217853-34218993	4
0.188639449121576	1.33510220624599	0.129	0.048	1	chrX-123764801-123765672	4
0.188639449121576	1.17299380322043	0.129	0.048	1	chrY-13478282-13480464	4
0.188954842993537	0.999137743535165	0.194	0.095	1	chr3-133894147-133896242	4
0.188954842993537	0.972498509073574	0.194	0.095	1	chr10-97336421-97338490	4
0.188954842993537	0.991266758260108	0.194	0.095	1	chr12-6777869-6780517	4
0.18906533876518	0.47489602531024	0.468	0.31	1	chr11-134252214-134255389	4
0.189243808499209	0.844411674133744	0.258	0.143	1	chr3-14227612-14230245	4
0.189243808499209	0.728097773185476	0.258	0.143	1	chr10-929937-933261	4
0.189307928466883	0.771472649359748	0.29	0.167	1	chr12-12723470-12727038	4
0.189703009715358	0.702446268269027	0.323	0.214	1	chr12-26936839-26939892	4
0.189909039501661	0.555732176030811	0.452	0.31	1	chr4-18020103-18023147	4
0.190080106605573	0.763532155648441	0.274	0.167	1	chr7-154841439-154843397	4
0.190325096032717	0.528331656899823	0.452	0.333	1	chr8-60650836-60654310	4
0.190625375467958	1.13054245172901	0.161	0.071	1	chr4-144423821-144425647	4
0.190625375467958	1.19994887756199	0.161	0.071	1	chr8-94812747-94814044	4
0.190625375467958	1.16137015202574	0.161	0.071	1	chr11-43880109-43881522	4
0.190625375467958	1.02991917753092	0.161	0.071	1	chr11-73227234-73229070	4
0.190625375467958	1.13505011283805	0.161	0.071	1	chr13-38348592-38350701	4
0.190625375467958	1.09365507297557	0.161	0.071	1	chr17-43006424-43007430	4
0.190625375467958	1.07644793359501	0.161	0.071	1	chr19-45994671-45996366	4
0.190625375467958	1.17075905415048	0.161	0.071	1	chr20-59925451-59926636	4
0.190625375467958	1.04331544746601	0.161	0.071	1	chr22-25627377-25629044	4
0.191404869908153	0.942382065959669	0.21	0.119	1	chr9-16700960-16702904	4
0.191404869908153	0.968081356604272	0.21	0.119	1	chr10-125156047-125162103	4
0.191404869908153	0.993033358767881	0.21	0.119	1	chr12-8948584-8951311	4
0.192305214712403	0.729455698817632	0.29	0.167	1	chr1-224356339-224358460	4
0.192329660939563	0.482923605691342	0.371	0.238	1	chr20-41339435-41341701	4
0.192531879344006	0.987213251147095	0.194	0.095	1	chr1-40382279-40385780	4
0.192531879344006	0.955466454828534	0.194	0.095	1	chr11-119205582-119207600	4
0.192531879344006	1.06600749987608	0.194	0.095	1	chr22-29837807-29838897	4
0.192692110658797	0.8976977569979	0.226	0.119	1	chr17-37405957-37407942	4
0.192692110658797	0.888424668213056	0.226	0.119	1	chr19-48468083-48470121	4
0.192692110658797	0.905662315435005	0.226	0.119	1	chrX-2690683-2692976	4
0.192863134995207	0.486247636859359	0.452	0.333	1	chr4-128059955-128063233	4
0.193031693033812	1.26525953493653	0.129	0.048	1	chr1-66331467-66332901	4
0.193031693033812	1.20670768731954	0.129	0.048	1	chr2-1617457-1619413	4
0.193031693033812	1.21124204821033	0.129	0.048	1	chr2-71275957-71278229	4
0.193031693033812	1.25593317465648	0.129	0.048	1	chr3-10191396-10192755	4
0.193031693033812	1.35303315817312	0.129	0.048	1	chr3-125206917-125208606	4
0.193031693033812	1.27353664360094	0.129	0.048	1	chr3-159864958-159866780	4
0.193031693033812	1.16606821334276	0.129	0.048	1	chr4-89756240-89758020	4
0.193031693033812	1.1572623183156	0.129	0.048	1	chr7-50597215-50603911	4
0.193031693033812	1.179161174261	0.129	0.048	1	chr8-142290133-142291524	4
0.193031693033812	1.11679468688446	0.129	0.048	1	chr9-37913373-37914267	4
0.193031693033812	1.31958714579765	0.129	0.048	1	chr10-31668707-31670143	4
0.193031693033812	1.23990051181314	0.129	0.048	1	chr10-53219606-53222373	4
0.193031693033812	1.1648705866182	0.129	0.048	1	chr11-12798436-12801260	4
0.193031693033812	1.17993348703271	0.129	0.048	1	chr19-1566369-1568786	4
0.193031693033812	1.1646722278052	0.129	0.048	1	chr19-7293258-7295430	4
0.193031693033812	1.1973605336351	0.129	0.048	1	chr22-38681065-38682799	4
0.193031693033812	1.28415123508264	0.129	0.048	1	chr22-43992502-43994134	4
0.193031693033812	1.28506052555613	0.129	0.048	1	chrX-46911891-46914322	4
0.193039400765292	1.2253129968485	0.145	0.071	1	chr5-91528499-91529494	4
0.193132786097718	0.706951186915339	0.274	0.167	1	chr1-7960397-7962356	4
0.193132786097718	0.797909404083859	0.274	0.167	1	chr12-63843331-63845414	4
0.193132786097718	0.810735264399584	0.274	0.167	1	chr19-21020091-21021666	4
0.193132786097718	0.732502477242566	0.274	0.167	1	chr20-25016840-25020114	4
0.193515946606392	0.731781387073783	0.242	0.119	1	chr5-168364904-168368002	4
0.193700332429254	0.653374396028217	0.274	0.143	1	chr20-21302357-21304722	4
0.19392913978188	0.812270099594439	0.242	0.143	1	chr9-13139327-13142505	4
0.194141441610975	0.492975667341281	0.468	0.31	1	chr10-132406309-132410694	4
0.194562154885272	1.03899850162566	0.161	0.071	1	chr1-236531406-236532758	4
0.194562154885272	1.06256925958389	0.161	0.071	1	chr1-243487131-243489063	4
0.194562154885272	1.07293043128271	0.161	0.071	1	chr2-196231940-196234123	4
0.194562154885272	1.13374658029468	0.161	0.071	1	chr3-122185835-122187152	4
0.194562154885272	0.90817136111721	0.161	0.071	1	chr5-59302756-59304606	4
0.194562154885272	1.10971427263985	0.161	0.071	1	chr5-96629444-96630574	4
0.194562154885272	1.08578958195115	0.161	0.071	1	chr8-143951545-143954193	4
0.194562154885272	1.09999026887508	0.161	0.071	1	chr9-104975875-104978289	4
0.194562154885272	1.11026794765079	0.161	0.071	1	chr11-64229948-64231156	4
0.194562154885272	1.01553953739867	0.161	0.071	1	chr11-126368147-126369408	4
0.194562154885272	1.07489767747125	0.161	0.071	1	chr18-23688783-23691048	4
0.194562154885272	1.10863319444201	0.161	0.071	1	chr19-36771538-36773559	4
0.194562154885272	1.09036952918121	0.161	0.071	1	chr20-16572851-16574026	4
0.194842906125319	1.03159903252497	0.21	0.119	1	chr11-819000-822901	4
0.195072416931018	1.12946524650633	0.177	0.095	1	chr10-110497169-110499946	4
0.195119581950688	0.43472414901103	0.403	0.262	1	chr14-23299650-23303153	4
0.195171115544128	0.967770744454956	0.226	0.143	1	chr20-51766427-51770374	4
0.195424311832925	0.559983315231313	0.323	0.214	1	chr9-75086479-75089988	4
0.196071598408087	0.919967300843957	0.226	0.119	1	chr13-32585805-32588263	4
0.196071598408087	0.827286261631536	0.226	0.119	1	chr15-83446590-83448299	4
0.196158439512479	0.90845432068003	0.194	0.095	1	chr3-128680242-128681706	4
0.196158439512479	0.946031586860034	0.194	0.095	1	chr10-65890893-65892037	4
0.196158439512479	0.876648784387698	0.194	0.095	1	chr14-80002879-80004153	4
0.196221328761008	0.745958560879225	0.274	0.167	1	chr6-26020128-26022553	4
0.196337668175679	0.666285463810375	0.339	0.214	1	chr14-64501431-64505764	4
0.197155334262647	1.43897521125613	0.145	0.071	1	chr1-210051866-210052858	4
0.19719113554392	0.882365403128798	0.242	0.143	1	chr1-86912477-86916090	4
0.19719113554392	0.892376364680634	0.242	0.143	1	chr3-151085153-151087311	4
0.197498612293281	1.07329753154887	0.129	0.048	1	chr2-209368293-209369725	4
0.197498612293281	1.23449444694907	0.129	0.048	1	chr3-57169818-57170783	4
0.197498612293281	1.20762422411662	0.129	0.048	1	chr3-96806097-96806954	4
0.197498612293281	1.15802076148213	0.129	0.048	1	chr4-37249984-37251434	4
0.197498612293281	1.27217616189792	0.129	0.048	1	chr4-101693663-101694497	4
0.197498612293281	1.18894477962034	0.129	0.048	1	chr5-172932211-172932996	4
0.197498612293281	1.22298518974632	0.129	0.048	1	chr8-42185300-42186452	4
0.197498612293281	1.33353747507368	0.129	0.048	1	chr9-134449448-134450084	4
0.197498612293281	1.18058970383171	0.129	0.048	1	chr10-14603341-14605707	4
0.197498612293281	1.19306089631366	0.129	0.048	1	chr10-92944832-92945602	4
0.197498612293281	1.22242160447654	0.129	0.048	1	chr11-107507558-107508407	4
0.197498612293281	1.22108846622118	0.129	0.048	1	chr12-124803808-124804891	4
0.197498612293281	1.32117998533059	0.129	0.048	1	chr15-64019333-64020318	4
0.197498612293281	1.33985203356369	0.129	0.048	1	chr16-4350464-4351919	4
0.197498612293281	1.14300984582291	0.129	0.048	1	chr17-37741740-37745534	4
0.197498612293281	1.20795990015789	0.129	0.048	1	chr17-57366170-57367711	4
0.197498612293281	1.07376673962019	0.129	0.048	1	chr18-491039-492157	4
0.197515453943097	0.572424039490079	0.403	0.286	1	chr20-18506822-18509027	4
0.198404175957303	0.742728769166941	0.29	0.167	1	chr8-144476495-144480211	4
0.198411096347934	0.49154490471191	0.419	0.286	1	chr3-150761433-150764831	4
0.198558260987307	1.01564277947796	0.161	0.071	1	chr2-197433567-197436534	4
0.198558260987307	0.910893944882252	0.161	0.071	1	chr9-127916191-127917651	4
0.198558260987307	0.939143613796698	0.161	0.071	1	chr11-64566007-64567433	4
0.198558260987307	1.03981322622014	0.161	0.071	1	chr12-113334496-113335680	4
0.198558260987307	1.02087905981474	0.161	0.071	1	chr17-32349113-32351156	4
0.198797252773212	0.825421641119068	0.258	0.143	1	chr2-134491279-134492717	4
0.198797252773212	0.667003699233055	0.258	0.143	1	chr11-118434778-118437860	4
0.198835666365558	1.18692508506022	0.177	0.095	1	chr9-93575574-93578543	4
0.198837314255543	0.687254226419304	0.306	0.19	1	chr14-50666723-50669104	4
0.199494314042674	0.817556956023465	0.226	0.119	1	chr6-153001789-153004067	4
0.199494314042674	0.819451981434867	0.226	0.119	1	chr6-169789397-169791313	4
0.199494314042674	0.839237123408074	0.226	0.119	1	chr8-22400530-22401699	4
0.199494314042674	0.778820268666514	0.226	0.119	1	chr8-27310120-27312317	4
0.199494314042674	0.815820710732862	0.226	0.119	1	chr9-21334204-21336013	4
0.199494314042674	0.874187967627857	0.226	0.119	1	chr12-53174706-53175713	4
0.199494314042674	0.851345963919039	0.226	0.119	1	chr19-37505776-37507635	4
0.199834799819652	0.953541570872881	0.194	0.095	1	chr1-20660510-20662324	4
0.199834799819652	0.969463398906042	0.194	0.095	1	chr1-153782926-153784266	4
0.199834799819652	0.835152154171882	0.194	0.095	1	chr5-151356918-151358337	4
0.199834799819652	0.898880445307952	0.194	0.095	1	chr8-273395-275206	4
0.199897408348525	0.553661910122035	0.355	0.214	1	chr1-28504907-28513255	4
0.200493116833417	0.90968872282481	0.242	0.143	1	chr3-42581199-42582972	4
0.200493116833417	0.833172563197424	0.242	0.143	1	chr6-31196727-31198443	4
0.200493116833417	0.820652236942742	0.242	0.143	1	chr15-78564906-78566833	4
0.20087165327004	0.5700964482541	0.468	0.333	1	chr14-37593759-37601685	4
0.201335147691119	1.39377852525532	0.145	0.071	1	chr11-93234355-93235242	4
0.201335147691119	1.39471616271356	0.145	0.071	1	chr16-54540333-54541564	4
0.201335147691119	1.32914493166193	0.145	0.071	1	chr16-89827362-89829535	4
0.201809958865823	0.761658218637453	0.29	0.19	1	chr5-141968468-141970974	4
0.201854463710618	0.966586276449565	0.21	0.119	1	chr1-86395246-86397025	4
0.201854463710618	0.979384873204172	0.21	0.119	1	chr1-104953267-104954813	4
0.201854463710618	0.963497812159266	0.21	0.119	1	chr10-124916087-124918530	4
0.202040714508347	1.11821360318398	0.129	0.048	1	chr6-35368367-35369106	4
0.202040714508347	1.20082318098527	0.129	0.048	1	chr8-26866517-26867675	4
0.202040714508347	1.24903338721813	0.129	0.048	1	chr9-32927984-32929137	4
0.202040714508347	1.17497045107939	0.129	0.048	1	chr22-31259857-31260985	4
0.202058792937911	0.649064625106992	0.258	0.143	1	chr19-12364658-12366293	4
0.202506678269701	0.76226745800441	0.274	0.167	1	chr1-223844723-223847296	4
0.202506678269701	0.778781345623861	0.274	0.167	1	chr16-2428405-2430908	4
0.202506678269701	0.65380827326439	0.274	0.167	1	chr16-9090196-9093554	4
0.202614048545626	0.973343830931453	0.161	0.071	1	chr1-27143589-27145767	4
0.202614048545626	1.09067825048456	0.161	0.071	1	chr1-48469745-48471095	4
0.202614048545626	1.0659451880235	0.161	0.071	1	chr1-205647748-205649050	4
0.202614048545626	0.981216509914334	0.161	0.071	1	chr1-224106390-224107464	4
0.202614048545626	1.12214721397742	0.161	0.071	1	chr8-124525536-124527423	4
0.202614048545626	1.14163392410341	0.161	0.071	1	chr9-20566187-20567072	4
0.202614048545626	1.19263805803008	0.161	0.071	1	chr14-63735405-63736340	4
0.202614048545626	1.0480421621438	0.161	0.071	1	chr15-30625297-30627007	4
0.202614048545626	1.12024464997625	0.161	0.071	1	chr17-4554256-4556144	4
0.202614048545626	0.867282238121481	0.161	0.071	1	chr17-14061671-14062852	4
0.202614048545626	0.991306737529112	0.161	0.071	1	chr20-35663422-35665442	4
0.202614048545626	1.01999845815335	0.161	0.071	1	chrX-130772052-130773249	4
0.202651710637175	1.11602313826516	0.177	0.095	1	chr3-31614337-31616328	4
0.202651710637175	1.05288957646082	0.177	0.095	1	chr10-29104304-29106785	4
0.202651710637175	1.11999225382919	0.177	0.095	1	chr14-96390947-96392897	4
0.202953095750127	0.576054313476198	0.403	0.286	1	chr3-9749099-9751258	4
0.202960475463276	0.857852023077231	0.226	0.119	1	chr3-185796120-185797576	4
0.202960475463276	0.810841012891283	0.226	0.119	1	chr12-52115901-52117208	4
0.202960475463276	0.850002186322043	0.226	0.119	1	chr17-59892085-59894036	4
0.203313530480902	0.445468651991807	0.403	0.262	1	chr7-50745691-50794203	4
0.203561229216083	0.95081066350396	0.194	0.095	1	chr2-189660915-189662396	4
0.203561229216083	0.824993311007544	0.194	0.095	1	chr2-231603890-231605946	4
0.203561229216083	0.865169192012827	0.194	0.095	1	chr3-11641358-11644379	4
0.203561229216083	0.917258849729251	0.194	0.095	1	chr3-40456561-40458220	4
0.203835275471003	0.884042648882833	0.242	0.143	1	chr1-224431980-224436634	4
0.203835275471003	0.829145852973497	0.242	0.143	1	chr10-121926089-121929204	4
0.204643391171453	0.73372351517545	0.29	0.167	1	chr19-6271138-6275436	4
0.204681453076552	0.627486028109954	0.355	0.238	1	chr16-31071845-31075250	4
0.204683667057638	0.643474185492932	0.323	0.19	1	chr11-66544907-66546785	4
0.2049054009863	0.771989041609197	0.29	0.19	1	chr12-53078585-53080238	4
0.20519240759914	0.589607526023018	0.403	0.31	1	chr6-41071237-41075536	4
0.205359165307641	0.783199098237956	0.258	0.143	1	chr3-100334068-100335883	4
0.205359165307641	0.700656398792234	0.258	0.143	1	chr17-47940787-47942734	4
0.20542844857164	1.02920614089344	0.21	0.119	1	chr9-32383951-32385513	4
0.205579227222415	1.51004627267864	0.145	0.071	1	chr5-64330777-64332610	4
0.20570381271574	0.744162862406365	0.274	0.167	1	chr3-32569454-32571918	4
0.20570381271574	0.760835594288489	0.274	0.167	1	chr14-49583991-49587357	4
0.206345399546211	0.60012180177905	0.387	0.262	1	chr8-70401450-70404516	4
0.206439715591026	0.542645687178373	0.371	0.262	1	chr15-75367499-75369436	4
0.206466005138116	0.707841037992432	0.306	0.167	1	chr1-95071797-95073861	4
0.206470294885099	0.840990858922569	0.226	0.119	1	chr7-138091887-138093092	4
0.206520835503694	1.06377519479348	0.177	0.095	1	chr10-110790022-110792103	4
0.206520835503694	1.14887746213087	0.177	0.095	1	chr11-45160892-45162521	4
0.206520835503694	1.18701160999598	0.177	0.095	1	chr19-37077599-37079227	4
0.206658490397159	1.0757437179088	0.129	0.048	1	chr1-108559401-108560807	4
0.206658490397159	0.90962319018709	0.129	0.048	1	chr2-47016159-47017029	4
0.206658490397159	1.15009421243436	0.129	0.048	1	chr4-89049758-89050366	4
0.206658490397159	1.15777022621556	0.129	0.048	1	chr6-156661844-156662652	4
0.206658490397159	0.894886151831229	0.129	0.048	1	chr10-31836580-31837822	4
0.206658490397159	1.01026058301552	0.129	0.048	1	chr11-15613157-15613748	4
0.206658490397159	1.17317036896743	0.129	0.048	1	chr16-88015791-88018064	4
0.206658490397159	0.927226773571128	0.129	0.048	1	chr17-17090297-17091325	4
0.206658490397159	1.05685841993395	0.129	0.048	1	chr22-35380394-35381880	4
0.206658490397159	1.16665006105706	0.129	0.048	1	chrX-54384623-54385435	4
0.206729861642934	0.97615309556039	0.161	0.071	1	chr5-95161661-95163493	4
0.206729861642934	0.758370417173137	0.161	0.071	1	chr14-100304770-100308549	4
0.206808948230949	0.426345684260152	0.565	0.381	1	chr3-38164259-38166622	4
0.207244490875236	0.692526693659075	0.323	0.214	1	chr8-60516184-60518455	4
0.207279790423726	0.517512297035118	0.435	0.286	1	chr1-200668589-200671228	4
0.207337989090972	0.960924765329667	0.194	0.095	1	chr1-32071839-32073759	4
0.207337989090972	0.991184026855093	0.194	0.095	1	chr1-225879600-225883670	4
0.207337989090972	0.931692640024299	0.194	0.095	1	chr4-38091153-38092622	4
0.207337989090972	0.804106455348547	0.194	0.095	1	chr7-140417587-140418767	4
0.207337989090972	0.938954460679934	0.194	0.095	1	chr9-93511014-93512067	4
0.207337989090972	0.917130952181395	0.194	0.095	1	chr19-47111989-47114062	4
0.207337989090972	1.05591074626308	0.194	0.095	1	chr22-29701182-29702882	4
0.207815981051208	0.5547353038048	0.29	0.167	1	chr1-180501413-180503859	4
0.207815981051208	0.691183044922474	0.29	0.167	1	chr9-137021718-137023741	4
0.20799862714916	0.643327421418277	0.306	0.19	1	chr9-111630374-111632384	4
0.208056846841008	0.641215806455052	0.339	0.214	1	chrX-154377892-154380653	4
0.208655224751677	0.610912598633718	0.355	0.214	1	chr19-49675585-49678748	4
0.208655224751677	0.737642295738133	0.339	0.238	1	chr10-60724630-60736066	4
0.208787492522144	1.03767888351559	0.226	0.143	1	chr5-172688184-172690120	4
0.209048202728427	0.937024896863833	0.21	0.119	1	chr6-30913208-30915944	4
0.209341222789116	0.547396062780889	0.419	0.286	1	chr9-71909936-71912695	4
0.209803378430369	0.756172603429707	0.258	0.167	1	chr17-38728659-38734519	4
0.209887946497304	1.26260098495281	0.145	0.071	1	chr3-67113707-67114515	4
0.209887946497304	1.29709766245097	0.145	0.071	1	chr4-68375691-68376707	4
0.209887946497304	1.26414896655866	0.145	0.071	1	chr5-151164490-151165275	4
0.209887946497304	1.30319301322278	0.145	0.071	1	chr8-123911410-123913205	4
0.209887946497304	1.421713448058	0.145	0.071	1	chr11-47329277-47332107	4
0.209887946497304	1.33188155371984	0.145	0.071	1	chr14-46651386-46652269	4
0.210023978704038	0.777544109654199	0.226	0.119	1	chr5-121960943-121963461	4
0.210023978704038	0.695986889644242	0.226	0.119	1	chr21-32770540-32773350	4
0.210278967555531	0.673530489357979	0.323	0.214	1	chr2-239399470-239402365	4
0.210278967555531	0.727861496379419	0.323	0.214	1	chr3-180601020-180603223	4
0.210443318130785	1.08892872746541	0.177	0.095	1	chr4-157996036-157998306	4
0.210443318130785	1.1006208608968	0.177	0.095	1	chr12-51429879-51431318	4
0.210443318130785	1.1669867901088	0.177	0.095	1	chr14-92120865-92123177	4
0.210640867556124	0.758393180713361	0.242	0.143	1	chr17-1004112-1006734	4
0.210805865253473	0.621963995085621	0.323	0.19	1	chr7-55364395-55367342	4
0.210906033375924	0.85826977921003	0.161	0.071	1	chr1-16205851-16207439	4
0.210906033375924	0.874707282013386	0.161	0.071	1	chr1-88677904-88679109	4
0.210906033375924	1.00148253007741	0.161	0.071	1	chr2-118012741-118014867	4
0.210906033375924	1.149397103641	0.161	0.071	1	chr2-231960967-231962691	4
0.210906033375924	1.07352702093311	0.161	0.071	1	chr4-114187011-114188416	4
0.210906033375924	0.990929254430801	0.161	0.071	1	chr10-111915670-111916837	4
0.210906033375924	1.01689414161023	0.161	0.071	1	chr12-47963060-47964761	4
0.210906033375924	1.02763215364799	0.161	0.071	1	chrX-129905535-129906707	4
0.211119391871407	0.660558818384694	0.306	0.19	1	chr1-154219403-154222209	4
0.211119391871407	0.717055779661847	0.306	0.19	1	chr8-142674957-142678105	4
0.211165333081711	0.827461099404911	0.194	0.095	1	chr10-1735768-1738106	4
0.211165333081711	0.84476518422752	0.194	0.095	1	chr17-74986906-74989156	4
0.211199563051132	0.679595249987935	0.29	0.19	1	chr5-43482681-43484991	4
0.212207789899616	0.741186024659504	0.274	0.167	1	chr3-59663940-59665422	4
0.212207789899616	0.742321749046697	0.274	0.167	1	chr7-128409196-128411241	4
0.212713942086164	0.941457645767315	0.21	0.119	1	chr9-126914271-126916042	4
0.212713942086164	0.964847442754396	0.21	0.119	1	chr12-107758677-107761794	4
0.213075821167964	0.467565573307081	0.532	0.381	1	chr1-161225263-161228198	4
0.213621727363438	0.767815933967123	0.226	0.119	1	chr15-40694068-40695924	4
0.213779397472356	0.530209131394736	0.435	0.333	1	chr5-90472889-90475549	4
0.213857578551889	1.90806195976718	0.113	0.048	1	chr1-10673385-10678311	4
0.213857578551889	1.59212190002639	0.113	0.048	1	chr1-222347165-222348228	4
0.213857578551889	1.50555766107606	0.113	0.048	1	chr6-51163433-51164644	4
0.213857578551889	1.49508056347393	0.113	0.048	1	chr7-136665865-136666643	4
0.213857578551889	1.56982575670428	0.113	0.048	1	chr8-74048408-74049463	4
0.214104659799957	0.780075329148026	0.242	0.143	1	chr15-68816738-68822597	4
0.214104659799957	0.849643763595643	0.242	0.143	1	chr17-81221413-81223729	4
0.214261666272818	1.16222313495811	0.145	0.071	1	chr2-85907472-85908266	4
0.214261666272818	1.32423455696807	0.145	0.071	1	chr3-50615834-50618207	4
0.214261666272818	1.36206951009621	0.145	0.071	1	chr4-6171823-6173133	4
0.214261666272818	1.17899775065362	0.145	0.071	1	chr7-10022858-10023518	4
0.21427387708872	0.645967089761721	0.306	0.19	1	chr5-154712197-154714999	4
0.21429482248428	0.454803428929599	0.484	0.333	1	chr3-136861205-136863580	4
0.214419426874541	1.04048392182136	0.177	0.095	1	chr22-45919112-45920263	4
0.214419426874541	1.13657179604956	0.177	0.095	1	chrX-102598700-102600678	4
0.214646229452485	0.672459244848746	0.339	0.238	1	chr1-112713154-112716892	4
0.215043506884354	0.866048097226383	0.194	0.095	1	chr10-127012433-127014130	4
0.215043506884354	0.864013802556477	0.194	0.095	1	chr11-45842929-45844097	4
0.2151428855596	0.757347762280512	0.161	0.071	1	chr1-8488976-8490816	4
0.2151428855596	0.850046349627417	0.161	0.071	1	chr6-107027695-107029278	4
0.2151428855596	0.982919370742504	0.161	0.071	1	chr7-149146942-149149519	4
0.215514935808534	0.733606647111254	0.274	0.167	1	chr17-9644369-9647496	4
0.215514935808534	0.792837433516453	0.274	0.167	1	chr20-2469021-2471496	4
0.215634058481354	0.495502895437598	0.435	0.286	1	chr10-119595275-119597871	4
0.216425875946131	0.865176395962008	0.21	0.119	1	chr5-112860525-112862667	4
0.216425875946131	0.902656890469096	0.21	0.119	1	chr10-72297305-72298744	4
0.216425875946131	0.898288890007029	0.21	0.119	1	chr15-73990847-73992823	4
0.216425875946131	0.942438878527712	0.21	0.119	1	chr18-70421817-70424598	4
0.216444115227484	0.596532754146623	0.339	0.19	1	chr13-44432561-44438337	4
0.216444115227484	0.643302522425806	0.323	0.214	1	chr18-54827962-54830675	4
0.216508848022965	0.760027634431916	0.258	0.167	1	chr6-133951761-133954386	4
0.216961043070638	0.45311394726114	0.484	0.357	1	chr3-160754208-160756612	4
0.217263735221523	0.713229820387731	0.226	0.119	1	chr8-31033212-31035042	4
0.217263735221523	0.818120789998126	0.226	0.119	1	chr19-2149815-2152347	4
0.217263735221523	0.617186428723954	0.226	0.119	1	chr20-53785160-53788277	4
0.217521976733339	0.53228535941168	0.403	0.262	1	chr9-4984064-4986633	4
0.217609346766875	0.765236570860763	0.242	0.143	1	chr10-22002377-22004235	4
0.217609346766875	0.819334407584483	0.242	0.143	1	chr10-133257212-133259872	4
0.217609346766875	0.861813118660439	0.242	0.143	1	chr11-65100892-65106005	4
0.217609346766875	0.759163388216376	0.242	0.143	1	chr11-128607622-128608574	4
0.217632354282203	0.681310024491345	0.29	0.19	1	chr17-28811444-28813194	4
0.217687812004053	0.472132365376724	0.355	0.214	1	chr10-72330794-72332902	4
0.217687812004053	0.652707458061335	0.339	0.238	1	chr10-97685675-97688577	4
0.218131309361148	0.550696728046686	0.371	0.238	1	chr5-149549224-149552309	4
0.218449421065226	0.887149850702813	0.177	0.095	1	chr2-74177984-74179514	4
0.218449421065226	1.07199143312038	0.177	0.095	1	chr3-174936313-174939288	4
0.218449421065226	1.07711947032467	0.177	0.095	1	chr6-149316574-149318385	4
0.218449421065226	1.03780804891511	0.177	0.095	1	chr17-5110873-5112836	4
0.218700734071472	1.21822208454292	0.145	0.071	1	chr2-24539640-24540788	4
0.218700734071472	1.22022478458163	0.145	0.071	1	chr3-124853210-124854120	4
0.218700734071472	1.33287016387565	0.145	0.071	1	chr4-75989610-75991338	4
0.218700734071472	1.19748983580122	0.145	0.071	1	chr9-97803060-97804252	4
0.218700734071472	1.38982667853556	0.145	0.071	1	chr11-46947371-46949394	4
0.218700734071472	1.3389076511327	0.145	0.071	1	chr20-38961559-38963387	4
0.218859048295489	0.614653316493032	0.274	0.167	1	chr9-124940178-124942526	4
0.218859048295489	0.732910010170777	0.274	0.167	1	chr11-117143368-117146059	4
0.218905821869504	1.47243803665842	0.113	0.048	1	chr1-58773123-58774013	4
0.218905821869504	1.53987391981751	0.113	0.048	1	chr1-203272815-203273711	4
0.218905821869504	1.56059767883728	0.113	0.048	1	chr1-207924831-207925769	4
0.218905821869504	1.58177906380366	0.113	0.048	1	chr2-168479915-168481708	4
0.218905821869504	1.45001725734914	0.113	0.048	1	chr3-42819377-42820600	4
0.218905821869504	1.76529310690832	0.113	0.048	1	chr4-24794902-24796210	4
0.218905821869504	1.57096836826135	0.113	0.048	1	chr5-112174876-112175548	4
0.218905821869504	1.40471814535351	0.113	0.048	1	chr15-53933476-53934952	4
0.218905821869504	1.44110820927275	0.113	0.048	1	chr16-28504739-28506010	4
0.218905821869504	1.4258948098572	0.113	0.048	1	chr19-10695259-10696397	4
0.218952403507908	0.72111487645011	0.258	0.143	1	chr1-211577268-211580388	4
0.218972748065098	0.783516357641744	0.194	0.095	1	chr1-182588038-182589801	4
0.218972748065098	0.880709251888723	0.194	0.095	1	chr3-130746245-130747529	4
0.218972748065098	0.705418666090251	0.194	0.095	1	chr3-192597194-192598583	4
0.219440728433316	0.861442768934663	0.161	0.071	1	chr1-8014892-8018036	4
0.219440728433316	0.925294867946389	0.161	0.071	1	chr6-136563777-136566898	4
0.219440728433316	1.01031034770797	0.161	0.071	1	chr7-20784975-20787687	4
0.219440728433316	0.7614366621116	0.161	0.071	1	chr9-79667813-79668762	4
0.219440728433316	0.875244477037834	0.161	0.071	1	chr12-57744238-57746124	4
0.219442424556658	0.858549022405273	0.226	0.143	1	chr14-74762567-74764609	4
0.219575023687252	0.645939885513421	0.323	0.214	1	chr7-27661731-27663583	4
0.219918539795547	0.543537476990094	0.403	0.286	1	chr3-101675453-101678632	4
0.219918839499438	0.804401452994706	0.258	0.167	1	chr10-132570693-132573056	4
0.220184206858337	0.888584722169769	0.21	0.119	1	chr1-152109128-152112456	4
0.220184206858337	0.959152898397088	0.21	0.119	1	chr2-241558382-241562584	4
0.220184206858337	0.876773701425907	0.21	0.119	1	chr17-16652634-16654266	4
0.220950190419535	0.610827656873218	0.226	0.119	1	chr17-75556711-75560476	4
0.221144888497304	0.568496898282713	0.371	0.238	1	chr14-49618888-49622107	4
0.221155094779862	0.768389129519901	0.242	0.143	1	chr3-191328603-191331038	4
0.221155094779862	0.858532635277602	0.242	0.143	1	chr7-42910913-42912845	4
0.221155094779862	0.765390704151107	0.242	0.143	1	chr9-33000192-33003202	4
0.222449464846445	0.72677983794357	0.258	0.143	1	chr4-54840598-54844361	4
0.222533550792338	1.06815612388064	0.177	0.095	1	chr5-139787175-139788544	4
0.222533550792338	1.06178628998565	0.177	0.095	1	chr6-131807224-131808749	4
0.222533550792338	0.992993598864912	0.177	0.095	1	chr6-170124490-170125514	4
0.222533550792338	0.993275845239943	0.177	0.095	1	chr8-30553957-30556721	4
0.222533550792338	0.994593476695191	0.177	0.095	1	chr11-45899152-45901964	4
0.222533550792338	1.00314157883972	0.177	0.095	1	chr12-57905004-57906128	4
0.222533550792338	1.03407652805717	0.177	0.095	1	chr12-64945844-64947080	4
0.222578485130873	0.534595545944913	0.355	0.238	1	chr11-7511184-7514802	4
0.222842278516985	0.514479579875477	0.387	0.31	1	chr5-163458818-163463156	4
0.222953285872903	0.769663663251145	0.194	0.095	1	chr1-85426889-85428818	4
0.222953285872903	0.864509332992742	0.194	0.095	1	chr17-68100908-68102880	4
0.222953285872903	0.851819932327695	0.194	0.095	1	chr20-24929682-24931673	4
0.223079360255923	0.898048954889846	0.226	0.143	1	chr8-42391298-42392822	4
0.223205483832806	1.30147456385427	0.145	0.071	1	chr1-66451137-66453335	4
0.223205483832806	1.24727338650888	0.145	0.071	1	chr3-167977719-167979044	4
0.223205483832806	1.26530549264753	0.145	0.071	1	chr6-35359721-35361187	4
0.223205483832806	1.28977596921629	0.145	0.071	1	chr17-67824577-67826733	4
0.223205483832806	1.22661972227947	0.145	0.071	1	chr22-24994199-24995114	4
0.223367198849661	0.807117568290054	0.258	0.167	1	chr15-66700409-66704562	4
0.223445367269644	0.570299093671025	0.323	0.19	1	chr14-31419211-31421245	4
0.223799860368736	0.835992006305307	0.161	0.071	1	chr1-180543840-180544806	4
0.223799860368736	0.968401397615841	0.161	0.071	1	chr4-45647576-45649552	4
0.223799860368736	0.942256969735063	0.161	0.071	1	chr4-153058316-153059435	4
0.223799860368736	1.05832015797568	0.161	0.071	1	chr5-149228756-149229501	4
0.223799860368736	0.874880131038911	0.161	0.071	1	chr16-31032594-31034754	4
0.223815264242708	0.373371116605444	0.516	0.405	1	chr15-70091510-70100356	4
0.223863677816806	0.566087362715141	0.355	0.214	1	chr3-123584023-123586748	4
0.223989130475039	0.880196282735773	0.21	0.119	1	chr3-134381466-134382692	4
0.223989130475039	0.917547161085456	0.21	0.119	1	chr7-151875044-151877950	4
0.224039087609965	1.32498531182478	0.113	0.048	1	chr1-80403219-80404049	4
0.224039087609965	1.41234749584315	0.113	0.048	1	chr3-100316469-100317696	4
0.224039087609965	1.42406646676374	0.113	0.048	1	chr3-108632149-108632873	4
0.224039087609965	1.48408277285172	0.113	0.048	1	chr3-128607956-128609724	4
0.224039087609965	1.6285793252858	0.113	0.048	1	chr3-135907217-135908675	4
0.224039087609965	1.34244310874105	0.113	0.048	1	chr4-54217505-54218269	4
0.224039087609965	1.56358547624496	0.113	0.048	1	chr5-141840317-141842500	4
0.224039087609965	1.46773086637281	0.113	0.048	1	chr6-113635535-113637369	4
0.224039087609965	1.47455331199551	0.113	0.048	1	chr7-23844547-23845609	4
0.224039087609965	1.60683371324705	0.113	0.048	1	chr9-3323065-3324149	4
0.224039087609965	1.56625128923613	0.113	0.048	1	chr10-131960656-131964646	4
0.224039087609965	1.52027298662692	0.113	0.048	1	chr11-11605486-11606896	4
0.224039087609965	1.68368667948565	0.113	0.048	1	chr11-35943376-35945008	4
0.224039087609965	1.54633906422439	0.113	0.048	1	chr14-21721186-21722152	4
0.224039087609965	1.41169864567102	0.113	0.048	1	chr14-61559851-61562335	4
0.224039087609965	1.60985089417074	0.113	0.048	1	chr15-29820965-29823267	4
0.224039087609965	1.6781035294491	0.113	0.048	1	chr16-81585819-81587337	4
0.224039087609965	1.45761774334546	0.113	0.048	1	chr16-87965859-87967313	4
0.224039087609965	1.59019978145671	0.113	0.048	1	chr17-37254119-37255512	4
0.224039087609965	1.48735772541011	0.113	0.048	1	chr19-3365360-3367876	4
0.224039087609965	1.51436053315654	0.113	0.048	1	chrX-53311776-53313708	4
0.224204832038514	0.709989500375308	0.29	0.19	1	chr14-30221333-30224833	4
0.224681274750676	0.77146244679601	0.226	0.119	1	chr5-157742986-157745596	4
0.224681274750676	0.758077937801804	0.226	0.119	1	chr11-9313596-9315533	4
0.224742064738028	0.800075144618903	0.242	0.143	1	chr1-175191313-175193610	4
0.224742064738028	0.774980616532065	0.242	0.143	1	chr6-7389109-7390873	4
0.224742064738028	0.838909703644893	0.242	0.143	1	chr9-108472839-108474839	4
0.22507282486831	0.399944290530381	0.435	0.262	1	chr1-226938335-226941601	4
0.225986335367466	0.736470630698067	0.258	0.143	1	chr5-8456768-8458613	4
0.226672056691139	1.00574057379115	0.177	0.095	1	chr2-42367854-42369680	4
0.226672056691139	1.00717562194448	0.177	0.095	1	chr3-46488552-46489336	4
0.226672056691139	0.990658239744388	0.177	0.095	1	chr5-122053660-122055273	4
0.226672056691139	0.991884690131605	0.177	0.095	1	chr6-27312154-27313630	4
0.226672056691139	1.04847696947793	0.177	0.095	1	chr8-143290414-143292284	4
0.226672056691139	1.01769279354968	0.177	0.095	1	chr10-29734781-29737351	4
0.226672056691139	0.986915861750895	0.177	0.095	1	chr10-103966407-103968467	4
0.226672056691139	0.9815324573315	0.177	0.095	1	chr15-43492505-43493851	4
0.226854067696316	0.690685992138696	0.258	0.167	1	chr19-58439749-58440696	4
0.226985341053384	0.817126012221398	0.194	0.095	1	chr5-62411902-62413900	4
0.226985341053384	0.799719657056934	0.194	0.095	1	chr8-144790273-144794072	4
0.226985341053384	0.760027048611413	0.194	0.095	1	chrX-2628643-2631826	4
0.226998167973166	0.615765772793171	0.339	0.238	1	chr19-2059110-2062628	4
0.227239542225976	0.400516960381649	0.548	0.429	1	chr16-67804743-67807708	4
0.227776235567523	1.35265948264116	0.145	0.071	1	chr1-10471817-10473025	4
0.227776235567523	1.12551373280205	0.145	0.071	1	chr2-11764070-11764967	4
0.227776235567523	1.18879638390302	0.145	0.071	1	chr2-137747318-137748958	4
0.227776235567523	1.21026353505323	0.145	0.071	1	chr3-58251470-58252279	4
0.227776235567523	1.21213782098404	0.145	0.071	1	chr3-138434072-138435206	4
0.227776235567523	1.2460331708498	0.145	0.071	1	chr8-114585641-114587078	4
0.227776235567523	1.32402476201068	0.145	0.071	1	chr10-32054059-32056955	4
0.227776235567523	1.16126647388156	0.145	0.071	1	chr14-23352336-23353502	4
0.227776235567523	1.18044471410517	0.145	0.071	1	chr14-68255260-68256545	4
0.227776235567523	1.15136813819342	0.145	0.071	1	chr15-40905816-40907599	4
0.227776235567523	1.23142514413168	0.145	0.071	1	chr17-82646614-82649241	4
0.227840835405239	0.958947521495699	0.21	0.119	1	chr1-633673-634647	4
0.228072018798468	0.495943690907802	0.468	0.381	1	chr14-20460682-20462411	4
0.228146539735603	0.491079527724057	0.452	0.333	1	chr11-59106108-59108249	4
0.228220567579952	0.80468843545985	0.161	0.071	1	chr1-40305208-40306856	4
0.228370412009982	0.826994186828896	0.242	0.143	1	chr10-12605167-12606840	4
0.228370412009982	0.779193249410701	0.242	0.143	1	chr15-42494833-42496296	4
0.228370412009982	0.66198006926598	0.242	0.143	1	chr20-41134976-41138746	4
0.228457163529921	0.719482894967228	0.226	0.119	1	chr2-74457016-74459755	4
0.228457163529921	0.640629686224857	0.226	0.119	1	chr3-128333986-128336577	4
0.228772985647827	0.415855526698166	0.419	0.262	1	chr11-15615706-15619558	4
0.228786094684476	0.531967232609841	0.355	0.238	1	chr6-132811971-132821612	4
0.22911457129527	0.69556717698957	0.274	0.167	1	chr22-19936880-19938721	4
0.229162442330761	0.534628341645199	0.323	0.214	1	chr1-46718317-46720323	4
0.229257844511609	1.52017821426941	0.113	0.048	1	chr1-2081672-2083155	4
0.229257844511609	1.61127263201388	0.113	0.048	1	chr1-84409348-84411454	4
0.229257844511609	1.56559053790867	0.113	0.048	1	chr1-84996348-84997908	4
0.229257844511609	1.53204334016996	0.113	0.048	1	chr2-43995205-43996748	4
0.229257844511609	1.49053119368315	0.113	0.048	1	chr2-61905137-61906292	4
0.229257844511609	1.3506688411899	0.113	0.048	1	chr2-69570104-69571166	4
0.229257844511609	1.52129837469233	0.113	0.048	1	chr2-144869286-144870068	4
0.229257844511609	1.5688462982132	0.113	0.048	1	chr2-177324770-177325821	4
0.229257844511609	1.35648222340241	0.113	0.048	1	chr3-114319214-114320944	4
0.229257844511609	1.49158064548424	0.113	0.048	1	chr3-116971351-116972133	4
0.229257844511609	1.52691109750668	0.113	0.048	1	chr3-172297846-172299231	4
0.229257844511609	1.52739484629982	0.113	0.048	1	chr4-1159040-1161692	4
0.229257844511609	1.52192897273024	0.113	0.048	1	chr4-190020559-190021775	4
0.229257844511609	1.46236931990693	0.113	0.048	1	chr5-144368589-144371001	4
0.229257844511609	1.46446708361697	0.113	0.048	1	chr5-178895425-178896777	4
0.229257844511609	1.69746096115684	0.113	0.048	1	chr6-110595873-110599282	4
0.229257844511609	1.65327806870175	0.113	0.048	1	chr7-51647508-51648674	4
0.229257844511609	1.48113022176903	0.113	0.048	1	chr8-117986916-117987953	4
0.229257844511609	1.4322682465758	0.113	0.048	1	chr9-80334824-80336085	4
0.229257844511609	1.38499838137275	0.113	0.048	1	chr10-13607852-13609003	4
0.229257844511609	1.49649603391073	0.113	0.048	1	chr10-35368680-35369823	4
0.229257844511609	1.41589122453727	0.113	0.048	1	chr10-102834134-102835528	4
0.229257844511609	1.42184089334415	0.113	0.048	1	chr11-71283596-71285110	4
0.229257844511609	1.42010335883181	0.113	0.048	1	chr12-54418801-54419842	4
0.229257844511609	1.46766002477781	0.113	0.048	1	chr14-37566569-37567529	4
0.229257844511609	1.44913560802886	0.113	0.048	1	chr15-42650178-42650902	4
0.229257844511609	1.36697824176274	0.113	0.048	1	chr15-83123201-83124087	4
0.229257844511609	1.35876906407937	0.113	0.048	1	chr17-68465871-68466569	4
0.229257844511609	1.38311553579908	0.113	0.048	1	chr19-52820813-52822002	4
0.229257844511609	1.40352811496969	0.113	0.048	1	chr21-32660566-32661928	4
0.230364363783576	0.568919219953486	0.371	0.238	1	chr16-29815175-29817618	4
0.230379582801097	0.782155455506448	0.258	0.167	1	chr2-74197948-74200226	4
0.230482182267649	0.865786030199416	0.226	0.143	1	chr6-134014581-134018214	4
0.230482182267649	0.849146649643989	0.226	0.143	1	chr11-66267023-66269902	4
0.230482182267649	0.857881822092301	0.226	0.143	1	chr19-14205159-14208032	4
0.230679362779442	1.09468182782396	0.194	0.119	1	chr12-1934907-1937620	4
0.230679362779442	0.893813881448488	0.194	0.119	1	chr17-78168066-78170259	4
0.230865169730787	0.997085861244765	0.177	0.095	1	chr4-88006926-88009014	4
0.230865169730787	0.937045072043976	0.177	0.095	1	chr6-139981328-139983364	4
0.230865169730787	1.04898857190316	0.177	0.095	1	chr10-125063514-125065679	4
0.230865169730787	1.02794941103543	0.177	0.095	1	chr16-660330-661778	4
0.230865169730787	0.967731007292953	0.177	0.095	1	chr22-41618840-41622266	4
0.231069125664073	0.798374755835231	0.194	0.095	1	chr2-197804154-197805224	4
0.231069125664073	0.760898380205735	0.194	0.095	1	chr4-88522541-88524687	4
0.231069125664073	0.670086070398346	0.194	0.095	1	chr17-50917701-50921152	4
0.231739503070241	0.907971755147004	0.21	0.119	1	chr5-170820886-170822404	4
0.231739503070241	0.924717803213239	0.21	0.119	1	chr18-35289257-35290923	4
0.232040286327942	0.718263753489726	0.242	0.143	1	chr7-36289698-36292462	4
0.232040286327942	0.760920860864844	0.242	0.143	1	chr19-36837570-36839117	4
0.232413295014512	1.20031305646171	0.145	0.071	1	chr1-162144167-162146494	4
0.232413295014512	1.21794787987463	0.145	0.071	1	chr1-248923120-248925358	4
0.232413295014512	1.21059414295983	0.145	0.071	1	chr3-111923813-111925011	4
0.232413295014512	1.13461100148582	0.145	0.071	1	chr3-160212097-160213560	4
0.232413295014512	1.21546230050462	0.145	0.071	1	chr3-196631707-196633247	4
0.232413295014512	1.10731476150749	0.145	0.071	1	chr6-41456277-41457437	4
0.232413295014512	0.944929463668148	0.145	0.071	1	chr6-149060589-149062109	4
0.232413295014512	1.12690314634269	0.145	0.071	1	chr7-54823705-54825768	4
0.232413295014512	1.13286149538404	0.145	0.071	1	chr10-76984032-76985286	4
0.232413295014512	1.10251326447367	0.145	0.071	1	chr11-124170251-124171673	4
0.232413295014512	1.16294722386074	0.145	0.071	1	chr14-84642899-84644432	4
0.232413295014512	1.27041868790815	0.145	0.071	1	chr17-75769327-75770465	4
0.232413295014512	1.15284708432475	0.145	0.071	1	chr20-24406701-24407660	4
0.232423502622608	0.641226845054295	0.323	0.214	1	chr1-92783520-92785956	4
0.23260791359606	0.631036248497624	0.274	0.167	1	chr6-151450813-151453544	4
0.233958902164053	0.414866171408237	0.452	0.333	1	chr19-27792687-27795238	4
0.234327618834236	0.673756940845643	0.29	0.19	1	chr1-88890128-88893492	4
0.234327618834236	0.706773779273347	0.29	0.19	1	chr18-5294144-5297370	4
0.234562537304777	1.34486864758934	0.113	0.048	1	chr1-6234770-6236445	4
0.234562537304777	1.33601878237279	0.113	0.048	1	chr1-16895805-16897604	4
0.234562537304777	1.35873253629244	0.113	0.048	1	chr1-100414516-100415836	4
0.234562537304777	1.44397825957946	0.113	0.048	1	chr1-173805192-173806602	4
0.234562537304777	1.35646251514641	0.113	0.048	1	chr1-176691345-176692134	4
0.234562537304777	1.33109210214968	0.113	0.048	1	chr1-241624570-241625434	4
0.234562537304777	1.41030379705413	0.113	0.048	1	chr2-230796082-230797169	4
0.234562537304777	1.47264384157188	0.113	0.048	1	chr3-127574700-127575855	4
0.234562537304777	1.39593632251905	0.113	0.048	1	chr3-151119980-151121120	4
0.234562537304777	1.36442295299693	0.113	0.048	1	chr4-20563677-20564392	4
0.234562537304777	1.53614420062451	0.113	0.048	1	chr4-160364188-160366154	4
0.234562537304777	1.44696105614871	0.113	0.048	1	chr5-109753748-109754861	4
0.234562537304777	1.40699001872856	0.113	0.048	1	chr5-138803714-138804595	4
0.234562537304777	1.36492157290617	0.113	0.048	1	chr5-177472228-177474058	4
0.234562537304777	1.50806491088817	0.113	0.048	1	chr6-27187636-27189314	4
0.234562537304777	1.43812728624383	0.113	0.048	1	chr7-23473494-23474966	4
0.234562537304777	1.38022595128816	0.113	0.048	1	chr9-82107706-82109087	4
0.234562537304777	1.59688680488391	0.113	0.048	1	chr10-59283145-59286197	4
0.234562537304777	1.40872491186064	0.113	0.048	1	chr11-40227769-40229370	4
0.234562537304777	1.34904648902148	0.113	0.048	1	chr11-66510145-66511293	4
0.234562537304777	1.53080013320021	0.113	0.048	1	chr11-83673962-83674970	4
0.234562537304777	1.31603655855004	0.113	0.048	1	chr12-54188540-54189519	4
0.234562537304777	1.50327837670168	0.113	0.048	1	chr12-70549397-70550512	4
0.234562537304777	1.54324842569735	0.113	0.048	1	chr12-115324902-115326631	4
0.234562537304777	1.39560344816186	0.113	0.048	1	chr13-57631166-57632313	4
0.234562537304777	1.35342445796017	0.113	0.048	1	chr14-103259827-103261256	4
0.234562537304777	1.52058573166255	0.113	0.048	1	chr15-41620494-41622395	4
0.234562537304777	1.28830529568507	0.113	0.048	1	chr16-28944376-28946186	4
0.234562537304777	1.43335213697625	0.113	0.048	1	chr16-53886086-53887157	4
0.234562537304777	1.44696143955642	0.113	0.048	1	chr16-69036803-69038227	4
0.234562537304777	1.47965504174636	0.113	0.048	1	chr16-82229810-82232013	4
0.234562537304777	1.46803401250969	0.113	0.048	1	chr18-44975902-44976905	4
0.234562537304777	1.41792582953292	0.113	0.048	1	chr19-45902204-45903552	4
0.234562537304777	1.36088503971331	0.113	0.048	1	chr19-51092137-51093971	4
0.234562537304777	1.49011698385947	0.113	0.048	1	chr22-38611500-38613945	4
0.234706503341672	0.985330984703107	0.194	0.119	1	chr11-61375255-61376504	4
0.235113111004228	0.95607195631436	0.177	0.095	1	chr1-10032215-10035249	4
0.235113111004228	1.01564048797015	0.177	0.095	1	chr1-204442683-204444155	4
0.235113111004228	0.92604990465634	0.177	0.095	1	chr2-241125921-241127047	4
0.235113111004228	0.983292901860588	0.177	0.095	1	chr4-22556129-22557313	4
0.235113111004228	1.05688941289137	0.177	0.095	1	chr8-118877510-118879175	4
0.235113111004228	0.95433634403934	0.177	0.095	1	chr10-96129457-96131157	4
0.235113111004228	0.934452046822015	0.177	0.095	1	chr12-101711889-101716581	4
0.235113111004228	0.999641405762472	0.177	0.095	1	chr16-67206218-67209682	4
0.235113111004228	1.01254882007324	0.177	0.095	1	chr19-50383373-50385767	4
0.2351159819532	0.570513586888086	0.355	0.238	1	chr17-77286120-77289408	4
0.235204842891188	0.747141975138913	0.194	0.095	1	chr1-6157044-6158692	4
0.23568530756034	0.821996720448597	0.21	0.119	1	chr11-111918354-111919418	4
0.23568530756034	0.84564798498135	0.21	0.119	1	chr20-57707716-57711604	4
0.23568530756034	0.780368286517879	0.21	0.119	1	chrX-49100158-49101994	4
0.235751831682655	0.85457686396603	0.242	0.143	1	chr11-33038762-33040658	4
0.236138881370626	0.70567905975237	0.274	0.167	1	chr16-25110710-25112348	4
0.236138881370626	0.703051861147822	0.274	0.167	1	chr18-23133624-23136593	4
0.236138881370626	0.701937127616569	0.274	0.167	1	chr19-12293516-12295427	4
0.236144022527	0.860906000437501	0.226	0.119	1	chr2-214807137-214810596	4
0.236430528977767	0.501955723058755	0.371	0.262	1	chr3-119239105-119242117	4
0.236430528977767	0.425534500235732	0.371	0.262	1	chr3-186782385-186791811	4
0.236837228267452	0.58677532299872	0.258	0.143	1	chr5-181241188-181244901	4
0.236837228267452	0.591735872132592	0.258	0.143	1	chr11-45921137-45923429	4
0.237116953301047	1.19257542915776	0.145	0.071	1	chr3-120766099-120768515	4
0.237116953301047	1.13860247511767	0.145	0.071	1	chr4-109411929-109413534	4
0.237116953301047	1.14672724394517	0.145	0.071	1	chr5-42908380-42909500	4
0.237116953301047	1.13108831644319	0.145	0.071	1	chr6-2970507-2972389	4
0.237116953301047	1.1287185758207	0.145	0.071	1	chr7-14761077-14762381	4
0.237116953301047	1.13424207902902	0.145	0.071	1	chr12-3863432-3864320	4
0.237116953301047	1.11903525475799	0.145	0.071	1	chr12-10395279-10396216	4
0.237116953301047	1.13266703000885	0.145	0.071	1	chr14-70358551-70360212	4
0.237116953301047	1.11513976215548	0.145	0.071	1	chr16-2857725-2859076	4
0.237116953301047	1.15845707639829	0.145	0.071	1	chr16-4868927-4871073	4
0.237116953301047	1.02176495527041	0.145	0.071	1	chr17-49677070-49678664	4
0.237116953301047	1.13542246667932	0.145	0.071	1	chr18-47149361-47151514	4
0.237547073997155	0.767891030528505	0.258	0.167	1	chr5-138559625-138560808	4
0.237547073997155	0.726024375951162	0.258	0.167	1	chr6-30212470-30214871	4
0.237547073997155	0.801153538944087	0.258	0.167	1	chr10-123007494-123010393	4
0.237984153770215	0.619302178961078	0.29	0.167	1	chr1-231527720-231529353	4
0.237984153770215	0.715707060188077	0.274	0.19	1	chr3-158570444-158571935	4
0.237984153770215	0.738090220133282	0.274	0.19	1	chr17-4938687-4941316	4
0.238302324431798	0.723216300561385	0.306	0.214	1	chr11-6682019-6684048	4
0.238783181726584	1.00286042754686	0.194	0.119	1	chr8-52466725-52467977	4
0.23916702164005	0.523920252717895	0.371	0.286	1	chr11-17810596-17814205	4
0.239416091519986	0.990649363352454	0.177	0.095	1	chr2-131091863-131094208	4
0.239416091519986	0.908548695084606	0.177	0.095	1	chr3-113838330-113839510	4
0.239416091519986	0.964295700183094	0.177	0.095	1	chr6-8063485-8065187	4
0.239416091519986	0.942629163289508	0.177	0.095	1	chr6-116615717-116617266	4
0.239416091519986	0.990396397357197	0.177	0.095	1	chr8-37690966-37692315	4
0.239416091519986	1.0011398543053	0.177	0.095	1	chr9-34502701-34504080	4
0.239416091519986	1.04556207813187	0.177	0.095	1	chr15-80615670-80616713	4
0.239416091519986	0.925805371639446	0.177	0.095	1	chr15-90148950-90150266	4
0.239416091519986	0.939019499683317	0.177	0.095	1	chr20-46088391-46090532	4
0.239416091519986	1.00967952444051	0.177	0.095	1	chr21-36989455-36990786	4
0.239505186219168	0.786840503893088	0.242	0.143	1	chr1-63772658-63775249	4
0.239505186219168	0.622514110831719	0.242	0.143	1	chr12-26831197-26834129	4
0.239505186219168	0.704435805980566	0.242	0.143	1	chr17-40287197-40288835	4
0.239553928349567	0.605768517926701	0.339	0.214	1	chr16-4270675-4274289	4
0.239678415492763	0.925001789284816	0.21	0.119	1	chr2-219001547-219003386	4
0.239678415492763	0.808209654422511	0.21	0.119	1	chr10-31927056-31930472	4
0.239707592400652	0.650067167131334	0.274	0.167	1	chr3-184174113-184175972	4
0.239707592400652	0.692165682916851	0.274	0.167	1	chrX-104165607-104167243	4
0.23984877564879	0.487502145978179	0.355	0.214	1	chr4-65240884-65243060	4
0.23984877564879	0.492484069430944	0.339	0.238	1	chr3-129159642-129163166	4
0.23984877564879	0.60535792160031	0.339	0.238	1	chr4-67699983-67701962	4
0.239953586066017	1.27973414887824	0.113	0.048	1	chr1-179210592-179211602	4
0.239953586066017	1.26837679008333	0.113	0.048	1	chr1-220814631-220816069	4
0.239953586066017	1.38103216980498	0.113	0.048	1	chr2-23939804-23941732	4
0.239953586066017	1.40565909837658	0.113	0.048	1	chr2-58905849-58906803	4
0.239953586066017	1.36851664535562	0.113	0.048	1	chr2-149572094-149573256	4
0.239953586066017	1.26931527204816	0.113	0.048	1	chr3-142959894-142960878	4
0.239953586066017	1.47303394303375	0.113	0.048	1	chr4-57866159-57867134	4
0.239953586066017	1.32778450948577	0.113	0.048	1	chr4-93791545-93792048	4
0.239953586066017	1.4028121767358	0.113	0.048	1	chr5-59542726-59544594	4
0.239953586066017	1.29450379487617	0.113	0.048	1	chr5-167447790-167449130	4
0.239953586066017	1.33711067568857	0.113	0.048	1	chr7-55977602-55978876	4
0.239953586066017	1.300923423391	0.113	0.048	1	chr7-104126243-104127019	4
0.239953586066017	1.31452514886524	0.113	0.048	1	chr7-129829588-129830985	4
0.239953586066017	1.35274318595088	0.113	0.048	1	chr8-101500001-101502907	4
0.239953586066017	1.41702915599589	0.113	0.048	1	chr8-123154505-123155212	4
0.239953586066017	1.38310409997705	0.113	0.048	1	chr8-143635062-143637067	4
0.239953586066017	1.35962340160935	0.113	0.048	1	chr10-27536757-27538247	4
0.239953586066017	1.51260112541396	0.113	0.048	1	chr10-102403389-102404431	4
0.239953586066017	1.39800030995979	0.113	0.048	1	chr13-32730813-32732049	4
0.239953586066017	1.37542098009116	0.113	0.048	1	chr15-40405122-40406522	4
0.239953586066017	1.33996381863341	0.113	0.048	1	chr15-80093682-80094566	4
0.239953586066017	1.38050738282123	0.113	0.048	1	chr15-100879230-100880170	4
0.239953586066017	1.33591259239845	0.113	0.048	1	chr19-8004651-8006387	4
0.239953586066017	1.38902022557747	0.113	0.048	1	chrX-37824478-37825643	4
0.240055309825576	0.665747300644542	0.226	0.119	1	chr1-208054412-208057395	4
0.240534734998775	0.58446859322434	0.258	0.143	1	chr16-68351571-68352607	4
0.24073837583281	0.657165575749093	0.306	0.19	1	chr1-95116423-95118282	4
0.241253521306927	0.65907173853956	0.29	0.19	1	chr3-51387482-51392842	4
0.241253521306927	0.625191916126874	0.29	0.19	1	chr22-39310123-39315592	4
0.241568860081495	0.534395858745508	0.355	0.238	1	chr8-17921955-17925182	4
0.241887486606446	1.06820764991747	0.145	0.071	1	chr1-26278997-26280666	4
0.241887486606446	1.11666184660676	0.145	0.071	1	chr1-106879064-106880751	4
0.241887486606446	0.974918557612847	0.145	0.071	1	chr2-187716006-187717138	4
0.241887486606446	1.12103069915722	0.145	0.071	1	chr5-757737-760019	4
0.241887486606446	1.1894026176856	0.145	0.071	1	chr5-157327978-157329052	4
0.241887486606446	1.13761826833065	0.145	0.071	1	chr9-114392265-114393540	4
0.241887486606446	1.05859965972435	0.145	0.071	1	chr10-44310714-44311640	4
0.241887486606446	1.03564590793195	0.145	0.071	1	chr10-93465533-93467037	4
0.241887486606446	1.15413001573865	0.145	0.071	1	chr11-107017417-107019677	4
0.241887486606446	1.10772418326327	0.145	0.071	1	chr11-129905195-129905930	4
0.241887486606446	1.04190934798061	0.145	0.071	1	chr16-73070191-73072089	4
0.241887486606446	1.11338751549178	0.145	0.071	1	chr17-47692897-47695467	4
0.241887486606446	1.06452588000821	0.145	0.071	1	chr20-43656724-43658957	4
0.241887486606446	1.17458441565555	0.145	0.071	1	chr22-30304116-30306308	4
0.241887486606446	1.10601556746736	0.145	0.071	1	chrX-91434395-91435772	4
0.243300482133521	0.823204647076661	0.242	0.143	1	chr9-34636639-34638647	4
0.243300482133521	0.707493408485513	0.242	0.143	1	chr16-28845093-28847326	4
0.243300482133521	0.735096913919446	0.242	0.143	1	chr16-30956657-30958955	4
0.243632842495136	0.810019757995354	0.194	0.095	1	chr19-45090886-45093694	4
0.243718985870913	0.864028255524266	0.21	0.119	1	chr7-65980579-65982882	4
0.243718985870913	0.796706472013728	0.21	0.119	1	chr15-101250203-101253121	4
0.243718985870913	0.877679349176555	0.21	0.119	1	chrY-2933966-2938168	4
0.243774311996005	1.00390557005723	0.177	0.095	1	chr2-195307106-195309212	4
0.243774311996005	0.930979632599581	0.177	0.095	1	chr2-237774503-237775644	4
0.243774311996005	0.936193941258392	0.177	0.095	1	chr4-76949182-76951483	4
0.243774311996005	0.934255969385015	0.177	0.095	1	chr10-86520745-86523789	4
0.243774311996005	1.05082340929024	0.177	0.095	1	chr11-14029440-14030862	4
0.243774311996005	0.866577599024113	0.177	0.095	1	chr11-33159503-33162053	4
0.243774311996005	0.963304180712716	0.177	0.095	1	chr12-117506501-117508445	4
0.243774311996005	0.981076720014951	0.177	0.095	1	chr19-36796929-36798045	4
0.243774311996005	0.97306311875597	0.177	0.095	1	chr20-44203051-44205159	4
0.243774311996005	1.00100226325069	0.177	0.095	1	chrX-53682291-53685016	4
0.244012035480633	0.69425903979976	0.226	0.119	1	chr7-128862199-128864270	4
0.244089010832799	0.593465969172992	0.403	0.286	1	chr2-231461692-231465802	4
0.244272723558887	0.573598618388078	0.258	0.143	1	chr11-73759838-73761873	4
0.244731713096825	0.503998339213214	0.419	0.286	1	chr5-40754479-40756611	4
0.244870665969751	0.743474886510274	0.258	0.167	1	chr1-1373414-1377339	4
0.244870665969751	0.775334722078612	0.258	0.167	1	chr22-30968168-30970110	4
0.244870665969751	0.743428410242124	0.258	0.167	1	chr22-46295702-46297672	4
0.245431385579996	1.30865772928003	0.113	0.048	1	chr1-93597375-93598587	4
0.245431385579996	1.28966622984058	0.113	0.048	1	chr1-228107801-228110501	4
0.245431385579996	1.33424571354789	0.113	0.048	1	chr2-579148-580272	4
0.245431385579996	1.26997342289269	0.113	0.048	1	chr2-3557663-3559127	4
0.245431385579996	1.29187111331622	0.113	0.048	1	chr2-20378652-20379608	4
0.245431385579996	1.3589620819805	0.113	0.048	1	chr2-23403600-23405053	4
0.245431385579996	1.37248759907213	0.113	0.048	1	chr2-105379679-105380373	4
0.245431385579996	1.26017707732342	0.113	0.048	1	chr2-170529947-170531203	4
0.245431385579996	1.29463232295642	0.113	0.048	1	chr2-174535578-174536637	4
0.245431385579996	1.25695541871047	0.113	0.048	1	chr3-42800817-42801580	4
0.245431385579996	1.29165968412187	0.113	0.048	1	chr3-53195660-53196473	4
0.245431385579996	1.33141457770676	0.113	0.048	1	chr3-119278715-119279822	4
0.245431385579996	1.25402190154753	0.113	0.048	1	chr3-161393218-161394044	4
0.245431385579996	1.23076911199544	0.113	0.048	1	chr3-185331928-185332971	4
0.245431385579996	1.23917657473532	0.113	0.048	1	chr4-2924402-2925393	4
0.245431385579996	1.32572055335488	0.113	0.048	1	chr4-48419341-48420694	4
0.245431385579996	1.20230056088779	0.113	0.048	1	chr4-53800841-53803182	4
0.245431385579996	1.27641402027739	0.113	0.048	1	chr4-74414069-74414832	4
0.245431385579996	1.33099551983591	0.113	0.048	1	chr4-76767785-76768713	4
0.245431385579996	1.32551383360054	0.113	0.048	1	chr4-119041811-119043170	4
0.245431385579996	1.28020052696254	0.113	0.048	1	chr4-139743142-139744985	4
0.245431385579996	1.19584508758867	0.113	0.048	1	chr4-185318244-185319238	4
0.245431385579996	1.31879936077385	0.113	0.048	1	chr5-553765-554514	4
0.245431385579996	1.39551627623468	0.113	0.048	1	chr5-73663112-73664251	4
0.245431385579996	1.40116961716188	0.113	0.048	1	chr5-91279803-91281287	4
0.245431385579996	1.23968275767297	0.113	0.048	1	chr5-96714303-96716222	4
0.245431385579996	1.32959421557413	0.113	0.048	1	chr5-134018120-134021068	4
0.245431385579996	1.30436288595748	0.113	0.048	1	chr6-14539974-14541556	4
0.245431385579996	1.2790033994473	0.113	0.048	1	chr6-30259040-30260339	4
0.245431385579996	1.39804775394011	0.113	0.048	1	chr6-110389649-110391442	4
0.245431385579996	1.22449362791082	0.113	0.048	1	chr6-134019793-134021569	4
0.245431385579996	1.23125969321629	0.113	0.048	1	chr7-73612539-73613469	4
0.245431385579996	1.29969863462621	0.113	0.048	1	chr7-120272112-120274050	4
0.245431385579996	1.40333577815873	0.113	0.048	1	chr8-60337281-60338860	4
0.245431385579996	1.36098823970024	0.113	0.048	1	chr8-94226842-94227726	4
0.245431385579996	1.3289850082091	0.113	0.048	1	chr8-132674791-132677601	4
0.245431385579996	1.199495966989	0.113	0.048	1	chr9-85804749-85806231	4
0.245431385579996	1.28341620157333	0.113	0.048	1	chr9-89950531-89951538	4
0.245431385579996	1.286719409601	0.113	0.048	1	chr9-123686075-123687636	4
0.245431385579996	1.38715609625668	0.113	0.048	1	chr11-554475-555542	4
0.245431385579996	1.34694595179453	0.113	0.048	1	chr11-46898423-46899388	4
0.245431385579996	1.2318597319773	0.113	0.048	1	chr11-108664427-108665843	4
0.245431385579996	1.31339283695945	0.113	0.048	1	chr12-52036359-52037740	4
0.245431385579996	1.25526203027907	0.113	0.048	1	chr12-65607193-65608156	4
0.245431385579996	1.33769810717138	0.113	0.048	1	chr13-38002454-38003092	4
0.245431385579996	1.26965589612299	0.113	0.048	1	chr13-46125478-46127078	4
0.245431385579996	1.24145295634431	0.113	0.048	1	chr13-77090279-77091725	4
0.245431385579996	1.31471666619055	0.113	0.048	1	chr14-34077811-34078670	4
0.245431385579996	1.32974562772122	0.113	0.048	1	chr14-36682755-36684035	4
0.245431385579996	1.38353090507447	0.113	0.048	1	chr15-31274190-31275262	4
0.245431385579996	1.25850387657752	0.113	0.048	1	chr15-74770814-74771704	4
0.245431385579996	1.27169974900428	0.113	0.048	1	chr15-76904391-76905951	4
0.245431385579996	1.29348255923913	0.113	0.048	1	chr16-22239393-22241008	4
0.245431385579996	1.34525844858641	0.113	0.048	1	chr16-71673210-71674307	4
0.245431385579996	1.27139522483752	0.113	0.048	1	chr16-75491575-75493016	4
0.245431385579996	1.31876890664684	0.113	0.048	1	chr17-41211813-41213147	4
0.245431385579996	1.36496497576078	0.113	0.048	1	chr17-48816681-48817731	4
0.245431385579996	1.33758252777732	0.113	0.048	1	chr18-35460222-35462935	4
0.245431385579996	1.36154767834926	0.113	0.048	1	chr19-9538078-9539167	4
0.245431385579996	1.26226921000149	0.113	0.048	1	chr19-11383959-11384875	4
0.245431385579996	1.31165448879926	0.113	0.048	1	chr19-57888120-57889448	4
0.245431385579996	1.21296706463544	0.113	0.048	1	chr20-25345443-25347242	4
0.245796651389036	0.620470435262798	0.323	0.214	1	chr5-111755586-111759121	4
0.245801449162514	0.505776297904685	0.435	0.333	1	chr14-21475907-21478123	4
0.245801449162514	0.480719990426069	0.435	0.333	1	chr19-18191374-18194270	4
0.245807929141768	0.849951206458012	0.226	0.143	1	chr10-96585367-96588543	4
0.246292371250363	0.538957509909214	0.403	0.31	1	chr5-108747565-108749869	4
0.246725155829496	1.0791239774105	0.145	0.071	1	chr1-159957742-159958763	4
0.246725155829496	1.08134697189611	0.145	0.071	1	chr1-167441878-167442778	4
0.246725155829496	1.10123691386533	0.145	0.071	1	chr1-232950014-232951721	4
0.246725155829496	0.82328626528043	0.145	0.071	1	chr2-70084800-70090084	4
0.246725155829496	1.06551711672731	0.145	0.071	1	chr4-101887923-101889125	4
0.246725155829496	1.00697715800786	0.145	0.071	1	chr6-94562628-94563434	4
0.246725155829496	1.12735231938986	0.145	0.071	1	chr8-22998890-23000743	4
0.246725155829496	1.07018660072206	0.145	0.071	1	chr13-98791915-98793144	4
0.246725155829496	1.07524252380156	0.145	0.071	1	chr19-8342933-8343862	4
0.246725155829496	0.939383087499622	0.145	0.071	1	chr19-19137647-19139010	4
0.246725155829496	1.02591475318302	0.145	0.071	1	chr20-62651527-62653283	4
0.246958691006559	0.55510620989636	0.274	0.167	1	chr2-96856617-96859112	4
0.246958691006559	0.719343605185545	0.274	0.167	1	chr15-40102522-40105355	4
0.246958691006559	0.683376911525537	0.274	0.167	1	chr18-9101661-9105210	4
0.247137845570407	0.685812691693	0.242	0.143	1	chr3-196940819-196944032	4
0.247137845570407	0.747650444224662	0.242	0.143	1	chr20-36152556-36155400	4
0.247807169945026	0.796322508046351	0.21	0.119	1	chr1-225425787-225429188	4
0.247807169945026	0.936063658385907	0.21	0.119	1	chr2-32008669-32011836	4
0.247807169945026	0.827119071681492	0.21	0.119	1	chr8-127214582-127217319	4
0.247807169945026	0.831604293869147	0.21	0.119	1	chr16-57416801-57419725	4
0.247807169945026	0.788301781063491	0.21	0.119	1	chr19-40748900-40752032	4
0.247807169945026	0.84683349322029	0.21	0.119	1	chr22-23837735-23839799	4
0.247807169945026	0.81301557563506	0.21	0.119	1	chrX-139931837-139933968	4
0.248051311890865	0.515458485628284	0.258	0.143	1	chr18-21739918-21741921	4
0.248187962655694	0.939409648911617	0.177	0.095	1	chr1-111576038-111577162	4
0.248187962655694	0.95133891667347	0.177	0.095	1	chr2-130836117-130837701	4
0.248187962655694	1.08519989452222	0.177	0.095	1	chr3-194768631-194770094	4
0.248187962655694	0.787352076230133	0.177	0.095	1	chr16-11756953-11758550	4
0.248187962655694	0.880537785194451	0.177	0.095	1	chr17-40618880-40620532	4
0.248187962655694	0.940739762939646	0.177	0.095	1	chr17-81081962-81085937	4
0.248187962655694	0.939356392094587	0.177	0.095	1	chr22-37887335-37888259	4
0.248591287507212	0.761844542558022	0.258	0.167	1	chr10-63132683-63134753	4
0.248725233519581	0.467506422847338	0.387	0.262	1	chr6-2987764-2991411	4
0.249222618669066	0.615651568759963	0.323	0.214	1	chr3-156673564-156676765	4
0.249748542366857	0.77271118503938	0.226	0.143	1	chr3-58305717-58308951	4
0.249748542366857	0.745930353089865	0.226	0.143	1	chr4-165378437-165379705	4
0.249748542366857	0.855475213805623	0.226	0.143	1	chr11-65314117-65316305	4
0.250641289561955	0.61760264297814	0.274	0.167	1	chr20-50730226-50732691	4
0.250996304709853	1.25981302713736	0.113	0.048	1	chr1-3587082-3587955	4
0.250996304709853	1.20289855223037	0.113	0.048	1	chr1-8407609-8409648	4
0.250996304709853	1.28060742255085	0.113	0.048	1	chr1-21439619-21440532	4
0.250996304709853	1.2560071226069	0.113	0.048	1	chr1-81800731-81803281	4
0.250996304709853	1.42400539697091	0.113	0.048	1	chr1-116109730-116112520	4
0.250996304709853	1.23550874464143	0.113	0.048	1	chr1-234437366-234438347	4
0.250996304709853	1.1152181775939	0.113	0.048	1	chr2-180124195-180126307	4
0.250996304709853	1.29237163749244	0.113	0.048	1	chr2-219298422-219299316	4
0.250996304709853	1.19237096621944	0.113	0.048	1	chr3-3322777-3324199	4
0.250996304709853	1.23089647916281	0.113	0.048	1	chr3-53263832-53265403	4
0.250996304709853	1.21285449818239	0.113	0.048	1	chr3-185282319-185283966	4
0.250996304709853	1.23754491940442	0.113	0.048	1	chr4-69448666-69450361	4
0.250996304709853	1.36646538540115	0.113	0.048	1	chr4-74478627-74480955	4
0.250996304709853	1.25131592473602	0.113	0.048	1	chr4-89403938-89405003	4
0.250996304709853	1.21607672690052	0.113	0.048	1	chr5-1008284-1009299	4
0.250996304709853	1.28173089750165	0.113	0.048	1	chr5-43017409-43019902	4
0.250996304709853	1.22422225614277	0.113	0.048	1	chr5-55680385-55682715	4
0.250996304709853	1.25139236967981	0.113	0.048	1	chr5-59487225-59488753	4
0.250996304709853	1.2707888950591	0.113	0.048	1	chr5-66079388-66080213	4
0.250996304709853	1.27334837558073	0.113	0.048	1	chr5-67046953-67047671	4
0.250996304709853	1.20191573423933	0.113	0.048	1	chr5-68458660-68460574	4
0.250996304709853	1.26148198044458	0.113	0.048	1	chr5-138222502-138223255	4
0.250996304709853	1.31936503547586	0.113	0.048	1	chr5-168328726-168329921	4
0.250996304709853	1.25699316533019	0.113	0.048	1	chr6-7312110-7314072	4
0.250996304709853	1.28353055664769	0.113	0.048	1	chr6-105677890-105679073	4
0.250996304709853	1.19471494196191	0.113	0.048	1	chr7-4753739-4754332	4
0.250996304709853	1.31139860378611	0.113	0.048	1	chr7-6392464-6393934	4
0.250996304709853	1.28000591288855	0.113	0.048	1	chr7-14936282-14937035	4
0.250996304709853	1.22647110593258	0.113	0.048	1	chr7-36971168-36972409	4
0.250996304709853	1.32441297332355	0.113	0.048	1	chr7-70737850-70738898	4
0.250996304709853	1.18260646081852	0.113	0.048	1	chr8-22564146-22565625	4
0.250996304709853	1.22497077503769	0.113	0.048	1	chr8-80925951-80927312	4
0.250996304709853	1.28326165164987	0.113	0.048	1	chr8-123442970-123444015	4
0.250996304709853	1.24799485065624	0.113	0.048	1	chr9-23577331-23578223	4
0.250996304709853	1.23580373362594	0.113	0.048	1	chr9-89021110-89023043	4
0.250996304709853	1.22007621866756	0.113	0.048	1	chr9-91412635-91413497	4
0.250996304709853	1.36608592803922	0.113	0.048	1	chr9-127912582-127914180	4
0.250996304709853	1.29166393672215	0.113	0.048	1	chr10-21743790-21744864	4
0.250996304709853	1.27743273947754	0.113	0.048	1	chr10-100364351-100365632	4
0.250996304709853	1.23281669224162	0.113	0.048	1	chr10-102169151-102170138	4
0.250996304709853	1.23264460409976	0.113	0.048	1	chr10-104491765-104493836	4
0.250996304709853	1.2408447039972	0.113	0.048	1	chr12-120649089-120649786	4
0.250996304709853	1.19131955088386	0.113	0.048	1	chr14-71454459-71455305	4
0.250996304709853	1.2162390374363	0.113	0.048	1	chr15-58574487-58575161	4
0.250996304709853	1.23905879528578	0.113	0.048	1	chr15-98683893-98684979	4
0.250996304709853	1.23617099251822	0.113	0.048	1	chr16-400729-402969	4
0.250996304709853	1.19116537976839	0.113	0.048	1	chr17-1828902-1830893	4
0.250996304709853	1.22057166299122	0.113	0.048	1	chr17-42553361-42555477	4
0.250996304709853	1.26710314364528	0.113	0.048	1	chr17-45310376-45313452	4
0.250996304709853	1.2625856021679	0.113	0.048	1	chr17-48878086-48879386	4
0.250996304709853	1.24336943901165	0.113	0.048	1	chr18-24021609-24023973	4
0.250996304709853	1.31409282974938	0.113	0.048	1	chr18-55477341-55478120	4
0.250996304709853	0.988190801066036	0.113	0.048	1	chr20-10536145-10537134	4
0.250996304709853	1.16253281563379	0.113	0.048	1	chrX-149630426-149632408	4
0.251017396521866	0.6952810745863	0.242	0.143	1	chr5-33227719-33229826	4
0.251017396521866	0.777909272232854	0.242	0.143	1	chr11-31369173-31370424	4
0.251017396521866	0.667055388091249	0.242	0.143	1	chr17-51119534-51122376	4
0.251017396521866	0.662040156577765	0.242	0.143	1	chr20-34110243-34113297	4
0.251312126776601	0.918951047756308	0.194	0.119	1	chr16-67158927-67162834	4
0.251630206259914	1.05549814234197	0.145	0.071	1	chr3-161395395-161396186	4
0.251630206259914	1.08255848289809	0.145	0.071	1	chr4-128635007-128636417	4
0.251630206259914	1.08107343252403	0.145	0.071	1	chr5-95317465-95319758	4
0.251630206259914	1.10947209403911	0.145	0.071	1	chr5-169583010-169584871	4
0.251630206259914	1.10753880142842	0.145	0.071	1	chr6-32940559-32941578	4
0.251630206259914	1.00860264227969	0.145	0.071	1	chr7-24572392-24574642	4
0.251630206259914	1.05619908568736	0.145	0.071	1	chr8-20218925-20219757	4
0.251630206259914	1.08496426507327	0.145	0.071	1	chr8-31259950-31261123	4
0.251630206259914	1.09083196965642	0.145	0.071	1	chr9-130051432-130052602	4
0.251630206259914	0.993130235982482	0.145	0.071	1	chr12-30694150-30696620	4
0.251630206259914	1.0259616369213	0.145	0.071	1	chr14-69483588-69485272	4
0.251630206259914	1.08359570233625	0.145	0.071	1	chr15-51750987-51752727	4
0.251630206259914	1.10661029421025	0.145	0.071	1	chr16-15649641-15651366	4
0.251630206259914	1.07373521795391	0.145	0.071	1	chr20-44517165-44518366	4
0.251870612191629	0.579736078994259	0.258	0.143	1	chr2-86193848-86196317	4
0.251910510918668	0.660682188778037	0.29	0.19	1	chr7-122885431-122887881	4
0.251943111074326	0.756945870576668	0.21	0.119	1	chr3-175312332-175313604	4
0.251943111074326	0.762639325816821	0.21	0.119	1	chr8-123096019-123097248	4
0.251943111074326	0.787392457641605	0.21	0.119	1	chr9-128454973-128457228	4
0.252270781072412	0.638334195745178	0.194	0.095	1	chr7-74172224-74176020	4
0.252340343513252	0.703145713539493	0.274	0.19	1	chr9-133459110-133461300	4
0.252351268891725	0.700196764781143	0.258	0.167	1	chr2-241890484-241893463	4
0.252657223026313	0.848155518999877	0.177	0.095	1	chr1-234451618-234453327	4
0.252657223026313	0.943283873158223	0.177	0.095	1	chr2-55231336-55233878	4
0.252657223026313	0.860146829168864	0.177	0.095	1	chr3-9915557-9918166	4
0.252657223026313	1.00379387974618	0.177	0.095	1	chr3-56682232-56684665	4
0.252657223026313	0.925841868205235	0.177	0.095	1	chr9-19403952-19406054	4
0.252657223026313	0.846159546300331	0.177	0.095	1	chr9-113463224-113466298	4
0.252657223026313	0.859130661180962	0.177	0.095	1	chr11-123510878-123511730	4
0.252681826021697	0.632371279136438	0.323	0.214	1	chr7-140672275-140676069	4
0.253049872202654	0.550240518123682	0.339	0.214	1	chr1-6391960-6394634	4
0.253049872202654	0.543758198962019	0.339	0.214	1	chr6-149862805-149865384	4
0.254362053175928	0.656917257640147	0.274	0.167	1	chr11-111601678-111603755	4
0.254801016801637	0.587595847141308	0.306	0.19	1	chr9-112332434-112334902	4
0.254846183048393	0.543000914307215	0.355	0.238	1	chr15-67253586-67255321	4
0.254939248727059	0.714581615206026	0.242	0.143	1	chr3-134249522-134251425	4
0.256126944590753	0.783907023994895	0.21	0.119	1	chr1-150874587-150877441	4
0.256126944590753	0.806940135525859	0.21	0.119	1	chr3-12629279-12630662	4
0.256126944590753	0.822153055155911	0.21	0.119	1	chr7-2157053-2158401	4
0.256126944590753	0.799813979429857	0.21	0.119	1	chr21-43928313-43930619	4
0.256150710423883	0.577967925586307	0.258	0.167	1	chr1-93446462-93449843	4
0.256150710423883	0.73191093001035	0.258	0.167	1	chrX-53421741-53423519	4
0.256174350691887	0.521309027708766	0.323	0.214	1	chr3-125593931-125596380	4
0.25660286725416	1.05373001290574	0.145	0.071	1	chr1-92886610-92887569	4
0.25660286725416	0.996298539655046	0.145	0.071	1	chr2-1600526-1601575	4
0.25660286725416	1.04485830377127	0.145	0.071	1	chr2-45649447-45652135	4
0.25660286725416	1.00198668436958	0.145	0.071	1	chr2-46662431-46663471	4
0.25660286725416	0.994814799971622	0.145	0.071	1	chr2-147841827-147846025	4
0.25660286725416	0.951597060762364	0.145	0.071	1	chr8-57209380-57210407	4
0.25660286725416	0.9653550608851	0.145	0.071	1	chr10-3130848-3131910	4
0.25660286725416	1.02325842387188	0.145	0.071	1	chr10-73879518-73880224	4
0.25660286725416	1.06448515462085	0.145	0.071	1	chr14-75647668-75649045	4
0.25660286725416	1.08417108691138	0.145	0.071	1	chr17-43367478-43368814	4
0.256648685776696	1.34348163163535	0.113	0.048	1	chr1-39115642-39118492	4
0.256648685776696	1.34823981578472	0.113	0.048	1	chr1-70587545-70588917	4
0.256648685776696	1.21800813447853	0.113	0.048	1	chr1-84846979-84848294	4
0.256648685776696	1.35653953498659	0.113	0.048	1	chr1-117752938-117754558	4
0.256648685776696	1.1806207942134	0.113	0.048	1	chr1-167555814-167556701	4
0.256648685776696	1.24353095429106	0.113	0.048	1	chr1-225474626-225475724	4
0.256648685776696	1.31794413877683	0.113	0.048	1	chr1-225823415-225827067	4
0.256648685776696	1.14579627501472	0.113	0.048	1	chr1-227845965-227847107	4
0.256648685776696	1.39935386818935	0.113	0.048	1	chr2-3823647-3824527	4
0.256648685776696	1.28285604632708	0.113	0.048	1	chr2-120290673-120293158	4
0.256648685776696	1.22358846010522	0.113	0.048	1	chr3-2098180-2099685	4
0.256648685776696	1.37230338747468	0.113	0.048	1	chr3-33836861-33837838	4
0.256648685776696	1.22471475974883	0.113	0.048	1	chr3-34382683-34383706	4
0.256648685776696	1.18879476905026	0.113	0.048	1	chr3-40096247-40097623	4
0.256648685776696	1.15714858774011	0.113	0.048	1	chr3-47394021-47395576	4
0.256648685776696	1.23446111856127	0.113	0.048	1	chr3-175061931-175063724	4
0.256648685776696	1.27176290377492	0.113	0.048	1	chr4-9102014-9103521	4
0.256648685776696	1.2339313824491	0.113	0.048	1	chr4-37951403-37952285	4
0.256648685776696	1.22728806823731	0.113	0.048	1	chr4-94669699-94671011	4
0.256648685776696	1.3039138578457	0.113	0.048	1	chr5-41510033-41511009	4
0.256648685776696	1.15803882843101	0.113	0.048	1	chr5-107650685-107655006	4
0.256648685776696	1.24433117686297	0.113	0.048	1	chr5-109327190-109330466	4
0.256648685776696	1.16060015175367	0.113	0.048	1	chr5-176943249-176946452	4
0.256648685776696	1.26056478729279	0.113	0.048	1	chr6-112305426-112307342	4
0.256648685776696	1.25641240304451	0.113	0.048	1	chr8-43081178-43083170	4
0.256648685776696	1.37780905533885	0.113	0.048	1	chr8-141057592-141060318	4
0.256648685776696	1.13364215683163	0.113	0.048	1	chr9-33510467-33511439	4
0.256648685776696	1.09878839807804	0.113	0.048	1	chr9-79939432-79940349	4
0.256648685776696	1.19686266963887	0.113	0.048	1	chr9-80375333-80377461	4
0.256648685776696	1.26868406940921	0.113	0.048	1	chr9-132799964-132800633	4
0.256648685776696	1.22407220669026	0.113	0.048	1	chr10-63865263-63867393	4
0.256648685776696	1.20425126974585	0.113	0.048	1	chr10-77856951-77857918	4
0.256648685776696	1.21807608499707	0.113	0.048	1	chr11-69122258-69123491	4
0.256648685776696	1.20668931540146	0.113	0.048	1	chr11-70183197-70184138	4
0.256648685776696	1.13021502040439	0.113	0.048	1	chr11-108474491-108476119	4
0.256648685776696	1.21219676656301	0.113	0.048	1	chr11-111796809-111797784	4
0.256648685776696	1.05662425506687	0.113	0.048	1	chr12-46382518-46384488	4
0.256648685776696	1.24807635954693	0.113	0.048	1	chr12-109722963-109724378	4
0.256648685776696	1.30049465440263	0.113	0.048	1	chr12-114812678-114813892	4
0.256648685776696	1.25011307401166	0.113	0.048	1	chr13-23607867-23609778	4
0.256648685776696	1.25944167827725	0.113	0.048	1	chr14-82642301-82643041	4
0.256648685776696	1.14437861265878	0.113	0.048	1	chr15-65929037-65930120	4
0.256648685776696	1.1901787828	0.113	0.048	1	chr16-23302045-23302898	4
0.256648685776696	1.17991298593539	0.113	0.048	1	chr16-84579640-84580586	4
0.256648685776696	1.26417278787235	0.113	0.048	1	chr18-79527886-79529386	4
0.256648685776696	1.27668212296003	0.113	0.048	1	chr18-79540251-79541395	4
0.256648685776696	1.23797914979425	0.113	0.048	1	chr19-18741117-18742397	4
0.256648685776696	1.21391176852838	0.113	0.048	1	chr19-57681440-57682601	4
0.256849845235561	0.479116899346176	0.403	0.286	1	chr1-109424748-109427885	4
0.257182261739859	0.887636574749342	0.177	0.095	1	chr6-36905747-36908410	4
0.257182261739859	0.876220299064858	0.177	0.095	1	chr9-17134424-17135975	4
0.257182261739859	0.861949287037664	0.177	0.095	1	chr10-55630826-55631912	4
0.257182261739859	0.928775391718553	0.177	0.095	1	chr14-74018014-74020058	4
0.257182261739859	0.88698772210761	0.177	0.095	1	chr15-34986693-34989176	4
0.257182261739859	0.884068623470264	0.177	0.095	1	chr19-52689297-52691267	4
0.257761663040239	0.746655847825493	0.226	0.143	1	chr11-124673020-124674614	4
0.257761663040239	0.820028041552766	0.226	0.143	1	chr14-20970671-20972061	4
0.257761663040239	0.792985891384861	0.226	0.143	1	chr21-36186337-36189294	4
0.258244874323887	0.654673640596158	0.323	0.238	1	chr13-110913001-110916162	4
0.258404200591438	0.47633010741825	0.306	0.19	1	chr3-100103059-100105711	4
0.258404200591438	0.572704874822961	0.306	0.19	1	chr6-142375012-142378773	4
0.258404200591438	0.419286713485932	0.306	0.19	1	chr19-7068953-7070295	4
0.258903509573191	0.728629546606001	0.242	0.143	1	chr8-48693288-48694530	4
0.259195005806835	0.657105259841449	0.29	0.19	1	chr1-156060471-156062349	4
0.259195005806835	0.667462351952141	0.29	0.19	1	chr11-72812466-72815421	4
0.259740425964437	0.701975801517239	0.274	0.19	1	chr9-37485215-37487789	4
0.259740425964437	0.713733422178065	0.274	0.19	1	chr16-2751204-2754572	4
0.259740425964437	0.700089527723178	0.274	0.19	1	chr20-23349528-23351942	4
0.259915380181509	0.910701923008038	0.194	0.119	1	chr4-185142520-185144143	4
0.259915380181509	0.950218811757948	0.194	0.119	1	chr7-105815847-105817701	4
0.259915380181509	0.84820139953202	0.194	0.119	1	chr8-144146703-144149275	4
0.259915380181509	0.966373814503143	0.194	0.119	1	chr10-7817262-7819751	4
0.259915380181509	0.931974662669113	0.194	0.119	1	chr11-45932985-45935324	4
0.259989706857521	0.699744820879266	0.258	0.167	1	chr3-52277396-52279483	4
0.260296032512788	0.661773118386399	0.226	0.119	1	chr12-48349960-48352370	4
0.260296032512788	0.65353148046325	0.226	0.119	1	chr14-93010282-93013682	4
0.260358797664365	0.743199450194324	0.21	0.119	1	chr3-24375811-24378804	4
0.260358797664365	0.779655518841608	0.21	0.119	1	chr12-53294979-53296357	4
0.261119946459039	0.676998892836374	0.194	0.095	1	chrX-49921933-49923914	4
0.261643351915881	0.960333589148767	0.145	0.071	1	chr2-29920058-29922073	4
0.261643351915881	1.04000388568691	0.145	0.071	1	chr3-114143825-114145978	4
0.261643351915881	0.966022444147175	0.145	0.071	1	chr5-172958483-172960253	4
0.261643351915881	0.99462031815379	0.145	0.071	1	chr7-101321073-101322742	4
0.261643351915881	0.998861225318874	0.145	0.071	1	chr9-20382320-20383310	4
0.261643351915881	0.974746367946016	0.145	0.071	1	chr9-35110981-35112052	4
0.261643351915881	0.923862268611884	0.145	0.071	1	chr9-94629887-94633335	4
0.261643351915881	0.99214056701068	0.145	0.071	1	chr10-76920295-76923598	4
0.261643351915881	1.04708227172992	0.145	0.071	1	chr11-5620464-5621863	4
0.261643351915881	0.985785364445329	0.145	0.071	1	chr11-46593386-46594553	4
0.261643351915881	0.95072997276926	0.145	0.071	1	chr11-71447263-71449500	4
0.261643351915881	1.04002369470197	0.145	0.071	1	chr11-114159107-114161132	4
0.261643351915881	0.986161458080814	0.145	0.071	1	chr11-121023608-121025456	4
0.261643351915881	1.03321705974927	0.145	0.071	1	chr11-121477798-121480280	4
0.261643351915881	1.01532240406179	0.145	0.071	1	chr12-50763034-50765885	4
0.261643351915881	1.17543230426453	0.145	0.071	1	chr14-40414135-40415278	4
0.261643351915881	0.993319798982266	0.145	0.071	1	chr14-59968548-59970207	4
0.261643351915881	1.00872159172998	0.145	0.071	1	chr18-59147812-59149255	4
0.261643351915881	1.00664838626162	0.145	0.071	1	chr18-76820844-76823408	4
0.261643351915881	1.06347321068498	0.145	0.071	1	chr19-18223914-18225062	4
0.261643351915881	0.981523053680275	0.145	0.071	1	chr19-57613742-57614807	4
0.261643351915881	0.996154423650504	0.145	0.071	1	chr20-56467878-56469173	4
0.261643351915881	1.04874811495309	0.145	0.071	1	chr22-49959528-49962991	4
0.261643351915881	0.98659157079959	0.145	0.071	1	chrY-12391457-12392902	4
0.261737993443695	1.1416482267376	0.161	0.095	1	chr18-27040710-27043477	4
0.261763236336605	0.810020612404787	0.177	0.095	1	chr1-110033927-110035935	4
0.261763236336605	0.768406290324878	0.177	0.095	1	chr3-182978930-182981343	4
0.261763236336605	0.89438811510102	0.177	0.095	1	chr9-137604798-137607801	4
0.261763236336605	0.732693027224913	0.177	0.095	1	chr10-6364866-6366175	4
0.261763236336605	0.82496108519854	0.177	0.095	1	chr11-6418648-6419955	4
0.261763236336605	0.861783111858526	0.177	0.095	1	chr11-57513480-57516340	4
0.261763236336605	0.726080964226695	0.177	0.095	1	chr16-69424013-69425334	4
0.261763236336605	0.857772499182697	0.177	0.095	1	chr18-27846889-27848073	4
0.261834395391462	0.722450934322932	0.226	0.143	1	chr5-154682131-154683882	4
0.261880442917887	0.532958515352219	0.371	0.286	1	chr4-127963803-127966509	4
0.262388843948986	1.11694731963289	0.113	0.048	1	chr1-1905944-1907742	4
0.262388843948986	1.11630834723611	0.113	0.048	1	chr1-25246102-25248192	4
0.262388843948986	1.28201690385274	0.113	0.048	1	chr1-153222820-153223670	4
0.262388843948986	1.14079369647423	0.113	0.048	1	chr1-185477355-185479108	4
0.262388843948986	1.12441443151086	0.113	0.048	1	chr1-239237846-239238379	4
0.262388843948986	1.19527367198887	0.113	0.048	1	chr2-20465560-20467804	4
0.262388843948986	1.21720150941094	0.113	0.048	1	chr2-27133346-27135123	4
0.262388843948986	1.25025791226822	0.113	0.048	1	chr2-104872826-104873925	4
0.262388843948986	1.16994704905398	0.113	0.048	1	chr2-142873998-142874960	4
0.262388843948986	1.3167255444266	0.113	0.048	1	chr3-27680695-27681896	4
0.262388843948986	1.21703618364314	0.113	0.048	1	chr5-71600838-71602111	4
0.262388843948986	1.05676939372158	0.113	0.048	1	chr5-75236248-75237468	4
0.262388843948986	1.17311188058599	0.113	0.048	1	chr5-96093246-96094920	4
0.262388843948986	1.14845051465382	0.113	0.048	1	chr5-135190409-135191976	4
0.262388843948986	0.883730252571227	0.113	0.048	1	chr6-89818507-89820333	4
0.262388843948986	1.14317964712541	0.113	0.048	1	chr7-6015463-6016740	4
0.262388843948986	1.15321447064276	0.113	0.048	1	chr7-29479962-29481340	4
0.262388843948986	0.820047833840306	0.113	0.048	1	chr7-73357185-73359100	4
0.262388843948986	1.17769140239552	0.113	0.048	1	chr8-97774839-97776385	4
0.262388843948986	1.18008409826615	0.113	0.048	1	chr8-126824304-126825405	4
0.262388843948986	1.18759472439189	0.113	0.048	1	chr9-120985600-120986361	4
0.262388843948986	1.1676201732309	0.113	0.048	1	chr10-124529867-124530755	4
0.262388843948986	1.28630635378783	0.113	0.048	1	chr11-65817790-65818646	4
0.262388843948986	1.25488124726342	0.113	0.048	1	chr14-65069853-65071262	4
0.262388843948986	1.17266209401493	0.113	0.048	1	chr14-91317068-91318169	4
0.262388843948986	1.05968628668768	0.113	0.048	1	chr14-99191626-99192968	4
0.262388843948986	1.11564802865509	0.113	0.048	1	chr15-31296313-31298088	4
0.262388843948986	1.31108542563322	0.113	0.048	1	chr15-55318310-55319639	4
0.262388843948986	1.21565646602629	0.113	0.048	1	chr15-68559500-68560235	4
0.262388843948986	1.15721962036046	0.113	0.048	1	chr15-90870998-90872725	4
0.262388843948986	1.19762022892324	0.113	0.048	1	chr16-67814418-67815248	4
0.262388843948986	1.11075519550606	0.113	0.048	1	chr16-87391282-87393657	4
0.262388843948986	1.17077459701623	0.113	0.048	1	chr17-7912786-7913617	4
0.262388843948986	1.2050712904009	0.113	0.048	1	chr17-32127183-32128072	4
0.262388843948986	1.18579218406416	0.113	0.048	1	chr17-51738849-51739948	4
0.262388843948986	1.22861040339611	0.113	0.048	1	chr17-55842342-55843678	4
0.262388843948986	1.1070362977647	0.113	0.048	1	chr18-24271290-24272617	4
0.262388843948986	1.12619003747603	0.113	0.048	1	chr19-28863875-28865192	4
0.262388843948986	1.2390465804963	0.113	0.048	1	chr19-37691771-37692658	4
0.262388843948986	1.08101548599594	0.113	0.048	1	chr20-44650983-44653292	4
0.262388843948986	1.20489328167325	0.113	0.048	1	chr21-45454665-45455929	4
0.262388843948986	1.06520943458483	0.113	0.048	1	chr22-38655660-38657882	4
0.262388843948986	1.24090014547647	0.113	0.048	1	chr22-45671366-45672956	4
0.262388843948986	1.17091469582629	0.113	0.048	1	chrX-48596935-48598667	4
0.262388843948986	1.05093640173632	0.113	0.048	1	chrX-48890634-48892330	4
0.262388843948986	1.0818609129759	0.113	0.048	1	chrX-73943716-73944962	4
0.262388843948986	1.18955085735436	0.113	0.048	1	chrX-110316943-110318969	4
0.262388843948986	1.04904152607118	0.113	0.048	1	chrX-154540597-154543653	4
0.262548551267605	0.552507867535922	0.371	0.262	1	chr1-10398103-10400308	4
0.262910279997627	0.691401185393305	0.242	0.143	1	chr1-31643804-31645835	4
0.262910279997627	0.755301629522234	0.242	0.143	1	chr6-11229404-11233650	4
0.262910279997627	0.679280290471546	0.242	0.143	1	chr9-19408298-19410460	4
0.262910279997627	0.717588790568927	0.242	0.143	1	chr10-95906710-95908598	4
0.262910279997627	0.655816033937434	0.242	0.143	1	chr16-3642361-3643674	4
0.263259641123028	0.609349357494004	0.323	0.214	1	chr2-210169756-210172457	4
0.263259641123028	0.595022442191864	0.323	0.214	1	chr14-49478350-49480510	4
0.263513356787041	0.532038162791296	0.339	0.214	1	chr14-20468716-20470945	4
0.263554185417229	0.611658085832946	0.339	0.238	1	chr18-12375331-12378342	4
0.263868347317968	0.791059995143369	0.258	0.167	1	chr15-57505044-57507600	4
0.264292606798349	0.84342299325396	0.194	0.119	1	chr1-53592378-53593510	4
0.264292606798349	0.91021032025094	0.194	0.119	1	chr18-24426174-24427937	4
0.264638789170502	0.657774548531887	0.21	0.119	1	chr1-187837439-187839266	4
0.264638789170502	0.727010928947949	0.21	0.119	1	chr20-3795354-3797059	4
0.265285884258154	0.523632598570275	0.323	0.238	1	chr1-224929135-224930877	4
0.265951380689895	0.65835175746621	0.226	0.143	1	chr11-116851964-116854283	4
0.266064558837272	0.511013899146929	0.387	0.286	1	chr4-169619197-169622937	4
0.26614574904933	0.328515410753747	0.435	0.31	1	chr3-113744686-113748079	4
0.266400293071425	0.849873421099132	0.177	0.095	1	chr4-37821322-37823099	4
0.266400293071425	0.926206716020529	0.177	0.095	1	chr5-172419755-172421442	4
0.266400293071425	0.853892454574063	0.177	0.095	1	chr7-39565434-39567422	4
0.266400293071425	0.834863516230863	0.177	0.095	1	chr7-84529020-84530305	4
0.266400293071425	0.838115628222502	0.177	0.095	1	chr12-53658359-53660406	4
0.266400293071425	0.766476912537669	0.177	0.095	1	chr14-93004896-93007721	4
0.266400293071425	0.796111937374905	0.177	0.095	1	chrX-30652402-30654337	4
0.266408785481543	0.607471102902049	0.306	0.214	1	chr9-133029888-133031416	4
0.266624134851757	0.6203592848504	0.29	0.19	1	chr19-7829141-7830615	4
0.266751856781285	0.991532895325286	0.145	0.071	1	chr1-53196091-53198998	4
0.266751856781285	0.955984337413819	0.145	0.071	1	chr1-102238158-102239180	4
0.266751856781285	0.930116571817247	0.145	0.071	1	chr3-52896638-52898159	4
0.266751856781285	0.888227004090831	0.145	0.071	1	chr10-103685831-103686797	4
0.266751856781285	1.08291924061679	0.145	0.071	1	chr19-57599409-57600497	4
0.266751856781285	0.977843111077712	0.145	0.071	1	chr22-29072344-29073408	4
0.266751856781285	1.00155651928784	0.145	0.071	1	chrY-11331573-11334445	4
0.267068283814302	0.553419144662076	0.339	0.238	1	chr4-128809262-128813086	4
0.267633340761237	0.465615955605657	0.452	0.357	1	chr17-8219844-8224257	4
0.267786715221332	0.657308263253567	0.258	0.167	1	chr3-16264043-16266009	4
0.267786715221332	0.715964520625093	0.258	0.167	1	chr12-93440033-93443322	4
0.268217066642519	1.01295338186208	0.113	0.048	1	chr1-42996158-42997330	4
0.268217066642519	1.26799094920802	0.113	0.048	1	chr1-80391938-80393220	4
0.268217066642519	1.10633337913348	0.113	0.048	1	chr1-109397367-109399792	4
0.268217066642519	1.24036391521094	0.113	0.048	1	chr1-157490333-157491070	4
0.268217066642519	0.976976937056575	0.113	0.048	1	chr2-241101034-241103708	4
0.268217066642519	1.03019058919404	0.113	0.048	1	chr3-24628083-24630460	4
0.268217066642519	0.98893362233201	0.113	0.048	1	chr3-39290457-39292428	4
0.268217066642519	1.04274139436235	0.113	0.048	1	chr3-45816473-45818722	4
0.268217066642519	0.944620227908004	0.113	0.048	1	chr3-99823148-99825664	4
0.268217066642519	1.14534904905541	0.113	0.048	1	chr3-107207771-107208854	4
0.268217066642519	1.08196061402164	0.113	0.048	1	chr3-137032173-137033253	4
0.268217066642519	1.13112255416386	0.113	0.048	1	chr3-183502552-183503411	4
0.268217066642519	1.23005790130573	0.113	0.048	1	chr3-186097337-186099619	4
0.268217066642519	1.17725609539368	0.113	0.048	1	chr4-1939659-1941015	4
0.268217066642519	1.04543191357081	0.113	0.048	1	chr4-22508118-22508964	4
0.268217066642519	1.13291529623873	0.113	0.048	1	chr4-74098925-74100745	4
0.268217066642519	1.23475615877939	0.113	0.048	1	chr4-118765254-118765951	4
0.268217066642519	1.12379419797126	0.113	0.048	1	chr5-150559923-150561375	4
0.268217066642519	0.935272882679222	0.113	0.048	1	chr5-173823813-173825653	4
0.268217066642519	0.949297391998	0.113	0.048	1	chr6-99393161-99394828	4
0.268217066642519	1.16593793859105	0.113	0.048	1	chr7-112436144-112437421	4
0.268217066642519	1.10308326837302	0.113	0.048	1	chr7-116217854-116220808	4
0.268217066642519	1.10506133378216	0.113	0.048	1	chr9-36136052-36137490	4
0.268217066642519	1.06084606997158	0.113	0.048	1	chr9-121886373-121887353	4
0.268217066642519	1.22505155586947	0.113	0.048	1	chr9-127011236-127012603	4
0.268217066642519	1.16737531533476	0.113	0.048	1	chr9-129382459-129384084	4
0.268217066642519	1.16950001812422	0.113	0.048	1	chr10-11846162-11847078	4
0.268217066642519	1.15037015581431	0.113	0.048	1	chr10-126570836-126571835	4
0.268217066642519	1.15997794206342	0.113	0.048	1	chr11-15967052-15971313	4
0.268217066642519	0.969792332301685	0.113	0.048	1	chr11-43942137-43945370	4
0.268217066642519	0.860288699297361	0.113	0.048	1	chr11-65510473-65511287	4
0.268217066642519	1.10401955574096	0.113	0.048	1	chr11-119906807-119907959	4
0.268217066642519	1.24511396094673	0.113	0.048	1	chr12-67707873-67709797	4
0.268217066642519	0.922416001915781	0.113	0.048	1	chr12-120445634-120447402	4
0.268217066642519	0.978405838050618	0.113	0.048	1	chr13-45082823-45083546	4
0.268217066642519	1.10915868348095	0.113	0.048	1	chr14-32745197-32746155	4
0.268217066642519	1.09844121671996	0.113	0.048	1	chr15-60222625-60223887	4
0.268217066642519	1.1263051179574	0.113	0.048	1	chr15-74597700-74599291	4
0.268217066642519	1.10937829436027	0.113	0.048	1	chr17-34166855-34168106	4
0.268217066642519	1.12288540331091	0.113	0.048	1	chr20-461455-463088	4
0.268217066642519	0.868149995597578	0.113	0.048	1	chr20-25865408-25866368	4
0.268217066642519	1.18070339281852	0.113	0.048	1	chr21-16585963-16589560	4
0.268217066642519	1.20387562673489	0.113	0.048	1	chr22-24010800-24012143	4
0.268217066642519	1.12177887373644	0.113	0.048	1	chrX-134548372-134549868	4
0.268967029558788	0.765746402311053	0.21	0.119	1	chr4-89000798-89002694	4
0.269425047660279	0.57947838192665	0.306	0.19	1	chr17-42997359-42999854	4
0.269563985810593	0.814143357815946	0.242	0.167	1	chr1-16903245-16906208	4
0.269563985810593	0.8027196083405	0.242	0.167	1	chr10-17199207-17202138	4
0.269628533753875	0.559692536674385	0.274	0.167	1	chr16-645032-650890	4
0.270112713731588	0.769595209445767	0.226	0.143	1	chr1-36373473-36375348	4
0.270112713731588	0.741144400111889	0.226	0.143	1	chr17-66675309-66677145	4
0.270393118800998	0.522144936052213	0.29	0.19	1	chr4-88584421-88589162	4
0.270393118800998	0.598516941742209	0.29	0.19	1	chr7-65006043-65007287	4
0.270393118800998	0.611229191649436	0.29	0.19	1	chr19-6372168-6374182	4
0.270479027810689	0.55402643677141	0.323	0.214	1	chr2-218567269-218570344	4
0.270479027810689	0.489109431936345	0.323	0.214	1	chr9-83060275-83063777	4
0.270614472071062	0.502043025012204	0.339	0.238	1	chr3-14369518-14372688	4
0.271051720503249	0.608941402524718	0.242	0.143	1	chr5-14528347-14529892	4
0.271051720503249	0.643944694911231	0.242	0.143	1	chr5-132905266-132906726	4
0.271051720503249	0.68536035951529	0.242	0.143	1	chr6-37257165-37258484	4
0.271051720503249	0.636184062849513	0.242	0.143	1	chr21-29072797-29074476	4
0.271055298654995	0.523899740992801	0.419	0.333	1	chr4-26318682-26322066	4
0.271093566723072	0.78085099773253	0.177	0.095	1	chr1-162587001-162587963	4
0.271093566723072	0.845790648529805	0.177	0.095	1	chr2-127810013-127812002	4
0.271093566723072	0.801458413446268	0.177	0.095	1	chr5-154189587-154191535	4
0.271093566723072	0.670142193107244	0.177	0.095	1	chr10-22466352-22468031	4
0.271093566723072	0.763171736120658	0.177	0.095	1	chr17-28576030-28577658	4
0.271093566723072	0.768714085032298	0.177	0.095	1	chr19-50835378-50836686	4
0.271093566723072	0.795025640052974	0.177	0.095	1	chrX-46836503-46838389	4
0.271104424815058	0.585935919872268	0.355	0.286	1	chr5-157730939-157732325	4
0.271350181043446	0.972857528174602	0.161	0.095	1	chr1-1968871-1969808	4
0.271350181043446	1.07188951296051	0.161	0.095	1	chr11-66466306-66468185	4
0.271744888194857	0.647023866423886	0.258	0.167	1	chr17-17493127-17497416	4
0.271928561509735	0.947221846896843	0.145	0.071	1	chr1-36323070-36324301	4
0.271928561509735	0.909009690829261	0.145	0.071	1	chr1-204313609-204314914	4
0.271928561509735	0.891812528127272	0.145	0.071	1	chr2-20821790-20823761	4
0.271928561509735	0.890989191535547	0.145	0.071	1	chr5-151500531-151501296	4
0.271928561509735	0.940840259880309	0.145	0.071	1	chr6-2998172-3000923	4
0.271928561509735	1.00052696477656	0.145	0.071	1	chr9-127898397-127901446	4
0.271928561509735	0.950731017284822	0.145	0.071	1	chr12-106644412-106645609	4
0.271928561509735	0.827016824730559	0.145	0.071	1	chr20-5724204-5725298	4
0.27301297082762	0.410555867819991	0.5	0.405	1	chr11-62838644-62842523	4
0.27316931976433	0.538800500760603	0.306	0.19	1	chr17-82493319-82495279	4
0.273198856510852	0.798307407257637	0.194	0.119	1	chr1-211919944-211921222	4
0.273198856510852	0.98754022569715	0.194	0.119	1	chr12-122110767-122112551	4
0.273343620724067	0.66913244470033	0.21	0.119	1	chr1-35930011-35932217	4
0.273343620724067	0.65215078057667	0.21	0.119	1	chr22-25400501-25401601	4
0.273462605065607	0.539459703751206	0.355	0.262	1	chr17-17876618-17878789	4
0.273778144018653	0.522098956613819	0.306	0.214	1	chr15-84980109-84982810	4
0.274086852356498	0.449204739176198	0.435	0.381	1	chr3-121748499-121750929	4
0.274133612931732	1.10981811285275	0.113	0.048	1	chr1-33327473-33328485	4
0.274133612931732	1.01162568589492	0.113	0.048	1	chr1-151734774-151735691	4
0.274133612931732	0.980595995620169	0.113	0.048	1	chr1-154607111-154609660	4
0.274133612931732	0.910297016673817	0.113	0.048	1	chr1-197462672-197464266	4
0.274133612931732	1.1464621709599	0.113	0.048	1	chr2-5111256-5112160	4
0.274133612931732	0.94710787757218	0.113	0.048	1	chr2-121128644-121129513	4
0.274133612931732	1.0857397035813	0.113	0.048	1	chr3-48977747-48978639	4
0.274133612931732	1.10160581973293	0.113	0.048	1	chr3-176386175-176386956	4
0.274133612931732	1.11412504833656	0.113	0.048	1	chr4-77395035-77396236	4
0.274133612931732	1.08135578310765	0.113	0.048	1	chr4-108350352-108353897	4
0.274133612931732	1.02809043712408	0.113	0.048	1	chr5-2200162-2201544	4
0.274133612931732	1.05452214843499	0.113	0.048	1	chr5-90983047-90984321	4
0.274133612931732	1.06844670673718	0.113	0.048	1	chr5-118530742-118532150	4
0.274133612931732	1.03439101485043	0.113	0.048	1	chr6-13005778-13007365	4
0.274133612931732	1.12777759598921	0.113	0.048	1	chr6-72260443-72262715	4
0.274133612931732	1.18039203346715	0.113	0.048	1	chr9-13149194-13150028	4
0.274133612931732	1.04870116625977	0.113	0.048	1	chr9-113657699-113658590	4
0.274133612931732	1.0574614266853	0.113	0.048	1	chr11-75307775-75308891	4
0.274133612931732	1.07945845285257	0.113	0.048	1	chr11-79809237-79810132	4
0.274133612931732	1.04233048957846	0.113	0.048	1	chr12-47705169-47707221	4
0.274133612931732	1.14838993285274	0.113	0.048	1	chr12-50924290-50925657	4
0.274133612931732	1.10182830631852	0.113	0.048	1	chr14-105826090-105826730	4
0.274133612931732	1.10728887843	0.113	0.048	1	chr16-1812573-1813360	4
0.274133612931732	1.11167243642303	0.113	0.048	1	chr18-6781294-6783289	4
0.274133612931732	1.10096816912112	0.113	0.048	1	chr20-63519938-63521931	4
0.274133612931732	1.2070560147955	0.113	0.048	1	chrX-13937407-13938843	4
0.274192803156013	0.562552124901529	0.339	0.238	1	chr3-40451382-40454031	4
0.274192803156013	0.517258248462206	0.339	0.238	1	chr11-94492772-94494696	4
0.274192803156013	0.585847209649373	0.339	0.238	1	chr14-22885749-22888276	4
0.274198469573389	0.608264289816066	0.29	0.19	1	chr1-84502928-84507349	4
0.274198469573389	0.636663786057122	0.29	0.19	1	chr19-55383100-55387247	4
0.274318482062004	0.735430395833412	0.226	0.143	1	chr8-43055336-43057779	4
0.27498791752186	0.659083510228916	0.274	0.19	1	chr9-33164758-33168160	4
0.275742937998408	0.620008755360425	0.258	0.167	1	chr16-66516149-66518050	4
0.275843180406545	0.830482838993748	0.177	0.095	1	chr6-16146015-16147307	4
0.275843180406545	0.79998805721128	0.177	0.095	1	chr19-34171526-34173973	4
0.276245858074634	1.05790356288023	0.161	0.095	1	chr2-176001181-176003026	4
0.276245858074634	1.12750596618686	0.161	0.095	1	chr19-35898295-35901083	4
0.276261038449842	0.511497306031761	0.387	0.286	1	chr1-226121217-226125830	4
0.276328672649909	0.507580247016073	0.371	0.262	1	chr4-120065758-120068237	4
0.276949020820979	0.506307961652119	0.306	0.19	1	chr11-74492587-74494471	4
0.277173628579864	0.905563672064515	0.145	0.071	1	chr1-42931047-42932872	4
0.277173628579864	0.919171870323498	0.145	0.071	1	chr1-43990443-43992984	4
0.277173628579864	0.906108808601714	0.145	0.071	1	chr1-227016438-227017878	4
0.277173628579864	0.819748015925773	0.145	0.071	1	chr3-57971968-57973395	4
0.277173628579864	1.06247516603099	0.145	0.071	1	chr3-71025213-71027644	4
0.277173628579864	0.931912542553927	0.145	0.071	1	chr4-95250123-95251634	4
0.277173628579864	0.945619129006873	0.145	0.071	1	chr4-118941042-118943035	4
0.277173628579864	0.668905753888403	0.145	0.071	1	chr7-116780457-116781816	4
0.277173628579864	0.885993376260892	0.145	0.071	1	chr8-120481001-120481834	4
0.277173628579864	0.996784672704697	0.145	0.071	1	chr9-89358096-89360928	4
0.277173628579864	0.89632708338356	0.145	0.071	1	chr9-133416453-133418706	4
0.277173628579864	0.902444921668966	0.145	0.071	1	chr9-134434452-134435780	4
0.277173628579864	0.977017819576584	0.145	0.071	1	chr11-42174727-42176632	4
0.277173628579864	1.04189385696944	0.145	0.071	1	chr13-106550374-106551310	4
0.277173628579864	0.986185796494239	0.145	0.071	1	chr15-73632245-73634019	4
0.277173628579864	0.900238101518865	0.145	0.071	1	chr16-56773253-56774496	4
0.277173628579864	1.00501172117647	0.145	0.071	1	chr19-52369425-52370714	4
0.277173628579864	0.885065717851223	0.145	0.071	1	chr22-49950819-49955308	4
0.277492922924529	0.561533859392789	0.274	0.167	1	chr1-201307372-201311253	4
0.277705790605426	0.410305966304005	0.435	0.333	1	chr14-63640715-63643084	4
0.27772809002134	0.869976547923003	0.194	0.119	1	chr1-32331272-32336726	4
0.27772809002134	0.831947388683442	0.194	0.119	1	chr19-37980716-37982665	4
0.277768655879363	0.692834354368579	0.21	0.119	1	chr5-38659849-38660862	4
0.277986018495153	0.370061115941471	0.403	0.262	1	chr1-241518364-241520546	4
0.278040246427915	0.602330980320717	0.29	0.19	1	chr4-40628786-40631468	4
0.278568765873769	0.640199492505583	0.226	0.143	1	chr9-23598300-23599858	4
0.278893391303535	0.727953858223509	0.274	0.19	1	chr1-150970813-150975281	4
0.279364245107656	0.681449084337985	0.242	0.143	1	chr7-42151032-42153296	4
0.279364245107656	0.585507692327636	0.242	0.143	1	chr15-22978638-22981397	4
0.279364245107656	0.612316659528094	0.242	0.143	1	chr16-69385218-69386507	4
0.279780930447117	0.516236429176258	0.258	0.167	1	chr2-9554721-9556848	4
0.279780930447117	0.658823916387303	0.258	0.167	1	chr6-85592737-85595182	4
0.279780930447117	0.619347764009465	0.258	0.167	1	chr18-21167244-21169514	4
0.279780930447117	0.653805282144284	0.258	0.167	1	chr19-12332553-12334273	4
0.280138712973062	1.03485456445764	0.113	0.048	1	chr1-22451485-22453060	4
0.280138712973062	0.977905631938073	0.113	0.048	1	chr1-26431715-26433145	4
0.280138712973062	1.03282309356084	0.113	0.048	1	chr1-47449855-47450523	4
0.280138712973062	1.130615514364	0.113	0.048	1	chr1-81407327-81408180	4
0.280138712973062	1.15052597134584	0.113	0.048	1	chr1-220874125-220875353	4
0.280138712973062	0.994570031229881	0.113	0.048	1	chr2-284576-285906	4
0.280138712973062	1.09290388158518	0.113	0.048	1	chr2-86190805-86191854	4
0.280138712973062	1.00927945964934	0.113	0.048	1	chr3-184513456-184514371	4
0.280138712973062	1.0118447035357	0.113	0.048	1	chr4-3037034-3038959	4
0.280138712973062	1.03919622874437	0.113	0.048	1	chr4-99735557-99736390	4
0.280138712973062	0.841253142017033	0.113	0.048	1	chr5-34178040-34178862	4
0.280138712973062	1.02464912446542	0.113	0.048	1	chr5-50666793-50668397	4
0.280138712973062	0.948458458487883	0.113	0.048	1	chr5-55218893-55219406	4
0.280138712973062	1.02183538779243	0.113	0.048	1	chr6-46989208-46991373	4
0.280138712973062	1.02977887047913	0.113	0.048	1	chr7-55951317-55953043	4
0.280138712973062	0.801521653215734	0.113	0.048	1	chr8-141289117-141291085	4
0.280138712973062	1.04026013663657	0.113	0.048	1	chr9-66900386-66901555	4
0.280138712973062	1.04543919441443	0.113	0.048	1	chr12-53754037-53755883	4
0.280138712973062	1.01017854974446	0.113	0.048	1	chr12-109461478-109463880	4
0.280138712973062	1.0902520249478	0.113	0.048	1	chr15-40155053-40155835	4
0.280138712973062	1.04722750752969	0.113	0.048	1	chr16-424009-426948	4
0.280138712973062	1.10170615596023	0.113	0.048	1	chr17-41691052-41693513	4
0.280138712973062	1.01231667974338	0.113	0.048	1	chr20-14764498-14765626	4
0.280138712973062	0.884871112577738	0.113	0.048	1	chr20-52297189-52297915	4
0.280138712973062	0.979123825967299	0.113	0.048	1	chr22-19952831-19954299	4
0.280138712973062	1.01966344113412	0.113	0.048	1	chr22-24247269-24248079	4
0.280138712973062	1.01221909558688	0.113	0.048	1	chr22-38920936-38921802	4
0.280649245388706	0.776571454241669	0.177	0.095	1	chr2-150099543-150101456	4
0.280649245388706	0.772808923974961	0.177	0.095	1	chr5-180493747-180495731	4
0.280649245388706	0.764006211010963	0.177	0.095	1	chr6-53543323-53545619	4
0.280649245388706	0.806985240825202	0.177	0.095	1	chr9-130833326-130836021	4
0.280649245388706	0.867189730366721	0.177	0.095	1	chr11-45804031-45805982	4
0.280649245388706	0.711628371270019	0.177	0.095	1	chr11-95106887-95108640	4
0.280649245388706	0.789408047688385	0.177	0.095	1	chr12-13135191-13137180	4
0.280649245388706	0.790146289468186	0.177	0.095	1	chr14-45003654-45004647	4
0.280649245388706	0.687706372680186	0.177	0.095	1	chr15-60392488-60393953	4
0.280649245388706	0.782250621338458	0.177	0.095	1	chr16-67017753-67018562	4
0.280942321908328	0.37439870396994	0.419	0.31	1	chr12-55972179-55974930	4
0.281044694258283	0.418309478187927	0.435	0.333	1	chr10-26857828-26861697	4
0.281201422567298	1.11193148098766	0.161	0.095	1	chr1-9126271-9130557	4
0.281201422567298	1.01700705486523	0.161	0.095	1	chr16-47037297-47038530	4
0.281201422567298	1.00758655580256	0.161	0.095	1	chr22-42867401-42869577	4
0.281285621337408	0.545152607563784	0.306	0.214	1	chr4-123396362-123399536	4
0.281483139694409	0.598351676032596	0.274	0.167	1	chr8-17674513-17677027	4
0.281483139694409	0.591681512206788	0.274	0.167	1	chr17-31900834-31902344	4
0.28156055239849	0.534027883989195	0.323	0.214	1	chr7-143379648-143382841	4
0.28156055239849	0.586179338625376	0.323	0.214	1	chr8-104588048-104590744	4
0.281918503634282	0.550038170280911	0.29	0.19	1	chr19-36013466-36015103	4
0.282242219430944	0.666268621018507	0.21	0.119	1	chr14-37197170-37198885	4
0.282308186887566	0.864416620954799	0.194	0.119	1	chr4-24876158-24877076	4
0.282308186887566	0.956765875755237	0.194	0.119	1	chr12-6688459-6690394	4
0.282308186887566	0.841174903747755	0.194	0.119	1	chr15-30990242-30992808	4
0.282308186887566	0.813863615643076	0.194	0.119	1	chr17-1086784-1088595	4
0.282487202991488	0.913541697957906	0.145	0.071	1	chr1-19484259-19487096	4
0.282487202991488	0.863073868460541	0.145	0.071	1	chr1-53295159-53296621	4
0.282487202991488	0.830028880162899	0.145	0.071	1	chr2-183078163-183079829	4
0.282487202991488	0.905316860147285	0.145	0.071	1	chr4-88818283-88819174	4
0.282487202991488	0.755882870000842	0.145	0.071	1	chr5-38692434-38693646	4
0.282487202991488	0.824099892626719	0.145	0.071	1	chr7-11533058-11534037	4
0.282487202991488	0.881786048645317	0.145	0.071	1	chr7-25239986-25241259	4
0.282487202991488	0.925262182392352	0.145	0.071	1	chr9-32378404-32379767	4
0.282487202991488	1.04035902950762	0.145	0.071	1	chr19-52637228-52639042	4
0.282487202991488	0.835936030936532	0.145	0.071	1	chr20-3238487-3240075	4
0.282836424447023	0.654253009766322	0.274	0.19	1	chr3-160448689-160450338	4
0.282836424447023	0.707810629758154	0.274	0.19	1	chr9-120868025-120869544	4
0.282836424447023	0.496751015855706	0.274	0.19	1	chr21-43342859-43345191	4
0.282863637906066	0.698146788539366	0.226	0.143	1	chr2-238059915-238062162	4
0.282863637906066	0.687371475988873	0.226	0.143	1	chr8-119982237-119983793	4
0.282863637906066	0.647123269815873	0.226	0.143	1	chr9-34610606-34613409	4
0.283037785991098	1.42016297044327	0.129	0.071	1	chr14-34111966-34113797	4
0.283400488529469	0.588470772815159	0.371	0.262	1	chr5-141615902-141619879	4
0.283463045519749	0.599081585507979	0.323	0.238	1	chr1-65065987-65069095	4
0.283584845051206	0.392541250000244	0.242	0.143	1	chr3-50225786-50228699	4
0.283584845051206	0.633144376684995	0.242	0.143	1	chr9-34650999-34653469	4
0.283858925335231	0.660520520201921	0.258	0.167	1	chr20-25695546-25697405	4
0.284356032378505	0.436660684812938	0.403	0.333	1	chr4-112230506-112232922	4
0.284614918703211	0.662127471130959	0.29	0.214	1	chr16-87950472-87952601	4
0.284722662039342	0.371639167232246	0.371	0.214	1	chr1-168178238-168180555	4
0.285121125016978	0.378606201656932	0.339	0.238	1	chr8-133293418-133298766	4
0.285321910438236	0.503708161928085	0.323	0.214	1	chr7-138000742-138002724	4
0.28551186090728	0.745751467742735	0.177	0.095	1	chr1-31936887-31938993	4
0.28551186090728	0.75883145340893	0.177	0.095	1	chr1-47178932-47180287	4
0.28551186090728	0.803927983835559	0.177	0.095	1	chr2-41840415-41841747	4
0.28551186090728	0.79206758059264	0.177	0.095	1	chr4-134426679-134427671	4
0.28551186090728	0.717945902354975	0.177	0.095	1	chr9-32571971-32573721	4
0.28551186090728	0.78014068626067	0.177	0.095	1	chr9-111660955-111664386	4
0.28551186090728	0.731945023356872	0.177	0.095	1	chr12-76346965-76349194	4
0.28551186090728	0.699512116684277	0.177	0.095	1	chr17-41929801-41931134	4
0.28551186090728	0.878220834838963	0.177	0.095	1	chrX-15789605-15791454	4
0.28551186090728	0.504536930721273	0.177	0.095	1	chrX-47143992-47146880	4
0.28568161557574	0.3260982818515	0.565	0.476	1	chr1-149884551-149889287	4
0.285928421004289	0.44883835671622	0.435	0.357	1	chr10-3782238-3786368	4
0.285991839462167	0.812426140537979	0.242	0.167	1	chr7-128937308-128939752	4
0.286216981615689	0.941608011059303	0.161	0.095	1	chr6-34390927-34394089	4
0.286216981615689	1.03280327093492	0.161	0.095	1	chr9-92138027-92141820	4
0.286216981615689	0.985143476539919	0.161	0.095	1	chr13-107068556-107069956	4
0.286232567441067	1.05846553004085	0.113	0.048	1	chr2-196883781-196886418	4
0.286232567441067	0.915666697722399	0.113	0.048	1	chr3-24127976-24130035	4
0.286232567441067	0.963586188030471	0.113	0.048	1	chr5-151315872-151316653	4
0.286232567441067	1.04326917489058	0.113	0.048	1	chr6-34695040-34697577	4
0.286232567441067	0.864811304034606	0.113	0.048	1	chr8-42280279-42281136	4
0.286232567441067	1.01108786817432	0.113	0.048	1	chr8-124160207-124161060	4
0.286232567441067	0.983336205392665	0.113	0.048	1	chr10-33477869-33479251	4
0.286232567441067	0.803969132718746	0.113	0.048	1	chr12-121209616-121211192	4
0.286232567441067	1.05104637294038	0.113	0.048	1	chr16-9138769-9140385	4
0.286232567441067	0.996226585039955	0.113	0.048	1	chr17-34638045-34638693	4
0.286551023148654	0.504526176838703	0.355	0.238	1	chrX-103686243-103689403	4
0.286764386855582	0.669996773947218	0.21	0.119	1	chr1-212413657-212415359	4
0.286764386855582	0.646490841903452	0.21	0.119	1	chr4-151098886-151100939	4
0.286764386855582	0.635144431048565	0.21	0.119	1	chr4-169884798-169886464	4
0.286764386855582	0.572373646497991	0.21	0.119	1	chr9-92756812-92758005	4
0.286764386855582	0.640044821364036	0.21	0.119	1	chr11-78060718-78064173	4
0.286764386855582	0.584862679688928	0.21	0.119	1	chr11-113772894-113774364	4
0.286764386855582	0.755987826983976	0.21	0.119	1	chr12-50282924-50284281	4
0.286764386855582	0.747141996206418	0.21	0.119	1	chr12-54134736-54137320	4
0.286764386855582	0.690527576579146	0.21	0.119	1	chr15-49154787-49156709	4
0.286817067137426	0.666954390133124	0.274	0.19	1	chr1-6612454-6614643	4
0.286817067137426	0.679748163701047	0.274	0.19	1	chr3-9945216-9947872	4
0.287203163345754	0.643001055358475	0.226	0.143	1	chr2-224583757-224586438	4
0.287203163345754	0.730597138471191	0.226	0.143	1	chr10-19498282-19500046	4
0.287203163345754	0.80793835902331	0.226	0.143	1	chr17-39737360-39740066	4
0.287233237493433	0.511094722198642	0.387	0.31	1	chr12-56644667-56646773	4
0.287797704527795	0.442369338239451	0.435	0.286	1	chr11-64777199-64780033	4
0.28784841943482	0.553881693812109	0.242	0.143	1	chr3-47780047-47782809	4
0.28784841943482	0.641435123282571	0.242	0.143	1	chr4-109727812-109731090	4
0.287869411973628	0.955801387263553	0.145	0.071	1	chr1-203325011-203328240	4
0.287869411973628	0.859573080551975	0.145	0.071	1	chr2-3148196-3150468	4
0.287869411973628	0.794100213572429	0.145	0.071	1	chr4-81376750-81378912	4
0.287869411973628	0.979027756950814	0.145	0.071	1	chr5-50651602-50652858	4
0.287869411973628	0.841866628981133	0.145	0.071	1	chr5-181245468-181247515	4
0.287869411973628	0.812376716408139	0.145	0.071	1	chr7-149459090-149461275	4
0.287869411973628	0.975162296229012	0.145	0.071	1	chr9-100425809-100428234	4
0.287869411973628	0.880155715897782	0.145	0.071	1	chr11-56716186-56717064	4
0.287869411973628	0.821260730055139	0.145	0.071	1	chr13-94595354-94596902	4
0.287869411973628	0.874278061443103	0.145	0.071	1	chr14-77498185-77499169	4
0.287869411973628	0.864521020141998	0.145	0.071	1	chr15-69474781-69476280	4
0.287869411973628	0.922043935166283	0.145	0.071	1	chr17-4806350-4809027	4
0.287869411973628	0.833732449854667	0.145	0.071	1	chr17-50908924-50910064	4
0.287869411973628	0.818653067357041	0.145	0.071	1	chr19-7888207-7889135	4
0.287869411973628	0.856535363707085	0.145	0.071	1	chrX-135031757-135033225	4
0.287976976361224	0.586094354041463	0.258	0.167	1	chr3-50566930-50570256	4
0.287976976361224	0.575970071493614	0.258	0.167	1	chr5-14010941-14012380	4
0.287976976361224	0.621110727050358	0.258	0.167	1	chr8-6707572-6710053	4
0.288300658624623	0.372094319166612	0.516	0.357	1	chr1-207863168-207869848	4
0.288501208017261	0.570927198907454	0.29	0.214	1	chr19-11766472-11768207	4
0.288640118523534	1.22618019858579	0.129	0.071	1	chr16-67226457-67227739	4
0.288828479392345	0.569169282153277	0.339	0.238	1	chr4-107719239-107721102	4
0.289579890049849	0.586893637625504	0.274	0.167	1	chr6-125956387-125958516	4
0.289579890049849	0.566432990909597	0.274	0.167	1	chr16-73046460-73051579	4
0.289784650876038	0.55891705964962	0.29	0.19	1	chr1-36223073-36225912	4
0.289784650876038	0.539986427536738	0.29	0.19	1	chr3-52704223-52707413	4
0.289784650876038	0.57164841853396	0.29	0.19	1	chr7-140477854-140480202	4
0.289800777214563	0.334354033107446	0.516	0.405	1	chr1-209782958-209788861	4
0.290431113993403	0.660511432172537	0.177	0.095	1	chr1-1398003-1403187	4
0.290431113993403	0.778486883971133	0.177	0.095	1	chr1-234107108-234108340	4
0.290431113993403	0.732125835086948	0.177	0.095	1	chr3-17730102-17731084	4
0.290431113993403	0.765197634804358	0.177	0.095	1	chr4-1554554-1555683	4
0.290431113993403	0.830652654804496	0.177	0.095	1	chr4-37720507-37722693	4
0.290431113993403	0.680627266223131	0.177	0.095	1	chr10-119024874-119027350	4
0.290431113993403	0.770914915471139	0.177	0.095	1	chr11-126405135-126406458	4
0.290431113993403	0.70379475286716	0.177	0.095	1	chr12-113245460-113247172	4
0.290569948292539	0.848433371507208	0.21	0.143	1	chr15-64151160-64154902	4
0.290835364133717	0.54077053182892	0.274	0.19	1	chr14-63541984-63544351	4
0.290964785854179	0.603338946780839	0.323	0.238	1	chr8-140463638-140465514	4
0.291292628557999	0.916383657510849	0.161	0.095	1	chr19-2784808-2786395	4
0.291335224580091	0.624637931173334	0.21	0.119	1	chr10-96089416-96090687	4
0.291335224580091	0.645639082271067	0.21	0.119	1	chr17-4142078-4144712	4
0.291335224580091	0.564359495593337	0.21	0.119	1	chr20-45970732-45973095	4
0.291587399730251	0.647838591139299	0.226	0.143	1	chr1-8421690-8425363	4
0.291587399730251	0.67016090019373	0.226	0.143	1	chr1-14497468-14500526	4
0.291587399730251	0.718365140250782	0.226	0.143	1	chr4-39457944-39460618	4
0.291587399730251	0.782506144335248	0.226	0.143	1	chr4-55345788-55348889	4
0.291587399730251	0.725664074358768	0.226	0.143	1	chr4-190110602-190112656	4
0.291621284597398	0.782315047908679	0.194	0.119	1	chr2-9950800-9952431	4
0.291621284597398	0.732597700930779	0.194	0.119	1	chr5-132504647-132506542	4
0.291621284597398	0.779621534606898	0.194	0.119	1	chr19-7098569-7099911	4
0.291621284597398	0.736237434669234	0.194	0.119	1	chr19-47273054-47275135	4
0.291621284597398	0.796216476901936	0.194	0.119	1	chr19-49663915-49666450	4
0.292372024658614	0.346208256719518	0.484	0.381	1	chr15-52677576-52680353	4
0.292415346978031	0.79035237545802	0.113	0.048	1	chr1-84297097-84303766	4
0.292415346978031	1.09097556956847	0.113	0.048	1	chr1-107936278-107937175	4
0.292415346978031	0.965644922821083	0.113	0.048	1	chr1-230876994-230878315	4
0.292415346978031	0.95991501258272	0.113	0.048	1	chr2-174395237-174396602	4
0.292415346978031	0.946653766323167	0.113	0.048	1	chr2-186140654-186141609	4
0.292415346978031	0.711551414890365	0.113	0.048	1	chr3-32405438-32407445	4
0.292415346978031	0.969260667367747	0.113	0.048	1	chr3-47772600-47773449	4
0.292415346978031	1.0872762053509	0.113	0.048	1	chr3-70737617-70738797	4
0.292415346978031	0.944479850731585	0.113	0.048	1	chr3-123038400-123039683	4
0.292415346978031	0.90922596690446	0.113	0.048	1	chr5-57499206-57500062	4
0.292415346978031	1.03147349718932	0.113	0.048	1	chr7-39072650-39074017	4
0.292415346978031	0.985138063417368	0.113	0.048	1	chr7-98275784-98276991	4
0.292415346978031	0.839871620859395	0.113	0.048	1	chr7-132471321-132473213	4
0.292415346978031	0.888302232706627	0.113	0.048	1	chr9-86638950-86640759	4
0.292415346978031	0.781901403743479	0.113	0.048	1	chr10-1448172-1449179	4
0.292415346978031	0.782996940425895	0.113	0.048	1	chr14-37623359-37624426	4
0.292415346978031	1.10774717363244	0.113	0.048	1	chr15-66931488-66932741	4
0.292415346978031	0.985441735907153	0.113	0.048	1	chr16-89837077-89838685	4
0.292415346978031	0.977800310232434	0.113	0.048	1	chr17-71098623-71099717	4
0.292415346978031	0.88214542112419	0.113	0.048	1	chr18-74316418-74317283	4
0.292423111150994	0.659651030889104	0.29	0.214	1	chr7-76379491-76380882	4
0.292568182773545	0.459901571468966	0.339	0.238	1	chr22-41285156-41287093	4
0.292806636923899	0.542198096224248	0.306	0.214	1	chr9-95485582-95487087	4
0.292860895544692	0.540148254877097	0.339	0.214	1	chr14-96501008-96503754	4
0.29294614629567	0.546644960158766	0.323	0.214	1	chr15-98646818-98650302	4
0.293044188802208	0.431920666616444	0.468	0.381	1	chr3-98521476-98523512	4
0.293320364698914	0.808687106348642	0.145	0.071	1	chr3-70981523-70984644	4
0.293320364698914	0.614559048324386	0.145	0.071	1	chr7-155223524-155225146	4
0.293320364698914	0.872300519458515	0.145	0.071	1	chr9-89874336-89875558	4
0.293320364698914	0.821629654573227	0.145	0.071	1	chr12-65278267-65279486	4
0.293320364698914	0.861738294846594	0.145	0.071	1	chr12-121015821-121016955	4
0.293320364698914	0.68949351984838	0.145	0.071	1	chr13-23488266-23489124	4
0.293320364698914	0.863889596384059	0.145	0.071	1	chr15-43791597-43793521	4
0.293320364698914	0.856717597187044	0.145	0.071	1	chr20-37710770-37713265	4
0.293840659252557	0.482051967905402	0.387	0.286	1	chr18-9474569-9476776	4
0.294301793871226	0.481624699597855	0.403	0.286	1	chr22-37196769-37200303	4
0.294316715402471	1.22291450038499	0.129	0.071	1	chr1-212721065-212722356	4
0.294316715402471	1.26555859577677	0.129	0.071	1	chr10-79410705-79412447	4
0.294316715402471	1.12521020702743	0.129	0.071	1	chr12-49336738-49337523	4
0.294316715402471	1.10137720620254	0.129	0.071	1	chr12-95836102-95838687	4
0.294435646433024	0.390127604784702	0.452	0.333	1	chr2-197452441-197455227	4
0.294765282682744	0.552173138864922	0.323	0.238	1	chr7-16644014-16647257	4
0.294765282682744	0.597876125821414	0.323	0.238	1	chr19-8389646-8391337	4
0.294891354706653	0.59967637903177	0.274	0.19	1	chr6-15244703-15246364	4
0.295080777747246	0.808217035333943	0.21	0.143	1	chr5-106779720-106781076	4
0.295407079297845	0.706766564424803	0.177	0.095	1	chr8-60677871-60680924	4
0.295811595840016	0.540558372074715	0.339	0.262	1	chr1-247330460-247337703	4
0.295954789863234	0.620150570783907	0.21	0.119	1	chr15-89574642-89576764	4
0.295954789863234	0.750990616992921	0.21	0.119	1	chr16-2266531-2270151	4
0.296016396852278	0.716729389258704	0.226	0.143	1	chr4-26204341-26205658	4
0.296016396852278	0.683988425004986	0.226	0.143	1	chr7-23596882-23598994	4
0.296016396852278	0.727628818702592	0.226	0.143	1	chr20-52190517-52192867	4
0.296333430701625	0.611013228667808	0.258	0.167	1	chr7-129054020-129055850	4
0.29634026435947	0.554541096086693	0.339	0.238	1	chr17-64144703-64149233	4
0.296354417403326	0.759801194647601	0.194	0.119	1	chr2-73385066-73386796	4
0.296354417403326	0.794748903526524	0.194	0.119	1	chr6-142844492-142846951	4
0.296354417403326	0.784865168223822	0.194	0.119	1	chr9-98191576-98193777	4
0.296354417403326	0.804815266093334	0.194	0.119	1	chr14-35533013-35535656	4
0.296354417403326	0.653281856306579	0.194	0.119	1	chr14-50531543-50534122	4
0.296354417403326	0.854384709443678	0.194	0.119	1	chrX-38800785-38802098	4
0.296420789579158	0.388394376682015	0.484	0.357	1	chr5-179696289-179700875	4
0.296428442775569	0.868828307112491	0.161	0.095	1	chr2-118321372-118322668	4
0.296428442775569	0.871476023584794	0.161	0.095	1	chr5-113425576-113426725	4
0.296428442775569	0.979655057249926	0.161	0.095	1	chr5-179677523-179680364	4
0.296428442775569	0.941896607330336	0.161	0.095	1	chr9-68779281-68781069	4
0.296428442775569	0.932155991248201	0.161	0.095	1	chr14-96063377-96066362	4
0.296428442775569	0.981120370609335	0.161	0.095	1	chr15-61682675-61684168	4
0.296428442775569	1.08714605290746	0.161	0.095	1	chr17-49707204-49708918	4
0.296428442775569	1.02486890258758	0.161	0.095	1	chr19-52269043-52271253	4
0.296504696981536	0.652594253295742	0.242	0.143	1	chr1-153962344-153964537	4
0.296504696981536	0.548899328528623	0.242	0.143	1	chr16-74984270-74985713	4
0.298146964600199	0.447795438539405	0.419	0.357	1	chr4-140149817-140154952	4
0.298284374140192	0.413546541179952	0.419	0.333	1	chr4-83034182-83036323	4
0.298840152004663	0.831464634227192	0.145	0.071	1	chr1-63846977-63847813	4
0.298840152004663	0.774856371447311	0.145	0.071	1	chr2-134123821-134124978	4
0.298840152004663	0.764803712752324	0.145	0.071	1	chr2-237581451-237582956	4
0.298840152004663	0.766325559756122	0.145	0.071	1	chr3-101512022-101513793	4
0.298840152004663	0.780430350428763	0.145	0.071	1	chr5-163580059-163581217	4
0.298840152004663	0.829167189409486	0.145	0.071	1	chr7-1503333-1505100	4
0.298840152004663	0.736918790503073	0.145	0.071	1	chr9-1049630-1050816	4
0.298840152004663	0.860158662816674	0.145	0.071	1	chr10-44636487-44637184	4
0.298840152004663	0.775741678966181	0.145	0.071	1	chr13-27449151-27452122	4
0.298985072577836	0.641441978288614	0.274	0.19	1	chr1-67830905-67834018	4
0.30006767523147	1.25252032830355	0.129	0.071	1	chr3-128010908-128012021	4
0.30006767523147	1.05510300808722	0.129	0.071	1	chr4-42904610-42905738	4
0.30006767523147	1.23917567218207	0.129	0.071	1	chr5-64165188-64166721	4
0.30006767523147	1.19519122717352	0.129	0.071	1	chr5-138275149-138276993	4
0.30006767523147	1.05602516612959	0.129	0.071	1	chr11-101129054-101130092	4
0.300439818921072	0.667214404771094	0.177	0.095	1	chr6-169653717-169655633	4
0.300439818921072	0.779479444919574	0.177	0.095	1	chr7-55886805-55888700	4
0.300490196666498	0.664396703399875	0.226	0.143	1	chr8-30726004-30728601	4
0.300490196666498	0.69309098061772	0.226	0.143	1	chr8-129938807-129940759	4
0.300490196666498	0.680930139377715	0.226	0.143	1	chr15-82749157-82751529	4
0.300490196666498	0.66062500227628	0.226	0.143	1	chr19-1039521-1041571	4
0.300571910278476	0.68280623082509	0.258	0.167	1	chr5-51860319-51861268	4
0.300623130680082	0.585049710266266	0.21	0.119	1	chr1-162069139-162071042	4
0.300623130680082	0.544510115903561	0.21	0.119	1	chr10-122018378-122022333	4
0.300623130680082	0.523633744895502	0.21	0.119	1	chr13-42047307-42049824	4
0.300705955109308	0.511335412397105	0.323	0.214	1	chr3-66037024-66040129	4
0.300897484832542	0.650262701609046	0.242	0.143	1	chr19-9791379-9792973	4
0.301138677226968	0.82764277229364	0.194	0.119	1	chr2-180257026-180259407	4
0.301138677226968	0.838237646529797	0.194	0.119	1	chr8-95745724-95747138	4
0.301138677226968	0.830854630936658	0.194	0.119	1	chr11-118564767-118566560	4
0.301138677226968	0.780062947259317	0.194	0.119	1	chr22-23147254-23148717	4
0.301138677226968	0.885298624783786	0.194	0.119	1	chrX-1390351-1393743	4
0.301463073791163	0.560974908333621	0.355	0.238	1	chr7-67301025-67303642	4
0.301463073791163	0.465688892495603	0.355	0.238	1	chrX-47649776-47651520	4
0.301486033650086	0.455941028848545	0.403	0.286	1	chr16-89488041-89492436	4
0.301612491490219	0.498918181424601	0.371	0.262	1	chr1-117928386-117931264	4
0.301612491490219	0.431303945720252	0.371	0.262	1	chr11-33256774-33259231	4
0.3016244894967	0.81759397869918	0.161	0.095	1	chr3-129686851-129688977	4
0.3016244894967	0.869882369003014	0.161	0.095	1	chr6-146542940-146544728	4
0.3016244894967	0.879229044730514	0.161	0.095	1	chr7-130440523-130441981	4
0.3016244894967	0.903232963637848	0.161	0.095	1	chr8-103020359-103021718	4
0.3016244894967	0.902751423529423	0.161	0.095	1	chr13-31199454-31201111	4
0.3016244894967	0.833618072593544	0.161	0.095	1	chr14-94080049-94082057	4
0.30256882308722	0.490127267009106	0.371	0.238	1	chrX-153722519-153728493	4
0.30256882308722	0.359318261064712	0.355	0.262	1	chr10-102116893-102122390	4
0.303083148190744	0.691718682603906	0.242	0.167	1	chr4-1711030-1713763	4
0.303083148190744	0.651311831441016	0.242	0.167	1	chr7-143901059-143902813	4
0.303083148190744	0.595400363047597	0.242	0.167	1	chr17-51165354-51167793	4
0.303116545859934	0.525220403315166	0.29	0.167	1	chr19-58304665-58306302	4
0.303116545859934	0.608147568019134	0.274	0.19	1	chr1-151368038-151373385	4
0.303116545859934	0.665219593550607	0.274	0.19	1	chr1-161389201-161391002	4
0.303116545859934	0.631537584316298	0.274	0.19	1	chr8-123415525-123417945	4
0.303116545859934	0.717279544583305	0.274	0.19	1	chr19-8512041-8514819	4
0.304095158443	0.374773599414926	0.532	0.429	1	chr11-67504518-67509164	4
0.3041232659949	0.640513212540801	0.258	0.19	1	chr7-44580732-44583208	4
0.304402818831697	0.495770203486153	0.306	0.19	1	chr5-168485899-168487726	4
0.304402818831697	0.483758095171711	0.306	0.19	1	chr19-57434703-57436237	4
0.304428846120925	0.606490484908887	0.145	0.071	1	chr2-133504411-133505869	4
0.304428846120925	0.830620205122647	0.145	0.071	1	chr4-41611003-41613186	4
0.304428846120925	0.717932932492925	0.145	0.071	1	chr4-75573138-75574112	4
0.304428846120925	0.715627548894127	0.145	0.071	1	chr9-22103106-22104741	4
0.304428846120925	0.79119897985468	0.145	0.071	1	chr9-124711622-124712414	4
0.304428846120925	0.626008833624234	0.145	0.071	1	chr19-9826520-9828908	4
0.304640269257821	0.643568847432753	0.306	0.214	1	chr11-20386684-20389326	4
0.304850598377767	0.630657872204004	0.258	0.167	1	chr9-136481674-136485976	4
0.304850598377767	0.54118607874064	0.258	0.167	1	chr14-92792800-92795412	4
0.304850598377767	0.54144635539445	0.258	0.167	1	chr15-39273500-39274807	4
0.304850598377767	0.585171999840595	0.258	0.167	1	chr16-4957399-4958836	4
0.304850598377767	0.595481658568673	0.258	0.167	1	chr17-58416819-58418266	4
0.30534028560891	0.586543943203127	0.21	0.119	1	chr10-97399867-97401906	4
0.30534028560891	0.643332284801261	0.21	0.119	1	chr18-24013962-24015813	4
0.305529382247284	0.64658547077454	0.177	0.095	1	chr1-1858331-1859986	4
0.305529382247284	0.67084241038318	0.177	0.095	1	chr7-99464826-99466678	4
0.305529382247284	0.54405092617143	0.177	0.095	1	chr10-33008609-33011045	4
0.305529382247284	0.695621681389823	0.177	0.095	1	chr10-73110170-73111479	4
0.305529382247284	0.762468702877247	0.177	0.095	1	chr10-116589650-116591433	4
0.305529382247284	0.525075992775147	0.177	0.095	1	chr12-100163265-100164696	4
0.305529382247284	0.661649240149528	0.177	0.095	1	chr16-15672169-15673833	4
0.305529382247284	0.578858884369545	0.177	0.095	1	chr20-63657629-63659755	4
0.305893074850471	1.13985808237775	0.129	0.071	1	chr2-168705494-168707251	4
0.305893074850471	1.11423262874471	0.129	0.071	1	chr3-66762800-66763971	4
0.305893074850471	1.14809644727608	0.129	0.071	1	chr8-58073255-58074696	4
0.305936658365369	0.451737272229509	0.484	0.381	1	chr11-57320939-57326470	4
0.305974104470765	0.769426321147688	0.194	0.119	1	chr2-202911205-202913201	4
0.305974104470765	0.718661655480606	0.194	0.119	1	chr4-42708321-42710919	4
0.305974104470765	0.762850545509581	0.194	0.119	1	chr8-29314403-29317486	4
0.305974104470765	0.765239841788864	0.194	0.119	1	chr15-31870016-31871533	4
0.305974104470765	0.762557162453893	0.194	0.119	1	chr15-99250608-99252686	4
0.305974104470765	0.733133416243838	0.194	0.119	1	chr16-74774128-74775510	4
0.306067922850827	0.878434593008746	0.177	0.119	1	chr1-6553088-6555736	4
0.306346899621119	0.499403529485023	0.355	0.262	1	chr12-67267947-67270796	4
0.306706243876251	0.369680996005862	0.468	0.381	1	chr9-100097848-100100223	4
0.306880819605233	0.839834761512478	0.161	0.095	1	chr1-211928036-211929737	4
0.306880819605233	0.882555610077092	0.161	0.095	1	chr5-139647606-139649884	4
0.306880819605233	0.843310977664181	0.161	0.095	1	chr7-139769715-139772835	4
0.306880819605233	0.866391083162964	0.161	0.095	1	chr19-18446399-18447628	4
0.307185988529014	0.496478633249222	0.339	0.262	1	chr15-67146209-67149132	4
0.307285796998114	0.646581604561656	0.274	0.19	1	chr5-131262741-131266065	4
0.307459951071582	0.674725361754609	0.242	0.167	1	chr5-36243648-36244903	4
0.307459951071582	0.710520370885146	0.242	0.167	1	chr15-74905164-74907563	4
0.308433439786872	0.422737313544033	0.387	0.286	1	chr7-134645447-134647904	4
0.308601529548456	0.513419105192316	0.323	0.214	1	chr2-111120062-111123674	4
0.308601529548456	0.4449195046188	0.323	0.214	1	chr3-124886207-124887937	4
0.308893448206679	0.845427348246335	0.21	0.143	1	chr8-6909186-6911078	4
0.308893448206679	0.756478531303571	0.21	0.143	1	chr11-76379961-76382015	4
0.308950815400824	0.43446080355325	0.419	0.333	1	chr12-56115699-56119975	4
0.309110800934809	0.433919397009926	0.371	0.262	1	chr3-141875369-141879128	4
0.30916951714259	0.581288337864848	0.258	0.167	1	chr19-35739665-35741393	4
0.309572332453586	0.705584540522287	0.226	0.143	1	chr3-34283475-34285593	4
0.309572332453586	0.60529735463687	0.226	0.143	1	chr4-6779121-6784146	4
0.309572332453586	0.631844246338922	0.226	0.143	1	chr7-88225957-88227811	4
0.309572332453586	0.744190108949614	0.226	0.143	1	chr15-45117756-45118586	4
0.309572332453586	0.63612781256586	0.226	0.143	1	chr19-58326460-58328122	4
0.310086500405772	0.814960595694088	0.145	0.071	1	chr9-69151783-69152891	4
0.310091237583465	0.526139433087759	0.29	0.19	1	chr15-70322842-70324926	4
0.310106283720714	0.633643197141935	0.21	0.119	1	chr3-29609055-29610116	4
0.310106283720714	0.614786909309723	0.21	0.119	1	chr4-85474511-85475803	4
0.310106283720714	0.651624455617903	0.21	0.119	1	chr12-79933261-79936124	4
0.310156109275651	0.489227283957265	0.355	0.262	1	chr16-53129755-53132229	4
0.31067580578257	0.662321044398692	0.177	0.095	1	chr19-12034591-12036364	4
0.310813299280622	0.382857574204486	0.403	0.31	1	chr2-55615404-55619198	4
0.310860729079527	0.740519860645805	0.194	0.119	1	chr3-40308579-40310855	4
0.311492842712711	0.614797828522629	0.274	0.19	1	chr12-53451422-53453474	4
0.311792969016669	1.06296603018119	0.129	0.071	1	chr2-234632406-234634520	4
0.311792969016669	1.13866320107669	0.129	0.071	1	chr6-28124051-28125335	4
0.311792969016669	1.11274612551999	0.129	0.071	1	chr8-140192052-140193102	4
0.311792969016669	1.04236145473044	0.129	0.071	1	chr9-116644119-116645359	4
0.311792969016669	1.06555932294597	0.129	0.071	1	chr15-60870609-60872373	4
0.311792969016669	1.03063018487387	0.129	0.071	1	chr18-72542304-72544968	4
0.311792969016669	1.07051592015593	0.129	0.071	1	chr22-27918395-27920442	4
0.311878393055094	0.719818985181881	0.242	0.167	1	chr19-5045723-5047373	4
0.312197469454082	0.833486459799837	0.161	0.095	1	chr1-197773181-197776605	4
0.312197469454082	0.884667307816452	0.161	0.095	1	chr2-183123423-183126285	4
0.312197469454082	0.871088795386851	0.161	0.095	1	chr5-149872196-149873211	4
0.312197469454082	0.826176256194426	0.161	0.095	1	chr7-85926981-85927942	4
0.312197469454082	0.896425202704278	0.161	0.095	1	chr12-56448497-56449928	4
0.312197469454082	0.863161967202362	0.161	0.095	1	chr16-69545565-69546633	4
0.312277712321894	0.443380861978717	0.339	0.214	1	chr9-110254793-110258237	4
0.312644961086925	0.374806805873941	0.468	0.357	1	chr14-39431019-39433870	4
0.312703351922836	0.43910556400248	0.306	0.214	1	chr17-68019343-68021017	4
0.312703351922836	0.599410503748882	0.306	0.214	1	chr19-8525152-8526684	4
0.312905770270833	0.475935700764984	0.371	0.262	1	chr11-130180047-130182424	4
0.313299870055037	0.355022662947045	0.5	0.429	1	chr18-62521570-62527876	4
0.313528682199635	0.549259622208445	0.258	0.167	1	chr4-38662993-38665596	4
0.313528682199635	0.554115924316451	0.258	0.167	1	chr15-42270247-42271873	4
0.314180712333229	0.634366890157491	0.226	0.143	1	chr4-127632146-127633581	4
0.314180712333229	0.684209805057209	0.226	0.143	1	chr6-149544450-149546833	4
0.314180712333229	0.683001742724452	0.226	0.143	1	chr10-102431457-102433176	4
0.314265012266455	0.508068684683035	0.323	0.238	1	chr14-70808699-70810478	4
0.314265012266455	0.508248039925931	0.323	0.238	1	chr17-2398812-2402553	4
0.314334798482272	0.903692904141733	0.226	0.167	1	chr19-40442581-40446733	4
0.314921144471433	0.556099878544335	0.21	0.119	1	chr1-42845982-42847332	4
0.314921144471433	0.646391785116662	0.21	0.119	1	chr8-47941328-47943689	4
0.315798570419588	0.720510326741827	0.194	0.119	1	chr1-234973347-234976032	4
0.315798570419588	0.750849236066056	0.194	0.119	1	chr2-108785893-108787554	4
0.315798570419588	0.668081574561633	0.194	0.119	1	chr7-92832477-92834292	4
0.315798570419588	0.745626377897314	0.194	0.119	1	chr8-143246293-143248088	4
0.315798570419588	0.720169015019182	0.194	0.119	1	chr12-75510703-75512272	4
0.315798570419588	0.796635168730279	0.194	0.119	1	chr16-24538725-24541271	4
0.315813149088107	0.541552843963045	0.145	0.071	1	chr18-80009844-80011003	4
0.316338486344539	0.619332019521148	0.242	0.167	1	chr3-125373752-125376599	4
0.316338486344539	0.602426098197841	0.242	0.167	1	chr10-12041369-12043680	4
0.316338486344539	0.602409325439503	0.242	0.167	1	chr16-48364459-48367155	4
0.316632988727649	0.590343785116278	0.306	0.238	1	chr9-89317365-89320002	4
0.317574460683894	0.840975737339535	0.161	0.095	1	chr1-9161254-9165945	4
0.317574460683894	0.866054813862717	0.161	0.095	1	chr1-161158514-161160445	4
0.317574460683894	0.806041931737883	0.161	0.095	1	chr3-30258643-30259468	4
0.317574460683894	0.849991454772583	0.161	0.095	1	chr3-193508990-193509963	4
0.317574460683894	0.893221006354521	0.161	0.095	1	chr3-194485598-194487478	4
0.317574460683894	0.823033762721955	0.161	0.095	1	chr5-172282615-172284621	4
0.317574460683894	0.884069053961945	0.161	0.095	1	chr7-2715215-2718091	4
0.317574460683894	0.870503348310979	0.161	0.095	1	chr17-27293447-27295561	4
0.317767390094947	1.1093283136712	0.129	0.071	1	chr1-60280859-60282114	4
0.317767390094947	1.03943539630907	0.129	0.071	1	chr1-206489825-206490949	4
0.317767390094947	1.05028320235358	0.129	0.071	1	chr6-36681982-36683637	4
0.317767390094947	1.05762750653091	0.129	0.071	1	chr8-82129418-82130802	4
0.317767390094947	1.09384748397962	0.129	0.071	1	chr9-33472996-33474961	4
0.317767390094947	0.930788111424758	0.129	0.071	1	chr9-36036430-36038097	4
0.317767390094947	1.02585994468176	0.129	0.071	1	chr10-112390908-112392161	4
0.317767390094947	1.16315635941916	0.129	0.071	1	chr11-47989827-47992000	4
0.317767390094947	1.02295752956344	0.129	0.071	1	chr11-77090825-77091795	4
0.317767390094947	1.0216056702875	0.129	0.071	1	chr14-67940172-67942628	4
0.317767390094947	1.04213952333435	0.129	0.071	1	chr15-82709253-82710369	4
0.317767390094947	1.07911464818329	0.129	0.071	1	chr17-60656339-60657258	4
0.317767390094947	1.0211026081575	0.129	0.071	1	chr19-3505108-3507718	4
0.317928102594283	0.605833301992609	0.258	0.167	1	chr2-189439273-189442487	4
0.317928102594283	0.553679165256324	0.258	0.167	1	chr4-6639619-6643686	4
0.317928102594283	0.541119264199135	0.258	0.167	1	chr16-725279-729093	4
0.318335649909656	0.853602960341249	0.21	0.143	1	chr6-33317345-33318882	4
0.318470843653426	0.498449720187672	0.29	0.19	1	chr16-70379834-70382404	4
0.318833982546246	0.688643253330456	0.226	0.143	1	chr3-97763704-97765785	4
0.318833982546246	0.685427068799906	0.226	0.143	1	chr16-53433466-53436264	4
0.318900274382782	0.490368437229207	0.242	0.143	1	chr15-82808279-82811437	4
0.318900274382782	0.696243812512527	0.226	0.167	1	chr1-154557298-154560123	4
0.319258178752953	0.46641915515236	0.371	0.286	1	chr4-184745562-184751442	4
0.319653808389881	0.432612973796555	0.339	0.238	1	chr2-8677287-8683647	4
0.319784877596962	0.572344057689567	0.21	0.119	1	chr5-103561458-103563464	4
0.320020355793289	0.543380639099572	0.274	0.19	1	chr8-38175226-38178262	4
0.320020355793289	0.706297981067193	0.274	0.19	1	chr9-108932910-108935246	4
0.320034563219634	0.426236833206727	0.403	0.333	1	chr3-65952827-65956391	4
0.320787637161192	0.681545733109649	0.194	0.119	1	chr2-201779954-201782005	4
0.320787637161192	0.722953598144829	0.194	0.119	1	chr9-126984882-126986431	4
0.320787637161192	0.607976082399432	0.194	0.119	1	chr10-47383831-47385087	4
0.320787637161192	0.864573689800032	0.194	0.119	1	chr16-30444703-30446576	4
0.320875844727742	0.393514433864416	0.306	0.19	1	chr1-202340722-202342790	4
0.320905739975909	0.567210670376083	0.306	0.214	1	chr11-62753281-62754798	4
0.321139314173075	0.621074185604134	0.177	0.095	1	chr6-108684328-108685977	4
0.321139314173075	0.686861703501332	0.177	0.095	1	chr10-125023222-125024926	4
0.321139314173075	0.656746374035169	0.177	0.095	1	chr12-76091911-76093228	4
0.321269387411914	0.913845374211476	0.177	0.119	1	chr19-10379892-10381428	4
0.321328483451093	0.578874056574829	0.258	0.19	1	chr16-25256662-25259099	4
0.321608807018288	0.559150898296616	0.145	0.071	1	chr3-124428786-124430369	4
0.321805765808003	0.277485442834403	0.565	0.452	1	chr15-89087444-89094999	4
0.322297203952065	0.583288553751511	0.323	0.238	1	chr8-80485042-80488131	4
0.322367780727288	0.482796338617654	0.258	0.167	1	chr3-180911718-180914025	4
0.322367780727288	0.587865725530547	0.258	0.167	1	chr5-10305723-10308268	4
0.322367780727288	0.562417860559047	0.258	0.167	1	chr5-52798725-52801869	4
0.322715749985522	0.518860741961611	0.29	0.19	1	chr8-144507379-144512284	4
0.323011800047009	1.02635337052028	0.161	0.095	1	chr1-1613951-1618186	4
0.323011800047009	0.842567879893399	0.161	0.095	1	chr1-85707259-85709187	4
0.323011800047009	0.866317430382045	0.161	0.095	1	chr3-138173591-138175194	4
0.323011800047009	0.670433811326432	0.161	0.095	1	chr16-4368640-4369894	4
0.323359511274468	0.365261216622714	0.468	0.357	1	chr1-161131420-161134490	4
0.323508944279338	0.542527516036439	0.242	0.143	1	chr1-45550131-45552735	4
0.323532144527778	0.520451169038509	0.226	0.143	1	chr6-122398970-122400887	4
0.323532144527778	0.7041588000947	0.226	0.143	1	chr9-111597726-111600255	4
0.323532144527778	0.680925818539508	0.226	0.143	1	chr10-62373645-62375535	4
0.323532144527778	0.639257935289026	0.226	0.143	1	chr16-74295731-74298958	4
0.323532144527778	0.661237419931117	0.226	0.143	1	chr17-75403870-75406842	4
0.323653004716412	0.514593056844299	0.339	0.238	1	chr14-105164845-105169557	4
0.323816347758238	1.08468573887233	0.129	0.071	1	chr1-95095431-95096880	4
0.323816347758238	1.04115296586951	0.129	0.071	1	chr3-61938881-61940018	4
0.323816347758238	1.11659493479473	0.129	0.071	1	chr3-129673032-129674897	4
0.323816347758238	1.02398630313653	0.129	0.071	1	chr3-196867106-196868881	4
0.323816347758238	1.15035161438022	0.129	0.071	1	chr5-21807780-21808703	4
0.323816347758238	0.981529109155666	0.129	0.071	1	chr6-121663145-121663924	4
0.323816347758238	1.07686001952486	0.129	0.071	1	chr7-112159941-112163062	4
0.323816347758238	0.957484291568037	0.129	0.071	1	chr8-8314005-8315529	4
0.323816347758238	1.02191685607606	0.129	0.071	1	chr8-47888380-47889904	4
0.323816347758238	0.992349216921171	0.129	0.071	1	chr11-118145168-118146045	4
0.323816347758238	1.01329845819437	0.129	0.071	1	chr11-118366192-118367000	4
0.323816347758238	1.13701702742663	0.129	0.071	1	chr18-45745003-45746473	4
0.323816347758238	0.961503506112171	0.129	0.071	1	chr20-46989810-46991193	4
0.323816347758238	0.973030527070215	0.129	0.071	1	chrX-57909269-57911140	4
0.323817484063715	0.392282756717818	0.419	0.286	1	chr7-140696010-140698235	4
0.324340827477825	0.555745495413268	0.274	0.19	1	chr15-50353510-50356118	4
0.324474001047234	0.451126880420931	0.371	0.262	1	chr15-88545970-88547204	4
0.324697483011028	0.567151371838569	0.21	0.119	1	chr13-109784492-109787710	4
0.324783716202355	0.480082441166198	0.355	0.238	1	chr1-35553740-35559224	4
0.325059178208151	0.503322938884324	0.306	0.214	1	chr2-159137131-159141165	4
0.325059178208151	0.522061564608166	0.306	0.214	1	chr11-18633700-18635234	4
0.325383640141414	0.606926610152946	0.242	0.167	1	chr17-20155449-20157094	4
0.325727231930717	0.605368591142206	0.258	0.19	1	chr10-33422557-33424101	4
0.325827927164193	0.696761465202719	0.194	0.119	1	chr7-135930238-135931636	4
0.325827927164193	0.765941325166578	0.194	0.119	1	chr8-48370256-48372649	4
0.325827927164193	0.662379904540413	0.194	0.119	1	chr8-86507504-86509368	4
0.325827927164193	0.691442054022038	0.194	0.119	1	chr9-127802258-127804398	4
0.325827927164193	0.687459263789595	0.194	0.119	1	chr11-96207195-96208222	4
0.325827927164193	0.694151547438071	0.194	0.119	1	chr17-46266251-46267920	4
0.325827927164193	0.643923572218629	0.194	0.119	1	chr19-33062989-33065410	4
0.325827927164193	0.697083398218783	0.194	0.119	1	chr20-35698036-35702002	4
0.326444294432133	0.799480190838252	0.177	0.119	1	chr13-98482515-98485515	4
0.326502484438928	0.275382050728025	0.661	0.524	1	chr15-75449860-75457338	4
0.326847712293087	0.558209308499962	0.258	0.167	1	chr17-4709517-4711271	4
0.327473469426823	0.701158230608603	0.145	0.071	1	chr18-21183364-21185323	4
0.327964941703936	0.687129372238783	0.21	0.143	1	chr2-127386770-127389150	4
0.328160801604874	0.410552349201078	0.242	0.143	1	chr13-94601233-94602812	4
0.328275191358302	0.573937913402012	0.226	0.143	1	chr4-169009206-169011020	4
0.328275191358302	0.559122341938819	0.226	0.143	1	chr7-4973577-4975166	4
0.328275191358302	0.593279238463296	0.226	0.143	1	chr8-29756429-29757626	4
0.328509479236891	0.940880750536392	0.161	0.095	1	chr1-212432172-212433765	4
0.328509479236891	0.73746390213185	0.161	0.095	1	chr2-206981634-206983946	4
0.328509479236891	0.848007369178226	0.161	0.095	1	chr5-126004356-126005169	4
0.328509479236891	0.791985292534259	0.161	0.095	1	chr6-27157082-27158575	4
0.328509479236891	0.785621891881204	0.161	0.095	1	chr8-124853181-124854932	4
0.328509479236891	0.801560399870381	0.161	0.095	1	chr10-110671775-110672846	4
0.328509479236891	0.851963548889093	0.161	0.095	1	chr11-518140-519254	4
0.328509479236891	0.775205603375403	0.161	0.095	1	chr16-30091412-30092832	4
0.328509479236891	0.83356393305479	0.161	0.095	1	chr20-6005464-6008862	4
0.328509479236891	0.814593485271139	0.161	0.095	1	chrX-48539015-48540467	4
0.328781720623674	0.439435236024115	0.355	0.238	1	chr2-135741142-135743225	4
0.329151978346294	0.66895288599962	0.274	0.214	1	chr7-83161773-83163964	4
0.329530106303414	0.40005316062113	0.452	0.357	1	chr1-222617377-222624018	4
0.329939828698163	0.967141936115999	0.129	0.071	1	chr2-96771508-96772499	4
0.329939828698163	1.02590558518937	0.129	0.071	1	chr3-9715018-9716484	4
0.329939828698163	0.957898900155413	0.129	0.071	1	chr3-39051377-39052986	4
0.329939828698163	1.05405302463358	0.129	0.071	1	chr6-135180346-135182950	4
0.329939828698163	0.976769009502756	0.129	0.071	1	chr7-85765515-85766317	4
0.329939828698163	0.94210592367591	0.129	0.071	1	chr8-144443271-144445448	4
0.329939828698163	1.04142660390223	0.129	0.071	1	chr9-136943287-136945269	4
0.329939828698163	1.0332004842967	0.129	0.071	1	chr10-55220878-55222959	4
0.329939828698163	0.946335067209389	0.129	0.071	1	chr11-80196848-80197799	4
0.329939828698163	0.97258574674833	0.129	0.071	1	chr11-103322481-103323332	4
0.329939828698163	1.08709368260973	0.129	0.071	1	chr12-53492324-53494089	4
0.329939828698163	0.954760485651111	0.129	0.071	1	chr14-34121778-34122682	4
0.329939828698163	1.06669318389734	0.129	0.071	1	chr14-92963328-92965218	4
0.329939828698163	0.995136262740279	0.129	0.071	1	chr15-51829347-51830877	4
0.329939828698163	1.00457775602863	0.129	0.071	1	chr17-10209864-10210889	4
0.329939828698163	0.910639172368364	0.129	0.071	1	chr17-56819407-56820153	4
0.329939828698163	1.06493261617874	0.129	0.071	1	chr17-60524581-60526901	4
0.329939828698163	0.978197646590428	0.129	0.071	1	chr18-12413757-12414979	4
0.329939828698163	0.935579945814707	0.129	0.071	1	chr22-46684934-46686014	4
0.329939828698163	0.990865108524816	0.129	0.071	1	chrX-71621588-71623615	4
0.329939828698163	0.966858859324012	0.129	0.071	1	chrX-121113324-121114150	4
0.330164949542517	0.603741208741654	0.258	0.19	1	chr1-212228123-212230940	4
0.330462165830888	0.522461452312113	0.323	0.238	1	chr19-15417364-15420100	4
0.330919427367171	0.713636023129535	0.194	0.119	1	chr10-109964636-109966024	4
0.330919427367171	0.640820908641315	0.194	0.119	1	chr16-57446401-57448648	4
0.331315747485322	0.462036874807067	0.29	0.19	1	chr3-197297004-197299896	4
0.331381894893357	0.475740053527243	0.387	0.31	1	chr7-87150981-87153843	4
0.33165052171714	0.288972807086956	0.548	0.405	1	chr7-112448725-112454480	4
0.331673061961015	0.862996530465618	0.177	0.119	1	chr14-56579209-56580548	4
0.331830372702176	0.632001191306163	0.177	0.095	1	chr15-68227997-68230489	4
0.332811492393497	0.429834792018737	0.355	0.238	1	chr11-68459669-68461789	4
0.332849724383135	0.588075877160374	0.21	0.143	1	chrX-48573730-48575845	4
0.333063107685359	0.637139132166295	0.226	0.143	1	chr1-46182733-46184389	4
0.333103661786373	0.438162751487137	0.323	0.214	1	chr2-27488992-27490475	4
0.333320120731393	0.492366330465053	0.403	0.31	1	chr11-133925835-133929587	4
0.333470508412879	0.529353174124438	0.306	0.214	1	chr11-126267360-126269858	4
0.333665408323395	0.444526169987977	0.355	0.262	1	chr1-211257029-211261667	4
0.333665408323395	0.489133517177292	0.355	0.262	1	chr11-61361070-61363009	4
0.33406747472319	0.816916970002297	0.161	0.095	1	chr3-44624495-44625934	4
0.33406747472319	0.79685898803536	0.161	0.095	1	chr3-136276957-136278494	4
0.33406747472319	0.634330960240578	0.161	0.095	1	chr3-153752281-153754252	4
0.33406747472319	0.590584847920637	0.161	0.095	1	chr5-36366386-36368232	4
0.33406747472319	0.755591740945612	0.161	0.095	1	chr10-17616322-17618011	4
0.33406747472319	0.834053162912081	0.161	0.095	1	chr12-2890079-2891917	4
0.33406747472319	0.837786202009472	0.161	0.095	1	chr16-4424581-4427181	4
0.33406747472319	0.873466179163225	0.161	0.095	1	chr16-22211214-22212920	4
0.33406747472319	0.628890590345728	0.161	0.095	1	chr19-38661718-38662647	4
0.33406747472319	0.84079468503568	0.161	0.095	1	chr20-62899586-62901624	4
0.334595367099996	0.646790608229299	0.242	0.167	1	chr17-68511131-68513619	4
0.335845315667583	0.407323171604342	0.339	0.238	1	chr16-57618278-57622987	4
0.335928284610954	0.536259354110672	0.258	0.167	1	chr3-142999623-143003146	4
0.335928284610954	0.505806411181611	0.258	0.167	1	chr7-139230520-139232652	4
0.336062113680059	0.701960099733325	0.194	0.119	1	chr2-171158833-171161883	4
0.336062113680059	0.642738345915861	0.194	0.119	1	chr3-13496029-13497144	4
0.336062113680059	0.657964693998178	0.194	0.119	1	chr9-114610727-114613561	4
0.336062113680059	0.670292415878829	0.194	0.119	1	chr16-29994669-29996997	4
0.336062113680059	0.719700340476904	0.194	0.119	1	chr18-50193734-50195753	4
0.336062113680059	0.704813534928006	0.194	0.119	1	chr22-20221331-20223516	4
0.336062113680059	0.686660493671969	0.194	0.119	1	chr22-32042592-32045725	4
0.33613779634631	0.881142414204217	0.129	0.071	1	chr1-95007430-95008415	4
0.33613779634631	0.982941708623666	0.129	0.071	1	chr1-110214093-110215474	4
0.33613779634631	1.06180474764062	0.129	0.071	1	chr1-202184369-202185478	4
0.33613779634631	0.981763228181953	0.129	0.071	1	chr2-63049986-63051743	4
0.33613779634631	1.02381938250878	0.129	0.071	1	chr2-202112896-202114423	4
0.33613779634631	0.990536712352016	0.129	0.071	1	chr4-82524520-82526869	4
0.33613779634631	0.940850238784767	0.129	0.071	1	chr6-42745020-42749485	4
0.33613779634631	1.02133106422267	0.129	0.071	1	chr6-125985348-125987602	4
0.33613779634631	0.972825736992458	0.129	0.071	1	chr7-37198447-37199306	4
0.33613779634631	1.01332247842035	0.129	0.071	1	chr8-86146444-86148088	4
0.33613779634631	0.864402924475701	0.129	0.071	1	chr9-129412773-129414901	4
0.33613779634631	1.0173218413788	0.129	0.071	1	chr10-113735660-113737131	4
0.33613779634631	0.93122377201579	0.129	0.071	1	chr11-66123676-66125135	4
0.33613779634631	1.04531406657305	0.129	0.071	1	chr12-88185894-88186797	4
0.33613779634631	0.983231443077867	0.129	0.071	1	chr12-113358032-113359768	4
0.33613779634631	1.04905168492908	0.129	0.071	1	chr15-64095428-64097294	4
0.33613779634631	0.913073990624882	0.129	0.071	1	chr16-54075274-54076704	4
0.33613779634631	0.92878958778137	0.129	0.071	1	chr17-29369729-29370739	4
0.33613779634631	0.9673985773542	0.129	0.071	1	chr17-42135409-42136884	4
0.33613779634631	0.896837127627777	0.129	0.071	1	chr20-40990388-40991160	4
0.33613779634631	0.904414905940994	0.129	0.071	1	chr20-53591239-53595105	4
0.33615873894954	0.297732296247544	0.452	0.381	1	chr8-92964608-92966648	4
0.33615873894954	0.374084329485878	0.452	0.381	1	chr10-102419456-102423604	4
0.336317146457404	0.482494424533852	0.371	0.262	1	chr1-54051780-54054758	4
0.336317146457404	0.332668048014779	0.371	0.262	1	chr16-53703388-53704860	4
0.336862736750573	0.364526629640342	0.5	0.381	1	chr1-161164881-161167662	4
0.337306234406399	0.405643754924519	0.323	0.214	1	chr1-227563056-227564620	4
0.337529004266726	0.54368778912437	0.274	0.19	1	chr10-67883739-67886601	4
0.337529004266726	0.573213516658388	0.274	0.19	1	chr14-99553781-99556519	4
0.337594013171635	0.581054487887049	0.242	0.143	1	chr5-55437699-55439437	4
0.337594013171635	0.796006225181962	0.226	0.167	1	chr1-149927200-149928767	4
0.337781234819812	0.479479698330713	0.21	0.143	1	chr3-45387984-45389910	4
0.337781234819812	0.674946965685406	0.21	0.143	1	chr12-120228037-120232589	4
0.337781234819812	0.576395301999923	0.21	0.143	1	chr22-31106262-31108292	4
0.337895869647683	0.69709028249983	0.226	0.143	1	chr11-111309081-111310675	4
0.338759815481753	0.564575272018356	0.323	0.238	1	chr1-165696076-165699269	4
0.338760842108253	0.379119007809712	0.387	0.262	1	chr2-127105164-127108236	4
0.339145624034669	0.403351736958274	0.403	0.286	1	chr3-19946009-19948436	4
0.339685747592619	0.713029684356128	0.161	0.095	1	chr4-4334965-4335687	4
0.339685747592619	0.818792664860423	0.161	0.095	1	chr7-20392515-20393862	4
0.339685747592619	0.748349529836543	0.161	0.095	1	chr10-74206284-74207506	4
0.339685747592619	0.722456410166859	0.161	0.095	1	chr17-76382846-76385066	4
0.339685747592619	0.866738174566083	0.161	0.095	1	chr19-11596891-11598338	4
0.339685747592619	0.83951408303431	0.161	0.095	1	chr20-3767003-3769233	4
0.340717866789145	0.282534928245006	0.629	0.548	1	chr1-169104657-169127526	4
0.34125595088037	0.691736475687366	0.194	0.119	1	chr5-140646685-140648560	4
0.34125595088037	0.580879118311418	0.194	0.119	1	chr11-89555435-89558112	4
0.341385183130417	0.361198099735857	0.452	0.333	1	chr19-56140158-56143557	4
0.341542734032099	0.457126074769827	0.323	0.214	1	chr2-675419-678055	4
0.342000587863798	0.536903109748001	0.274	0.19	1	chr1-246607754-246609906	4
0.342000587863798	0.560722173013414	0.274	0.19	1	chr7-866686-868329	4
0.34237531497112	0.452653138781818	0.242	0.143	1	chr11-60370306-60372396	4
0.34237531497112	0.755350726415054	0.226	0.167	1	chr14-54901608-54903606	4
0.342410190606488	0.928610333999029	0.129	0.071	1	chr1-11134019-11135305	4
0.342410190606488	1.03982370668137	0.129	0.071	1	chr1-38990310-38992830	4
0.342410190606488	0.940721830368163	0.129	0.071	1	chr2-138176826-138178491	4
0.342410190606488	0.80019480183631	0.129	0.071	1	chr2-237662253-237663458	4
0.342410190606488	0.897420257640541	0.129	0.071	1	chr3-87756534-87757436	4
0.342410190606488	0.797870133922954	0.129	0.071	1	chr4-4289061-4291360	4
0.342410190606488	0.90558939168934	0.129	0.071	1	chr4-42871239-42872468	4
0.342410190606488	0.719705353903969	0.129	0.071	1	chr4-53377091-53378516	4
0.342410190606488	0.934196864342629	0.129	0.071	1	chr4-67034983-67036360	4
0.342410190606488	0.893935596870963	0.129	0.071	1	chr5-132063203-132065841	4
0.342410190606488	0.895010951484796	0.129	0.071	1	chr5-137292017-137293323	4
0.342410190606488	1.02731481696079	0.129	0.071	1	chr5-149128067-149131462	4
0.342410190606488	0.90393395109827	0.129	0.071	1	chr7-74453432-74455944	4
0.342410190606488	0.999001069483866	0.129	0.071	1	chr7-116710547-116712270	4
0.342410190606488	0.958202382728629	0.129	0.071	1	chr8-17613985-17615995	4
0.342410190606488	0.933868990399642	0.129	0.071	1	chr9-6703456-6704746	4
0.342410190606488	1.06637938242236	0.129	0.071	1	chr9-126642824-126644741	4
0.342410190606488	0.93240642972957	0.129	0.071	1	chr11-19742449-19743143	4
0.342410190606488	1.0025722541591	0.129	0.071	1	chr11-79189281-79190447	4
0.342410190606488	0.890040613444783	0.129	0.071	1	chr12-55715454-55717709	4
0.342410190606488	0.919777105281289	0.129	0.071	1	chr12-68236297-68237349	4
0.342410190606488	0.980290567394505	0.129	0.071	1	chr12-104063598-104066110	4
0.342410190606488	0.964932517107026	0.129	0.071	1	chr14-24298839-24300895	4
0.342410190606488	0.906567259808308	0.129	0.071	1	chr18-31241200-31242752	4
0.342410190606488	0.934231862687698	0.129	0.071	1	chr20-25047261-25048994	4
0.342410190606488	0.851696495490504	0.129	0.071	1	chr22-22710653-22711669	4
0.342410190606488	0.873684679809157	0.129	0.071	1	chr22-37538552-37539487	4
0.342410190606488	0.933292006263486	0.129	0.071	1	chrX-107360283-107361690	4
0.342773444801771	0.675329037306368	0.226	0.143	1	chr4-177440809-177443408	4
0.342773444801771	0.586787223464213	0.226	0.143	1	chrX-154761702-154764303	4
0.342789533292506	0.442865760194466	0.403	0.333	1	chr4-55395133-55399788	4
0.342789533292506	0.482767959722998	0.403	0.333	1	chr10-102641339-102647209	4
0.342958352059097	0.502376921217676	0.323	0.238	1	chr1-111738116-111740204	4
0.343070895867158	0.481649257314947	0.403	0.286	1	chr15-40843117-40847972	4
0.343973505282151	0.583561529441512	0.242	0.167	1	chr4-686668-689992	4
0.343973505282151	0.546434908934556	0.242	0.167	1	chr5-177309416-177313370	4
0.343973505282151	0.598924198614006	0.242	0.167	1	chr16-23539927-23541082	4
0.344490970584072	0.48260994915417	0.29	0.19	1	chr11-118689410-118690917	4
0.344490970584072	0.594159133776964	0.29	0.19	1	chr14-39169228-39171310	4
0.344490970584072	0.388699473286044	0.29	0.19	1	chr15-34968951-34970363	4
0.344836276583533	0.347451208292795	0.21	0.119	1	chr2-61015460-61018781	4
0.344958369595856	0.387915322739824	0.403	0.31	1	chr11-30322430-30324097	4
0.345364243395794	0.718926385242437	0.161	0.095	1	chr1-99326487-99328352	4
0.345364243395794	0.779045777368352	0.161	0.095	1	chr1-151739459-151740963	4
0.345364243395794	0.705111459797563	0.161	0.095	1	chr3-14434039-14435814	4
0.345364243395794	0.749646589728133	0.161	0.095	1	chr3-182913697-182914327	4
0.345364243395794	0.813340284498351	0.161	0.095	1	chr4-88378528-88379753	4
0.345364243395794	0.824798966938636	0.161	0.095	1	chr5-90380844-90382011	4
0.345364243395794	0.803643487809614	0.161	0.095	1	chr6-157198180-157199409	4
0.345364243395794	0.763167806146866	0.161	0.095	1	chr8-38379829-38383500	4
0.345364243395794	0.78308612657782	0.161	0.095	1	chr11-7532304-7534115	4
0.345364243395794	0.708250900787742	0.161	0.095	1	chr11-44190881-44192973	4
0.345364243395794	0.855502969281514	0.161	0.095	1	chr11-116787280-116788708	4
0.345364243395794	0.766358890809615	0.161	0.095	1	chr12-115740495-115741439	4
0.345364243395794	0.839566057927151	0.161	0.095	1	chr15-73683422-73685488	4
0.345364243395794	0.795212359633087	0.161	0.095	1	chr17-77140057-77141918	4
0.345364243395794	0.747299616854494	0.161	0.095	1	chr19-7636618-7638065	4
0.345364243395794	0.735022276836416	0.161	0.095	1	chr19-44051254-44052306	4
0.345364243395794	0.756517666485114	0.161	0.095	1	chr20-62065155-62067344	4
0.345364243395794	0.72279806665101	0.161	0.095	1	chr22-30667071-30668607	4
0.345813134663561	0.431373744890291	0.306	0.238	1	chr14-54396314-54398197	4
0.346500892513119	0.611281215210485	0.194	0.119	1	chr1-162018464-162022259	4
0.346500892513119	0.503701804225402	0.194	0.119	1	chr7-113117544-113119766	4
0.346500892513119	0.669309562348311	0.194	0.119	1	chr15-40382146-40383531	4
0.346509887261789	0.547900385437962	0.274	0.19	1	chr5-180067980-180072629	4
0.346657245844816	0.520309805741327	0.29	0.214	1	chr1-119711489-119714939	4
0.347189995746862	0.467084635451374	0.323	0.238	1	chr16-3019852-3024986	4
0.34719969918483	0.72304245845062	0.226	0.167	1	chr11-61791820-61793559	4
0.347682189885557	0.957412751184686	0.177	0.119	1	chr12-56220490-56222851	4
0.347682189885557	0.885528322596447	0.177	0.119	1	chr19-38402499-38403920	4
0.347695792050978	0.542985736708644	0.226	0.143	1	chr7-100080496-100083073	4
0.347784292794422	0.718974809212087	0.21	0.143	1	chr1-45010149-45013172	4
0.347784292794422	0.638400627288883	0.21	0.143	1	chr9-128881004-128883572	4
0.348245079370972	0.349677088439808	0.435	0.31	1	chr1-112704134-112707986	4
0.348305106974314	0.528695137386783	0.258	0.19	1	chr19-12139616-12141618	4
0.34832937599481	0.455519724617202	0.339	0.238	1	chr5-138212732-138213936	4
0.34832937599481	0.422524867473788	0.339	0.238	1	chr12-64608074-64612239	4
0.348756927598316	0.867199401914586	0.129	0.071	1	chr1-10045704-10047290	4
0.348756927598316	0.921313926837106	0.129	0.071	1	chr1-10474479-10476293	4
0.348756927598316	0.856298612142823	0.129	0.071	1	chr1-154574334-154575500	4
0.348756927598316	0.96942143915322	0.129	0.071	1	chr2-73111170-73113897	4
0.348756927598316	0.881014955906426	0.129	0.071	1	chr3-138935722-138936806	4
0.348756927598316	0.917759086572372	0.129	0.071	1	chr4-20787755-20790204	4
0.348756927598316	0.994362290535262	0.129	0.071	1	chr5-61385794-61387101	4
0.348756927598316	0.927648259401546	0.129	0.071	1	chr5-77368188-77370063	4
0.348756927598316	0.919184648970686	0.129	0.071	1	chr6-7725543-7727214	4
0.348756927598316	0.795535276802996	0.129	0.071	1	chr6-31734724-31736875	4
0.348756927598316	0.999159606292685	0.129	0.071	1	chr6-63805627-63807482	4
0.348756927598316	0.876883759359995	0.129	0.071	1	chr7-7098260-7100876	4
0.348756927598316	0.895395735199572	0.129	0.071	1	chr7-42091151-42092376	4
0.348756927598316	0.991044403886146	0.129	0.071	1	chr7-123319616-123320833	4
0.348756927598316	0.869452620183606	0.129	0.071	1	chr8-93927470-93930142	4
0.348756927598316	0.90342235588427	0.129	0.071	1	chr8-109575344-109577708	4
0.348756927598316	0.987050510290157	0.129	0.071	1	chr10-19815232-19817949	4
0.348756927598316	0.896717866481031	0.129	0.071	1	chr10-63701983-63704626	4
0.348756927598316	0.887058261264693	0.129	0.071	1	chr10-131969245-131970549	4
0.348756927598316	0.97239480734023	0.129	0.071	1	chr14-22765924-22767697	4
0.348756927598316	0.836721557463974	0.129	0.071	1	chr14-25081351-25082481	4
0.348756927598316	0.908634395901021	0.129	0.071	1	chr14-77067798-77071125	4
0.348756927598316	0.941505344807076	0.129	0.071	1	chr15-90351733-90352879	4
0.348756927598316	0.826911616245853	0.129	0.071	1	chr16-11296378-11298437	4
0.348756927598316	0.973553565157247	0.129	0.071	1	chr17-31558440-31559924	4
0.348756927598316	0.923460637689391	0.129	0.071	1	chr17-58658495-58659952	4
0.348756927598316	0.853167426723664	0.129	0.071	1	chr17-64261944-64264110	4
0.348756927598316	0.910363266349043	0.129	0.071	1	chr19-17243455-17247252	4
0.348756927598316	0.898306501208898	0.129	0.071	1	chr20-22058243-22060134	4
0.348756927598316	0.809794693507555	0.129	0.071	1	chr22-24322510-24323532	4
0.348756927598316	0.911702304130207	0.129	0.071	1	chrX-136010382-136012934	4
0.348756927598316	0.905939875036499	0.129	0.071	1	chrX-136453409-136454481	4
0.349247901245799	0.367233484643496	0.355	0.238	1	chr10-99619527-99621964	4
0.349247901245799	0.368201063381314	0.355	0.238	1	chr17-8629227-8632492	4
0.349960605158742	0.474461891933427	0.355	0.262	1	chr6-166625198-166628967	4
0.349960605158742	0.573463754746977	0.339	0.286	1	chr5-146446649-146449590	4
0.34998153225622	0.310877915344592	0.581	0.452	1	chr20-49276267-49292940	4
0.349992891600601	0.495653980514386	0.21	0.119	1	chr17-16213270-16216333	4
0.350117405312695	0.476394233005679	0.306	0.238	1	chr1-184386294-184389244	4
0.350117405312695	0.521128716551732	0.306	0.238	1	chr11-73778869-73780263	4
0.35082184293827	0.421940092946001	0.371	0.286	1	chr7-102748097-102749983	4
0.350935452810834	0.378521687492522	0.468	0.31	1	chr4-11428120-11430383	4
0.351102892000204	0.744543794500396	0.161	0.095	1	chr1-6489466-6491594	4
0.351102892000204	0.738233032260986	0.161	0.095	1	chr2-33475387-33476945	4
0.351102892000204	0.717683464717666	0.161	0.095	1	chr3-133985813-133986905	4
0.351102892000204	0.683002983026908	0.161	0.095	1	chr11-9056388-9057691	4
0.351102892000204	0.675206212040278	0.161	0.095	1	chr11-83092067-83093441	4
0.351102892000204	0.769339997782897	0.161	0.095	1	chr15-80804731-80805987	4
0.351102892000204	0.739895010407978	0.161	0.095	1	chr18-58313258-58315877	4
0.351102892000204	0.768408605651646	0.161	0.095	1	chr19-38731496-38733264	4
0.351102892000204	0.77197257771929	0.161	0.095	1	chr19-46372749-46374480	4
0.351102892000204	0.729701012605165	0.161	0.095	1	chr19-56090982-56092539	4
0.351338100258984	0.505583042054585	0.339	0.262	1	chr14-76916892-76920546	4
0.351796880794527	0.700921386842076	0.194	0.119	1	chr3-37241955-37245437	4
0.351796880794527	0.643824463181576	0.194	0.119	1	chr4-169069580-169071494	4
0.351796880794527	0.738324503698478	0.194	0.119	1	chr5-175477352-175479839	4
0.351796880794527	0.602618336487412	0.194	0.119	1	chr16-20804611-20807522	4
0.352067119544381	0.407027572311138	0.242	0.143	1	chr7-24978896-24982302	4
0.35207535315421	0.349748809895467	0.452	0.357	1	chr1-201169946-201172664	4
0.352555446413084	0.437293424469089	0.339	0.238	1	chr9-95505850-95511848	4
0.35266286157717	0.612043593807568	0.226	0.143	1	chr5-37369886-37372216	4
0.35266286157717	0.486600304695965	0.226	0.143	1	chr10-97447641-97448891	4
0.35266286157717	0.519205156646002	0.226	0.143	1	chr11-11619988-11623395	4
0.35266286157717	0.528157741117357	0.226	0.143	1	chr11-117175734-117177010	4
0.35266286157717	0.369413394723828	0.226	0.143	1	chr14-60721805-60724785	4
0.353125999627031	0.761719779888776	0.177	0.119	1	chr5-31638255-31639878	4
0.353125999627031	0.746064566486103	0.177	0.119	1	chrX-24148737-24151619	4
0.353976948280792	0.327207692430753	0.484	0.357	1	chr11-95788665-95792067	4
0.354455509970048	0.560912456792796	0.306	0.238	1	chr10-118045784-118047762	4
0.354455509970048	0.616748974003586	0.306	0.238	1	chr17-14300397-14303131	4
0.354571522913973	0.427189202273287	0.258	0.167	1	chr10-28531782-28534541	4
0.355020064937349	0.285059097432343	0.387	0.31	1	chr5-131633828-131636646	4
0.355039705768777	0.444191135911454	0.387	0.286	1	chr5-173055548-173058531	4
0.355107225267752	0.488372512150657	0.306	0.214	1	chr14-39265016-39268961	4
0.355177899412466	0.93141835671311	0.129	0.071	1	chr1-85258766-85260355	4
0.355177899412466	0.860077172670394	0.129	0.071	1	chr1-151457506-151460058	4
0.355177899412466	0.886705195078458	0.129	0.071	1	chr1-201184625-201185544	4
0.355177899412466	0.867464462827644	0.129	0.071	1	chr1-211829884-211831310	4
0.355177899412466	0.949303417565792	0.129	0.071	1	chr2-37148146-37150334	4
0.355177899412466	0.834813771205588	0.129	0.071	1	chr2-47069375-47070124	4
0.355177899412466	0.922131611541101	0.129	0.071	1	chr2-196068003-196069446	4
0.355177899412466	0.872015843609829	0.129	0.071	1	chr3-10815561-10816858	4
0.355177899412466	0.908820112629288	0.129	0.071	1	chr3-84547806-84548696	4
0.355177899412466	0.918634060117757	0.129	0.071	1	chr4-1151524-1153009	4
0.355177899412466	0.789817115767269	0.129	0.071	1	chr4-7033710-7035537	4
0.355177899412466	0.848292619047591	0.129	0.071	1	chr4-11903751-11905900	4
0.355177899412466	0.834851045665826	0.129	0.071	1	chr4-52603514-52604859	4
0.355177899412466	0.711835280623186	0.129	0.071	1	chr5-19987700-19988544	4
0.355177899412466	0.907405541494877	0.129	0.071	1	chr5-51382670-51384203	4
0.355177899412466	0.898135892957748	0.129	0.071	1	chr6-15247705-15249467	4
0.355177899412466	0.947726949299565	0.129	0.071	1	chr6-16754195-16755481	4
0.355177899412466	0.914290253460347	0.129	0.071	1	chr6-25122125-25123408	4
0.355177899412466	0.900169279671243	0.129	0.071	1	chr6-38795462-38798248	4
0.355177899412466	1.12959344292364	0.129	0.071	1	chr6-52576351-52577850	4
0.355177899412466	0.892544381465096	0.129	0.071	1	chr7-97143455-97145395	4
0.355177899412466	0.805206823493747	0.129	0.071	1	chr7-98163367-98164833	4
0.355177899412466	0.69416911305676	0.129	0.071	1	chr7-151231816-151234061	4
0.355177899412466	0.902585160607919	0.129	0.071	1	chr9-106149632-106150526	4
0.355177899412466	0.834907302028032	0.129	0.071	1	chr12-42129533-42131525	4
0.355177899412466	0.827377488953791	0.129	0.071	1	chr12-70794211-70797675	4
0.355177899412466	0.811191437447772	0.129	0.071	1	chr12-112916116-112916998	4
0.355177899412466	0.843786356980373	0.129	0.071	1	chr15-41927663-41929640	4
0.355177899412466	0.86862916161883	0.129	0.071	1	chr15-48855220-48856290	4
0.355177899412466	0.902859093348302	0.129	0.071	1	chr16-10576959-10581141	4
0.355177899412466	0.893135512275448	0.129	0.071	1	chr20-2320606-2322011	4
0.355177899412466	0.862086283789471	0.129	0.071	1	chrX-100408850-100410769	4
0.355641478589622	0.495620327570161	0.274	0.19	1	chr4-7066951-7069239	4
0.355641478589622	0.477152648928298	0.274	0.19	1	chr5-41868829-41871133	4
0.35690160744947	0.781423413583667	0.161	0.095	1	chr3-48684792-48688236	4
0.35690160744947	0.705611395819613	0.161	0.095	1	chr3-59653512-59655176	4
0.35690160744947	0.762186979857888	0.161	0.095	1	chr3-129182273-129184734	4
0.35690160744947	0.729411849308713	0.161	0.095	1	chr5-180801635-180803343	4
0.35690160744947	0.766954128687467	0.161	0.095	1	chr6-29632185-29633906	4
0.35690160744947	0.657023655132329	0.161	0.095	1	chr7-105593840-105594819	4
0.35690160744947	0.707307096070944	0.161	0.095	1	chr10-13490326-13493353	4
0.35690160744947	0.71502002086722	0.161	0.095	1	chr13-44139911-44142758	4
0.35690160744947	0.687470803172613	0.161	0.095	1	chr15-85836881-85837687	4
0.35690160744947	0.726066188518965	0.161	0.095	1	chr17-45131572-45133656	4
0.35690160744947	0.728506876724995	0.161	0.095	1	chr19-10095402-10096946	4
0.35690160744947	0.745770276224462	0.161	0.095	1	chrX-54529466-54531310	4
0.35697752165224	0.575467935473009	0.226	0.167	1	chr8-1762716-1765414	4
0.35697752165224	0.682873083568885	0.226	0.167	1	chr12-96046274-96049024	4
0.3571438465196	0.569121631910836	0.194	0.119	1	chr1-40691243-40693455	4
0.3571438465196	0.505457991840169	0.194	0.119	1	chr3-8505384-8507066	4
0.3571438465196	0.605870595487106	0.194	0.119	1	chr10-45000971-45002214	4
0.3571438465196	0.545586688628505	0.194	0.119	1	chr13-57648730-57649725	4
0.3571438465196	0.66729991010601	0.194	0.119	1	chr19-40920694-40921988	4
0.35760829263636	0.607152042405322	0.258	0.19	1	chr16-81094953-81097304	4
0.357656130970175	0.442268507361603	0.355	0.238	1	chr4-3291068-3294157	4
0.35767459477501	0.503959478422441	0.226	0.143	1	chr2-222859656-222863695	4
0.35767459477501	0.574689956057361	0.226	0.143	1	chr4-54280190-54282590	4
0.35767459477501	0.513994603723174	0.226	0.143	1	chr19-38361168-38362979	4
0.357973728909742	0.679050179984553	0.21	0.143	1	chr8-109642542-109645597	4
0.357973728909742	0.596690449308598	0.21	0.143	1	chr16-47846956-47848916	4
0.357973728909742	0.693686699198264	0.21	0.143	1	chr19-11813547-11815070	4
0.357973728909742	0.639935918174582	0.21	0.143	1	chr19-47047685-47049144	4
0.358352087204047	0.486661018114609	0.242	0.167	1	chr1-173714248-173716200	4
0.358352087204047	0.588005519629779	0.242	0.167	1	chr3-49118902-49121404	4
0.358352087204047	0.604352552369491	0.242	0.167	1	chr11-47407223-47409245	4
0.358352087204047	0.547381898498175	0.242	0.167	1	chr22-17987374-17989388	4
0.35862340747871	0.721750907127917	0.177	0.119	1	chrX-154428093-154429489	4
0.359011863605293	0.461481740251871	0.371	0.286	1	chr1-201395879-201401412	4
0.35906080799653	0.401031977970967	0.387	0.31	1	chr10-50621655-50626279	4
0.359332532463438	0.477063996697675	0.258	0.167	1	chr10-95560411-95562144	4
0.359332532463438	0.522950208193531	0.258	0.167	1	chr20-2767705-2769107	4
0.359802491231246	0.360726496774118	0.452	0.357	1	chr17-48046960-48049641	4
0.360083230449967	0.454622565360077	0.323	0.238	1	chr12-55926113-55928666	4
0.360263677485742	0.508199800130233	0.274	0.19	1	chr3-47162241-47165747	4
0.360874033151024	0.389976905889201	0.403	0.31	1	chr10-130109434-130112038	4
0.361672973877893	0.81429537933538	0.129	0.071	1	chr1-21781851-21784298	4
0.361672973877893	0.835479383097278	0.129	0.071	1	chr1-81678332-81679686	4
0.361672973877893	0.855169229317658	0.129	0.071	1	chr1-182068850-182069717	4
0.361672973877893	0.855269088362159	0.129	0.071	1	chr2-35650980-35652595	4
0.361672973877893	0.920763142439813	0.129	0.071	1	chr2-148509165-148509918	4
0.361672973877893	0.864316603452424	0.129	0.071	1	chr2-216497894-216500228	4
0.361672973877893	0.819253000553908	0.129	0.071	1	chr3-3015215-3016955	4
0.361672973877893	0.773707903475005	0.129	0.071	1	chr3-12867856-12869559	4
0.361672973877893	0.885934449052068	0.129	0.071	1	chr3-66481507-66483949	4
0.361672973877893	0.76765784126256	0.129	0.071	1	chr3-87358831-87360496	4
0.361672973877893	0.757628660461329	0.129	0.071	1	chr3-157125481-157126408	4
0.361672973877893	0.846554224800789	0.129	0.071	1	chr4-3789689-3790600	4
0.361672973877893	0.905608636837515	0.129	0.071	1	chr4-6990844-6994495	4
0.361672973877893	0.831146689018329	0.129	0.071	1	chr5-149320485-149321537	4
0.361672973877893	0.892116252461003	0.129	0.071	1	chr6-44236890-44238730	4
0.361672973877893	0.833237464995064	0.129	0.071	1	chr7-152898935-152900473	4
0.361672973877893	0.844133301077823	0.129	0.071	1	chr8-41643382-41644746	4
0.361672973877893	0.855618645421699	0.129	0.071	1	chr8-102161804-102163296	4
0.361672973877893	0.892373228917091	0.129	0.071	1	chr9-899329-900022	4
0.361672973877893	0.693839781646414	0.129	0.071	1	chr9-93468510-93469592	4
0.361672973877893	0.783927236275464	0.129	0.071	1	chr9-112439048-112440318	4
0.361672973877893	0.694507083249242	0.129	0.071	1	chr10-75512144-75513828	4
0.361672973877893	0.863064885370337	0.129	0.071	1	chr11-129189623-129192696	4
0.361672973877893	0.820188378838348	0.129	0.071	1	chr12-55019486-55020312	4
0.361672973877893	0.795672441571529	0.129	0.071	1	chr13-100533037-100534337	4
0.361672973877893	0.845165215321658	0.129	0.071	1	chr14-102319197-102320844	4
0.361672973877893	0.872944508332823	0.129	0.071	1	chr17-71176258-71177559	4
0.361672973877893	0.908575097930382	0.129	0.071	1	chr18-31198950-31200137	4
0.361672973877893	0.870434165625986	0.129	0.071	1	chr18-57747134-57749572	4
0.361672973877893	0.880366545156965	0.129	0.071	1	chr18-69795390-69796274	4
0.361672973877893	0.818796200780266	0.129	0.071	1	chr22-29301056-29303454	4
0.361672973877893	0.846822889296257	0.129	0.071	1	chrX-57120831-57121992	4
0.361930842924206	0.596242116864568	0.226	0.167	1	chr17-7931310-7933446	4
0.362317999737492	0.528993779121208	0.258	0.19	1	chr5-159188856-159190240	4
0.362317999737492	0.603116442741915	0.258	0.19	1	chr8-48920828-48922393	4
0.362317999737492	0.590306846384185	0.258	0.19	1	chrY-15454707-15456932	4
0.362541708973665	0.642799470418526	0.194	0.119	1	chr3-142148128-142150009	4
0.362541708973665	0.594711233551272	0.194	0.119	1	chr12-6987117-6989886	4
0.362541708973665	0.653833922313958	0.194	0.119	1	chr12-66301739-66303083	4
0.362730924188909	0.535758123907379	0.226	0.143	1	chr7-75914158-75916314	4
0.362760287829049	0.789883120830472	0.161	0.095	1	chr1-59926213-59927474	4
0.362760287829049	0.649065712660432	0.161	0.095	1	chr2-11743693-11745107	4
0.362760287829049	0.658890110585242	0.161	0.095	1	chr2-96786786-96789505	4
0.362760287829049	0.805975196672916	0.161	0.095	1	chr3-9148978-9150725	4
0.362760287829049	0.613378855176163	0.161	0.095	1	chr3-176855449-176856666	4
0.362760287829049	0.684025515800142	0.161	0.095	1	chr7-74635223-74636748	4
0.362760287829049	0.710883855693978	0.161	0.095	1	chr10-101353519-101355071	4
0.362760287829049	0.679527637550452	0.161	0.095	1	chr12-115003966-115005216	4
0.362760287829049	0.746873129215518	0.161	0.095	1	chr13-106143482-106145139	4
0.362760287829049	0.680412222765637	0.161	0.095	1	chr14-103561195-103564534	4
0.362760287829049	0.555600454912371	0.161	0.095	1	chr19-17214599-17216129	4
0.362760287829049	0.735841509685689	0.161	0.095	1	chrX-123803045-123804142	4
0.363097158223221	0.725656732417892	0.194	0.143	1	chr3-66729253-66730474	4
0.363138176246668	0.654627321841115	0.21	0.143	1	chr1-179929727-179932485	4
0.363138176246668	0.674305293998056	0.21	0.143	1	chr19-34644826-34645878	4
0.363227773069621	0.559520880531137	0.242	0.167	1	chr2-216411903-216413324	4
0.363227773069621	0.565007599978659	0.242	0.167	1	chr11-130762264-130763511	4
0.363233051973762	0.400182080264739	0.323	0.214	1	chr6-109093653-109096461	4
0.364133512743951	0.51033338990164	0.258	0.167	1	chr12-31748879-31750133	4
0.364133512743951	0.543200284151747	0.242	0.19	1	chr17-41972396-41973673	4
0.364174323101701	0.692817801554509	0.177	0.119	1	chr1-209825563-209828763	4
0.364174323101701	0.694533084355123	0.177	0.119	1	chr11-24457679-24458676	4
0.364174323101701	0.72618894323913	0.177	0.119	1	chr19-2095843-2097773	4
0.364446939430254	0.50097271257426	0.323	0.238	1	chr8-53734066-53736126	4
0.364446939430254	0.462345347139569	0.323	0.238	1	chr14-55270788-55272417	4
0.364557480477165	0.522354644931476	0.29	0.214	1	chr3-140941187-140943650	4
0.364923406033882	0.482245630646476	0.274	0.19	1	chr7-100538330-100540588	4
0.364923406033882	0.504617059010452	0.274	0.19	1	chr7-144834609-144836608	4
0.364923406033882	0.490986479471421	0.274	0.19	1	chr18-80032961-80036438	4
0.364923406033882	0.508426151374975	0.274	0.19	1	chr20-44208713-44212005	4
0.364923406033882	0.487622703768469	0.274	0.19	1	chr21-39347812-39350426	4
0.364923817932449	0.3242399431143	0.403	0.31	1	chr14-105489220-105493062	4
0.365381799259711	0.757533219138757	0.145	0.095	1	chr5-73280139-73281945	4
0.366927012534321	0.72958824189351	0.226	0.167	1	chr12-15881640-15883854	4
0.367228609344254	0.360152692261996	0.403	0.286	1	chr10-35640284-35643640	4
0.367831773452723	0.525225690348415	0.226	0.143	1	chr19-21396713-21397916	4
0.367990375847953	0.60223753847434	0.194	0.119	1	chr1-6958484-6961184	4
0.367990375847953	0.541207127661929	0.194	0.119	1	chr2-131681571-131683563	4
0.367990375847953	0.430218420820694	0.194	0.119	1	chr3-15063947-15065841	4
0.367990375847953	0.590101879876162	0.194	0.119	1	chr12-73383269-73385229	4
0.367990375847953	0.597946829114882	0.194	0.119	1	chr16-4182943-4184616	4
0.368026505882447	0.292295732093674	0.435	0.31	1	chr10-62815963-62818464	4
0.368144762624647	0.523992380608557	0.242	0.167	1	chr3-120741835-120744023	4
0.368144762624647	0.506836772881747	0.242	0.167	1	chr8-39918428-39919478	4
0.368144762624647	0.576919196920973	0.242	0.167	1	chr12-50166250-50168089	4
0.368241994341381	0.731130329379105	0.129	0.071	1	chr1-31412687-31415243	4
0.368241994341381	0.783012833283097	0.129	0.071	1	chr1-33455566-33456600	4
0.368241994341381	0.805856985044624	0.129	0.071	1	chr1-239321816-239322853	4
0.368241994341381	0.895102599584379	0.129	0.071	1	chr1-245298112-245299441	4
0.368241994341381	0.776148235167832	0.129	0.071	1	chr2-192194342-192196273	4
0.368241994341381	0.815583652210114	0.129	0.071	1	chr3-143593801-143594873	4
0.368241994341381	0.888354879659267	0.129	0.071	1	chr4-128398564-128399691	4
0.368241994341381	0.761249767346427	0.129	0.071	1	chr5-74156618-74157764	4
0.368241994341381	0.666180013231399	0.129	0.071	1	chr5-116733959-116735409	4
0.368241994341381	0.842134095416685	0.129	0.071	1	chr6-131649545-131653399	4
0.368241994341381	0.730174853235959	0.129	0.071	1	chr6-170224580-170226800	4
0.368241994341381	0.755363312511597	0.129	0.071	1	chr8-124201487-124202834	4
0.368241994341381	0.761818836266574	0.129	0.071	1	chr10-71212015-71213806	4
0.368241994341381	0.813873502032772	0.129	0.071	1	chr10-94544472-94547090	4
0.368241994341381	0.812532181830139	0.129	0.071	1	chr12-19164789-19167585	4
0.368241994341381	0.784591459457065	0.129	0.071	1	chr12-34218133-34219224	4
0.368241994341381	0.912200408049914	0.129	0.071	1	chr12-95737698-95738844	4
0.368241994341381	0.809188402199157	0.129	0.071	1	chr14-20714482-20715592	4
0.368241994341381	0.936583943115166	0.129	0.071	1	chr16-10944005-10945390	4
0.368241994341381	0.829484799200817	0.129	0.071	1	chr18-58262546-58263831	4
0.368241994341381	0.923068928184584	0.129	0.071	1	chr19-51904123-51905480	4
0.368241994341381	0.667874422332709	0.129	0.071	1	chr19-55516714-55517610	4
0.368241994341381	0.664398321867368	0.129	0.071	1	chr22-17152459-17153630	4
0.368241994341381	0.895107226627041	0.129	0.071	1	chr22-42082985-42083797	4
0.368241994341381	0.811109025142625	0.129	0.071	1	chr22-44497111-44498963	4
0.368241994341381	0.750567948270577	0.129	0.071	1	chr22-46649176-46650387	4
0.368241994341381	0.821308781843695	0.129	0.071	1	chrX-47802487-47803727	4
0.368349003816335	0.598002870338913	0.21	0.143	1	chr3-119462818-119464360	4
0.368349003816335	0.590432008956961	0.21	0.143	1	chr4-80072356-80073703	4
0.368349003816335	0.657395482320319	0.21	0.143	1	chr5-6765410-6767333	4
0.368349003816335	0.632821993909152	0.21	0.143	1	chr5-180860225-180862134	4
0.368349003816335	0.692970476743086	0.21	0.143	1	chr11-63985437-63987318	4
0.368349003816335	0.648203335442508	0.21	0.143	1	chr12-52800469-52801619	4
0.368349003816335	0.568659796603227	0.21	0.143	1	chr19-13019998-13023870	4
0.368423748221341	0.676368878159018	0.194	0.143	1	chr15-78437354-78439291	4
0.368678815138529	0.711943956162393	0.161	0.095	1	chr10-13989984-13991805	4
0.368678815138529	0.676491212385094	0.161	0.095	1	chr10-114820984-114824586	4
0.368678815138529	0.684531232003253	0.161	0.095	1	chr10-122979647-122981586	4
0.368678815138529	0.658710806633468	0.161	0.095	1	chr11-35821643-35823090	4
0.368678815138529	0.778421395127349	0.161	0.095	1	chr15-40511078-40513011	4
0.368678815138529	0.663541161312389	0.161	0.095	1	chr16-23182091-23183161	4
0.36897439660724	0.482335237313028	0.258	0.167	1	chr17-64974808-64976516	4
0.369121238454018	0.478216410428119	0.29	0.214	1	chr16-28821964-28825198	4
0.369121238454018	0.465527229773163	0.29	0.214	1	chr16-30874292-30877269	4
0.369778643305848	0.697694044861958	0.177	0.119	1	chr2-168454650-168458309	4
0.369778643305848	0.84831041057233	0.177	0.119	1	chr3-189943801-189945247	4
0.369778643305848	0.724067103190276	0.177	0.119	1	chr6-148746090-148748043	4
0.369778643305848	0.730404566298018	0.177	0.119	1	chr15-76335838-76337663	4
0.369778643305848	0.748623445075874	0.177	0.119	1	chrX-78138681-78140237	4
0.370042415138549	0.360191002252583	0.419	0.333	1	chr19-5902748-5905549	4
0.371026995568732	0.434878376750119	0.355	0.262	1	chr3-42599800-42602635	4
0.37152143155371	0.990246052407129	0.145	0.095	1	chr8-91248729-91250760	4
0.371853335201457	0.572871185022959	0.258	0.19	1	chr19-11639230-11640674	4
0.372977057232226	0.428511005375476	0.226	0.143	1	chr20-3203021-3205129	4
0.373040032018957	0.370785048969824	0.306	0.214	1	chr17-80277367-80280452	4
0.373102978954043	0.547703537798435	0.242	0.167	1	chr5-65562524-65564930	4
0.373102978954043	0.565416306289233	0.242	0.167	1	chr7-158827817-158830604	4
0.373102978954043	0.443503962410131	0.242	0.167	1	chr10-22315544-22317379	4
0.373489743159308	0.501055052090555	0.194	0.119	1	chr15-89138780-89140762	4
0.373489743159308	0.633526631732989	0.194	0.119	1	chr17-58692105-58693294	4
0.373490902430323	0.397941583384521	0.371	0.262	1	chr1-247103326-247104988	4
0.373606119993341	0.636519080563281	0.21	0.143	1	chr1-229624523-229627372	4
0.373606119993341	0.61652531983308	0.21	0.143	1	chr3-37348627-37350534	4
0.373606119993341	0.606303565377604	0.21	0.143	1	chr5-178230517-178233408	4
0.373606119993341	0.62349404563	0.21	0.143	1	chr6-10411411-10415622	4
0.373606119993341	0.639906961692024	0.21	0.143	1	chr7-148844-150448	4
0.373606119993341	0.578193905643491	0.21	0.143	1	chr7-42886324-42889645	4
0.373720359519416	0.484826372352703	0.29	0.214	1	chr17-58005396-58008260	4
0.374166306140637	0.592143429765925	0.274	0.214	1	chr10-75399557-75404225	4
0.374355196525086	0.438364716745948	0.274	0.19	1	chr2-44167383-44169960	4
0.374355196525086	0.381416390451303	0.274	0.19	1	chr9-109117828-109120592	4
0.374657055170675	0.693344183188535	0.161	0.095	1	chr1-13748517-13750200	4
0.374657055170675	0.441456755020526	0.161	0.095	1	chr1-67645417-67647810	4
0.374657055170675	0.674960977176566	0.161	0.095	1	chr1-116002056-116003413	4
0.374657055170675	0.663634891685307	0.161	0.095	1	chr3-122563648-122565393	4
0.374657055170675	0.664037960805905	0.161	0.095	1	chr3-129245090-129246393	4
0.374657055170675	0.718837827386723	0.161	0.095	1	chr4-8556124-8556990	4
0.374657055170675	0.691100322354909	0.161	0.095	1	chr4-25860817-25863468	4
0.374657055170675	0.683766937288592	0.161	0.095	1	chr5-179906639-179908526	4
0.374657055170675	0.636524284061848	0.161	0.095	1	chr7-96508235-96509091	4
0.374657055170675	0.552844603434345	0.161	0.095	1	chr9-5449633-5451078	4
0.374657055170675	0.698424375313443	0.161	0.095	1	chr9-127023115-127025349	4
0.374657055170675	0.670785138900269	0.161	0.095	1	chr10-60038914-60044189	4
0.374657055170675	0.705018526963774	0.161	0.095	1	chr10-77305199-77306542	4
0.374657055170675	0.60999004477085	0.161	0.095	1	chr12-120316713-120318264	4
0.374657055170675	0.832174319722062	0.161	0.095	1	chr13-113980839-113981854	4
0.374657055170675	0.48829778010827	0.161	0.095	1	chr15-65295576-65296770	4
0.374657055170675	0.662683723948895	0.161	0.095	1	chr19-6530365-6531506	4
0.374851105307618	0.317096899461996	0.355	0.238	1	chr3-52685102-52689976	4
0.374884779459709	0.734631589775929	0.129	0.071	1	chr1-67458614-67459926	4
0.374884779459709	0.829023518482773	0.129	0.071	1	chr1-84944591-84945593	4
0.374884779459709	0.67307691458713	0.129	0.071	1	chr1-109781747-109783990	4
0.374884779459709	0.763434828818316	0.129	0.071	1	chr1-230863079-230864702	4
0.374884779459709	0.818062519125636	0.129	0.071	1	chr1-235006642-235007524	4
0.374884779459709	0.854271704977403	0.129	0.071	1	chr3-175246852-175249227	4
0.374884779459709	0.755723474254221	0.129	0.071	1	chr5-79240236-79242063	4
0.374884779459709	0.844079839576847	0.129	0.071	1	chr5-95780839-95781849	4
0.374884779459709	0.651141410249397	0.129	0.071	1	chr5-102754491-102756451	4
0.374884779459709	0.868626201323082	0.129	0.071	1	chr6-4133354-4136886	4
0.374884779459709	0.815457734175682	0.129	0.071	1	chr6-5302662-5303944	4
0.374884779459709	0.774951640519979	0.129	0.071	1	chr9-87450915-87451926	4
0.374884779459709	0.827617901393974	0.129	0.071	1	chr9-120841992-120843947	4
0.374884779459709	0.861455732383169	0.129	0.071	1	chr10-35250292-35252375	4
0.374884779459709	0.697324427410129	0.129	0.071	1	chr10-103191876-103194638	4
0.374884779459709	0.752645097326224	0.129	0.071	1	chr11-12050124-12051729	4
0.374884779459709	0.55315927513013	0.129	0.071	1	chr11-128521809-128523028	4
0.374884779459709	0.760194134759734	0.129	0.071	1	chr12-34345876-34349504	4
0.374884779459709	0.849057981438507	0.129	0.071	1	chr12-56257121-56259095	4
0.374884779459709	0.733277835778971	0.129	0.071	1	chr12-119669619-119670824	4
0.374884779459709	0.684280889373855	0.129	0.071	1	chr18-25089268-25090484	4
0.374884779459709	0.853116365926825	0.129	0.071	1	chr18-80249129-80250349	4
0.374884779459709	0.755092720889558	0.129	0.071	1	chr19-1081759-1083894	4
0.374884779459709	0.775416641356979	0.129	0.071	1	chr19-41363570-41364724	4
0.374884779459709	0.763011702221336	0.129	0.071	1	chr22-31080309-31082084	4
0.374884779459709	0.806990336238204	0.129	0.071	1	chr22-50250082-50252746	4
0.37570667004488	0.429983348700973	0.355	0.333	1	chr12-92140886-92146941	4
0.377418455623522	0.285674004176623	0.435	0.333	1	chr19-56836851-56841031	4
0.377609393018072	0.426052203136028	0.306	0.214	1	chr5-151252264-151254113	4
0.377609393018072	0.404636848727401	0.306	0.214	1	chr16-67183010-67185737	4
0.37772465371743	1.12988304318611	0.145	0.095	1	chr1-229886826-229889976	4
0.37772465371743	0.815466048783035	0.145	0.095	1	chr1-235738701-235739772	4
0.37772465371743	0.844917981292693	0.145	0.095	1	chr14-49594270-49595449	4
0.37772465371743	1.00065639644702	0.145	0.095	1	chr19-57190955-57192523	4
0.377735246107251	0.484526432677972	0.323	0.238	1	chr11-103108748-103110634	4
0.377772806068135	0.381192493400827	0.371	0.262	1	chr10-46551937-46553757	4
0.378354775360387	0.481486734487669	0.29	0.214	1	chr1-226132433-226136239	4
0.378354775360387	0.454260316549111	0.29	0.214	1	chr4-186722780-186727547	4
0.378354775360387	0.548224320070076	0.29	0.214	1	chr7-6373633-6376436	4
0.378775570325887	0.378132519327218	0.258	0.167	1	chr2-156181294-156182855	4
0.378909423350995	0.626584374447734	0.21	0.143	1	chr5-134845306-134847753	4
0.378909423350995	0.654942860409596	0.21	0.143	1	chr16-31450858-31455784	4
0.378909423350995	0.471786165571274	0.21	0.143	1	chr16-68704071-68704982	4
0.37903969517411	0.600107296728852	0.194	0.119	1	chr1-63366908-63368561	4
0.37903969517411	0.495872067479637	0.194	0.119	1	chr11-70397416-70400237	4
0.37903969517411	0.50095121230663	0.194	0.119	1	chr12-42323777-42327247	4
0.380694857397353	0.705154780107964	0.161	0.095	1	chr1-66929528-66931224	4
0.380694857397353	0.668514095885472	0.161	0.095	1	chr1-100451025-100453545	4
0.380694857397353	0.661174034495711	0.161	0.095	1	chr2-200509153-200510780	4
0.380694857397353	0.595323283771474	0.161	0.095	1	chr5-42811269-42812671	4
0.380694857397353	0.416244256205231	0.161	0.095	1	chr9-78310161-78313718	4
0.380694857397353	0.615411317542778	0.161	0.095	1	chr13-77042479-77043400	4
0.380694857397353	0.62762773416122	0.161	0.095	1	chr19-48713186-48714817	4
0.381147019907212	0.766744597611547	0.177	0.119	1	chr1-39394244-39396124	4
0.381147019907212	0.705723942523152	0.177	0.119	1	chr5-97139942-97141447	4
0.381147019907212	0.650367229398287	0.177	0.119	1	chr15-65285829-65287467	4
0.381147019907212	0.613058753292238	0.177	0.119	1	chr16-28621405-28623960	4
0.381147019907212	0.717382396077549	0.177	0.119	1	chr19-12680695-12682353	4
0.381147019907212	0.732802469406479	0.177	0.119	1	chr20-40286235-40288075	4
0.381147019907212	0.711084646400288	0.177	0.119	1	chrX-71067246-71069172	4
0.381232699627871	0.437428120816554	0.29	0.19	1	chr16-19554828-19556712	4
0.381428806635803	0.391797215778893	0.339	0.262	1	chr3-150407218-150411457	4
0.381601123004753	0.796234900665079	0.129	0.071	1	chr1-27601195-27604665	4
0.381601123004753	0.730929310677575	0.129	0.071	1	chr1-220917138-220919444	4
0.381601123004753	0.763314798642682	0.129	0.071	1	chr2-132268136-132269024	4
0.381601123004753	0.868840693226686	0.129	0.071	1	chr2-165067781-165068559	4
0.381601123004753	0.600333557897308	0.129	0.071	1	chr2-219552023-219553286	4
0.381601123004753	0.628808691523181	0.129	0.071	1	chr3-132218277-132219931	4
0.381601123004753	0.742344872488155	0.129	0.071	1	chr4-761892-767322	4
0.381601123004753	0.761282817988058	0.129	0.071	1	chr4-102429501-102431781	4
0.381601123004753	0.69780447206015	0.129	0.071	1	chr4-129747397-129748402	4
0.381601123004753	0.719889636623778	0.129	0.071	1	chr5-165201248-165203125	4
0.381601123004753	0.709056304442173	0.129	0.071	1	chr7-33107317-33110217	4
0.381601123004753	0.742187766992429	0.129	0.071	1	chr7-113501181-113502271	4
0.381601123004753	0.71583843186924	0.129	0.071	1	chr8-98305739-98306871	4
0.381601123004753	0.72582145755351	0.129	0.071	1	chr10-104349452-104351383	4
0.381601123004753	0.793561570594995	0.129	0.071	1	chr11-2325361-2326384	4
0.381601123004753	0.715089584352327	0.129	0.071	1	chr11-49173860-49176272	4
0.381601123004753	0.621429901151024	0.129	0.071	1	chr11-65662195-65664102	4
0.381601123004753	0.78868721876487	0.129	0.071	1	chr12-26100768-26102001	4
0.381601123004753	0.74966064312649	0.129	0.071	1	chr12-122203025-122204256	4
0.381601123004753	0.718723357823446	0.129	0.071	1	chr13-112990229-112991427	4
0.381601123004753	0.713183760291118	0.129	0.071	1	chr15-65086178-65088876	4
0.381601123004753	0.83207046141539	0.129	0.071	1	chr16-81644950-81646082	4
0.381601123004753	0.796258708860645	0.129	0.071	1	chr17-82212020-82213929	4
0.381601123004753	0.902282407976196	0.129	0.071	1	chr17-82751144-82753153	4
0.381601123004753	0.755499517397367	0.129	0.071	1	chr19-13905832-13907052	4
0.381601123004753	0.785136042117568	0.129	0.071	1	chr20-45345398-45348788	4
0.381601123004753	0.730593191135229	0.129	0.071	1	chr22-20981200-20983253	4
0.381601123004753	0.744815218939166	0.129	0.071	1	chr22-31635561-31636353	4
0.382171778420276	0.669506659836466	0.226	0.167	1	chr3-72316705-72319340	4
0.382171778420276	0.685908265464854	0.226	0.167	1	chr3-106676913-106679735	4
0.382213085137394	0.464275419823196	0.306	0.214	1	chr5-67003614-67005636	4
0.383400541835712	0.514533280343348	0.226	0.143	1	chr16-67520764-67522126	4
0.383735689600308	0.354371320087779	0.258	0.167	1	chr1-205274743-205275866	4
0.383908209104484	0.351138327165726	0.387	0.31	1	chr16-29804035-29809504	4
0.383991291132977	0.879230683421864	0.145	0.095	1	chr4-26372079-26373757	4
0.383991291132977	0.80850069125714	0.145	0.095	1	chr8-129984006-129986247	4
0.383991291132977	0.834108380750745	0.145	0.095	1	chr12-47781561-47782734	4
0.383991291132977	0.942942633982522	0.145	0.095	1	chr17-28854250-28855483	4
0.383991291132977	0.85939735449314	0.145	0.095	1	chr20-54070039-54071810	4
0.384258802604274	0.612326140696745	0.21	0.143	1	chr1-214515822-214517561	4
0.384258802604274	0.63995376603166	0.21	0.143	1	chr2-169478990-169480315	4
0.384258802604274	0.615471001596411	0.21	0.143	1	chr7-12403057-12404838	4
0.384258802604274	0.596605831181443	0.21	0.143	1	chr7-42931066-42933711	4
0.384258802604274	0.530387168741773	0.21	0.143	1	chr9-68492403-68493606	4
0.384258802604274	0.572470529405074	0.21	0.143	1	chr15-85793455-85795568	4
0.384258802604274	0.575089175105908	0.21	0.143	1	chr18-45966644-45968139	4
0.384640104336483	0.573238413805091	0.194	0.119	1	chr4-103018611-103020388	4
0.384640104336483	0.578606606780406	0.194	0.119	1	chr8-27340176-27341298	4
0.384640104336483	0.651607011563443	0.194	0.119	1	chr9-135960107-135962506	4
0.385595853678883	0.400557401418503	0.403	0.31	1	chr14-22928372-22930945	4
0.385988828909631	0.368747275404196	0.29	0.19	1	chr3-134484160-134487740	4
0.386445016289484	0.53098522008176	0.258	0.19	1	chr1-94657749-94658790	4
0.38675781383977	0.440760048370499	0.323	0.238	1	chr10-102853789-102855001	4
0.386792054862497	0.564758054955496	0.161	0.095	1	chr1-34849916-34853335	4
0.386792054862497	0.682213892551027	0.161	0.095	1	chr2-221571669-221574243	4
0.386792054862497	0.633176929982981	0.161	0.095	1	chr3-120595774-120596992	4
0.386792054862497	0.492026095155605	0.161	0.095	1	chr5-108277666-108281248	4
0.386792054862497	0.654257869965859	0.161	0.095	1	chr10-104352064-104354178	4
0.386792054862497	0.467731602248022	0.161	0.095	1	chr16-71461540-71462675	4
0.386792054862497	0.561848050068318	0.161	0.095	1	chr17-82874108-82877381	4
0.386851032496567	0.45640035591009	0.306	0.214	1	chr2-157875037-157877728	4
0.386910804884959	0.6535129510943	0.177	0.119	1	chr1-202553375-202555222	4
0.386910804884959	0.721804938285798	0.177	0.119	1	chr5-36605946-36607534	4
0.386910804884959	0.653383605953136	0.177	0.119	1	chr6-33453529-33455329	4
0.386910804884959	0.751461613335058	0.177	0.119	1	chr10-1055650-1058541	4
0.386910804884959	0.728703989939938	0.177	0.119	1	chr22-17600722-17601692	4
0.387338466499789	0.396129244725715	0.242	0.143	1	chr1-26233499-26235318	4
0.387338466499789	0.658997884017768	0.226	0.167	1	chr2-55047739-55051681	4
0.387729189299137	0.478033818732017	0.29	0.214	1	chr5-112920710-112922831	4
0.3882241026056	0.409575512592834	0.242	0.167	1	chr1-212665111-212666086	4
0.3882241026056	0.529074017941421	0.242	0.167	1	chr2-27355498-27357815	4
0.3882241026056	0.538709949270133	0.242	0.167	1	chr3-53346919-53348360	4
0.388390793681802	0.831706554562862	0.129	0.071	1	chr1-200118559-200119825	4
0.388390793681802	0.805904273605621	0.129	0.071	1	chr2-236818329-236818859	4
0.388390793681802	0.79991139601269	0.129	0.071	1	chr3-75603940-75605221	4
0.388390793681802	0.739573966513777	0.129	0.071	1	chr6-11434004-11435526	4
0.388390793681802	0.734626923684298	0.129	0.071	1	chr7-704974-706252	4
0.388390793681802	0.682151379818411	0.129	0.071	1	chr7-131007148-131008091	4
0.388390793681802	0.749992828171318	0.129	0.071	1	chr8-3691075-3692311	4
0.388390793681802	0.757793875679406	0.129	0.071	1	chr8-28799257-28801116	4
0.388390793681802	0.814647642248035	0.129	0.071	1	chr10-33508857-33510373	4
0.388390793681802	0.65971183955658	0.129	0.071	1	chr13-112586932-112588740	4
0.388390793681802	0.716167517139882	0.129	0.071	1	chr14-101759936-101762518	4
0.388390793681802	0.696964667123717	0.129	0.071	1	chr17-72431962-72433884	4
0.388390793681802	0.60819006449664	0.129	0.071	1	chr19-32372606-32374745	4
0.388390793681802	0.775186636627524	0.129	0.071	1	chr21-33490795-33492308	4
0.388390793681802	0.649760686503517	0.129	0.071	1	chr22-28783594-28784994	4
0.388456188266161	0.369791832685106	0.387	0.286	1	chr1-87327571-87332678	4
0.388456188266161	0.354743798632002	0.387	0.286	1	chr5-5420302-5423669	4
0.388678526673093	0.534534143522057	0.226	0.143	1	chr8-18208833-18210845	4
0.388735371219721	0.617523703265075	0.242	0.19	1	chr13-27619265-27622741	4
0.388782589225951	0.283957455381039	0.274	0.19	1	chr6-157322757-157324407	4
0.3896541365561	0.546570156652967	0.21	0.143	1	chr12-52650321-52651643	4
0.3896541365561	0.567901937285061	0.21	0.143	1	chr15-64460112-64462357	4
0.390290831200875	0.479870277823327	0.194	0.119	1	chr4-8533781-8535040	4
0.390290831200875	0.549723566575211	0.194	0.119	1	chr15-78208844-78210844	4
0.390308484066967	0.394219804261963	0.339	0.262	1	chr3-32104335-32107778	4
0.390308484066967	0.411078676919014	0.339	0.262	1	chr22-40635687-40637581	4
0.390321150449539	0.874628992367633	0.145	0.095	1	chr7-55046635-55049104	4
0.390321150449539	0.862528590568233	0.145	0.095	1	chr11-61331999-61334298	4
0.390321150449539	0.856211712223007	0.145	0.095	1	chr15-73051246-73053609	4
0.390321150449539	0.81352452235579	0.145	0.095	1	chr18-24362663-24363478	4
0.390321150449539	0.81709101963645	0.145	0.095	1	chr22-45237619-45241491	4
0.390372369070651	0.385420978998734	0.323	0.214	1	chr1-11261811-11263437	4
0.390372369070651	0.485091649526508	0.306	0.238	1	chr11-2990264-2993330	4
0.391317757650312	0.37244142285496	0.403	0.333	1	chr19-38898769-38901303	4
0.391317757650312	0.376142865506063	0.387	0.357	1	chr3-113694910-113698224	4
0.391385542757457	0.527939751995012	0.258	0.19	1	chr16-50152009-50155841	4
0.392727451450475	0.693960675078019	0.177	0.119	1	chr1-205946513-205947672	4
0.392727451450475	0.654572457456987	0.177	0.119	1	chr2-110770212-110772528	4
0.392727451450475	0.671079036596598	0.177	0.119	1	chr6-38974332-38976391	4
0.392727451450475	0.704989151342302	0.177	0.119	1	chr9-5435908-5438516	4
0.392727451450475	0.647473228131017	0.177	0.119	1	chr12-120394214-120395237	4
0.392727451450475	0.732424914425188	0.177	0.119	1	chr16-81035289-81037233	4
0.392727451450475	0.634457026062614	0.177	0.119	1	chr19-54207692-54210718	4
0.392727451450475	0.784118334168294	0.177	0.119	1	chr20-23360716-23363873	4
0.392862962797268	0.364329775152314	0.355	0.262	1	chr9-20683250-20685794	4
0.392948464082234	0.590863233727664	0.161	0.095	1	chr3-14460316-14462165	4
0.392948464082234	0.584116795534024	0.161	0.095	1	chr6-132797915-132799626	4
0.392948464082234	0.669918195776405	0.161	0.095	1	chr7-110155152-110156108	4
0.392948464082234	0.445560391486654	0.161	0.095	1	chr20-49218765-49220560	4
0.392959560986987	0.35003464676704	0.387	0.262	1	chr1-50967383-50971222	4
0.393346300816537	0.500833602893198	0.242	0.167	1	chr1-183804136-183806649	4
0.393346300816537	0.512352918691345	0.242	0.167	1	chr5-135232699-135235647	4
0.393346300816537	0.51526442749819	0.242	0.167	1	chr21-42495276-42497190	4
0.3940005139582	0.310466119742796	0.226	0.143	1	chr3-133452464-133454089	4
0.394061131121153	0.327185993969917	0.403	0.31	1	chr1-204083409-204086402	4
0.394061131121153	0.29840193586346	0.403	0.31	1	chr8-73970627-73973286	4
0.394940449303765	0.377279525078698	0.435	0.357	1	chr15-78506868-78508572	4
0.395095294046999	0.597724850168459	0.21	0.143	1	chr1-64343046-64344406	4
0.395095294046999	0.552425202216475	0.21	0.143	1	chr3-187738731-187741444	4
0.395095294046999	0.508330803247965	0.21	0.143	1	chr14-22588770-22590298	4
0.395095294046999	0.54106569444469	0.21	0.143	1	chr14-53151487-53153926	4
0.395095294046999	0.545293325585794	0.21	0.143	1	chr16-69186369-69188788	4
0.395095294046999	0.57765853657354	0.21	0.143	1	chr17-8435231-8437064	4
0.395095294046999	0.623805700127617	0.21	0.143	1	chr19-30663753-30665206	4
0.395095294046999	0.601314013380815	0.21	0.143	1	chr20-45811769-45813391	4
0.395253534961406	0.546797466460855	0.129	0.071	1	chr1-5597046-5599160	4
0.395253534961406	0.66804664500903	0.129	0.071	1	chr1-16913365-16914898	4
0.395253534961406	0.689986511387441	0.129	0.071	1	chr1-46643034-46644003	4
0.395253534961406	0.763248434431433	0.129	0.071	1	chr1-76686829-76688179	4
0.395253534961406	0.592981934167717	0.129	0.071	1	chr2-61763501-61765012	4
0.395253534961406	0.683420880387885	0.129	0.071	1	chr2-156483268-156484683	4
0.395253534961406	0.757236384853075	0.129	0.071	1	chr2-169823962-169825418	4
0.395253534961406	0.634495541817472	0.129	0.071	1	chr3-13106275-13107449	4
0.395253534961406	0.544647850877245	0.129	0.071	1	chr3-61634441-61635349	4
0.395253534961406	0.560026591430642	0.129	0.071	1	chr4-125095924-125097130	4
0.395253534961406	0.771752478492558	0.129	0.071	1	chr8-70950996-70952216	4
0.395253534961406	0.735063940910525	0.129	0.071	1	chr10-60942322-60944527	4
0.395253534961406	0.824980193999191	0.129	0.071	1	chr11-13329647-13330527	4
0.395253534961406	0.63735087169793	0.129	0.071	1	chr11-64250818-64252875	4
0.395253534961406	0.710635966406027	0.129	0.071	1	chr13-40159557-40160534	4
0.395253534961406	0.808477141464745	0.129	0.071	1	chr14-90726249-90727349	4
0.395253534961406	0.51611694575923	0.129	0.071	1	chr15-67839109-67841348	4
0.395253534961406	0.68476388214413	0.129	0.071	1	chr18-7941114-7942221	4
0.395253534961406	0.72482012668804	0.129	0.071	1	chrX-135003699-135004735	4
0.395779823090746	0.652983716358279	0.194	0.143	1	chr1-11272450-11274274	4
0.395910667361106	0.363995357933911	0.323	0.238	1	chr9-129173764-129178871	4
0.395991724369082	0.568410770551494	0.194	0.119	1	chr1-9428437-9429670	4
0.395991724369082	0.529474263163757	0.194	0.119	1	chr14-58243764-58246407	4
0.395991724369082	0.525926271403699	0.194	0.119	1	chr17-18257231-18259293	4
0.396584441820139	0.418306900626791	0.323	0.262	1	chr14-77698805-77700222	4
0.396714019470648	0.876230228107667	0.145	0.095	1	chr10-37789270-37790608	4
0.396714019470648	0.846609210936857	0.145	0.095	1	chr16-234231-235944	4
0.396717186840791	0.36018392457813	0.387	0.31	1	chr14-50310812-50313629	4
0.397243818119971	0.416329174359513	0.29	0.214	1	chr19-54461387-54465276	4
0.397243818119971	0.519720141996902	0.29	0.214	1	chr21-14382409-14384187	4
0.39741310338342	0.355872078192164	0.355	0.286	1	chr9-93450109-93454200	4
0.397798827855268	0.658498552134198	0.226	0.167	1	chr18-23502484-23504503	4
0.398053480763985	0.352805971978899	0.435	0.333	1	chr14-58296416-58300200	4
0.398509223827347	0.545118316650919	0.242	0.167	1	chr7-120852253-120853416	4
0.398509223827347	0.388375383977172	0.242	0.167	1	chr14-104752220-104754450	4
0.398586295300699	0.464379931237732	0.274	0.19	1	chr11-114438398-114441943	4
0.398596790911294	0.635259062062016	0.177	0.119	1	chr2-11654426-11657196	4
0.398596790911294	0.650076267843963	0.177	0.119	1	chr4-94332921-94335512	4
0.398596790911294	0.620682646422927	0.177	0.119	1	chr5-17951124-17952662	4
0.398596790911294	0.64418986657775	0.177	0.119	1	chr11-46616482-46618528	4
0.398596790911294	0.70755937731256	0.177	0.119	1	chr17-68289346-68293221	4
0.398596790911294	0.61998508062489	0.177	0.119	1	chr19-57947153-57948228	4
0.398596790911294	0.684773331956317	0.177	0.119	1	chr19-58278115-58279688	4
0.398596790911294	0.672213931094267	0.177	0.119	1	chrX-46903406-46904438	4
0.399163884952318	0.646577408696065	0.161	0.095	1	chr1-98429650-98430726	4
0.399163884952318	0.603079184331253	0.161	0.095	1	chr7-50066830-50070301	4
0.399163884952318	0.540504852514366	0.161	0.095	1	chr16-83926390-83927555	4
0.399366372754487	0.492073007661843	0.226	0.143	1	chr16-30334340-30336046	4
0.399366372754487	0.378124108540692	0.226	0.143	1	chr17-44688920-44691656	4
0.400535746322761	0.393757958517235	0.323	0.238	1	chr9-92764078-92766139	4
0.400582133908197	0.569492210051435	0.21	0.143	1	chr7-151551900-151553498	4
0.400582133908197	0.54718447413928	0.21	0.143	1	chr9-78166839-78168112	4
0.400582133908197	0.547922524316999	0.21	0.143	1	chr12-1593273-1595427	4
0.400582133908197	0.593162132397558	0.21	0.143	1	chr12-106985552-106988303	4
0.400582133908197	0.632326379422786	0.21	0.143	1	chr14-20608986-20610843	4
0.400582133908197	0.478039479924145	0.21	0.143	1	chr20-11890291-11892690	4
0.400582133908197	0.519839392095033	0.21	0.143	1	chr20-23203346-23206518	4
0.400969564366142	0.295639144249077	0.306	0.214	1	chr2-232696571-232698242	4
0.400969564366142	0.342506091302549	0.306	0.214	1	chr3-14946675-14949216	4
0.401380939970229	0.534673883455361	0.258	0.19	1	chr1-220335308-220337986	4
0.401394751432064	0.645614425255734	0.194	0.143	1	chr20-33650208-33651875	4
0.401394751432064	0.690683097113292	0.194	0.143	1	chr22-30356014-30357645	4
0.401742620431782	0.411142083552461	0.194	0.119	1	chr3-120147051-120148524	4
0.401742620431782	0.520909095241435	0.194	0.119	1	chr5-154193348-154195141	4
0.401742620431782	0.446860734377473	0.194	0.119	1	chr5-159416146-159417314	4
0.401742620431782	0.522257588633349	0.194	0.119	1	chr11-101914331-101916058	4
0.401811070747934	0.494320403985381	0.339	0.286	1	chr1-77975584-77980472	4
0.402053480679872	0.437343405867813	0.29	0.214	1	chr7-76045445-76049614	4
0.402053480679872	0.367303783304885	0.29	0.214	1	chr14-69397324-69399292	4
0.402189064925004	0.502294379364374	0.129	0.071	1	chr2-54330024-54331382	4
0.402189064925004	0.63138670964453	0.129	0.071	1	chr2-216132493-216133421	4
0.402189064925004	0.422352701826427	0.129	0.071	1	chr3-12544121-12546157	4
0.402189064925004	0.714861080027967	0.129	0.071	1	chr3-152211452-152212268	4
0.402189064925004	0.685264642979885	0.129	0.071	1	chr3-154705934-154707526	4
0.402189064925004	0.66454271881795	0.129	0.071	1	chr3-182738615-182741245	4
0.402189064925004	0.660822609604572	0.129	0.071	1	chr4-57131821-57132994	4
0.402189064925004	0.750999236435365	0.129	0.071	1	chr7-73737749-73739730	4
0.402189064925004	0.708370726955017	0.129	0.071	1	chr10-89391813-89393499	4
0.402189064925004	0.706421582569054	0.129	0.071	1	chr15-91261049-91262084	4
0.402189064925004	0.616340641183274	0.129	0.071	1	chr18-79246182-79247035	4
0.402189064925004	0.667154346916957	0.129	0.071	1	chr19-23914266-23915543	4
0.402189064925004	0.637885796009587	0.129	0.071	1	chr19-55656658-55657805	4
0.402189064925004	0.584626723519667	0.129	0.071	1	chr20-59519142-59519899	4
0.402189064925004	0.666007590221642	0.129	0.071	1	chr22-42368412-42370066	4
0.402189064925004	0.692075497856507	0.129	0.071	1	chr22-48427843-48429146	4
0.403169667050381	0.798413832206031	0.145	0.095	1	chr1-26959166-26961320	4
0.403169667050381	0.76591525317731	0.145	0.095	1	chr3-67791485-67792350	4
0.403169667050381	0.750351331330054	0.145	0.095	1	chr7-50417952-50418696	4
0.403169667050381	0.833244152680577	0.145	0.095	1	chr10-91787493-91789241	4
0.403169667050381	0.803876605430472	0.145	0.095	1	chr12-54378741-54380261	4
0.403169667050381	0.875212440067854	0.145	0.095	1	chr12-132709688-132711971	4
0.403169667050381	0.708660728282588	0.145	0.095	1	chr15-40937727-40938647	4
0.403543478415986	0.441396775212359	0.274	0.19	1	chr18-9365970-9366830	4
0.403543478415986	0.336515955887073	0.274	0.19	1	chr19-55165730-55167815	4
0.403712747496557	0.489263904041033	0.242	0.167	1	chr3-25782343-25784428	4
0.403712747496557	0.488610391467703	0.242	0.167	1	chr6-125197011-125199085	4
0.403712747496557	0.528305584694845	0.242	0.167	1	chr16-3500471-3502860	4
0.404180977894887	0.366432328585772	0.452	0.357	1	chr12-113220440-113223705	4
0.404392290460764	0.393210217994597	0.306	0.238	1	chr20-13638113-13639596	4
0.404518641261067	0.705311663568998	0.177	0.119	1	chr3-126472050-126473265	4
0.404518641261067	0.624621303136691	0.177	0.119	1	chr8-47260210-47261930	4
0.404518641261067	0.602183542430104	0.177	0.119	1	chr8-115987285-115988776	4
0.404518641261067	0.638467654476629	0.177	0.119	1	chr9-37650520-37651793	4
0.404518641261067	0.636159273371672	0.177	0.119	1	chr12-124392341-124393856	4
0.404518641261067	0.669831904889362	0.177	0.119	1	chr14-99578403-99580663	4
0.404518641261067	0.617512369881136	0.177	0.119	1	chr20-29877734-29879410	4
0.405193140656305	0.277478756171243	0.323	0.238	1	chr2-170928369-170930939	4
0.405438100662988	0.491690512973732	0.161	0.095	1	chr1-16607876-16609022	4
0.405438100662988	0.512053544679318	0.161	0.095	1	chr6-37169172-37172806	4
0.405438100662988	0.47596401235291	0.161	0.095	1	chr9-6014838-6016282	4
0.405438100662988	0.527845968937251	0.161	0.095	1	chr14-54772943-54774639	4
0.405438100662988	0.524831692752616	0.161	0.095	1	chr20-18287517-18289362	4
0.405438100662988	0.405702233096151	0.161	0.095	1	chr20-35302046-35304473	4
0.40574366326755	0.421866027643897	0.306	0.214	1	chr1-27348945-27350514	4
0.40574366326755	0.442137507682063	0.306	0.214	1	chr19-40603279-40606768	4
0.406114504918208	0.554316136129507	0.21	0.143	1	chr2-84515771-84517071	4
0.406114504918208	0.578036943464608	0.21	0.143	1	chr2-215206333-215208253	4
0.406114504918208	0.600761801296468	0.21	0.143	1	chr5-77490970-77493010	4
0.406114504918208	0.535181057333546	0.21	0.143	1	chr16-28862373-28864890	4
0.406435584725445	0.562589293937512	0.258	0.19	1	chr2-127700231-127703459	4
0.406897906308021	0.41757273557464	0.29	0.214	1	chr15-66386036-66388340	4
0.407034770345662	0.266788653891553	0.452	0.381	1	chr5-95959461-95962410	4
0.407149919204115	0.978557801152756	0.113	0.071	1	chr7-23331952-23333548	4
0.407149919204115	1.07610259100734	0.113	0.071	1	chr7-99979686-99980987	4
0.407149919204115	1.02435879165183	0.113	0.071	1	chr10-126386921-126388660	4
0.407543343914672	0.55081793895854	0.194	0.119	1	chr1-154991323-154996716	4
0.407543343914672	0.517461771501385	0.194	0.119	1	chr6-2244648-2246851	4
0.408143391675337	0.454520643316042	0.29	0.238	1	chr3-32684268-32686121	4
0.408212290817719	0.265469039576964	0.484	0.381	1	chr3-183634974-183637573	4
0.408427651381462	0.579566031622111	0.226	0.167	1	chr1-247006877-247008561	4
0.408427651381462	0.574532853886824	0.226	0.167	1	chr9-127423606-127425418	4
0.408956739689603	0.55416655709632	0.242	0.167	1	chr1-54199184-54201228	4
0.40912753663028	0.372242695172984	0.258	0.167	1	chr12-48020285-48024394	4
0.40912753663028	0.516510877550284	0.242	0.19	1	chr14-96361544-96364818	4
0.409197076124624	0.621887532497164	0.129	0.071	1	chr5-166535435-166536362	4
0.409197076124624	0.666935681432158	0.129	0.071	1	chr6-83197623-83200284	4
0.409197076124624	0.533782765041805	0.129	0.071	1	chr10-23080946-23082283	4
0.409197076124624	0.641144412774895	0.129	0.071	1	chr14-20657177-20658288	4
0.409197076124624	0.708116986048263	0.129	0.071	1	chr14-100058995-100060060	4
0.409197076124624	0.584983368231656	0.129	0.071	1	chr15-82551575-82552281	4
0.409197076124624	0.627076177272155	0.129	0.071	1	chr17-38741348-38744241	4
0.409197076124624	0.720069121236864	0.129	0.071	1	chr22-36977535-36978608	4
0.409197076124624	0.599615645993472	0.129	0.071	1	chrX-40467944-40468805	4
0.409687842998651	0.748245647102905	0.145	0.095	1	chr5-177478767-177480645	4
0.409687842998651	0.730966447632795	0.145	0.095	1	chr7-54987115-54989450	4
0.409687842998651	0.890432921866261	0.145	0.095	1	chr12-132083523-132085605	4
0.409687842998651	0.781287759517551	0.145	0.095	1	chr20-25176673-25179607	4
0.409882754439917	0.39895897945852	0.323	0.238	1	chr7-142884961-142887384	4
0.410492807120776	0.669192981478162	0.177	0.119	1	chr1-15152180-15154401	4
0.410492807120776	0.658601612461506	0.177	0.119	1	chr4-2932937-2937722	4
0.410492807120776	0.610067296275286	0.177	0.119	1	chr4-71229080-71231622	4
0.410492807120776	0.612717136568014	0.177	0.119	1	chr4-147682646-147684919	4
0.410492807120776	0.744290282434269	0.177	0.119	1	chr5-127516901-127518846	4
0.410492807120776	0.711610952122966	0.177	0.119	1	chr7-55963922-55967588	4
0.410492807120776	0.609829319089171	0.177	0.119	1	chr12-57754234-57756144	4
0.410492807120776	0.647732746845809	0.177	0.119	1	chr16-75148123-75149469	4
0.410492807120776	0.598685569583521	0.177	0.119	1	chr19-1256549-1263050	4
0.410492807120776	0.595874005754303	0.177	0.119	1	chr19-24086788-24087888	4
0.411692245762947	0.557565555484723	0.21	0.143	1	chr2-214712856-214714290	4
0.411692245762947	0.539714704759045	0.21	0.143	1	chr10-61899860-61905075	4
0.411692245762947	0.460700911974137	0.21	0.143	1	chr11-235548-237550	4
0.411692245762947	0.53343803056943	0.21	0.143	1	chr11-18062760-18064458	4
0.411692245762947	0.494544317226079	0.21	0.143	1	chr11-64842034-64845653	4
0.411692245762947	0.548971743049137	0.21	0.143	1	chr20-25389360-25391509	4
0.411770877621388	0.535318967563132	0.161	0.095	1	chr4-91840153-91841189	4
0.411770877621388	0.509704462280155	0.161	0.095	1	chr6-28980605-28983261	4
0.411770877621388	0.381120157436943	0.161	0.095	1	chr12-74536990-74540402	4
0.411776985860701	0.277585328201949	0.29	0.214	1	chr3-183098331-183100886	4
0.411776985860701	0.411267958199964	0.29	0.214	1	chr11-64304119-64307228	4
0.411776985860701	0.428569478361182	0.29	0.214	1	chr11-87004481-87006740	4
0.412789464047888	0.489702974985917	0.274	0.214	1	chr8-62034056-62036526	4
0.412968138982841	0.538909741247664	0.29	0.238	1	chr17-81858297-81862208	4
0.41305093528402	0.396296352886527	0.339	0.262	1	chr10-43454084-43456502	4
0.413393707229246	0.394654902073071	0.194	0.119	1	chr16-29789739-29791742	4
0.413804884965509	0.616387784456685	0.226	0.167	1	chr4-2961550-2964673	4
0.413904058766156	0.491682396434221	0.306	0.238	1	chr6-27836306-27840301	4
0.413904058766156	0.399577334442049	0.306	0.238	1	chr7-22350277-22352160	4
0.414241060250573	0.479330755152096	0.242	0.167	1	chr20-31568321-31574563	4
0.414323326453956	0.310899445768833	0.258	0.167	1	chr3-38346157-38348195	4
0.414323326453956	0.553032753743378	0.242	0.19	1	chr7-149089925-149091584	4
0.414518607165512	0.873182375272077	0.113	0.071	1	chr3-133498873-133499698	4
0.414518607165512	0.942498823204578	0.113	0.071	1	chr7-80088662-80091083	4
0.414518607165512	0.9084713888857	0.113	0.071	1	chr8-47377244-47378396	4
0.414604486652684	0.348914212010742	0.323	0.238	1	chr5-140725298-140726870	4
0.414733414819325	0.319376363847237	0.387	0.286	1	chr9-137221506-137229393	4
0.415087054780209	0.356827479026264	0.339	0.238	1	chr5-176447063-176449194	4
0.415328798736733	0.38488168774601	0.484	0.452	1	chr2-231705990-231712763	4
0.415393129858979	0.397408256036333	0.306	0.214	1	chr4-145178842-145181602	4
0.415393129858979	0.3916627414948	0.306	0.214	1	chr9-113579468-113582177	4
0.41545614482702	0.250162058216758	0.548	0.405	1	chr12-6941246-6947418	4
0.415710931030832	0.33973491048787	0.403	0.31	1	chr17-3887526-3893959	4
0.415999660756738	0.309918887916616	0.435	0.357	1	chr10-25015622-25017771	4
0.41626827799575	0.722820988817298	0.145	0.095	1	chr2-135875350-135877041	4
0.41626827799575	0.775148032421119	0.145	0.095	1	chr6-145189445-145190713	4
0.41626827799575	0.690002404541908	0.145	0.095	1	chr10-101030737-101033456	4
0.41626827799575	0.799575471688626	0.145	0.095	1	chr11-14687394-14689016	4
0.41626827799575	0.765463292624465	0.145	0.095	1	chr11-74681452-74682545	4
0.41626827799575	0.812700856203225	0.145	0.095	1	chr18-35376306-35377997	4
0.416277235456897	0.466651360431326	0.129	0.071	1	chr4-24137538-24139301	4
0.416277235456897	0.673243507894915	0.129	0.071	1	chr8-21233979-21234875	4
0.416277235456897	0.627510061102435	0.129	0.071	1	chr11-117928780-117930685	4
0.416277235456897	0.605772734322563	0.129	0.071	1	chr12-43835173-43837139	4
0.41651907968538	0.804808862052233	0.177	0.119	1	chr1-74197461-74199264	4
0.41651907968538	0.652938033283157	0.177	0.119	1	chr7-23469819-23471963	4
0.41651907968538	0.706939965821463	0.177	0.119	1	chr7-129143820-129145460	4
0.41651907968538	0.621363142157763	0.177	0.119	1	chr11-986179-987319	4
0.41651907968538	0.707550824578968	0.177	0.119	1	chr22-46335070-46337188	4
0.417315184999445	0.526557197318307	0.21	0.143	1	chr2-241506773-241509750	4
0.417315184999445	0.520493632891209	0.21	0.143	1	chr3-67515904-67518967	4
0.417315184999445	0.560872819214233	0.21	0.143	1	chr19-41957535-41959867	4
0.417315184999445	0.487797025131027	0.21	0.143	1	chr21-37365372-37368899	4
0.41816196538166	0.555822095505595	0.161	0.095	1	chr3-123597342-123598259	4
0.41816196538166	0.44919081837237	0.161	0.095	1	chr3-157498856-157500594	4
0.418634957723083	0.375786322610379	0.274	0.19	1	chr9-92324864-92326568	4
0.418634957723083	0.383576271064043	0.274	0.19	1	chr9-137085668-137089782	4
0.419293510628312	0.435858471301519	0.194	0.119	1	chr19-21141626-21142707	4
0.419358231160359	0.35443416677271	0.323	0.238	1	chr5-133048471-133053373	4
0.419565560976506	0.464937458832453	0.242	0.167	1	chr5-71454972-71457656	4
0.419565560976506	0.481922407615087	0.242	0.167	1	chr6-28837236-28839701	4
0.421265579753779	0.354111954183665	0.226	0.143	1	chr1-26694968-26698810	4
0.421265579753779	0.345808227015209	0.226	0.143	1	chr18-810741-813378	4
0.421638640557074	0.433925335512874	0.29	0.214	1	chr4-183759856-183760940	4
0.421965581532368	0.910355553530625	0.113	0.071	1	chr1-16247976-16249430	4
0.421965581532368	0.936455264491033	0.113	0.071	1	chr1-223518268-223519526	4
0.421965581532368	1.00543724268737	0.113	0.071	1	chr2-10408038-10409607	4
0.421965581532368	0.917260313472062	0.113	0.071	1	chr3-22089137-22089785	4
0.421965581532368	0.997982008893647	0.113	0.071	1	chr3-46357983-46359145	4
0.421965581532368	0.949868029072874	0.113	0.071	1	chr4-1819031-1819946	4
0.421965581532368	0.981714395925627	0.113	0.071	1	chr5-96875663-96877599	4
0.421965581532368	0.962601612579006	0.113	0.071	1	chr8-36934891-36937132	4
0.421965581532368	0.853055092225954	0.113	0.071	1	chr8-94331220-94331927	4
0.421965581532368	0.945282175385924	0.113	0.071	1	chr9-109035983-109037180	4
0.421965581532368	1.00155653959898	0.113	0.071	1	chr11-44949788-44951343	4
0.421965581532368	0.986583340882951	0.113	0.071	1	chr11-67427538-67429355	4
0.421965581532368	0.978836109340872	0.113	0.071	1	chr19-48551807-48552579	4
0.421965581532368	0.925720099878877	0.113	0.071	1	chrX-135421289-135422356	4
0.422356958349486	0.300546671959916	0.468	0.381	1	chr11-95229085-95232044	4
0.422363358764057	0.335825865662996	0.339	0.262	1	chr4-174282688-174285074	4
0.422597236676014	0.572762511013253	0.177	0.119	1	chr1-58941645-58943624	4
0.422597236676014	0.651178229019758	0.177	0.119	1	chr2-135984268-135986315	4
0.422597236676014	0.56274486034804	0.177	0.119	1	chr4-83454541-83456593	4
0.422597236676014	0.643738418454311	0.177	0.119	1	chr7-157138112-157141040	4
0.422597236676014	0.403095723288114	0.177	0.119	1	chr8-98781030-98783314	4
0.422597236676014	0.601986619082193	0.177	0.119	1	chr10-113853573-113856336	4
0.422597236676014	0.58270495561332	0.177	0.119	1	chr10-125083222-125086203	4
0.422597236676014	0.665673721644986	0.177	0.119	1	chr11-121475954-121477099	4
0.422597236676014	0.687835833172012	0.177	0.119	1	chr12-53937965-53940151	4
0.422597236676014	0.531689507184079	0.177	0.119	1	chr13-33284837-33286310	4
0.422597236676014	0.601480160855822	0.177	0.119	1	chr14-72128005-72130001	4
0.422910683516278	0.919321116745937	0.145	0.095	1	chr3-5121905-5124370	4
0.422910683516278	0.877211693569702	0.145	0.095	1	chr5-126874831-126875996	4
0.422910683516278	0.685896554987515	0.145	0.095	1	chr8-122988126-122989405	4
0.422910683516278	0.774205758857924	0.145	0.095	1	chr9-89675229-89677153	4
0.422910683516278	0.814771546596214	0.145	0.095	1	chr10-32360150-32361638	4
0.422910683516278	0.733553881370445	0.145	0.095	1	chr11-10302298-10304357	4
0.422910683516278	0.852266261492069	0.145	0.095	1	chr12-110038627-110039967	4
0.422910683516278	0.69083135439727	0.145	0.095	1	chr13-43878650-43880648	4
0.422910683516278	0.679394689637277	0.145	0.095	1	chr13-77697178-77699692	4
0.422910683516278	0.776695917325825	0.145	0.095	1	chr14-106872424-106873568	4
0.422910683516278	0.766186031912895	0.145	0.095	1	chr17-5437504-5439732	4
0.422910683516278	0.703633637960651	0.145	0.095	1	chr19-58097829-58098879	4
0.422983141023191	0.666923185079792	0.21	0.143	1	chr1-45566439-45570532	4
0.422983141023191	0.500438216386199	0.21	0.143	1	chr3-52409485-52413326	4
0.422983141023191	0.561185958892775	0.21	0.143	1	chr4-1683247-1685642	4
0.423429184051648	0.494104112876747	0.129	0.071	1	chr1-9606445-9607740	4
0.423429184051648	0.478970239024687	0.129	0.071	1	chr12-62465803-62467895	4
0.423429184051648	0.442807354641429	0.129	0.071	1	chr16-3182285-3184640	4
0.423429184051648	0.551145602454278	0.129	0.071	1	chr22-31579525-31580613	4
0.423433767677007	0.281537164665502	0.5	0.405	1	chr1-209800538-209807170	4
0.423738335989373	0.379495742801953	0.274	0.19	1	chr9-6006715-6008983	4
0.423738335989373	0.430102015567663	0.274	0.19	1	chr22-38179938-38182721	4
0.424051670180375	0.591894398283071	0.21	0.167	1	chr6-3453340-3458469	4
0.424328166644058	0.631233690510985	0.194	0.143	1	chr14-91534505-91535872	4
0.424526535240932	0.368378680463866	0.339	0.238	1	chr9-96416659-96419691	4
0.424611096582829	0.35508050150523	0.161	0.095	1	chr11-80718213-80721074	4
0.424684217210666	0.544366633905279	0.226	0.167	1	chr8-144356848-144359952	4
0.424684217210666	0.49656916321816	0.226	0.167	1	chr11-62769541-62772259	4
0.424684217210666	0.511568531011013	0.226	0.167	1	chr14-63676422-63679191	4
0.424684217210666	0.509724372588783	0.226	0.167	1	chr18-70522854-70524271	4
0.424930085594269	0.518873025679451	0.242	0.167	1	chr14-54509231-54510852	4
0.425391256058487	0.291470638715967	0.452	0.357	1	chr7-7639611-7642621	4
0.425937893774473	0.257296828162753	0.581	0.5	1	chr10-102501175-102505810	4
0.426620967757686	0.407670939993742	0.29	0.214	1	chr20-34703032-34706198	4
0.426848507022278	0.438401738834115	0.226	0.143	1	chr6-31862233-31864369	4
0.42703084073848	0.512730102707809	0.258	0.19	1	chr2-26032585-26035064	4
0.427065335789495	0.373899592919563	0.339	0.262	1	chr5-90408448-90410880	4
0.427765013511911	0.29731485372599	0.484	0.452	1	chr16-53500779-53504687	4
0.427861418622613	0.484159646698929	0.274	0.214	1	chr9-69120243-69123318	4
0.427861418622613	0.53621664572466	0.274	0.214	1	chr11-121654461-121656578	4
0.428695922039151	0.501685495129202	0.21	0.143	1	chr2-26344599-26347774	4
0.428695922039151	0.445130808679634	0.21	0.143	1	chr18-22932760-22934348	4
0.428727042297785	0.613373837144271	0.177	0.119	1	chr4-104966327-104967868	4
0.428727042297785	0.566251041928797	0.177	0.119	1	chr4-146335041-146337674	4
0.428727042297785	0.58992445369329	0.177	0.119	1	chr5-170861528-170863335	4
0.428727042297785	0.554615848621998	0.177	0.119	1	chr5-179622285-179625559	4
0.428727042297785	0.564812961403634	0.177	0.119	1	chr7-992817-993847	4
0.428727042297785	0.582432040561626	0.177	0.119	1	chr7-101608416-101609503	4
0.428727042297785	0.619000284106983	0.177	0.119	1	chr15-48877576-48878774	4
0.428727042297785	0.515756920483716	0.177	0.119	1	chr17-82291813-82296175	4
0.428727042297785	0.579447095180314	0.177	0.119	1	chr18-76492166-76493507	4
0.428961306880552	0.451313787323037	0.323	0.238	1	chr17-5418177-5421022	4
0.429160954243442	0.35605399466455	0.355	0.286	1	chr8-143607845-143611178	4
0.429292944946752	0.352030011031937	0.323	0.262	1	chr18-32371520-32374670	4
0.429490411649809	0.973123424614315	0.113	0.071	1	chr2-37195987-37197822	4
0.429490411649809	0.876310934785347	0.113	0.071	1	chr4-116676792-116677849	4
0.429490411649809	0.89030030936274	0.113	0.071	1	chr7-116272443-116273984	4
0.429490411649809	0.803556898154749	0.113	0.071	1	chr7-140517658-140518579	4
0.429490411649809	0.954470959107305	0.113	0.071	1	chr9-137204999-137206125	4
0.429490411649809	0.95747217347082	0.113	0.071	1	chr10-116670746-116672172	4
0.429490411649809	0.84506431108134	0.113	0.071	1	chr12-2752471-2753272	4
0.429490411649809	0.874448114153838	0.113	0.071	1	chr12-130761448-130765701	4
0.429490411649809	1.01906942001886	0.113	0.071	1	chr14-25132520-25133277	4
0.429490411649809	0.927163753162353	0.113	0.071	1	chr15-95958153-95959053	4
0.429490411649809	0.881419555403878	0.113	0.071	1	chrY-12421021-12422172	4
0.429614751762611	0.729534303660194	0.145	0.095	1	chr1-1324210-1326382	4
0.429614751762611	0.71466271501963	0.145	0.095	1	chr3-75668884-75670713	4
0.429614751762611	0.75297299743306	0.145	0.095	1	chr3-102088691-102090762	4
0.429614751762611	0.727626576622918	0.145	0.095	1	chr6-113969454-113972317	4
0.429614751762611	0.671043719134778	0.145	0.095	1	chr7-38731771-38732514	4
0.429614751762611	0.727776658285211	0.145	0.095	1	chr9-86098655-86100022	4
0.429614751762611	0.683062339324193	0.145	0.095	1	chr9-94030155-94031317	4
0.429614751762611	0.635276056804464	0.145	0.095	1	chr15-100525632-100526700	4
0.429614751762611	0.693130319574038	0.145	0.095	1	chr18-10525633-10527331	4
0.430185978408139	0.501069080113093	0.226	0.167	1	chr5-155545869-155547022	4
0.430185978408139	0.424699226935983	0.226	0.167	1	chr11-95089293-95091310	4
0.430334469740056	0.377203967671576	0.242	0.167	1	chr4-151324181-151326306	4
0.430334469740056	0.432488247517513	0.242	0.167	1	chr11-66637787-66639862	4
0.430334469740056	0.612532363359196	0.242	0.167	1	chr19-39832899-39834652	4
0.430652537175291	0.57207554056173	0.129	0.071	1	chr5-71010840-71011881	4
0.430652537175291	0.483541241091198	0.129	0.071	1	chr7-74993404-74994565	4
0.431117986894595	0.527999219696719	0.161	0.095	1	chr4-124060171-124061087	4
0.43179767520439	0.347074144303091	0.339	0.262	1	chr20-2101301-2103810	4
0.432273118293475	0.461154869345621	0.258	0.19	1	chr10-80452585-80455838	4
0.432273118293475	0.484987748259913	0.258	0.19	1	chr15-43184845-43186430	4
0.432273118293475	0.477285350415001	0.258	0.19	1	chr19-35647699-35649096	4
0.433810400148201	0.45260233520733	0.323	0.238	1	chr20-32357294-32360662	4
0.434053585732911	0.338536705389922	0.274	0.19	1	chr17-63621372-63623551	4
0.434078854728961	0.298598441222384	0.355	0.262	1	chr1-225777016-225779487	4
0.434078854728961	0.340511052596574	0.339	0.286	1	chr12-120685998-120689812	4
0.434453326036516	0.530192533899982	0.21	0.143	1	chr3-38453005-38456123	4
0.434453326036516	0.546807055791048	0.21	0.143	1	chr11-102451082-102454277	4
0.434453326036516	0.51685219301315	0.21	0.143	1	chr15-41838033-41840252	4
0.434453326036516	0.325721103156103	0.21	0.143	1	chr22-41587229-41590612	4
0.434908247203256	0.575623748551045	0.177	0.119	1	chr1-6204861-6207120	4
0.434908247203256	0.485851939300914	0.177	0.119	1	chr1-145956713-145958627	4
0.434908247203256	0.558731651638632	0.177	0.119	1	chr2-9843017-9844850	4
0.434908247203256	0.615646537751161	0.177	0.119	1	chr4-20882115-20884480	4
0.434908247203256	0.600411165312455	0.177	0.119	1	chr5-140346138-140347787	4
0.434908247203256	0.619169526181508	0.177	0.119	1	chr10-32445443-32447606	4
0.434908247203256	0.611526444906533	0.177	0.119	1	chr11-16918120-16919347	4
0.434908247203256	0.561799343895599	0.177	0.119	1	chr15-64355298-64357000	4
0.434908247203256	0.574108108753497	0.177	0.119	1	chr20-14093177-14094319	4
0.435493249522972	0.556832630654112	0.242	0.19	1	chr2-7031354-7032409	4
0.435493249522972	0.426444930033431	0.242	0.19	1	chr5-77029838-77031786	4
0.435728896830482	0.521900131739591	0.226	0.167	1	chr7-76313966-76314964	4
0.435728896830482	0.500035003281504	0.226	0.167	1	chr13-77026106-77028608	4
0.435778540941521	0.297192244780371	0.242	0.167	1	chr1-236141000-236145578	4
0.435778540941521	0.486933205488965	0.242	0.167	1	chr8-9002254-9003871	4
0.436076387583957	0.563075498437621	0.194	0.143	1	chr1-205678659-205681053	4
0.436380155608044	0.793698468133991	0.145	0.095	1	chr1-120850213-120851538	4
0.436380155608044	0.631071488034848	0.145	0.095	1	chr4-17613485-17615517	4
0.436380155608044	0.718634954484024	0.145	0.095	1	chr4-73221834-73223572	4
0.436380155608044	0.648221248726651	0.145	0.095	1	chr6-119077515-119079582	4
0.436380155608044	0.656729794407648	0.145	0.095	1	chr9-62863017-62863827	4
0.436380155608044	0.653565422080411	0.145	0.095	1	chr9-97921778-97924177	4
0.436380155608044	0.466632648136206	0.145	0.095	1	chr19-5620958-5624741	4
0.436380155608044	0.713124773183307	0.145	0.095	1	chrX-53280586-53282643	4
0.43668795730602	0.427130682936872	0.29	0.214	1	chr22-19446709-19448666	4
0.437092636105884	0.960520007949709	0.113	0.071	1	chr1-9900087-9902012	4
0.437092636105884	0.80043360055142	0.113	0.071	1	chr1-40952189-40953063	4
0.437092636105884	0.815238190830617	0.113	0.071	1	chr2-24644656-24645648	4
0.437092636105884	0.880229185603462	0.113	0.071	1	chr3-4686627-4688889	4
0.437092636105884	0.904735686260457	0.113	0.071	1	chr3-39124935-39127363	4
0.437092636105884	0.828587075825734	0.113	0.071	1	chr5-151348855-151350224	4
0.437092636105884	0.871048159181915	0.113	0.071	1	chr5-168696782-168698100	4
0.437092636105884	0.794241570194901	0.113	0.071	1	chr6-122116109-122117937	4
0.437092636105884	0.771079151485428	0.113	0.071	1	chr7-67692131-67693123	4
0.437092636105884	0.821826925264193	0.113	0.071	1	chr10-56139089-56140089	4
0.437092636105884	0.801113268094848	0.113	0.071	1	chr14-60664736-60665827	4
0.437092636105884	1.05108829715535	0.113	0.071	1	chr16-2204725-2207212	4
0.437092636105884	0.875109806500928	0.113	0.071	1	chr19-40420539-40421824	4
0.437593835850089	0.448442280874911	0.29	0.238	1	chr5-119267730-119269822	4
0.437682334971132	0.420977612054598	0.161	0.095	1	chr11-60923371-60926010	4
0.437682334971132	0.517277391811205	0.161	0.095	1	chr17-15699078-15700137	4
0.437707699576127	0.293201434647131	0.435	0.357	1	chr16-4612820-4617859	4
0.438047787259084	0.365373362645325	0.403	0.31	1	chr3-23944604-23948022	4
0.438255152872306	0.347039565607501	0.306	0.238	1	chr1-43945564-43948187	4
0.438495538585274	0.346562418431555	0.355	0.286	1	chr16-10978824-10980858	4
0.43926515566295	0.400986417948877	0.274	0.19	1	chr1-117570641-117572818	4
0.440255140767214	0.488534705840183	0.21	0.143	1	chr4-40550777-40553031	4
0.440255140767214	0.367830706729379	0.21	0.143	1	chr6-30101438-30103717	4
0.440255140767214	0.459688939316428	0.21	0.143	1	chr7-91565262-91566779	4
0.440255140767214	0.490735478188493	0.21	0.143	1	chr9-115978367-115979692	4
0.440255140767214	0.455882554878247	0.21	0.143	1	chr17-79991285-79994381	4
0.440255140767214	0.513396746476268	0.21	0.143	1	chr22-19120637-19123233	4
0.440881621877931	0.517149415821398	0.242	0.19	1	chr4-101251572-101257338	4
0.440993038705063	0.551926002787375	0.21	0.167	1	chr11-72413787-72414879	4
0.440993038705063	0.603019591420654	0.21	0.167	1	chr12-108690965-108692836	4
0.441140588461677	0.520276702590613	0.177	0.119	1	chr3-12954525-12955850	4
0.441140588461677	0.551166164741888	0.177	0.119	1	chr9-130689606-130690971	4
0.441140588461677	0.524524223709955	0.177	0.119	1	chr11-57277358-57278958	4
0.441140588461677	0.549564203568871	0.177	0.119	1	chr12-55609050-55610314	4
0.441140588461677	0.485281798687136	0.177	0.119	1	chr20-4171761-4172949	4
0.441140588461677	0.529059088304896	0.177	0.119	1	chrX-17736529-17738742	4
0.441262118602582	0.345953369232701	0.242	0.167	1	chr7-128454982-128457870	4
0.441312781945319	0.492660162434758	0.226	0.167	1	chr5-110737996-110739828	4
0.441312781945319	0.504102356720984	0.226	0.167	1	chr9-137172137-137175246	4
0.441312781945319	0.410689257252906	0.226	0.167	1	chrX-120628729-120630757	4
0.442020121501993	0.593017901643669	0.194	0.143	1	chr3-170180019-170182079	4
0.442020121501993	0.642688919059595	0.194	0.143	1	chr8-100558517-100560317	4
0.442020121501993	0.579123012499967	0.194	0.143	1	chr11-112085724-112087485	4
0.442618463882741	0.405271113834981	0.29	0.238	1	chr9-133990394-133994981	4
0.442692034459296	0.406553282486093	0.355	0.31	1	chr5-177401592-177405209	4
0.44286874242717	0.472851098517711	0.258	0.19	1	chr12-76083469-76085601	4
0.443206548549725	0.75780416428399	0.145	0.095	1	chr1-156081896-156083617	4
0.443206548549725	0.721629487584231	0.145	0.095	1	chr1-224328624-224331238	4
0.443206548549725	0.61532145385543	0.145	0.095	1	chr6-99349165-99350945	4
0.443206548549725	0.622876278868217	0.145	0.095	1	chr6-114050921-114052567	4
0.443206548549725	0.557731496980595	0.145	0.095	1	chr7-65373477-65374577	4
0.443206548549725	0.58592175025615	0.145	0.095	1	chr11-15073235-15075545	4
0.443206548549725	0.671799274495531	0.145	0.095	1	chr12-82329005-82330349	4
0.443206548549725	0.635089739053412	0.145	0.095	1	chr14-22829372-22830517	4
0.443206548549725	0.70997134935902	0.145	0.095	1	chr14-69657586-69659098	4
0.443206548549725	0.74606132426609	0.145	0.095	1	chr19-45075281-45076983	4
0.443206548549725	0.731645069580733	0.145	0.095	1	chr20-34907276-34908417	4
0.443206548549725	0.731182564525862	0.145	0.095	1	chrX-16785557-16787642	4
0.443206548549725	0.641974064120364	0.145	0.095	1	chrX-52261146-52262538	4
0.443248961974687	0.455448880028682	0.274	0.214	1	chr1-114509660-114512325	4
0.443248961974687	0.45373005118567	0.274	0.214	1	chr11-120301509-120303496	4
0.443382702484651	0.409801115323117	0.194	0.119	1	chr9-22537096-22540308	4
0.443603063973291	0.324919079084982	0.323	0.238	1	chr19-4968221-4971909	4
0.444303822412996	0.4759546700482	0.161	0.095	1	chrX-153763689-153765307	4
0.444771762646015	0.858514745958057	0.113	0.071	1	chr1-226697047-226699233	4
0.444771762646015	0.803904434395665	0.113	0.071	1	chr2-55419358-55420637	4
0.444771762646015	0.803345832969963	0.113	0.071	1	chr2-149365850-149366927	4
0.444771762646015	0.906273233796428	0.113	0.071	1	chr3-71582029-71584735	4
0.444771762646015	0.870154352507398	0.113	0.071	1	chr3-186566216-186568073	4
0.444771762646015	0.800186565052559	0.113	0.071	1	chr4-2582978-2584131	4
0.444771762646015	0.823456701224091	0.113	0.071	1	chr5-54545543-54546287	4
0.444771762646015	0.893531293561729	0.113	0.071	1	chr7-139034879-139036726	4
0.444771762646015	0.915491836945114	0.113	0.071	1	chr8-30702471-30703712	4
0.444771762646015	0.78410814083595	0.113	0.071	1	chr8-40336419-40337498	4
0.444771762646015	0.963863501587313	0.113	0.071	1	chr8-42139496-42141268	4
0.444771762646015	0.842721735253174	0.113	0.071	1	chr11-36435714-36436787	4
0.444771762646015	0.883988179472188	0.113	0.071	1	chr12-339271-340434	4
0.444771762646015	0.793988344729925	0.113	0.071	1	chr12-22172394-22173262	4
0.444881068493834	0.373173343092553	0.387	0.333	1	chr1-162560137-162562980	4
0.445843952943396	0.342231888600113	0.29	0.19	1	chr10-75209529-75211838	4
0.446101143728223	0.49490262516692	0.21	0.143	1	chr1-52697245-52699079	4
0.446101143728223	0.438487601177548	0.21	0.143	1	chr7-118854587-118855998	4
0.446101143728223	0.52593733602068	0.21	0.143	1	chr8-52012897-52013661	4
0.446101143728223	0.524039375902646	0.21	0.143	1	chr8-66176530-66177901	4
0.446101143728223	0.375436781037425	0.21	0.143	1	chr15-99572085-99572916	4
0.446175676578835	0.330699934374038	0.339	0.262	1	chr13-75480505-75482929	4
0.446308004584783	0.547020864416791	0.242	0.19	1	chr3-135965278-135967124	4
0.446308004584783	0.499188358647612	0.242	0.19	1	chr18-57585307-57587437	4
0.446308004584783	0.510048124747362	0.242	0.19	1	chrX-23906589-23908983	4
0.44672520275176	0.540077329633228	0.21	0.167	1	chr11-63937966-63939962	4
0.446785013990926	0.413639080647267	0.242	0.167	1	chr5-69414630-69416742	4
0.446785013990926	0.336859243396693	0.242	0.167	1	chr10-60777817-60779631	4
0.446785013990926	0.411658007863492	0.242	0.167	1	chr14-77760136-77762019	4
0.446890437896524	0.479139815231168	0.29	0.214	1	chr3-128617202-128619198	4
0.446937434472323	0.50650368700657	0.226	0.167	1	chr1-201480057-201481288	4
0.446937434472323	0.5539932846325	0.226	0.167	1	chr15-44710764-44712826	4
0.447172267704107	0.310922322313902	0.403	0.31	1	chr1-150281153-150283212	4
0.447423789534029	0.530673226417547	0.177	0.119	1	chr3-64547921-64549244	4
0.447423789534029	0.56532728356092	0.177	0.119	1	chr3-105811793-105812802	4
0.447423789534029	0.52536244072175	0.177	0.119	1	chr6-30570224-30572598	4
0.447423789534029	0.593369813866577	0.177	0.119	1	chr14-50829689-50831833	4
0.447423789534029	0.532626547024823	0.177	0.119	1	chr15-40893814-40895559	4
0.447423789534029	0.537774987246413	0.177	0.119	1	chr16-12262363-12263578	4
0.447423789534029	0.35315999115706	0.177	0.119	1	chr20-32741911-32745620	4
0.448009953664259	0.597110430262683	0.194	0.143	1	chr1-28747476-28748951	4
0.448009953664259	0.590162658425174	0.194	0.143	1	chr6-37499289-37500476	4
0.448009953664259	0.559033107043979	0.194	0.143	1	chr16-2046815-2049061	4
0.448009953664259	0.535055429758441	0.194	0.143	1	chr18-12701863-12704214	4
0.448221629189558	0.422716211737363	0.306	0.238	1	chr7-6008471-6010727	4
0.448353820375686	0.330367740757636	0.355	0.262	1	chr7-25861580-25863266	4
0.448666904458163	0.324341802788862	0.323	0.262	1	chr2-158967371-158970929	4
0.448666904458163	0.433688824936611	0.323	0.262	1	chr3-13894986-13897001	4
0.449526282038485	0.38499836277557	0.194	0.119	1	chr4-152534465-152537155	4
0.44979538153647	0.325514454962452	0.274	0.19	1	chr7-20797193-20799026	4
0.450093564671509	0.574662914625143	0.145	0.095	1	chr1-150649347-150650828	4
0.450093564671509	0.703086999851283	0.145	0.095	1	chr1-222589118-222590783	4
0.450093564671509	0.547014245874828	0.145	0.095	1	chr2-202237165-202239066	4
0.450093564671509	0.620928484048457	0.145	0.095	1	chr3-14622383-14624954	4
0.450093564671509	0.706688127101786	0.145	0.095	1	chr3-49587357-49588505	4
0.450093564671509	0.611049846471735	0.145	0.095	1	chr4-40330651-40332065	4
0.450093564671509	0.586589539128686	0.145	0.095	1	chr5-124261983-124264492	4
0.450093564671509	0.713011973492467	0.145	0.095	1	chr8-80366666-80367838	4
0.450093564671509	0.659772514258081	0.145	0.095	1	chr9-33816323-33818957	4
0.450093564671509	0.663208923862215	0.145	0.095	1	chr9-71285045-71285907	4
0.450093564671509	0.705554824106985	0.145	0.095	1	chr10-119006233-119007833	4
0.450093564671509	0.582311036673598	0.145	0.095	1	chr12-27094925-27096035	4
0.450093564671509	0.598426364463041	0.145	0.095	1	chr12-132274718-132275819	4
0.450093564671509	0.673255381742337	0.145	0.095	1	chr14-19917809-19920479	4
0.450093564671509	0.693445592204469	0.145	0.095	1	chr15-45166545-45168028	4
0.450093564671509	0.715067807019621	0.145	0.095	1	chr15-77067068-77068273	4
0.450093564671509	0.650593143094843	0.145	0.095	1	chr15-77910139-77911115	4
0.450093564671509	0.724811971236023	0.145	0.095	1	chr15-96325500-96327857	4
0.450093564671509	0.620672978332627	0.145	0.095	1	chr16-969664-971662	4
0.450093564671509	0.671324835552002	0.145	0.095	1	chr16-22373603-22375589	4
0.450093564671509	0.667996389449204	0.145	0.095	1	chr16-58031050-58033803	4
0.450093564671509	0.716548353209075	0.145	0.095	1	chr16-67480177-67481946	4
0.450093564671509	0.787239613045001	0.145	0.095	1	chr16-84356012-84357689	4
0.450093564671509	0.619821631972039	0.145	0.095	1	chr17-67717087-67719106	4
0.450093564671509	0.697036905217474	0.145	0.095	1	chr18-24469226-24470619	4
0.450093564671509	0.73324200963385	0.145	0.095	1	chr19-54102333-54103813	4
0.450093564671509	0.725170399919289	0.145	0.095	1	chr20-21993632-21995039	4
0.450093564671509	0.717603096337865	0.145	0.095	1	chr22-42905101-42906408	4
0.450093564671509	0.642154573559165	0.145	0.095	1	chrX-136879268-136881318	4
0.45027391655504	0.320565559635777	0.403	0.381	1	chr1-244046971-244049868	4
0.450475717891191	0.316008442311022	0.387	0.31	1	chr4-77817509-77821714	4
0.451028250662399	0.405982887978409	0.339	0.262	1	chr6-131627530-131632212	4
0.451103269177935	0.774050898901104	0.161	0.119	1	chr1-150007992-150011460	4
0.451774739731463	0.338911727631296	0.403	0.31	1	chr5-87266886-87269704	4
0.45199110214773	0.419754864273377	0.21	0.143	1	chr4-140755067-140757610	4
0.452042106429952	0.391043564461119	0.29	0.214	1	chr16-85321412-85322950	4
0.452347030228224	0.477105216758181	0.242	0.167	1	chr3-150703488-150704503	4
0.452347030228224	0.317974565346592	0.242	0.167	1	chr3-194671094-194673268	4
0.452347030228224	0.399514714875502	0.242	0.167	1	chrX-15674187-15676788	4
0.452499528640952	0.61981621853983	0.21	0.167	1	chr3-154059492-154061261	4
0.452499528640952	0.591861177428332	0.21	0.167	1	chr4-101209260-101213162	4
0.45252726810736	0.840230156462884	0.113	0.071	1	chr1-225651501-225653674	4
0.45252726810736	0.754931419852112	0.113	0.071	1	chr2-105545682-105547095	4
0.45252726810736	0.854359737408187	0.113	0.071	1	chr2-132346806-132347816	4
0.45252726810736	0.946898988405266	0.113	0.071	1	chr2-133886542-133887939	4
0.45252726810736	0.852484663760648	0.113	0.071	1	chr2-161130994-161131888	4
0.45252726810736	0.769437421277122	0.113	0.071	1	chr2-235679036-235681016	4
0.45252726810736	0.804261808582686	0.113	0.071	1	chr3-16239019-16239889	4
0.45252726810736	0.89429707145668	0.113	0.071	1	chr3-47318586-47319451	4
0.45252726810736	0.957349559020502	0.113	0.071	1	chr3-123156846-123158775	4
0.45252726810736	0.933548267894509	0.113	0.071	1	chr4-98657361-98659260	4
0.45252726810736	0.801900558753472	0.113	0.071	1	chr4-119628268-119629502	4
0.45252726810736	0.802793076581456	0.113	0.071	1	chr4-149708284-149710160	4
0.45252726810736	0.856845401094833	0.113	0.071	1	chr4-150077700-150079229	4
0.45252726810736	0.826507276914322	0.113	0.071	1	chr5-59246256-59247404	4
0.45252726810736	0.846666047190802	0.113	0.071	1	chr5-172775266-172776857	4
0.45252726810736	1.09875074699116	0.113	0.071	1	chr7-73721184-73722668	4
0.45252726810736	0.863764245435288	0.113	0.071	1	chr10-32331554-32334529	4
0.45252726810736	0.825627166998155	0.113	0.071	1	chr12-13390103-13391147	4
0.45252726810736	0.915105076762037	0.113	0.071	1	chr13-41310638-41312566	4
0.45252726810736	0.875926115454225	0.113	0.071	1	chr13-99676870-99678452	4
0.45252726810736	0.844332522891409	0.113	0.071	1	chr14-23152753-23155921	4
0.45252726810736	0.85057517381059	0.113	0.071	1	chr14-100011481-100012901	4
0.45252726810736	0.945242145662858	0.113	0.071	1	chr19-924506-926801	4
0.45252726810736	0.920925516993202	0.113	0.071	1	chr19-1093560-1095928	4
0.45252726810736	0.911550250638058	0.113	0.071	1	chr20-9393139-9393761	4
0.45252726810736	0.866001060985083	0.113	0.071	1	chr22-24841185-24842005	4
0.452602646372512	0.534661386645786	0.226	0.167	1	chr1-41481971-41485995	4
0.452602646372512	0.436418259255096	0.226	0.167	1	chr6-111872474-111874420	4
0.452602646372512	0.503070880437828	0.226	0.167	1	chr10-97583739-97585495	4
0.452602646372512	0.397872030010334	0.226	0.167	1	chr12-62259125-62261520	4
0.452713929080309	0.334087649949532	0.355	0.286	1	chr3-196286682-196288644	4
0.452766073925205	0.419492880450204	0.29	0.238	1	chr11-18012096-18014188	4
0.45361131638032	0.447081491521466	0.258	0.19	1	chr18-46332688-46334532	4
0.453757560253959	0.523950310626615	0.177	0.119	1	chr1-200619712-200621623	4
0.453757560253959	0.508832056262113	0.177	0.119	1	chr10-101065489-101068268	4
0.453757560253959	0.553881814498163	0.177	0.119	1	chr12-12559869-12564452	4
0.453757560253959	0.574577383668686	0.177	0.119	1	chr12-111993121-111995418	4
0.453757560253959	0.526154962581223	0.177	0.119	1	chr15-74641954-74644054	4
0.453757560253959	0.455588618747175	0.177	0.119	1	chr17-74872244-74874451	4
0.45404563201517	0.463624578707555	0.194	0.143	1	chr7-44043716-44045813	4
0.455402430942267	0.379188735585294	0.226	0.143	1	chrX-78103395-78105440	4
0.455717845980804	0.317247769465538	0.194	0.119	1	chr18-56650078-56652431	4
0.455910555991655	0.360404642960518	0.339	0.262	1	chr3-179562256-179564279	4
0.455910555991655	0.371024040497178	0.339	0.262	1	chr5-159207429-159210917	4
0.455910555991655	0.358684555336895	0.339	0.262	1	chr7-149284324-149288127	4
0.457040818616854	0.664867160299712	0.145	0.095	1	chr2-112660141-112662704	4
0.457040818616854	0.500425199692457	0.145	0.095	1	chr2-239267329-239269653	4
0.457040818616854	0.682487538801819	0.145	0.095	1	chr3-190120306-190121807	4
0.457040818616854	0.574422298754667	0.145	0.095	1	chr5-149546020-149547615	4
0.457040818616854	0.467524967110866	0.145	0.095	1	chr6-26382806-26384483	4
0.457040818616854	0.570469117859643	0.145	0.095	1	chr9-38641816-38642976	4
0.457040818616854	0.650794350584894	0.145	0.095	1	chr9-111524719-111526135	4
0.457040818616854	0.59708662078448	0.145	0.095	1	chr10-44978141-44980057	4
0.457040818616854	0.701820694506898	0.145	0.095	1	chr10-75110907-75112704	4
0.457040818616854	0.575665565346713	0.145	0.095	1	chr10-104304580-104306876	4
0.457040818616854	0.564357860322536	0.145	0.095	1	chr10-125719014-125720726	4
0.457040818616854	0.564810144104525	0.145	0.095	1	chr11-7584713-7586238	4
0.457040818616854	0.564819554100451	0.145	0.095	1	chr12-132559332-132562857	4
0.457040818616854	0.619001318624995	0.145	0.095	1	chr14-92607306-92609859	4
0.457040818616854	0.635155011075292	0.145	0.095	1	chr15-42118554-42119874	4
0.457040818616854	0.580842038544073	0.145	0.095	1	chr16-27232412-27233914	4
0.457040818616854	0.650688916588158	0.145	0.095	1	chr17-3975922-3977884	4
0.457040818616854	0.735184667322422	0.145	0.095	1	chr19-18557370-18558932	4
0.457040818616854	0.649454443025233	0.145	0.095	1	chr20-13008482-13010512	4
0.457040818616854	0.654575557365991	0.145	0.095	1	chr20-37844989-37847211	4
0.457227178639628	0.395521514293522	0.29	0.214	1	chr5-6377353-6379299	4
0.457274047662226	0.412216024992783	0.242	0.19	1	chr14-99682464-99685982	4
0.457642650377353	0.623005389632202	0.161	0.119	1	chr1-156421320-156422270	4
0.457642650377353	0.738053980449166	0.161	0.119	1	chr1-197130697-197132011	4
0.457642650377353	0.716473289633945	0.161	0.119	1	chr18-50158592-50160137	4
0.457790522157929	0.318491805464943	0.419	0.381	1	chr12-50109911-50113571	4
0.457924772975177	0.474628414555651	0.21	0.143	1	chr20-20711884-20713556	4
0.457947962283106	0.408882566541819	0.242	0.167	1	chr2-27369003-27371959	4
0.457947962283106	0.3275297750325	0.242	0.167	1	chr11-33735460-33737447	4
0.458308200840597	0.465955233458519	0.226	0.167	1	chr1-113928305-113932491	4
0.458315588763417	0.443365348386315	0.306	0.238	1	chr5-154444588-154447499	4
0.458315588763417	0.372278170502099	0.306	0.238	1	chr12-32754707-32756969	4
0.458947973512259	0.46948342639372	0.274	0.214	1	chr7-80917284-80920567	4
0.459037254454997	0.44609053789758	0.258	0.19	1	chr3-149129005-149130602	4
0.459037254454997	0.423148198063433	0.258	0.19	1	chr5-55533293-55535945	4
0.459037254454997	0.395378503010836	0.258	0.19	1	chr16-66693977-66697764	4
0.459037254454997	0.373068616948877	0.258	0.19	1	chr16-67925764-67927123	4
0.460126893274791	0.589568995736274	0.194	0.143	1	chr5-16615360-16617586	4
0.460126893274791	0.618722713142012	0.194	0.143	1	chr5-141848268-141850695	4
0.460126893274791	0.558176951625081	0.194	0.143	1	chr10-13160926-13162201	4
0.460126893274791	0.590270855725264	0.194	0.143	1	chr12-53440813-53442381	4
0.460126893274791	0.598194432429657	0.194	0.143	1	chr13-112213156-112214632	4
0.460126893274791	0.588322206402696	0.194	0.143	1	chrX-118726660-118728506	4
0.460141596814635	0.511289467544147	0.177	0.119	1	chr2-74653667-74655017	4
0.460141596814635	0.512276233873248	0.177	0.119	1	chr3-119574639-119576210	4
0.460141596814635	0.483710340072862	0.177	0.119	1	chr3-184240302-184242582	4
0.460141596814635	0.476281220867458	0.177	0.119	1	chr7-44018720-44020686	4
0.460141596814635	0.380092042552539	0.177	0.119	1	chr9-116491014-116492334	4
0.460141596814635	0.537764693534136	0.177	0.119	1	chr10-49418553-49419626	4
0.460141596814635	0.409663508596953	0.177	0.119	1	chr16-19395690-19397863	4
0.460358598373359	0.752382503235405	0.113	0.071	1	chr1-168959741-168961089	4
0.460358598373359	0.802065794918934	0.113	0.071	1	chr1-220630917-220631928	4
0.460358598373359	0.786473190782142	0.113	0.071	1	chr2-10042746-10044731	4
0.460358598373359	0.806183141840925	0.113	0.071	1	chr2-64143408-64144996	4
0.460358598373359	0.781638191641667	0.113	0.071	1	chr2-108612730-108614431	4
0.460358598373359	0.762563138334869	0.113	0.071	1	chr4-57028194-57029256	4
0.460358598373359	0.74407009486587	0.113	0.071	1	chr4-101014983-101017324	4
0.460358598373359	0.72903647799762	0.113	0.071	1	chr5-79503758-79504636	4
0.460358598373359	0.88848326572246	0.113	0.071	1	chr6-15026437-15027642	4
0.460358598373359	0.726670200542326	0.113	0.071	1	chr7-7529052-7529963	4
0.460358598373359	0.742952082764412	0.113	0.071	1	chr7-27171402-27173892	4
0.460358598373359	0.788963518238819	0.113	0.071	1	chr7-48172894-48174160	4
0.460358598373359	0.765528758765514	0.113	0.071	1	chr7-78018505-78021112	4
0.460358598373359	0.910701702986859	0.113	0.071	1	chr9-35832559-35835916	4
0.460358598373359	0.729714049472726	0.113	0.071	1	chr12-12915969-12917245	4
0.460358598373359	0.94821501668609	0.113	0.071	1	chr15-84803700-84804968	4
0.460358598373359	0.822292288010603	0.113	0.071	1	chr16-58861427-58863063	4
0.460358598373359	0.777139960363701	0.113	0.071	1	chr16-89216221-89218307	4
0.460358598373359	0.776440759703628	0.113	0.071	1	chr17-18681982-18682744	4
0.460358598373359	0.867549595281558	0.113	0.071	1	chr17-39631114-39633533	4
0.460358598373359	0.767529479754939	0.113	0.071	1	chr19-6235789-6237478	4
0.460358598373359	0.778074709386598	0.113	0.071	1	chr20-63588153-63591027	4
0.460358598373359	0.781968973204333	0.113	0.071	1	chr22-28882506-28884648	4
0.460358598373359	0.792168910010496	0.113	0.071	1	chrX-86046365-86048032	4
0.460822452104746	0.307910732296447	0.339	0.262	1	chr7-112938845-112940958	4
0.463166504940751	0.331599674259905	0.371	0.31	1	chr20-3888019-3891546	4
0.463409990524324	0.422572400266417	0.306	0.238	1	chr4-184802657-184809094	4
0.463587596966883	0.394011426445672	0.242	0.167	1	chr1-42765818-42768242	4
0.463901902875202	0.444766679757774	0.21	0.143	1	chr9-137126888-137130663	4
0.463901902875202	0.412292559074981	0.21	0.143	1	chr12-56686375-56689528	4
0.463901902875202	0.365967829733814	0.21	0.143	1	chrX-16718946-16720376	4
0.464047905571855	0.672990538354102	0.145	0.095	1	chr1-206555236-206560716	4
0.464047905571855	0.702502183617936	0.145	0.095	1	chr1-218163759-218165828	4
0.464047905571855	0.537564100394388	0.145	0.095	1	chr3-42652417-42655609	4
0.464047905571855	0.597291154922925	0.145	0.095	1	chr3-142856776-142857702	4
0.464047905571855	0.62798175635041	0.145	0.095	1	chr5-16893879-16895650	4
0.464047905571855	0.594854023550043	0.145	0.095	1	chr5-134222132-134223096	4
0.464047905571855	0.578021050078088	0.145	0.095	1	chr7-7453667-7455492	4
0.464047905571855	0.503412290843491	0.145	0.095	1	chr7-100247060-100248293	4
0.464047905571855	0.595204112546418	0.145	0.095	1	chr7-118280002-118281464	4
0.464047905571855	0.716748898492039	0.145	0.095	1	chr9-91422117-91424762	4
0.464047905571855	0.59633158804578	0.145	0.095	1	chr9-109012060-109014075	4
0.464047905571855	0.564077800867136	0.145	0.095	1	chr10-124104965-124107222	4
0.464047905571855	0.625385161217874	0.145	0.095	1	chr12-101944842-101946518	4
0.464047905571855	0.662046230486965	0.145	0.095	1	chr13-30865094-30865809	4
0.464047905571855	0.640025012746014	0.145	0.095	1	chr16-2512256-2516126	4
0.464047905571855	0.707754598842014	0.145	0.095	1	chr20-50115142-50116704	4
0.464053872300432	0.447030744265666	0.226	0.167	1	chr1-24641659-24645721	4
0.464053872300432	0.449674947772029	0.226	0.167	1	chr4-151760333-151761686	4
0.464053872300432	0.453805987247831	0.226	0.167	1	chr6-7417458-7419796	4
0.464053872300432	0.446443731468015	0.226	0.167	1	chr7-112788828-112790991	4
0.464053872300432	0.355986915566826	0.226	0.167	1	chr10-42475040-42476810	4
0.464053872300432	0.467431955032291	0.226	0.167	1	chr11-130897166-130899783	4
0.464053872300432	0.395674767304227	0.226	0.167	1	chr19-16495755-16497269	4
0.464234907569032	0.693220959987366	0.161	0.119	1	chr10-102398983-102400292	4
0.464234907569032	0.634947546407139	0.161	0.119	1	chr20-31678418-31681189	4
0.464234907569032	0.627358763778073	0.161	0.119	1	chr21-44516963-44518542	4
0.464533017721777	0.317800795923347	0.387	0.31	1	chr5-154753351-154758751	4
0.466253462933556	0.559249773602575	0.194	0.143	1	chr1-32178696-32180966	4
0.466253462933556	0.549306407108655	0.194	0.143	1	chr11-14519288-14521027	4
0.466421858942208	0.557897512446449	0.226	0.19	1	chr10-14953094-14954877	4
0.466575581761608	0.497939809417656	0.177	0.119	1	chr1-11058334-11062058	4
0.466575581761608	0.547797909011132	0.177	0.119	1	chr1-182317225-182318728	4
0.466575581761608	0.557842219373975	0.177	0.119	1	chr9-35811243-35812666	4
0.466575581761608	0.49176401972465	0.177	0.119	1	chr12-30792285-30793720	4
0.466575581761608	0.554396661595536	0.177	0.119	1	chr12-111756380-111759167	4
0.466575581761608	0.519136764955803	0.177	0.119	1	chr15-83010642-83012510	4
0.466575581761608	0.469244468081365	0.177	0.119	1	chr15-101167356-101169005	4
0.467696852602883	0.342405219762409	0.29	0.214	1	chr20-62922425-62927062	4
0.468231011482317	0.427394971940084	0.29	0.238	1	chr1-160030423-160033133	4
0.468265168348692	0.697129530116366	0.113	0.071	1	chr1-214466422-214467643	4
0.468265168348692	0.674839119618795	0.113	0.071	1	chr2-183872076-183873199	4
0.468265168348692	0.792552421092904	0.113	0.071	1	chr2-239006166-239007619	4
0.468265168348692	0.698047642838376	0.113	0.071	1	chr3-31978298-31979126	4
0.468265168348692	0.685959543738705	0.113	0.071	1	chr3-72278930-72280325	4
0.468265168348692	0.712493781279897	0.113	0.071	1	chr3-113147951-113149065	4
0.468265168348692	0.704538266910847	0.113	0.071	1	chr3-148684158-148684873	4
0.468265168348692	0.769366239881887	0.113	0.071	1	chr5-37667716-37669210	4
0.468265168348692	0.759201142651499	0.113	0.071	1	chr5-127072595-127073991	4
0.468265168348692	0.775228196550465	0.113	0.071	1	chr5-169197089-169197807	4
0.468265168348692	0.770887988483328	0.113	0.071	1	chr6-129426636-129427614	4
0.468265168348692	0.732230643817427	0.113	0.071	1	chr7-164751-165957	4
0.468265168348692	0.662873827955678	0.113	0.071	1	chr7-74417302-74418042	4
0.468265168348692	0.803801764532125	0.113	0.071	1	chr7-113394082-113395520	4
0.468265168348692	0.867375816484479	0.113	0.071	1	chr7-137695629-137696540	4
0.468265168348692	0.731914873286286	0.113	0.071	1	chr8-55720903-55722082	4
0.468265168348692	0.675289458508217	0.113	0.071	1	chr8-71679368-71680124	4
0.468265168348692	0.798889138182619	0.113	0.071	1	chr9-92911345-92912793	4
0.468265168348692	0.573205850593959	0.113	0.071	1	chr9-121649668-121652180	4
0.468265168348692	0.705665400822245	0.113	0.071	1	chr9-136438856-136440336	4
0.468265168348692	0.793854070691288	0.113	0.071	1	chr12-75128931-75129856	4
0.468265168348692	0.635796371021192	0.113	0.071	1	chr13-98172007-98175461	4
0.468265168348692	0.74753544984879	0.113	0.071	1	chr14-102472082-102473452	4
0.468265168348692	0.764871200808414	0.113	0.071	1	chr16-578792-579534	4
0.468265168348692	0.69108068980277	0.113	0.071	1	chr19-2866826-2867567	4
0.468265168348692	0.777893922439933	0.113	0.071	1	chr19-11041878-11042748	4
0.468265168348692	0.702368707152636	0.113	0.071	1	chr19-40662492-40663771	4
0.468265168348692	0.768257858520529	0.113	0.071	1	chrX-153598247-153600395	4
0.468535791143904	0.352059696677606	0.306	0.238	1	chr6-116277931-116281048	4
0.469265712932082	0.312584325354602	0.242	0.167	1	chr5-36875190-36879116	4
0.46958475196956	0.441245649019486	0.274	0.214	1	chr18-74596566-74599301	4
0.46967975515394	0.272048033827466	0.548	0.452	1	chr5-181221350-181224544	4
0.469839426403552	0.509186159461814	0.226	0.167	1	chr2-97645064-97646789	4
0.469839426403552	0.432321289678754	0.226	0.167	1	chr8-53842294-53844116	4
0.469839426403552	0.497734496623196	0.226	0.167	1	chr14-92724154-92726951	4
0.469839426403552	0.440804390353938	0.226	0.167	1	chr17-40330266-40333070	4
0.469922228225549	0.337210671835451	0.21	0.143	1	chr4-5709144-5712138	4
0.469922228225549	0.429493546712908	0.21	0.143	1	chr19-21851422-21852501	4
0.470042263948623	0.344301036488924	0.419	0.333	1	chr1-46130622-46136121	4
0.470836644515493	0.337225893193046	0.306	0.214	1	chr16-23148316-23150148	4
0.470879687051139	0.664248336175619	0.161	0.119	1	chr1-112673303-112675900	4
0.470879687051139	0.674400041252664	0.161	0.119	1	chr8-102616176-102617678	4
0.470879687051139	0.672581268417505	0.161	0.119	1	chr12-105234389-105236685	4
0.470879687051139	0.721251835433649	0.161	0.119	1	chr17-45160305-45162526	4
0.471114401258518	0.615301926317879	0.145	0.095	1	chr1-169848864-169850249	4
0.471114401258518	0.621650535962091	0.145	0.095	1	chr1-189774462-189775528	4
0.471114401258518	0.560619838225401	0.145	0.095	1	chr2-202375484-202377911	4
0.471114401258518	0.617966285725139	0.145	0.095	1	chr3-27720693-27722803	4
0.471114401258518	0.595342409471455	0.145	0.095	1	chr3-73503890-73504908	4
0.471114401258518	0.593146230261573	0.145	0.095	1	chr5-154940472-154942007	4
0.471114401258518	0.597554479063619	0.145	0.095	1	chr7-90231209-90232713	4
0.471114401258518	0.540636155712645	0.145	0.095	1	chr7-100049323-100050505	4
0.471114401258518	0.672690162781871	0.145	0.095	1	chr9-14692385-14694043	4
0.471114401258518	0.579465051555839	0.145	0.095	1	chr10-8951020-8952107	4
0.471114401258518	0.503428202925875	0.145	0.095	1	chr10-26696677-26699258	4
0.471114401258518	0.499665766669711	0.145	0.095	1	chr12-6234808-6236395	4
0.471114401258518	0.589072280821997	0.145	0.095	1	chr12-21443930-21445195	4
0.471114401258518	0.663799176442677	0.145	0.095	1	chr13-40920701-40922305	4
0.471114401258518	0.580241811810675	0.145	0.095	1	chr13-113928477-113929991	4
0.471114401258518	0.567282456467405	0.145	0.095	1	chr14-22981635-22983786	4
0.471114401258518	0.573317436138195	0.145	0.095	1	chr15-44554805-44556340	4
0.471114401258518	0.652366068738613	0.145	0.095	1	chr17-73091626-73093231	4
0.471114401258518	0.561840065249596	0.145	0.095	1	chr19-49630419-49631895	4
0.471114401258518	0.740724408632525	0.145	0.095	1	chr19-58228057-58229693	4
0.471114401258518	0.528348215598262	0.145	0.095	1	chr20-18006356-18008950	4
0.471114401258518	0.592588617685947	0.145	0.095	1	chr22-29266535-29270845	4
0.471269567615856	0.385565946573019	0.371	0.286	1	chr14-21307098-21309479	4
0.471269567615856	0.331438073551318	0.355	0.31	1	chr20-35739459-35743759	4
0.471279251456327	0.267190379678778	0.274	0.19	1	chr3-120347876-120351151	4
0.472425055251515	0.514331902049725	0.194	0.143	1	chr3-198079952-198081863	4
0.472425055251515	0.538389455170742	0.194	0.143	1	chr7-133252624-133253908	4
0.472425055251515	0.517495235756375	0.194	0.143	1	chr11-120525285-120526450	4
0.472425055251515	0.57622616073986	0.194	0.143	1	chr12-57086836-57089566	4
0.473059183991712	0.41419798832819	0.177	0.119	1	chr3-117277577-117279963	4
0.473059183991712	0.400781458592928	0.177	0.119	1	chr16-89343595-89347400	4
0.473059183991712	0.360865512531221	0.177	0.119	1	chr19-23686205-23687555	4
0.473059183991712	0.542977191450776	0.177	0.119	1	chr19-35612220-35613481	4
0.473692821992553	0.442328280927884	0.306	0.238	1	chr1-2583414-2588109	4
0.473692821992553	0.399338151167325	0.306	0.238	1	chr3-111673947-111677225	4
0.473692821992553	0.409030973192441	0.306	0.238	1	chr11-44564281-44566290	4
0.474003281274406	0.571484451061294	0.242	0.19	1	chr1-227945111-227948967	4
0.474003281274406	0.409463940460015	0.242	0.19	1	chr15-69451849-69454367	4
0.474953819508962	0.431627941511583	0.274	0.214	1	chr3-129312640-129317314	4
0.474953819508962	0.480471329549846	0.274	0.214	1	chr4-13544151-13545591	4
0.474953819508962	0.39022177106594	0.274	0.214	1	chr16-71288055-71290498	4
0.474972867598632	0.260795598335008	0.468	0.381	1	chr12-124358823-124361729	4
0.475531317257336	0.359801247689182	0.258	0.19	1	chr12-115398065-115399080	4
0.475531317257336	0.365882484759536	0.258	0.19	1	chr15-65832265-65834296	4
0.475664620030867	0.463422888368114	0.226	0.167	1	chr1-33472005-33473353	4
0.475664620030867	0.520909292167947	0.226	0.167	1	chr1-168860736-168864722	4
0.475664620030867	0.391497883085134	0.226	0.167	1	chr3-40523631-40525855	4
0.475664620030867	0.473957664937349	0.226	0.167	1	chr4-74157206-74159514	4
0.475664620030867	0.436318126501735	0.226	0.167	1	chr5-134904071-134906263	4
0.475664620030867	0.342140838328739	0.226	0.167	1	chr11-60903758-60907218	4
0.475664620030867	0.431546827023388	0.226	0.167	1	chr16-66879833-66881929	4
0.475734209280243	0.368214505276066	0.339	0.262	1	chr9-32550030-32553595	4
0.475985475118935	0.424796273639904	0.21	0.143	1	chr1-39851961-39853487	4
0.475985475118935	0.431537739329908	0.21	0.143	1	chr6-13573587-13575625	4
0.475985475118935	0.35916672698156	0.21	0.143	1	chr14-77799601-77800978	4
0.476129503358205	0.269491119075908	0.371	0.286	1	chr9-89602891-89607431	4
0.476246361954887	0.905917237244169	0.113	0.071	1	chr1-931546-934070	4
0.476246361954887	0.719875562820011	0.113	0.071	1	chr1-10698598-10700676	4
0.476246361954887	0.773336226939052	0.113	0.071	1	chr1-46489043-46490424	4
0.476246361954887	0.678345091724302	0.113	0.071	1	chr1-201792691-201793657	4
0.476246361954887	0.781679932771387	0.113	0.071	1	chr1-230139723-230141068	4
0.476246361954887	0.69589771220286	0.113	0.071	1	chr3-46913381-46914356	4
0.476246361954887	0.729419683066017	0.113	0.071	1	chr3-57146737-57147910	4
0.476246361954887	0.823869459809787	0.113	0.071	1	chr3-105688736-105690569	4
0.476246361954887	0.72740385080937	0.113	0.071	1	chr3-107264637-107265678	4
0.476246361954887	0.806476805033725	0.113	0.071	1	chr3-124016408-124018075	4
0.476246361954887	0.781813363706044	0.113	0.071	1	chr3-127597639-127599332	4
0.476246361954887	0.819096249680098	0.113	0.071	1	chr3-152827766-152829145	4
0.476246361954887	0.755431036610304	0.113	0.071	1	chr4-7070458-7071381	4
0.476246361954887	0.737236402429132	0.113	0.071	1	chr4-12956959-12957636	4
0.476246361954887	0.670610514600552	0.113	0.071	1	chr4-109915334-109916460	4
0.476246361954887	0.653285792592459	0.113	0.071	1	chr4-147927541-147929385	4
0.476246361954887	0.768155471023748	0.113	0.071	1	chr5-15499434-15500942	4
0.476246361954887	0.824375595562617	0.113	0.071	1	chr6-43052877-43054348	4
0.476246361954887	0.749782284329346	0.113	0.071	1	chr6-144414666-144415729	4
0.476246361954887	0.763810714683409	0.113	0.071	1	chr7-131326825-131329624	4
0.476246361954887	0.876699231652347	0.113	0.071	1	chr7-141701389-141703238	4
0.476246361954887	0.682971045255732	0.113	0.071	1	chr8-52940535-52942297	4
0.476246361954887	0.811866149091431	0.113	0.071	1	chr8-76986307-76987491	4
0.476246361954887	0.716653833867173	0.113	0.071	1	chr8-115667870-115669950	4
0.476246361954887	0.746752730395422	0.113	0.071	1	chr8-127763268-127764316	4
0.476246361954887	0.637241668767697	0.113	0.071	1	chr9-129726508-129727444	4
0.476246361954887	0.746754735411559	0.113	0.071	1	chr12-101459592-101460595	4
0.476246361954887	0.75268186694415	0.113	0.071	1	chr13-82435908-82436691	4
0.476246361954887	0.671230025987592	0.113	0.071	1	chr16-8718609-8719609	4
0.476246361954887	0.799970652053665	0.113	0.071	1	chr16-53732178-53733138	4
0.476246361954887	0.763658046144967	0.113	0.071	1	chr17-75666774-75667781	4
0.476246361954887	0.67477055848135	0.113	0.071	1	chr18-32121800-32122780	4
0.476246361954887	0.766600848732693	0.113	0.071	1	chr18-59307995-59309174	4
0.476246361954887	0.733196406195912	0.113	0.071	1	chr19-43526315-43527711	4
0.476246361954887	0.684757392435412	0.113	0.071	1	chr20-5609845-5611518	4
0.476246361954887	0.553085501106969	0.113	0.071	1	chr20-5848835-5849760	4
0.476246361954887	0.743126431405805	0.113	0.071	1	chr20-35207831-35208988	4
0.476246361954887	0.624981227266476	0.113	0.071	1	chr20-51749594-51751009	4
0.476246361954887	0.647565236077428	0.113	0.071	1	chrX-24693193-24694496	4
0.476246361954887	0.714102185858918	0.113	0.071	1	chrX-55717073-55718627	4
0.476737326431114	0.503478486201067	0.258	0.214	1	chr5-75510364-75512670	4
0.476737326431114	0.353234153564146	0.258	0.214	1	chrX-135342590-135345657	4
0.477576619905677	0.618397381563365	0.161	0.119	1	chr3-41198653-41200909	4
0.477576619905677	0.752074121908655	0.161	0.119	1	chr5-119036078-119038502	4
0.478239861938382	0.514280769168292	0.145	0.095	1	chr1-16366754-16368691	4
0.478239861938382	0.484567435475546	0.145	0.095	1	chr1-80130492-80131554	4
0.478239861938382	0.570786124736617	0.145	0.095	1	chr1-160159298-160160556	4
0.478239861938382	0.680253887452129	0.145	0.095	1	chr1-202106870-202109160	4
0.478239861938382	0.486373080286232	0.145	0.095	1	chr1-206112428-206113772	4
0.478239861938382	0.56281308451998	0.145	0.095	1	chr1-245059837-245061483	4
0.478239861938382	0.510816438853394	0.145	0.095	1	chr2-85771807-85773106	4
0.478239861938382	0.569235173456674	0.145	0.095	1	chr3-12993587-12995587	4
0.478239861938382	0.590753145557099	0.145	0.095	1	chr4-83638617-83640376	4
0.478239861938382	0.563952882467037	0.145	0.095	1	chr4-102533006-102534722	4
0.478239861938382	0.5771480758931	0.145	0.095	1	chr5-90561709-90562796	4
0.478239861938382	0.531171085487873	0.145	0.095	1	chr6-82876927-82878195	4
0.478239861938382	0.552227928879869	0.145	0.095	1	chr6-111550983-111553636	4
0.478239861938382	0.525867096603056	0.145	0.095	1	chr6-166556363-166558497	4
0.478239861938382	0.603694796257045	0.145	0.095	1	chr7-25454969-25457544	4
0.478239861938382	0.5926306540313	0.145	0.095	1	chr7-56091534-56093736	4
0.478239861938382	0.523563570509734	0.145	0.095	1	chr7-128076446-128077911	4
0.478239861938382	0.576654229645524	0.145	0.095	1	chr9-137056812-137058644	4
0.478239861938382	0.532556062957447	0.145	0.095	1	chr13-46210734-46212367	4
0.478239861938382	0.559387170608036	0.145	0.095	1	chr14-104800184-104801940	4
0.478239861938382	0.598594195727028	0.145	0.095	1	chr19-11558464-11559901	4
0.478239861938382	0.490252108876882	0.145	0.095	1	chr20-36604869-36607324	4
0.478239861938382	0.408375430829734	0.145	0.095	1	chr20-49812226-49813854	4
0.478239861938382	0.542180759959972	0.145	0.095	1	chr22-35399492-35400682	4
0.478239861938382	0.495459552402076	0.145	0.095	1	chrX-75273390-75275227	4
0.478298036745109	0.300941005458343	0.29	0.214	1	chr7-23012805-23014615	4
0.478298036745109	0.448618025250375	0.29	0.214	1	chr14-23070925-23072547	4
0.478641373262116	0.458611038559653	0.194	0.143	1	chr11-26017116-26019702	4
0.479592058758056	0.390519118720406	0.177	0.119	1	chr2-109612907-109614889	4
0.479592058758056	0.50853998521427	0.177	0.119	1	chr4-99087860-99089851	4
0.479592058758056	0.500153284661931	0.177	0.119	1	chr15-93027259-93031292	4
0.479592058758056	0.454415693166017	0.177	0.119	1	chr18-41948976-41950072	4
0.479592058758056	0.52218597612228	0.177	0.119	1	chr20-37955842-37956866	4
0.480736462533681	0.32360021582608	0.242	0.167	1	chr11-62621232-62622779	4
0.481100724992117	0.356967133705655	0.258	0.19	1	chr4-48014552-48017893	4
0.481529201297489	0.454118826952367	0.226	0.167	1	chr1-228081119-228086087	4
0.481529201297489	0.489076279296904	0.226	0.167	1	chrX-120559780-120562059	4
0.481917339046897	0.328759854602488	0.355	0.286	1	chr14-23320472-23323034	4
0.48209135936893	0.347093542958518	0.21	0.143	1	chr1-159915513-159918035	4
0.48209135936893	0.41878814469014	0.21	0.143	1	chr12-111596951-111600482	4
0.482229838797357	0.289271672822868	0.274	0.19	1	chr10-37975252-37977368	4
0.482677828615619	0.343372106932587	0.339	0.286	1	chr21-33640863-33644143	4
0.483649961520188	0.296750445791853	0.387	0.31	1	chr5-146202286-146204794	4
0.484301532146761	0.69377779523877	0.113	0.071	1	chr1-46347252-46348656	4
0.484301532146761	0.709681689154851	0.113	0.071	1	chr1-116202834-116204045	4
0.484301532146761	0.756607988432886	0.113	0.071	1	chr1-192630447-192632557	4
0.484301532146761	0.525365216725906	0.113	0.071	1	chr2-179953397-179954511	4
0.484301532146761	0.751175754445782	0.113	0.071	1	chr2-200796462-200797936	4
0.484301532146761	0.746714933731863	0.113	0.071	1	chr4-42401084-42401775	4
0.484301532146761	0.648992505736592	0.113	0.071	1	chr4-110631603-110632604	4
0.484301532146761	0.727230045548892	0.113	0.071	1	chr4-151561188-151562523	4
0.484301532146761	0.719891902852564	0.113	0.071	1	chr5-65481390-65484203	4
0.484301532146761	0.69156184699204	0.113	0.071	1	chr5-75362539-75365006	4
0.484301532146761	0.653427309453272	0.113	0.071	1	chr5-133065106-133066438	4
0.484301532146761	0.74164061030406	0.113	0.071	1	chr6-14210504-14211825	4
0.484301532146761	0.649006255866107	0.113	0.071	1	chr6-28586318-28588146	4
0.484301532146761	0.686985879466521	0.113	0.071	1	chr6-29722829-29724328	4
0.484301532146761	0.692185095339852	0.113	0.071	1	chr7-32727409-32729315	4
0.484301532146761	0.720218447949244	0.113	0.071	1	chr7-94583627-94584982	4
0.484301532146761	0.658062821365428	0.113	0.071	1	chr7-113789336-113790666	4
0.484301532146761	0.746104966532534	0.113	0.071	1	chr8-11564130-11565246	4
0.484301532146761	0.765358797211824	0.113	0.071	1	chr9-3490744-3491671	4
0.484301532146761	0.697934553679283	0.113	0.071	1	chr9-84749880-84751188	4
0.484301532146761	0.685992665084529	0.113	0.071	1	chr9-124010950-124012180	4
0.484301532146761	0.530062222337723	0.113	0.071	1	chr9-137067558-137068645	4
0.484301532146761	0.72465990073162	0.113	0.071	1	chr11-1571011-1575125	4
0.484301532146761	0.713299730287796	0.113	0.071	1	chr11-2290230-2291057	4
0.484301532146761	0.685966998623953	0.113	0.071	1	chr11-62598831-62599667	4
0.484301532146761	0.718849824909995	0.113	0.071	1	chr11-84607959-84609427	4
0.484301532146761	0.778864485104891	0.113	0.071	1	chr11-95337949-95340660	4
0.484301532146761	0.671679333770743	0.113	0.071	1	chr11-113777936-113778744	4
0.484301532146761	0.632949178564456	0.113	0.071	1	chr11-129375192-129376606	4
0.484301532146761	0.709696084090749	0.113	0.071	1	chr11-133947041-133948807	4
0.484301532146761	0.71417632746957	0.113	0.071	1	chr12-57126926-57128632	4
0.484301532146761	0.781667739179592	0.113	0.071	1	chr12-111368159-111370042	4
0.484301532146761	0.654145885865204	0.113	0.071	1	chr13-56769087-56770603	4
0.484301532146761	0.71995028227584	0.113	0.071	1	chr13-105971754-105973090	4
0.484301532146761	0.669790885580617	0.113	0.071	1	chr14-55126881-55127995	4
0.484301532146761	0.675671301230795	0.113	0.071	1	chr14-75063262-75064571	4
0.484301532146761	0.624144148841269	0.113	0.071	1	chr15-90333955-90334850	4
0.484301532146761	0.720376378903655	0.113	0.071	1	chr16-4044472-4045528	4
0.484301532146761	0.679804359292366	0.113	0.071	1	chr16-55502427-55503588	4
0.484301532146761	0.581924193497435	0.113	0.071	1	chr16-57807828-57808788	4
0.484301532146761	0.61928068431966	0.113	0.071	1	chr17-18969303-18970376	4
0.484301532146761	0.604551640520698	0.113	0.071	1	chr17-38674475-38675476	4
0.484301532146761	0.729789756925644	0.113	0.071	1	chr17-48618461-48620085	4
0.484301532146761	0.616613185131682	0.113	0.071	1	chr17-81909746-81912180	4
0.484301532146761	0.689281935956978	0.113	0.071	1	chr17-82272352-82274461	4
0.484301532146761	0.678412095187735	0.113	0.071	1	chr19-10564993-10566433	4
0.484301532146761	0.64245307686905	0.113	0.071	1	chr20-17594134-17595997	4
0.484301532146761	0.639400461457196	0.113	0.071	1	chr20-36446664-36447714	4
0.484301532146761	0.412554956587591	0.113	0.071	1	chr20-59041647-59043514	4
0.484301532146761	0.676873213209254	0.113	0.071	1	chr21-36347039-36348007	4
0.484301532146761	0.713695725193221	0.113	0.071	1	chr22-30326330-30328206	4
0.484301532146761	0.685894059096151	0.113	0.071	1	chrX-46791806-46793223	4
0.484325322008775	0.514147446878594	0.161	0.119	1	chr1-26786056-26789655	4
0.484325322008775	0.578865871355687	0.161	0.119	1	chr9-130444138-130448414	4
0.484902108780577	0.715698783842472	0.194	0.143	1	chr1-206711904-206715594	4
0.484902108780577	0.487724280650788	0.194	0.143	1	chr6-27809699-27811532	4
0.484902108780577	0.483822706987382	0.194	0.143	1	chr6-43058967-43060753	4
0.484902108780577	0.391588620775251	0.194	0.143	1	chr9-122263851-122265975	4
0.484902108780577	0.494913010948221	0.194	0.143	1	chr10-96374864-96375974	4
0.484902108780577	0.49133982473136	0.194	0.143	1	chr11-66743092-66745793	4
0.484902108780577	0.528172125749845	0.194	0.143	1	chrX-48675746-48677532	4
0.485340352347526	0.480544629807124	0.242	0.19	1	chr8-134711135-134713982	4
0.485340352347526	0.473898349166578	0.242	0.19	1	chr19-55639003-55644767	4
0.485423824426549	0.491064101713901	0.145	0.095	1	chr1-54015860-54017109	4
0.485423824426549	0.647438635947482	0.145	0.095	1	chr1-94252125-94254886	4
0.485423824426549	0.454985178384845	0.145	0.095	1	chr1-233294846-233296392	4
0.485423824426549	0.470134132438641	0.145	0.095	1	chr2-189540570-189542840	4
0.485423824426549	0.469174838061877	0.145	0.095	1	chr3-81676483-81677773	4
0.485423824426549	0.57769044733625	0.145	0.095	1	chr3-125054431-125056712	4
0.485423824426549	0.567652451928538	0.145	0.095	1	chr5-157858189-157859637	4
0.485423824426549	0.518081470909624	0.145	0.095	1	chr6-27547345-27549078	4
0.485423824426549	0.562027509273957	0.145	0.095	1	chr7-16298723-16300637	4
0.485423824426549	0.48739531383169	0.145	0.095	1	chr8-8701052-8702699	4
0.485423824426549	0.635733398274571	0.145	0.095	1	chr11-76782174-76784915	4
0.485423824426549	0.624323706240359	0.145	0.095	1	chr12-49567302-49569386	4
0.485423824426549	0.447050295829762	0.145	0.095	1	chr14-100024815-100025797	4
0.485423824426549	0.538678227667609	0.145	0.095	1	chr16-19067034-19068602	4
0.485423824426549	0.447567879803455	0.145	0.095	1	chr18-21241951-21243365	4
0.485423824426549	0.519554714312017	0.145	0.095	1	chr19-46660747-46662459	4
0.485669019698866	0.302960709000669	0.403	0.333	1	chrX-149937704-149941098	4
0.485792326257734	0.364345008119038	0.274	0.214	1	chr3-53158977-53163237	4
0.485931247846245	0.281233271746287	0.355	0.31	1	chr17-43359842-43362569	4
0.48617384768116	0.334458313569427	0.177	0.119	1	chr15-74460553-74462224	4
0.48617384768116	0.533473271587328	0.177	0.119	1	chr16-27527814-27529689	4
0.48617384768116	0.46221426229708	0.177	0.119	1	chr17-79113789-79115531	4
0.486528612707295	0.408659452488687	0.242	0.167	1	chr9-104746969-104749011	4
0.486637268586337	0.257406742537061	0.306	0.214	1	chr5-173615220-173617272	4
0.486637268586337	0.342301963254571	0.306	0.214	1	chr11-17206813-17210458	4
0.486705460254954	0.391951932201152	0.258	0.19	1	chr7-39622685-39625273	4
0.486705460254954	0.369836030561882	0.258	0.19	1	chr11-76234701-76236918	4
0.487432909560746	0.494471664490052	0.226	0.167	1	chr1-86433359-86436453	4
0.487432909560746	0.384952021882939	0.226	0.167	1	chr3-58236832-58238832	4
0.487432909560746	0.436513670181504	0.226	0.167	1	chr5-94110563-94112245	4
0.487432909560746	0.408621689521023	0.226	0.167	1	chr8-116765707-116767717	4
0.488017370107097	0.564314739257894	0.21	0.167	1	chr14-92105140-92107262	4
0.4908727506948	0.317526670762967	0.371	0.286	1	chr4-184647302-184650670	4
0.491063466068286	0.576953263075855	0.242	0.19	1	chrX-74290473-74293938	4
0.491125394048248	0.706105695787625	0.161	0.119	1	chr1-2522986-2528650	4
0.491125394048248	0.578969318230142	0.161	0.119	1	chr5-58849760-58850737	4
0.491125394048248	0.600265485164827	0.161	0.119	1	chr6-36422945-36423977	4
0.491125394048248	0.642122721609149	0.161	0.119	1	chr11-110092056-110093795	4
0.491125394048248	0.573299102526101	0.161	0.119	1	chr12-133036801-133038166	4
0.491206942416864	0.446586572497357	0.194	0.143	1	chr10-22713048-22715212	4
0.491206942416864	0.428283796098888	0.194	0.143	1	chr16-71483823-71485094	4
0.49187474116173	0.265005113838969	0.355	0.286	1	chr4-42653198-42657997	4
0.491967127308968	0.301281349517738	0.306	0.214	1	chr19-58379596-58383010	4
0.492199643710803	0.308029339750432	0.371	0.31	1	chr4-165111832-165114007	4
0.492306416426318	0.846633341002504	0.129	0.095	1	chr17-12730418-12731803	4
0.492345292831414	0.263282249153102	0.258	0.19	1	chr2-207528314-207531734	4
0.492345292831414	0.387947023866121	0.258	0.19	1	chr7-12941407-12944205	4
0.492430000949898	0.576352987401163	0.113	0.071	1	chr1-35264074-35265705	4
0.492430000949898	0.663728739877268	0.113	0.071	1	chr1-81498316-81499447	4
0.492430000949898	0.685143809727595	0.113	0.071	1	chr1-185733542-185734801	4
0.492430000949898	0.824534166481204	0.113	0.071	1	chr1-234987043-234988307	4
0.492430000949898	0.738978930406694	0.113	0.071	1	chr2-20625163-20626637	4
0.492430000949898	0.59352333670732	0.113	0.071	1	chr2-120107707-120108808	4
0.492430000949898	0.726005702125407	0.113	0.071	1	chr2-129923205-129924278	4
0.492430000949898	0.618619620422149	0.113	0.071	1	chr2-157290265-157291745	4
0.492430000949898	0.694938657716663	0.113	0.071	1	chr2-222752640-222754684	4
0.492430000949898	0.537260651325977	0.113	0.071	1	chr3-53128778-53131145	4
0.492430000949898	0.660492564596985	0.113	0.071	1	chr3-66010130-66011498	4
0.492430000949898	0.755479666090595	0.113	0.071	1	chr3-93973089-93974421	4
0.492430000949898	0.647659099752899	0.113	0.071	1	chr3-143585732-143587667	4
0.492430000949898	0.607593337842827	0.113	0.071	1	chr3-194497600-194498582	4
0.492430000949898	0.617856464698266	0.113	0.071	1	chr4-53702226-53703390	4
0.492430000949898	0.709016620580686	0.113	0.071	1	chr4-85796380-85797338	4
0.492430000949898	0.621342425944407	0.113	0.071	1	chr4-101088722-101090191	4
0.492430000949898	0.637618524572401	0.113	0.071	1	chr4-102420306-102421435	4
0.492430000949898	0.533049698281404	0.113	0.071	1	chr4-113547403-113548238	4
0.492430000949898	0.658649867994973	0.113	0.071	1	chr5-109484469-109485725	4
0.492430000949898	0.651181853476226	0.113	0.071	1	chr5-150441068-150446806	4
0.492430000949898	0.66160826523647	0.113	0.071	1	chr5-154167172-154169724	4
0.492430000949898	0.673084109281195	0.113	0.071	1	chr5-179166901-179167896	4
0.492430000949898	0.628951361955651	0.113	0.071	1	chr5-179912131-179914776	4
0.492430000949898	0.659829964392705	0.113	0.071	1	chr6-3067968-3069813	4
0.492430000949898	0.695000253761172	0.113	0.071	1	chr8-17488439-17490200	4
0.492430000949898	0.723775465700947	0.113	0.071	1	chr8-47765323-47766166	4
0.492430000949898	0.678626941530898	0.113	0.071	1	chr8-140983501-140984808	4
0.492430000949898	0.495010756649242	0.113	0.071	1	chr10-11345449-11346420	4
0.492430000949898	0.75015055639204	0.113	0.071	1	chr10-86755411-86757793	4
0.492430000949898	0.559751630267558	0.113	0.071	1	chr10-86829318-86830699	4
0.492430000949898	0.649628903845683	0.113	0.071	1	chr11-107383134-107385166	4
0.492430000949898	0.68290180297557	0.113	0.071	1	chr12-67068704-67070180	4
0.492430000949898	0.460873066102195	0.113	0.071	1	chr15-96338777-96341691	4
0.492430000949898	0.58829654892536	0.113	0.071	1	chr16-53045223-53046652	4
0.492430000949898	0.600401791067865	0.113	0.071	1	chr17-4677456-4680282	4
0.492430000949898	0.692234717679326	0.113	0.071	1	chr19-19342320-19343290	4
0.492430000949898	0.686554297474004	0.113	0.071	1	chr20-2839264-2841430	4
0.492430000949898	0.588627822800772	0.113	0.071	1	chr20-11543469-11544645	4
0.492430000949898	0.585069065213865	0.113	0.071	1	chr21-38950301-38951462	4
0.492665806116231	0.543218833458186	0.145	0.095	1	chr1-150320993-150322739	4
0.492665806116231	0.536262451638539	0.145	0.095	1	chr7-99616297-99617686	4
0.492665806116231	0.518740653472588	0.145	0.095	1	chr9-104767142-104768189	4
0.492665806116231	0.528515621531314	0.145	0.095	1	chr16-67832926-67834423	4
0.492665806116231	0.602266944839897	0.145	0.095	1	chr19-2738883-2740543	4
0.492665806116231	0.569921644651912	0.145	0.095	1	chr20-3172985-3174785	4
0.492665806116231	0.514116960515111	0.145	0.095	1	chr22-50341987-50343632	4
0.492804178766263	0.414614350288456	0.177	0.119	1	chr11-559622-562752	4
0.492804178766263	0.615276209146636	0.177	0.119	1	chr13-40664547-40667264	4
0.492804178766263	0.490042480284119	0.177	0.119	1	chr14-99522644-99526173	4
0.492804178766263	0.421827622147385	0.177	0.119	1	chr15-38872908-38874972	4
0.493317310800882	0.302962415766743	0.274	0.19	1	chr6-13709687-13713428	4
0.493375475431382	0.338010421433331	0.226	0.167	1	chr1-226478575-226481745	4
0.493375475431382	0.430767619067448	0.226	0.167	1	chr3-49718716-49721596	4
0.493375475431382	0.452689275799038	0.226	0.167	1	chr10-24206893-24210355	4
0.493375475431382	0.452135017779157	0.226	0.167	1	chr11-19828746-19830012	4
0.493375475431382	0.414655676093625	0.226	0.167	1	chr11-45146284-45148455	4
0.493375475431382	0.470226587724492	0.226	0.167	1	chr16-31507439-31509349	4
0.494079873742895	0.530098763560896	0.21	0.167	1	chr5-112706894-112708602	4
0.494429851860808	0.253518039986988	0.21	0.143	1	chr1-46171016-46175661	4
0.494429851860808	0.359607478936543	0.21	0.143	1	chr6-35414639-35416132	4
0.494429851860808	0.357290032120508	0.21	0.143	1	chr22-31247609-31249371	4
0.494443045278555	0.32711557031531	0.29	0.214	1	chr19-37251225-37252308	4
0.494629685241677	0.378426254960771	0.306	0.238	1	chr3-172748656-172751904	4
0.494629685241677	0.31002614794094	0.306	0.238	1	chrX-3813765-3817078	4
0.496763274754181	0.366855569907031	0.274	0.214	1	chr10-128046833-128048659	4
0.49682263799813	0.425434928282175	0.242	0.19	1	chr3-51973257-51975945	4
0.49682263799813	0.442027471748146	0.242	0.19	1	chr19-16111117-16112307	4
0.497555543593294	0.452259397107139	0.194	0.143	1	chr1-111974939-111977580	4
0.497555543593294	0.388037429594336	0.194	0.143	1	chr11-61129327-61130723	4
0.497555543593294	0.50526653642373	0.194	0.143	1	chr12-57771202-57773506	4
0.497555543593294	0.392491635220549	0.194	0.143	1	chr15-23564686-23567367	4
0.497555543593294	0.484565376262609	0.194	0.143	1	chr17-18038346-18040469	4
0.497555543593294	0.452471844410539	0.194	0.143	1	chr17-40111240-40114590	4
0.49781386103297	0.304891069192522	0.355	0.262	1	chr2-9629241-9631708	4
0.497976421548449	0.582549307300399	0.161	0.119	1	chr8-10680439-10681723	4
0.497976421548449	0.60340217115673	0.161	0.119	1	chr10-17642986-17645062	4
0.498019985393849	0.256981689638439	0.258	0.19	1	chr19-15835951-15838477	4
0.498225194107969	0.311605660278153	0.242	0.167	1	chr20-43589962-43591744	4
0.499356620787963	0.375413942725423	0.226	0.167	1	chr3-197948950-197952001	4
0.499356620787963	0.4206363906418	0.226	0.167	1	chr7-121394709-121398751	4
0.499482666426848	0.436151713655631	0.177	0.119	1	chr1-229714518-229715843	4
0.499482666426848	0.436119567156056	0.177	0.119	1	chr16-85673556-85674788	4
0.499482666426848	0.447541520275486	0.177	0.119	1	chr17-31548675-31550814	4
0.499482666426848	0.316752968128774	0.177	0.119	1	chr19-1109130-1114171	4
0.499482666426848	0.53576777380332	0.177	0.119	1	chr19-57240046-57241710	4
0.499665242384054	0.310442037259753	0.323	0.238	1	chr1-183021761-183025153	4
0.499665242384054	0.36576694918724	0.323	0.238	1	chr8-127948627-127953447	4
0.499665242384054	0.33285196417879	0.323	0.238	1	chr17-13016967-13018969	4
0.499965305013856	0.503322249001328	0.145	0.095	1	chr2-16737899-16739128	4
0.499965305013856	0.515648968924577	0.145	0.095	1	chr3-58332354-58334157	4
0.499965305013856	0.474425336932897	0.145	0.095	1	chr3-128434844-128436115	4
0.499965305013856	0.529861747609584	0.145	0.095	1	chr5-111243041-111244052	4
0.499965305013856	0.306600054397817	0.145	0.095	1	chr7-65770163-65771468	4
0.499965305013856	0.309965594146386	0.145	0.095	1	chr8-57860677-57862496	4
0.499965305013856	0.483165619376639	0.145	0.095	1	chr11-12827603-12828950	4
0.499965305013856	0.530136591776005	0.145	0.095	1	chr13-20524981-20526987	4
0.499965305013856	0.561677491495244	0.145	0.095	1	chr20-63706654-63708916	4
0.499965305013856	0.52142767690382	0.145	0.095	1	chr21-42337690-42338785	4
0.500182438481918	0.375861312439956	0.21	0.167	1	chr5-56950467-56952949	4
0.500182438481918	0.446448466007715	0.21	0.167	1	chr11-75399009-75401237	4
0.500631059519322	0.734046154960358	0.113	0.071	1	chr1-30461167-30462694	4
0.500631059519322	0.567087893454569	0.113	0.071	1	chr3-125001435-125004287	4
0.500631059519322	0.628698434620907	0.113	0.071	1	chr3-189316109-189317133	4
0.500631059519322	0.546206223680034	0.113	0.071	1	chr4-1008663-1012899	4
0.500631059519322	0.683618944590974	0.113	0.071	1	chr4-84317269-84319833	4
0.500631059519322	0.547087257668209	0.113	0.071	1	chr4-108058410-108059595	4
0.500631059519322	0.641981650733833	0.113	0.071	1	chr5-116736270-116737193	4
0.500631059519322	0.616912769593488	0.113	0.071	1	chr5-139293157-139296101	4
0.500631059519322	0.677156266139465	0.113	0.071	1	chr5-159877531-159879612	4
0.500631059519322	0.612391974535213	0.113	0.071	1	chr6-31896897-31899131	4
0.500631059519322	0.660928475706692	0.113	0.071	1	chr6-164857787-164858771	4
0.500631059519322	0.546185831095445	0.113	0.071	1	chr7-17523904-17525213	4
0.500631059519322	0.707746237491642	0.113	0.071	1	chr8-143266382-143268907	4
0.500631059519322	0.660119938246326	0.113	0.071	1	chr9-130680831-130682945	4
0.500631059519322	0.567891571456312	0.113	0.071	1	chr10-4058302-4059418	4
0.500631059519322	0.661106497124803	0.113	0.071	1	chr10-80829438-80830488	4
0.500631059519322	0.641838097341495	0.113	0.071	1	chr10-128420394-128423017	4
0.500631059519322	0.590388101952499	0.113	0.071	1	chr11-8262427-8264631	4
0.500631059519322	0.587099599067807	0.113	0.071	1	chr11-11218176-11219316	4
0.500631059519322	0.559530253637287	0.113	0.071	1	chr12-80710677-80713417	4
0.500631059519322	0.657495208936197	0.113	0.071	1	chr14-39368085-39369480	4
0.500631059519322	0.474877642259193	0.113	0.071	1	chr14-79324569-79326798	4
0.500631059519322	0.528039485427504	0.113	0.071	1	chr15-29811829-29812917	4
0.500631059519322	0.60008179156995	0.113	0.071	1	chr15-45710403-45711242	4
0.500631059519322	0.641772707280833	0.113	0.071	1	chr15-48975449-48976356	4
0.500631059519322	0.635205517955811	0.113	0.071	1	chr16-16014388-16015614	4
0.500631059519322	0.630879028108748	0.113	0.071	1	chr16-19123358-19124415	4
0.500631059519322	0.670111687069728	0.113	0.071	1	chr17-27873405-27874252	4
0.500631059519322	0.589630781539373	0.113	0.071	1	chr17-42458335-42460252	4
0.500631059519322	0.641320099466796	0.113	0.071	1	chr17-75018713-75021587	4
0.500631059519322	0.604068108059123	0.113	0.071	1	chr18-9653106-9653884	4
0.500631059519322	0.593447079558363	0.113	0.071	1	chr19-45478102-45479427	4
0.500631059519322	0.618480472177208	0.113	0.071	1	chr20-34553138-34554284	4
0.500631059519322	0.619322081193066	0.113	0.071	1	chrX-19343247-19345183	4
0.500631059519322	0.606272656560712	0.113	0.071	1	chrX-154373213-154375341	4
0.500661840443567	0.346943503733684	0.21	0.143	1	chr4-25159436-25162071	4
0.500661840443567	0.347897403848959	0.21	0.143	1	chr15-55289012-55291045	4
0.500661840443567	0.316096078115186	0.21	0.143	1	chrX-74420035-74421897	4
0.500836221246157	0.259696220057834	0.371	0.286	1	chr5-57172152-57176979	4
0.501164466918795	0.336348310192651	0.339	0.262	1	chr19-54135983-54139048	4
0.502297870782696	0.370019177010801	0.274	0.214	1	chr3-195914244-195915654	4
0.502617613228107	0.483956170489287	0.242	0.19	1	chr2-219228240-219230997	4
0.502617613228107	0.509584763102377	0.242	0.19	1	chr11-74068459-74071753	4
0.503729293514673	0.38670248227401	0.258	0.19	1	chr10-116741821-116743622	4
0.503947570566811	0.543892876064744	0.194	0.143	1	chr1-231601555-231604417	4
0.503947570566811	0.415391935136064	0.194	0.143	1	chr3-55526118-55527199	4
0.503947570566811	0.505349473299911	0.194	0.143	1	chr5-172382867-172384025	4
0.503947570566811	0.463474210517052	0.194	0.143	1	chr11-16985463-16988306	4
0.503947570566811	0.457200337881957	0.194	0.143	1	chr12-106357222-106359372	4
0.503947570566811	0.423461492230434	0.194	0.143	1	chr19-36686607-36688200	4
0.503947570566811	0.502851014044667	0.194	0.143	1	chr20-36744481-36746685	4
0.504129093097579	0.303193909800463	0.242	0.167	1	chr11-71451753-71455219	4
0.504426173222803	0.319673895219821	0.323	0.262	1	chr17-82888603-82891591	4
0.504877974902481	0.54769406204942	0.161	0.119	1	chr6-154590361-154591567	4
0.504877974902481	0.540947925688348	0.161	0.119	1	chr19-1180389-1182331	4
0.505366149089949	0.344248396533158	0.29	0.214	1	chr2-148643728-148646525	4
0.505366149089949	0.281520065659632	0.29	0.214	1	chr10-110566492-110568822	4
0.505376058794513	0.388451733873033	0.226	0.167	1	chr3-149085431-149087121	4
0.505376058794513	0.449411121883914	0.226	0.167	1	chr6-39088169-39094010	4
0.505376058794513	0.411221630971965	0.226	0.167	1	chr15-84600142-84601574	4
0.506208911514418	0.379058335256059	0.177	0.119	1	chr2-46913587-46916904	4
0.506208911514418	0.292769955944423	0.177	0.119	1	chr9-129485892-129491015	4
0.507321799784815	0.384647571696929	0.145	0.095	1	chr2-19989029-19990809	4
0.507321799784815	0.561955099440973	0.145	0.095	1	chr3-165946361-165947633	4
0.507321799784815	0.36845405863009	0.145	0.095	1	chr8-38467457-38469107	4
0.507321799784815	0.451344092963517	0.145	0.095	1	chr14-51751642-51752666	4
0.507321799784815	0.462442094821178	0.145	0.095	1	chr16-73009790-73011057	4
0.507321799784815	0.418364534853492	0.145	0.095	1	chr19-35047174-35049699	4
0.507321799784815	0.361812026556687	0.145	0.095	1	chr19-55604620-55606852	4
0.507483142990637	0.869032231394463	0.129	0.095	1	chr4-15478731-15480172	4
0.507483142990637	0.864990276246326	0.129	0.095	1	chr8-53903060-53904051	4
0.507483142990637	0.73283634369451	0.129	0.095	1	chr9-135478609-135481302	4
0.507864911992393	0.429017442356512	0.274	0.214	1	chr7-21944473-21947702	4
0.507864911992393	0.353520078126698	0.274	0.214	1	chr14-77181033-77182541	4
0.508448129289492	0.411064365073909	0.242	0.19	1	chr3-179652092-179654673	4
0.508903968219498	0.666436243386458	0.113	0.071	1	chr1-109350452-109352273	4
0.508903968219498	0.539230574313151	0.113	0.071	1	chr1-166951725-166952783	4
0.508903968219498	0.591381685847597	0.113	0.071	1	chr1-182084150-182085540	4
0.508903968219498	0.627121294955925	0.113	0.071	1	chr1-184024648-184025955	4
0.508903968219498	0.601569699784964	0.113	0.071	1	chr2-108832834-108833965	4
0.508903968219498	0.647983182798356	0.113	0.071	1	chr2-133765418-133766454	4
0.508903968219498	0.597560977825179	0.113	0.071	1	chr2-168889848-168890833	4
0.508903968219498	0.414685045046316	0.113	0.071	1	chr3-58646053-58648390	4
0.508903968219498	0.58185566287381	0.113	0.071	1	chr4-27267156-27268346	4
0.508903968219498	0.572432773182239	0.113	0.071	1	chr4-93894849-93895772	4
0.508903968219498	0.593652281160367	0.113	0.071	1	chr5-68201613-68202574	4
0.508903968219498	0.567128551897058	0.113	0.071	1	chr5-107465285-107469995	4
0.508903968219498	0.595366084897628	0.113	0.071	1	chr5-129767729-129768364	4
0.508903968219498	0.592435371878127	0.113	0.071	1	chr5-148469039-148470155	4
0.508903968219498	0.5425197640289	0.113	0.071	1	chr6-89637851-89639285	4
0.508903968219498	0.620636438807999	0.113	0.071	1	chr6-135173438-135174635	4
0.508903968219498	0.541922371020662	0.113	0.071	1	chr7-80133580-80138004	4
0.508903968219498	0.721304144638265	0.113	0.071	1	chr7-149374633-149376266	4
0.508903968219498	0.533533377028273	0.113	0.071	1	chr9-76633861-76635268	4
0.508903968219498	0.68066811547829	0.113	0.071	1	chr9-112411401-112412378	4
0.508903968219498	0.494010200615778	0.113	0.071	1	chr10-4849404-4850740	4
0.508903968219498	0.667236265442724	0.113	0.071	1	chr10-24251123-24252477	4
0.508903968219498	0.558494736140683	0.113	0.071	1	chr10-109976508-109977837	4
0.508903968219498	0.557192996717137	0.113	0.071	1	chr11-13954523-13955169	4
0.508903968219498	0.520140848633791	0.113	0.071	1	chr11-57776954-57780012	4
0.508903968219498	0.591901504661349	0.113	0.071	1	chr12-3076379-3078509	4
0.508903968219498	0.644753887280851	0.113	0.071	1	chr12-74623974-74624873	4
0.508903968219498	0.60562528531052	0.113	0.071	1	chr12-96447877-96448927	4
0.508903968219498	0.575326927870842	0.113	0.071	1	chr13-20163274-20164131	4
0.508903968219498	0.645069592349424	0.113	0.071	1	chr13-24201975-24204391	4
0.508903968219498	0.59841340521365	0.113	0.071	1	chr14-34222007-34223572	4
0.508903968219498	0.595407832545811	0.113	0.071	1	chr16-80197624-80199239	4
0.508903968219498	0.617777359536234	0.113	0.071	1	chr17-82781683-82782465	4
0.508903968219498	0.622416269898038	0.113	0.071	1	chr19-13879824-13880806	4
0.508903968219498	0.584852780941934	0.113	0.071	1	chr20-51311557-51312813	4
0.508903968219498	0.58656414344538	0.113	0.071	1	chrX-50204163-50205148	4
0.508903968219498	0.55609480753059	0.113	0.071	1	chrX-152958588-152959489	4
0.509472965682005	0.340073826259758	0.258	0.19	1	chr7-87219199-87221552	4
0.509472965682005	0.30534279121165	0.258	0.19	1	chr10-102743216-102745176	4
0.509472965682005	0.43725817061416	0.258	0.19	1	chr20-49185795-49188908	4
0.509670387382307	0.320498331395627	0.323	0.262	1	chr13-29593850-29596445	4
0.510069695960139	0.303961123665058	0.242	0.167	1	chr3-183883055-183885597	4
0.510201217929535	0.430137867853833	0.258	0.214	1	chr1-201510724-201513590	4
0.510382670455938	0.440884582834751	0.194	0.143	1	chr1-34858962-34860369	4
0.510382670455938	0.4649657825057	0.194	0.143	1	chr17-7613396-7615777	4
0.510651181149483	0.356656297130048	0.306	0.238	1	chr2-61536135-61539593	4
0.510865676838453	0.435902647775439	0.29	0.238	1	chr18-23259437-23261386	4
0.511682826933084	0.346602341359436	0.452	0.357	1	chr1-9908907-9911528	4
0.511829609411783	0.609372030441671	0.161	0.119	1	chr5-127311094-127312790	4
0.511829609411783	0.541411374324956	0.161	0.119	1	chr7-1095601-1097603	4
0.511829609411783	0.630462574672433	0.161	0.119	1	chr19-1904256-1906238	4
0.512506521517978	0.444310647212653	0.21	0.167	1	chr8-93665603-93667500	4
0.512506521517978	0.495933030374676	0.21	0.167	1	chr11-75342160-75344479	4
0.512506521517978	0.487707095204492	0.21	0.167	1	chr19-56118599-56122180	4
0.51291176135099	0.350445839435319	0.306	0.262	1	chr16-31093002-31096252	4
0.512982501354544	0.375786308836625	0.177	0.119	1	chr3-30720628-30721880	4
0.512982501354544	0.398143070019278	0.177	0.119	1	chr7-30968943-30971266	4
0.512982501354544	0.320609498042095	0.177	0.119	1	chr8-99012337-99014129	4
0.512982501354544	0.373140750352418	0.177	0.119	1	chr10-78028511-78030370	4
0.512982501354544	0.390798901149818	0.177	0.119	1	chr15-75903254-75904993	4
0.513464163525104	0.353743025558267	0.274	0.214	1	chr2-178193248-178195814	4
0.513464163525104	0.376962314737412	0.274	0.214	1	chr4-7042046-7047396	4
0.513464163525104	0.365396747121964	0.274	0.214	1	chr11-27394853-27396831	4
0.51355001083783	0.522991264671661	0.177	0.143	1	chr5-169049752-169051593	4
0.514313916172809	0.393129864075	0.242	0.19	1	chr2-178072282-178073652	4
0.514313916172809	0.423778324694228	0.242	0.19	1	chr10-73591144-73593159	4
0.514734749809895	0.329930031162712	0.145	0.095	1	chr1-162929854-162932139	4
0.514734749809895	0.524521707392457	0.145	0.095	1	chr2-14926864-14927727	4
0.514734749809895	0.40547808786464	0.145	0.095	1	chr3-45940532-45942893	4
0.514734749809895	0.402630736213261	0.145	0.095	1	chr5-52987541-52990553	4
0.514734749809895	0.399059130348387	0.145	0.095	1	chr7-141662666-141664213	4
0.514734749809895	0.452228252205532	0.145	0.095	1	chr8-25201123-25202152	4
0.514734749809895	0.555117567100102	0.145	0.095	1	chr10-69458047-69459630	4
0.514734749809895	0.439909497843203	0.145	0.095	1	chr11-96306659-96307870	4
0.514734749809895	0.384002080777712	0.145	0.095	1	chr14-22560622-22562391	4
0.514734749809895	0.507945319378016	0.145	0.095	1	chr15-45496710-45499398	4
0.514734749809895	0.417700897706683	0.145	0.095	1	chr20-7988314-7988981	4
0.514734749809895	0.519863092803401	0.145	0.095	1	chr21-9836463-9839875	4
0.514942999604174	0.390451059772574	0.323	0.262	1	chr7-129224076-129226391	4
0.515162614102496	0.847087367420967	0.129	0.095	1	chr18-79950568-79952457	4
0.515250743317699	0.355851812601116	0.258	0.19	1	chr1-197200162-197202446	4
0.515250743317699	0.301104802120501	0.258	0.19	1	chr4-1854931-1857999	4
0.515582851809008	0.300107280719115	0.323	0.238	1	chr13-95675777-95678438	4
0.515980074074995	0.275671587733269	0.371	0.286	1	chr11-64316425-64318940	4
0.515980074074995	0.284010578442234	0.355	0.31	1	chr2-177211196-177213875	4
0.516334110850157	0.381128673288879	0.29	0.238	1	chr17-996280-997871	4
0.516415027306075	0.393149996403275	0.29	0.214	1	chr1-32649387-32652232	4
0.516860479272419	0.437603096850758	0.194	0.143	1	chr4-38620734-38622486	4
0.516860479272419	0.450924944658913	0.194	0.143	1	chr5-96330721-96333642	4
0.516860479272419	0.46564297707431	0.194	0.143	1	chr12-57238777-57241375	4
0.516860479272419	0.340740110068473	0.194	0.143	1	chr12-100141523-100143493	4
0.516860479272419	0.401555154272014	0.194	0.143	1	chr14-55739692-55741481	4
0.516860479272419	0.492414734575632	0.194	0.143	1	chr17-55420546-55422608	4
0.517247956725815	0.641922746396505	0.113	0.071	1	chr1-86992583-86994436	4
0.517247956725815	0.720811130696563	0.113	0.071	1	chr1-112593847-112595184	4
0.517247956725815	0.452418119240884	0.113	0.071	1	chr1-205477367-205478610	4
0.517247956725815	0.487183663232947	0.113	0.071	1	chr1-205826332-205828294	4
0.517247956725815	0.652892996411552	0.113	0.071	1	chr1-216822049-216823094	4
0.517247956725815	0.574418971000235	0.113	0.071	1	chr1-218379934-218381317	4
0.517247956725815	0.437446737038887	0.113	0.071	1	chr1-220708948-220711883	4
0.517247956725815	0.511652585239744	0.113	0.071	1	chr2-158752688-158754481	4
0.517247956725815	0.46620502074953	0.113	0.071	1	chr2-172102129-172104273	4
0.517247956725815	0.557743232514499	0.113	0.071	1	chr3-45088250-45089522	4
0.517247956725815	0.588591145010104	0.113	0.071	1	chr3-48428416-48430771	4
0.517247956725815	0.460278129386434	0.113	0.071	1	chr3-121071171-121077222	4
0.517247956725815	0.426044523255009	0.113	0.071	1	chr3-169279866-169281032	4
0.517247956725815	0.636410140313709	0.113	0.071	1	chr5-59048456-59049676	4
0.517247956725815	0.469016007579455	0.113	0.071	1	chr5-180212445-180213770	4
0.517247956725815	0.573243528290672	0.113	0.071	1	chr6-15250356-15252055	4
0.517247956725815	0.58464123487059	0.113	0.071	1	chr6-158059856-158061519	4
0.517247956725815	0.656568965802612	0.113	0.071	1	chr7-748658-750173	4
0.517247956725815	0.550514158080023	0.113	0.071	1	chr8-140164418-140165505	4
0.517247956725815	0.574187443921776	0.113	0.071	1	chr8-142668816-142670648	4
0.517247956725815	0.534517394589917	0.113	0.071	1	chr10-31819190-31821442	4
0.517247956725815	0.619954144935274	0.113	0.071	1	chr12-3756967-3758015	4
0.517247956725815	0.5591204359171	0.113	0.071	1	chr12-31421597-31422408	4
0.517247956725815	0.583972317398593	0.113	0.071	1	chr12-32533818-32535723	4
0.517247956725815	0.574169867865448	0.113	0.071	1	chr14-65047140-65048336	4
0.517247956725815	0.620570875729233	0.113	0.071	1	chr14-90122683-90123528	4
0.517247956725815	0.574121429911971	0.113	0.071	1	chr15-95629270-95630390	4
0.517247956725815	0.67761828574806	0.113	0.071	1	chr18-68228503-68230008	4
0.517247956725815	0.601305831800036	0.113	0.071	1	chr19-35458495-35460109	4
0.517247956725815	0.648601396871666	0.113	0.071	1	chrX-66017150-66018317	4
0.517528621969318	0.357882147299463	0.226	0.167	1	chr5-172186966-172189118	4
0.517528621969318	0.302106440799382	0.226	0.167	1	chr9-97038726-97039971	4
0.517528621969318	0.367663375260791	0.226	0.167	1	chr15-84653459-84655424	4
0.518727401498439	0.620483632527936	0.21	0.167	1	chr1-59814107-59816324	4
0.518727401498439	0.503896744176616	0.21	0.167	1	chr22-43013978-43015916	4
0.518830865333134	0.602360635354451	0.161	0.119	1	chr1-31897388-31898321	4
0.518830865333134	0.521719014945289	0.161	0.119	1	chr5-137303689-137304988	4
0.518830865333134	0.550539226051083	0.161	0.119	1	chr6-19891975-19892961	4
0.518830865333134	0.522578163458367	0.161	0.119	1	chr8-142447240-142448203	4
0.518830865333134	0.579638227989771	0.161	0.119	1	chr11-3056232-3058098	4
0.518830865333134	0.534062602428693	0.161	0.119	1	chr12-93144294-93145725	4
0.518830865333134	0.386959369623695	0.161	0.119	1	chr15-92166382-92167476	4
0.519048791467766	0.416223601755289	0.226	0.19	1	chr14-100154936-100157234	4
0.519095384259613	0.406152810616605	0.274	0.214	1	chr10-96270937-96273321	4
0.519604843095936	0.336120081982619	0.21	0.143	1	chr8-8385349-8387372	4
0.519803009789221	0.291232675157092	0.177	0.119	1	chr1-51328895-51332029	4
0.519803009789221	0.390966066638498	0.177	0.119	1	chr7-105672978-105674444	4
0.520214696349479	0.388411916773803	0.242	0.19	1	chr11-64283987-64287139	4
0.520214696349479	0.426341831668162	0.242	0.19	1	chr22-45974725-45979538	4
0.520243808039468	0.310147797855967	0.323	0.262	1	chr7-44605479-44607814	4
0.521269459754987	0.301304476961418	0.435	0.381	1	chr1-236794514-236796720	4
0.521480954335101	0.327287503340352	0.306	0.238	1	chr1-223133336-223135712	4
0.521480954335101	0.316066092982657	0.306	0.238	1	chr15-44194441-44196025	4
0.521832736961555	0.392049706732109	0.29	0.238	1	chr1-205121178-205123274	4
0.521832736961555	0.340079308614724	0.29	0.238	1	chr3-61249861-61252489	4
0.521986056363266	0.372146765813672	0.29	0.214	1	chr19-13162311-13164105	4
0.521986056363266	0.373955885940132	0.274	0.238	1	chr4-108619758-108621925	4
0.522059859938654	0.288018419980245	0.242	0.167	1	chr2-151826565-151829101	4
0.52220359525245	0.508822072110241	0.145	0.095	1	chr1-244718948-244720602	4
0.52220359525245	0.508296176380992	0.145	0.095	1	chr19-19169899-19170766	4
0.52220359525245	0.435538627628672	0.145	0.095	1	chrX-107725397-107727903	4
0.522397557865515	0.269433226577714	0.355	0.286	1	chr7-108568065-108571237	4
0.522902000867034	0.650912289768357	0.129	0.095	1	chr4-110119035-110120371	4
0.522902000867034	0.66264646884293	0.129	0.095	1	chr7-103406715-103407399	4
0.522902000867034	0.986579350968092	0.129	0.095	1	chr17-18362022-18364056	4
0.523380621957591	0.478789561028043	0.194	0.143	1	chr3-112404975-112411000	4
0.523380621957591	0.439211768089823	0.194	0.143	1	chr8-38509529-38511282	4
0.523380621957591	0.403685574785411	0.194	0.143	1	chr8-124490373-124492887	4
0.523380621957591	0.46267149341928	0.194	0.143	1	chr11-10540197-10542120	4
0.523380621957591	0.501481667459823	0.194	0.143	1	chr11-61580256-61582052	4
0.523380621957591	0.396906161624502	0.194	0.143	1	chr15-63156127-63158419	4
0.523380621957591	0.464295471012135	0.194	0.143	1	chr16-48126451-48128001	4
0.523380621957591	0.407450482717417	0.194	0.143	1	chr19-11987274-11989301	4
0.524987066006792	0.540725464437377	0.21	0.167	1	chr14-52706323-52708076	4
0.524987066006792	0.402564639024778	0.21	0.167	1	chr18-48538511-48541725	4
0.524987066006792	0.559899444450439	0.21	0.167	1	chr19-50024520-50026495	4
0.525155523370777	0.333083484000508	0.403	0.357	1	chr3-39405820-39417996	4
0.52557260596664	0.337287684417482	0.323	0.262	1	chr8-74319926-74323450	4
0.52566222414762	0.433014084924936	0.113	0.071	1	chr1-903650-905709	4
0.52566222414762	0.463355390038432	0.113	0.071	1	chr1-44344744-44346644	4
0.52566222414762	0.519944510118532	0.113	0.071	1	chr1-109151014-109152965	4
0.52566222414762	0.557036646546908	0.113	0.071	1	chr2-84912836-84913460	4
0.52566222414762	0.395544934003983	0.113	0.071	1	chr3-29801866-29802705	4
0.52566222414762	0.515622006162368	0.113	0.071	1	chr3-179260845-179261943	4
0.52566222414762	0.640500407314378	0.113	0.071	1	chr4-6749117-6752257	4
0.52566222414762	0.344610175789058	0.113	0.071	1	chr4-99893488-99895154	4
0.52566222414762	0.510080833904702	0.113	0.071	1	chr5-91047952-91050414	4
0.52566222414762	0.427338003427015	0.113	0.071	1	chr5-127418921-127419851	4
0.52566222414762	0.604212788523587	0.113	0.071	1	chr5-155085087-155086462	4
0.52566222414762	0.553956983727751	0.113	0.071	1	chr5-157294646-157296027	4
0.52566222414762	0.555478171948981	0.113	0.071	1	chr5-176609498-176610604	4
0.52566222414762	0.607942610480341	0.113	0.071	1	chr7-139618812-139619875	4
0.52566222414762	0.540940441128904	0.113	0.071	1	chr7-140403498-140404864	4
0.52566222414762	0.478616999563625	0.113	0.071	1	chr8-42804990-42806016	4
0.52566222414762	0.458558844820511	0.113	0.071	1	chr8-121849904-121850673	4
0.52566222414762	0.524671653911573	0.113	0.071	1	chr8-130442298-130444562	4
0.52566222414762	0.432052623855633	0.113	0.071	1	chr9-104810259-104812203	4
0.52566222414762	0.561490777334562	0.113	0.071	1	chr9-109401213-109401986	4
0.52566222414762	0.528213460976469	0.113	0.071	1	chr10-118753105-118755941	4
0.52566222414762	0.486514438384986	0.113	0.071	1	chr13-35953373-35954096	4
0.52566222414762	0.565656933331906	0.113	0.071	1	chr14-75469453-75470736	4
0.52566222414762	0.49050939698876	0.113	0.071	1	chr14-77580491-77581762	4
0.52566222414762	0.568035216109897	0.113	0.071	1	chr16-70684876-70689883	4
0.52566222414762	0.538476488476859	0.113	0.071	1	chr17-48160263-48161699	4
0.52566222414762	0.568041833264973	0.113	0.071	1	chr18-51255330-51256301	4
0.52566222414762	0.467120431352802	0.113	0.071	1	chr18-70149482-70150549	4
0.52566222414762	0.419065317227071	0.113	0.071	1	chr19-6392565-6394207	4
0.52566222414762	0.632633249781875	0.113	0.071	1	chr19-10251431-10252999	4
0.52566222414762	0.593450286305657	0.113	0.071	1	chr19-33348277-33349244	4
0.52566222414762	0.65147523007593	0.113	0.071	1	chr19-39557615-39558729	4
0.52566222414762	0.504242781721773	0.113	0.071	1	chr20-25685404-25687141	4
0.52566222414762	0.51583827953334	0.113	0.071	1	chr22-24965940-24966910	4
0.525881267933097	0.501994164231971	0.161	0.119	1	chr1-69566858-69568810	4
0.525881267933097	0.494471182591617	0.161	0.119	1	chr1-100077286-100078509	4
0.525881267933097	0.471015139311599	0.161	0.119	1	chr2-95333486-95334693	4
0.525881267933097	0.521583514966524	0.161	0.119	1	chr5-44538339-44540008	4
0.525881267933097	0.558947949838783	0.161	0.119	1	chr5-79954361-79955663	4
0.525881267933097	0.541957160876438	0.161	0.119	1	chr9-97356892-97359967	4
0.525881267933097	0.468057344483043	0.161	0.119	1	chr10-43349895-43350786	4
0.525881267933097	0.5407985194445	0.161	0.119	1	chr10-58334482-58336311	4
0.525881267933097	0.576276557160323	0.161	0.119	1	chr14-39102195-39104060	4
0.525881267933097	0.516716280325651	0.161	0.119	1	chr17-74744502-74745631	4
0.525881267933097	0.492100179967176	0.161	0.119	1	chr19-14080636-14082429	4
0.525892938457804	0.305140626411054	0.435	0.357	1	chr19-36113805-36116386	4
0.526000371280444	0.363120019894526	0.21	0.143	1	chr8-10053540-10055823	4
0.526000371280444	0.28636161097154	0.21	0.143	1	chr10-122034780-122035716	4
0.526150184796122	0.441639639202422	0.242	0.19	1	chr1-229842910-229846132	4
0.526150184796122	0.431972452423101	0.242	0.19	1	chr8-61704568-61715617	4
0.526150184796122	0.326865908252028	0.242	0.19	1	chr11-75426981-75433182	4
0.526204122645552	0.257848457804526	0.452	0.405	1	chr10-74823556-74827453	4
0.526669997225544	0.373691747629827	0.177	0.119	1	chr3-63862707-63865139	4
0.526907545475235	0.272111042715816	0.258	0.19	1	chr11-69105640-69107220	4
0.526907545475235	0.271376610255665	0.258	0.19	1	chr18-2654955-2658787	4
0.527382533636173	0.417287801544711	0.258	0.214	1	chr7-99407333-99410246	4
0.527577698218472	0.252700873695357	0.355	0.286	1	chr1-10209615-10212452	4
0.527587826653048	0.414620675875853	0.274	0.238	1	chr9-4677400-4681190	4
0.528108824289775	0.293946959619315	0.242	0.167	1	chr20-53863656-53868155	4
0.529727757136347	0.352484931989218	0.145	0.095	1	chr2-85510745-85512119	4
0.529727757136347	0.465584017563616	0.145	0.095	1	chr5-1152223-1153933	4
0.529727757136347	0.432352065589844	0.145	0.095	1	chr8-55886294-55887458	4
0.529727757136347	0.403557663917691	0.145	0.095	1	chr8-108205710-108207453	4
0.529727757136347	0.42657571860797	0.145	0.095	1	chr10-114141903-114143397	4
0.529727757136347	0.453997229734545	0.145	0.095	1	chr11-83951106-83952092	4
0.529727757136347	0.429812863353686	0.145	0.095	1	chr14-31377837-31378694	4
0.529727757136347	0.351182184593418	0.145	0.095	1	chr14-60222506-60223391	4
0.529727757136347	0.434303568261619	0.145	0.095	1	chr19-1862047-1865307	4
0.529727757136347	0.406823022829764	0.145	0.095	1	chr19-17333783-17335401	4
0.529942712423472	0.415935058391837	0.194	0.143	1	chr4-109966402-109968470	4
0.529942712423472	0.438089698805116	0.194	0.143	1	chr7-130204189-130206065	4
0.529942712423472	0.390018943383957	0.194	0.143	1	chr9-127223976-127226155	4
0.529942712423472	0.487226741346065	0.194	0.143	1	chr11-113874831-113876956	4
0.529942712423472	0.468772898987082	0.194	0.143	1	chr22-50581925-50583889	4
0.530492731003198	0.286338418017977	0.419	0.357	1	chr5-131169960-131171992	4
0.530700658570692	0.616111323031944	0.129	0.095	1	chr4-122702337-122703687	4
0.530700658570692	0.715967893540581	0.129	0.095	1	chr4-127708834-127709837	4
0.530700658570692	0.696344389821256	0.129	0.095	1	chr9-126881018-126884134	4
0.530700658570692	0.705759302388981	0.129	0.095	1	chr11-89147014-89147927	4
0.530700658570692	0.677457639588934	0.129	0.095	1	chr14-103879181-103881709	4
0.530929181807342	0.3176639761813	0.323	0.262	1	chr1-113810848-113813163	4
0.53128517258051	0.425033892701488	0.21	0.167	1	chr5-56421260-56423332	4
0.53128517258051	0.431355311494611	0.21	0.167	1	chr10-68837262-68838847	4
0.53128517258051	0.523621348632612	0.21	0.167	1	chr14-68789185-68796595	4
0.531358053257964	0.340179232011358	0.355	0.31	1	chr16-585266-590896	4
0.532435895326095	0.341224111505127	0.21	0.143	1	chr21-41535821-41537073	4
0.532980327549925	0.514549205950085	0.161	0.119	1	chr1-157132004-157133264	4
0.532980327549925	0.472828885495512	0.161	0.119	1	chr3-171740682-171744578	4
0.532980327549925	0.485983038050955	0.161	0.119	1	chr4-67084365-67085574	4
0.532980327549925	0.541212169255512	0.161	0.119	1	chr6-160519557-160521198	4
0.532980327549925	0.459418350398319	0.161	0.119	1	chr9-137300500-137303264	4
0.532980327549925	0.496408635665358	0.161	0.119	1	chr14-89184467-89187395	4
0.532980327549925	0.496116325335768	0.161	0.119	1	chr19-18571063-18573239	4
0.533643070416699	0.487732733220392	0.177	0.143	1	chr11-7611186-7613503	4
0.534145939172915	0.494326074031259	0.113	0.071	1	chr2-96536220-96537580	4
0.534145939172915	0.499729818138226	0.113	0.071	1	chr2-238238993-238241114	4
0.534145939172915	0.559818284104339	0.113	0.071	1	chr3-115029517-115031422	4
0.534145939172915	0.532959627381539	0.113	0.071	1	chr4-105190103-105190720	4
0.534145939172915	0.443113062784154	0.113	0.071	1	chr5-54389741-54390555	4
0.534145939172915	0.510960355712131	0.113	0.071	1	chr5-87539806-87542002	4
0.534145939172915	0.299866649532919	0.113	0.071	1	chr6-43089508-43091325	4
0.534145939172915	0.471582202767121	0.113	0.071	1	chr6-89828851-89830550	4
0.534145939172915	0.493888675014361	0.113	0.071	1	chr6-111600202-111603332	4
0.534145939172915	0.652040605691194	0.113	0.071	1	chr8-42004816-42006220	4
0.534145939172915	0.543110577097884	0.113	0.071	1	chr8-48788496-48789424	4
0.534145939172915	0.415092954715813	0.113	0.071	1	chr8-85232976-85234295	4
0.534145939172915	0.459049596598282	0.113	0.071	1	chr9-115369194-115370083	4
0.534145939172915	0.552712412137278	0.113	0.071	1	chr10-23065226-23066172	4
0.534145939172915	0.582450338123898	0.113	0.071	1	chr11-65386072-65387175	4
0.534145939172915	0.503649272756525	0.113	0.071	1	chr12-6225499-6227243	4
0.534145939172915	0.596375880203153	0.113	0.071	1	chr12-26523426-26524339	4
0.534145939172915	0.533921219358777	0.113	0.071	1	chr12-81758035-81759767	4
0.534145939172915	0.612835836449865	0.113	0.071	1	chr13-111398633-111399216	4
0.534145939172915	0.571933766047954	0.113	0.071	1	chr14-68160208-68161713	4
0.534145939172915	0.303550409915963	0.113	0.071	1	chr15-81337969-81340100	4
0.534145939172915	0.488958701994943	0.113	0.071	1	chr17-44923590-44924811	4
0.534145939172915	0.486453263107956	0.113	0.071	1	chr19-8505567-8506904	4
0.534145939172915	0.427609810257263	0.113	0.071	1	chr19-10952492-10953485	4
0.534145939172915	0.615369391491115	0.113	0.071	1	chr19-12483956-12485465	4
0.534145939172915	0.359143514074992	0.113	0.071	1	chrX-322596-326568	4
0.534480614470872	0.318517864641773	0.306	0.262	1	chr2-156399018-156401694	4
0.536036992201594	0.437159417465219	0.226	0.167	1	chr2-200258067-200260516	4
0.536514838816419	0.329770585197167	0.387	0.333	1	chr3-20184605-20188012	4
0.536546353598589	0.341425581670102	0.194	0.143	1	chr2-39435804-39438446	4
0.536546353598589	0.395380715702978	0.194	0.143	1	chr3-188832161-188833812	4
0.536546353598589	0.400803338556178	0.194	0.143	1	chr5-80653797-80655902	4
0.536546353598589	0.398412405440865	0.194	0.143	1	chr5-149994930-149997196	4
0.536546353598589	0.42054155759824	0.194	0.143	1	chr10-81192110-81193926	4
0.536546353598589	0.472312101548117	0.194	0.143	1	chr10-95183117-95184342	4
0.536546353598589	0.425736967689753	0.194	0.143	1	chr12-57940650-57942519	4
0.536546353598589	0.414618147654141	0.194	0.143	1	chr19-14689302-14690788	4
0.536546353598589	0.456115311170481	0.194	0.143	1	chr20-44728581-44729728	4
0.537208553697773	0.253818967331656	0.323	0.238	1	chr1-53219546-53221539	4
0.537306637434706	0.401119786655341	0.145	0.095	1	chr1-241542064-241543105	4
0.537306637434706	0.391522719777915	0.145	0.095	1	chr3-4466372-4467769	4
0.537306637434706	0.386196516124366	0.145	0.095	1	chr7-155376884-155379318	4
0.537621369500239	0.424644782535194	0.21	0.167	1	chr3-188838869-188839840	4
0.537621369500239	0.460658224715403	0.21	0.167	1	chr4-154549587-154550943	4
0.537621369500239	0.434410052143489	0.21	0.167	1	chr18-47412882-47414013	4
0.537621369500239	0.419390920590318	0.21	0.167	1	chr19-34358731-34360105	4
0.537944380864039	0.268153316953142	0.306	0.238	1	chr22-37657585-37659632	4
0.538124109096091	0.453911203402483	0.242	0.19	1	chr8-35871912-35873264	4
0.538124109096091	0.30974915254738	0.242	0.19	1	chr12-119667107-119668850	4
0.538124109096091	0.33825665551196	0.242	0.19	1	chr15-44287038-44289813	4
0.538124109096091	0.292491999681072	0.242	0.19	1	chr15-61749083-61751446	4
0.538507427685701	0.265454767751656	0.29	0.238	1	chr17-29291111-29295106	4
0.538557920594713	0.710627951228222	0.129	0.095	1	chr2-108718846-108720169	4
0.538557920594713	0.59392123155988	0.129	0.095	1	chr2-222572102-222573395	4
0.538557920594713	0.752934933288564	0.129	0.095	1	chr2-232234766-232236859	4
0.538557920594713	0.604716041112649	0.129	0.095	1	chr5-173283055-173284418	4
0.538557920594713	0.537658998287589	0.129	0.095	1	chr20-34823965-34826383	4
0.538557920594713	0.643785773792371	0.129	0.095	1	chr22-21657129-21658349	4
0.538557920594713	0.566650464894196	0.129	0.095	1	chrX-125202828-125205876	4
0.538998511180367	0.329996083325691	0.258	0.214	1	chr2-73069133-73072098	4
0.53994347249968	0.34941497578526	0.306	0.262	1	chr14-101947259-101949273	4
0.540094737975144	0.318422130078315	0.355	0.333	1	chr11-94844715-94846567	4
0.540127539662949	0.45139110093012	0.161	0.119	1	chr1-110990502-110992785	4
0.540127539662949	0.703278649157756	0.161	0.119	1	chr1-151611202-151613039	4
0.540127539662949	0.533370074215179	0.161	0.119	1	chr2-61065248-61066812	4
0.540127539662949	0.478959096827431	0.161	0.119	1	chr2-181891113-181893419	4
0.540127539662949	0.488903974051322	0.161	0.119	1	chr5-92640861-92642018	4
0.540127539662949	0.483792137231695	0.161	0.119	1	chr10-110501021-110504910	4
0.540127539662949	0.471533677137712	0.161	0.119	1	chr16-58660981-58661896	4
0.540127539662949	0.494054297540538	0.161	0.119	1	chr21-42973377-42976138	4
0.540127539662949	0.492052004305232	0.161	0.119	1	chr22-20079323-20081938	4
0.540312965864364	0.314013285387918	0.242	0.167	1	chr8-123394897-123397088	4
0.540312965864364	0.333665416778452	0.242	0.167	1	chr18-59144498-59146654	4
0.540427953686866	0.616672112188749	0.177	0.143	1	chr3-50610727-50612655	4
0.54054158389347	0.352243611876716	0.177	0.119	1	chr1-1230369-1232907	4
0.54054158389347	0.364381729730823	0.177	0.119	1	chr14-93183841-93185765	4
0.54054158389347	0.35662445297404	0.177	0.119	1	chr16-21511499-21516523	4
0.54054158389347	0.361782295540582	0.177	0.119	1	chr19-11354942-11356180	4
0.541934918708704	0.261983137731053	0.274	0.214	1	chr1-147171094-147173273	4
0.541934918708704	0.319868880828007	0.274	0.214	1	chr8-93068130-93068971	4
0.541934918708704	0.314908627563578	0.274	0.214	1	chr17-16438077-16446750	4
0.541934918708704	0.315194705035	0.274	0.214	1	chr17-41687693-41690255	4
0.542279677576915	0.297491565281553	0.226	0.167	1	chr4-70703501-70706909	4
0.542279677576915	0.364578480363947	0.226	0.167	1	chr6-169700396-169703312	4
0.542279677576915	0.293609221703959	0.226	0.167	1	chr22-38731897-38734775	4
0.542698240234767	0.49205957501841	0.113	0.071	1	chr4-169092458-169093978	4
0.542698240234767	0.48632033573881	0.113	0.071	1	chr5-74895617-74896595	4
0.542698240234767	0.607095747395319	0.113	0.071	1	chr7-2802460-2804651	4
0.542698240234767	0.45272067190412	0.113	0.071	1	chr7-80942036-80943747	4
0.542698240234767	0.491144059776086	0.113	0.071	1	chr7-94452113-94453769	4
0.542698240234767	0.485791411610974	0.113	0.071	1	chr8-24510922-24511977	4
0.542698240234767	0.35874480329383	0.113	0.071	1	chr8-79287574-79290184	4
0.542698240234767	0.454078738868075	0.113	0.071	1	chr9-125632620-125633793	4
0.542698240234767	0.539419741322575	0.113	0.071	1	chr9-133184920-133186456	4
0.542698240234767	0.471754645800363	0.113	0.071	1	chr10-88851434-88852202	4
0.542698240234767	0.463590809088512	0.113	0.071	1	chr11-108340362-108341499	4
0.542698240234767	0.36428007153178	0.113	0.071	1	chr17-79796105-79798092	4
0.542698240234767	0.436642563058398	0.113	0.071	1	chr17-81566275-81567555	4
0.542698240234767	0.481618570164067	0.113	0.071	1	chr18-59248955-59249734	4
0.542698240234767	0.524208452090846	0.113	0.071	1	chr22-31749082-31750716	4
0.542698240234767	0.59208649358695	0.113	0.071	1	chrX-386143-388017	4
0.543191137478559	0.363740265835116	0.194	0.143	1	chr1-107534586-107537074	4
0.543191137478559	0.434207053501422	0.194	0.143	1	chr12-10720990-10724515	4
0.543191137478559	0.436631851438306	0.194	0.143	1	chr14-93331771-93334080	4
0.543191137478559	0.358989022538298	0.194	0.143	1	chr17-64918653-64920871	4
0.543191137478559	0.398550381765973	0.194	0.143	1	chr18-68714157-68716015	4
0.54327372181246	0.254155398368675	0.355	0.286	1	chr1-154404465-154409423	4
0.54327372181246	0.250848813892321	0.355	0.286	1	chr4-83009599-83014244	4
0.5434896002393	0.412618387664185	0.29	0.262	1	chr17-81033460-81039500	4
0.543995295831562	0.424529810714193	0.21	0.167	1	chr1-112618015-112620651	4
0.544124454152053	0.271721537518057	0.29	0.238	1	chr3-13110590-13113220	4
0.544124454152053	0.291824560565328	0.29	0.238	1	chr9-35770439-35772594	4
0.544124454152053	0.309554725120321	0.29	0.238	1	chr19-55598696-55601009	4
0.544695679076226	0.277905247929734	0.339	0.286	1	chr4-118834805-118837188	4
0.544854207211817	0.36082856306887	0.274	0.19	1	chr1-28087566-28089280	4
0.544854207211817	0.392530885976134	0.258	0.214	1	chr17-82019848-82024309	4
0.544939619169481	0.482154999926257	0.145	0.095	1	chr4-108774508-108775565	4
0.544939619169481	0.328376493294264	0.145	0.095	1	chr10-23828081-23830526	4
0.544939619169481	0.365241654153705	0.145	0.095	1	chr15-65032898-65034108	4
0.544939619169481	0.417095838863478	0.145	0.095	1	chr18-50619493-50620836	4
0.5464730985352	0.684623689297077	0.129	0.095	1	chr2-17224465-17225579	4
0.5464730985352	0.655016966485622	0.129	0.095	1	chr2-226994714-226996475	4
0.5464730985352	0.498117684720641	0.129	0.095	1	chr9-113287157-113288599	4
0.5464730985352	0.661144964842285	0.129	0.095	1	chr10-61178484-61180427	4
0.5464730985352	0.64703846075557	0.129	0.095	1	chr11-2256289-2257940	4
0.5464730985352	0.649074816543598	0.129	0.095	1	chr13-24160174-24163213	4
0.5464730985352	0.591912684674462	0.129	0.095	1	chr22-12601455-12603496	4
0.5464730985352	0.581714838713455	0.129	0.095	1	chrX-100635984-100637291	4
0.547163388546434	0.299328480573858	0.323	0.262	1	chr18-74290173-74292677	4
0.547322384969451	0.464623021980134	0.161	0.119	1	chr1-3780666-3781915	4
0.547322384969451	0.555233670331902	0.161	0.119	1	chr2-46499581-46500769	4
0.547322384969451	0.586468271863043	0.161	0.119	1	chr2-75709263-75711734	4
0.547322384969451	0.521640426113911	0.161	0.119	1	chr2-156340372-156343820	4
0.547322384969451	0.472236456282951	0.161	0.119	1	chr3-11185298-11186337	4
0.547322384969451	0.46663671096519	0.161	0.119	1	chr3-84290725-84292668	4
0.547322384969451	0.479837453563949	0.161	0.119	1	chr3-132346596-132347778	4
0.547322384969451	0.465222650535043	0.161	0.119	1	chr4-71388995-71390040	4
0.547322384969451	0.439620256743762	0.161	0.119	1	chr8-80577527-80580333	4
0.547322384969451	0.512033677825762	0.161	0.119	1	chr9-7798753-7800255	4
0.547322384969451	0.476324426474581	0.161	0.119	1	chr15-63047693-63049715	4
0.547322384969451	0.463837155878466	0.161	0.119	1	chr20-19756768-19758815	4
0.547322384969451	0.470797786086301	0.161	0.119	1	chr22-19961898-19963958	4
0.549876645181413	0.307171353502538	0.194	0.143	1	chr1-36160991-36164766	4
0.549876645181413	0.347968116779622	0.194	0.143	1	chr6-106628578-106630752	4
0.55003700248367	0.355878474005186	0.339	0.286	1	chr1-204492605-204495516	4
0.550233260079673	0.357797193343373	0.242	0.19	1	chr2-240585754-240587872	4
0.550233260079673	0.39026408222393	0.242	0.19	1	chr9-136885535-136887672	4
0.550233260079673	0.42197541651955	0.242	0.19	1	chr10-12128895-12130825	4
0.550233260079673	0.358582262881471	0.242	0.19	1	chr17-48023580-48027055	4
0.550406581470434	0.447809047583789	0.21	0.167	1	chr3-140829544-140832007	4
0.550406581470434	0.404423587331557	0.21	0.167	1	chr6-26025257-26027889	4
0.550406581470434	0.483062945027717	0.21	0.167	1	chr7-50701544-50726131	4
0.550406581470434	0.410121665699769	0.21	0.167	1	chr8-93739327-93741633	4
0.550406581470434	0.428229567571191	0.21	0.167	1	chr12-63035889-63039091	4
0.550406581470434	0.374013547890997	0.21	0.167	1	chr14-23033892-23035720	4
0.550406581470434	0.408311681576407	0.21	0.167	1	chr16-79887120-79888906	4
0.550406581470434	0.361449954321846	0.21	0.167	1	chr19-12890453-12891876	4
0.550618258893406	0.335683425095068	0.258	0.19	1	chr3-9842830-9844724	4
0.551318235699469	0.459432656346042	0.113	0.071	1	chr1-52700589-52701360	4
0.551318235699469	0.437308064126769	0.113	0.071	1	chr1-67748478-67750711	4
0.551318235699469	0.360171608328432	0.113	0.071	1	chr1-201494053-201496935	4
0.551318235699469	0.430875098200773	0.113	0.071	1	chr2-98730035-98731899	4
0.551318235699469	0.46571200051615	0.113	0.071	1	chr2-197877999-197879615	4
0.551318235699469	0.495354565741462	0.113	0.071	1	chr3-38458875-38460188	4
0.551318235699469	0.367705091509578	0.113	0.071	1	chr3-71129585-71134505	4
0.551318235699469	0.276069358754524	0.113	0.071	1	chr4-41655741-41658534	4
0.551318235699469	0.44072985060112	0.113	0.071	1	chr4-90732023-90733028	4
0.551318235699469	0.293074262706117	0.113	0.071	1	chr5-117486513-117487665	4
0.551318235699469	0.312462545207567	0.113	0.071	1	chr9-89850210-89852613	4
0.551318235699469	0.46204818857579	0.113	0.071	1	chr9-109253323-109254523	4
0.551318235699469	0.515543792067269	0.113	0.071	1	chr11-59397775-59398335	4
0.551318235699469	0.410885652260857	0.113	0.071	1	chr11-117076944-117077869	4
0.551318235699469	0.403831533482086	0.113	0.071	1	chr14-23640264-23641383	4
0.551318235699469	0.538946405576993	0.113	0.071	1	chr18-3093710-3094905	4
0.551318235699469	0.337875894320658	0.113	0.071	1	chrX-153969549-153973745	4
0.551805165735227	0.268195641384368	0.387	0.333	1	chr5-177425213-177427832	4
0.551978635078597	0.443076724191086	0.194	0.167	1	chr3-124551636-124553515	4
0.552626066521867	0.405978961574078	0.145	0.095	1	chr7-91581989-91583287	4
0.552626066521867	0.364222261583458	0.145	0.095	1	chr9-108130796-108131514	4
0.552626066521867	0.318634711004092	0.145	0.095	1	chr11-62708540-62710178	4
0.552628863753538	0.325320818203315	0.323	0.262	1	chr20-34875533-34877212	4
0.553539775199801	0.372650708097824	0.274	0.214	1	chr7-2843655-2845088	4
0.553865361295288	0.255493240042438	0.355	0.286	1	chr1-236514060-236518009	4
0.553865361295288	0.265980080653708	0.355	0.286	1	chr4-15681000-15683282	4
0.55412586635205	0.508608567541261	0.177	0.143	1	chr9-121545697-121546967	4
0.554445482336552	0.541465731893596	0.129	0.095	1	chr1-64897653-64898987	4
0.554445482336552	0.63891924642658	0.129	0.095	1	chr1-167644604-167645844	4
0.554445482336552	0.590460362516619	0.129	0.095	1	chr3-48151108-48152200	4
0.554445482336552	0.531812597849918	0.129	0.095	1	chr3-66711954-66712799	4
0.554445482336552	0.568278538898531	0.129	0.095	1	chr3-140186014-140187477	4
0.554445482336552	0.626424886667306	0.129	0.095	1	chr14-26862524-26863939	4
0.554445482336552	0.5803711883559	0.129	0.095	1	chr15-40782403-40783091	4
0.554445482336552	0.48817659596754	0.129	0.095	1	chr18-6835148-6835986	4
0.554445482336552	0.528095908388685	0.129	0.095	1	chr19-12955848-12957716	4
0.554445482336552	0.656575595004143	0.129	0.095	1	chr21-29217684-29219831	4
0.554445482336552	0.606834637456291	0.129	0.095	1	chrX-54639116-54641364	4
0.554564329469037	0.446999684592885	0.161	0.119	1	chr2-227366655-227367460	4
0.554564329469037	0.412306493096376	0.161	0.119	1	chr3-139343541-139345263	4
0.554564329469037	0.42641650619374	0.161	0.119	1	chr4-141220431-141221771	4
0.554564329469037	0.407113770482333	0.161	0.119	1	chr5-77775004-77777031	4
0.554564329469037	0.497411207133885	0.161	0.119	1	chr6-30742053-30743437	4
0.554564329469037	0.484257333546587	0.161	0.119	1	chr7-38304797-38306828	4
0.554564329469037	0.498483540106789	0.161	0.119	1	chr7-55571307-55574717	4
0.554564329469037	0.461112651356365	0.161	0.119	1	chr9-137390330-137391366	4
0.554564329469037	0.452265090819563	0.161	0.119	1	chr11-808387-811248	4
0.554564329469037	0.491803082562907	0.161	0.119	1	chr11-78155582-78157051	4
0.554564329469037	0.48318748099656	0.161	0.119	1	chr14-56422364-56423399	4
0.55459347816666	0.288271495566855	0.177	0.119	1	chr16-57815980-57817028	4
0.554872821661753	0.305757078621432	0.226	0.167	1	chr7-66492566-66495039	4
0.555445189125649	0.328283248646235	0.29	0.238	1	chr9-122930550-122932854	4
0.555763937857804	0.358842423180337	0.226	0.19	1	chr8-96927630-96929115	4
0.556048967844137	0.408373923858921	0.274	0.238	1	chr5-179731787-179734726	4
0.556337754241781	0.42690140815069	0.242	0.19	1	chr1-241847312-241849377	4
0.556337754241781	0.361866548633273	0.242	0.19	1	chr6-27176537-27178906	4
0.556337754241781	0.412884363708384	0.242	0.19	1	chr10-22228883-22231184	4
0.556337754241781	0.293341514545579	0.242	0.19	1	chr11-111734683-111736530	4
0.556497901310264	0.308313799435487	0.306	0.262	1	chr20-13994873-13996789	4
0.556602447007672	0.386657751346503	0.194	0.143	1	chr12-10673381-10674748	4
0.556602447007672	0.257645085141527	0.194	0.143	1	chr17-75940410-75941648	4
0.556602447007672	0.390275510546764	0.194	0.143	1	chr19-19642510-19644649	4
0.55662694594785	0.264151485267083	0.258	0.19	1	chr4-128385220-128387957	4
0.556659577204949	0.364042915757889	0.258	0.214	1	chr1-236603555-236605381	4
0.556659577204949	0.353173207946159	0.258	0.214	1	chr13-50643738-50645187	4
0.55685484719231	0.436871796264322	0.21	0.167	1	chr11-46119370-46123150	4
0.55685484719231	0.405855363259201	0.21	0.167	1	chr12-38316058-38317386	4
0.55685484719231	0.40755980077982	0.21	0.167	1	chr12-56078597-56082520	4
0.558310216378583	0.271950406968056	0.371	0.31	1	chr7-66627758-66629494	4
0.559949556494843	0.256134817060959	0.387	0.357	1	chr1-186374179-186376610	4
0.560005004076479	0.449449490263626	0.113	0.071	1	chr2-100571425-100572240	4
0.560005004076479	0.333827721532834	0.113	0.071	1	chr2-121095035-121095918	4
0.560005004076479	0.312597420455607	0.113	0.071	1	chr5-159174733-159176047	4
0.560005004076479	0.346903813518105	0.113	0.071	1	chr9-127607497-127609091	4
0.560005004076479	0.43697045141439	0.113	0.071	1	chr10-5553979-5555077	4
0.560005004076479	0.513402209485013	0.113	0.071	1	chr13-26982869-26983758	4
0.560005004076479	0.265919891886203	0.113	0.071	1	chr13-50222487-50223451	4
0.560005004076479	0.477657438045651	0.113	0.071	1	chr15-52528424-52529807	4
0.560005004076479	0.260215657817731	0.113	0.071	1	chr16-67718202-67720452	4
0.560005004076479	0.466275847066125	0.113	0.071	1	chr20-45791390-45792663	4
0.560005004076479	0.292220454587308	0.113	0.071	1	chr22-33036637-33038421	4
0.560365324953553	0.400787044337688	0.145	0.095	1	chr11-17012680-17015428	4
0.560365324953553	0.396324363690858	0.145	0.095	1	chr19-48501178-48502696	4
0.561148374321723	0.441271591854748	0.29	0.238	1	chr1-155175939-155178055	4
0.561222560907299	0.291908348039623	0.226	0.167	1	chr3-37985061-37987982	4
0.561685800703384	0.343464662896465	0.177	0.119	1	chr2-71226517-71227870	4
0.561829806840636	0.267638833805045	0.274	0.238	1	chr11-77588918-77590970	4
0.561852824555502	0.48271267110853	0.161	0.119	1	chr1-67629214-67630340	4
0.561852824555502	0.459184758612062	0.161	0.119	1	chr1-116138734-116139672	4
0.561852824555502	0.421145018615956	0.161	0.119	1	chr2-196798925-196800201	4
0.561852824555502	0.473152140596928	0.161	0.119	1	chr3-11476947-11482250	4
0.561852824555502	0.415132573792021	0.161	0.119	1	chr6-26473405-26475451	4
0.561852824555502	0.376556911260866	0.161	0.119	1	chr9-69385098-69387110	4
0.561852824555502	0.372379658563214	0.161	0.119	1	chr10-11610298-11612627	4
0.561852824555502	0.424268640730439	0.161	0.119	1	chr12-8031905-8033541	4
0.562004156137882	0.453189290180119	0.226	0.19	1	chr9-19102075-19103509	4
0.562279520616718	0.325623271817019	0.323	0.286	1	chr15-82044373-82047791	4
0.562474340438279	0.558467075132332	0.129	0.095	1	chr1-147515091-147517021	4
0.562474340438279	0.54815314912645	0.129	0.095	1	chr1-228734829-228736827	4
0.562474340438279	0.58153611209479	0.129	0.095	1	chr3-100097629-100098888	4
0.562474340438279	0.54831165937836	0.129	0.095	1	chr8-129847953-129849361	4
0.562474340438279	0.503444744365513	0.129	0.095	1	chr10-46531570-46532348	4
0.562474340438279	0.614958171265375	0.129	0.095	1	chr12-54891559-54892798	4
0.562474340438279	0.556971408440627	0.129	0.095	1	chr13-51033317-51035744	4
0.562474340438279	0.60930300745039	0.129	0.095	1	chr15-35530526-35531268	4
0.562474340438279	0.635808384427545	0.129	0.095	1	chr16-52068151-52071317	4
0.562474340438279	0.604496290479428	0.129	0.095	1	chr17-45893711-45896057	4
0.562474340438279	0.445229687087103	0.129	0.095	1	chr18-49459896-49461387	4
0.562474340438279	0.57956399659526	0.129	0.095	1	chr22-37848452-37850255	4
0.562474340438279	0.539571806210487	0.129	0.095	1	chrX-72131484-72132529	4
0.562475090837118	0.309404511722591	0.242	0.19	1	chr12-64835900-64838060	4
0.562608657157001	0.254995401312545	0.258	0.214	1	chr5-137751618-137755480	4
0.562608657157001	0.358283920282711	0.258	0.214	1	chr9-122904156-122905860	4
0.563339704704948	0.390920325796751	0.21	0.167	1	chr1-44729032-44731715	4
0.563339704704948	0.386658180288957	0.21	0.167	1	chr6-118933906-118936379	4
0.563368102505181	0.364646638643598	0.194	0.143	1	chr3-110879584-110881786	4
0.563368102505181	0.35048862409115	0.194	0.143	1	chr9-34124856-34127441	4
0.563368102505181	0.377249095912315	0.194	0.143	1	chr11-43357964-43360287	4
0.563368102505181	0.322643395371554	0.194	0.143	1	chr22-17627911-17629535	4
0.565265057009926	0.261599676933878	0.274	0.214	1	chr15-88638026-88640514	4
0.565950997858359	0.296113579380328	0.306	0.238	1	chr7-105520727-105522985	4
0.565950997858359	0.288286679248574	0.306	0.238	1	chr14-105465424-105469880	4
0.567607251347188	0.279988992765993	0.226	0.167	1	chr1-162166945-162169057	4
0.567607251347188	0.294992328066913	0.226	0.167	1	chr10-80170510-80172113	4
0.567607251347188	0.381795637890059	0.226	0.167	1	chr13-18992757-18997303	4
0.567607251347188	0.288181676315895	0.226	0.167	1	chr19-38263823-38268890	4
0.567607251347188	0.397729149267761	0.226	0.167	1	chr20-50509605-50511505	4
0.567669966675603	0.317454823281188	0.306	0.262	1	chr8-140456277-140460904	4
0.567918183728829	0.256767958810975	0.419	0.333	1	chr1-198155196-198160654	4
0.568121282220394	0.283776925567154	0.355	0.31	1	chr16-46687223-46691981	4
0.56858826039194	0.395643003728395	0.258	0.214	1	chr4-122921670-122924031	4
0.568644933281621	0.328284880496702	0.242	0.19	1	chr5-168346073-168348796	4
0.568644933281621	0.358309532094246	0.242	0.19	1	chr10-113678844-113681070	4
0.568644933281621	0.295413563467657	0.242	0.19	1	chr12-2811639-2814281	4
0.568644933281621	0.275926932973052	0.242	0.19	1	chr15-43797609-43801585	4
0.568757594250133	0.535488170088082	0.113	0.071	1	chr7-155344578-155345673	4
0.568757594250133	0.41959100748226	0.113	0.071	1	chr9-38686893-38688454	4
0.568757594250133	0.376392150787578	0.113	0.071	1	chr9-130693191-130694428	4
0.568757594250133	0.373637871053905	0.113	0.071	1	chr14-69456316-69458437	4
0.569184210358078	0.25465937762135	0.323	0.262	1	chr8-87165908-87168334	4
0.569184210358078	0.294436316076007	0.323	0.262	1	chr14-24091885-24096177	4
0.569187307116195	0.427690273358827	0.161	0.119	1	chr1-113253267-113256831	4
0.569187307116195	0.425055281233547	0.161	0.119	1	chr3-101868064-101869275	4
0.569187307116195	0.457053245961598	0.161	0.119	1	chr6-27250809-27252470	4
0.569187307116195	0.40520828054964	0.161	0.119	1	chr7-105875843-105877246	4
0.569187307116195	0.436151740955786	0.161	0.119	1	chr10-70363883-70365106	4
0.569187307116195	0.37539595822676	0.161	0.119	1	chr11-68037362-68039561	4
0.569187307116195	0.446128656542588	0.161	0.119	1	chr13-77167268-77168785	4
0.569187307116195	0.413472628580051	0.161	0.119	1	chr18-80108555-80110612	4
0.569445030898405	0.271379718307498	0.371	0.333	1	chr4-139451948-139455468	4
0.569860756704894	0.395735581308439	0.21	0.167	1	chr2-226835006-226838410	4
0.569860756704894	0.400574212089677	0.21	0.167	1	chr4-189939995-189941547	4
0.570173160538682	0.286870986673499	0.194	0.143	1	chr4-4541011-4543356	4
0.570173160538682	0.351646051663441	0.194	0.143	1	chr15-66356065-66357401	4
0.570508683596867	0.321750323635722	0.339	0.262	1	chr19-33310121-33311720	4
0.570558919935182	0.57383214869467	0.129	0.095	1	chr1-65169809-65171861	4
0.570558919935182	0.514949717497784	0.129	0.095	1	chr2-207257597-207259508	4
0.570558919935182	0.481152665718731	0.129	0.095	1	chr3-80695697-80698018	4
0.570558919935182	0.464845683306863	0.129	0.095	1	chr4-98721285-98722618	4
0.570558919935182	0.497173124159287	0.129	0.095	1	chr5-179895238-179896627	4
0.570558919935182	0.556901068152336	0.129	0.095	1	chr6-31202684-31204627	4
0.570558919935182	0.609703883876405	0.129	0.095	1	chr6-33409821-33411574	4
0.570558919935182	0.472945270311147	0.129	0.095	1	chr7-22672782-22674021	4
0.570558919935182	0.558158781157755	0.129	0.095	1	chr7-105939781-105940947	4
0.570558919935182	0.541301815291017	0.129	0.095	1	chr11-121118400-121119858	4
0.570558919935182	0.538190814535922	0.129	0.095	1	chr14-75449530-75451871	4
0.570558919935182	0.535297198151419	0.129	0.095	1	chr15-78108161-78108956	4
0.570558919935182	0.621688567014834	0.129	0.095	1	chr17-64496002-64499196	4
0.570558919935182	0.619308682125419	0.129	0.095	1	chr18-54357314-54358882	4
0.570558919935182	0.562028198559692	0.129	0.095	1	chr22-36238062-36240116	4
0.570558919935182	0.621679984958274	0.129	0.095	1	chrX-19886214-19888937	4
0.570558919935182	0.499401495248918	0.129	0.095	1	chrX-130339314-130340732	4
0.571172127736059	0.357786376302184	0.274	0.214	1	chr1-44029138-44032990	4
0.574026512380518	0.35840633559709	0.226	0.167	1	chr1-151197783-151199685	4
0.574026512380518	0.332705988410969	0.226	0.167	1	chr1-193007306-193010248	4
0.574026512380518	0.263845290166147	0.226	0.167	1	chr2-15591078-15592847	4
0.574842428969256	0.293533589916654	0.258	0.19	1	chr3-14651005-14652828	4
0.574986077199634	0.510474192711026	0.177	0.143	1	chr12-9447601-9450113	4
0.574986077199634	0.390292603764524	0.177	0.143	1	chr20-35615550-35617158	4
0.576417596937641	0.429729349763703	0.21	0.167	1	chr1-145926572-145928961	4
0.576417596937641	0.292629492817535	0.21	0.167	1	chr3-196500336-196504355	4
0.576417596937641	0.348525299661356	0.21	0.167	1	chr11-86243957-86246260	4
0.576567199638854	0.393981631942129	0.161	0.119	1	chr4-1289031-1291492	4
0.576567199638854	0.438781528445541	0.161	0.119	1	chr5-122774434-122776297	4
0.576567199638854	0.390686821101738	0.161	0.119	1	chr8-123921768-123922902	4
0.576567199638854	0.342855053093785	0.161	0.119	1	chr11-27204511-27206164	4
0.576567199638854	0.378987678434666	0.161	0.119	1	chr20-59031330-59033189	4
0.576567199638854	0.38411649435024	0.161	0.119	1	chr21-17454145-17455351	4
0.576602271093731	0.748703552629015	0.145	0.119	1	chr2-212939373-212941737	4
0.577017159364134	0.352687334462903	0.194	0.143	1	chr2-231513852-231515351	4
0.577108417176041	0.306348378509096	0.274	0.214	1	chr3-98900777-98902615	4
0.577108417176041	0.268767860376297	0.274	0.214	1	chr17-8153932-8157585	4
0.577108417176041	0.306443290865011	0.274	0.214	1	chr17-63826167-63828462	4
0.5775750257331	0.279523163150577	0.113	0.071	1	chr11-65556942-65561086	4
0.5775750257331	0.342812994255827	0.113	0.071	1	chr17-781004-783152	4
0.578571631065584	0.538242470940316	0.194	0.167	1	chr10-73251583-73253669	4
0.578698446750889	0.58370338637938	0.129	0.095	1	chr1-8889402-8890915	4
0.578698446750889	0.462230658686536	0.129	0.095	1	chr3-98109211-98110734	4
0.578698446750889	0.564697199503243	0.129	0.095	1	chr3-169764169-169765715	4
0.578698446750889	0.417219628907494	0.129	0.095	1	chr3-195257774-195260880	4
0.578698446750889	0.507137580349793	0.129	0.095	1	chr4-27100560-27102515	4
0.578698446750889	0.527541788291899	0.129	0.095	1	chr4-102343823-102345864	4
0.578698446750889	0.507785915808464	0.129	0.095	1	chr5-105882527-105883521	4
0.578698446750889	0.41029636880346	0.129	0.095	1	chr8-1633184-1635194	4
0.578698446750889	0.43759488959983	0.129	0.095	1	chr8-30422810-30423749	4
0.578698446750889	0.548852517747958	0.129	0.095	1	chr8-86289646-86291153	4
0.578698446750889	0.366226395337017	0.129	0.095	1	chr9-14198340-14199847	4
0.578698446750889	0.499318378731758	0.129	0.095	1	chr10-88879529-88881255	4
0.578698446750889	0.536091473782955	0.129	0.095	1	chr11-71526766-71527852	4
0.578698446750889	0.504108242323211	0.129	0.095	1	chr13-107961859-107962861	4
0.578698446750889	0.552045489317343	0.129	0.095	1	chr14-61320721-61323358	4
0.578698446750889	0.668927263285802	0.129	0.095	1	chr15-33149833-33151248	4
0.578698446750889	0.606898282595639	0.129	0.095	1	chr15-64911178-64912510	4
0.578698446750889	0.474091553325643	0.129	0.095	1	chr15-73927075-73928382	4
0.578698446750889	0.501268769553282	0.129	0.095	1	chr17-45427849-45428753	4
0.578698446750889	0.620356513702607	0.129	0.095	1	chr19-14072585-14075697	4
0.578698446750889	0.494370652593125	0.129	0.095	1	chr20-36121876-36123006	4
0.578698446750889	0.458503456420903	0.129	0.095	1	chr21-28961457-28962997	4
0.578698446750889	0.579054078639391	0.129	0.095	1	chr21-32392081-32394844	4
0.578698446750889	0.536207146027752	0.129	0.095	1	chr21-46227924-46229973	4
0.580351080482432	0.264465573000805	0.323	0.262	1	chr2-30145899-30148315	4
0.580351080482432	0.316429130998863	0.323	0.262	1	chr2-201231842-201234697	4
0.580351080482432	0.344484112160738	0.306	0.286	1	chr6-26536652-26539351	4
0.580637778520982	0.274525829726185	0.258	0.214	1	chr14-20989428-20991026	4
0.580925331138226	0.41189895948391	0.226	0.19	1	chr19-32580397-32582317	4
0.581080753405178	0.329473584857837	0.242	0.19	1	chr1-101287980-101289237	4
0.581080753405178	0.267159321767533	0.242	0.19	1	chr5-115168841-115171582	4
0.581080753405178	0.413053418932875	0.242	0.19	1	chr10-132444722-132449682	4
0.582021083605981	0.478112857524883	0.177	0.143	1	chr4-7101771-7104400	4
0.582021083605981	0.471166398167103	0.177	0.143	1	chr7-23105023-23107710	4
0.582021083605981	0.431490335426955	0.177	0.143	1	chr10-46022932-46023975	4
0.582021083605981	0.418160243805529	0.177	0.143	1	chr20-64163855-64165326	4
0.58300981026145	0.379404684179445	0.21	0.167	1	chr6-26420720-26422444	4
0.58300981026145	0.310491015503213	0.21	0.167	1	chrX-149504217-149505846	4
0.583073617016821	0.26157794355086	0.274	0.214	1	chr12-122525775-122528061	4
0.583899626707758	0.329420397528478	0.194	0.143	1	chr19-50147374-50148606	4
0.583991910325919	0.33789942723513	0.161	0.119	1	chr1-43969406-43970826	4
0.583991910325919	0.419864937278646	0.161	0.119	1	chr1-161726022-161727495	4
0.583991910325919	0.31923802256065	0.161	0.119	1	chr3-23112432-23116496	4
0.583991910325919	0.364919800141794	0.161	0.119	1	chr5-132385261-132389094	4
0.583991910325919	0.416083176614065	0.161	0.119	1	chr6-149716085-149718903	4
0.583991910325919	0.406364464065014	0.161	0.119	1	chr9-76878854-76880205	4
0.583991910325919	0.390127596251451	0.161	0.119	1	chr15-56886519-56888172	4
0.583991910325919	0.468831615453368	0.161	0.119	1	chr19-17419102-17420924	4
0.584240208024229	0.27842200983805	0.29	0.238	1	chr18-58043204-58047648	4
0.586707048579437	0.33508898179637	0.258	0.214	1	chr2-128026375-128029067	4
0.586707048579437	0.338920453583775	0.258	0.214	1	chr3-50297884-50300659	4
0.586707048579437	0.284777516843126	0.258	0.214	1	chr3-69050749-69053161	4
0.586892125824709	0.534983603727728	0.129	0.095	1	chr1-155276876-155278947	4
0.586892125824709	0.522491224998863	0.129	0.095	1	chr2-216011983-216014065	4
0.586892125824709	0.521531858242626	0.129	0.095	1	chr3-124729870-124731375	4
0.586892125824709	0.497703514911525	0.129	0.095	1	chr3-168090357-168092455	4
0.586892125824709	0.539963415106748	0.129	0.095	1	chr4-38160417-38161608	4
0.586892125824709	0.609314610537459	0.129	0.095	1	chr4-168831171-168832983	4
0.586892125824709	0.538498609036079	0.129	0.095	1	chr6-17986634-17988799	4
0.586892125824709	0.438004426507839	0.129	0.095	1	chr6-107113866-107116147	4
0.586892125824709	0.455368817701482	0.129	0.095	1	chr6-108752116-108753483	4
0.586892125824709	0.347803067264238	0.129	0.095	1	chr6-108944770-108948797	4
0.586892125824709	0.457188536999086	0.129	0.095	1	chr7-150404188-150407419	4
0.586892125824709	0.562312805817356	0.129	0.095	1	chr7-153244677-153245600	4
0.586892125824709	0.492793165679884	0.129	0.095	1	chr8-8871749-8873637	4
0.586892125824709	0.47548797940151	0.129	0.095	1	chr10-42366948-42368414	4
0.586892125824709	0.454298968846246	0.129	0.095	1	chr10-77835576-77836970	4
0.586892125824709	0.558835022252082	0.129	0.095	1	chr11-10899269-10901094	4
0.586892125824709	0.514840716020446	0.129	0.095	1	chr11-115498287-115499857	4
0.586892125824709	0.531504464002561	0.129	0.095	1	chr14-67815623-67817461	4
0.586892125824709	0.486323930128043	0.129	0.095	1	chr15-92917124-92918368	4
0.586892125824709	0.44315168440607	0.129	0.095	1	chr17-42015891-42018338	4
0.586892125824709	0.561170917180361	0.129	0.095	1	chr17-81254669-81256366	4
0.586892125824709	0.4789747138791	0.129	0.095	1	chr18-62781790-62782639	4
0.586892125824709	0.606935035509259	0.129	0.095	1	chr19-15125007-15126176	4
0.586892125824709	0.449146977739492	0.129	0.095	1	chr20-43463083-43467399	4
0.586892125824709	0.398930377225634	0.129	0.095	1	chr22-20020502-20022426	4
0.586892125824709	0.445636818296186	0.129	0.095	1	chrX-20221460-20222517	4
0.586892125824709	0.603833260263241	0.129	0.095	1	chrX-153469740-153471419	4
0.586967182641415	0.373367337661892	0.226	0.167	1	chr13-41193791-41195088	4
0.586967182641415	0.357861885703159	0.226	0.167	1	chr17-3845195-3846773	4
0.587297999533945	0.401964307991608	0.226	0.19	1	chr7-56033249-56034849	4
0.587346022086528	0.3520950609282	0.242	0.19	1	chr1-65146874-65152210	4
0.587346022086528	0.294553181819134	0.242	0.19	1	chr6-30325245-30327850	4
0.587346022086528	0.292928225620211	0.242	0.19	1	chrX-11757424-11760072	4
0.589096042993656	0.394845608913226	0.177	0.143	1	chr16-58828396-58829927	4
0.589096042993656	0.429467839095847	0.177	0.143	1	chr22-49574694-49576980	4
0.58963697271483	0.365310955044802	0.21	0.167	1	chr8-74405693-74406905	4
0.58963697271483	0.330946066153104	0.21	0.167	1	chr8-144325435-144327720	4
0.58963697271483	0.34945429798806	0.21	0.167	1	chr10-77286728-77288566	4
0.59033076714481	0.342867417786787	0.306	0.262	1	chr7-129778814-129781522	4
0.59033076714481	0.275038673062645	0.306	0.262	1	chr16-1609794-1614913	4
0.590820079849804	0.392205507899384	0.194	0.143	1	chr10-14908530-14909935	4
0.590820079849804	0.382327876472885	0.194	0.143	1	chr11-110305077-110306398	4
0.590820079849804	0.285370123784225	0.194	0.143	1	chr22-20393419-20394998	4
0.5911311989347	0.257589053489293	0.387	0.357	1	chr14-49632845-49636283	4
0.591460833216281	0.450616941495151	0.161	0.119	1	chr7-2353381-2357694	4
0.591460833216281	0.371348151122019	0.161	0.119	1	chr11-60381854-60382984	4
0.591460833216281	0.356712018795946	0.161	0.119	1	chr12-123601247-123603472	4
0.591460833216281	0.379825677518659	0.161	0.119	1	chr18-3401537-3403505	4
0.591944443694123	0.552271067462104	0.145	0.119	1	chr12-93741844-93743229	4
0.592805552338409	0.357784339995786	0.258	0.214	1	chr1-110963002-110964701	4
0.592805552338409	0.307820927584764	0.258	0.214	1	chr1-154426991-154430618	4
0.592805552338409	0.371091596338762	0.258	0.214	1	chr3-121834021-121835933	4
0.593487789668262	0.265570358094099	0.226	0.167	1	chr5-6711666-6715112	4
0.593642378725864	0.330673036820608	0.242	0.19	1	chr5-150356887-150359018	4
0.593702838968918	0.459200483886947	0.226	0.19	1	chr5-154295859-154297709	4
0.593702838968918	0.346924127350449	0.226	0.19	1	chr19-53332993-53334515	4
0.594639278774694	0.330948198672099	0.29	0.262	1	chr3-50349960-50352060	4
0.595089485185459	0.301526068656414	0.274	0.214	1	chr9-98055867-98057914	4
0.595139141311771	0.474776507441136	0.129	0.095	1	chr1-27233793-27235912	4
0.595139141311771	0.458980185413884	0.129	0.095	1	chr1-70717193-70718778	4
0.595139141311771	0.353970994725939	0.129	0.095	1	chr2-149080620-149081911	4
0.595139141311771	0.515022600847498	0.129	0.095	1	chr3-190039816-190040865	4
0.595139141311771	0.508480382322318	0.129	0.095	1	chr8-27601965-27604022	4
0.595139141311771	0.414461017588688	0.129	0.095	1	chr10-612509-615108	4
0.595139141311771	0.53037442147514	0.129	0.095	1	chr11-7670919-7672015	4
0.595139141311771	0.401723767584979	0.129	0.095	1	chr11-10933649-10934981	4
0.595139141311771	0.425780871575329	0.129	0.095	1	chr11-73141682-73143193	4
0.595139141311771	0.438335942638576	0.129	0.095	1	chr13-98575778-98578093	4
0.595139141311771	0.493067538381723	0.129	0.095	1	chr15-24954719-24957084	4
0.595139141311771	0.451163441857335	0.129	0.095	1	chr20-5765898-5766850	4
0.595139141311771	0.488375547656963	0.129	0.095	1	chr20-36092484-36094995	4
0.595139141311771	0.473036983221143	0.129	0.095	1	chr22-21937631-21939123	4
0.595612630396239	0.257237798580961	0.371	0.31	1	chr4-73067017-73070780	4
0.596210429147813	0.404829331951856	0.177	0.143	1	chr6-160354731-160357608	4
0.596210429147813	0.41951027339814	0.177	0.143	1	chr7-64313217-64314854	4
0.596210429147813	0.411670577835868	0.177	0.143	1	chr10-13586382-13587964	4
0.596210429147813	0.440554536059408	0.177	0.143	1	chr17-45135143-45136401	4
0.596210429147813	0.439145692566366	0.177	0.143	1	chr22-40345192-40348520	4
0.59629865158767	0.290516471702907	0.21	0.167	1	chr1-198655609-198658480	4
0.59629865158767	0.312137528370109	0.21	0.167	1	chr2-232549563-232551768	4
0.59629865158767	0.384312980504123	0.21	0.167	1	chr7-159139732-159142187	4
0.59629865158767	0.287980442581917	0.21	0.167	1	chr9-128370375-128372543	4
0.59629865158767	0.326657335987448	0.21	0.167	1	chr16-48622892-48624107	4
0.59629865158767	0.318187899006985	0.21	0.167	1	chr17-82287708-82289114	4
0.59629865158767	0.378671633677011	0.21	0.167	1	chr19-5686180-5687732	4
0.59629865158767	0.262926878485409	0.21	0.167	1	chr19-17468472-17470931	4
0.597778025713021	0.391114500281425	0.194	0.143	1	chr12-51082627-51084016	4
0.597778025713021	0.275760513157792	0.194	0.143	1	chr16-80836478-80838575	4
0.59897334831446	0.386974288711666	0.161	0.119	1	chr1-228721070-228722523	4
0.59897334831446	0.378107126424352	0.161	0.119	1	chr5-16888650-16890561	4
0.59897334831446	0.259453129141745	0.161	0.119	1	chr6-10693590-10695764	4
0.59897334831446	0.351353881617938	0.161	0.119	1	chr6-149963101-149964476	4
0.59897334831446	0.256393148590534	0.161	0.119	1	chr8-135456501-135458510	4
0.59897334831446	0.314870016407676	0.161	0.119	1	chr9-38022379-38024753	4
0.59897334831446	0.364268930226813	0.161	0.119	1	chr11-43649427-43650722	4
0.59897334831446	0.282202606358078	0.161	0.119	1	chr16-84998823-85002629	4
0.59897334831446	0.357725744821128	0.161	0.119	1	chr17-60077582-60080045	4
0.59897334831446	0.331178409351387	0.161	0.119	1	chr19-23394408-23395892	4
0.59897334831446	0.377194703969245	0.161	0.119	1	chr20-32017631-32019599	4
0.599685162170943	0.59405974974003	0.145	0.119	1	chr17-79918552-79919904	4
0.59996945122221	0.292360389472665	0.242	0.19	1	chr4-40842075-40843744	4
0.59996945122221	0.259120714225477	0.242	0.19	1	chr8-123767710-123769626	4
0.600041363017061	0.453830538694332	0.21	0.19	1	chr5-86617336-86619334	4
0.601815199420989	0.298960399552399	0.306	0.262	1	chr5-36237999-36243071	4
0.602987474088082	0.288369913629268	0.323	0.262	1	chr9-83978223-83982103	4
0.602994405495988	0.293964616782234	0.21	0.167	1	chr11-18526074-18528085	4
0.603363704551509	0.558923712170162	0.177	0.143	1	chr3-39180126-39181471	4
0.603363704551509	0.410929259408679	0.177	0.143	1	chr8-120009588-120012504	4
0.603363704551509	0.307156351994159	0.177	0.143	1	chr9-113564329-113567190	4
0.603363704551509	0.389957020899451	0.177	0.143	1	chr10-6088437-6090666	4
0.603363704551509	0.496505693208892	0.177	0.143	1	chr11-59171332-59172732	4
0.603363704551509	0.416981650381665	0.177	0.143	1	chr13-40770400-40771855	4
0.603363704551509	0.359019993324361	0.177	0.143	1	chr15-38440150-38441102	4
0.603438656796377	0.413392289376376	0.129	0.095	1	chr1-1406173-1408289	4
0.603438656796377	0.439784579023564	0.129	0.095	1	chr1-181587593-181588500	4
0.603438656796377	0.45111115279114	0.129	0.095	1	chr1-214636992-214638167	4
0.603438656796377	0.395531056853301	0.129	0.095	1	chr2-168671842-168672802	4
0.603438656796377	0.283803346046062	0.129	0.095	1	chr2-224909571-224911012	4
0.603438656796377	0.516236319725787	0.129	0.095	1	chr3-52770084-52771721	4
0.603438656796377	0.494520481598409	0.129	0.095	1	chr6-41920478-41922629	4
0.603438656796377	0.412577890646869	0.129	0.095	1	chr6-99588287-99589637	4
0.603438656796377	0.525424361277093	0.129	0.095	1	chr6-139218937-139219905	4
0.603438656796377	0.434640888885287	0.129	0.095	1	chr6-143534997-143537968	4
0.603438656796377	0.390031673648415	0.129	0.095	1	chr7-105962543-105963683	4
0.603438656796377	0.442091587803175	0.129	0.095	1	chr7-143304999-143306054	4
0.603438656796377	0.443664687101636	0.129	0.095	1	chr8-63038218-63040704	4
0.603438656796377	0.40352461637223	0.129	0.095	1	chr9-102185130-102186810	4
0.603438656796377	0.460628001059599	0.129	0.095	1	chr10-117174533-117176382	4
0.603438656796377	0.447019154478983	0.129	0.095	1	chr11-69277290-69278755	4
0.603438656796377	0.474538158993113	0.129	0.095	1	chr11-94046260-94047465	4
0.603438656796377	0.440569735373588	0.129	0.095	1	chr12-56467963-56470055	4
0.603438656796377	0.548539166879068	0.129	0.095	1	chr12-122020974-122024397	4
0.603438656796377	0.452102761436842	0.129	0.095	1	chr20-37518798-37520112	4
0.603438656796377	0.475920620950464	0.129	0.095	1	chrX-104156256-104157696	4
0.604772960955803	0.289116968834336	0.194	0.143	1	chr2-191020043-191021515	4
0.604772960955803	0.37591334924625	0.194	0.143	1	chr3-132180005-132181093	4
0.604772960955803	0.265406720062175	0.194	0.143	1	chr7-101161868-101165984	4
0.604772960955803	0.293817683657843	0.194	0.143	1	chr21-43725503-43729401	4
0.605088903011403	0.292337226975679	0.258	0.214	1	chr1-9822388-9826258	4
0.605751844747634	0.482816022466895	0.194	0.167	1	chr10-119724967-119726889	4
0.606326860536722	0.264390118322834	0.242	0.19	1	chr6-110178463-110181416	4
0.606326860536722	0.252455220738394	0.242	0.19	1	chr7-30134285-30136180	4
0.606528821727161	0.347012298833516	0.161	0.119	1	chr1-11680267-11682692	4
0.606528821727161	0.307936189840184	0.161	0.119	1	chr1-23343152-23345197	4
0.606528821727161	0.255601906117721	0.161	0.119	1	chr5-16934533-16937528	4
0.606528821727161	0.299702148472929	0.161	0.119	1	chr7-142894276-142897382	4
0.606528821727161	0.321303353872305	0.161	0.119	1	chr17-78716652-78718986	4
0.606528821727161	0.351373797276127	0.161	0.119	1	chr18-58768159-58769086	4
0.606607456853302	0.344753424014324	0.226	0.19	1	chr10-69123118-69125584	4
0.606607456853302	0.339404892699006	0.226	0.19	1	chr13-30615742-30619152	4
0.607217148504007	0.265451452466552	0.274	0.214	1	chr1-222641227-222645069	4
0.60747138240042	0.503269627647297	0.145	0.119	1	chr6-107075621-107076878	4
0.60747138240042	0.536376359128748	0.145	0.119	1	chr9-101387727-101389529	4
0.6075949447376	0.277163249293692	0.306	0.262	1	chr16-13919214-13921653	4
0.607764804528977	0.318229779163453	0.29	0.238	1	chr22-24894070-24895972	4
0.608708054763335	0.268811270542575	0.323	0.262	1	chr1-217629158-217632126	4
0.609091911511177	0.315160729226892	0.274	0.238	1	chr1-203316039-203318180	4
0.60972378446031	0.358301371152453	0.21	0.167	1	chr1-180113456-180115643	4
0.60972378446031	0.319562296638474	0.21	0.167	1	chr2-112275015-112276799	4
0.60972378446031	0.317204878506697	0.21	0.167	1	chr3-113896844-113897994	4
0.60972378446031	0.294417733292444	0.21	0.167	1	chr17-75046155-75047764	4
0.61055532049448	0.272566610528163	0.177	0.143	1	chr8-125272384-125274343	4
0.611570137410402	0.258051279319577	0.355	0.31	1	chr11-94127652-94130003	4
0.611789815518524	0.454921108289638	0.129	0.095	1	chr1-27671789-27672968	4
0.611789815518524	0.446755197525487	0.129	0.095	1	chr1-32741044-32744423	4
0.611789815518524	0.486195093123727	0.129	0.095	1	chr1-45205572-45207245	4
0.611789815518524	0.49487076694049	0.129	0.095	1	chr1-56867240-56868153	4
0.611789815518524	0.437795462889308	0.129	0.095	1	chr2-32277378-32279063	4
0.611789815518524	0.50162585575232	0.129	0.095	1	chr3-23128661-23130505	4
0.611789815518524	0.409635656897901	0.129	0.095	1	chr3-51637236-51638500	4
0.611789815518524	0.41761331508012	0.129	0.095	1	chr5-141412711-141413904	4
0.611789815518524	0.367796451058517	0.129	0.095	1	chr7-100478324-100479818	4
0.611789815518524	0.375951233493193	0.129	0.095	1	chr8-543996-546280	4
0.611789815518524	0.427515896386993	0.129	0.095	1	chr9-35844085-35845530	4
0.611789815518524	0.460645512314434	0.129	0.095	1	chr9-92114747-92116139	4
0.611789815518524	0.364780279362982	0.129	0.095	1	chr9-125706574-125707805	4
0.611789815518524	0.543681708210498	0.129	0.095	1	chr10-53269096-53272841	4
0.611789815518524	0.390079838332381	0.129	0.095	1	chr10-110303801-110306624	4
0.611789815518524	0.479231397536971	0.129	0.095	1	chr11-75945478-75947294	4
0.611789815518524	0.455861360975527	0.129	0.095	1	chr12-104131264-104133434	4
0.611789815518524	0.437733418141988	0.129	0.095	1	chr15-88647345-88649222	4
0.611789815518524	0.488923564876113	0.129	0.095	1	chr19-10460758-10461925	4
0.611789815518524	0.445018618374719	0.129	0.095	1	chr20-35276400-35279280	4
0.611789815518524	0.389212762055726	0.129	0.095	1	chr20-45778767-45779989	4
0.611789815518524	0.397576112284111	0.129	0.095	1	chr22-50260412-50262002	4
0.612491594878564	0.31149709301105	0.323	0.286	1	chr8-33471180-33473798	4
0.612635192850532	0.355742750879714	0.194	0.167	1	chr3-48300321-48302322	4
0.612635192850532	0.453896591507288	0.194	0.167	1	chr3-128122902-128124517	4
0.612635192850532	0.353008594306168	0.194	0.167	1	chr9-128817897-128820510	4
0.612714220753951	0.27115293491509	0.242	0.19	1	chr13-75537134-75538710	4
0.613106429748473	0.334215495218233	0.226	0.19	1	chr2-112480564-112484972	4
0.613106429748473	0.436006251478089	0.226	0.19	1	chr7-1568879-1571264	4
0.614126605807192	0.340802122729257	0.161	0.119	1	chr1-94854138-94855556	4
0.614126605807192	0.360185020282989	0.161	0.119	1	chr1-204565402-204566644	4
0.614126605807192	0.281694616113577	0.161	0.119	1	chr6-142694711-142697377	4
0.614126605807192	0.359809949311594	0.161	0.119	1	chr12-31021495-31023423	4
0.614126605807192	0.426068676478265	0.161	0.119	1	chr12-110449348-110450870	4
0.614126605807192	0.277572230608103	0.161	0.119	1	chr19-3625863-3627518	4
0.614126605807192	0.279875597358957	0.161	0.119	1	chr19-7628632-7630222	4
0.614126605807192	0.398246399467611	0.161	0.119	1	chr19-40424871-40426716	4
0.614126605807192	0.303965017415577	0.161	0.119	1	chr19-43532442-43534483	4
0.614126605807192	0.462491727962012	0.161	0.119	1	chr22-20494765-20497131	4
0.614126605807192	0.26300085695377	0.161	0.119	1	chr22-36528013-36530321	4
0.61524764040969	0.352714089780269	0.242	0.214	1	chr7-90243529-90247602	4
0.615302395243583	0.514486184349879	0.145	0.119	1	chr1-36088288-36090178	4
0.615302395243583	0.427675282914171	0.145	0.119	1	chr1-39025643-39027729	4
0.615302395243583	0.552614669070894	0.145	0.119	1	chr1-168750762-168753057	4
0.615302395243583	0.491981643769525	0.145	0.119	1	chr5-177085956-177087496	4
0.615302395243583	0.440108717135341	0.145	0.119	1	chr15-68792903-68794263	4
0.615302395243583	0.458266932414596	0.145	0.119	1	chr16-80013792-80014867	4
0.615302395243583	0.416553480991061	0.145	0.119	1	chr17-57021220-57022181	4
0.61648632998764	0.316955073608975	0.21	0.167	1	chr1-43536010-43538405	4
0.61648632998764	0.384640888608004	0.21	0.167	1	chr1-54763757-54765366	4
0.61648632998764	0.369320858400919	0.21	0.167	1	chr19-45583830-45585436	4
0.617392241350339	0.257602467048809	0.419	0.357	1	chr3-53890764-53892782	4
0.617485053689724	0.379178266056119	0.258	0.214	1	chr6-26122399-26126867	4
0.617784717187254	0.430032310386199	0.177	0.143	1	chr1-112460740-112463186	4
0.617784717187254	0.352400093722475	0.177	0.143	1	chr2-217987716-217989128	4
0.617784717187254	0.374140830664556	0.177	0.143	1	chr5-94375839-94377704	4
0.617784717187254	0.403118903831774	0.177	0.143	1	chr11-75420160-75423044	4
0.617784717187254	0.37064699283191	0.177	0.143	1	chr17-21126404-21128105	4
0.618871735483393	0.320611296891423	0.194	0.143	1	chr8-144826367-144828754	4
0.619131139145692	0.258765283322116	0.242	0.19	1	chr19-17336240-17338530	4
0.619131139145692	0.345437636803428	0.242	0.19	1	chr19-37370499-37371653	4
0.619552889849069	0.407233855128048	0.194	0.167	1	chr4-67711635-67714628	4
0.619635962710835	0.344520887387759	0.226	0.19	1	chr7-767419-769651	4
0.619635962710835	0.363475164886634	0.226	0.19	1	chr8-86513890-86515994	4
0.619683356071165	0.277583157067624	0.29	0.238	1	chr4-109702057-109704687	4
0.619683356071165	0.276059530950606	0.29	0.238	1	chr10-122112016-122114528	4
0.620191740613509	0.444149820448757	0.129	0.095	1	chr2-99160471-99161345	4
0.620191740613509	0.465868717277183	0.129	0.095	1	chr2-233853640-233856089	4
0.620191740613509	0.406857664461247	0.129	0.095	1	chr3-16489640-16491065	4
0.620191740613509	0.545990296486146	0.129	0.095	1	chr3-58491112-58493453	4
0.620191740613509	0.522377466817113	0.129	0.095	1	chr3-101561325-101563006	4
0.620191740613509	0.385103806057276	0.129	0.095	1	chr3-127547666-127548466	4
0.620191740613509	0.417281433062093	0.129	0.095	1	chr3-158097547-158098687	4
0.620191740613509	0.375630921638314	0.129	0.095	1	chr4-73691973-73693213	4
0.620191740613509	0.418445175401114	0.129	0.095	1	chr4-105060940-105062236	4
0.620191740613509	0.437458763974541	0.129	0.095	1	chr4-147053811-147055509	4
0.620191740613509	0.395846389966325	0.129	0.095	1	chr4-150080294-150081540	4
0.620191740613509	0.360529466525257	0.129	0.095	1	chr5-66740055-66743112	4
0.620191740613509	0.336360267615069	0.129	0.095	1	chr5-157999719-158001905	4
0.620191740613509	0.383956283273978	0.129	0.095	1	chr6-106910874-106914343	4
0.620191740613509	0.472074736491179	0.129	0.095	1	chr7-56078765-56080603	4
0.620191740613509	0.417549805678609	0.129	0.095	1	chr9-71446151-71447332	4
0.620191740613509	0.444471480547923	0.129	0.095	1	chr9-131809738-131811005	4
0.620191740613509	0.362149325793751	0.129	0.095	1	chr11-9075486-9077424	4
0.620191740613509	0.376583005551903	0.129	0.095	1	chr11-64433823-64434661	4
0.620191740613509	0.44693566587565	0.129	0.095	1	chr11-67118524-67121450	4
0.620191740613509	0.356681495916572	0.129	0.095	1	chr12-47743756-47744691	4
0.620191740613509	0.342457449392898	0.129	0.095	1	chr12-110344079-110345947	4
0.620191740613509	0.429100847438586	0.129	0.095	1	chr12-132444979-132446967	4
0.620191740613509	0.443700737956193	0.129	0.095	1	chr16-180078-182036	4
0.620191740613509	0.484896882913588	0.129	0.095	1	chr17-41665484-41667463	4
0.620191740613509	0.397023736716691	0.129	0.095	1	chr17-78104830-78106539	4
0.620191740613509	0.373624168398782	0.129	0.095	1	chr19-35495097-35495951	4
0.620191740613509	0.387750866746545	0.129	0.095	1	chr20-4684937-4687861	4
0.620191740613509	0.382742859397838	0.129	0.095	1	chr21-36927052-36928272	4
0.620191740613509	0.31101823278958	0.129	0.095	1	chr22-40950644-40952317	4
0.620191740613509	0.45748651729556	0.129	0.095	1	chrX-71532012-71535520	4
0.620191740613509	0.428510914641229	0.129	0.095	1	chrY-7273062-7276074	4
0.62117820776645	0.284609373262705	0.274	0.238	1	chr10-50603983-50608238	4
0.621766039304678	0.301395041428589	0.161	0.119	1	chr7-19369465-19370473	4
0.621766039304678	0.299032522380352	0.161	0.119	1	chr19-20999517-21000438	4
0.621766039304678	0.370120429951838	0.161	0.119	1	chr20-28602131-28603486	4
0.623177476278967	0.515468645611253	0.145	0.119	1	chr1-93324258-93325525	4
0.623177476278967	0.486762560092826	0.145	0.119	1	chr16-67429695-67432657	4
0.623177476278967	0.54279752924853	0.145	0.119	1	chr21-45072970-45075574	4
0.623177476278967	0.456731921489979	0.145	0.119	1	chr22-23913362-23914600	4
0.623177476278967	0.525046316156239	0.145	0.119	1	chr22-31342820-31344650	4
0.623281575157008	0.283627370347932	0.21	0.167	1	chr1-45338856-45341465	4
0.623281575157008	0.329068019169301	0.21	0.167	1	chr3-119676007-119678021	4
0.623281575157008	0.290991332365017	0.21	0.167	1	chr14-103727507-103731183	4
0.623913532758403	0.279443243552508	0.323	0.286	1	chr1-244833765-244842498	4
0.625051323880589	0.367557395534029	0.177	0.143	1	chr4-147731324-147734398	4
0.625051323880589	0.333777423877082	0.177	0.143	1	chr7-38735737-38736843	4
0.625051323880589	0.366176888586079	0.177	0.143	1	chr8-145001820-145003819	4
0.625051323880589	0.268736908803147	0.177	0.143	1	chr11-41780818-41782851	4
0.625051323880589	0.278879325172424	0.177	0.143	1	chr14-92692351-92694781	4
0.625051323880589	0.359202302865002	0.177	0.143	1	chr15-20641954-20644491	4
0.626504435214861	0.273724936259977	0.194	0.167	1	chr1-201222460-201223520	4
0.626504435214861	0.375808423681113	0.194	0.167	1	chr14-67694242-67697641	4
0.626504435214861	0.355035153005659	0.194	0.167	1	chr16-53093802-53094895	4
0.627260188832891	0.291595648445329	0.274	0.238	1	chr11-62572678-62574979	4
0.627926693521395	0.378847678587632	0.242	0.214	1	chr5-65721002-65723625	4
0.628643535364513	0.441404501944353	0.129	0.095	1	chr1-220226072-220227917	4
0.628643535364513	0.382127520081905	0.129	0.095	1	chr3-15309567-15311546	4
0.628643535364513	0.369188601038785	0.129	0.095	1	chr3-55568736-55569856	4
0.628643535364513	0.335746297725122	0.129	0.095	1	chr3-183764883-183766025	4
0.628643535364513	0.348846161738376	0.129	0.095	1	chr4-87390643-87391835	4
0.628643535364513	0.370656336871572	0.129	0.095	1	chr5-33641671-33642737	4
0.628643535364513	0.384980602302933	0.129	0.095	1	chr5-154403816-154405911	4
0.628643535364513	0.259358076576578	0.129	0.095	1	chr5-160925802-160927636	4
0.628643535364513	0.416216449467984	0.129	0.095	1	chr6-34553060-34556798	4
0.628643535364513	0.304786544015023	0.129	0.095	1	chr7-18552532-18553818	4
0.628643535364513	0.363070932062393	0.129	0.095	1	chr7-143287736-143289512	4
0.628643535364513	0.351208813639533	0.129	0.095	1	chr8-6338538-6339713	4
0.628643535364513	0.279032573897404	0.129	0.095	1	chr8-48261189-48262142	4
0.628643535364513	0.41747436361492	0.129	0.095	1	chr9-38671940-38672985	4
0.628643535364513	0.455354277880673	0.129	0.095	1	chr11-23390629-23391805	4
0.628643535364513	0.356221742378195	0.129	0.095	1	chr11-120316349-120317790	4
0.628643535364513	0.309709296835023	0.129	0.095	1	chr15-78872393-78875440	4
0.628643535364513	0.358949455173098	0.129	0.095	1	chr15-90464984-90465825	4
0.628643535364513	0.405428465169601	0.129	0.095	1	chr18-49910911-49912085	4
0.628643535364513	0.382534477732384	0.129	0.095	1	chr18-79068816-79070058	4
0.628643535364513	0.45470227037805	0.129	0.095	1	chr19-2031603-2033077	4
0.628643535364513	0.476258770445743	0.129	0.095	1	chr19-37654346-37656518	4
0.628643535364513	0.404866913877822	0.129	0.095	1	chr22-32473287-32476357	4
0.628643535364513	0.41863326579109	0.129	0.095	1	chr22-35064598-35066626	4
0.628643535364513	0.344013794082788	0.129	0.095	1	chr22-39399159-39400591	4
0.629446447525552	0.269963126847042	0.161	0.119	1	chr1-184904875-184906445	4
0.629446447525552	0.257622379948092	0.161	0.119	1	chr2-133641171-133642238	4
0.629446447525552	0.318614962176044	0.161	0.119	1	chr2-241062706-241064816	4
0.629446447525552	0.251293883289524	0.161	0.119	1	chr3-183291017-183292379	4
0.629446447525552	0.296258727880998	0.161	0.119	1	chr6-128519383-128521527	4
0.629446447525552	0.32369153696291	0.161	0.119	1	chr10-91923154-91924848	4
0.629446447525552	0.299668069965086	0.161	0.119	1	chr11-73375693-73377453	4
0.629446447525552	0.278425595652717	0.161	0.119	1	chr14-75643343-75644966	4
0.629991131205351	0.292839707782608	0.258	0.214	1	chr8-27774017-27775013	4
0.630109044708582	0.334153863116725	0.21	0.167	1	chr6-143755097-143755924	4
0.630109044708582	0.252390100066725	0.21	0.167	1	chr11-112024319-112026244	4
0.631095885987429	0.481075609477768	0.145	0.119	1	chr2-102621480-102623100	4
0.631095885987429	0.493523753073866	0.145	0.119	1	chr9-125188992-125190861	4
0.631095885987429	0.404397522933432	0.145	0.119	1	chr15-39933529-39935136	4
0.631827859997058	0.270055927631198	0.323	0.262	1	chr15-40419933-40422528	4
0.632354558990182	0.317973283855051	0.177	0.143	1	chr1-7703861-7706109	4
0.632354558990182	0.60865555567656	0.177	0.143	1	chr12-47903241-47906101	4
0.632354558990182	0.310823610202781	0.177	0.143	1	chr14-95156099-95158864	4
0.632354558990182	0.391873869037292	0.177	0.143	1	chr18-26862970-26863877	4
0.632354558990182	0.335909374580242	0.177	0.143	1	chr19-49589645-49594037	4
0.632354558990182	0.387652165387106	0.177	0.143	1	chr22-17637536-17640090	4
0.632785017822588	0.302783906079328	0.226	0.19	1	chr4-172962195-172963357	4
0.632785017822588	0.331086218640644	0.226	0.19	1	chr19-52526835-52528576	4
0.633112175245298	0.331540447180328	0.194	0.143	1	chr4-54063590-54065212	4
0.63430795875415	0.302283910548681	0.242	0.214	1	chr5-61161630-61164282	4
0.636284468774352	0.26661703266187	0.258	0.214	1	chr1-159923437-159926387	4
0.636284468774352	0.275103104610993	0.258	0.214	1	chr3-197959325-197961440	4
0.636284468774352	0.34512112492799	0.258	0.214	1	chr8-133248969-133250723	4
0.636968255136298	0.317513814486387	0.21	0.167	1	chr4-145096740-145099626	4
0.636968255136298	0.259820206273982	0.21	0.167	1	chr5-69233957-69235935	4
0.636968255136298	0.385891564131904	0.21	0.167	1	chr7-152025130-152026804	4
0.637144283468097	0.490071730922837	0.129	0.095	1	chr1-89632555-89634211	4
0.637144283468097	0.284118608880687	0.129	0.095	1	chr1-225422378-225423986	4
0.637144283468097	0.37602676681128	0.129	0.095	1	chr2-3377202-3378591	4
0.637144283468097	0.294684899888729	0.129	0.095	1	chr2-173570905-173572772	4
0.637144283468097	0.285536184546156	0.129	0.095	1	chr3-129427897-129429873	4
0.637144283468097	0.287255525780833	0.129	0.095	1	chr3-139329022-139329859	4
0.637144283468097	0.418031070724454	0.129	0.095	1	chr4-2660293-2661690	4
0.637144283468097	0.298665628634249	0.129	0.095	1	chr4-128227661-128229157	4
0.637144283468097	0.454169479360212	0.129	0.095	1	chr5-56012241-56013996	4
0.637144283468097	0.316041019277349	0.129	0.095	1	chr6-45376878-45378818	4
0.637144283468097	0.353713635539212	0.129	0.095	1	chr7-92424247-92425174	4
0.637144283468097	0.297070632350928	0.129	0.095	1	chr8-23083709-23085170	4
0.637144283468097	0.446304371342778	0.129	0.095	1	chr9-131417901-131419111	4
0.637144283468097	0.411263988425208	0.129	0.095	1	chr10-34953814-34955187	4
0.637144283468097	0.40534211573175	0.129	0.095	1	chr11-96342644-96343810	4
0.637144283468097	0.342443619108875	0.129	0.095	1	chr12-101782605-101784786	4
0.637144283468097	0.316037493858779	0.129	0.095	1	chr14-35683708-35684414	4
0.637144283468097	0.417729494667389	0.129	0.095	1	chr17-16584087-16584900	4
0.637167142497235	0.260422903627473	0.161	0.119	1	chr2-7791744-7793153	4
0.637167142497235	0.304590170245165	0.161	0.119	1	chr16-85010114-85012325	4
0.637167142497235	0.286556312313501	0.161	0.119	1	chr18-58055953-58057988	4
0.639056869945537	0.537605958980993	0.145	0.119	1	chr1-219278751-219280414	4
0.639056869945537	0.607347401840924	0.145	0.119	1	chr1-220527355-220529649	4
0.639056869945537	0.410164978714129	0.145	0.119	1	chr3-73621018-73622839	4
0.639056869945537	0.426962180339968	0.145	0.119	1	chr6-33425102-33429038	4
0.639056869945537	0.403785018725734	0.145	0.119	1	chr8-56958136-56959238	4
0.639056869945537	0.441232410341257	0.145	0.119	1	chr9-128102611-128103933	4
0.639056869945537	0.403282481467808	0.145	0.119	1	chr11-112320677-112322501	4
0.639056869945537	0.430103011463353	0.145	0.119	1	chr16-74605859-74607852	4
0.639056869945537	0.368142471270996	0.145	0.119	1	chr18-41954627-41956164	4
0.639403676684076	0.278301779801973	0.226	0.19	1	chr1-42680914-42684518	4
0.639403676684076	0.28060072591358	0.226	0.19	1	chr3-184133542-184136810	4
0.639403676684076	0.285378944012022	0.226	0.19	1	chr12-124367627-124370605	4
0.639500109770458	0.258535496702398	0.274	0.238	1	chr5-74638104-74642614	4
0.639500109770458	0.259074381210565	0.274	0.238	1	chr9-89999032-90000731	4
0.639693830226629	0.336423036050583	0.177	0.143	1	chr1-165068945-165070486	4
0.639693830226629	0.339983646772356	0.177	0.143	1	chr3-124836793-124838454	4
0.639693830226629	0.306873248774745	0.177	0.143	1	chr4-9150793-9154139	4
0.639693830226629	0.41074994552943	0.177	0.143	1	chr7-77684903-77686034	4
0.639693830226629	0.362029589805368	0.177	0.143	1	chr12-39891138-39892672	4
0.64050702399906	0.439424897314928	0.194	0.167	1	chr10-48250932-48252789	4
0.64050702399906	0.405215582506761	0.194	0.167	1	chr22-20776467-20778654	4
0.640716524501335	0.262079269984196	0.242	0.214	1	chr6-167825642-167828672	4
0.640716524501335	0.324495366042397	0.242	0.214	1	chr7-75993301-75995408	4
0.640716524501335	0.404064927793301	0.242	0.214	1	chr12-123382866-123385403	4
0.642604167908659	0.282292941474895	0.258	0.214	1	chr20-32203507-32208885	4
0.643858714784015	0.313784138860141	0.21	0.167	1	chr6-129708796-129710922	4
0.643858714784015	0.315589848997546	0.21	0.167	1	chr12-64780052-64783066	4
0.643858714784015	0.313782597068468	0.21	0.167	1	chr12-96398832-96401828	4
0.643858714784015	0.301662982636255	0.21	0.167	1	chr19-36972856-36973939	4
0.644892786887304	0.250882043621085	0.339	0.31	1	chr2-20446624-20451574	4
0.644927423141484	0.312352529369845	0.161	0.119	1	chr15-69413778-69415276	4
0.644927423141484	0.271691271920084	0.161	0.119	1	chr16-27267949-27269594	4
0.645657351267176	0.294005500270987	0.274	0.238	1	chr1-2189100-2191019	4
0.645657351267176	0.287884691354252	0.274	0.238	1	chr19-58557775-58563989	4
0.645693049312465	0.367411411340132	0.129	0.095	1	chr1-67189895-67191637	4
0.645693049312465	0.367333607563016	0.129	0.095	1	chr1-200038953-200040479	4
0.645693049312465	0.328011509458886	0.129	0.095	1	chr1-202966350-202968018	4
0.645693049312465	0.356905425583626	0.129	0.095	1	chr2-74420872-74422657	4
0.645693049312465	0.352788873793532	0.129	0.095	1	chr3-100491949-100493176	4
0.645693049312465	0.378027976038311	0.129	0.095	1	chr4-187207715-187210623	4
0.645693049312465	0.299157460264287	0.129	0.095	1	chr5-83563280-83564580	4
0.645693049312465	0.322917078979817	0.129	0.095	1	chr6-27591622-27593344	4
0.645693049312465	0.318479184997055	0.129	0.095	1	chr7-103540752-103541538	4
0.645693049312465	0.288174859291822	0.129	0.095	1	chr8-56027197-56029285	4
0.645693049312465	0.394404290140177	0.129	0.095	1	chr8-95192608-95193633	4
0.645693049312465	0.311901632711628	0.129	0.095	1	chr9-93003415-93004545	4
0.645693049312465	0.366762563109683	0.129	0.095	1	chr11-64273050-64274192	4
0.645693049312465	0.321511528949714	0.129	0.095	1	chr12-130870574-130873308	4
0.645693049312465	0.371409940023977	0.129	0.095	1	chr13-21296879-21299604	4
0.645693049312465	0.343718856781858	0.129	0.095	1	chr14-24035790-24037317	4
0.645693049312465	0.275795350728927	0.129	0.095	1	chr14-89855788-89857826	4
0.645693049312465	0.372293447019164	0.129	0.095	1	chr15-38563748-38565268	4
0.645693049312465	0.338735731129705	0.129	0.095	1	chr15-63276760-63278314	4
0.645693049312465	0.279284271976247	0.129	0.095	1	chr17-77449637-77452825	4
0.645693049312465	0.39774915111785	0.129	0.095	1	chr19-56393030-56393916	4
0.645693049312465	0.30432048778677	0.129	0.095	1	chr21-15729168-15733079	4
0.646051169196012	0.274710910298548	0.226	0.19	1	chr1-51877546-51879840	4
0.646051169196012	0.34439474971597	0.226	0.19	1	chr1-247209494-247211275	4
0.646051169196012	0.336856733939817	0.226	0.19	1	chr3-54321450-54323050	4
0.646051169196012	0.286634251163425	0.226	0.19	1	chr10-122953477-122954743	4
0.646051169196012	0.301257765376411	0.226	0.19	1	chr11-62590586-62592710	4
0.646051169196012	0.310173515663194	0.226	0.19	1	chr17-74748026-74752073	4
0.646051169196012	0.335745468816678	0.226	0.19	1	chr17-79005033-79006689	4
0.647059659027492	0.474229104541891	0.145	0.119	1	chr1-9233964-9235646	4
0.647059659027492	0.445144617253892	0.145	0.119	1	chr5-134411321-134413000	4
0.647059659027492	0.497805001419588	0.145	0.119	1	chr9-114994717-114997214	4
0.647059659027492	0.472049294620135	0.145	0.119	1	chr12-7188394-7190616	4
0.647059659027492	0.385518349849025	0.145	0.119	1	chr16-2022520-2023853	4
0.647059659027492	0.467171596215427	0.145	0.119	1	chr16-19523538-19525235	4
0.647059659027492	0.42829889238326	0.145	0.119	1	chr17-2029762-2031196	4
0.647059659027492	0.439815627754972	0.145	0.119	1	chr22-24520762-24522393	4
0.647068534730571	0.267025955468574	0.177	0.143	1	chr2-85353412-85355816	4
0.647068534730571	0.378493597791072	0.177	0.143	1	chr3-155956630-155958077	4
0.647068534730571	0.336483056866535	0.177	0.143	1	chr14-75399697-75401729	4
0.647068534730571	0.326565627344952	0.177	0.143	1	chr14-96574196-96575609	4
0.647068534730571	0.33440770000985	0.177	0.143	1	chr17-6638921-6642051	4
0.647068534730571	0.299414101725102	0.177	0.143	1	chr22-18000866-18002274	4
0.647151989168898	0.366780585519434	0.242	0.214	1	chrX-274855-277328	4
0.648949843212703	0.25677194659677	0.258	0.214	1	chr8-41827864-41829376	4
0.65077992394513	0.256666197306338	0.21	0.167	1	chr8-61804801-61806286	4
0.65077992394513	0.282436041450243	0.21	0.167	1	chr17-50934965-50936495	4
0.65077992394513	0.39870206573268	0.21	0.167	1	chr19-52027776-52029108	4
0.65077992394513	0.310880586573342	0.21	0.167	1	chr22-21628857-21630669	4
0.651707449130684	0.276015997778517	0.29	0.286	1	chr3-172709699-172711837	4
0.652726575454309	0.27074310535033	0.161	0.119	1	chr9-137422285-137424218	4
0.652726575454309	0.26666169230284	0.161	0.119	1	chr12-49966886-49968045	4
0.652727046296573	0.302660066424085	0.226	0.19	1	chr3-15752745-15753832	4
0.652727046296573	0.346375746673111	0.226	0.19	1	chr7-36389238-36392201	4
0.652727046296573	0.319182643124839	0.226	0.19	1	chr16-29810423-29812863	4
0.652727046296573	0.328382720953356	0.226	0.19	1	chr20-25039402-25040939	4
0.653832765408938	0.440189425167327	0.161	0.143	1	chr17-80145667-80148478	4
0.654288878268382	0.391136887085842	0.129	0.095	1	chr1-169528088-169529948	4
0.654288878268382	0.300598854983925	0.129	0.095	1	chr2-134718374-134719606	4
0.654288878268382	0.374210172466454	0.129	0.095	1	chr3-137970891-137971699	4
0.654288878268382	0.315077389737359	0.129	0.095	1	chr4-52037561-52038872	4
0.654288878268382	0.333115238614795	0.129	0.095	1	chr5-71757451-71758381	4
0.654288878268382	0.350952880017081	0.129	0.095	1	chr5-76204196-76205381	4
0.654288878268382	0.320831875287841	0.129	0.095	1	chr6-154457459-154458606	4
0.654288878268382	0.289183486365213	0.129	0.095	1	chr9-121663270-121664134	4
0.654288878268382	0.256349314037389	0.129	0.095	1	chr9-133346223-133349647	4
0.654288878268382	0.34069101463989	0.129	0.095	1	chr11-71614737-71615711	4
0.654288878268382	0.299012037436768	0.129	0.095	1	chr11-93566941-93568170	4
0.654288878268382	0.3039104061548	0.129	0.095	1	chr12-12265889-12268225	4
0.654288878268382	0.280682406033699	0.129	0.095	1	chr14-60648973-60650714	4
0.654288878268382	0.332653944911407	0.129	0.095	1	chr14-69653803-69654777	4
0.654288878268382	0.320474994770368	0.129	0.095	1	chr18-62425026-62426492	4
0.654288878268382	0.316438779871761	0.129	0.095	1	chr20-38747617-38749481	4
0.654288878268382	0.399050600139838	0.129	0.095	1	chr22-30386539-30387947	4
0.654288878268382	0.27218198628703	0.129	0.095	1	chrX-989642-990668	4
0.654288878268382	0.354049221460814	0.129	0.095	1	chrX-15737479-15738833	4
0.654288878268382	0.353122833025753	0.129	0.095	1	chrX-123720195-123721441	4
0.654478059213007	0.305887502292076	0.177	0.143	1	chr1-155044343-155045685	4
0.654478059213007	0.265635600236581	0.177	0.143	1	chr6-137217838-137220170	4
0.654478059213007	0.298993955998204	0.177	0.143	1	chr10-97318479-97320173	4
0.65463877672369	0.293208834301934	0.194	0.167	1	chr11-83006273-83008587	4
0.655103469615477	0.43214822922086	0.145	0.119	1	chr1-78500220-78501999	4
0.655103469615477	0.427819248764323	0.145	0.119	1	chr4-118745719-118747242	4
0.655103469615477	0.416986304371863	0.145	0.119	1	chr6-31874278-31875919	4
0.655103469615477	0.450161969645981	0.145	0.119	1	chr6-109336046-109337535	4
0.655103469615477	0.426084735463904	0.145	0.119	1	chr7-96302899-96304926	4
0.655321103639485	0.289997255441404	0.258	0.214	1	chr8-58552524-58554339	4
0.65773137496565	0.295115823224265	0.21	0.167	1	chr14-55578918-55581726	4
0.659430852109635	0.267229996460773	0.226	0.19	1	chr3-20039517-20042129	4
0.659943040208349	0.268618090974203	0.258	0.238	1	chr11-94837156-94839404	4
0.660101978823023	0.253119329776422	0.242	0.214	1	chr3-39148572-39154801	4
0.66056387269292	0.355018476499398	0.161	0.119	1	chr4-124077351-124078616	4
0.66056387269292	0.281604642445699	0.161	0.119	1	chr15-78455673-78457831	4
0.660684849529079	0.255586890185081	0.306	0.262	1	chr18-67515464-67517845	4
0.661239692057196	0.251286267862945	0.323	0.262	1	chr4-40055996-40058645	4
0.661464275215187	0.443669625937884	0.161	0.143	1	chr1-150486822-150488026	4
0.661464275215187	0.420216077008358	0.161	0.143	1	chr17-81056923-81057978	4
0.661717552559413	0.29804075231979	0.258	0.214	1	chr8-19816339-19818608	4
0.661751744458348	0.330035449495384	0.194	0.167	1	chr9-98805365-98808209	4
0.661751744458348	0.349872036258196	0.194	0.167	1	chr12-112012337-112014830	4
0.661751744458348	0.317938696675197	0.194	0.167	1	chr15-71078508-71080080	4
0.661921780100696	0.311195606094979	0.177	0.143	1	chr5-96805547-96808907	4
0.661921780100696	0.272147470072999	0.177	0.143	1	chr9-132353972-132355709	4
0.661921780100696	0.31097459079046	0.177	0.143	1	chr11-73875011-73877798	4
0.661921780100696	0.291031883843393	0.177	0.143	1	chr14-92945913-92947122	4
0.661921780100696	0.308180346299983	0.177	0.143	1	chr19-934486-935634	4
0.661921780100696	0.291784048356847	0.177	0.143	1	chr22-40176634-40179338	4
0.662930796992623	0.28839114113769	0.129	0.095	1	chr1-15833010-15836670	4
0.662930796992623	0.271660953552504	0.129	0.095	1	chr1-231235738-231237293	4
0.662930796992623	0.278711579929437	0.129	0.095	1	chr4-3226177-3227190	4
0.662930796992623	0.325996087892927	0.129	0.095	1	chr11-34663601-34666169	4
0.662930796992623	0.315533854291355	0.129	0.095	1	chr11-120985698-120986638	4
0.662930796992623	0.303914959970404	0.129	0.095	1	chr12-111840914-111843330	4
0.662930796992623	0.271017920323521	0.129	0.095	1	chr12-113152547-113153886	4
0.662930796992623	0.277590920675502	0.129	0.095	1	chr15-78127519-78128567	4
0.662930796992623	0.287398256573585	0.129	0.095	1	chr16-694942-696404	4
0.662930796992623	0.301130005534344	0.129	0.095	1	chr17-78831617-78832872	4
0.662930796992623	0.251561059002739	0.129	0.095	1	chr19-46600418-46601591	4
0.662930796992623	0.406966285428123	0.129	0.095	1	chr22-23521076-23522511	4
0.662930796992623	0.317898622773097	0.129	0.095	1	chrX-115898278-115899257	4
0.663187503818368	0.44458066993354	0.145	0.119	1	chr1-151188458-151190670	4
0.663187503818368	0.553887363705483	0.145	0.119	1	chr1-161152979-161154837	4
0.663187503818368	0.388851989548942	0.145	0.119	1	chr4-124936056-124937038	4
0.663187503818368	0.439648824047341	0.145	0.119	1	chr4-183959987-183961878	4
0.663187503818368	0.504997797061274	0.145	0.119	1	chr6-26321042-26323476	4
0.663187503818368	0.365904726952933	0.145	0.119	1	chr7-41045400-41046191	4
0.663187503818368	0.467647124629881	0.145	0.119	1	chr7-138476806-138479003	4
0.663187503818368	0.369688720605874	0.145	0.119	1	chr10-546431-548008	4
0.663187503818368	0.468270799003164	0.145	0.119	1	chr10-92238724-92241231	4
0.663187503818368	0.409449692810245	0.145	0.119	1	chr11-13603057-13604478	4
0.663187503818368	0.508446362946226	0.145	0.119	1	chr14-61524069-61528036	4
0.663187503818368	0.395087584173171	0.145	0.119	1	chr16-3442812-3444558	4
0.664273902945473	0.293498716974789	0.274	0.238	1	chr2-219541475-219544501	4
0.664842808790103	0.283215198072201	0.242	0.19	1	chr19-56313808-56315748	4
0.666162124033939	0.29021889620132	0.226	0.19	1	chr2-203013948-203015663	4
0.666162124033939	0.262370889237083	0.226	0.19	1	chrX-49041784-49044449	4
0.666697125907362	0.270947335883234	0.306	0.262	1	chr7-16753055-16755419	4
0.668895372015333	0.364411612362201	0.194	0.167	1	chr4-83283736-83285505	4
0.668895372015333	0.360763628685104	0.194	0.167	1	chr8-69832945-69835500	4
0.668895372015333	0.343108478080916	0.194	0.167	1	chr11-65013314-65015013	4
0.668895372015333	0.310509939005992	0.194	0.167	1	chr11-119333934-119336122	4
0.669131127490274	0.451727373056235	0.161	0.143	1	chr11-66694421-66695394	4
0.669399063686625	0.259371510908132	0.177	0.143	1	chr1-3529128-3532021	4
0.669399063686625	0.293590423301894	0.177	0.143	1	chr5-73446853-73449254	4
0.669399063686625	0.264715156286548	0.177	0.143	1	chr7-65080615-65081818	4
0.669399063686625	0.296824661775013	0.177	0.143	1	chr9-96654256-96655799	4
0.669399063686625	0.287057560091928	0.177	0.143	1	chr18-46103857-46105430	4
0.669399063686625	0.295995751177911	0.177	0.143	1	chr19-37468828-37470012	4
0.669399063686625	0.288537562476337	0.177	0.143	1	chr20-35344154-35345176	4
0.669399063686625	0.389168785316373	0.177	0.143	1	chr22-21000290-21003339	4
0.67048907970457	0.290940562219439	0.323	0.286	1	chr6-16128421-16131595	4
0.670526473233776	0.292363862805387	0.274	0.238	1	chr9-35102194-35103960	4
0.671310949698691	0.417752432838508	0.145	0.119	1	chr1-156922397-156923818	4
0.671310949698691	0.367504024921004	0.145	0.119	1	chr12-46370913-46373511	4
0.671310949698691	0.394241007457603	0.145	0.119	1	chr17-47099474-47100890	4
0.671310949698691	0.383152890899249	0.145	0.119	1	chr17-58513685-58515062	4
0.671310949698691	0.315478305782546	0.145	0.119	1	chr20-34578787-34580678	4
0.671617813743786	0.335273702862531	0.129	0.095	1	chr1-11098927-11100475	4
0.671617813743786	0.293813165725927	0.129	0.095	1	chr3-12978894-12979809	4
0.671617813743786	0.277771198998576	0.129	0.095	1	chr8-60707042-60709220	4
0.671617813743786	0.37587955793203	0.129	0.095	1	chr10-109902522-109903987	4
0.671617813743786	0.343835297349488	0.129	0.095	1	chr12-1830295-1831732	4
0.671617813743786	0.258061769873405	0.129	0.095	1	chr12-75492034-75493690	4
0.671617813743786	0.268250489870885	0.129	0.095	1	chr20-47492842-47494477	4
0.67172293287429	0.315238761592158	0.21	0.167	1	chr1-107766445-107768183	4
0.67172293287429	0.28448871432875	0.21	0.167	1	chr9-137268345-137270549	4
0.672920392834948	0.270218497068912	0.226	0.19	1	chr5-150699895-150701884	4
0.673154595746964	0.274605883225042	0.242	0.214	1	chr3-185497484-185499605	4
0.674180424909688	0.305557027707105	0.21	0.19	1	chr10-15095724-15098619	4
0.676069098140877	0.307078669432711	0.194	0.167	1	chr3-3179025-3180254	4
0.676069098140877	0.309947599347663	0.194	0.167	1	chr4-155666377-155669039	4
0.676069098140877	0.34185570965225	0.194	0.167	1	chr8-124997489-124999509	4
0.676832628409481	0.367818929676222	0.161	0.143	1	chr1-108623745-108624944	4
0.676832628409481	0.343902673190568	0.161	0.143	1	chr4-76688051-76691498	4
0.676832628409481	0.29422674840294	0.161	0.143	1	chr17-57053895-57054844	4
0.677588285628809	0.4990444780128	0.113	0.095	1	chr1-154185964-154187534	4
0.677588285628809	0.691987637307008	0.113	0.095	1	chr7-74656190-74659247	4
0.677626926234999	0.251439308630537	0.274	0.262	1	chr19-55460146-55462630	4
0.67876198569272	0.259685192369798	0.21	0.167	1	chr8-42337632-42339486	4
0.67947298150775	0.379444906754139	0.145	0.119	1	chr4-42047968-42049673	4
0.67947298150775	0.414750359728111	0.145	0.119	1	chr4-184937042-184938947	4
0.67947298150775	0.393861178298568	0.145	0.119	1	chr5-62435897-62437783	4
0.67947298150775	0.392086234570886	0.145	0.119	1	chr6-4017319-4019484	4
0.67947298150775	0.34721343721744	0.145	0.119	1	chr8-121426508-121427886	4
0.67947298150775	0.283030846708507	0.145	0.119	1	chr9-132942434-132945412	4
0.67947298150775	0.387400608921924	0.145	0.119	1	chr11-2092729-2093644	4
0.67947298150775	0.367031556508457	0.145	0.119	1	chr11-3605285-3606440	4
0.67947298150775	0.366458414316915	0.145	0.119	1	chr16-68528365-68530880	4
0.67947298150775	0.403533977583691	0.145	0.119	1	chr22-46012913-46014524	4
0.679718322752747	0.25084832240858	0.242	0.214	1	chr2-199457115-199460896	4
0.679718322752747	0.25908310307116	0.242	0.214	1	chr8-130092586-130095867	4
0.680348918710321	0.254777701663713	0.129	0.095	1	chr4-10917216-10918499	4
0.680348918710321	0.285661716139319	0.129	0.095	1	chr5-174045158-174045982	4
0.680348918710321	0.349827468322979	0.129	0.095	1	chr9-136678612-136680356	4
0.680348918710321	0.269598090770221	0.129	0.095	1	chr10-67258778-67260122	4
0.68109453443491	0.36816156171622	0.21	0.19	1	chr12-45215154-45218311	4
0.68109453443491	0.381357070946344	0.21	0.19	1	chr16-4472837-4477576	4
0.683099941441855	0.283820982628126	0.274	0.238	1	chr16-15885585-15889293	4
0.683272353386129	0.295909199333193	0.194	0.167	1	chr1-202810184-202812961	4
0.683272353386129	0.303590728603802	0.194	0.167	1	chr13-95300392-95302265	4
0.683272353386129	0.320353158854263	0.194	0.167	1	chr16-46918499-46922761	4
0.683272353386129	0.341494634779729	0.194	0.167	1	chr19-11923407-11926005	4
0.6866939008607	0.446116272777107	0.113	0.095	1	chr7-13980397-13981649	4
0.6866939008607	0.406657985992441	0.113	0.095	1	chr8-19607453-19609103	4
0.6866939008607	0.461481690846552	0.113	0.095	1	chr12-118375866-118378352	4
0.6866939008607	0.393197208979266	0.113	0.095	1	chr15-31214793-31216248	4
0.6866939008607	0.454809177658364	0.113	0.095	1	chr18-44678837-44681047	4
0.6866939008607	0.539757228405767	0.113	0.095	1	chr19-11196667-11198424	4
0.687672759928798	0.32005919996214	0.145	0.119	1	chr1-2132819-2134065	4
0.687672759928798	0.335891757179482	0.145	0.119	1	chr1-11934120-11935391	4
0.687672759928798	0.391128051360504	0.145	0.119	1	chr1-64965433-64967771	4
0.687672759928798	0.317251378363421	0.145	0.119	1	chr1-77508635-77510417	4
0.687672759928798	0.47142928127362	0.145	0.119	1	chr1-86104669-86105918	4
0.687672759928798	0.434349941829604	0.145	0.119	1	chr1-182788503-182790425	4
0.687672759928798	0.345167396447323	0.145	0.119	1	chr2-263886-265559	4
0.687672759928798	0.376567122923174	0.145	0.119	1	chr2-129058358-129060114	4
0.687672759928798	0.33211305050226	0.145	0.119	1	chr3-62211413-62212765	4
0.687672759928798	0.284290415877563	0.145	0.119	1	chr4-114593247-114594781	4
0.687672759928798	0.280518123346348	0.145	0.119	1	chr7-94003447-94005064	4
0.687672759928798	0.382389548048257	0.145	0.119	1	chr14-24194577-24196887	4
0.687672759928798	0.301244475175928	0.145	0.119	1	chr19-4006668-4008435	4
0.687672759928798	0.340017648424503	0.145	0.119	1	chr20-1465788-1467452	4
0.689123084350608	0.289419145888594	0.129	0.095	1	chr7-69674581-69675439	4
0.689123084350608	0.26970910285285	0.129	0.095	1	chr8-124530696-124531958	4
0.690504560238473	0.258475632900912	0.194	0.167	1	chr1-171644731-171646474	4
0.692336746729475	0.351816339576886	0.161	0.143	1	chr8-21743901-21745237	4
0.692336746729475	0.405698700815386	0.161	0.143	1	chr17-72406828-72408278	4
0.692918430872964	0.317934838499627	0.242	0.214	1	chr1-193121316-193123566	4
0.693352390657034	0.250046186605813	0.226	0.19	1	chr17-40098169-40101536	4
0.695761947582536	0.30143257082752	0.274	0.238	1	chr4-17809580-17811634	4
0.695845210466203	0.49059035908699	0.113	0.095	1	chr1-119617675-119619017	4
0.695845210466203	0.651487800048339	0.113	0.095	1	chr5-125408382-125411839	4
0.695845210466203	0.531420113818412	0.113	0.095	1	chr5-142057045-142058833	4
0.69590943232815	0.31754643540513	0.145	0.119	1	chr1-54563946-54565149	4
0.69590943232815	0.339580164618535	0.145	0.119	1	chr1-70426130-70427178	4
0.69590943232815	0.386906813848434	0.145	0.119	1	chr1-210706320-210708937	4
0.69590943232815	0.350385168991006	0.145	0.119	1	chr3-113274481-113276594	4
0.69590943232815	0.323193291451149	0.145	0.119	1	chr5-138491160-138492698	4
0.69590943232815	0.289743040561924	0.145	0.119	1	chr8-94446668-94448637	4
0.69590943232815	0.352310302777159	0.145	0.119	1	chr9-97556417-97558368	4
0.69590943232815	0.29545506719191	0.145	0.119	1	chr10-6144152-6145683	4
0.69590943232815	0.325688986197006	0.145	0.119	1	chr10-122655769-122658143	4
0.69590943232815	0.32653868452977	0.145	0.119	1	chr12-56332991-56334918	4
0.69590943232815	0.306109790738609	0.145	0.119	1	chr16-11496876-11498111	4
0.69590943232815	0.286260868617178	0.145	0.119	1	chr17-65055304-65057395	4
0.697765133256517	0.284717745704956	0.194	0.167	1	chr7-148940271-148942822	4
0.697765133256517	0.320592410030763	0.194	0.167	1	chr8-71058446-71060177	4
0.697765133256517	0.28322924451109	0.194	0.167	1	chr20-17556751-17559111	4
0.697765133256517	0.259200923295537	0.194	0.167	1	chr20-60052450-60054178	4
0.697939265744895	0.274501619100925	0.129	0.095	1	chr10-58070418-58071725	4
0.698226544042966	0.292245306444373	0.258	0.238	1	chr10-31759035-31761200	4
0.699553922189286	0.258815191312227	0.242	0.214	1	chr6-36027219-36029900	4
0.699553922189286	0.283561444841914	0.242	0.214	1	chr7-97971141-97972992	4
0.699630805033425	0.352110915268204	0.177	0.143	1	chr10-32170729-32171936	4
0.699630805033425	0.263122052649897	0.177	0.143	1	chrX-67542930-67548399	4
0.700296230061178	0.260349902446361	0.161	0.119	1	chr11-13030469-13031653	4
0.701996170541863	0.361137210825217	0.21	0.19	1	chr4-56386578-56388714	4
0.703301674050389	0.270782221949901	0.323	0.262	1	chr9-92668713-92671200	4
0.70418213301411	0.342811238660777	0.145	0.119	1	chr1-151398904-151400466	4
0.70418213301411	0.352889163255683	0.145	0.119	1	chr1-155392669-155395121	4
0.70418213301411	0.307894403241443	0.145	0.119	1	chr2-202494093-202495342	4
0.70418213301411	0.265372772182876	0.145	0.119	1	chr4-103945531-103946527	4
0.70418213301411	0.287001484505341	0.145	0.119	1	chr4-168479848-168481593	4
0.70418213301411	0.33057728978317	0.145	0.119	1	chr6-56683687-56686592	4
0.70418213301411	0.303808143734237	0.145	0.119	1	chr6-105121497-105123072	4
0.70418213301411	0.289656541357548	0.145	0.119	1	chr6-160990918-160993232	4
0.70418213301411	0.317556749391443	0.145	0.119	1	chr9-7169404-7170495	4
0.70418213301411	0.317265822928772	0.145	0.119	1	chr12-56487217-56488943	4
0.70418213301411	0.316396971033666	0.145	0.119	1	chr12-60703673-60705156	4
0.70418213301411	0.300972778348417	0.145	0.119	1	chr16-27723622-27725315	4
0.705041027284909	0.733744929392345	0.113	0.095	1	chr6-73460833-73463303	4
0.705041027284909	0.454319465105087	0.113	0.095	1	chr7-143973915-143975016	4
0.705041027284909	0.475509190431278	0.113	0.095	1	chr8-143983779-143987057	4
0.705041027284909	0.417782563968254	0.113	0.095	1	chr9-88533941-88535790	4
0.705041027284909	0.442251154143053	0.113	0.095	1	chr10-132265187-132266474	4
0.705041027284909	0.523367952295527	0.113	0.095	1	chr11-61890649-61892290	4
0.705041027284909	0.55226339765517	0.113	0.095	1	chr14-49950587-49952828	4
0.705041027284909	0.425814173463301	0.113	0.095	1	chr15-64050162-64051106	4
0.705041027284909	0.487537984640236	0.113	0.095	1	chr15-77568527-77569828	4
0.705041027284909	0.441499107948518	0.113	0.095	1	chr22-42925546-42927336	4
0.7050534792087	0.263952800525422	0.194	0.167	1	chr2-17878078-17880535	4
0.706212436122291	0.268246854842376	0.242	0.214	1	chr9-35748234-35750511	4
0.707266052979588	0.252273108498008	0.177	0.143	1	chr5-172983010-172985090	4
0.707266052979588	0.276414802887505	0.177	0.143	1	chr10-35335578-35338056	4
0.707970865632134	0.388590341037528	0.161	0.143	1	chr2-36597036-36598639	4
0.709014738673981	0.371929839955556	0.21	0.19	1	chr7-33128635-33130414	4
0.711836078796232	0.289725307272158	0.226	0.214	1	chr3-33716520-33719061	4
0.7124899835036	0.276608689435393	0.145	0.119	1	chr2-215311456-215313025	4
0.7124899835036	0.324015236095369	0.145	0.119	1	chr3-168877702-168879005	4
0.7124899835036	0.322695491574929	0.145	0.119	1	chr4-16043037-16044788	4
0.7124899835036	0.302495119830163	0.145	0.119	1	chr6-26222668-26224639	4
0.7124899835036	0.288682363364564	0.145	0.119	1	chr6-168834684-168835487	4
0.7124899835036	0.286019083274752	0.145	0.119	1	chr7-7811811-7812580	4
0.7124899835036	0.279455978625558	0.145	0.119	1	chr11-68212362-68214604	4
0.7124899835036	0.32308445146204	0.145	0.119	1	chr11-80586619-80588581	4
0.7124899835036	0.255153189207455	0.145	0.119	1	chr19-49579922-49581928	4
0.7124899835036	0.330376277190742	0.145	0.119	1	chr20-38448059-38448971	4
0.714280144640223	0.445954905450494	0.113	0.095	1	chr2-106792413-106793500	4
0.714280144640223	0.42043433997855	0.113	0.095	1	chr6-24359625-24360714	4
0.714280144640223	0.537882368760383	0.113	0.095	1	chr7-151123617-151124584	4
0.714280144640223	0.49020692317275	0.113	0.095	1	chr8-20938502-20939831	4
0.714280144640223	0.406659124776723	0.113	0.095	1	chr10-124631748-124633025	4
0.714280144640223	0.489107927799364	0.113	0.095	1	chr11-47184532-47187105	4
0.714280144640223	0.457727726585074	0.113	0.095	1	chr11-65491395-65495006	4
0.714280144640223	0.474026036812183	0.113	0.095	1	chr12-51047475-51049184	4
0.714280144640223	0.475146872746677	0.113	0.095	1	chr13-53200978-53202426	4
0.714280144640223	0.387191891312562	0.113	0.095	1	chr17-28251140-28252090	4
0.714930857619913	0.262383463067336	0.177	0.143	1	chr4-47462435-47464184	4
0.715693411418929	0.290439726879409	0.129	0.095	1	chr9-129482073-129484387	4
0.715834828701218	0.38464444615381	0.161	0.143	1	chr1-206469402-206471448	4
0.715834828701218	0.272236473188161	0.161	0.143	1	chr8-33511923-33514258	4
0.715834828701218	0.350790763257801	0.161	0.143	1	chr19-9818135-9820206	4
0.716058095286893	0.350060693218618	0.21	0.19	1	chr4-158209733-158211725	4
0.717667835738662	0.281520468457772	0.258	0.238	1	chr5-177445110-177448667	4
0.719596693456236	0.259932232333909	0.242	0.214	1	chr4-6908756-6911055	4
0.719596693456236	0.250723033179536	0.242	0.214	1	chr9-113274008-113276340	4
0.719711078894859	0.352778151689089	0.194	0.167	1	chr6-41577633-41579450	4
0.720832092796339	0.257753463623371	0.145	0.119	1	chr1-113056678-113057889	4
0.720832092796339	0.303942079081429	0.145	0.119	1	chr11-113905967-113907169	4
0.720832092796339	0.292591289225376	0.145	0.119	1	chr13-114280405-114282832	4
0.720832092796339	0.335209325239586	0.145	0.119	1	chr17-979158-981643	4
0.720832092796339	0.351602857941971	0.145	0.119	1	chr19-57389284-57390647	4
0.720832092796339	0.286895888921622	0.145	0.119	1	chr20-17604456-17606256	4
0.722624518935452	0.297922361360947	0.177	0.143	1	chr2-98607548-98609695	4
0.723561336804805	0.423167058160218	0.113	0.095	1	chr3-11271829-11273547	4
0.723561336804805	0.36731821091322	0.113	0.095	1	chr5-141084158-141085282	4
0.723561336804805	0.466012167121734	0.113	0.095	1	chr6-26401379-26402794	4
0.723561336804805	0.446819565627056	0.113	0.095	1	chr6-75524163-75525394	4
0.723561336804805	0.585712571000199	0.113	0.095	1	chr6-141163913-141165564	4
0.723561336804805	0.419983317034295	0.113	0.095	1	chr7-156949229-156950938	4
0.723561336804805	0.398519453484557	0.113	0.095	1	chr9-27435967-27436994	4
0.723561336804805	0.364665545948695	0.113	0.095	1	chr9-71758052-71759670	4
0.723561336804805	0.421807429161527	0.113	0.095	1	chr11-134036927-134038242	4
0.723561336804805	0.466313240208165	0.113	0.095	1	chr12-30851015-30851987	4
0.723561336804805	0.34809780580008	0.113	0.095	1	chr14-60734319-60735696	4
0.723561336804805	0.458114028787103	0.113	0.095	1	chr19-15302788-15304918	4
0.723561336804805	0.420471367143665	0.113	0.095	1	chrX-68454391-68455660	4
0.723729055993256	0.342845169902547	0.161	0.143	1	chr2-11746103-11747742	4
0.723729055993256	0.38916145222993	0.161	0.143	1	chr2-120252070-120254238	4
0.723729055993256	0.394937382085369	0.161	0.143	1	chr5-38555742-38557780	4
0.723729055993256	0.346948939572608	0.161	0.143	1	chr8-127507150-127509351	4
0.723729055993256	0.329832980279122	0.161	0.143	1	chr17-15965478-15967287	4
0.725039003418988	0.417571429010636	0.177	0.167	1	chr1-165615937-165617344	4
0.727079108511798	0.253835172156116	0.194	0.167	1	chr7-43868211-43870093	4
0.727079108511798	0.252191806109386	0.194	0.167	1	chr8-19006954-19010932	4
0.727079108511798	0.280250364327107	0.194	0.167	1	chr9-92292133-92294970	4
0.727079108511798	0.307743422559011	0.194	0.167	1	chr11-66288342-66290140	4
0.729207557656446	0.324112883627477	0.145	0.119	1	chr1-182731663-182733879	4
0.729207557656446	0.295484865853756	0.145	0.119	1	chr2-205971604-205972719	4
0.730731971795648	0.298072735115325	0.258	0.238	1	chr9-97631739-97635303	4
0.731652781736169	0.375108967738139	0.161	0.143	1	chr1-93344804-93347315	4
0.731652781736169	0.341739401419973	0.161	0.143	1	chr5-55232849-55235676	4
0.731652781736169	0.302761220156352	0.161	0.143	1	chr6-41779349-41781773	4
0.731652781736169	0.40252374013927	0.161	0.143	1	chr9-93262180-93263561	4
0.731652781736169	0.278987470048511	0.161	0.143	1	chr9-121742966-121745159	4
0.731652781736169	0.251365118729211	0.161	0.143	1	chr10-97632675-97634366	4
0.732883359479969	0.357589367343071	0.113	0.095	1	chr1-66261973-66262688	4
0.732883359479969	0.383239083256061	0.113	0.095	1	chr3-5426076-5426940	4
0.732883359479969	0.454154980998918	0.113	0.095	1	chr3-188163914-188164880	4
0.732883359479969	0.528953990347088	0.113	0.095	1	chr6-36195734-36197900	4
0.732883359479969	0.50346540755434	0.113	0.095	1	chr7-66681308-66683147	4
0.732883359479969	0.406409344519998	0.113	0.095	1	chr9-101542976-101544167	4
0.732883359479969	0.385013608847589	0.113	0.095	1	chr10-125152839-125155249	4
0.732883359479969	0.374265307694881	0.113	0.095	1	chr11-60701006-60702670	4
0.732883359479969	0.514776620880286	0.113	0.095	1	chr16-68743999-68746147	4
0.732883359479969	0.406065044545998	0.113	0.095	1	chr17-51587730-51588718	4
0.732883359479969	0.375129192183667	0.113	0.095	1	chr20-3676513-3677292	4
0.732883359479969	0.443552318933362	0.113	0.095	1	chr20-53595729-53598269	4
0.732883359479969	0.315995576600271	0.113	0.095	1	chr22-29579987-29582255	4
0.733739925845707	0.340338532756085	0.129	0.119	1	chrX-48520888-48522580	4
0.734472463130425	0.260232074305083	0.194	0.167	1	chr1-78003227-78006129	4
0.734472463130425	0.344011317859786	0.194	0.167	1	chr2-165792985-165795413	4
0.734472463130425	0.316670564232333	0.194	0.167	1	chr17-80759965-80761297	4
0.737615462901326	0.306094303757118	0.145	0.119	1	chr2-39119608-39122010	4
0.737615462901326	0.259121863840559	0.145	0.119	1	chr7-128403879-128406755	4
0.739203570230152	0.26391348374983	0.226	0.214	1	chr15-82040361-82041471	4
0.73960523071604	0.302854422996252	0.161	0.143	1	chr1-185044841-185047409	4
0.73960523071604	0.297933320418452	0.161	0.143	1	chr9-136949401-136951492	4
0.73960523071604	0.322575411818248	0.161	0.143	1	chr11-120324824-120327675	4
0.73960523071604	0.335839992595648	0.161	0.143	1	chr14-49851713-49854233	4
0.73960523071604	0.396377959680311	0.161	0.143	1	chr20-64062318-64064780	4
0.740166133247012	0.408614717211175	0.177	0.167	1	chr11-125300518-125301573	4
0.741880131705253	0.277239003562898	0.226	0.19	1	chr16-48383489-48386294	4
0.741890512770024	0.259014439840329	0.194	0.167	1	chr22-29305869-29307961	4
0.742244950288732	0.352609192071926	0.113	0.095	1	chr2-189640801-189641796	4
0.742244950288732	0.329595172228658	0.113	0.095	1	chr3-33787060-33787859	4
0.742244950288732	0.330444836246763	0.113	0.095	1	chr3-52437544-52438576	4
0.742244950288732	0.31105764327707	0.113	0.095	1	chr4-105613092-105613901	4
0.742244950288732	0.343581287557576	0.113	0.095	1	chr5-31660833-31662177	4
0.742244950288732	0.260219047918372	0.113	0.095	1	chr6-157822523-157824915	4
0.742244950288732	0.377820426535895	0.113	0.095	1	chr7-50683359-50689156	4
0.742244950288732	0.402754094044643	0.113	0.095	1	chr7-152759113-152761022	4
0.742244950288732	0.312450528531552	0.113	0.095	1	chr10-21727430-21728216	4
0.742244950288732	0.30503520502332	0.113	0.095	1	chr10-63273331-63274078	4
0.742244950288732	0.42442081763008	0.113	0.095	1	chr10-90871182-90872887	4
0.742244950288732	0.30912461209291	0.113	0.095	1	chr12-48553481-48554372	4
0.742244950288732	0.370295607264685	0.113	0.095	1	chr14-88521806-88523073	4
0.742244950288732	0.366853482928779	0.113	0.095	1	chr15-36579090-36580253	4
0.742244950288732	0.28536367623579	0.113	0.095	1	chr16-30182913-30183975	4
0.742244950288732	0.33642372508409	0.113	0.095	1	chr19-29941678-29943146	4
0.742244950288732	0.319269682768441	0.113	0.095	1	chr20-64038179-64039600	4
0.742244950288732	0.333905691515191	0.113	0.095	1	chr21-37563106-37564956	4
0.744468448092866	0.27621925548864	0.21	0.19	1	chr7-107890434-107892481	4
0.745871512570264	0.271582577166824	0.177	0.143	1	chr1-42034765-42036548	4
0.746054881697672	0.318768441210874	0.145	0.119	1	chr2-27032275-27033887	4
0.746054881697672	0.289680641730721	0.145	0.119	1	chr3-184318842-184320665	4
0.746054881697672	0.269395965589751	0.145	0.119	1	chr5-124274015-124275377	4
0.746054881697672	0.2734949129104	0.145	0.119	1	chr11-876075-878087	4
0.746054881697672	0.260491318834331	0.145	0.119	1	chr16-12802694-12804372	4
0.746054881697672	0.335747989921785	0.145	0.119	1	chr21-36965186-36967706	4
0.747585618501745	0.321120877187507	0.161	0.143	1	chr2-202264674-202267861	4
0.747585618501745	0.278374231776698	0.161	0.143	1	chr3-64500952-64502225	4
0.747585618501745	0.415499407721469	0.161	0.143	1	chr7-1043180-1045173	4
0.74776797634049	0.298823696909967	0.177	0.167	1	chr17-42802899-42806749	4
0.749332620564101	0.275862827556978	0.194	0.167	1	chr5-122844216-122848140	4
0.751644829282192	0.376219864801283	0.113	0.095	1	chr1-48878138-48879249	4
0.751644829282192	0.388603284586673	0.113	0.095	1	chr1-112032981-112034665	4
0.751644829282192	0.377706203215107	0.113	0.095	1	chr2-64651609-64654879	4
0.751644829282192	0.397143527301969	0.113	0.095	1	chr4-97456931-97457955	4
0.751644829282192	0.337041894509961	0.113	0.095	1	chr5-169980065-169981112	4
0.751644829282192	0.276896553510053	0.113	0.095	1	chr6-43846345-43848106	4
0.751644829282192	0.322237290566452	0.113	0.095	1	chr6-109008585-109011176	4
0.751644829282192	0.374328710544688	0.113	0.095	1	chr6-165646340-165648276	4
0.751644829282192	0.339872190656331	0.113	0.095	1	chr7-107966612-107968144	4
0.751644829282192	0.335878581124479	0.113	0.095	1	chr8-27740059-27741323	4
0.751644829282192	0.305551807181001	0.113	0.095	1	chr10-99681453-99683187	4
0.751644829282192	0.341791252038994	0.113	0.095	1	chr10-102769123-102771096	4
0.751644829282192	0.430414590992422	0.113	0.095	1	chr12-49059018-49061696	4
0.751644829282192	0.313047619033798	0.113	0.095	1	chr15-66503680-66506079	4
0.751644829282192	0.36608988615994	0.113	0.095	1	chr18-14921045-14922934	4
0.751644829282192	0.462471701569835	0.113	0.095	1	chr19-29389030-29390351	4
0.751644829282192	0.435047687513986	0.113	0.095	1	chr19-35867997-35870355	4
0.751644829282192	0.33861997954613	0.113	0.095	1	chrX-34656678-34657989	4
0.752421699281978	0.412197941599952	0.21	0.214	1	chr8-144077298-144080346	4
0.754524875864441	0.293056578331765	0.145	0.119	1	chr6-43427090-43429111	4
0.755593151674515	0.274319145412218	0.161	0.143	1	chr2-118881272-118883279	4
0.755593151674515	0.297799512015423	0.161	0.143	1	chr3-179321524-179325110	4
0.755593151674515	0.32000382679719	0.161	0.143	1	chr4-53365046-53366601	4
0.755593151674515	0.266377129383361	0.161	0.143	1	chr4-67000082-67002083	4
0.755593151674515	0.253005540334515	0.161	0.143	1	chr7-152462894-152465378	4
0.755593151674515	0.301121316257826	0.161	0.143	1	chr14-53942655-53943834	4
0.755593151674515	0.255490104728645	0.161	0.143	1	chr15-80999426-81002346	4
0.761081699458902	0.336708305641622	0.113	0.095	1	chr1-228212815-228214255	4
0.761081699458902	0.270343777298018	0.113	0.095	1	chr2-186771309-186772806	4
0.761081699458902	0.276467153577842	0.113	0.095	1	chr2-230811473-230813144	4
0.761081699458902	0.275806736984726	0.113	0.095	1	chr5-78647876-78649099	4
0.761081699458902	0.342504165634668	0.113	0.095	1	chr5-175871391-175872251	4
0.761081699458902	0.255288790885309	0.113	0.095	1	chr6-13923477-13925206	4
0.761081699458902	0.270797860577453	0.113	0.095	1	chr6-75933515-75935571	4
0.761081699458902	0.257669525615648	0.113	0.095	1	chr7-76089480-76090546	4
0.761081699458902	0.326713986023038	0.113	0.095	1	chr7-107044038-107047403	4
0.761081699458902	0.279388974650455	0.113	0.095	1	chr8-12665098-12666063	4
0.761081699458902	0.406711103924194	0.113	0.095	1	chr9-6395194-6396049	4
0.761081699458902	0.382328208385505	0.113	0.095	1	chr10-15167302-15169703	4
0.761081699458902	0.360428504646584	0.113	0.095	1	chr11-33700358-33702418	4
0.761081699458902	0.431523070757468	0.113	0.095	1	chr11-65470848-65472628	4
0.761081699458902	0.282823483388192	0.113	0.095	1	chr11-101765788-101766898	4
0.761081699458902	0.343253006122334	0.113	0.095	1	chr11-111747159-111748854	4
0.761081699458902	0.293558992130289	0.113	0.095	1	chr12-79961014-79961980	4
0.761081699458902	0.291032805855671	0.113	0.095	1	chr12-102051089-102052419	4
0.761081699458902	0.341036941748515	0.113	0.095	1	chr12-109052009-109053484	4
0.761081699458902	0.274512243087792	0.113	0.095	1	chr15-40735773-40738246	4
0.761081699458902	0.279739272873652	0.113	0.095	1	chr15-74545723-74546768	4
0.761081699458902	0.260734535501869	0.113	0.095	1	chr16-89686316-89688147	4
0.761081699458902	0.270716440518694	0.113	0.095	1	chr20-58480780-58481956	4
0.761081699458902	0.348524764689474	0.113	0.095	1	chrX-129842366-129844480	4
0.763044790011867	0.442203135149222	0.177	0.167	1	chr4-41212551-41217435	4
0.763044790011867	0.319813071699087	0.177	0.167	1	chr6-40996149-40999951	4
0.763044790011867	0.399194297478213	0.177	0.167	1	chr16-21517258-21520918	4
0.763044790011867	0.325871945977943	0.177	0.167	1	chrX-55160060-55162106	4
0.763627028062309	0.289697080916671	0.161	0.143	1	chr2-62293264-62294398	4
0.763627028062309	0.333775183000236	0.161	0.143	1	chr2-197612278-197616157	4
0.763627028062309	0.286995584791484	0.161	0.143	1	chr3-113535873-113537960	4
0.763627028062309	0.320487697964328	0.161	0.143	1	chr5-62384507-62388574	4
0.763627028062309	0.261906266526418	0.161	0.143	1	chr16-27202897-27204969	4
0.763627028062309	0.255031150624148	0.161	0.143	1	chr17-45292803-45295183	4
0.763627028062309	0.259360650359351	0.161	0.143	1	chr19-4061018-4062895	4
0.763728329868093	0.288319262239876	0.258	0.238	1	chr20-56391027-56394185	4
0.764286429697745	0.26043573086791	0.194	0.167	1	chr15-51621669-51623969	4
0.766009265522494	0.254142012319503	0.21	0.19	1	chr11-17351367-17354905	4
0.766905443521499	0.321872043839873	0.226	0.214	1	chr5-69093358-69095609	4
0.767142257109933	0.255399826809406	0.242	0.238	1	chr18-54223072-54225356	4
0.76873333740996	0.339091567121373	0.129	0.119	1	chr9-123568653-123569898	4
0.770381622097106	0.257394662947334	0.258	0.238	1	chr7-42233044-42238279	4
0.7705542472969	0.403475208317836	0.113	0.095	1	chr1-15846957-15850738	4
0.7705542472969	0.389525125679965	0.113	0.095	1	chr1-186997323-186998646	4
0.7705542472969	0.30439696463357	0.113	0.095	1	chr2-109644093-109645532	4
0.7705542472969	0.252985325794987	0.113	0.095	1	chr2-159043613-159046373	4
0.7705542472969	0.270985433215534	0.113	0.095	1	chr4-81021310-81022422	4
0.7705542472969	0.324774724916675	0.113	0.095	1	chr4-122151230-122153396	4
0.7705542472969	0.34983179984582	0.113	0.095	1	chr4-127975040-127976275	4
0.7705542472969	0.302254014440916	0.113	0.095	1	chr5-140699837-140701211	4
0.7705542472969	0.327123493718588	0.113	0.095	1	chr8-124067620-124068881	4
0.7705542472969	0.301244342685143	0.113	0.095	1	chr10-114265714-114267373	4
0.7705542472969	0.279561562313698	0.113	0.095	1	chr10-117374112-117376829	4
0.7705542472969	0.268832155795045	0.113	0.095	1	chr11-118251738-118252851	4
0.7705542472969	0.373839298351425	0.113	0.095	1	chr15-55992841-55994553	4
0.7705542472969	0.320495091894279	0.113	0.095	1	chr17-20008739-20011178	4
0.7705542472969	0.361747300660999	0.113	0.095	1	chr17-54967476-54970175	4
0.7705542472969	0.280036061645353	0.113	0.095	1	chr17-68462680-68463442	4
0.7705542472969	0.371024563188738	0.113	0.095	1	chr19-50328276-50330061	4
0.7705542472969	0.349711279528978	0.113	0.095	1	chr20-44475224-44476779	4
0.7705542472969	0.263738498574864	0.113	0.095	1	chrX-40107924-40110180	4
0.770718367560086	0.304574893143342	0.177	0.167	1	chr19-35747888-35749154	4
0.771552782711723	0.303090258499713	0.145	0.119	1	chr4-76127489-76128465	4
0.771552782711723	0.253218599710876	0.145	0.119	1	chr17-6650542-6652720	4
0.771686436978894	0.296186451189241	0.161	0.143	1	chr5-178625643-178627622	4
0.771686436978894	0.301770246530772	0.161	0.143	1	chr9-86404312-86407533	4
0.771686436978894	0.251344068226429	0.161	0.143	1	chr11-86705925-86707216	4
0.771686436978894	0.300377360724559	0.161	0.143	1	chr14-101809290-101811002	4
0.773230865918282	0.307899208161661	0.21	0.19	1	chr6-26054131-26057196	4
0.777559014722659	0.442619365978566	0.129	0.119	1	chr12-12786363-12789227	4
0.778414452070072	0.268196700319198	0.177	0.167	1	chr16-50591245-50593135	4
0.779770559467504	0.313790806965752	0.161	0.143	1	chr2-119352156-119352909	4
0.780061143298018	0.271560524528257	0.113	0.095	1	chr1-2247510-2249814	4
0.780061143298018	0.320853431143138	0.113	0.095	1	chr1-24501982-24504041	4
0.780061143298018	0.272268022473342	0.113	0.095	1	chr1-227761948-227763073	4
0.780061143298018	0.345817802726063	0.113	0.095	1	chr2-70257239-70259100	4
0.780061143298018	0.264123659859539	0.113	0.095	1	chr2-101307719-101309304	4
0.780061143298018	0.257864883321953	0.113	0.095	1	chr3-9225443-9227013	4
0.780061143298018	0.296736376524098	0.113	0.095	1	chr3-50183684-50185230	4
0.780061143298018	0.267389431445905	0.113	0.095	1	chr3-64268184-64269437	4
0.780061143298018	0.372584489743672	0.113	0.095	1	chr4-54658216-54660095	4
0.780061143298018	0.302359506929553	0.113	0.095	1	chr4-77007340-77008479	4
0.780061143298018	0.25965462590867	0.113	0.095	1	chr5-68456301-68457641	4
0.780061143298018	0.278625600111303	0.113	0.095	1	chr6-42146921-42147748	4
0.780061143298018	0.289250933295394	0.113	0.095	1	chr7-73855373-73856287	4
0.780061143298018	0.264642679266095	0.113	0.095	1	chr8-144059878-144061256	4
0.780061143298018	0.261303220843355	0.113	0.095	1	chr11-45771001-45772441	4
0.780061143298018	0.347158604915584	0.113	0.095	1	chr11-46391603-46393098	4
0.780061143298018	0.279975964965424	0.113	0.095	1	chr11-126210646-126212631	4
0.780061143298018	0.25371318084707	0.113	0.095	1	chr12-124846684-124848084	4
0.780061143298018	0.252840591567299	0.113	0.095	1	chr15-43105233-43106636	4
0.780061143298018	0.254880920264807	0.113	0.095	1	chr15-43929661-43930836	4
0.780061143298018	0.322206609973413	0.113	0.095	1	chr17-9816864-9817749	4
0.780061143298018	0.281565165353973	0.113	0.095	1	chr20-33554783-33555562	4
0.786021968787476	0.274011164392494	0.274	0.262	1	chr4-184472113-184475796	4
0.786132330076289	0.269893942681856	0.177	0.167	1	chr5-119501051-119502486	4
0.786132330076289	0.303545453828526	0.177	0.167	1	chr6-100880386-100882454	4
0.786413487634444	0.33853051687317	0.129	0.119	1	chr9-21413758-21416588	4
0.786413487634444	0.331628449976472	0.129	0.119	1	chr17-58666018-58667724	4
0.786413487634444	0.413452956974289	0.129	0.119	1	chr18-70288487-70290511	4
0.787878568548965	0.267816119381995	0.161	0.143	1	chr17-50546627-50548119	4
0.789601042544119	0.267940616555104	0.113	0.095	1	chr1-151972224-151973612	4
0.789601042544119	0.262524526311009	0.113	0.095	1	chr1-205175177-205176019	4
0.789601042544119	0.254554878823848	0.113	0.095	1	chr2-17830439-17831143	4
0.789601042544119	0.269791423970842	0.113	0.095	1	chr5-217462-219465	4
0.789601042544119	0.259874321844804	0.113	0.095	1	chr10-96540096-96540926	4
0.789601042544119	0.260802779174326	0.113	0.095	1	chr10-104254278-104257136	4
0.789601042544119	0.298891829044721	0.113	0.095	1	chr12-124130424-124131354	4
0.789601042544119	0.291964190116119	0.113	0.095	1	chr14-103735348-103737848	4
0.789601042544119	0.280248165243771	0.113	0.095	1	chr19-39845519-39847299	4
0.789601042544119	0.253767570047883	0.113	0.095	1	chr19-48964923-48966336	4
0.793871281684907	0.317948673715228	0.177	0.167	1	chr11-32583044-32585522	4
0.795295669088551	0.303492158776521	0.129	0.119	1	chr7-8637272-8638676	4
0.795295669088551	0.386018547385618	0.129	0.119	1	chr8-66924215-66926154	4
0.795295669088551	0.523481753006168	0.129	0.119	1	chr22-18055752-18058365	4
0.796009629474158	0.262612460797253	0.161	0.143	1	chr2-27320788-27324297	4
0.796009629474158	0.287933324034262	0.161	0.143	1	chr9-62837980-62839020	4
0.798542458672156	0.288783690119233	0.194	0.19	1	chr10-110225234-110227741	4
0.799172585264867	0.273187590313161	0.113	0.095	1	chr1-31154294-31156002	4
0.799172585264867	0.2904832406192	0.113	0.095	1	chr1-38985903-38987315	4
0.799172585264867	0.344026699523341	0.113	0.095	1	chr2-88169818-88171313	4
0.799172585264867	0.35428055059957	0.113	0.095	1	chr5-1167437-1168723	4
0.799172585264867	0.278303426127578	0.113	0.095	1	chr7-133433203-133434672	4
0.799172585264867	0.351557886301913	0.113	0.095	1	chr10-68826774-68828673	4
0.799172585264867	0.259247593574377	0.113	0.095	1	chr12-12695660-12697331	4
0.799172585264867	0.296532863117131	0.113	0.095	1	chr12-131948579-131951337	4
0.799172585264867	0.254111001996818	0.113	0.095	1	chr19-10121748-10122667	4
0.799172585264867	0.260414433505705	0.113	0.095	1	chr20-5718385-5719661	4
0.799172585264867	0.276912686141709	0.113	0.095	1	chrX-107857398-107858629	4
0.801630580774325	0.28631373965831	0.177	0.167	1	chr11-86301670-86303242	4
0.803892853557618	0.251943213285964	0.258	0.238	1	chr3-160398387-160402539	4
0.804204461247443	0.295411511397703	0.129	0.119	1	chr1-37463882-37466579	4
0.804204461247443	0.34950861027537	0.129	0.119	1	chr4-69983626-69984840	4
0.804204461247443	0.340618185009284	0.129	0.119	1	chr5-180352120-180354111	4
0.804204461247443	0.28890251650044	0.129	0.119	1	chr14-89175569-89177925	4
0.805990015221246	0.315417384036043	0.194	0.19	1	chr14-67358827-67361148	4
0.808774397416622	0.267251462517428	0.113	0.095	1	chr1-178501492-178502189	4
0.808774397416622	0.26905138836965	0.113	0.095	1	chr5-112593748-112594863	4
0.808774397416622	0.261306179456402	0.113	0.095	1	chr5-139050966-139052073	4
0.808774397416622	0.288151406027025	0.113	0.095	1	chr6-144094577-144096451	4
0.808774397416622	0.254602314473386	0.113	0.095	1	chr7-29377374-29378387	4
0.808774397416622	0.26571716235571	0.113	0.095	1	chr9-15510132-15511767	4
0.808774397416622	0.325149789228721	0.113	0.095	1	chr15-62389856-62392335	4
0.808774397416622	0.251526509617825	0.113	0.095	1	chr18-59402202-59403113	4
0.809409495198765	0.283389987854296	0.177	0.167	1	chr11-110295533-110298146	4
0.812337530553672	0.280926712531527	0.161	0.143	1	chr9-136117059-136120146	4
0.813138755898324	0.278106345465347	0.129	0.119	1	chr1-27115291-27116613	4
0.813138755898324	0.351216953957404	0.129	0.119	1	chr4-87240051-87242270	4
0.817207286994824	0.305507718539731	0.177	0.167	1	chr3-9648843-9650239	4
0.822097434865387	0.286959346999376	0.129	0.119	1	chr3-196739462-196742113	4
0.822097434865387	0.259238802977119	0.129	0.119	1	chr6-34650567-34651648	4
0.822097434865387	0.373100255098278	0.129	0.119	1	chr10-329100-330202	4
0.822097434865387	0.326027758331655	0.129	0.119	1	chr10-510247-511937	4
0.822097434865387	0.311957257030268	0.129	0.119	1	chr13-60347104-60348549	4
0.822097434865387	0.35989214913421	0.129	0.119	1	chr15-58603911-58605278	4
0.822097434865387	0.274090075323119	0.129	0.119	1	chr15-77107419-77108662	4
0.822097434865387	0.334550805981559	0.129	0.119	1	chr16-1308316-1312609	4
0.822097434865387	0.31041569872136	0.129	0.119	1	chr21-36155262-36158666	4
0.831079370428546	0.2690430265559	0.129	0.119	1	chr14-103846460-103848521	4
0.832547638249196	0.259723791399218	0.145	0.143	1	chr3-44065190-44066158	4
0.836980984319682	0.276181272666083	0.161	0.143	1	chr2-23384474-23387529	4
0.840083425748397	0.291730289216545	0.129	0.119	1	chr1-18901807-18903743	4
0.840083425748397	0.302325436368498	0.129	0.119	1	chr6-7973524-7976460	4
0.840706464131893	0.28983426989584	0.177	0.167	1	chr1-28580215-28582696	4
0.841017274239864	0.34539441727918	0.145	0.143	1	chr9-96030833-96032145	4
0.849108455297136	0.267399796207837	0.129	0.119	1	chr8-30811262-30813352	4
0.858010910086162	0.25524047413028	0.145	0.143	1	chr20-18543435-18544659	4
0.858153305295165	0.292164618031395	0.129	0.119	1	chr3-72745391-72747453	4
0.866532984111146	0.257641976064852	0.145	0.143	1	chr17-38869088-38872185	4
0.873297168458249	0.54412066387026	0.161	0.167	1	chr12-98592604-98596078	4
0.876297812918943	0.257937947966403	0.129	0.119	1	chr5-140357393-140358318	4
0.876297812918943	0.294351527050754	0.129	0.119	1	chr13-24922101-24923785	4
0.88140899425165	0.328572141591965	0.161	0.167	1	chr1-201695014-201697615	4
0.885395125730013	0.252510546331112	0.129	0.119	1	chr21-25606731-25608930	4
0.897669183943664	0.296284135576423	0.161	0.167	1	chr17-6443408-6444950	4
0.900766920445302	0.256421881018344	0.145	0.143	1	chr3-126703536-126704991	4
0.930312013894963	0.260214612157585	0.161	0.167	1	chr5-134002072-134006328	4
0.933381166175779	0.305413158005585	0.113	0.119	1	chr22-23401974-23403272	4
0.961902244401562	0.253960184872789	0.113	0.119	1	chr1-161764881-161767209	4
