p_val	avg_log2FC	pct.1	pct.2	p_val_adj	gene	cluster
4.10360118200398e-05	12.9355035860136	0.333	0	1	chr1-177170568-177172165	5
4.10360118200398e-05	12.7717743809737	0.333	0	1	chr2-179573851-179575374	5
4.10360118200398e-05	13.1838766607259	0.333	0	1	chr7-155860614-155862541	5
4.60399881394389e-05	1.36233435488859	0.944	0.638	1	chr8-133522116-133576268	5
5.2142232124024e-05	4.28396251548448	0.389	0.021	1	chr4-110622682-110623670	5
0.000101276063317054	2.38766503207876	0.556	0.128	1	chr1-235072983-235075989	5
0.000205578721269173	13.0906321580099	0.278	0	1	chr1-165382897-165384380	5
0.000205578721269173	12.6728543104977	0.278	0	1	chr3-160808259-160810871	5
0.000205578721269173	12.7849790330413	0.278	0	1	chr5-174532225-174533263	5
0.000205578721269173	13.0166028329826	0.278	0	1	chr6-148262296-148263666	5
0.000205578721269173	12.5191345573465	0.278	0	1	chr11-3041382-3044477	5
0.000205578721269173	12.9641596677168	0.278	0	1	chr11-59776189-59777157	5
0.000205578721269173	13.0278376201948	0.278	0	1	chr14-41234729-41236192	5
0.000206531726381251	3.36459892711749	0.389	0.043	1	chr6-73394184-73395700	5
0.000213042478041661	1.37090167723791	0.778	0.383	1	chr22-46040296-46065534	5
0.000222607806626434	2.94192681290183	0.444	0.064	1	chr1-93962676-93966397	5
0.000227380526397355	3.50001404761674	0.389	0.043	1	chr11-42624457-42626425	5
0.000248151554952589	4.25017028775288	0.333	0.021	1	chr12-47735965-47737979	5
0.000248151554952589	4.13896526838807	0.333	0.021	1	chr17-38462994-38465930	5
0.000248151554952589	4.16766450132265	0.333	0.021	1	chr17-50949496-50951339	5
0.000275920519011871	4.27187889359064	0.333	0.021	1	chr8-138788827-138792802	5
0.00028947070184696	2.82532501551877	0.444	0.064	1	chr12-6551538-6554913	5
0.000302400238630987	3.25018860519407	0.389	0.043	1	chr16-85637385-85640630	5
0.000306581558393536	4.00444055217325	0.333	0.021	1	chr1-19232207-19233194	5
0.000340410761417173	3.9778911133397	0.333	0.021	1	chr15-95246964-95247762	5
0.00036467883771119	3.31162068203186	0.389	0.043	1	chr10-43025691-43028889	5
0.000404281402945789	2.21355459565886	0.5	0.106	1	chr1-207807156-207814549	5
0.000582117672501234	1.50444733125402	0.667	0.277	1	chr12-124912857-124919609	5
0.000595590263520851	2.49663955453621	0.444	0.085	1	chr5-15489446-15490486	5
0.000631004622777727	3.01700046252057	0.389	0.043	1	chr14-81830957-81832064	5
0.000680790091487611	2.77076814680562	0.389	0.064	1	chr2-20223029-20226081	5
0.000877374457792912	2.74287502884703	0.389	0.064	1	chr10-69437695-69440307	5
0.000963861377853871	3.26849193504803	0.333	0.043	1	chr1-205352130-205355635	5
0.000963861377853871	4.06305648559515	0.333	0.043	1	chr5-179836132-179842954	5
0.000963861377853871	3.32113838658873	0.333	0.043	1	chr12-124421632-124423962	5
0.00099966562287886	12.6428040756408	0.222	0	1	chr1-74430592-74433009	5
0.00099966562287886	13.2063187541749	0.222	0	1	chr1-107870558-107871853	5
0.00099966562287886	12.9173448779661	0.222	0	1	chr1-181112235-181112950	5
0.00099966562287886	12.2378624536361	0.222	0	1	chr1-203625438-203627399	5
0.00099966562287886	12.2686046805239	0.222	0	1	chr1-210373168-210375086	5
0.00099966562287886	13.3229264055594	0.222	0	1	chr1-214187136-214187835	5
0.00099966562287886	13.31209188129	0.222	0	1	chr1-226563390-226564132	5
0.00099966562287886	12.6964945941798	0.222	0	1	chr1-240887958-240888655	5
0.00099966562287886	12.5904409837754	0.222	0	1	chr2-38514770-38516129	5
0.00099966562287886	12.5516843128622	0.222	0	1	chr2-158184484-158185410	5
0.00099966562287886	13.2511934803721	0.222	0	1	chr2-238458595-238459845	5
0.00099966562287886	13.0126397334059	0.222	0	1	chr3-11465801-11466874	5
0.00099966562287886	13.0490131091917	0.222	0	1	chr3-46065241-46065930	5
0.00099966562287886	12.9568000660712	0.222	0	1	chr3-131728678-131729610	5
0.00099966562287886	12.5654006245523	0.222	0	1	chr3-134291185-134292364	5
0.00099966562287886	12.6729733401218	0.222	0	1	chr3-142888023-142889381	5
0.00099966562287886	12.5892334038653	0.222	0	1	chr4-16691428-16693944	5
0.00099966562287886	13.0558844605398	0.222	0	1	chr4-48902117-48902911	5
0.00099966562287886	12.8340140170077	0.222	0	1	chr4-113141041-113142626	5
0.00099966562287886	13.3163222536279	0.222	0	1	chr4-128153572-128154439	5
0.00099966562287886	12.9744813961356	0.222	0	1	chr4-144399691-144400502	5
0.00099966562287886	12.3975749082359	0.222	0	1	chr5-17055997-17058936	5
0.00099966562287886	13.2033872127637	0.222	0	1	chr5-154782396-154785712	5
0.00099966562287886	13.2377705614192	0.222	0	1	chr5-168756447-168757580	5
0.00099966562287886	12.6384525547007	0.222	0	1	chr6-43495236-43497092	5
0.00099966562287886	12.9811264907107	0.222	0	1	chr6-70010221-70010704	5
0.00099966562287886	13.2746233895513	0.222	0	1	chr6-111696755-111697276	5
0.00099966562287886	13.1559070433435	0.222	0	1	chr6-119540896-119541836	5
0.00099966562287886	12.8799238616665	0.222	0	1	chr6-128499341-128500414	5
0.00099966562287886	12.7648346075528	0.222	0	1	chr6-151633211-151634232	5
0.00099966562287886	12.7194349391452	0.222	0	1	chr6-162058139-162058884	5
0.00099966562287886	12.9230903883336	0.222	0	1	chr6-168394262-168395260	5
0.00099966562287886	13.4044079708625	0.222	0	1	chr7-36342386-36342873	5
0.00099966562287886	12.7497700113194	0.222	0	1	chr7-44257415-44260140	5
0.00099966562287886	13.2153379124769	0.222	0	1	chr7-44750883-44751669	5
0.00099966562287886	12.8682932885648	0.222	0	1	chr7-50651155-50654609	5
0.00099966562287886	12.8958516866166	0.222	0	1	chr7-66281723-66282722	5
0.00099966562287886	12.3413837374794	0.222	0	1	chr7-68813333-68814560	5
0.00099966562287886	12.6283492942251	0.222	0	1	chr8-68285765-68286847	5
0.00099966562287886	12.3979595442307	0.222	0	1	chr8-109588958-109590307	5
0.00099966562287886	12.8331566048831	0.222	0	1	chr8-121153936-121155735	5
0.00099966562287886	13.092294685021	0.222	0	1	chr9-27654575-27655329	5
0.00099966562287886	12.9388668196962	0.222	0	1	chr9-36217944-36219196	5
0.00099966562287886	12.5149260163382	0.222	0	1	chr9-70805640-70807232	5
0.00099966562287886	12.8284577398874	0.222	0	1	chr9-81390759-81391579	5
0.00099966562287886	13.0518516839511	0.222	0	1	chr9-93648453-93649287	5
0.00099966562287886	12.575405754419	0.222	0	1	chr10-108911524-108912429	5
0.00099966562287886	12.9151410671544	0.222	0	1	chr10-110820023-110820941	5
0.00099966562287886	12.9195453279576	0.222	0	1	chr11-11476920-11478376	5
0.00099966562287886	12.7848146405027	0.222	0	1	chr11-44892872-44894407	5
0.00099966562287886	13.308639322738	0.222	0	1	chr11-75561850-75563055	5
0.00099966562287886	12.9833910160496	0.222	0	1	chr11-92789642-92790927	5
0.00099966562287886	12.7657230312443	0.222	0	1	chr11-111627360-111628667	5
0.00099966562287886	12.5548867689541	0.222	0	1	chr11-119683486-119685249	5
0.00099966562287886	12.8373166811986	0.222	0	1	chr11-134124628-134125510	5
0.00099966562287886	13.0778627026978	0.222	0	1	chr12-46124764-46125545	5
0.00099966562287886	12.9635066497362	0.222	0	1	chr12-93602658-93604260	5
0.00099966562287886	12.4576455409972	0.222	0	1	chr12-101737598-101748884	5
0.00099966562287886	12.8449108531278	0.222	0	1	chr12-102956029-102958790	5
0.00099966562287886	13.0765175279859	0.222	0	1	chr12-105281346-105282146	5
0.00099966562287886	12.9408967099258	0.222	0	1	chr12-121767430-121768943	5
0.00099966562287886	12.7186277603436	0.222	0	1	chr12-123140687-123142543	5
0.00099966562287886	13.0194077606137	0.222	0	1	chr13-36526847-36528496	5
0.00099966562287886	13.3145645983376	0.222	0	1	chr13-113820833-113821754	5
0.00099966562287886	12.889562423855	0.222	0	1	chr14-78784127-78786467	5
0.00099966562287886	13.6238762000823	0.222	0	1	chr14-82720908-82721384	5
0.00099966562287886	12.7576517325078	0.222	0	1	chr14-95499019-95501529	5
0.00099966562287886	12.9985096194248	0.222	0	1	chr16-69839147-69840650	5
0.00099966562287886	12.7718058944267	0.222	0	1	chr16-70324810-70325760	5
0.00099966562287886	12.8446621351377	0.222	0	1	chr16-77898562-77900377	5
0.00099966562287886	12.9033118180938	0.222	0	1	chr16-81136390-81137578	5
0.00099966562287886	12.7850734582957	0.222	0	1	chr16-81618319-81619354	5
0.00099966562287886	12.7835698800855	0.222	0	1	chr16-89407527-89409617	5
0.00099966562287886	12.2824543857405	0.222	0	1	chr17-16285620-16287158	5
0.00099966562287886	12.5985999933322	0.222	0	1	chr17-52233201-52234576	5
0.00099966562287886	12.9901146319972	0.222	0	1	chr18-26722227-26722981	5
0.00099966562287886	13.4329253354015	0.222	0	1	chr21-35294363-35294978	5
0.00099966562287886	13.1402190737798	0.222	0	1	chr22-19982859-19984783	5
0.00099966562287886	12.9101480010859	0.222	0	1	chr22-31063610-31064756	5
0.00099966562287886	12.6228522086498	0.222	0	1	chr22-35335323-35337068	5
0.0010559446561666	3.49839218582426	0.333	0.043	1	chr7-116316252-116317886	5
0.001221714263214	2.61445533184659	0.389	0.064	1	chr8-127329857-127331151	5
0.00125626264413599	3.75797793895606	0.278	0.021	1	chr5-96177213-96178007	5
0.00125626264413599	3.94431583183681	0.278	0.021	1	chr16-30804956-30806859	5
0.00125626264413599	3.77757585771882	0.278	0.021	1	chr17-42797200-42799062	5
0.00125626264413599	4.12343437811541	0.278	0.021	1	chr21-16422788-16425587	5
0.00126499435818012	3.13684243395801	0.333	0.043	1	chr8-98361469-98362484	5
0.00129546359879198	2.26506783316229	0.444	0.085	1	chr7-139775512-139779090	5
0.00138327918460017	3.06064289568783	0.333	0.043	1	chr2-101237747-101241116	5
0.00153807043454296	3.77951561560902	0.278	0.021	1	chr1-41475817-41477487	5
0.00153807043454296	3.68341013277119	0.278	0.021	1	chr3-82143797-82144539	5
0.00153807043454296	3.85084049063386	0.278	0.021	1	chr16-69481723-69483140	5
0.00165100521349255	2.92628157139063	0.333	0.043	1	chr1-165597655-165599049	5
0.00165100521349255	3.00835817625841	0.333	0.043	1	chr4-64622886-64624070	5
0.0016998288040949	3.70644534348204	0.278	0.021	1	chr1-116909463-116912473	5
0.0016998288040949	3.65740652571429	0.278	0.021	1	chr1-210464100-210465231	5
0.0016998288040949	3.68861897177655	0.278	0.021	1	chr15-32659158-32660657	5
0.00184907405916295	1.79733585117854	0.556	0.17	1	chr3-81760255-81762355	5
0.00187638802186824	2.20489730209785	0.444	0.128	1	chr19-54200104-54203940	5
0.00187710516168265	3.39893481291938	0.278	0.021	1	chr1-240595483-240598738	5
0.0019656970022585	2.91979541059749	0.333	0.043	1	chr5-108100840-108102308	5
0.00207122270872525	3.43216561493279	0.278	0.021	1	chr5-178123151-178125112	5
0.00207122270872525	3.48590754785204	0.278	0.021	1	chr10-110429917-110432028	5
0.00207122270872525	3.47349675077362	0.278	0.021	1	chr11-118194207-118195788	5
0.00210720492749308	2.48989613303037	0.389	0.085	1	chr4-164956518-164957692	5
0.00211074232583543	2.1493011357607	0.444	0.106	1	chr22-36528013-36530321	5
0.00242760153024396	2.18008494301687	0.444	0.106	1	chr1-197773181-197776605	5
0.00244711392446946	2.38464801367521	0.389	0.085	1	chr1-233613289-233616304	5
0.00246520807842884	2.05026534501019	0.444	0.128	1	chr3-179321524-179325110	5
0.00283653100680375	2.2869290187647	0.389	0.085	1	chr1-211541330-211543818	5
0.00302930527305798	1.57694694308266	0.556	0.191	1	chr4-158824267-158827903	5
0.00305175255341863	2.29265319574483	0.389	0.085	1	chr10-33798881-33802157	5
0.00305175255341863	2.16144611808363	0.389	0.085	1	chr14-37864685-37866310	5
0.00329589763880654	1.48993061296844	0.611	0.277	1	chr5-178203714-178216561	5
0.00352913878376872	2.62414076195951	0.333	0.064	1	chr7-143394662-143396363	5
0.00381545477767172	2.50073330855871	0.333	0.064	1	chr2-224022795-224023967	5
0.00409989320955347	2.05573183560211	0.389	0.106	1	chr14-93010282-93013682	5
0.0041227233729246	2.62482989601506	0.333	0.064	1	chr12-101617945-101620958	5
0.0041227233729246	2.67261169587506	0.333	0.064	1	chr21-44938046-44940618	5
0.00460767732492558	2.85459789326132	0.278	0.043	1	chr11-75441347-75442931	5
0.00476520014579346	12.581540685018	0.167	0	1	chr1-6497275-6498089	5
0.00476520014579346	12.429577719023	0.167	0	1	chr1-11918568-11919502	5
0.00476520014579346	12.7234717062573	0.167	0	1	chr1-11920190-11921043	5
0.00476520014579346	12.129267882125	0.167	0	1	chr1-16396253-16397114	5
0.00476520014579346	11.9815371919982	0.167	0	1	chr1-19073292-19075702	5
0.00476520014579346	12.4193697941333	0.167	0	1	chr1-19754119-19755186	5
0.00476520014579346	12.3924621811632	0.167	0	1	chr1-27556655-27557893	5
0.00476520014579346	12.662957018463	0.167	0	1	chr1-27559213-27561211	5
0.00476520014579346	13.0528690786795	0.167	0	1	chr1-30918983-30919741	5
0.00476520014579346	12.4829397250308	0.167	0	1	chr1-47763282-47764345	5
0.00476520014579346	12.6397198836471	0.167	0	1	chr1-48679732-48682061	5
0.00476520014579346	13.0141255787604	0.167	0	1	chr1-56688464-56688903	5
0.00476520014579346	12.8396324850493	0.167	0	1	chr1-58060502-58061108	5
0.00476520014579346	12.5214865012192	0.167	0	1	chr1-58874400-58875940	5
0.00476520014579346	12.2383158495009	0.167	0	1	chr1-61391551-61392903	5
0.00476520014579346	12.0595743617437	0.167	0	1	chr1-67392944-67394869	5
0.00476520014579346	12.8374600860614	0.167	0	1	chr1-68745030-68745796	5
0.00476520014579346	12.2051352724272	0.167	0	1	chr1-70486234-70488326	5
0.00476520014579346	12.6365122560826	0.167	0	1	chr1-81695529-81696158	5
0.00476520014579346	12.4933084593986	0.167	0	1	chr1-93988351-93989488	5
0.00476520014579346	13.0996847892644	0.167	0	1	chr1-101290567-101291185	5
0.00476520014579346	12.1783040574745	0.167	0	1	chr1-108947651-108949154	5
0.00476520014579346	12.6149741953769	0.167	0	1	chr1-110856230-110856836	5
0.00476520014579346	12.7419368739349	0.167	0	1	chr1-119276493-119277010	5
0.00476520014579346	12.5776911772325	0.167	0	1	chr1-151944182-151944962	5
0.00476520014579346	12.5123425354241	0.167	0	1	chr1-156140305-156141570	5
0.00476520014579346	12.4880149233681	0.167	0	1	chr1-160376288-160377121	5
0.00476520014579346	12.6154305259283	0.167	0	1	chr1-161073561-161074226	5
0.00476520014579346	12.9632230635381	0.167	0	1	chr1-167452964-167453566	5
0.00476520014579346	12.9288480477915	0.167	0	1	chr1-175870183-175870656	5
0.00476520014579346	12.3563328635751	0.167	0	1	chr1-176846321-176847565	5
0.00476520014579346	12.4284662931103	0.167	0	1	chr1-181778522-181779558	5
0.00476520014579346	12.3222036101589	0.167	0	1	chr1-181783943-181785123	5
0.00476520014579346	12.5448942910265	0.167	0	1	chr1-184691656-184692178	5
0.00476520014579346	12.9134043643784	0.167	0	1	chr1-204736769-204737366	5
0.00476520014579346	12.7913718838874	0.167	0	1	chr1-205045075-205046625	5
0.00476520014579346	12.486203678565	0.167	0	1	chr1-205800819-205802478	5
0.00476520014579346	12.2218562354895	0.167	0	1	chr1-207017977-207020466	5
0.00476520014579346	12.3915750025921	0.167	0	1	chr1-214830873-214831734	5
0.00476520014579346	12.2389449227243	0.167	0	1	chr1-217134412-217136083	5
0.00476520014579346	12.2960805258535	0.167	0	1	chr1-219370991-219372223	5
0.00476520014579346	12.8188588173233	0.167	0	1	chr1-220363233-220364370	5
0.00476520014579346	12.1797271972781	0.167	0	1	chr1-221053571-221055048	5
0.00476520014579346	12.6026162636933	0.167	0	1	chr1-223645741-223646375	5
0.00476520014579346	12.5935166352521	0.167	0	1	chr1-224407447-224408536	5
0.00476520014579346	12.5295547214374	0.167	0	1	chr1-226778500-226779302	5
0.00476520014579346	12.8319191429575	0.167	0	1	chr1-227885498-227886169	5
0.00476520014579346	12.303214995905	0.167	0	1	chr1-231161898-231162920	5
0.00476520014579346	12.2911010165466	0.167	0	1	chr1-244326746-244328024	5
0.00476520014579346	12.2161667098463	0.167	0	1	chr1-246007958-246009299	5
0.00476520014579346	12.77184608554	0.167	0	1	chr1-246769156-246769725	5
0.00476520014579346	12.1953277819414	0.167	0	1	chr2-1625054-1626016	5
0.00476520014579346	12.3471686302887	0.167	0	1	chr2-3460441-3461375	5
0.00476520014579346	12.352312864747	0.167	0	1	chr2-5287295-5288414	5
0.00476520014579346	12.4125031149622	0.167	0	1	chr2-12176609-12178017	5
0.00476520014579346	12.8997703228174	0.167	0	1	chr2-23191426-23192085	5
0.00476520014579346	13.1611456260484	0.167	0	1	chr2-31252691-31253579	5
0.00476520014579346	12.6725289365887	0.167	0	1	chr2-32976631-32977748	5
0.00476520014579346	12.4583080144239	0.167	0	1	chr2-36618272-36618842	5
0.00476520014579346	12.7257627622645	0.167	0	1	chr2-42342200-42342940	5
0.00476520014579346	12.4805054848322	0.167	0	1	chr2-68643075-68644083	5
0.00476520014579346	12.394157650821	0.167	0	1	chr2-85921048-85921956	5
0.00476520014579346	12.9469337827547	0.167	0	1	chr2-86764663-86765388	5
0.00476520014579346	13.0679672903072	0.167	0	1	chr2-106637954-106638465	5
0.00476520014579346	12.3113553832327	0.167	0	1	chr2-113288220-113289344	5
0.00476520014579346	13.1616898563811	0.167	0	1	chr2-135729010-135729598	5
0.00476520014579346	12.5736645473916	0.167	0	1	chr2-164288371-164289157	5
0.00476520014579346	12.51569045881	0.167	0	1	chr2-165874352-165874880	5
0.00476520014579346	11.7952241040648	0.167	0	1	chr2-189521546-189523277	5
0.00476520014579346	13.1244830737307	0.167	0	1	chr2-190354299-190354773	5
0.00476520014579346	12.8769675308877	0.167	0	1	chr2-191377172-191377675	5
0.00476520014579346	12.3667731697894	0.167	0	1	chr2-200424787-200425966	5
0.00476520014579346	12.2846487719298	0.167	0	1	chr2-200483283-200484265	5
0.00476520014579346	12.6165754530683	0.167	0	1	chr2-203470106-203470827	5
0.00476520014579346	12.7380349094961	0.167	0	1	chr2-217610523-217611193	5
0.00476520014579346	12.3555665523542	0.167	0	1	chr2-219041114-219041962	5
0.00476520014579346	12.4722212347672	0.167	0	1	chr2-227780927-227781994	5
0.00476520014579346	12.4795391244455	0.167	0	1	chr2-232238056-232238912	5
0.00476520014579346	12.6424222828712	0.167	0	1	chr2-235689557-235691187	5
0.00476520014579346	12.4489714443447	0.167	0	1	chr2-236448963-236450036	5
0.00476520014579346	12.6167243430835	0.167	0	1	chr2-238380684-238381226	5
0.00476520014579346	12.2825387012207	0.167	0	1	chr3-11306807-11307833	5
0.00476520014579346	13.3960216929352	0.167	0	1	chr3-14280332-14280728	5
0.00476520014579346	12.4916867995402	0.167	0	1	chr3-19487098-19488019	5
0.00476520014579346	12.7480409224897	0.167	0	1	chr3-25527723-25528454	5
0.00476520014579346	12.5052020359328	0.167	0	1	chr3-31699345-31700193	5
0.00476520014579346	12.7236497298011	0.167	0	1	chr3-32325859-32327110	5
0.00476520014579346	12.7655070438699	0.167	0	1	chr3-34255269-34256588	5
0.00476520014579346	12.6696517571582	0.167	0	1	chr3-48425100-48427323	5
0.00476520014579346	12.9222566830318	0.167	0	1	chr3-55858294-55859053	5
0.00476520014579346	12.2494506707263	0.167	0	1	chr3-56992039-56993064	5
0.00476520014579346	12.2685929942036	0.167	0	1	chr3-64577914-64579081	5
0.00476520014579346	12.7790513126947	0.167	0	1	chr3-69901615-69902356	5
0.00476520014579346	12.2802974088645	0.167	0	1	chr3-72948706-72949741	5
0.00476520014579346	12.7405904358339	0.167	0	1	chr3-76221967-76222845	5
0.00476520014579346	12.8371394810167	0.167	0	1	chr3-77562964-77563564	5
0.00476520014579346	12.2995208274089	0.167	0	1	chr3-78111404-78113023	5
0.00476520014579346	13.4294207296813	0.167	0	1	chr3-101303255-101303510	5
0.00476520014579346	12.6743889880695	0.167	0	1	chr3-110165044-110166163	5
0.00476520014579346	12.461107555917	0.167	0	1	chr3-110180473-110181385	5
0.00476520014579346	12.4826431335151	0.167	0	1	chr3-120438181-120439538	5
0.00476520014579346	12.8849674031491	0.167	0	1	chr3-120602683-120605140	5
0.00476520014579346	12.8446554702851	0.167	0	1	chr3-133381130-133381851	5
0.00476520014579346	12.4751837451178	0.167	0	1	chr3-133930278-133930815	5
0.00476520014579346	12.971778281214	0.167	0	1	chr3-134693012-134694240	5
0.00476520014579346	12.677043408414	0.167	0	1	chr3-141091348-141092188	5
0.00476520014579346	12.2569143541635	0.167	0	1	chr3-141366072-141367051	5
0.00476520014579346	12.8075411340336	0.167	0	1	chr3-147850687-147851692	5
0.00476520014579346	12.6046120532944	0.167	0	1	chr3-152307061-152308874	5
0.00476520014579346	13.1559888587039	0.167	0	1	chr3-152650107-152650600	5
0.00476520014579346	12.9126172906171	0.167	0	1	chr3-153977000-153977596	5
0.00476520014579346	12.9372142903057	0.167	0	1	chr3-167783645-167784260	5
0.00476520014579346	12.9934523992957	0.167	0	1	chr3-169026767-169027329	5
0.00476520014579346	12.2625256718229	0.167	0	1	chr3-188002951-188004409	5
0.00476520014579346	12.2689407763198	0.167	0	1	chr3-195697439-195699135	5
0.00476520014579346	12.3702705495439	0.167	0	1	chr4-6207046-6208575	5
0.00476520014579346	12.851112924861	0.167	0	1	chr4-15444768-15445330	5
0.00476520014579346	12.5260324815814	0.167	0	1	chr4-18566998-18569293	5
0.00476520014579346	12.4159189156579	0.167	0	1	chr4-19583682-19584844	5
0.00476520014579346	12.1226145618673	0.167	0	1	chr4-21413353-21414602	5
0.00476520014579346	12.6503633192487	0.167	0	1	chr4-23373204-23374718	5
0.00476520014579346	12.5413009206396	0.167	0	1	chr4-24602878-24603847	5
0.00476520014579346	12.516793254155	0.167	0	1	chr4-26032196-26033145	5
0.00476520014579346	12.5849242904774	0.167	0	1	chr4-52600092-52600937	5
0.00476520014579346	13.0113820839268	0.167	0	1	chr4-68147542-68148264	5
0.00476520014579346	13.1556442566025	0.167	0	1	chr4-69760489-69760920	5
0.00476520014579346	12.4612976340503	0.167	0	1	chr4-73281149-73282350	5
0.00476520014579346	12.5180740441793	0.167	0	1	chr4-75015464-75016930	5
0.00476520014579346	12.634870514105	0.167	0	1	chr4-77347092-77348045	5
0.00476520014579346	12.6978946923468	0.167	0	1	chr4-80322638-80323251	5
0.00476520014579346	12.8761697494953	0.167	0	1	chr4-83657223-83657798	5
0.00476520014579346	12.714252165266	0.167	0	1	chr4-86960441-86961359	5
0.00476520014579346	12.5532124612314	0.167	0	1	chr4-92099673-92102452	5
0.00476520014579346	12.9019025937592	0.167	0	1	chr4-109304847-109305356	5
0.00476520014579346	13.359904830451	0.167	0	1	chr4-125522980-125523267	5
0.00476520014579346	12.952599847197	0.167	0	1	chr4-125638976-125639809	5
0.00476520014579346	12.5145247940135	0.167	0	1	chr4-127383482-127384359	5
0.00476520014579346	12.7274845586327	0.167	0	1	chr4-128835307-128836112	5
0.00476520014579346	12.631059805587	0.167	0	1	chr4-129326825-129328679	5
0.00476520014579346	13.0993803600787	0.167	0	1	chr4-137694144-137694608	5
0.00476520014579346	12.9806583075862	0.167	0	1	chr4-140300151-140300687	5
0.00476520014579346	12.9440730193997	0.167	0	1	chr4-144575158-144575706	5
0.00476520014579346	13.1823760189175	0.167	0	1	chr4-144782324-144782937	5
0.00476520014579346	11.8468169756025	0.167	0	1	chr4-153001652-153003815	5
0.00476520014579346	13.1394539593203	0.167	0	1	chr4-154049759-154050191	5
0.00476520014579346	12.794246220897	0.167	0	1	chr4-154595679-154596253	5
0.00476520014579346	13.302913301802	0.167	0	1	chr4-155828660-155828994	5
0.00476520014579346	12.7460198617183	0.167	0	1	chr4-168515314-168515878	5
0.00476520014579346	12.3222806864276	0.167	0	1	chr4-169179710-169180736	5
0.00476520014579346	12.5773952934869	0.167	0	1	chr4-169251548-169253425	5
0.00476520014579346	12.9620129054589	0.167	0	1	chr4-177596004-177596483	5
0.00476520014579346	12.9942605122799	0.167	0	1	chr5-10364246-10364750	5
0.00476520014579346	12.9737692663202	0.167	0	1	chr5-15304905-15305445	5
0.00476520014579346	12.7441091931124	0.167	0	1	chr5-16350717-16351303	5
0.00476520014579346	12.6073492746819	0.167	0	1	chr5-34011581-34013265	5
0.00476520014579346	12.4191465067719	0.167	0	1	chr5-34686622-34687330	5
0.00476520014579346	12.4968995677649	0.167	0	1	chr5-35651036-35651635	5
0.00476520014579346	12.2778942382022	0.167	0	1	chr5-38115165-38115995	5
0.00476520014579346	12.8701936148843	0.167	0	1	chr5-38871171-38872655	5
0.00476520014579346	12.8637873984867	0.167	0	1	chr5-71974585-71975188	5
0.00476520014579346	12.7864502666072	0.167	0	1	chr5-73902592-73903186	5
0.00476520014579346	12.2973201618746	0.167	0	1	chr5-77181381-77182585	5
0.00476520014579346	12.7494317361605	0.167	0	1	chr5-82635402-82636366	5
0.00476520014579346	12.5874824969943	0.167	0	1	chr5-104977284-104978064	5
0.00476520014579346	12.9700141715513	0.167	0	1	chr5-108656067-108656443	5
0.00476520014579346	12.3668906487871	0.167	0	1	chr5-122456953-122458854	5
0.00476520014579346	12.3035887476378	0.167	0	1	chr5-126519267-126520564	5
0.00476520014579346	12.5191187878782	0.167	0	1	chr5-127040727-127041733	5
0.00476520014579346	12.3743378184311	0.167	0	1	chr5-135141344-135142513	5
0.00476520014579346	13.2738319148433	0.167	0	1	chr5-135934954-135935367	5
0.00476520014579346	11.8776950426457	0.167	0	1	chr5-136040675-136041780	5
0.00476520014579346	12.3469335957186	0.167	0	1	chr5-137622401-137623551	5
0.00476520014579346	12.3746457019082	0.167	0	1	chr5-140372800-140373532	5
0.00476520014579346	12.9557947213857	0.167	0	1	chr5-140391346-140391986	5
0.00476520014579346	12.8285720910819	0.167	0	1	chr5-141826121-141827237	5
0.00476520014579346	12.8613497193558	0.167	0	1	chr5-154294254-154294951	5
0.00476520014579346	13.1153135671561	0.167	0	1	chr5-158451574-158452096	5
0.00476520014579346	12.314849040851	0.167	0	1	chr5-159825497-159827267	5
0.00476520014579346	12.7679987090435	0.167	0	1	chr5-163089064-163089750	5
0.00476520014579346	12.5034089326626	0.167	0	1	chr5-169538433-169539401	5
0.00476520014579346	13.1105728853701	0.167	0	1	chr5-176780765-176781359	5
0.00476520014579346	13.0057065141531	0.167	0	1	chr5-176812737-176813176	5
0.00476520014579346	12.5293127607245	0.167	0	1	chr6-298670-299953	5
0.00476520014579346	13.1638245678755	0.167	0	1	chr6-980458-981126	5
0.00476520014579346	12.7679846947487	0.167	0	1	chr6-1639658-1640290	5
0.00476520014579346	12.8413968378032	0.167	0	1	chr6-4957415-4958003	5
0.00476520014579346	13.136980211113	0.167	0	1	chr6-6024197-6024636	5
0.00476520014579346	13.0129070442722	0.167	0	1	chr6-18842891-18843449	5
0.00476520014579346	12.741720779986	0.167	0	1	chr6-30091679-30092513	5
0.00476520014579346	13.2080687286951	0.167	0	1	chr6-36687763-36688509	5
0.00476520014579346	12.7671262925545	0.167	0	1	chr6-39772487-39773349	5
0.00476520014579346	12.5078039418195	0.167	0	1	chr6-45421635-45422907	5
0.00476520014579346	12.7820779119377	0.167	0	1	chr6-51618580-51619533	5
0.00476520014579346	12.7030515086713	0.167	0	1	chr6-52840768-52841304	5
0.00476520014579346	12.267539243151	0.167	0	1	chr6-53300776-53302959	5
0.00476520014579346	12.9599991731521	0.167	0	1	chr6-63663172-63663924	5
0.00476520014579346	12.6702261765345	0.167	0	1	chr6-71550909-71552053	5
0.00476520014579346	12.4931125134852	0.167	0	1	chr6-84033379-84034524	5
0.00476520014579346	11.966759247494	0.167	0	1	chr6-106782243-106783321	5
0.00476520014579346	12.7568914083849	0.167	0	1	chr6-114423181-114423786	5
0.00476520014579346	12.7664363562543	0.167	0	1	chr6-122192857-122193409	5
0.00476520014579346	13.0049530501823	0.167	0	1	chr6-123777523-123777994	5
0.00476520014579346	12.4023579150075	0.167	0	1	chr6-125944337-125944976	5
0.00476520014579346	12.3060879856472	0.167	0	1	chr6-127342151-127344261	5
0.00476520014579346	13.3287993995524	0.167	0	1	chr6-129607908-129608136	5
0.00476520014579346	12.5663772607187	0.167	0	1	chr6-130632223-130632822	5
0.00476520014579346	12.4449211759118	0.167	0	1	chr6-133548241-133549631	5
0.00476520014579346	12.1914771754128	0.167	0	1	chr6-142474353-142475164	5
0.00476520014579346	12.2519762273645	0.167	0	1	chr6-149431881-149432463	5
0.00476520014579346	11.9614194923314	0.167	0	1	chr6-150025075-150026246	5
0.00476520014579346	12.2345083561473	0.167	0	1	chr6-151668563-151669573	5
0.00476520014579346	12.4828497968379	0.167	0	1	chr6-156826192-156828619	5
0.00476520014579346	12.5391706861505	0.167	0	1	chr6-159103882-159104548	5
0.00476520014579346	12.7241216904543	0.167	0	1	chr6-166691040-166691696	5
0.00476520014579346	12.1570815408195	0.167	0	1	chr6-167849704-167850504	5
0.00476520014579346	12.0312510781095	0.167	0	1	chr7-26182208-26189391	5
0.00476520014579346	11.995589721335	0.167	0	1	chr7-34157961-34159200	5
0.00476520014579346	11.9934982464831	0.167	0	1	chr7-36186339-36187669	5
0.00476520014579346	12.7973222592648	0.167	0	1	chr7-40760707-40761435	5
0.00476520014579346	12.9347682593486	0.167	0	1	chr7-41466681-41467164	5
0.00476520014579346	12.8414357922307	0.167	0	1	chr7-44678086-44679304	5
0.00476520014579346	12.5361531587593	0.167	0	1	chr7-46539717-46540543	5
0.00476520014579346	12.6165029376009	0.167	0	1	chr7-50616617-50619115	5
0.00476520014579346	12.560863151932	0.167	0	1	chr7-50795364-50796361	5
0.00476520014579346	12.8778428669197	0.167	0	1	chr7-50865271-50865910	5
0.00476520014579346	12.8196297927845	0.167	0	1	chr7-51025419-51026233	5
0.00476520014579346	12.8132974425641	0.167	0	1	chr7-66866770-66867988	5
0.00476520014579346	12.5980814975209	0.167	0	1	chr7-74477754-74479936	5
0.00476520014579346	12.5200243518398	0.167	0	1	chr7-74534793-74535797	5
0.00476520014579346	12.6405627950997	0.167	0	1	chr7-79308124-79308669	5
0.00476520014579346	12.7321855199969	0.167	0	1	chr7-82204531-82205288	5
0.00476520014579346	12.740524291305	0.167	0	1	chr7-99162139-99163006	5
0.00476520014579346	12.3390796148385	0.167	0	1	chr7-100692989-100694911	5
0.00476520014579346	12.4995468179592	0.167	0	1	chr7-125405036-125405606	5
0.00476520014579346	12.6029268915679	0.167	0	1	chr7-126148841-126149719	5
0.00476520014579346	12.399339192585	0.167	0	1	chr7-135755124-135756648	5
0.00476520014579346	12.3061331759193	0.167	0	1	chr7-153938673-153940016	5
0.00476520014579346	12.7656777780754	0.167	0	1	chr7-158428537-158429313	5
0.00476520014579346	12.8473989141959	0.167	0	1	chr8-11553629-11554144	5
0.00476520014579346	12.5498456952577	0.167	0	1	chr8-26571086-26572548	5
0.00476520014579346	12.8229105600668	0.167	0	1	chr8-26615963-26616838	5
0.00476520014579346	13.0898163958495	0.167	0	1	chr8-38083320-38084158	5
0.00476520014579346	12.4604103087625	0.167	0	1	chr8-41659153-41660832	5
0.00476520014579346	12.9085979189394	0.167	0	1	chr8-42773973-42774650	5
0.00476520014579346	12.9356626526761	0.167	0	1	chr8-46578743-46579447	5
0.00476520014579346	12.7257769473027	0.167	0	1	chr8-51129695-51130857	5
0.00476520014579346	12.9749504580435	0.167	0	1	chr8-61311588-61312392	5
0.00476520014579346	12.4580039962841	0.167	0	1	chr8-61619108-61623149	5
0.00476520014579346	12.2141862248291	0.167	0	1	chr8-61651418-61659471	5
0.00476520014579346	12.988019700537	0.167	0	1	chr8-61660062-61661785	5
0.00476520014579346	12.63708338185	0.167	0	1	chr8-61675672-61679242	5
0.00476520014579346	12.0914484704046	0.167	0	1	chr8-62020847-62024174	5
0.00476520014579346	12.2922079521046	0.167	0	1	chr8-68148102-68149744	5
0.00476520014579346	12.6101787176324	0.167	0	1	chr8-73207691-73208537	5
0.00476520014579346	12.6758067374228	0.167	0	1	chr8-81266053-81266940	5
0.00476520014579346	12.4585151222232	0.167	0	1	chr8-95658500-95659510	5
0.00476520014579346	12.7328781227376	0.167	0	1	chr8-99872575-99874490	5
0.00476520014579346	12.4439446520097	0.167	0	1	chr8-104223075-104224221	5
0.00476520014579346	12.2553385985272	0.167	0	1	chr8-104652716-104653911	5
0.00476520014579346	12.4480433221364	0.167	0	1	chr8-109224101-109225639	5
0.00476520014579346	12.5499498010592	0.167	0	1	chr8-125069466-125071054	5
0.00476520014579346	12.9505337894989	0.167	0	1	chr8-125141390-125142085	5
0.00476520014579346	12.7869408331775	0.167	0	1	chr8-125947036-125947594	5
0.00476520014579346	12.7586613813956	0.167	0	1	chr8-126374241-126375818	5
0.00476520014579346	12.932406096803	0.167	0	1	chr8-133375418-133375834	5
0.00476520014579346	12.0026555107376	0.167	0	1	chr8-133882124-133883999	5
0.00476520014579346	13.0493651174327	0.167	0	1	chr8-134186903-134187349	5
0.00476520014579346	12.604025312727	0.167	0	1	chr8-135663678-135665456	5
0.00476520014579346	12.4585168759291	0.167	0	1	chr8-141643884-141644773	5
0.00476520014579346	12.6349713447253	0.167	0	1	chr8-144386659-144387878	5
0.00476520014579346	12.8132296116403	0.167	0	1	chr9-23630390-23631135	5
0.00476520014579346	12.3314039890524	0.167	0	1	chr9-25733250-25734162	5
0.00476520014579346	12.3938258758931	0.167	0	1	chr9-75001917-75002812	5
0.00476520014579346	13.2206115793976	0.167	0	1	chr9-98170748-98171345	5
0.00476520014579346	12.3406561944986	0.167	0	1	chr9-113232752-113234254	5
0.00476520014579346	12.7760213480129	0.167	0	1	chr9-119938673-119939459	5
0.00476520014579346	12.7389357140976	0.167	0	1	chr9-123960886-123961425	5
0.00476520014579346	13.1296565480592	0.167	0	1	chr9-127187618-127188069	5
0.00476520014579346	12.341459775427	0.167	0	1	chr9-128798763-128799735	5
0.00476520014579346	12.5544692499913	0.167	0	1	chr9-134230535-134231855	5
0.00476520014579346	12.3867642015593	0.167	0	1	chr9-134369531-134370557	5
0.00476520014579346	12.4737583123398	0.167	0	1	chr9-138149837-138151020	5
0.00476520014579346	12.603544606203	0.167	0	1	chr10-338104-339083	5
0.00476520014579346	12.2725810276216	0.167	0	1	chr10-490731-491621	5
0.00476520014579346	12.6807594735014	0.167	0	1	chr10-2508661-2509865	5
0.00476520014579346	12.658678431921	0.167	0	1	chr10-3111388-3112437	5
0.00476520014579346	12.9619195080862	0.167	0	1	chr10-4721879-4722404	5
0.00476520014579346	12.6401871330461	0.167	0	1	chr10-7121138-7121841	5
0.00476520014579346	12.6209654466723	0.167	0	1	chr10-12502909-12504026	5
0.00476520014579346	12.4768353097544	0.167	0	1	chr10-13053834-13054553	5
0.00476520014579346	12.4245093900712	0.167	0	1	chr10-13907415-13908084	5
0.00476520014579346	12.8692155285776	0.167	0	1	chr10-17782975-17784020	5
0.00476520014579346	12.3485970441195	0.167	0	1	chr10-33460262-33461628	5
0.00476520014579346	12.0920015716449	0.167	0	1	chr10-35821365-35822911	5
0.00476520014579346	12.6359166182686	0.167	0	1	chr10-37289738-37290609	5
0.00476520014579346	12.1209305142441	0.167	0	1	chr10-45971022-45973127	5
0.00476520014579346	12.7364490796988	0.167	0	1	chr10-48193901-48195286	5
0.00476520014579346	12.026005730996	0.167	0	1	chr10-53168817-53170860	5
0.00476520014579346	13.2691594677418	0.167	0	1	chr10-55325769-55326311	5
0.00476520014579346	12.2278568047004	0.167	0	1	chr10-71347520-71348710	5
0.00476520014579346	12.3042630963447	0.167	0	1	chr10-71975321-71976539	5
0.00476520014579346	12.503003544845	0.167	0	1	chr10-73529296-73529961	5
0.00476520014579346	12.3211965283461	0.167	0	1	chr10-80163561-80164502	5
0.00476520014579346	12.5796122849882	0.167	0	1	chr10-80256608-80257382	5
0.00476520014579346	12.2595688746457	0.167	0	1	chr10-81007544-81008830	5
0.00476520014579346	12.4609831214667	0.167	0	1	chr10-90592798-90593386	5
0.00476520014579346	12.3997289522609	0.167	0	1	chr10-95663266-95664069	5
0.00476520014579346	12.410269372863	0.167	0	1	chr10-97450779-97451578	5
0.00476520014579346	12.4874560728797	0.167	0	1	chr10-103110969-103112351	5
0.00476520014579346	12.5950700303841	0.167	0	1	chr10-103811729-103812468	5
0.00476520014579346	12.415962925078	0.167	0	1	chr10-105742150-105744318	5
0.00476520014579346	12.3429040134958	0.167	0	1	chr10-112081304-112084022	5
0.00476520014579346	12.1370951752174	0.167	0	1	chr10-113368566-113370433	5
0.00476520014579346	12.5288333965867	0.167	0	1	chr10-123240721-123242032	5
0.00476520014579346	12.4367692576642	0.167	0	1	chr10-124999423-125001393	5
0.00476520014579346	12.8227601233158	0.167	0	1	chr10-131094489-131095355	5
0.00476520014579346	12.6921981084868	0.167	0	1	chr10-131269979-131272685	5
0.00476520014579346	12.5022209094967	0.167	0	1	chr11-2099341-2100300	5
0.00476520014579346	12.780552269931	0.167	0	1	chr11-12101729-12102868	5
0.00476520014579346	13.1028559584908	0.167	0	1	chr11-15288655-15289351	5
0.00476520014579346	12.368869988165	0.167	0	1	chr11-27873243-27874612	5
0.00476520014579346	12.7031079980949	0.167	0	1	chr11-36420696-36421390	5
0.00476520014579346	12.4897856877197	0.167	0	1	chr11-45293526-45294104	5
0.00476520014579346	12.0845667813691	0.167	0	1	chr11-58922305-58925243	5
0.00476520014579346	12.3866123515944	0.167	0	1	chr11-61859771-61860929	5
0.00476520014579346	12.4882825575725	0.167	0	1	chr11-64433823-64434661	5
0.00476520014579346	12.690703920905	0.167	0	1	chr11-69700507-69701168	5
0.00476520014579346	13.0839868549032	0.167	0	1	chr11-70871867-70872367	5
0.00476520014579346	12.4842548042506	0.167	0	1	chr11-72716135-72716891	5
0.00476520014579346	12.8087819818285	0.167	0	1	chr11-73349254-73350205	5
0.00476520014579346	12.6356879615305	0.167	0	1	chr11-77752416-77753016	5
0.00476520014579346	12.6025665154139	0.167	0	1	chr11-87859437-87860237	5
0.00476520014579346	12.9481371340736	0.167	0	1	chr11-92854859-92855371	5
0.00476520014579346	12.3253876249738	0.167	0	1	chr11-99645812-99646492	5
0.00476520014579346	12.6915168638083	0.167	0	1	chr11-100857593-100858185	5
0.00476520014579346	13.4076635141662	0.167	0	1	chr11-103364729-103365068	5
0.00476520014579346	13.1232891153792	0.167	0	1	chr11-132632604-132633114	5
0.00476520014579346	12.8149548951508	0.167	0	1	chr11-134711475-134712072	5
0.00476520014579346	13.0688179307018	0.167	0	1	chr12-1559660-1560397	5
0.00476520014579346	12.4174564012341	0.167	0	1	chr12-3252057-3253119	5
0.00476520014579346	12.0636091460944	0.167	0	1	chr12-8827836-8830161	5
0.00476520014579346	12.1979693985253	0.167	0	1	chr12-11949624-11951145	5
0.00476520014579346	12.2510068838822	0.167	0	1	chr12-12167729-12168425	5
0.00476520014579346	12.8413255720789	0.167	0	1	chr12-22301459-22302073	5
0.00476520014579346	12.9976374426399	0.167	0	1	chr12-24066888-24067309	5
0.00476520014579346	12.0735338640872	0.167	0	1	chr12-27922266-27923533	5
0.00476520014579346	12.460946473663	0.167	0	1	chr12-42728771-42730469	5
0.00476520014579346	12.5635960002742	0.167	0	1	chr12-52247031-52248029	5
0.00476520014579346	12.537027970014	0.167	0	1	chr12-54660263-54661852	5
0.00476520014579346	12.1679192157465	0.167	0	1	chr12-65510589-65512089	5
0.00476520014579346	12.5468573040661	0.167	0	1	chr12-70589867-70590401	5
0.00476520014579346	12.5571920924045	0.167	0	1	chr12-79834789-79835753	5
0.00476520014579346	12.8592613381328	0.167	0	1	chr12-87266267-87266749	5
0.00476520014579346	12.3811003659131	0.167	0	1	chr12-91422026-91424062	5
0.00476520014579346	12.4855921907298	0.167	0	1	chr12-104381593-104382459	5
0.00476520014579346	12.4887341401758	0.167	0	1	chr12-108618000-108618664	5
0.00476520014579346	12.6683601002692	0.167	0	1	chr12-119168971-119169621	5
0.00476520014579346	12.0111294473336	0.167	0	1	chr12-120263704-120266369	5
0.00476520014579346	12.9904480837325	0.167	0	1	chr12-131111961-131112449	5
0.00476520014579346	12.1664164252145	0.167	0	1	chr12-132428591-132430564	5
0.00476520014579346	12.6750425235377	0.167	0	1	chr13-21402510-21403352	5
0.00476520014579346	12.4969256856748	0.167	0	1	chr13-21884224-21885966	5
0.00476520014579346	12.3023315951369	0.167	0	1	chr13-23965214-23967447	5
0.00476520014579346	12.6664791478676	0.167	0	1	chr13-25752988-25753764	5
0.00476520014579346	12.8900066443768	0.167	0	1	chr13-39765810-39766270	5
0.00476520014579346	11.8378790338143	0.167	0	1	chr14-20305129-20306443	5
0.00476520014579346	12.3140633233348	0.167	0	1	chr14-21195100-21198774	5
0.00476520014579346	12.5994254163297	0.167	0	1	chr14-23137161-23138023	5
0.00476520014579346	13.0596533793963	0.167	0	1	chr14-28676503-28677735	5
0.00476520014579346	12.9214410113157	0.167	0	1	chr14-29028928-29029407	5
0.00476520014579346	12.513057995807	0.167	0	1	chr14-33727765-33728755	5
0.00476520014579346	12.4421674912236	0.167	0	1	chr14-50882830-50883604	5
0.00476520014579346	11.7129438598889	0.167	0	1	chr14-65072819-65075267	5
0.00476520014579346	12.7074777492916	0.167	0	1	chr14-66038201-66039015	5
0.00476520014579346	12.3231235945061	0.167	0	1	chr14-67446423-67447404	5
0.00476520014579346	12.7160326871926	0.167	0	1	chr14-69971684-69973209	5
0.00476520014579346	12.5828599009637	0.167	0	1	chr14-73744444-73745333	5
0.00476520014579346	12.4692643108215	0.167	0	1	chr14-75875882-75877100	5
0.00476520014579346	12.4981195582717	0.167	0	1	chr14-77832034-77832993	5
0.00476520014579346	12.2110168685585	0.167	0	1	chr14-81727105-81730268	5
0.00476520014579346	12.525795882609	0.167	0	1	chr14-81805398-81806173	5
0.00476520014579346	12.299779864712	0.167	0	1	chr14-84520479-84521391	5
0.00476520014579346	12.4142136466045	0.167	0	1	chr14-88559673-88560398	5
0.00476520014579346	12.0766920909466	0.167	0	1	chr14-99191626-99192968	5
0.00476520014579346	11.7010501938901	0.167	0	1	chr14-104791940-104796306	5
0.00476520014579346	12.1583077299943	0.167	0	1	chr14-105602348-105603878	5
0.00476520014579346	12.8590061322595	0.167	0	1	chr15-25719653-25720206	5
0.00476520014579346	12.777858538548	0.167	0	1	chr15-28984899-28985621	5
0.00476520014579346	13.2660334716399	0.167	0	1	chr15-51228354-51228776	5
0.00476520014579346	12.9252454072413	0.167	0	1	chr15-62828293-62828849	5
0.00476520014579346	12.8401400020537	0.167	0	1	chr15-70557398-70557959	5
0.00476520014579346	12.3827914855871	0.167	0	1	chr15-73982087-73984043	5
0.00476520014579346	12.8832215536051	0.167	0	1	chr15-80887094-80887689	5
0.00476520014579346	12.7449378102911	0.167	0	1	chr15-91099628-91101498	5
0.00476520014579346	12.7073546344374	0.167	0	1	chr16-6104403-6105433	5
0.00476520014579346	12.7698074348884	0.167	0	1	chr16-7086776-7087296	5
0.00476520014579346	12.5303852010923	0.167	0	1	chr16-13793447-13794489	5
0.00476520014579346	13.1197374422744	0.167	0	1	chr16-19829977-19830827	5
0.00476520014579346	12.2351715030952	0.167	0	1	chr16-27213980-27215152	5
0.00476520014579346	12.5752092285192	0.167	0	1	chr16-28185440-28186368	5
0.00476520014579346	12.4078373576561	0.167	0	1	chr16-28258230-28259162	5
0.00476520014579346	12.2944654445172	0.167	0	1	chr16-46954069-46955208	5
0.00476520014579346	13.0345976086083	0.167	0	1	chr16-51538624-51539298	5
0.00476520014579346	13.0503898832141	0.167	0	1	chr16-57988814-57989407	5
0.00476520014579346	12.5479542590555	0.167	0	1	chr16-62804998-62806059	5
0.00476520014579346	12.0232426122175	0.167	0	1	chr16-70753038-70754305	5
0.00476520014579346	13.4173353697407	0.167	0	1	chr16-72206241-72206379	5
0.00476520014579346	12.876365085035	0.167	0	1	chr16-81694813-81696036	5
0.00476520014579346	11.8263733673986	0.167	0	1	chr16-84976467-84978115	5
0.00476520014579346	12.8367866866855	0.167	0	1	chr16-86533663-86534546	5
0.00476520014579346	12.4559926491177	0.167	0	1	chr17-352044-353658	5
0.00476520014579346	12.6793883441359	0.167	0	1	chr17-2187673-2188235	5
0.00476520014579346	13.3701423780297	0.167	0	1	chr17-4474154-4474555	5
0.00476520014579346	12.8717556909487	0.167	0	1	chr17-9537211-9537832	5
0.00476520014579346	12.5944948664871	0.167	0	1	chr17-12928687-12929246	5
0.00476520014579346	12.6903414849141	0.167	0	1	chr17-20541894-20542592	5
0.00476520014579346	12.6983567199135	0.167	0	1	chr17-29075922-29077160	5
0.00476520014579346	12.7585144791387	0.167	0	1	chr17-30950517-30951172	5
0.00476520014579346	12.8102998455984	0.167	0	1	chr17-38660440-38661139	5
0.00476520014579346	12.2640420592915	0.167	0	1	chr17-44314909-44315815	5
0.00476520014579346	12.6782457564982	0.167	0	1	chr17-45291158-45292087	5
0.00476520014579346	13.1763789562999	0.167	0	1	chr17-50686616-50687117	5
0.00476520014579346	12.7289742004219	0.167	0	1	chr17-51590014-51590563	5
0.00476520014579346	12.9494233478992	0.167	0	1	chr17-66405930-66407000	5
0.00476520014579346	12.1537046088596	0.167	0	1	chr17-72579570-72581320	5
0.00476520014579346	12.6018294299007	0.167	0	1	chr17-74045362-74046187	5
0.00476520014579346	12.7378427066013	0.167	0	1	chr17-79915989-79916578	5
0.00476520014579346	12.1509047677773	0.167	0	1	chr18-35478595-35480860	5
0.00476520014579346	12.5791282632763	0.167	0	1	chr19-4376827-4377951	5
0.00476520014579346	12.7822176599267	0.167	0	1	chr19-10432492-10433559	5
0.00476520014579346	12.3441766025238	0.167	0	1	chr19-10764330-10768242	5
0.00476520014579346	12.1304690266835	0.167	0	1	chr19-13024447-13027429	5
0.00476520014579346	12.2887807356549	0.167	0	1	chr19-13028718-13032887	5
0.00476520014579346	12.7305009783118	0.167	0	1	chr19-32200172-32200765	5
0.00476520014579346	12.8771339194062	0.167	0	1	chr19-35388248-35389157	5
0.00476520014579346	13.2187167002786	0.167	0	1	chr19-55207054-55207530	5
0.00476520014579346	13.0194356915981	0.167	0	1	chr20-1816357-1816907	5
0.00476520014579346	12.7293503475563	0.167	0	1	chr20-5612515-5613288	5
0.00476520014579346	12.2220637895157	0.167	0	1	chr20-5976984-5977958	5
0.00476520014579346	12.5197249501147	0.167	0	1	chr20-17226243-17228005	5
0.00476520014579346	12.4853993958625	0.167	0	1	chr20-23694367-23695499	5
0.00476520014579346	12.8382331050923	0.167	0	1	chr20-36170640-36171561	5
0.00476520014579346	12.7258668792637	0.167	0	1	chr20-38321879-38322429	5
0.00476520014579346	12.3207562335525	0.167	0	1	chr20-43388216-43389949	5
0.00476520014579346	12.6394963861271	0.167	0	1	chr20-44008726-44009440	5
0.00476520014579346	12.1660009727603	0.167	0	1	chr20-44742100-44743470	5
0.00476520014579346	12.2696121676069	0.167	0	1	chr20-48685772-48688034	5
0.00476520014579346	12.8583701259681	0.167	0	1	chr20-53570246-53571214	5
0.00476520014579346	12.5607139999131	0.167	0	1	chr20-60297029-60298100	5
0.00476520014579346	12.4462126829379	0.167	0	1	chr20-60535134-60537244	5
0.00476520014579346	12.6404086459731	0.167	0	1	chr20-62208916-62209853	5
0.00476520014579346	12.5522546234864	0.167	0	1	chr20-62516193-62516849	5
0.00476520014579346	12.4825102365036	0.167	0	1	chr20-62646709-62647963	5
0.00476520014579346	13.0373806253436	0.167	0	1	chr20-63682353-63683015	5
0.00476520014579346	12.4152113841862	0.167	0	1	chr20-63690844-63693270	5
0.00476520014579346	12.8328033094797	0.167	0	1	chr21-17690828-17691521	5
0.00476520014579346	12.7792887900255	0.167	0	1	chr21-32450851-32451817	5
0.00476520014579346	12.3497878026452	0.167	0	1	chr21-36768651-36769895	5
0.00476520014579346	12.3310645948615	0.167	0	1	chr21-40046963-40049371	5
0.00476520014579346	12.8506033632255	0.167	0	1	chr21-42668894-42669540	5
0.00476520014579346	12.5229603306363	0.167	0	1	chr21-45880032-45880987	5
0.00476520014579346	12.9226386877657	0.167	0	1	chr22-17436416-17437083	5
0.00476520014579346	12.9832155918782	0.167	0	1	chr22-17672689-17673618	5
0.00476520014579346	13.0937215780769	0.167	0	1	chr22-17869292-17870066	5
0.00476520014579346	12.5542287470201	0.167	0	1	chr22-18133208-18134137	5
0.00476520014579346	12.7267343382204	0.167	0	1	chr22-19060223-19060829	5
0.00476520014579346	12.9140681838081	0.167	0	1	chr22-21928022-21928941	5
0.00476520014579346	12.3910043189798	0.167	0	1	chr22-23079853-23080895	5
0.00476520014579346	12.3477162044042	0.167	0	1	chr22-28792424-28796133	5
0.00476520014579346	13.2996308762413	0.167	0	1	chr22-41636483-41636906	5
0.00476520014579346	12.936110668929	0.167	0	1	chr22-43796600-43797056	5
0.00476520014579346	12.6963282698743	0.167	0	1	chr22-50443555-50445132	5
0.00476520014579346	12.7253253486129	0.167	0	1	chrX-7108882-7110024	5
0.00476520014579346	12.4341648415741	0.167	0	1	chrX-39062737-39063555	5
0.00476520014579346	13.0167682843168	0.167	0	1	chrX-72029711-72030468	5
0.00476520014579346	12.2473415724552	0.167	0	1	chrX-78019554-78020655	5
0.00476520014579346	12.3366238004697	0.167	0	1	chrX-118974416-118976331	5
0.00476520014579346	13.0333439999715	0.167	0	1	chrY-7736535-7737220	5
0.00480553515961131	2.41626996101579	0.333	0.064	1	chr1-9181021-9183087	5
0.00480553515961131	2.41693604350022	0.333	0.064	1	chr16-31859279-31859998	5
0.00501589697937492	2.88100859199402	0.278	0.043	1	chr1-9560792-9562441	5
0.00501589697937492	2.86802497445711	0.278	0.043	1	chr21-44871913-44874394	5
0.00501589697937492	2.99672990732432	0.278	0.043	1	chr22-27810079-27811346	5
0.00515049830877255	1.70491204889502	0.5	0.191	1	chr1-159899139-159901714	5
0.00527645757919707	1.35530295427881	0.611	0.319	1	chr16-75249763-75255644	5
0.00537395474871089	2.00182431090027	0.389	0.106	1	chr1-13798720-13802251	5
0.00545654408534029	2.79316044009157	0.278	0.043	1	chr5-134018120-134021068	5
0.00545654408534029	2.80244556166924	0.278	0.043	1	chr12-4857463-4859008	5
0.00545654408534029	2.80223947853687	0.278	0.043	1	chr14-99507683-99509881	5
0.00545654408534029	2.88955179116637	0.278	0.043	1	chr17-43337034-43339347	5
0.00545654408534029	2.98347385903026	0.278	0.043	1	chr22-25153912-25155159	5
0.00558911669697941	2.37324805913417	0.333	0.064	1	chr1-54272636-54275868	5
0.00558911669697941	2.38418082371554	0.333	0.064	1	chr4-68904466-68906911	5
0.00561726751971285	1.5298822978219	0.556	0.298	1	chr5-179817925-179834397	5
0.00593184169752033	2.80952236154322	0.278	0.043	1	chr1-224292018-224293082	5
0.00593184169752033	2.81334876186274	0.278	0.043	1	chr3-69865528-69867070	5
0.00602262598044643	2.32411022459361	0.333	0.064	1	chr6-99285723-99286549	5
0.00602262598044643	2.35507048152964	0.333	0.064	1	chr8-41541473-41543835	5
0.00606240759632586	3.80161625682123	0.222	0.021	1	chr1-3174236-3175520	5
0.00606240759632586	3.57589646267461	0.222	0.021	1	chr1-3481511-3482939	5
0.00606240759632586	3.8217676706775	0.222	0.021	1	chr1-22348115-22348868	5
0.00606240759632586	3.52862557706888	0.222	0.021	1	chr1-68819165-68819867	5
0.00606240759632586	3.52190214984823	0.222	0.021	1	chr1-176514957-176515970	5
0.00606240759632586	3.84932064884735	0.222	0.021	1	chr1-202106870-202109160	5
0.00606240759632586	3.59600660505817	0.222	0.021	1	chr1-202409990-202412648	5
0.00606240759632586	3.53526671572271	0.222	0.021	1	chr1-204841739-204843402	5
0.00606240759632586	3.82460931004726	0.222	0.021	1	chr1-243421238-243422489	5
0.00606240759632586	3.70975213014342	0.222	0.021	1	chr2-38720349-38721258	5
0.00606240759632586	3.62453310440136	0.222	0.021	1	chr2-149155085-149155772	5
0.00606240759632586	3.68876799869008	0.222	0.021	1	chr2-183036934-183039044	5
0.00606240759632586	3.59233061114314	0.222	0.021	1	chr2-194424536-194425579	5
0.00606240759632586	3.57610708987113	0.222	0.021	1	chr2-207782116-207783381	5
0.00606240759632586	3.9409214637433	0.222	0.021	1	chr3-8254605-8257091	5
0.00606240759632586	3.66428036036195	0.222	0.021	1	chr3-71925948-71926678	5
0.00606240759632586	3.89591682193122	0.222	0.021	1	chr3-113166336-113167676	5
0.00606240759632586	3.8196705319105	0.222	0.021	1	chr3-187403554-187404476	5
0.00606240759632586	3.5335111572662	0.222	0.021	1	chr3-197366341-197367834	5
0.00606240759632586	3.98374095727177	0.222	0.021	1	chr4-101327858-101334201	5
0.00606240759632586	3.59140398778059	0.222	0.021	1	chr4-104490632-104491964	5
0.00606240759632586	3.85476684453198	0.222	0.021	1	chr4-165610079-165612225	5
0.00606240759632586	3.79924845737301	0.222	0.021	1	chr5-153524266-153525537	5
0.00606240759632586	3.58055388527652	0.222	0.021	1	chr6-87944369-87945274	5
0.00606240759632586	3.62756607147209	0.222	0.021	1	chr6-108074107-108075499	5
0.00606240759632586	3.71846872558064	0.222	0.021	1	chr6-143607171-143608784	5
0.00606240759632586	3.61508890526325	0.222	0.021	1	chr6-170279794-170280976	5
0.00606240759632586	3.51031729340863	0.222	0.021	1	chr7-156036078-156036766	5
0.00606240759632586	3.55685702980438	0.222	0.021	1	chr8-79799220-79800243	5
0.00606240759632586	3.59781182160484	0.222	0.021	1	chr8-89882418-89883348	5
0.00606240759632586	3.78089736427104	0.222	0.021	1	chr8-140448744-140449840	5
0.00606240759632586	3.91754720732381	0.222	0.021	1	chr10-70331508-70332945	5
0.00606240759632586	3.4663153140182	0.222	0.021	1	chr11-8228486-8229971	5
0.00606240759632586	3.43007693203644	0.222	0.021	1	chr11-93857117-93858226	5
0.00606240759632586	3.62168902618632	0.222	0.021	1	chr12-48553481-48554372	5
0.00606240759632586	3.50176292814584	0.222	0.021	1	chr12-60703673-60705156	5
0.00606240759632586	3.71491705167756	0.222	0.021	1	chr12-118253579-118254342	5
0.00606240759632586	3.68298076761018	0.222	0.021	1	chr13-47893201-47894129	5
0.00606240759632586	3.84070116194851	0.222	0.021	1	chr14-94112695-94114128	5
0.00606240759632586	3.50628458079731	0.222	0.021	1	chr15-79595893-79596551	5
0.00606240759632586	3.8602713498859	0.222	0.021	1	chr16-77788081-77788784	5
0.00606240759632586	3.61557531965146	0.222	0.021	1	chr17-49514983-49516462	5
0.00606240759632586	3.63019154222399	0.222	0.021	1	chr18-12009398-12013862	5
0.00606240759632586	4.01532734253546	0.222	0.021	1	chr20-48697646-48698962	5
0.00606240759632586	3.61316032952298	0.222	0.021	1	chr22-35950141-35950783	5
0.00606240759632586	3.44569775410095	0.222	0.021	1	chrX-11477707-11478752	5
0.00606240759632586	3.55783931040558	0.222	0.021	1	chrX-18886039-18887313	5
0.00606240759632586	3.64078887394926	0.222	0.021	1	chrX-78165301-78166087	5
0.00618053700306747	2.01460151317004	0.389	0.085	1	chr1-8004260-8007124	5
0.00622952631735294	1.25866857586445	0.611	0.277	1	chr5-159207429-159210917	5
0.0064441342492895	2.85083035118478	0.278	0.043	1	chr6-123518610-123519654	5
0.0064441342492895	2.76572193849837	0.278	0.043	1	chr7-116671543-116672729	5
0.0064441342492895	2.78883024557681	0.278	0.043	1	chr15-37291547-37292560	5
0.0064441342492895	2.77960262285171	0.278	0.043	1	chr15-100082913-100084064	5
0.0064441342492895	2.7723811586128	0.278	0.043	1	chr17-41869101-41871055	5
0.0064441342492895	2.79679588484692	0.278	0.043	1	chr17-46971659-46974705	5
0.00648619876020812	2.28666965612679	0.333	0.064	1	chr1-156912338-156913670	5
0.00648619876020812	2.41632933667137	0.333	0.064	1	chr8-2506253-2507641	5
0.00667456121961273	3.42061710244404	0.222	0.021	1	chr1-39829817-39830718	5
0.00667456121961273	3.45723799170012	0.222	0.021	1	chr1-154345158-154345643	5
0.00667456121961273	3.425149627727	0.222	0.021	1	chr2-42047435-42048581	5
0.00667456121961273	3.42942401142164	0.222	0.021	1	chr3-120497231-120498268	5
0.00667456121961273	3.45521008813517	0.222	0.021	1	chr4-8241957-8242763	5
0.00667456121961273	3.55233857721232	0.222	0.021	1	chr4-54322746-54323392	5
0.00667456121961273	3.45542499176665	0.222	0.021	1	chr4-127261253-127262146	5
0.00667456121961273	3.44205870129124	0.222	0.021	1	chr5-59275156-59277388	5
0.00667456121961273	3.36859304189434	0.222	0.021	1	chr5-88030529-88031433	5
0.00667456121961273	3.51961343558228	0.222	0.021	1	chr6-5033489-5035572	5
0.00667456121961273	3.46739258328153	0.222	0.021	1	chr6-27241112-27242022	5
0.00667456121961273	3.41911370988552	0.222	0.021	1	chr6-37338743-37340991	5
0.00667456121961273	3.47596836464714	0.222	0.021	1	chr6-124961449-124962760	5
0.00667456121961273	3.44712489827114	0.222	0.021	1	chr7-30814755-30815512	5
0.00667456121961273	3.58567387914259	0.222	0.021	1	chr7-104089185-104090390	5
0.00667456121961273	3.42833992252802	0.222	0.021	1	chr10-125707510-125708511	5
0.00667456121961273	3.4630444673613	0.222	0.021	1	chr11-92550229-92551317	5
0.00667456121961273	3.4407117135719	0.222	0.021	1	chr12-121672038-121673639	5
0.00667456121961273	3.54222591084694	0.222	0.021	1	chr12-128817325-128818761	5
0.00667456121961273	3.5123987492304	0.222	0.021	1	chr13-96983708-96984675	5
0.00667456121961273	3.46139125557218	0.222	0.021	1	chr13-110801708-110802383	5
0.00667456121961273	3.51578438068172	0.222	0.021	1	chr16-85428131-85428645	5
0.00667456121961273	3.43761876177382	0.222	0.021	1	chr17-2683787-2684612	5
0.00667456121961273	3.40838587737606	0.222	0.021	1	chr17-32277132-32277857	5
0.00667456121961273	3.4974348001245	0.222	0.021	1	chr17-40647185-40649050	5
0.00667456121961273	3.50875004933814	0.222	0.021	1	chr17-81840509-81843317	5
0.00667456121961273	3.4888994532449	0.222	0.021	1	chr18-51255330-51256301	5
0.00667456121961273	3.44988108179338	0.222	0.021	1	chr21-42523986-42526832	5
0.00698162455130693	2.17248190418572	0.333	0.064	1	chr5-113425576-113426725	5
0.00699589162814703	2.81220563724368	0.278	0.043	1	chr3-194130542-194131767	5
0.00699589162814703	2.81220837291812	0.278	0.043	1	chr10-8158311-8159401	5
0.00699589162814703	2.70977731219038	0.278	0.043	1	chr10-102834134-102835528	5
0.00699589162814703	2.78005099249322	0.278	0.043	1	chr16-87806262-87807726	5
0.00699589162814703	2.75507140588876	0.278	0.043	1	chr17-3894466-3897006	5
0.00700204535790255	2.29355103439782	0.333	0.085	1	chr6-106628578-106630752	5
0.00734172838893191	3.38508366014006	0.222	0.021	1	chr3-53072375-53073413	5
0.00734172838893191	3.40147627539986	0.222	0.021	1	chr3-163361235-163362041	5
0.00734172838893191	3.52264620547405	0.222	0.021	1	chr4-6032514-6033488	5
0.00734172838893191	3.33171393610462	0.222	0.021	1	chr4-48974927-48975970	5
0.00734172838893191	3.41580479504982	0.222	0.021	1	chr6-39083164-39087389	5
0.00734172838893191	3.43439178768554	0.222	0.021	1	chr6-104413682-104415943	5
0.00734172838893191	3.43839706525187	0.222	0.021	1	chr7-47511618-47512887	5
0.00734172838893191	3.39067117499844	0.222	0.021	1	chr8-11361476-11362384	5
0.00734172838893191	3.45902070299218	0.222	0.021	1	chr11-65036706-65037493	5
0.00734172838893191	3.34759937932715	0.222	0.021	1	chr15-37872531-37873251	5
0.00734172838893191	3.47065422790963	0.222	0.021	1	chr18-49021149-49022418	5
0.00734172838893191	3.38338522213131	0.222	0.021	1	chr19-7986355-7988016	5
0.0075086992582723	2.19473379317574	0.333	0.085	1	chr6-169653717-169655633	5
0.00755976725194411	1.64741681751092	0.444	0.149	1	chr22-28772351-28773788	5
0.00758971318179387	2.77754288770696	0.278	0.043	1	chr1-179090422-179093145	5
0.00758971318179387	2.52415915953796	0.278	0.043	1	chr7-725800-728480	5
0.00758971318179387	2.65152267042481	0.278	0.043	1	chr8-136529951-136531976	5
0.00758971318179387	2.68436004691789	0.278	0.043	1	chr16-336575-337912	5
0.00804798471078529	2.1752890080689	0.333	0.085	1	chr12-130398042-130399241	5
0.00804798471078529	2.09391992374289	0.333	0.085	1	chr19-18418713-18420753	5
0.00806812161208907	3.34492526574894	0.222	0.021	1	chr1-12460987-12461716	5
0.00806812161208907	3.3166664649785	0.222	0.021	1	chr1-178531881-178532882	5
0.00806812161208907	3.31827232615551	0.222	0.021	1	chr3-1081921-1082638	5
0.00806812161208907	3.38356762284739	0.222	0.021	1	chr4-152063366-152064388	5
0.00806812161208907	3.41533237162433	0.222	0.021	1	chr5-139882679-139884522	5
0.00806812161208907	3.17713848101474	0.222	0.021	1	chr6-36913908-36914916	5
0.00806812161208907	3.20034380911948	0.222	0.021	1	chr7-45832524-45833381	5
0.00806812161208907	3.35531732829014	0.222	0.021	1	chr10-77865368-77866941	5
0.00806812161208907	3.3294990879414	0.222	0.021	1	chr10-114499304-114500494	5
0.00806812161208907	3.22983799778382	0.222	0.021	1	chr10-121076561-121077218	5
0.00806812161208907	3.25776036935069	0.222	0.021	1	chr11-66418094-66419130	5
0.00806812161208907	3.35284704983149	0.222	0.021	1	chr11-70247139-70248511	5
0.00806812161208907	3.36354358817821	0.222	0.021	1	chr12-122917311-122918179	5
0.00806812161208907	3.28125416501879	0.222	0.021	1	chr13-24038494-24039509	5
0.00806812161208907	3.33120115207353	0.222	0.021	1	chrX-85243571-85245692	5
0.00807561398744215	2.25306595062447	0.333	0.064	1	chr3-40417452-40418654	5
0.00819292372738858	2.00104664305969	0.389	0.128	1	chr1-44774428-44782271	5
0.00822833163404479	2.70154197145197	0.278	0.043	1	chr2-173570905-173572772	5
0.00885820289789272	3.05196619363629	0.222	0.021	1	chr1-173773674-173774672	5
0.00885820289789272	3.02661835521895	0.222	0.021	1	chr1-204882069-204884197	5
0.00885820289789272	3.14869141317383	0.222	0.021	1	chr2-235540925-235543645	5
0.00885820289789272	3.18653002163176	0.222	0.021	1	chr6-44789561-44790400	5
0.00885820289789272	3.07899825451878	0.222	0.021	1	chr6-128600658-128601872	5
0.00885820289789272	2.83456863961547	0.222	0.021	1	chr17-1267344-1269020	5
0.00885820289789272	3.05719565689116	0.222	0.021	1	chr17-12989515-12990891	5
0.00885820289789272	3.09816856636482	0.222	0.021	1	chr20-45436580-45437493	5
0.00891461688859773	2.54808461999567	0.278	0.043	1	chr5-176381035-176382823	5
0.00891461688859773	2.5266985933125	0.278	0.043	1	chr7-50659354-50668701	5
0.0092316810956184	2.13773626773791	0.333	0.085	1	chr17-21126404-21128105	5
0.0095771479366286	1.52709897973612	0.5	0.213	1	chr20-40286235-40288075	5
0.0096515796975258	2.45460081277463	0.278	0.043	1	chr8-130323743-130324578	5
0.00984970597087457	1.78198242000737	0.389	0.128	1	chr21-45328513-45330844	5
0.00987989774094555	2.27597169461963	0.333	0.085	1	chr12-100163265-100164696	5
0.0101976117722722	1.5225925257945	0.444	0.17	1	chr5-123035251-123037579	5
0.010311860754833	1.2367288032054	0.611	0.234	1	chr16-3400366-3402114	5
0.010436289591177	1.1787542438887	0.611	0.298	1	chr1-212034006-212036988	5
0.0104423751702367	2.44090592975756	0.278	0.043	1	chr2-202807141-202808259	5
0.0105936201444728	1.45545130677315	0.5	0.191	1	chr14-29903234-29907936	5
0.0105936201444728	1.4363415042964	0.5	0.191	1	chr17-76352848-76354669	5
0.0107116900745962	1.61690340823222	0.444	0.149	1	chr14-24080729-24082049	5
0.0111140297842785	1.8657046330436	0.389	0.128	1	chr5-181241188-181244901	5
0.0112991699582484	2.04800906586126	0.333	0.085	1	chr3-58019749-58023066	5
0.0112991699582484	2.18759208074298	0.333	0.085	1	chr7-128229336-128232035	5
0.0116106860193365	1.77593300375266	0.389	0.106	1	chr2-176001181-176003026	5
0.0117986905574494	1.76405370872627	0.389	0.128	1	chr6-158999028-159001013	5
0.0119965120437701	1.67654448789779	0.444	0.149	1	chr22-23892593-23896107	5
0.0122607333966199	2.38570486227989	0.278	0.064	1	chr5-129903765-129905142	5
0.0128966387793406	2.02038068063147	0.333	0.085	1	chr6-53060479-53062816	5
0.0128966387793406	2.2274334980469	0.333	0.085	1	chr8-101231592-101234590	5
0.0131400147312825	2.20638417207619	0.333	0.106	1	chr2-55163121-55165458	5
0.01318022386747	2.35683458987507	0.278	0.064	1	chr1-215539319-215541041	5
0.01318022386747	2.32694014185531	0.278	0.064	1	chr7-21712767-21713974	5
0.01318022386747	2.43191985320466	0.278	0.064	1	chr8-142815425-142816773	5
0.013281140932159	1.71309592652853	0.389	0.128	1	chr1-94819564-94822243	5
0.0137679120680623	2.01602213561282	0.333	0.085	1	chr10-44910660-44912204	5
0.0137679120680623	2.02732122486012	0.333	0.085	1	chr14-55578918-55581726	5
0.0137679120680623	1.96948655653874	0.333	0.085	1	chr22-47129358-47130698	5
0.0138109315620931	1.2337122877226	0.556	0.234	1	chr1-227786071-227789243	5
0.0139904387752171	2.05617684403927	0.333	0.106	1	chr2-202375484-202377911	5
0.0141601649234983	2.38549147523578	0.278	0.064	1	chr7-131284328-131285873	5
0.0141601649234983	2.30121966328178	0.278	0.064	1	chr10-19930848-19932295	5
0.0141601649234983	2.52604075810065	0.278	0.064	1	chr12-107348799-107349622	5
0.0141801173308826	1.54725586483117	0.444	0.149	1	chr16-31476528-31478560	5
0.0146907618386275	1.94673509911675	0.333	0.085	1	chr3-194852731-194855546	5
0.0152038419344948	2.33518522971558	0.278	0.064	1	chr11-94736504-94738337	5
0.0152038419344948	2.2737385597452	0.278	0.064	1	chr12-2876311-2878456	5
0.0152038419344948	2.26221759275865	0.278	0.064	1	chr14-74548621-74550174	5
0.0152038419344948	2.20218947095993	0.278	0.064	1	chr19-18097374-18098407	5
0.0152438818621545	1.38010844532173	0.5	0.213	1	chr17-41783865-41787559	5
0.0155744093841479	1.07718506347526	0.667	0.511	1	chr8-133447002-133520787	5
0.0156677085432823	1.9454600467497	0.333	0.085	1	chr14-50657768-50660231	5
0.0156943314149081	1.60326371184057	0.389	0.149	1	chr21-28884222-28885832	5
0.0158136823581548	1.72076149321614	0.389	0.128	1	chr10-13345853-13350508	5
0.0163146671374151	2.19403028465352	0.278	0.064	1	chr4-114561655-114564467	5
0.0163146671374151	2.18801570195656	0.278	0.064	1	chr4-123115975-123117471	5
0.0163146671374151	2.25607661105735	0.278	0.064	1	chr5-173969181-173970143	5
0.0163146671374151	2.21220514960418	0.278	0.064	1	chr10-128972527-128973556	5
0.0165950165970914	1.63650082821239	0.389	0.149	1	chr1-168860736-168864722	5
0.0167013596903788	1.9366921370012	0.333	0.085	1	chr1-59921129-59922969	5
0.0167013596903788	1.92741198210739	0.333	0.085	1	chr4-105551678-105553833	5
0.0172609000078064	0.821089999027174	0.722	0.532	1	chr19-12994906-13019374	5
0.0174961808740645	2.26449024724953	0.278	0.064	1	chr2-169573042-169574226	5
0.0174961808740645	2.14055393505984	0.278	0.064	1	chr6-47459805-47461077	5
0.0174961808740645	2.17947190471777	0.278	0.064	1	chr7-100269255-100272917	5
0.0174961808740645	2.19157950144303	0.278	0.064	1	chr8-46961908-46963033	5
0.0174961808740645	2.25664071667498	0.278	0.064	1	chr9-129333599-129335147	5
0.0174961808740645	2.09648895397243	0.278	0.064	1	chr14-75126052-75128054	5
0.0174961808740645	2.18440481701109	0.278	0.064	1	chr17-82858061-82860080	5
0.0174961808740645	2.15073698564759	0.278	0.064	1	chrX-47482050-47484251	5
0.0175411289511051	1.45692198103456	0.444	0.17	1	chr17-68289346-68293221	5
0.0175411289511051	1.41545430961804	0.444	0.17	1	chr19-49361165-49364285	5
0.0177295216353143	1.73111692189364	0.389	0.128	1	chr6-157322757-157324407	5
0.017794410535685	1.86513729138443	0.333	0.085	1	chr4-80072356-80073703	5
0.017794410535685	1.80247784332396	0.333	0.085	1	chr6-96836141-96838162	5
0.0182037344220876	1.61344278017943	0.444	0.191	1	chr7-87933529-87935282	5
0.0187049499439867	1.27855427165963	0.5	0.191	1	chr4-41212551-41217435	5
0.0187049499439867	1.31312922496501	0.5	0.191	1	chr12-120085840-120088173	5
0.0187520525597006	2.00195394010413	0.278	0.064	1	chr4-145618475-145620130	5
0.0187520525597006	2.25592309234758	0.278	0.064	1	chr10-49161288-49162186	5
0.0187520525597006	2.14255955476737	0.278	0.064	1	chr11-56736858-56737831	5
0.0187520525597006	2.21544812555468	0.278	0.064	1	chr16-55494933-55496644	5
0.0187520525597006	2.17743959386688	0.278	0.064	1	chrX-23503919-23505071	5
0.0187520525597006	2.26050974352393	0.278	0.064	1	chrY-8763363-8764750	5
0.0190120928679805	1.9317342118749	0.333	0.106	1	chr1-225874878-225876405	5
0.0190120928679805	1.79638457280881	0.333	0.106	1	chr9-99905730-99907755	5
0.0192691673365047	1.26380451656897	0.556	0.213	1	chr1-201307372-201311253	5
0.0193974531650626	1.00543553571665	0.611	0.404	1	chr4-82898549-82902420	5
0.0195272559812197	1.26993146745134	0.5	0.213	1	chr6-144215347-144217673	5
0.0198406612340715	1.04828623841236	0.611	0.362	1	chr1-193058128-193061424	5
0.0198457970025478	1.74385504585741	0.389	0.128	1	chr14-101072760-101073888	5
0.0200860813620461	2.06370351895284	0.278	0.064	1	chr4-72567368-72570480	5
0.0200860813620461	2.07061864207723	0.278	0.064	1	chr12-21656546-21658327	5
0.0200860813620461	2.13470355811014	0.278	0.064	1	chr12-25924368-25925230	5
0.0200860813620461	2.25549726626286	0.278	0.064	1	chr16-15649641-15651366	5
0.0202967777591477	2.77769203561991	0.222	0.043	1	chr1-41890535-41892319	5
0.0202967777591477	2.56934923110197	0.222	0.043	1	chr1-43571800-43573803	5
0.0202967777591477	2.65706541959372	0.222	0.043	1	chr1-44404875-44406763	5
0.0202967777591477	2.64075835177127	0.222	0.043	1	chr1-63547260-63548699	5
0.0202967777591477	2.89544670086828	0.222	0.043	1	chr1-177274361-177277083	5
0.0202967777591477	2.57079089276059	0.222	0.043	1	chr1-178341098-178342154	5
0.0202967777591477	2.84589442998515	0.222	0.043	1	chr1-205369331-205371301	5
0.0202967777591477	2.51781923638041	0.222	0.043	1	chr2-25082029-25082884	5
0.0202967777591477	2.53786287059004	0.222	0.043	1	chr2-134245181-134245981	5
0.0202967777591477	2.66065771011096	0.222	0.043	1	chr4-9102014-9103521	5
0.0202967777591477	2.65169426012536	0.222	0.043	1	chr4-46647791-46648631	5
0.0202967777591477	2.56364295663423	0.222	0.043	1	chr4-95640018-95640780	5
0.0202967777591477	2.66335819034341	0.222	0.043	1	chr5-152136847-152138989	5
0.0202967777591477	2.66580152777679	0.222	0.043	1	chr5-153752971-153754710	5
0.0202967777591477	2.92114346343512	0.222	0.043	1	chr6-119627298-119629589	5
0.0202967777591477	2.82622631635813	0.222	0.043	1	chr6-166201155-166202387	5
0.0202967777591477	2.56858456110956	0.222	0.043	1	chr7-6015463-6016740	5
0.0202967777591477	2.54898061210814	0.222	0.043	1	chr7-55546592-55547756	5
0.0202967777591477	2.64690852683624	0.222	0.043	1	chr7-74042370-74044077	5
0.0202967777591477	2.57488997794354	0.222	0.043	1	chr8-68828611-68831065	5
0.0202967777591477	2.71269192853724	0.222	0.043	1	chr10-129814550-129815843	5
0.0202967777591477	2.63530117425692	0.222	0.043	1	chr11-76379961-76382015	5
0.0202967777591477	2.9848954814499	0.222	0.043	1	chr12-11543377-11544256	5
0.0202967777591477	2.73013678635402	0.222	0.043	1	chr12-54657157-54657962	5
0.0202967777591477	2.59366976765746	0.222	0.043	1	chr16-67915403-67918278	5
0.0202967777591477	2.62868710469067	0.222	0.043	1	chr19-16362897-16363843	5
0.0206672491369712	1.57016917120891	0.389	0.149	1	chr16-53054231-53056290	5
0.0212383390266236	1.4843944043076	0.389	0.17	1	chr1-225425787-225429188	5
0.0214251290670574	1.91201640523016	0.333	0.106	1	chr7-98616717-98620577	5
0.0215021965700836	2.07888753897199	0.278	0.064	1	chr1-162709798-162711175	5
0.0215021965700836	2.08070432835264	0.278	0.064	1	chr7-105216443-105217538	5
0.0215021965700836	2.09086201353793	0.278	0.064	1	chr16-11296378-11298437	5
0.0215021965700836	2.0879971619736	0.278	0.064	1	chr17-8542646-8543854	5
0.0215021965700836	2.00995905796875	0.278	0.064	1	chrX-152830202-152831634	5
0.0218122848629517	1.67071091756761	0.389	0.149	1	chr3-158722594-158724461	5
0.0218122848629517	1.51109051491111	0.389	0.149	1	chr5-169141931-169143479	5
0.0219273883505464	2.48147305567779	0.222	0.043	1	chr1-201739340-201740106	5
0.0219273883505464	2.52182609064872	0.222	0.043	1	chr2-80545247-80546421	5
0.0219273883505464	2.70438539301332	0.222	0.043	1	chr3-186974357-186977916	5
0.0219273883505464	2.65397371100931	0.222	0.043	1	chr6-106642332-106643254	5
0.0219273883505464	2.54421186713807	0.222	0.043	1	chr6-169799386-169801533	5
0.0219273883505464	2.47850019253507	0.222	0.043	1	chr8-81990101-81991332	5
0.0219273883505464	2.53952155524423	0.222	0.043	1	chr17-51946991-51947928	5
0.0219273883505464	2.52521814318729	0.222	0.043	1	chr17-55273108-55274468	5
0.0219273883505464	2.62794929040017	0.222	0.043	1	chr20-19275008-19276758	5
0.0219273883505464	2.65000922887636	0.222	0.043	1	chr21-16328647-16336001	5
0.0227135300207677	1.38217916095135	0.444	0.17	1	chr3-52277396-52279483	5
0.0227286768738765	1.82759304226177	0.333	0.106	1	chr4-8421521-8423357	5
0.0227969130243817	1.27044508227267	0.5	0.255	1	chr6-132811971-132821612	5
0.022817612350108	1.8339649854758	0.333	0.085	1	chr7-70598789-70599702	5
0.0229513520063028	0.672299993494457	0.833	0.617	1	chr14-99560297-99577328	5
0.0230044576319666	2.01936920084261	0.278	0.064	1	chr2-105005107-105006277	5
0.0230044576319666	1.92839646590142	0.278	0.064	1	chr12-108855615-108858420	5
0.023414027631744	1.24631484909437	0.444	0.191	1	chr6-17705316-17707651	5
0.0236708077493706	2.64658554102497	0.222	0.043	1	chr1-228721070-228722523	5
0.0236708077493706	2.53325608533936	0.222	0.043	1	chr3-23926822-23928232	5
0.0236708077493706	2.45536199295245	0.222	0.043	1	chr3-29452944-29453870	5
0.0236708077493706	2.6152319191474	0.222	0.043	1	chr3-163697923-163699056	5
0.0236708077493706	2.47799691382886	0.222	0.043	1	chr4-20882115-20884480	5
0.0236708077493706	2.46148424882869	0.222	0.043	1	chr4-52091518-52092349	5
0.0236708077493706	2.5045386858504	0.222	0.043	1	chr4-141349874-141350630	5
0.0236708077493706	2.44687901306572	0.222	0.043	1	chr5-16857320-16858115	5
0.0236708077493706	2.47798993711018	0.222	0.043	1	chr6-44489722-44490855	5
0.0236708077493706	2.47011501723248	0.222	0.043	1	chr6-127021821-127023791	5
0.0236708077493706	2.46115442926068	0.222	0.043	1	chr7-107799484-107800610	5
0.0236708077493706	2.56788241830639	0.222	0.043	1	chr7-131843628-131844795	5
0.0236708077493706	2.52682037480496	0.222	0.043	1	chr7-151246830-151250302	5
0.0236708077493706	2.56986372850159	0.222	0.043	1	chr8-78250630-78251136	5
0.0236708077493706	2.46515490601363	0.222	0.043	1	chr9-135478609-135481302	5
0.0236708077493706	2.6213195734378	0.222	0.043	1	chr10-110818314-110819499	5
0.0236708077493706	2.46013970208523	0.222	0.043	1	chr12-67592593-67593916	5
0.0236708077493706	2.59041218231484	0.222	0.043	1	chr12-94795366-94795980	5
0.0236708077493706	2.53600130083769	0.222	0.043	1	chr14-45466487-45467869	5
0.0236708077493706	2.4495082177291	0.222	0.043	1	chr14-89366561-89367623	5
0.0236708077493706	2.46167331423458	0.222	0.043	1	chr15-85785004-85786832	5
0.0236708077493706	2.4446325256341	0.222	0.043	1	chr16-11162475-11163614	5
0.0236708077493706	2.48150210764427	0.222	0.043	1	chr16-20610869-20614135	5
0.0236708077493706	2.65658494981394	0.222	0.043	1	chr16-84785865-84787546	5
0.0236708077493706	2.49237346087517	0.222	0.043	1	chr17-81890357-81892582	5
0.0236708077493706	2.53251295256421	0.222	0.043	1	chr19-52296424-52298326	5
0.0236708077493706	2.41592481028813	0.222	0.043	1	chr20-51752082-51753087	5
0.0236708077493706	2.54220751422834	0.222	0.043	1	chr20-63888985-63890237	5
0.0241005977441886	1.77598154957127	0.333	0.106	1	chr4-140236827-140239182	5
0.0242688985268305	1.61884432366091	0.389	0.149	1	chr12-63843331-63845414	5
0.0245970538414505	2.04921485603583	0.278	0.064	1	chr1-84271118-84273310	5
0.0247629547872373	1.0674887900331	0.611	0.34	1	chr1-100350927-100355594	5
0.0248232979540846	1.58809953461226	0.389	0.17	1	chr4-183987156-183990082	5
0.0255332525282828	2.46687644367029	0.222	0.043	1	chr1-43284761-43286269	5
0.0255332525282828	2.50235462068256	0.222	0.043	1	chr1-197976000-197977258	5
0.0255332525282828	2.40573301001574	0.222	0.043	1	chr2-236548315-236549442	5
0.0255332525282828	2.45362698203725	0.222	0.043	1	chr3-107064351-107065328	5
0.0255332525282828	2.41816073686174	0.222	0.043	1	chr3-143585732-143587667	5
0.0255332525282828	2.51143725242118	0.222	0.043	1	chr3-184448461-184449509	5
0.0255332525282828	2.4115770995382	0.222	0.043	1	chr4-3765298-3766670	5
0.0255332525282828	2.4417249263745	0.222	0.043	1	chr4-172981945-172982730	5
0.0255332525282828	2.55148338119853	0.222	0.043	1	chr7-29479962-29481340	5
0.0255332525282828	2.44049191686616	0.222	0.043	1	chr10-25556285-25557364	5
0.0255332525282828	2.39703159976837	0.222	0.043	1	chr11-70202709-70205308	5
0.0255332525282828	2.44623385909197	0.222	0.043	1	chr14-26124303-26125642	5
0.0255332525282828	2.42543795705194	0.222	0.043	1	chr14-74500904-74502755	5
0.0255332525282828	2.55411935356191	0.222	0.043	1	chr16-24731404-24732400	5
0.0255332525282828	2.45708579425466	0.222	0.043	1	chr19-18364394-18365596	5
0.0255332525282828	2.44535608159632	0.222	0.043	1	chr20-44092434-44093576	5
0.0255332525282828	2.49447497893992	0.222	0.043	1	chr22-23772371-23774079	5
0.0255437508970524	1.70515494684478	0.333	0.106	1	chr17-36948006-36949979	5
0.0255698471693032	1.06845022792035	0.5	0.234	1	chr3-179603850-179605598	5
0.0255847306899318	1.49492061852226	0.389	0.149	1	chr12-120100127-120103062	5
0.0255847306899318	1.56869941488761	0.389	0.149	1	chr22-46035282-46039795	5
0.0261570750058169	1.11500174374239	0.5	0.255	1	chr4-1716550-1723417	5
0.0263068777855314	1.96049798839737	0.278	0.085	1	chr1-212558074-212559678	5
0.0263068777855314	2.09615566522799	0.278	0.085	1	chrX-119573510-119575499	5
0.0269618343293656	1.51009142091191	0.389	0.149	1	chr19-40748900-40752032	5
0.0270610704076577	1.73511388139913	0.333	0.106	1	chr1-151457506-151460058	5
0.0270610704076577	1.77928842431191	0.333	0.106	1	chr3-184144216-184145861	5
0.0270610704076577	1.72086507452324	0.333	0.106	1	chr5-133025252-133027006	5
0.0270610704076577	1.67297958906561	0.333	0.106	1	chr22-31206676-31207971	5
0.0274946665034429	1.41573535975408	0.389	0.17	1	chr4-168479848-168481593	5
0.0275211539826767	2.31259655441435	0.222	0.043	1	chr1-47558252-47560123	5
0.0275211539826767	2.43829085582386	0.222	0.043	1	chr1-202154660-202156094	5
0.0275211539826767	2.33259997686712	0.222	0.043	1	chr1-225815777-225818688	5
0.0275211539826767	2.37295988288047	0.222	0.043	1	chr1-230380537-230382398	5
0.0275211539826767	2.6242202002709	0.222	0.043	1	chr1-246617115-246618604	5
0.0275211539826767	2.39410484559335	0.222	0.043	1	chr3-127549633-127550558	5
0.0275211539826767	2.35140160221607	0.222	0.043	1	chr5-86679326-86680073	5
0.0275211539826767	2.44330468466867	0.222	0.043	1	chr5-127280167-127281219	5
0.0275211539826767	2.38951416220191	0.222	0.043	1	chr6-47047198-47048054	5
0.0275211539826767	2.35276148108175	0.222	0.043	1	chr6-52389191-52390576	5
0.0275211539826767	2.33197110927901	0.222	0.043	1	chr6-77376235-77377129	5
0.0275211539826767	2.44139626391303	0.222	0.043	1	chr7-155729614-155730395	5
0.0275211539826767	2.39388908488941	0.222	0.043	1	chr8-49401088-49402040	5
0.0275211539826767	2.35464756971592	0.222	0.043	1	chr8-61766642-61767785	5
0.0275211539826767	2.39598256187656	0.222	0.043	1	chr9-21974419-21976011	5
0.0275211539826767	2.37805024048808	0.222	0.043	1	chr11-859407-860599	5
0.0275211539826767	2.51250894767967	0.222	0.043	1	chr11-34153792-34157657	5
0.0275211539826767	2.49737395022587	0.222	0.043	1	chr11-77471456-77472341	5
0.0275211539826767	2.44255997864224	0.222	0.043	1	chr11-119698916-119699987	5
0.0275211539826767	2.36955765419165	0.222	0.043	1	chr12-75862933-75863775	5
0.0275211539826767	2.41402359891107	0.222	0.043	1	chr12-99959430-99961052	5
0.0275211539826767	2.41443986230587	0.222	0.043	1	chr14-36682755-36684035	5
0.0275211539826767	2.34317826308134	0.222	0.043	1	chr14-103033554-103034401	5
0.0275211539826767	2.39135831698562	0.222	0.043	1	chr16-51166924-51167775	5
0.0275211539826767	2.53554758242693	0.222	0.043	1	chr16-89353071-89354825	5
0.0275211539826767	2.29483003257179	0.222	0.043	1	chr17-58585476-58586245	5
0.0275211539826767	2.37925183009954	0.222	0.043	1	chr19-19342320-19343290	5
0.0275211539826767	2.37595457940316	0.222	0.043	1	chr22-35611713-35612738	5
0.0278343748418872	3.32571733706616	0.167	0.021	1	chr1-975725-976859	5
0.0278343748418872	3.32975784778596	0.167	0.021	1	chr1-6519309-6520819	5
0.0278343748418872	3.07963766061537	0.167	0.021	1	chr1-15735202-15736661	5
0.0278343748418872	3.1072969014836	0.167	0.021	1	chr1-23824883-23825819	5
0.0278343748418872	3.12886757715689	0.167	0.021	1	chr1-33295225-33295933	5
0.0278343748418872	3.09314558234591	0.167	0.021	1	chr1-42151964-42152756	5
0.0278343748418872	3.10698476057199	0.167	0.021	1	chr1-44587838-44588645	5
0.0278343748418872	3.61039889356958	0.167	0.021	1	chr1-91449977-91450766	5
0.0278343748418872	3.15060745429251	0.167	0.021	1	chr1-104706377-104707246	5
0.0278343748418872	3.12287709235106	0.167	0.021	1	chr1-110615539-110616397	5
0.0278343748418872	3.46912776227219	0.167	0.021	1	chr1-111044975-111045982	5
0.0278343748418872	3.42343906499269	0.167	0.021	1	chr1-120175594-120176965	5
0.0278343748418872	3.08226642733064	0.167	0.021	1	chr1-156492757-156494186	5
0.0278343748418872	3.12727325144197	0.167	0.021	1	chr1-164587768-164590044	5
0.0278343748418872	3.04953829445527	0.167	0.021	1	chr1-165419812-165421778	5
0.0278343748418872	3.09644726511323	0.167	0.021	1	chr1-185369582-185370480	5
0.0278343748418872	3.11565533520607	0.167	0.021	1	chr1-206003050-206003919	5
0.0278343748418872	3.0710433570258	0.167	0.021	1	chr1-209587642-209588350	5
0.0278343748418872	3.03338854898757	0.167	0.021	1	chr1-212565797-212567705	5
0.0278343748418872	3.53009661304057	0.167	0.021	1	chr1-215590211-215592200	5
0.0278343748418872	3.22057570890196	0.167	0.021	1	chr1-233904161-233905516	5
0.0278343748418872	3.09123143257851	0.167	0.021	1	chr1-248848503-248854297	5
0.0278343748418872	3.08023078793294	0.167	0.021	1	chr2-43178412-43179501	5
0.0278343748418872	3.30941113987925	0.167	0.021	1	chr2-71023346-71024532	5
0.0278343748418872	3.08006424665444	0.167	0.021	1	chr2-104405932-104406754	5
0.0278343748418872	3.32996002988397	0.167	0.021	1	chr2-105235244-105236085	5
0.0278343748418872	3.15171613274461	0.167	0.021	1	chr2-153595822-153596577	5
0.0278343748418872	3.26951295421507	0.167	0.021	1	chr2-159146757-159147806	5
0.0278343748418872	3.04847132980472	0.167	0.021	1	chr2-205617609-205618543	5
0.0278343748418872	3.54589031974714	0.167	0.021	1	chr2-225116987-225118013	5
0.0278343748418872	3.28813825240778	0.167	0.021	1	chr2-237714230-237716089	5
0.0278343748418872	3.17731464077817	0.167	0.021	1	chr3-43618023-43618912	5
0.0278343748418872	3.37020718653659	0.167	0.021	1	chr3-71063798-71065424	5
0.0278343748418872	3.05536347798901	0.167	0.021	1	chr3-71753399-71754690	5
0.0278343748418872	3.27506134145332	0.167	0.021	1	chr3-99568607-99570813	5
0.0278343748418872	3.22349753668639	0.167	0.021	1	chr3-102529188-102530142	5
0.0278343748418872	3.26488865458216	0.167	0.021	1	chr3-149895094-149895773	5
0.0278343748418872	3.26461342382883	0.167	0.021	1	chr3-156535039-156535771	5
0.0278343748418872	3.05264745036026	0.167	0.021	1	chr3-170012580-170013453	5
0.0278343748418872	3.65202441297279	0.167	0.021	1	chr3-178477942-178480225	5
0.0278343748418872	3.49435844230539	0.167	0.021	1	chr3-182760631-182761409	5
0.0278343748418872	3.29050819559137	0.167	0.021	1	chr3-187186482-187187558	5
0.0278343748418872	3.14067808735051	0.167	0.021	1	chr4-12410754-12411696	5
0.0278343748418872	3.04768076633737	0.167	0.021	1	chr4-33300230-33301251	5
0.0278343748418872	3.3078317211075	0.167	0.021	1	chr4-61277652-61278431	5
0.0278343748418872	3.33469762126805	0.167	0.021	1	chr4-81913275-81913800	5
0.0278343748418872	3.36927351345176	0.167	0.021	1	chr4-108236904-108238547	5
0.0278343748418872	3.37268299334501	0.167	0.021	1	chr4-150722530-150723644	5
0.0278343748418872	3.18106650274348	0.167	0.021	1	chr4-156970395-156972150	5
0.0278343748418872	3.04148738195461	0.167	0.021	1	chr4-169103781-169104790	5
0.0278343748418872	3.59886797348663	0.167	0.021	1	chr4-184283566-184284714	5
0.0278343748418872	3.09221028421586	0.167	0.021	1	chr4-190020559-190021775	5
0.0278343748418872	3.19891536587361	0.167	0.021	1	chr5-8907989-8908505	5
0.0278343748418872	3.28466912245808	0.167	0.021	1	chr5-33889997-33891029	5
0.0278343748418872	3.0669877988746	0.167	0.021	1	chr5-66633105-66634364	5
0.0278343748418872	3.15214413916414	0.167	0.021	1	chr5-113256236-113257506	5
0.0278343748418872	3.10670976484704	0.167	0.021	1	chr5-119186028-119186827	5
0.0278343748418872	3.55000299538365	0.167	0.021	1	chr5-145811872-145812840	5
0.0278343748418872	3.16723797766345	0.167	0.021	1	chr5-152271351-152271886	5
0.0278343748418872	3.29324317210893	0.167	0.021	1	chr6-22956258-22956838	5
0.0278343748418872	3.29980258130505	0.167	0.021	1	chr6-27616529-27618571	5
0.0278343748418872	3.11929896586886	0.167	0.021	1	chr6-82057745-82058371	5
0.0278343748418872	3.1631020848023	0.167	0.021	1	chr6-107952284-107953356	5
0.0278343748418872	3.14987978577546	0.167	0.021	1	chr6-122770679-122771798	5
0.0278343748418872	3.30150414976114	0.167	0.021	1	chr6-131249879-131250970	5
0.0278343748418872	3.19875202917223	0.167	0.021	1	chr6-146979823-146981367	5
0.0278343748418872	3.16354439436173	0.167	0.021	1	chr6-150697270-150697998	5
0.0278343748418872	3.0680906244341	0.167	0.021	1	chr6-167777871-167779086	5
0.0278343748418872	3.02108608568548	0.167	0.021	1	chr7-2527515-2528701	5
0.0278343748418872	3.22966245079147	0.167	0.021	1	chr7-24882357-24883210	5
0.0278343748418872	2.98464273064938	0.167	0.021	1	chr7-30508930-30510491	5
0.0278343748418872	3.32346125526922	0.167	0.021	1	chr7-35435755-35437324	5
0.0278343748418872	3.14595935180307	0.167	0.021	1	chr7-41696071-41697005	5
0.0278343748418872	3.17640307372142	0.167	0.021	1	chr7-41711213-41712139	5
0.0278343748418872	3.55767525024777	0.167	0.021	1	chr7-42617560-42619316	5
0.0278343748418872	3.07756939802745	0.167	0.021	1	chr7-42662831-42663579	5
0.0278343748418872	3.35102718093077	0.167	0.021	1	chr7-54812830-54814933	5
0.0278343748418872	3.04086022240204	0.167	0.021	1	chr7-112254059-112255798	5
0.0278343748418872	3.12267599889517	0.167	0.021	1	chr7-116922881-116924425	5
0.0278343748418872	3.10435845778209	0.167	0.021	1	chr7-132305210-132306694	5
0.0278343748418872	3.16723929691167	0.167	0.021	1	chr7-150983774-150984364	5
0.0278343748418872	3.55043550836759	0.167	0.021	1	chr7-156927568-156928656	5
0.0278343748418872	3.27292876318019	0.167	0.021	1	chr8-10173163-10174082	5
0.0278343748418872	3.1667561827803	0.167	0.021	1	chr8-38043053-38044337	5
0.0278343748418872	3.12737440300325	0.167	0.021	1	chr8-61681923-61686038	5
0.0278343748418872	3.34957381667853	0.167	0.021	1	chr8-80697346-80698661	5
0.0278343748418872	3.30816194607185	0.167	0.021	1	chr8-134743361-134744630	5
0.0278343748418872	3.08201420039539	0.167	0.021	1	chr8-140393687-140394440	5
0.0278343748418872	3.07545070986	0.167	0.021	1	chr8-144494153-144496523	5
0.0278343748418872	3.18036513665563	0.167	0.021	1	chr9-1913729-1914709	5
0.0278343748418872	3.02699487406209	0.167	0.021	1	chr9-37676240-37677166	5
0.0278343748418872	3.06630964123491	0.167	0.021	1	chr9-94913922-94914979	5
0.0278343748418872	3.27203598237385	0.167	0.021	1	chr9-121278500-121279193	5
0.0278343748418872	3.1707354920132	0.167	0.021	1	chr9-131754847-131756054	5
0.0278343748418872	3.58461740439413	0.167	0.021	1	chr10-28326337-28327966	5
0.0278343748418872	3.15770285136193	0.167	0.021	1	chr10-43089764-43090830	5
0.0278343748418872	3.42078727132981	0.167	0.021	1	chr10-49105281-49107572	5
0.0278343748418872	3.09392791273817	0.167	0.021	1	chr10-71963926-71965856	5
0.0278343748418872	3.41067206739234	0.167	0.021	1	chr10-75202584-75203350	5
0.0278343748418872	3.12835637524111	0.167	0.021	1	chr10-118543817-118544700	5
0.0278343748418872	3.35979887590081	0.167	0.021	1	chr10-119449682-119450729	5
0.0278343748418872	3.20784529861582	0.167	0.021	1	chr10-126511799-126512472	5
0.0278343748418872	3.37438334832899	0.167	0.021	1	chr10-131883617-131884102	5
0.0278343748418872	3.25952418650074	0.167	0.021	1	chr11-19221261-19221882	5
0.0278343748418872	3.23813848954393	0.167	0.021	1	chr11-33857791-33858309	5
0.0278343748418872	3.0897344382452	0.167	0.021	1	chr11-35009026-35010061	5
0.0278343748418872	3.34641619682311	0.167	0.021	1	chr11-49525995-49526706	5
0.0278343748418872	3.30180005756728	0.167	0.021	1	chr11-63705489-63706021	5
0.0278343748418872	3.19713760653304	0.167	0.021	1	chr11-64122757-64123688	5
0.0278343748418872	3.1413754174856	0.167	0.021	1	chr11-66069665-66071379	5
0.0278343748418872	3.09469810284574	0.167	0.021	1	chr11-70128119-70129132	5
0.0278343748418872	3.19881379903508	0.167	0.021	1	chr11-70769031-70769892	5
0.0278343748418872	3.15709994793886	0.167	0.021	1	chr11-74141133-74142014	5
0.0278343748418872	3.09197512919988	0.167	0.021	1	chr11-117226322-117227043	5
0.0278343748418872	3.27866483184126	0.167	0.021	1	chr12-3310862-3311648	5
0.0278343748418872	3.14085939546455	0.167	0.021	1	chr12-16189807-16190286	5
0.0278343748418872	3.21645867790771	0.167	0.021	1	chr12-32267759-32268753	5
0.0278343748418872	3.08921132261319	0.167	0.021	1	chr12-39777327-39778263	5
0.0278343748418872	3.13185124411728	0.167	0.021	1	chr12-45647972-45648568	5
0.0278343748418872	3.4944566437043	0.167	0.021	1	chr12-60119267-60121287	5
0.0278343748418872	3.33814733402469	0.167	0.021	1	chr12-75990044-75991036	5
0.0278343748418872	3.12801663101375	0.167	0.021	1	chr12-78696062-78696835	5
0.0278343748418872	3.38324597686107	0.167	0.021	1	chr12-94874727-94875932	5
0.0278343748418872	3.39825997975037	0.167	0.021	1	chr12-115757529-115760706	5
0.0278343748418872	3.2204716883252	0.167	0.021	1	chr12-116910516-116911860	5
0.0278343748418872	3.53078097887705	0.167	0.021	1	chr13-22812661-22813966	5
0.0278343748418872	3.44596954060419	0.167	0.021	1	chr13-23570067-23571284	5
0.0278343748418872	3.27128016034529	0.167	0.021	1	chr13-30845428-30846187	5
0.0278343748418872	3.21226312375078	0.167	0.021	1	chr13-60788210-60788609	5
0.0278343748418872	3.41224574942467	0.167	0.021	1	chr13-76976055-76977328	5
0.0278343748418872	3.12411849643766	0.167	0.021	1	chr14-20697649-20698174	5
0.0278343748418872	3.24091473744896	0.167	0.021	1	chr14-41609692-41610416	5
0.0278343748418872	3.43578365798549	0.167	0.021	1	chr14-44316627-44317712	5
0.0278343748418872	3.10181540984689	0.167	0.021	1	chr14-65079055-65080201	5
0.0278343748418872	3.32382674356619	0.167	0.021	1	chr14-81610427-81611557	5
0.0278343748418872	3.08247887587918	0.167	0.021	1	chr14-91269398-91270918	5
0.0278343748418872	3.22206215596539	0.167	0.021	1	chr14-95307108-95308248	5
0.0278343748418872	3.20085368893254	0.167	0.021	1	chr14-103130623-103132959	5
0.0278343748418872	3.11605034486782	0.167	0.021	1	chr15-37891657-37892190	5
0.0278343748418872	3.42780543358639	0.167	0.021	1	chr15-47473671-47474390	5
0.0278343748418872	3.1172130655169	0.167	0.021	1	chr15-75023192-75024417	5
0.0278343748418872	3.61719375008385	0.167	0.021	1	chr16-5071243-5072843	5
0.0278343748418872	3.58905215177616	0.167	0.021	1	chr16-8863066-8864557	5
0.0278343748418872	3.21182758942584	0.167	0.021	1	chr16-47924722-47925657	5
0.0278343748418872	3.28751708172575	0.167	0.021	1	chr16-75238014-75241427	5
0.0278343748418872	3.14802378915993	0.167	0.021	1	chr16-85219966-85220956	5
0.0278343748418872	3.03548504668306	0.167	0.021	1	chr16-88524363-88528412	5
0.0278343748418872	3.179812473356	0.167	0.021	1	chr17-2686264-2687829	5
0.0278343748418872	3.24737955457259	0.167	0.021	1	chr17-6376875-6377804	5
0.0278343748418872	3.52032219685057	0.167	0.021	1	chr17-39553229-39554168	5
0.0278343748418872	3.4955573970678	0.167	0.021	1	chr17-57605457-57607283	5
0.0278343748418872	3.52585151293511	0.167	0.021	1	chr17-57662478-57663466	5
0.0278343748418872	3.15849871195089	0.167	0.021	1	chr18-13621748-13622444	5
0.0278343748418872	3.32469441654083	0.167	0.021	1	chr18-37308968-37310265	5
0.0278343748418872	3.19256927120934	0.167	0.021	1	chr18-57272909-57273791	5
0.0278343748418872	3.4312082321147	0.167	0.021	1	chr19-2034846-2037436	5
0.0278343748418872	3.0607061186736	0.167	0.021	1	chr19-4759641-4760371	5
0.0278343748418872	3.39672993404106	0.167	0.021	1	chr19-7783836-7784524	5
0.0278343748418872	3.03806231105275	0.167	0.021	1	chr19-12733227-12735248	5
0.0278343748418872	3.17360577833912	0.167	0.021	1	chr19-19477560-19478464	5
0.0278343748418872	3.41602007956227	0.167	0.021	1	chr19-33089876-33091067	5
0.0278343748418872	3.32338246926654	0.167	0.021	1	chr20-17928292-17929438	5
0.0278343748418872	3.13529531162814	0.167	0.021	1	chr20-58309227-58310602	5
0.0278343748418872	3.44012725596303	0.167	0.021	1	chr21-33894653-33895397	5
0.0278343748418872	3.12747890550198	0.167	0.021	1	chr22-21567471-21569811	5
0.0278343748418872	3.15042400242976	0.167	0.021	1	chr22-31130605-31133129	5
0.0278343748418872	3.22040360657546	0.167	0.021	1	chr22-31625715-31627197	5
0.0278343748418872	3.3023164319125	0.167	0.021	1	chr22-37613161-37614200	5
0.0278343748418872	3.42504955462817	0.167	0.021	1	chr22-48555078-48555624	5
0.0278343748418872	3.52180060061846	0.167	0.021	1	chrX-10581903-10582851	5
0.0278343748418872	3.11628882141855	0.167	0.021	1	chrX-16892691-16893253	5
0.0278343748418872	3.00953620682485	0.167	0.021	1	chrX-17499967-17500826	5
0.0278343748418872	3.34985396245922	0.167	0.021	1	chrX-120716488-120717310	5
0.0278343748418872	3.1659450541886	0.167	0.021	1	chrY-7871209-7872156	5
0.0278912098577416	1.63921048663308	0.333	0.128	1	chr6-105325792-105328032	5
0.0278912098577416	1.6798989651681	0.333	0.128	1	chr7-106068673-106070630	5
0.0280706536012713	1.98663707954367	0.278	0.064	1	chr22-40370136-40371929	5
0.0286555645280574	1.70996258314879	0.333	0.106	1	chr2-232890174-232891996	5
0.0286555645280574	1.75514368079235	0.333	0.106	1	chr13-29495900-29496892	5
0.028920937721209	1.57978145090162	0.389	0.17	1	chr6-159691247-159694685	5
0.0294739897855782	1.09530268704313	0.556	0.34	1	chr3-160564125-160566721	5
0.0296411557050154	2.32196522118457	0.222	0.043	1	chr2-113370408-113371022	5
0.0296411557050154	2.37142043545462	0.222	0.043	1	chr4-24657968-24660166	5
0.0296411557050154	2.32963804930522	0.222	0.043	1	chr4-38318532-38320478	5
0.0296411557050154	2.37073217711596	0.222	0.043	1	chr4-122086249-122087573	5
0.0296411557050154	2.3545060146833	0.222	0.043	1	chr10-28254226-28255258	5
0.0296411557050154	2.32799467173331	0.222	0.043	1	chr10-79448864-79450331	5
0.0296411557050154	2.2594488233534	0.222	0.043	1	chr11-22456662-22457874	5
0.0296411557050154	2.37172478603794	0.222	0.043	1	chr11-68405824-68407426	5
0.0296411557050154	2.35361593120742	0.222	0.043	1	chr12-12016928-12018782	5
0.0296411557050154	2.1874734350949	0.222	0.043	1	chr22-36394592-36396487	5
0.0296411557050154	2.26439151612211	0.222	0.043	1	chrX-106801866-106803566	5
0.0296411557050154	2.20943025544378	0.222	0.043	1	chrX-120628729-120630757	5
0.0297935788596048	1.83855165596224	0.278	0.085	1	chr6-44730418-44732450	5
0.0297935788596048	2.00208457772826	0.278	0.085	1	chr6-89637851-89639285	5
0.0297935788596048	1.96843767116828	0.278	0.085	1	chr22-37559881-37564768	5
0.0298727681105603	1.28242767824845	0.444	0.191	1	chr1-225809544-225814050	5
0.0299089227233867	1.37155133993866	0.389	0.149	1	chr16-2081596-2083047	5
0.0299370378931928	1.26651477177103	0.5	0.255	1	chr7-44998951-45002308	5
0.0299370378931928	1.24450169484306	0.5	0.255	1	chr8-134711135-134713982	5
0.0303303148198064	1.66784213379369	0.333	0.106	1	chr1-95233408-95235136	5
0.0304104470267457	1.45902100607514	0.389	0.17	1	chr10-72330794-72332902	5
0.0304104470267457	1.4618486647188	0.389	0.17	1	chr10-79259936-79262415	5
0.0304322036750268	3.05537108786729	0.167	0.021	1	chr1-9755300-9756180	5
0.0304322036750268	3.07006248579159	0.167	0.021	1	chr1-61042702-61043524	5
0.0304322036750268	3.04460347590966	0.167	0.021	1	chr1-152776558-152777546	5
0.0304322036750268	3.0170660563933	0.167	0.021	1	chr1-160780397-160782614	5
0.0304322036750268	3.0112727226204	0.167	0.021	1	chr1-167555814-167556701	5
0.0304322036750268	3.02131795630484	0.167	0.021	1	chr1-167565608-167566289	5
0.0304322036750268	3.04964501239696	0.167	0.021	1	chr1-192489667-192490259	5
0.0304322036750268	3.00877401939887	0.167	0.021	1	chr1-193096505-193097906	5
0.0304322036750268	3.07978001349842	0.167	0.021	1	chr1-206029241-206031346	5
0.0304322036750268	3.08256353761316	0.167	0.021	1	chr1-219514680-219515461	5
0.0304322036750268	2.95721497763043	0.167	0.021	1	chr2-14693565-14694339	5
0.0304322036750268	3.00696826058695	0.167	0.021	1	chr2-143284041-143284516	5
0.0304322036750268	3.00344639237727	0.167	0.021	1	chr2-200376378-200379355	5
0.0304322036750268	3.01235617783589	0.167	0.021	1	chr3-377054-377728	5
0.0304322036750268	2.93723325709649	0.167	0.021	1	chr3-24237532-24238474	5
0.0304322036750268	2.99060151123792	0.167	0.021	1	chr3-24372628-24373923	5
0.0304322036750268	2.95865288072268	0.167	0.021	1	chr3-41010489-41011230	5
0.0304322036750268	3.05603041064082	0.167	0.021	1	chr3-69116446-69117430	5
0.0304322036750268	2.94505767111142	0.167	0.021	1	chr3-104596502-104597040	5
0.0304322036750268	2.98334202062533	0.167	0.021	1	chr3-138569592-138570134	5
0.0304322036750268	2.92068318615909	0.167	0.021	1	chr3-150183861-150184788	5
0.0304322036750268	2.95460468649577	0.167	0.021	1	chr4-8227838-8229286	5
0.0304322036750268	2.95242757537263	0.167	0.021	1	chr4-39634861-39635735	5
0.0304322036750268	3.22735808035932	0.167	0.021	1	chr4-54050785-54051944	5
0.0304322036750268	2.98772166793497	0.167	0.021	1	chr4-82499640-82501053	5
0.0304322036750268	3.05350480817089	0.167	0.021	1	chr4-87103514-87105929	5
0.0304322036750268	2.96863145261265	0.167	0.021	1	chr4-91279821-91280532	5
0.0304322036750268	3.09617840353107	0.167	0.021	1	chr4-93182652-93184682	5
0.0304322036750268	3.03640913512157	0.167	0.021	1	chr4-138175074-138175916	5
0.0304322036750268	3.07751235188374	0.167	0.021	1	chr4-186593102-186593799	5
0.0304322036750268	3.00852556939903	0.167	0.021	1	chr5-122029838-122030675	5
0.0304322036750268	3.02025478624642	0.167	0.021	1	chr5-128782158-128783070	5
0.0304322036750268	2.99878451943338	0.167	0.021	1	chr5-132214940-132216029	5
0.0304322036750268	3.00889352560268	0.167	0.021	1	chr5-133801922-133802955	5
0.0304322036750268	3.145450635642	0.167	0.021	1	chr5-144549023-144550220	5
0.0304322036750268	3.01261578513354	0.167	0.021	1	chr5-154077230-154078961	5
0.0304322036750268	2.98853835328859	0.167	0.021	1	chr5-172169888-172171057	5
0.0304322036750268	2.99108492235203	0.167	0.021	1	chr5-172707103-172707824	5
0.0304322036750268	3.11997893125132	0.167	0.021	1	chr5-178075665-178076718	5
0.0304322036750268	3.03641549208851	0.167	0.021	1	chr6-1609233-1611015	5
0.0304322036750268	2.96172987559141	0.167	0.021	1	chr6-18209546-18210472	5
0.0304322036750268	3.01934547120943	0.167	0.021	1	chr6-25006447-25007142	5
0.0304322036750268	2.8919765902728	0.167	0.021	1	chr6-39156041-39158660	5
0.0304322036750268	2.99859892640868	0.167	0.021	1	chr6-49556415-49558627	5
0.0304322036750268	3.11950884635867	0.167	0.021	1	chr6-57287883-57288858	5
0.0304322036750268	3.13999570805871	0.167	0.021	1	chr6-82363164-82365785	5
0.0304322036750268	2.97061953696597	0.167	0.021	1	chr6-144149921-144150844	5
0.0304322036750268	3.18238474819747	0.167	0.021	1	chr7-46071885-46073194	5
0.0304322036750268	2.97679358141564	0.167	0.021	1	chr7-50479074-50481075	5
0.0304322036750268	3.0011412023573	0.167	0.021	1	chr7-70614157-70615442	5
0.0304322036750268	2.95114286019627	0.167	0.021	1	chr7-127945817-127946872	5
0.0304322036750268	3.03349876937439	0.167	0.021	1	chr7-132580270-132581349	5
0.0304322036750268	3.054214279908	0.167	0.021	1	chr7-137070871-137071386	5
0.0304322036750268	3.03839484498508	0.167	0.021	1	chr8-11933235-11934861	5
0.0304322036750268	3.01606998220153	0.167	0.021	1	chr8-21036255-21037252	5
0.0304322036750268	2.99165414967085	0.167	0.021	1	chr8-50003639-50004608	5
0.0304322036750268	3.08635918323416	0.167	0.021	1	chr8-55219028-55219663	5
0.0304322036750268	3.01837948540879	0.167	0.021	1	chr8-143552993-143554434	5
0.0304322036750268	3.13395305304136	0.167	0.021	1	chr9-72009496-72010364	5
0.0304322036750268	2.93736999027131	0.167	0.021	1	chr9-115291714-115292831	5
0.0304322036750268	3.0985184505867	0.167	0.021	1	chr10-15601682-15602344	5
0.0304322036750268	3.22404293774304	0.167	0.021	1	chr10-48604098-48605736	5
0.0304322036750268	3.02082923972846	0.167	0.021	1	chr10-55100556-55101656	5
0.0304322036750268	3.01237171455614	0.167	0.021	1	chr10-58414458-58415154	5
0.0304322036750268	2.97776188991297	0.167	0.021	1	chr10-78837812-78838544	5
0.0304322036750268	2.96394300916376	0.167	0.021	1	chr10-80100629-80101461	5
0.0304322036750268	2.97087054154631	0.167	0.021	1	chr10-80377950-80378694	5
0.0304322036750268	3.04115421446221	0.167	0.021	1	chr10-102728850-102729734	5
0.0304322036750268	3.16121642598714	0.167	0.021	1	chr10-121069450-121072129	5
0.0304322036750268	3.21604615594743	0.167	0.021	1	chr11-11555055-11555873	5
0.0304322036750268	3.06386522289665	0.167	0.021	1	chr11-20100295-20101188	5
0.0304322036750268	3.17866619463122	0.167	0.021	1	chr11-31985967-31986770	5
0.0304322036750268	3.02806139933433	0.167	0.021	1	chr11-76229484-76230343	5
0.0304322036750268	3.00394621089901	0.167	0.021	1	chr12-48296404-48297308	5
0.0304322036750268	3.11272151825109	0.167	0.021	1	chr13-36965722-36966257	5
0.0304322036750268	3.06878656881289	0.167	0.021	1	chr13-72561846-72562309	5
0.0304322036750268	3.14862099672121	0.167	0.021	1	chr14-70586991-70588191	5
0.0304322036750268	2.99999147041368	0.167	0.021	1	chr14-78341297-78342466	5
0.0304322036750268	3.1017832503944	0.167	0.021	1	chr14-93799451-93800992	5
0.0304322036750268	2.9588996228026	0.167	0.021	1	chr14-100111559-100112688	5
0.0304322036750268	2.99645213392186	0.167	0.021	1	chr15-25800282-25801199	5
0.0304322036750268	3.0260953340744	0.167	0.021	1	chr15-73601301-73602565	5
0.0304322036750268	2.99351231665182	0.167	0.021	1	chr16-4500100-4501641	5
0.0304322036750268	2.93514330245488	0.167	0.021	1	chr16-15653071-15653771	5
0.0304322036750268	3.03421643381928	0.167	0.021	1	chr16-30844599-30845574	5
0.0304322036750268	3.06706362011978	0.167	0.021	1	chr17-41835413-41836758	5
0.0304322036750268	3.05124639379512	0.167	0.021	1	chr17-67605125-67607436	5
0.0304322036750268	3.09980482467507	0.167	0.021	1	chr18-9898901-9899536	5
0.0304322036750268	2.93844556432046	0.167	0.021	1	chr18-75201217-75202447	5
0.0304322036750268	2.92393774937475	0.167	0.021	1	chr18-75922897-75923751	5
0.0304322036750268	3.02521759750624	0.167	0.021	1	chr19-15195198-15196516	5
0.0304322036750268	2.9848789418259	0.167	0.021	1	chr20-4919083-4919976	5
0.0304322036750268	2.99151181837499	0.167	0.021	1	chr20-9166052-9166845	5
0.0304322036750268	3.16003262531177	0.167	0.021	1	chr20-11273934-11274550	5
0.0304322036750268	3.11377625575762	0.167	0.021	1	chr20-36573335-36576038	5
0.0304322036750268	2.97154612248414	0.167	0.021	1	chr20-50824013-50824801	5
0.0304322036750268	3.09329589369555	0.167	0.021	1	chr21-17575918-17576731	5
0.0304322036750268	2.9828445018486	0.167	0.021	1	chr21-35940001-35940759	5
0.0304322036750268	3.01635468820547	0.167	0.021	1	chr22-17653955-17654729	5
0.0304322036750268	2.97450070622977	0.167	0.021	1	chr22-28817913-28820108	5
0.0304322036750268	2.99238542879339	0.167	0.021	1	chrX-2751684-2752269	5
0.0304322036750268	2.98140723523426	0.167	0.021	1	chrX-6187049-6187816	5
0.0304322036750268	2.90735886794144	0.167	0.021	1	chrX-74437288-74437980	5
0.0304322036750268	2.96998527338165	0.167	0.021	1	chrX-119094190-119094910	5
0.0314835651020462	1.41193309913444	0.389	0.149	1	chr1-212790416-212792938	5
0.0314835651020462	1.46091985002463	0.389	0.149	1	chr2-99488403-99490988	5
0.0316811926021061	1.85622967346653	0.278	0.085	1	chr2-149586891-149588552	5
0.0316811926021061	1.91798028588783	0.278	0.085	1	chr6-45376878-45378818	5
0.0316811926021061	1.96167832194923	0.278	0.085	1	chr8-78804117-78805702	5
0.0317292367996653	1.10447285291088	0.5	0.277	1	chr8-98943333-98946437	5
0.0319001102485616	2.24165766324825	0.222	0.043	1	chr1-223123405-223124294	5
0.0319001102485616	2.24196364100338	0.222	0.043	1	chr3-152385466-152387132	5
0.0319001102485616	2.29412945816605	0.222	0.043	1	chr10-95388152-95389213	5
0.0319001102485616	2.26935489418942	0.222	0.043	1	chr11-102666241-102666797	5
0.0319590711036635	1.85061057060078	0.278	0.064	1	chr6-149845173-149848156	5
0.0320884750911292	1.64892075369153	0.333	0.106	1	chr8-6338538-6339713	5
0.0320884750911292	1.60173512243628	0.333	0.106	1	chr19-41957535-41959867	5
0.0328560134170547	1.28781846322397	0.444	0.191	1	chr19-21505238-21506444	5
0.03285722202379	1.72434487145949	0.333	0.128	1	chr17-17691678-17696077	5
0.0331287928041838	1.49773663092943	0.389	0.149	1	chr3-138608054-138610092	5
0.0332356298794078	2.82995047953727	0.167	0.021	1	chr1-2480228-2481869	5
0.0332356298794078	2.88044195377323	0.167	0.021	1	chr1-7339714-7340502	5
0.0332356298794078	2.88367078563883	0.167	0.021	1	chr1-37752181-37753628	5
0.0332356298794078	2.92998490893846	0.167	0.021	1	chr1-154156983-154158212	5
0.0332356298794078	2.91586716970466	0.167	0.021	1	chr1-156805870-156806786	5
0.0332356298794078	2.93241075955654	0.167	0.021	1	chr1-176374744-176375464	5
0.0332356298794078	2.88363026353629	0.167	0.021	1	chr1-188769510-188770566	5
0.0332356298794078	2.95805588411141	0.167	0.021	1	chr1-246159736-246162315	5
0.0332356298794078	2.97301349006457	0.167	0.021	1	chr2-589532-589966	5
0.0332356298794078	2.96246519869324	0.167	0.021	1	chr2-1633041-1634031	5
0.0332356298794078	2.83866713176633	0.167	0.021	1	chr2-74860826-74863082	5
0.0332356298794078	2.98894504969078	0.167	0.021	1	chr2-85728881-85729562	5
0.0332356298794078	2.88177635503571	0.167	0.021	1	chr2-98805450-98806895	5
0.0332356298794078	2.87474884901502	0.167	0.021	1	chr2-109185304-109186252	5
0.0332356298794078	2.78760140784415	0.167	0.021	1	chr2-150847326-150848315	5
0.0332356298794078	2.83684632794728	0.167	0.021	1	chr2-222994157-222994850	5
0.0332356298794078	2.90874925266281	0.167	0.021	1	chr3-19933792-19934635	5
0.0332356298794078	2.83746900832331	0.167	0.021	1	chr3-25647795-25648708	5
0.0332356298794078	2.92784214779008	0.167	0.021	1	chr3-107216635-107217452	5
0.0332356298794078	2.96892404282389	0.167	0.021	1	chr3-117407279-117407777	5
0.0332356298794078	3.00512503970453	0.167	0.021	1	chr3-133393048-133395457	5
0.0332356298794078	3.03006814671354	0.167	0.021	1	chr3-192273319-192274091	5
0.0332356298794078	2.93104447324131	0.167	0.021	1	chr3-197234913-197235613	5
0.0332356298794078	2.83467430178398	0.167	0.021	1	chr4-27364395-27366693	5
0.0332356298794078	2.9177927764125	0.167	0.021	1	chr4-88078103-88079208	5
0.0332356298794078	2.79514305675174	0.167	0.021	1	chr4-154626552-154627469	5
0.0332356298794078	2.9029988913141	0.167	0.021	1	chr5-16670952-16671946	5
0.0332356298794078	2.87224294334759	0.167	0.021	1	chr5-81171536-81173174	5
0.0332356298794078	2.76587331791439	0.167	0.021	1	chr5-96246932-96248341	5
0.0332356298794078	2.89138908747111	0.167	0.021	1	chr5-159463815-159464542	5
0.0332356298794078	2.89971087934782	0.167	0.021	1	chr5-170253646-170254934	5
0.0332356298794078	2.80473074717281	0.167	0.021	1	chr5-172280257-172281444	5
0.0332356298794078	2.74679344193726	0.167	0.021	1	chr6-617139-617989	5
0.0332356298794078	2.93922678048183	0.167	0.021	1	chr6-29752278-29753976	5
0.0332356298794078	3.0050228677757	0.167	0.021	1	chr6-106858558-106859219	5
0.0332356298794078	2.76658875472448	0.167	0.021	1	chr6-166951058-166951808	5
0.0332356298794078	2.96435738489602	0.167	0.021	1	chr7-6630046-6631073	5
0.0332356298794078	2.8314701299762	0.167	0.021	1	chr7-13414413-13415319	5
0.0332356298794078	2.81159689848108	0.167	0.021	1	chr7-106064665-106066379	5
0.0332356298794078	3.02098027359867	0.167	0.021	1	chr8-61584091-61586052	5
0.0332356298794078	2.90225461624433	0.167	0.021	1	chr8-120266066-120266874	5
0.0332356298794078	2.95181135251189	0.167	0.021	1	chr8-140303137-140304238	5
0.0332356298794078	3.03954780911567	0.167	0.021	1	chr8-140507413-140508854	5
0.0332356298794078	2.72267496390594	0.167	0.021	1	chr9-88258052-88259138	5
0.0332356298794078	2.76816871284838	0.167	0.021	1	chr9-105901369-105902132	5
0.0332356298794078	2.88888003220072	0.167	0.021	1	chr9-107710919-107712026	5
0.0332356298794078	2.91348247140304	0.167	0.021	1	chr9-112097604-112098357	5
0.0332356298794078	2.80716831350178	0.167	0.021	1	chr10-60199785-60200933	5
0.0332356298794078	2.95468902092274	0.167	0.021	1	chr10-101835746-101836575	5
0.0332356298794078	2.89600217116504	0.167	0.021	1	chr10-124703356-124704237	5
0.0332356298794078	2.95458781342654	0.167	0.021	1	chr11-9059157-9060725	5
0.0332356298794078	3.03468050502706	0.167	0.021	1	chr11-17048242-17048993	5
0.0332356298794078	2.95284938824707	0.167	0.021	1	chr11-61472271-61474083	5
0.0332356298794078	2.92832826118423	0.167	0.021	1	chr11-62678523-62679592	5
0.0332356298794078	2.88923535664015	0.167	0.021	1	chr11-75717824-75719534	5
0.0332356298794078	2.9335098391168	0.167	0.021	1	chr11-133057267-133059085	5
0.0332356298794078	2.91850059933357	0.167	0.021	1	chr11-134258408-134259248	5
0.0332356298794078	2.92710211123245	0.167	0.021	1	chr12-10926081-10926597	5
0.0332356298794078	2.87349373517288	0.167	0.021	1	chr12-26124581-26127021	5
0.0332356298794078	2.79982960544476	0.167	0.021	1	chr12-30705113-30707318	5
0.0332356298794078	2.94930351410149	0.167	0.021	1	chr12-52327217-52328176	5
0.0332356298794078	2.93032315273251	0.167	0.021	1	chr12-69101253-69102255	5
0.0332356298794078	3.00378665006992	0.167	0.021	1	chr12-107457191-107458914	5
0.0332356298794078	2.92665210937205	0.167	0.021	1	chr12-113239232-113240644	5
0.0332356298794078	2.80101181262945	0.167	0.021	1	chr12-117033411-117034591	5
0.0332356298794078	2.90392020429765	0.167	0.021	1	chr13-112711349-112712494	5
0.0332356298794078	2.89332954497969	0.167	0.021	1	chr14-57982713-57983389	5
0.0332356298794078	2.87524976503354	0.167	0.021	1	chr14-88023923-88025610	5
0.0332356298794078	2.7958230492626	0.167	0.021	1	chr14-100388619-100390128	5
0.0332356298794078	2.91090509169922	0.167	0.021	1	chr15-42092800-42093561	5
0.0332356298794078	2.81427627203611	0.167	0.021	1	chr15-45921373-45922421	5
0.0332356298794078	2.85668219803313	0.167	0.021	1	chr15-65651723-65652875	5
0.0332356298794078	2.88717117473048	0.167	0.021	1	chr16-48284272-48285608	5
0.0332356298794078	2.64406430706615	0.167	0.021	1	chr16-55963554-55966574	5
0.0332356298794078	2.90755503277858	0.167	0.021	1	chr16-86783438-86784413	5
0.0332356298794078	2.92250408864894	0.167	0.021	1	chr17-17900439-17901326	5
0.0332356298794078	2.92078708795996	0.167	0.021	1	chr17-28969982-28971909	5
0.0332356298794078	2.88681190872273	0.167	0.021	1	chr17-39952375-39953754	5
0.0332356298794078	2.8719633016827	0.167	0.021	1	chr18-22608172-22610244	5
0.0332356298794078	2.87170858388244	0.167	0.021	1	chr19-47745164-47746021	5
0.0332356298794078	2.89757664619188	0.167	0.021	1	chr19-48390500-48391981	5
0.0332356298794078	2.92627476531846	0.167	0.021	1	chr20-40945752-40946412	5
0.0332356298794078	2.81409759242812	0.167	0.021	1	chr21-16324661-16327494	5
0.0332356298794078	2.9158067885334	0.167	0.021	1	chr22-27851709-27852698	5
0.0332356298794078	2.934331123381	0.167	0.021	1	chrX-119494125-119495140	5
0.0335796084867502	1.28568885866803	0.5	0.234	1	chr11-57798747-57801340	5
0.0335879852919286	1.39074044033725	0.389	0.17	1	chr1-70220673-70222430	5
0.0336704504031235	1.82314298969977	0.278	0.085	1	chr1-223732427-223734983	5
0.0336704504031235	1.9316430039567	0.278	0.085	1	chr7-22821430-22823413	5
0.0336704504031235	2.09022623653755	0.278	0.085	1	chr10-91608041-91609624	5
0.0336704504031235	1.8007942249193	0.278	0.085	1	chr15-42046242-42047213	5
0.0339332701314727	1.61368877986286	0.333	0.106	1	chr8-796314-799604	5
0.0339332701314727	1.69141049420113	0.333	0.106	1	chr8-30743280-30744968	5
0.0341252157361935	1.12991709076722	0.556	0.277	1	chr3-11769644-11771745	5
0.0343050748342719	2.24089924227863	0.222	0.043	1	chr2-230730675-230731771	5
0.0343050748342719	2.2137346017521	0.222	0.043	1	chr4-55378779-55379773	5
0.0343050748342719	2.2156350883472	0.222	0.043	1	chr5-73564559-73566402	5
0.0343050748342719	2.26053932217138	0.222	0.043	1	chr5-117880556-117882177	5
0.0343050748342719	2.24414971087864	0.222	0.043	1	chr7-41059016-41060132	5
0.0346726911062187	1.62447372345201	0.333	0.128	1	chr3-142148128-142150009	5
0.0346726911062187	1.5666742036652	0.333	0.128	1	chr6-111604219-111607305	5
0.0346726911062187	1.59037188239501	0.333	0.128	1	chr10-122154061-122157028	5
0.0357004102134838	1.22737211275205	0.5	0.255	1	chr4-37684821-37687667	5
0.0357004102134838	1.07655095680356	0.5	0.255	1	chrX-81119955-81122504	5
0.0357655765121929	1.77748248019387	0.278	0.085	1	chr1-206112428-206113772	5
0.0357655765121929	1.80872259422641	0.278	0.085	1	chr4-6470028-6473090	5
0.0357655765121929	1.91900731258634	0.278	0.085	1	chr5-134058543-134060258	5
0.0357655765121929	1.85363594463614	0.278	0.085	1	chr8-108247867-108249529	5
0.0357655765121929	1.7886800420834	0.278	0.085	1	chr17-4638543-4639863	5
0.0358679942365643	1.67540726793827	0.333	0.106	1	chr15-40419933-40422528	5
0.0360907548154014	1.25683475444031	0.444	0.191	1	chr7-151551900-151553498	5
0.0362571804058481	2.77281532569847	0.167	0.021	1	chr1-15846957-15850738	5
0.0362571804058481	2.93580086857779	0.167	0.021	1	chr1-26743969-26744541	5
0.0362571804058481	2.82705978041976	0.167	0.021	1	chr1-40410979-40411719	5
0.0362571804058481	2.78213611565732	0.167	0.021	1	chr1-200907791-200909395	5
0.0362571804058481	2.87608483509748	0.167	0.021	1	chr1-209807903-209808734	5
0.0362571804058481	2.73468043852654	0.167	0.021	1	chr1-215583068-215584123	5
0.0362571804058481	2.78616708949847	0.167	0.021	1	chr1-230206734-230209534	5
0.0362571804058481	2.72968701964128	0.167	0.021	1	chr1-241557885-241559218	5
0.0362571804058481	2.70383410950826	0.167	0.021	1	chr2-26302689-26303363	5
0.0362571804058481	2.84577579160869	0.167	0.021	1	chr2-201357105-201357818	5
0.0362571804058481	2.62406196922233	0.167	0.021	1	chr2-235050611-235051833	5
0.0362571804058481	2.768044473059	0.167	0.021	1	chr3-47522011-47523568	5
0.0362571804058481	2.78697168983081	0.167	0.021	1	chr3-75329437-75330809	5
0.0362571804058481	2.88649180573125	0.167	0.021	1	chr3-89081015-89082494	5
0.0362571804058481	2.6871041026143	0.167	0.021	1	chr3-97579156-97580457	5
0.0362571804058481	2.65231025045781	0.167	0.021	1	chr3-112136822-112138271	5
0.0362571804058481	2.83126763172658	0.167	0.021	1	chr3-123782950-123784242	5
0.0362571804058481	2.91981615695217	0.167	0.021	1	chr3-142866677-142867461	5
0.0362571804058481	2.83160302727708	0.167	0.021	1	chr4-13705355-13706305	5
0.0362571804058481	2.80238969193096	0.167	0.021	1	chr4-32024147-32025184	5
0.0362571804058481	2.87879254030857	0.167	0.021	1	chr4-79682265-79683548	5
0.0362571804058481	2.73308758209397	0.167	0.021	1	chr4-122500601-122501567	5
0.0362571804058481	2.76245297434659	0.167	0.021	1	chr5-31660833-31662177	5
0.0362571804058481	2.42739592928029	0.167	0.021	1	chr5-40108064-40110329	5
0.0362571804058481	2.77664172103981	0.167	0.021	1	chr5-77281811-77283174	5
0.0362571804058481	2.92876439106086	0.167	0.021	1	chr5-82983774-82985498	5
0.0362571804058481	2.78142033185013	0.167	0.021	1	chr5-122252047-122252912	5
0.0362571804058481	2.74436589354424	0.167	0.021	1	chr5-159510250-159512466	5
0.0362571804058481	2.73038132996267	0.167	0.021	1	chr6-13848551-13849575	5
0.0362571804058481	2.75436431659599	0.167	0.021	1	chr6-38140892-38141670	5
0.0362571804058481	2.72396686960306	0.167	0.021	1	chr6-41568396-41569442	5
0.0362571804058481	2.82795368694662	0.167	0.021	1	chr6-77700039-77700889	5
0.0362571804058481	2.6024320391859	0.167	0.021	1	chr6-80638491-80639190	5
0.0362571804058481	2.75398330498909	0.167	0.021	1	chr6-147507792-147509218	5
0.0362571804058481	2.86957217857218	0.167	0.021	1	chr6-169904897-169906065	5
0.0362571804058481	2.78885450752376	0.167	0.021	1	chr7-1473682-1474651	5
0.0362571804058481	2.72589600402415	0.167	0.021	1	chr7-33733691-33734673	5
0.0362571804058481	2.7692516446921	0.167	0.021	1	chr7-55100986-55102254	5
0.0362571804058481	2.67418776200449	0.167	0.021	1	chr7-68664790-68666180	5
0.0362571804058481	2.76647381981338	0.167	0.021	1	chr7-114922098-114924013	5
0.0362571804058481	2.85137098749892	0.167	0.021	1	chr8-26409288-26410601	5
0.0362571804058481	2.80459048762368	0.167	0.021	1	chr8-37072938-37075696	5
0.0362571804058481	2.73240206570831	0.167	0.021	1	chr8-42492222-42494229	5
0.0362571804058481	2.89360930098858	0.167	0.021	1	chr9-2857516-2858076	5
0.0362571804058481	2.78447042377349	0.167	0.021	1	chr9-3181034-3182078	5
0.0362571804058481	2.91654511133755	0.167	0.021	1	chr9-136787553-136789819	5
0.0362571804058481	2.82707603044495	0.167	0.021	1	chr10-23516454-23516940	5
0.0362571804058481	2.87345938406482	0.167	0.021	1	chr10-24457621-24458483	5
0.0362571804058481	2.79404544162248	0.167	0.021	1	chr10-65090804-65091564	5
0.0362571804058481	2.7114189469836	0.167	0.021	1	chr10-79341935-79343640	5
0.0362571804058481	2.61431746396607	0.167	0.021	1	chr10-92756295-92759046	5
0.0362571804058481	2.81811629824522	0.167	0.021	1	chr11-2305070-2305926	5
0.0362571804058481	2.7572807232823	0.167	0.021	1	chr11-35101025-35101856	5
0.0362571804058481	2.89177937060767	0.167	0.021	1	chr11-108857184-108857848	5
0.0362571804058481	2.65782041372304	0.167	0.021	1	chr12-11839992-11840849	5
0.0362571804058481	2.81680347672162	0.167	0.021	1	chr12-54187023-54187566	5
0.0362571804058481	2.8699720938828	0.167	0.021	1	chr12-99824765-99825779	5
0.0362571804058481	2.79797520738878	0.167	0.021	1	chr12-103548406-103549068	5
0.0362571804058481	2.64599388901919	0.167	0.021	1	chr12-106135914-106136624	5
0.0362571804058481	2.488815629552	0.167	0.021	1	chr12-122859986-122861081	5
0.0362571804058481	2.83943670862132	0.167	0.021	1	chr13-32682532-32683468	5
0.0362571804058481	2.76178968249223	0.167	0.021	1	chr14-26173358-26174309	5
0.0362571804058481	2.68724193661674	0.167	0.021	1	chr14-33589050-33589830	5
0.0362571804058481	2.63908241794436	0.167	0.021	1	chr14-73723419-73724753	5
0.0362571804058481	2.70517880447214	0.167	0.021	1	chr15-61367858-61368430	5
0.0362571804058481	2.82873773091256	0.167	0.021	1	chr17-50588747-50591449	5
0.0362571804058481	2.42548677852427	0.167	0.021	1	chr17-77311342-77314030	5
0.0362571804058481	2.82143654825233	0.167	0.021	1	chr18-78430293-78430964	5
0.0362571804058481	2.70848234881885	0.167	0.021	1	chr19-7915736-7917357	5
0.0362571804058481	2.8601797233507	0.167	0.021	1	chr20-9555615-9556230	5
0.0362571804058481	2.72591200918254	0.167	0.021	1	chr21-46461740-46462461	5
0.0362571804058481	2.87435858572162	0.167	0.021	1	chr22-19825836-19827706	5
0.0362571804058481	2.83585519203533	0.167	0.021	1	chr22-22770132-22771063	5
0.0362571804058481	2.68934128072573	0.167	0.021	1	chr22-23256587-23257688	5
0.0362571804058481	2.87180487095157	0.167	0.021	1	chrX-9595055-9595599	5
0.0362571804058481	2.90365451676662	0.167	0.021	1	chrX-155259649-155260228	5
0.0362571804058481	2.8128922554932	0.167	0.021	1	chrY-7818874-7819404	5
0.0365164094729296	1.31459190579037	0.444	0.213	1	chr4-1344293-1349309	5
0.0365731553829462	1.50231424061213	0.333	0.128	1	chr6-41577633-41579450	5
0.0365731553829462	1.6264673011438	0.333	0.128	1	chr7-12403057-12404838	5
0.0365731553829462	1.51856612890324	0.333	0.128	1	chr12-54358098-54359947	5
0.0366408498359218	1.4284010291885	0.389	0.149	1	chr19-1452923-1456619	5
0.0368633060566019	2.08055984710018	0.222	0.043	1	chr5-157912546-157913630	5
0.0368633060566019	2.04266907966872	0.222	0.043	1	chr7-156544756-156546404	5
0.0368633060566019	2.11742296780995	0.222	0.043	1	chr12-116528800-116529843	5
0.0370453220555633	1.34225524006375	0.389	0.17	1	chr8-38733470-38736337	5
0.037280991524339	1.10781623703142	0.5	0.255	1	chr3-51384080-51386865	5
0.0378074648777801	1.22463324487568	0.444	0.191	1	chr1-223844723-223847296	5
0.0378960095174037	1.53054005051077	0.333	0.106	1	chr1-43171233-43173139	5
0.0378960095174037	1.63238183128503	0.333	0.106	1	chr6-57171746-57174463	5
0.0379305427134878	0.962497694227422	0.611	0.298	1	chr5-65623342-65626508	5
0.0379708904785987	1.78761728577872	0.278	0.085	1	chr1-78003227-78006129	5
0.0379708904785987	1.73533848837337	0.278	0.085	1	chr1-229223321-229224869	5
0.0379708904785987	1.96039841687844	0.278	0.085	1	chr2-167508921-167510485	5
0.0379708904785987	1.80248525108884	0.278	0.085	1	chr3-46981560-46982858	5
0.0379708904785987	1.82428078237616	0.278	0.085	1	chr5-154833794-154836048	5
0.0379708904785987	1.71038714455932	0.278	0.085	1	chr14-21024120-21025549	5
0.0379708904785987	1.91226689246495	0.278	0.085	1	chr15-52331333-52332235	5
0.0379708904785987	1.9125983019722	0.278	0.085	1	chr19-29389030-29390351	5
0.0379708904785987	1.87229144112381	0.278	0.085	1	chr22-37887335-37888259	5
0.0379708904785987	1.69615136359373	0.278	0.085	1	chrX-47658345-47659726	5
0.038487066761709	0.935466054745942	0.611	0.362	1	chr6-63570154-63574856	5
0.0385616607164944	1.56312631595827	0.333	0.128	1	chr5-180595255-180597429	5
0.0385616607164944	1.45181974035889	0.333	0.128	1	chr10-82660795-82661457	5
0.0386915552170192	1.28293169139515	0.389	0.213	1	chr11-62645034-62647383	5
0.038884736075265	1.52212378897885	0.389	0.17	1	chr1-161116976-161120425	5
0.0393526706585662	0.687875627516216	0.778	0.553	1	chr1-155123709-155137365	5
0.0395070982695211	1.01587427907253	0.5	0.34	1	chr3-39405820-39417996	5
0.0399801068783944	1.21945244841239	0.444	0.213	1	chr21-36186337-36189294	5
0.0400207439869614	1.48949887483392	0.333	0.106	1	chr22-23521076-23522511	5
0.0402908042694077	1.79763420189807	0.278	0.085	1	chr3-27680695-27681896	5
0.0402908042694077	1.84868389323836	0.278	0.085	1	chr7-50597215-50603911	5
0.0402908042694077	1.72253421353545	0.278	0.085	1	chr12-10673381-10674748	5
0.0402908042694077	1.75041413749311	0.278	0.085	1	chr14-44452185-44454111	5
0.0402908042694077	1.78834107268285	0.278	0.085	1	chr20-50415017-50416441	5
0.0406213789860654	1.06839952005078	0.5	0.255	1	chr4-48339526-48343420	5
0.0406413095471343	1.57931857760513	0.333	0.128	1	chr12-47818933-47821217	5
0.0406413095471343	1.54005228447683	0.333	0.128	1	chr22-25400501-25401601	5
0.0408011657999081	1.37114216075727	0.389	0.17	1	chr12-82357325-82360056	5
0.0410070861269203	1.14043045572963	0.5	0.277	1	chr3-96812811-96816533	5
0.0412507723517067	0.970712564265572	0.556	0.298	1	chr3-33095339-33098005	5
0.041326672826775	0.955825752465759	0.556	0.362	1	chr4-88282633-88285512	5
0.0418140032544721	1.17522354554808	0.444	0.213	1	chr10-73095387-73097783	5
0.0418140032544721	1.1394888682054	0.444	0.213	1	chr17-81865385-81873206	5
0.0422456894187397	1.51179431379165	0.333	0.106	1	chr13-21296879-21299604	5
0.0425010622061155	1.36421551029483	0.389	0.149	1	chr8-43092210-43094513	5
0.0427298190099981	1.81255594897669	0.278	0.085	1	chr1-224622096-224623294	5
0.0427298190099981	1.78191888627008	0.278	0.085	1	chr3-14724593-14726273	5
0.0427298190099981	1.77789490818598	0.278	0.085	1	chr5-151569369-151571698	5
0.0427298190099981	1.75265653675521	0.278	0.085	1	chr5-173823813-173825653	5
0.0427298190099981	1.72897981447559	0.278	0.085	1	chr7-5189660-5191043	5
0.0427298190099981	1.80070666461505	0.278	0.085	1	chr8-106725572-106726482	5
0.0427298190099981	1.7418462235089	0.278	0.085	1	chr12-118052237-118053103	5
0.0427298190099981	1.85917639113126	0.278	0.085	1	chr15-55992841-55994553	5
0.0427298190099981	1.76672915242916	0.278	0.085	1	chr17-76540387-76541475	5
0.0427298190099981	1.78349203467609	0.278	0.085	1	chr19-8000248-8002885	5
0.0427970485359656	1.28976733312533	0.389	0.17	1	chr4-108350352-108353897	5
0.0428152590333723	1.51190478160674	0.333	0.128	1	chr3-185537212-185538063	5
0.0428152590333723	1.513273540373	0.333	0.128	1	chr8-143218169-143219437	5
0.0430452879274913	0.697002284517692	0.778	0.574	1	chr1-169104657-169127526	5
0.0436449494794949	0.986074482725358	0.444	0.255	1	chr1-911121-922402	5
0.0448748586799133	1.29190157199189	0.389	0.17	1	chr17-2395516-2397616	5
0.0452925213373122	1.64929163181437	0.278	0.085	1	chr1-230641924-230643921	5
0.0452925213373122	1.69894903974366	0.278	0.085	1	chr4-99087860-99089851	5
0.0452925213373122	1.7092827203678	0.278	0.085	1	chr5-75362539-75365006	5
0.0452925213373122	1.59570232758849	0.278	0.085	1	chr5-138138789-138139914	5
0.0452925213373122	1.71073560874879	0.278	0.085	1	chr9-33000192-33003202	5
0.0452925213373122	1.87807433649214	0.278	0.085	1	chr12-120115783-120118998	5
0.0452925213373122	1.55252241349453	0.278	0.085	1	chr13-101025759-101027387	5
0.0452925213373122	1.7136540859575	0.278	0.085	1	chr14-73135955-73138044	5
0.0452925213373122	1.76109260107678	0.278	0.085	1	chr17-75940410-75941648	5
0.0452925213373122	1.80116373336827	0.278	0.085	1	chr18-36482255-36483656	5
0.0452925213373122	1.73550684508255	0.278	0.085	1	chr22-35430581-35431575	5
0.0455487084195969	1.09918832163022	0.5	0.234	1	chr1-93584121-93586018	5
0.0456959658958495	1.19040355382377	0.444	0.213	1	chr19-35715864-35719389	5
0.0470104845771423	1.55352785790048	0.333	0.106	1	chr15-57376090-57377961	5
0.047366246272246	1.45913866256839	0.333	0.149	1	chr1-181936881-181937902	5
0.0474589497054093	1.47841420990243	0.333	0.128	1	chr12-93676864-93678522	5
0.0474589497054093	1.38494868635907	0.333	0.128	1	chr14-24215143-24216577	5
0.0477552710604272	1.15393642091358	0.444	0.234	1	chr14-77313646-77317406	5
0.0478154151944332	0.845072559239003	0.611	0.383	1	chr15-96329415-96337693	5
0.0479835793569728	1.65509562188078	0.278	0.085	1	chr8-65394892-65396689	5
0.0479835793569728	1.66486408164878	0.278	0.085	1	chr8-97697014-97698514	5
0.0479835793569728	1.73182096397645	0.278	0.085	1	chr9-105064029-105065870	5
0.0480670824768675	1.02172857513796	0.5	0.255	1	chr6-159725826-159729009	5
0.0482562475918295	2.10479510662284	0.222	0.064	1	chr1-180269892-180271594	5
0.0482562475918295	2.00985940829627	0.222	0.064	1	chr3-99831760-99832539	5
0.0482562475918295	1.99852804213916	0.222	0.064	1	chr5-39656118-39657198	5
0.0482562475918295	2.07098785584564	0.222	0.064	1	chr5-59542726-59544594	5
0.0482562475918295	2.31481436891082	0.222	0.064	1	chr5-71600838-71602111	5
0.0482562475918295	2.02102070408084	0.222	0.064	1	chr5-154940472-154942007	5
0.0482562475918295	2.14651100982474	0.222	0.064	1	chr6-166655088-166656109	5
0.0482562475918295	2.21047694942261	0.222	0.064	1	chr7-5354387-5355586	5
0.0482562475918295	2.2326923306641	0.222	0.064	1	chr7-150404188-150407419	5
0.0482562475918295	1.98062525893223	0.222	0.064	1	chr8-38714219-38714879	5
0.0482562475918295	2.04273087224609	0.222	0.064	1	chr8-125090762-125092428	5
0.0482562475918295	2.09131764674825	0.222	0.064	1	chr10-28375300-28376414	5
0.0482562475918295	2.03652280068017	0.222	0.064	1	chr10-122461209-122465016	5
0.0482562475918295	2.02052486119735	0.222	0.064	1	chr11-48001246-48002158	5
0.0482562475918295	2.21778738079395	0.222	0.064	1	chr11-63680829-63683510	5
0.0482562475918295	1.97003270639517	0.222	0.064	1	chr12-2775191-2776100	5
0.0482562475918295	2.08913280616007	0.222	0.064	1	chr16-75267596-75268509	5
0.0482562475918295	1.95275327868425	0.222	0.064	1	chr17-76036510-76037369	5
0.0482562475918295	2.01397168415144	0.222	0.064	1	chr18-23688783-23691048	5
0.0482562475918295	1.95142921140389	0.222	0.064	1	chr21-29018354-29019920	5
0.0484671439199794	0.95690759906709	0.556	0.298	1	chr19-1406312-1413746	5
0.0484671439199794	0.900868815479442	0.556	0.298	1	chr19-58557775-58563989	5
0.0491351533926913	1.34269617164429	0.389	0.149	1	chrY-15454707-15456932	5
0.0492863353682289	1.28436894090049	0.389	0.17	1	chr3-119468336-119469885	5
0.0492863353682289	1.25145681024683	0.389	0.17	1	chr3-197748980-197751912	5
0.0497594160547332	1.50594582473547	0.333	0.149	1	chr6-134014581-134018214	5
0.0497784690718069	0.814695671727272	0.556	0.34	1	chr6-79076212-79080133	5
0.0499352593784397	1.43543568102801	0.333	0.128	1	chr17-48624936-48626881	5
0.0499352593784397	1.43043236721067	0.333	0.128	1	chr19-13115876-13119448	5
0.0508077381964031	1.69882835275522	0.278	0.085	1	chr1-48525726-48527098	5
0.0508077381964031	1.6760999020656	0.278	0.085	1	chr3-143283348-143284422	5
0.0508077381964031	1.616964630663	0.278	0.085	1	chr10-69684053-69686951	5
0.0508077381964031	1.71352408453993	0.278	0.085	1	chr10-109964636-109966024	5
0.0508077381964031	1.65084763331904	0.278	0.085	1	chr16-12898586-12900616	5
0.0508077381964031	1.66063953074496	0.278	0.085	1	chr17-27383992-27384975	5
0.0513426891255618	1.18319631291622	0.389	0.191	1	chr6-119484007-119485125	5
0.0514314717236154	2.00594881345154	0.222	0.064	1	chr2-85560750-85562205	5
0.0514314717236154	2.06634910963594	0.222	0.064	1	chr3-128280691-128283486	5
0.0514314717236154	2.11605134082504	0.222	0.064	1	chr4-796738-797708	5
0.0514314717236154	1.93898641581314	0.222	0.064	1	chr4-7166983-7168364	5
0.0514314717236154	2.00510757916416	0.222	0.064	1	chr6-31821477-31823014	5
0.0514314717236154	2.02355267917516	0.222	0.064	1	chr11-77636598-77638423	5
0.0514314717236154	1.96180274437334	0.222	0.064	1	chr16-806841-808219	5
0.0514314717236154	1.93467480331957	0.222	0.064	1	chr16-67857316-67858694	5
0.0514314717236154	2.10637628650824	0.222	0.064	1	chr18-76564669-76566174	5
0.0522531692312127	1.43408462272887	0.333	0.149	1	chr1-201500245-201502953	5
0.0525190015990837	1.39671253382676	0.333	0.128	1	chr22-20866879-20868127	5
0.0537041422813526	1.26111824302779	0.389	0.191	1	chr1-1781486-1783819	5
0.0537698151471683	1.49992467298411	0.278	0.085	1	chr3-113210145-113212588	5
0.0537698151471683	1.58353595619959	0.278	0.085	1	chr14-67815623-67817461	5
0.0537698151471683	1.5586140645165	0.278	0.085	1	chr17-17684809-17686987	5
0.0537698151471683	1.68200630142746	0.278	0.085	1	chr17-42989696-42990609	5
0.0537698151471683	1.69623135839617	0.278	0.085	1	chr20-62602377-62603926	5
0.0537698151471683	1.66243463812502	0.278	0.085	1	chr22-20205924-20207301	5
0.0540734355530409	1.73580968051787	0.278	0.106	1	chr2-241506773-241509750	5
0.0547797297132355	1.91106935707494	0.222	0.064	1	chr1-28328324-28329954	5
0.0547797297132355	2.00731961948498	0.222	0.064	1	chr3-13077456-13079576	5
0.0547797297132355	1.91682532832872	0.222	0.064	1	chr3-196168552-196169611	5
0.0547797297132355	2.10580490739454	0.222	0.064	1	chr5-71631109-71632912	5
0.0547797297132355	2.15835947486166	0.222	0.064	1	chr7-23473494-23474966	5
0.0547797297132355	1.97619893473741	0.222	0.064	1	chr8-30553957-30556721	5
0.0547797297132355	1.88423867266154	0.222	0.064	1	chr10-59965034-59966133	5
0.0547797297132355	2.17701838051538	0.222	0.064	1	chr10-117461313-117462502	5
0.0547797297132355	1.9591957810529	0.222	0.064	1	chr11-96486934-96487992	5
0.0547797297132355	1.94851651431456	0.222	0.064	1	chr12-110123775-110125168	5
0.0547797297132355	1.88282365892735	0.222	0.064	1	chr16-66295897-66297986	5
0.0547797297132355	1.98975019680762	0.222	0.064	1	chr17-1999278-2000603	5
0.0547797297132355	1.96679942390718	0.222	0.064	1	chr17-56172264-56173430	5
0.0547797297132355	2.10852999450827	0.222	0.064	1	chr17-75695749-75698368	5
0.0547797297132355	1.91702032355069	0.222	0.064	1	chr19-57915977-57917163	5
0.0552135724432711	1.40648385797118	0.333	0.128	1	chr1-108623745-108624944	5
0.0552135724432711	1.36999663055974	0.333	0.128	1	chr4-88522541-88524687	5
0.0552135724432711	1.40332438471141	0.333	0.128	1	chr8-144513836-144518897	5
0.0552135724432711	1.39599901582501	0.333	0.128	1	chr11-67674098-67675262	5
0.0561479476042126	1.03447991897512	0.5	0.234	1	chr3-79017328-79020413	5
0.0565818272162026	1.23959577474156	0.389	0.17	1	chr1-41043981-41047235	5
0.0568746943909236	1.53782805649758	0.278	0.085	1	chr3-178671463-178672599	5
0.0568746943909236	1.63978647576216	0.278	0.085	1	chr9-89179488-89181006	5
0.0568746943909236	1.62466901303171	0.278	0.085	1	chr12-101876858-101878647	5
0.0568746943909236	1.60451140256772	0.278	0.085	1	chr20-34024624-34027900	5
0.0570536763936558	1.63577960364922	0.278	0.106	1	chr14-105465424-105469880	5
0.0570536763936558	1.55152682120128	0.278	0.106	1	chr22-42519202-42520340	5
0.057554794787692	1.3364185581084	0.333	0.149	1	chr1-54015860-54017109	5
0.057554794787692	1.31363911951147	0.333	0.149	1	chr2-118012741-118014867	5
0.0580224074360644	1.34337762184317	0.333	0.128	1	chr1-231420128-231423091	5
0.0583078317749045	1.98767271555319	0.222	0.064	1	chr1-6343211-6344110	5
0.0583078317749045	1.95163620468368	0.222	0.064	1	chr1-43038303-43039986	5
0.0583078317749045	1.86179022156789	0.222	0.064	1	chr1-208476154-208477554	5
0.0583078317749045	1.96732540539272	0.222	0.064	1	chr2-73736598-73737794	5
0.0583078317749045	1.92117207664734	0.222	0.064	1	chr3-189123335-189124427	5
0.0583078317749045	1.88964701042599	0.222	0.064	1	chr4-36000791-36001703	5
0.0583078317749045	1.97410570754796	0.222	0.064	1	chr5-150509969-150513074	5
0.0583078317749045	1.98970912388067	0.222	0.064	1	chr6-158798912-158800537	5
0.0583078317749045	1.89909444136813	0.222	0.064	1	chr7-105672978-105674444	5
0.0583078317749045	1.99554407495135	0.222	0.064	1	chr8-42270344-42272302	5
0.0583078317749045	1.83814631658293	0.222	0.064	1	chr9-127986878-127987676	5
0.0583078317749045	1.97859393737906	0.222	0.064	1	chr11-111960562-111961736	5
0.0583078317749045	1.87189711699285	0.222	0.064	1	chr12-75720564-75723276	5
0.0583078317749045	1.93466443096523	0.222	0.064	1	chr17-81846276-81847734	5
0.0584973260793706	1.18589697360022	0.444	0.255	1	chrX-154396927-154402984	5
0.0586893641994566	0.852282076099274	0.667	0.362	1	chr22-46096091-46123323	5
0.0592055350759343	1.10921574830578	0.444	0.213	1	chr19-55383100-55387247	5
0.0601273213046008	1.52518067825048	0.278	0.085	1	chr6-34545033-34548306	5
0.0601273213046008	1.69889849700737	0.278	0.085	1	chr17-50706758-50709390	5
0.0601693079087173	1.56777045730219	0.278	0.106	1	chr3-15557350-15558221	5
0.0601693079087173	1.67857450948162	0.278	0.106	1	chr12-101406201-101409416	5
0.060368936453891	1.34178605419873	0.333	0.149	1	chr4-13626431-13628992	5
0.0609489782962821	1.33814281123709	0.333	0.128	1	chr1-162018464-162022259	5
0.0609489782962821	1.30365551464428	0.333	0.128	1	chr6-87700422-87703033	5
0.0609489782962821	1.38922317225733	0.333	0.128	1	chr22-40651328-40652832	5
0.0613622391526926	0.985032182536029	0.5	0.255	1	chr19-4471128-4472609	5
0.0619284075610162	1.31651978758207	0.389	0.17	1	chr2-217896878-217900845	5
0.0619284075610162	1.21335620466588	0.389	0.17	1	chr8-133849990-133852811	5
0.0619284075610162	1.21961923069049	0.389	0.17	1	chr10-5465758-5467523	5
0.0620226799170326	1.83550325702142	0.222	0.064	1	chr2-23568257-23569410	5
0.0620226799170326	1.85189184910659	0.222	0.064	1	chr2-201257318-201258966	5
0.0620226799170326	1.8312854809907	0.222	0.064	1	chr2-201641903-201643830	5
0.0620226799170326	1.90235367390815	0.222	0.064	1	chr3-42978790-42980166	5
0.0620226799170326	2.00269015972101	0.222	0.064	1	chr3-197955337-197958049	5
0.0620226799170326	1.88832600461938	0.222	0.064	1	chr4-8533781-8535040	5
0.0620226799170326	1.89579628448183	0.222	0.064	1	chr4-27126692-27128144	5
0.0620226799170326	1.96482154426935	0.222	0.064	1	chr5-155085087-155086462	5
0.0620226799170326	1.88719408152997	0.222	0.064	1	chr5-157390153-157391306	5
0.0620226799170326	1.84830906394192	0.222	0.064	1	chr7-46899948-46901368	5
0.0620226799170326	1.9397057335941	0.222	0.064	1	chr7-87000018-87001854	5
0.0620226799170326	1.88818712500516	0.222	0.064	1	chr8-42460752-42461565	5
0.0620226799170326	1.91435066499901	0.222	0.064	1	chr8-141391245-141394882	5
0.0620226799170326	1.91337345513286	0.222	0.064	1	chr10-14259672-14260811	5
0.0620226799170326	1.88256813282417	0.222	0.064	1	chr10-68633752-68635055	5
0.0620226799170326	1.98575930430825	0.222	0.064	1	chr12-2113025-2114606	5
0.0620226799170326	1.81610075581631	0.222	0.064	1	chr12-124904455-124905466	5
0.0620226799170326	1.87227906605396	0.222	0.064	1	chr14-36069383-36070924	5
0.0620226799170326	1.84249574155593	0.222	0.064	1	chr14-81509382-81511652	5
0.0620226799170326	1.82262937442982	0.222	0.064	1	chr14-100914431-100915809	5
0.0620226799170326	2.00181518166212	0.222	0.064	1	chr16-14418465-14419483	5
0.0620226799170326	1.83610005878187	0.222	0.064	1	chr17-82715891-82717587	5
0.0620226799170326	1.94811035899836	0.222	0.064	1	chr18-70421817-70424598	5
0.0620226799170326	1.91802359574544	0.222	0.064	1	chr21-42085812-42086869	5
0.0620226799170326	1.80537431259576	0.222	0.064	1	chr22-41020811-41023160	5
0.0632961944039675	1.3862902009038	0.333	0.149	1	chr17-38605505-38609053	5
0.0632961944039675	1.36243201807178	0.333	0.149	1	chr19-43462803-43464463	5
0.0634247057358565	1.52977457858562	0.278	0.106	1	chr19-33062989-33065410	5
0.0635326963417906	1.58479538171677	0.278	0.085	1	chr3-159828404-159830271	5
0.0647546304383891	1.2379070672282	0.389	0.17	1	chr1-93877982-93880353	5
0.0659312570702189	1.8418930446009	0.222	0.064	1	chr1-184362626-184364786	5
0.0659312570702189	1.807458519988	0.222	0.064	1	chr1-201274735-201275905	5
0.0659312570702189	1.83022637511771	0.222	0.064	1	chr2-29062677-29064324	5
0.0659312570702189	1.8222068090544	0.222	0.064	1	chr2-239246002-239247322	5
0.0659312570702189	1.83767132383856	0.222	0.064	1	chr3-84884896-84886063	5
0.0659312570702189	1.87804530625315	0.222	0.064	1	chr3-124729870-124731375	5
0.0659312570702189	1.77298120297371	0.222	0.064	1	chr3-170045030-170047448	5
0.0659312570702189	1.99793771935884	0.222	0.064	1	chr6-38169990-38171077	5
0.0659312570702189	1.8114202832978	0.222	0.064	1	chr6-51489603-51490977	5
0.0659312570702189	1.85892635195425	0.222	0.064	1	chr6-52917843-52919965	5
0.0659312570702189	1.81373142843278	0.222	0.064	1	chr7-107044038-107047403	5
0.0659312570702189	1.79145173097149	0.222	0.064	1	chr12-93234421-93235826	5
0.0659312570702189	1.86662551923678	0.222	0.064	1	chr12-111756380-111759167	5
0.0659312570702189	1.83577327714345	0.222	0.064	1	chr16-12257796-12258687	5
0.0659312570702189	1.79568819747399	0.222	0.064	1	chr19-17946057-17946745	5
0.0659312570702189	1.88630376186623	0.222	0.064	1	chr21-32660566-32661928	5
0.0659312570702189	1.89635376187737	0.222	0.064	1	chr21-41499638-41502833	5
0.0659312570702189	1.89790914622408	0.222	0.064	1	chr22-40155670-40156617	5
0.0660398949570734	1.03353374683199	0.444	0.255	1	chr12-117968181-117970356	5
0.0665405561312402	0.974156365645752	0.5	0.277	1	chr19-57362462-57364211	5
0.0667159348899384	0.99046290582263	0.444	0.234	1	chr6-89828851-89830550	5
0.0668242860466729	1.47802994043839	0.278	0.106	1	chr4-70584030-70585054	5
0.0668242860466729	1.44858673030164	0.278	0.106	1	chr4-175891678-175892353	5
0.0668242860466729	1.66086862046634	0.278	0.106	1	chr5-154937027-154938845	5
0.0668242860466729	1.52686632368484	0.278	0.106	1	chr12-131948579-131951337	5
0.0668242860466729	1.45448949877265	0.278	0.106	1	chr13-51911835-51912630	5
0.0668242860466729	1.4529077942852	0.278	0.106	1	chr17-74203105-74205256	5
0.0668242860466729	1.48057743963907	0.278	0.106	1	chr19-55279506-55280847	5
0.0668242860466729	1.50882300234447	0.278	0.106	1	chr20-33789162-33790306	5
0.0668242860466729	1.5030817049855	0.278	0.106	1	chr20-34110243-34113297	5
0.0670958684886838	1.49441624579542	0.278	0.085	1	chr1-27934528-27936003	5
0.0670958684886838	1.5593944817864	0.278	0.085	1	chr5-23726490-23727879	5
0.0671693744787501	1.26258891626968	0.333	0.128	1	chr12-6312048-6313879	5
0.0671693744787501	1.35518858547997	0.333	0.128	1	chr12-53658359-53660406	5
0.0694719399860301	1.01525520514521	0.444	0.234	1	chr19-38834893-38839694	5
0.069502907448171	1.30622555298508	0.333	0.149	1	chr9-96030833-96032145	5
0.069502907448171	1.33941793602926	0.333	0.149	1	chr12-122420854-122423658	5
0.070040615393542	1.78677288967145	0.222	0.064	1	chr1-112762078-112763483	5
0.070040615393542	1.81462974089405	0.222	0.064	1	chr1-184789957-184794743	5
0.070040615393542	1.8031825329105	0.222	0.064	1	chr1-202236151-202237605	5
0.070040615393542	1.91365141688595	0.222	0.064	1	chr1-203537845-203538730	5
0.070040615393542	1.79245693660968	0.222	0.064	1	chr1-220708948-220711883	5
0.070040615393542	1.84005597535552	0.222	0.064	1	chr1-241609810-241611803	5
0.070040615393542	1.79757445917678	0.222	0.064	1	chr2-230411271-230412441	5
0.070040615393542	1.82856976691416	0.222	0.064	1	chr3-38247112-38248099	5
0.070040615393542	1.806200919752	0.222	0.064	1	chr5-29696760-29698254	5
0.070040615393542	1.73057963693453	0.222	0.064	1	chr5-58922188-58923518	5
0.070040615393542	1.8032783790635	0.222	0.064	1	chr7-51033680-51036811	5
0.070040615393542	1.83703942054271	0.222	0.064	1	chr7-73745986-73747096	5
0.070040615393542	1.95050393899289	0.222	0.064	1	chr7-101161868-101165984	5
0.070040615393542	1.80470993403006	0.222	0.064	1	chr8-144181481-144183334	5
0.070040615393542	1.81221329197265	0.222	0.064	1	chr12-31390734-31391535	5
0.070040615393542	1.75612022348676	0.222	0.064	1	chr14-27844909-27846340	5
0.070040615393542	1.89022537011794	0.222	0.064	1	chr16-1641904-1643037	5
0.070040615393542	1.75627707100454	0.222	0.064	1	chr19-33024274-33027207	5
0.070372499973753	1.4426681248307	0.278	0.106	1	chr1-232950014-232951721	5
0.070372499973753	1.73215848921223	0.278	0.106	1	chr3-112404975-112411000	5
0.070372499973753	1.5407197212759	0.278	0.106	1	chr8-17835711-17837327	5
0.070372499973753	1.57647987123829	0.278	0.106	1	chr21-44516963-44518542	5
0.070372499973753	1.61033817272642	0.278	0.106	1	chr22-30802298-30803634	5
0.070372499973753	1.4570744324738	0.278	0.106	1	chr22-37806912-37808662	5
0.0707265805683368	1.28477731245896	0.389	0.17	1	chr9-137172137-137175246	5
0.0708219282944112	1.52742825649583	0.278	0.085	1	chr2-95333486-95334693	5
0.0711819249131192	1.2416034991995	0.333	0.17	1	chr17-64773607-64774998	5
0.071666711597534	0.89120569813804	0.5	0.298	1	chr16-25048231-25050867	5
0.0723207501330813	1.06068720664762	0.444	0.234	1	chr1-161082808-161085683	5
0.0727888406502624	1.33190322511542	0.333	0.149	1	chr5-60944271-60946549	5
0.0728943541850136	1.16911532166505	0.389	0.191	1	chr1-214602435-214604734	5
0.0728943541850136	1.22432433012536	0.389	0.191	1	chr14-35045008-35047332	5
0.0740738277130276	1.50387950237481	0.278	0.106	1	chr2-74506634-74508657	5
0.0740738277130276	1.48690590562842	0.278	0.106	1	chr7-34747422-34749052	5
0.0740738277130276	1.47127115520103	0.278	0.106	1	chr9-113993786-113994775	5
0.0740738277130276	1.59085663303843	0.278	0.106	1	chr10-103153033-103156112	5
0.0740738277130276	1.45461169082063	0.278	0.106	1	chr22-19947445-19948201	5
0.0743578637604799	1.68491438968361	0.222	0.064	1	chr1-115317066-115318488	5
0.0743578637604799	1.68192729401803	0.222	0.064	1	chr1-168121206-168122720	5
0.0743578637604799	1.72994739610288	0.222	0.064	1	chr2-200786081-200788152	5
0.0743578637604799	1.63719694469825	0.222	0.064	1	chr4-70734044-70736321	5
0.0743578637604799	1.65052077326986	0.222	0.064	1	chr6-42199577-42200737	5
0.0743578637604799	1.7830833603422	0.222	0.064	1	chr7-155799036-155800159	5
0.0743578637604799	1.78496835084627	0.222	0.064	1	chr8-48503827-48504871	5
0.0743578637604799	1.74919236872441	0.222	0.064	1	chr10-120945584-120946815	5
0.0743578637604799	1.81610251694251	0.222	0.064	1	chr11-30990134-30991515	5
0.0743578637604799	1.80591395150617	0.222	0.064	1	chr11-129324066-129325233	5
0.0743578637604799	1.74053959558691	0.222	0.064	1	chr17-2592797-2595117	5
0.0743578637604799	1.75200238615255	0.222	0.064	1	chr17-37023996-37025680	5
0.0743578637604799	1.76419077648032	0.222	0.064	1	chr17-37299249-37301857	5
0.0743578637604799	1.78266545584991	0.222	0.064	1	chr18-23178383-23180569	5
0.0743578637604799	1.71864025694034	0.222	0.064	1	chr19-17510954-17512734	5
0.0743578637604799	1.71442304850197	0.222	0.064	1	chrY-7273062-7276074	5
0.07526451041343	0.965288645535268	0.444	0.234	1	chr3-8443980-8444934	5
0.07526451041343	1.05125759366698	0.444	0.234	1	chr21-42495276-42497190	5
0.0760461987132317	1.14397094338805	0.389	0.191	1	chr20-34675808-34677940	5
0.0762008392993328	1.35845211183128	0.333	0.149	1	chr7-233924-236631	5
0.0762008392993328	1.31457867613364	0.333	0.149	1	chr12-66129694-66131701	5
0.0773254133359984	0.976272160091879	0.444	0.255	1	chr2-226835006-226838410	5
0.0773254133359984	0.957347021698458	0.444	0.255	1	chr7-149261255-149263260	5
0.0774714605776513	1.16165478087195	0.333	0.128	1	chr1-178724532-178728163	5
0.0777365155649965	1.02379933659069	0.389	0.213	1	chr12-76558532-76560500	5
0.0778095225733673	1.20232335901928	0.333	0.17	1	chr1-150980947-150982928	5
0.0778095225733673	1.38300649041824	0.333	0.17	1	chr5-131262741-131266065	5
0.0779327723036056	1.41913959612081	0.278	0.106	1	chr1-204213427-204214862	5
0.0779327723036056	1.55078516254792	0.278	0.106	1	chr5-141968468-141970974	5
0.0779327723036056	1.47262405200933	0.278	0.106	1	chr7-56009051-56010779	5
0.0779327723036056	1.38798794855408	0.278	0.106	1	chrX-52994722-52996354	5
0.0786891481447124	0.922780639586256	0.556	0.277	1	chr3-50297884-50300659	5
0.0788901544296046	1.70391038057065	0.222	0.064	1	chr1-12477764-12479237	5
0.0788901544296046	1.56424823727363	0.222	0.064	1	chr1-35807385-35810573	5
0.0788901544296046	1.66427838274512	0.222	0.064	1	chr3-193552736-193555309	5
0.0788901544296046	1.70413606419648	0.222	0.064	1	chr4-85474511-85475803	5
0.0788901544296046	1.75047426893954	0.222	0.064	1	chr6-42547225-42548461	5
0.0788901544296046	1.63672050046267	0.222	0.064	1	chr6-135935531-135937108	5
0.0788901544296046	1.59033794548381	0.222	0.064	1	chr7-36108979-36111090	5
0.0788901544296046	1.6850405980794	0.222	0.064	1	chr7-121046726-121047455	5
0.0788901544296046	1.64550403364662	0.222	0.064	1	chr8-101277548-101278614	5
0.0788901544296046	1.71915259053259	0.222	0.064	1	chr16-48295103-48296552	5
0.0788901544296046	1.75478606562394	0.222	0.064	1	chr17-74442523-74444987	5
0.0788901544296046	1.74919546404927	0.222	0.064	1	chrX-68822427-68823112	5
0.0793083439137403	1.12651457523442	0.389	0.191	1	chr4-69983626-69984840	5
0.0797421802458759	1.26821452731325	0.333	0.149	1	chr5-132504647-132506542	5
0.0797421802458759	1.28026926478614	0.333	0.149	1	chr16-58031050-58033803	5
0.0804970961796629	0.930956513986642	0.5	0.277	1	chr8-66020439-66022907	5
0.0809838934417735	1.14039931173256	0.389	0.213	1	chr10-69317202-69320296	5
0.0809873463217549	2.32949255291323	0.167	0.043	1	chr1-23478676-23479589	5
0.0809873463217549	2.52286892701364	0.167	0.043	1	chr1-176522164-176523084	5
0.0809873463217549	2.19683861417981	0.167	0.043	1	chr1-207298166-207299497	5
0.0809873463217549	2.55831517352773	0.167	0.043	1	chr1-216764805-216767808	5
0.0809873463217549	2.17980980140796	0.167	0.043	1	chr1-225460029-225462102	5
0.0809873463217549	2.09779100277239	0.167	0.043	1	chr1-244322296-244323681	5
0.0809873463217549	2.33766693367548	0.167	0.043	1	chr2-47032925-47035206	5
0.0809873463217549	2.35747833003943	0.167	0.043	1	chr2-69436527-69438152	5
0.0809873463217549	2.13893636979779	0.167	0.043	1	chr2-101307719-101309304	5
0.0809873463217549	2.31915057928367	0.167	0.043	1	chr2-127174166-127175538	5
0.0809873463217549	2.16832272547504	0.167	0.043	1	chr2-231795247-231796224	5
0.0809873463217549	2.34871860479422	0.167	0.043	1	chr3-5972276-5973237	5
0.0809873463217549	2.1950934044725	0.167	0.043	1	chr3-29280568-29281551	5
0.0809873463217549	2.1774758308807	0.167	0.043	1	chr3-36957745-36960252	5
0.0809873463217549	2.25208014974765	0.167	0.043	1	chr3-39515306-39516498	5
0.0809873463217549	2.14856174513942	0.167	0.043	1	chr3-107927247-107928208	5
0.0809873463217549	2.22323951993856	0.167	0.043	1	chr3-124760577-124762557	5
0.0809873463217549	2.10761670030566	0.167	0.043	1	chr3-140924166-140925398	5
0.0809873463217549	2.1182087871683	0.167	0.043	1	chr3-156816592-156818168	5
0.0809873463217549	2.17662552820402	0.167	0.043	1	chr4-83618362-83619031	5
0.0809873463217549	2.15424255803013	0.167	0.043	1	chr4-95250123-95251634	5
0.0809873463217549	2.36335889069115	0.167	0.043	1	chr4-105092276-105093060	5
0.0809873463217549	2.15076228106198	0.167	0.043	1	chr4-124201829-124202525	5
0.0809873463217549	2.31431562928812	0.167	0.043	1	chr4-141027234-141028625	5
0.0809873463217549	2.10889299288506	0.167	0.043	1	chr5-9538183-9539330	5
0.0809873463217549	2.14064231895855	0.167	0.043	1	chr5-33241745-33243798	5
0.0809873463217549	2.24302917439959	0.167	0.043	1	chr5-34419904-34422523	5
0.0809873463217549	2.23006180210777	0.167	0.043	1	chr5-54456919-54457831	5
0.0809873463217549	2.27657377117801	0.167	0.043	1	chr5-107604459-107606315	5
0.0809873463217549	2.32468701558269	0.167	0.043	1	chr5-126368104-126369069	5
0.0809873463217549	2.46202049654951	0.167	0.043	1	chr5-134838182-134839136	5
0.0809873463217549	2.0160484070812	0.167	0.043	1	chr5-159174733-159176047	5
0.0809873463217549	2.54245533681693	0.167	0.043	1	chr5-169164191-169165429	5
0.0809873463217549	2.24013625195598	0.167	0.043	1	chr5-170755586-170756535	5
0.0809873463217549	2.16931590550258	0.167	0.043	1	chr6-47440394-47441449	5
0.0809873463217549	2.15817160280668	0.167	0.043	1	chr6-125310954-125311666	5
0.0809873463217549	2.16994466556437	0.167	0.043	1	chr6-169889697-169890389	5
0.0809873463217549	2.20143485523608	0.167	0.043	1	chr7-80138744-80140813	5
0.0809873463217549	2.36572647927125	0.167	0.043	1	chr7-103943693-103945286	5
0.0809873463217549	2.14885093986092	0.167	0.043	1	chr7-133861611-133862485	5
0.0809873463217549	2.27362092505282	0.167	0.043	1	chr7-133863249-133864464	5
0.0809873463217549	2.30622750096744	0.167	0.043	1	chr7-157492853-157493665	5
0.0809873463217549	2.50704277727823	0.167	0.043	1	chr8-6864306-6865406	5
0.0809873463217549	2.11029003371872	0.167	0.043	1	chr8-7913377-7913929	5
0.0809873463217549	2.17922513720282	0.167	0.043	1	chr8-10547807-10548727	5
0.0809873463217549	2.31468128189377	0.167	0.043	1	chr8-144774811-144775834	5
0.0809873463217549	2.262257954546	0.167	0.043	1	chr9-113463224-113466298	5
0.0809873463217549	2.44379398583242	0.167	0.043	1	chr9-122389876-122390878	5
0.0809873463217549	2.31074209231226	0.167	0.043	1	chr9-132858524-132859358	5
0.0809873463217549	2.28012912548154	0.167	0.043	1	chr9-135559403-135561786	5
0.0809873463217549	2.36027477446657	0.167	0.043	1	chr10-23399319-23400316	5
0.0809873463217549	2.26751283662157	0.167	0.043	1	chr10-28938521-28941133	5
0.0809873463217549	2.56481050572874	0.167	0.043	1	chr10-68826774-68828673	5
0.0809873463217549	2.23902621272194	0.167	0.043	1	chr10-72095724-72096899	5
0.0809873463217549	2.22255317372857	0.167	0.043	1	chr10-80195928-80197453	5
0.0809873463217549	2.09437478115612	0.167	0.043	1	chr10-96043067-96044033	5
0.0809873463217549	2.24861109427868	0.167	0.043	1	chr10-106557915-106558886	5
0.0809873463217549	2.13543873526049	0.167	0.043	1	chr11-8732183-8733283	5
0.0809873463217549	2.30502616895476	0.167	0.043	1	chr12-30151533-30153068	5
0.0809873463217549	2.16250623611347	0.167	0.043	1	chr12-47944833-47945799	5
0.0809873463217549	2.26869222868439	0.167	0.043	1	chr12-57751077-57753236	5
0.0809873463217549	2.15516019245943	0.167	0.043	1	chr12-63624099-63624792	5
0.0809873463217549	2.36132215805334	0.167	0.043	1	chr12-88904607-88905396	5
0.0809873463217549	2.11760168792137	0.167	0.043	1	chr12-117407893-117408978	5
0.0809873463217549	2.21350521934375	0.167	0.043	1	chr12-119176220-119176896	5
0.0809873463217549	2.23799324318943	0.167	0.043	1	chr13-43545284-43547254	5
0.0809873463217549	2.1711356605911	0.167	0.043	1	chr14-61608101-61610064	5
0.0809873463217549	2.29668842822445	0.167	0.043	1	chr14-67855556-67858352	5
0.0809873463217549	2.16807245144251	0.167	0.043	1	chr15-68528851-68529510	5
0.0809873463217549	2.34238231325339	0.167	0.043	1	chr15-76196235-76197564	5
0.0809873463217549	2.18837243684462	0.167	0.043	1	chr15-92616584-92618890	5
0.0809873463217549	2.29334932192317	0.167	0.043	1	chr16-53941090-53941803	5
0.0809873463217549	2.21171583597468	0.167	0.043	1	chr16-65755901-65756995	5
0.0809873463217549	2.12863041523043	0.167	0.043	1	chr16-75564807-75567265	5
0.0809873463217549	2.34632537538002	0.167	0.043	1	chr17-3737438-3739078	5
0.0809873463217549	2.11712099376103	0.167	0.043	1	chr17-7435016-7436261	5
0.0809873463217549	2.15975789607439	0.167	0.043	1	chr17-17107898-17109697	5
0.0809873463217549	2.19598539338919	0.167	0.043	1	chr17-56149495-56150306	5
0.0809873463217549	2.4131772206442	0.167	0.043	1	chr17-57097517-57098647	5
0.0809873463217549	2.28608907710194	0.167	0.043	1	chr17-73288299-73290484	5
0.0809873463217549	2.13299345340879	0.167	0.043	1	chr17-74971558-74973216	5
0.0809873463217549	2.24465365127102	0.167	0.043	1	chr17-79796105-79798092	5
0.0809873463217549	2.49603328731146	0.167	0.043	1	chr18-13539679-13540939	5
0.0809873463217549	2.18308321389109	0.167	0.043	1	chr19-7804691-7805605	5
0.0809873463217549	2.13926821158823	0.167	0.043	1	chr19-11137394-11139260	5
0.0809873463217549	2.06610518861757	0.167	0.043	1	chr19-12695808-12697289	5
0.0809873463217549	2.28241165957293	0.167	0.043	1	chr19-38731496-38733264	5
0.0809873463217549	2.35058738531525	0.167	0.043	1	chr20-32329995-32330788	5
0.0809873463217549	2.08786233063622	0.167	0.043	1	chr20-34549338-34550227	5
0.0809873463217549	2.32412236058957	0.167	0.043	1	chr21-17921492-17922027	5
0.0809873463217549	2.14792078230908	0.167	0.043	1	chr21-33134096-33134910	5
0.0809873463217549	2.19741590141272	0.167	0.043	1	chr21-37665145-37666193	5
0.0809873463217549	2.21220705091323	0.167	0.043	1	chr21-39387314-39389187	5
0.0809873463217549	2.24368143707877	0.167	0.043	1	chr21-41321649-41323246	5
0.0809873463217549	2.17711561476033	0.167	0.043	1	chr22-17363856-17364936	5
0.0809873463217549	2.09747686429075	0.167	0.043	1	chr22-36363032-36364256	5
0.0809873463217549	2.35236457032782	0.167	0.043	1	chrX-11100185-11101199	5
0.0809873463217549	2.17436525854958	0.167	0.043	1	chrX-135393886-135394425	5
0.0809873463217549	2.15729699973744	0.167	0.043	1	chrY-13435462-13436896	5
0.0819538530883854	1.45338954133732	0.278	0.106	1	chr1-36248199-36249440	5
0.0819538530883854	1.44561785766163	0.278	0.106	1	chr3-94523774-94525594	5
0.0819538530883854	1.40029662068551	0.278	0.106	1	chr4-6673003-6675332	5
0.0819538530883854	1.44401142190156	0.278	0.106	1	chr4-70901531-70903486	5
0.0819538530883854	1.40755855788887	0.278	0.106	1	chr5-150161069-150162487	5
0.0819538530883854	1.41737675369957	0.278	0.106	1	chr7-8239266-8240776	5
0.0819538530883854	1.47332522154628	0.278	0.106	1	chr11-82695368-82696686	5
0.0819538530883854	1.48504767922407	0.278	0.106	1	chr12-78119099-78120022	5
0.0819538530883854	1.49027045653938	0.278	0.106	1	chr16-47734774-47735926	5
0.0819538530883854	1.5435956547003	0.278	0.106	1	chr16-66660164-66663240	5
0.0819538530883854	1.57360621196415	0.278	0.106	1	chr22-45896098-45898090	5
0.0831916526176189	0.841119230026844	0.556	0.319	1	chr1-150559843-150564551	5
0.0834161485215217	1.19691823701552	0.333	0.149	1	chr1-51313434-51315264	5
0.0834161485215217	1.27495030984471	0.333	0.149	1	chr1-114509660-114512325	5
0.0834161485215217	1.24320939436184	0.333	0.149	1	chr15-63598130-63602102	5
0.0834161485215217	1.34710797276808	0.333	0.149	1	chr21-43928313-43930619	5
0.0835314139985403	1.00051208554126	0.444	0.255	1	chr6-109690081-109691988	5
0.083644668909181	1.58320389450577	0.222	0.064	1	chr1-228829808-228831584	5
0.083644668909181	1.72754689277434	0.222	0.064	1	chr2-95401827-95403716	5
0.083644668909181	1.66004604136757	0.222	0.064	1	chr7-704974-706252	5
0.083644668909181	1.64180231165226	0.222	0.064	1	chr12-12704477-12705111	5
0.083644668909181	1.59269955119861	0.222	0.064	1	chr17-2994914-2997931	5
0.083644668909181	1.68379802338124	0.222	0.064	1	chr17-57090462-57093628	5
0.0840258153242988	1.28158783350299	0.389	0.17	1	chr19-50024520-50026495	5
0.0843405492450868	1.05123201530425	0.389	0.213	1	chr6-8101301-8103291	5
0.0846870397844555	0.965077879750016	0.444	0.234	1	chr19-53867401-53871087	5
0.0849311880343376	1.25220860963515	0.333	0.17	1	chr20-62385515-62391808	5
0.0855810486332724	0.773189047098276	0.5	0.319	1	chr3-14369518-14372688	5
0.0861415988599591	1.34634881522502	0.278	0.106	1	chr6-160041263-160042572	5
0.0861415988599591	1.21975470512587	0.278	0.106	1	chr12-69738194-69740457	5
0.0861415988599591	1.39213422098412	0.278	0.106	1	chr17-2083462-2085551	5
0.0862615304680625	0.882127074796989	0.5	0.298	1	chr8-38230559-38233241	5
0.0862622145255949	0.673108731341578	0.611	0.404	1	chr12-71662612-71665678	5
0.0866649468188049	2.16606891181567	0.167	0.043	1	chr1-1858331-1859986	5
0.0866649468188049	2.11998806984093	0.167	0.043	1	chr1-6624623-6626270	5
0.0866649468188049	2.16959503276318	0.167	0.043	1	chr1-23561902-23562820	5
0.0866649468188049	2.17104401522826	0.167	0.043	1	chr1-27562626-27564732	5
0.0866649468188049	2.13345047822609	0.167	0.043	1	chr1-58651968-58653046	5
0.0866649468188049	2.14473644697477	0.167	0.043	1	chr1-61301341-61302416	5
0.0866649468188049	2.1097418005235	0.167	0.043	1	chr1-160951109-160952417	5
0.0866649468188049	2.37534089406137	0.167	0.043	1	chr1-173063790-173064700	5
0.0866649468188049	2.10138887672412	0.167	0.043	1	chr1-201882664-201885958	5
0.0866649468188049	2.15333017064811	0.167	0.043	1	chr1-204087441-204089884	5
0.0866649468188049	2.08468116785834	0.167	0.043	1	chr1-220426639-220427869	5
0.0866649468188049	2.00418685254955	0.167	0.043	1	chr2-70094993-70095626	5
0.0866649468188049	2.22672887694756	0.167	0.043	1	chr2-204109104-204110210	5
0.0866649468188049	2.16557828534432	0.167	0.043	1	chr2-220959063-220960034	5
0.0866649468188049	2.1114310801387	0.167	0.043	1	chr3-12134937-12135668	5
0.0866649468188049	2.06176280200089	0.167	0.043	1	chr3-18288189-18288622	5
0.0866649468188049	2.02497689502018	0.167	0.043	1	chr3-26437901-26440278	5
0.0866649468188049	2.04877278547419	0.167	0.043	1	chr3-43422397-43424097	5
0.0866649468188049	2.05320427679575	0.167	0.043	1	chr3-98188328-98189727	5
0.0866649468188049	2.13138963476875	0.167	0.043	1	chr3-117714832-117716155	5
0.0866649468188049	2.21598015732723	0.167	0.043	1	chr3-123089202-123090963	5
0.0866649468188049	2.16993657060062	0.167	0.043	1	chr3-126269395-126270848	5
0.0866649468188049	2.01386390070481	0.167	0.043	1	chr3-154971184-154972405	5
0.0866649468188049	2.21595174126391	0.167	0.043	1	chr4-2977017-2977847	5
0.0866649468188049	2.06589714042922	0.167	0.043	1	chr4-76531489-76532143	5
0.0866649468188049	2.13096363144237	0.167	0.043	1	chr4-84238443-84239983	5
0.0866649468188049	2.05901809844058	0.167	0.043	1	chr4-184163739-184164276	5
0.0866649468188049	2.10528298086075	0.167	0.043	1	chr5-2756082-2757290	5
0.0866649468188049	2.166728343529	0.167	0.043	1	chr5-64165188-64166721	5
0.0866649468188049	2.1269135226894	0.167	0.043	1	chr5-71938593-71940024	5
0.0866649468188049	2.33278905591516	0.167	0.043	1	chr5-109454458-109456405	5
0.0866649468188049	2.09469959890295	0.167	0.043	1	chr5-125043563-125044705	5
0.0866649468188049	2.28026526131604	0.167	0.043	1	chr5-126679453-126680871	5
0.0866649468188049	2.08384480863746	0.167	0.043	1	chr5-132007002-132008462	5
0.0866649468188049	2.00867057262706	0.167	0.043	1	chr5-139569280-139570179	5
0.0866649468188049	2.17451575625158	0.167	0.043	1	chr5-154394034-154396186	5
0.0866649468188049	2.08401431658648	0.167	0.043	1	chr5-154642238-154643091	5
0.0866649468188049	2.06712757155861	0.167	0.043	1	chr6-149922559-149923590	5
0.0866649468188049	2.01619333642417	0.167	0.043	1	chr6-162442648-162443670	5
0.0866649468188049	2.25603171713282	0.167	0.043	1	chr7-106417219-106418723	5
0.0866649468188049	2.28363311085526	0.167	0.043	1	chr7-131513080-131514146	5
0.0866649468188049	2.1210345198175	0.167	0.043	1	chr8-47941328-47943689	5
0.0866649468188049	2.24514426270851	0.167	0.043	1	chr8-127809432-127811730	5
0.0866649468188049	2.29591457871098	0.167	0.043	1	chr10-234243-236362	5
0.0866649468188049	2.09162227289748	0.167	0.043	1	chr10-101441979-101442648	5
0.0866649468188049	2.33926120056402	0.167	0.043	1	chr10-101467083-101467760	5
0.0866649468188049	2.09181037839922	0.167	0.043	1	chr10-123742882-123745261	5
0.0866649468188049	2.1991548173601	0.167	0.043	1	chr10-123993991-123995205	5
0.0866649468188049	2.08923610869857	0.167	0.043	1	chr11-6637674-6638764	5
0.0866649468188049	2.18335202739405	0.167	0.043	1	chr11-11786019-11787127	5
0.0866649468188049	2.0622387219701	0.167	0.043	1	chr11-77407365-77408288	5
0.0866649468188049	2.24023540643611	0.167	0.043	1	chr12-3150735-3151384	5
0.0866649468188049	2.06674993218945	0.167	0.043	1	chr12-5797467-5798393	5
0.0866649468188049	2.153686910693	0.167	0.043	1	chr12-89542706-89543602	5
0.0866649468188049	2.10819014272654	0.167	0.043	1	chr12-99553186-99554365	5
0.0866649468188049	2.17057958497672	0.167	0.043	1	chr12-107564951-107565430	5
0.0866649468188049	2.04322285730857	0.167	0.043	1	chr13-29353972-29354851	5
0.0866649468188049	2.05453087018986	0.167	0.043	1	chr14-23569404-23570306	5
0.0866649468188049	2.33270658255854	0.167	0.043	1	chr14-61461309-61463201	5
0.0866649468188049	2.3052787946451	0.167	0.043	1	chr15-52216819-52217757	5
0.0866649468188049	2.08931304637254	0.167	0.043	1	chr15-98311537-98312169	5
0.0866649468188049	2.30604594632236	0.167	0.043	1	chr16-689595-691750	5
0.0866649468188049	2.1155382538175	0.167	0.043	1	chr16-55636691-55637719	5
0.0866649468188049	2.2744652047054	0.167	0.043	1	chr16-81625308-81626433	5
0.0866649468188049	2.20839374039444	0.167	0.043	1	chr17-34370776-34371787	5
0.0866649468188049	2.13051469558438	0.167	0.043	1	chr17-35298950-35299576	5
0.0866649468188049	2.14233292422721	0.167	0.043	1	chr18-13541786-13542739	5
0.0866649468188049	2.19515905610011	0.167	0.043	1	chr19-5581883-5582849	5
0.0866649468188049	2.07763926065068	0.167	0.043	1	chr19-47142965-47144012	5
0.0866649468188049	2.07631626056219	0.167	0.043	1	chr19-51092137-51093971	5
0.0866649468188049	2.1642957088398	0.167	0.043	1	chr20-2673980-2674531	5
0.0866649468188049	2.18003820157335	0.167	0.043	1	chr20-24117920-24119286	5
0.0866649468188049	2.07330509001259	0.167	0.043	1	chr21-37009628-37010564	5
0.0866649468188049	2.1479406928893	0.167	0.043	1	chr22-21456256-21457603	5
0.0866649468188049	2.11143268750004	0.167	0.043	1	chr22-21916713-21918083	5
0.0866649468188049	2.16500546785216	0.167	0.043	1	chr22-23033142-23034007	5
0.0866649468188049	2.18104061613076	0.167	0.043	1	chr22-43017525-43019121	5
0.0866649468188049	2.16813366786936	0.167	0.043	1	chrY-20574887-20576830	5
0.086782397909819	0.941467048314516	0.444	0.255	1	chr12-6763649-6769441	5
0.0872260332277419	1.18607295798677	0.333	0.149	1	chr5-140497752-140498649	5
0.0880321666900006	0.983359901107311	0.444	0.234	1	chr1-201459985-201462084	5
0.0880698736040392	1.63943965052666	0.278	0.128	1	chr17-64128422-64130724	5
0.0886286030289357	1.59914405991325	0.222	0.064	1	chr1-38950716-38951777	5
0.0886286030289357	1.706138964338	0.222	0.064	1	chr12-103626386-103628017	5
0.0886286030289357	1.60804624149047	0.222	0.064	1	chrX-93434609-93435748	5
0.0897023581935381	0.74535618469433	0.611	0.319	1	chr1-146034999-146040713	5
0.0897825077437132	1.1003735763055	0.389	0.191	1	chr16-75108647-75112094	5
0.0901347748543727	0.94727442041473	0.444	0.255	1	chr20-31722092-31724499	5
0.090500540697564	1.36698996372114	0.278	0.106	1	chr3-48471470-48473873	5
0.090500540697564	1.33874842359992	0.278	0.106	1	chr7-1159784-1161195	5
0.091175123263307	1.07785910831778	0.333	0.149	1	chr1-15523680-15527841	5
0.091175123263307	1.22551251687424	0.333	0.149	1	chr5-179677523-179680364	5
0.091175123263307	1.10940401735718	0.333	0.149	1	chr10-102151437-102154247	5
0.0913975915546358	1.07490243002562	0.389	0.17	1	chr8-140463638-140465514	5
0.0914830378381947	0.933346346777737	0.444	0.234	1	chr8-17245895-17248216	5
0.0923315047591985	1.3451303189783	0.278	0.128	1	chr2-189762097-189763923	5
0.0923315047591985	1.42618691505112	0.278	0.128	1	chr4-184824080-184827370	5
0.0923315047591985	1.23612311884162	0.278	0.128	1	chr12-12802978-12804639	5
0.0924634525072415	1.8103386126934	0.222	0.085	1	chr1-67571973-67573799	5
0.0924634525072415	1.77419844661826	0.222	0.085	1	chr4-56995082-56996327	5
0.0924634525072415	1.65721283870633	0.222	0.085	1	chr4-87240051-87242270	5
0.0924634525072415	1.89905271463024	0.222	0.085	1	chr7-25963651-25966065	5
0.0924634525072415	1.63732250177519	0.222	0.085	1	chr7-128826913-128827845	5
0.0924634525072415	1.62178757220119	0.222	0.085	1	chr8-30338578-30340360	5
0.0924634525072415	1.74896531787606	0.222	0.085	1	chr12-124371206-124372168	5
0.0926596766450259	2.02893036485619	0.167	0.043	1	chr1-8438214-8439898	5
0.0926596766450259	2.27806457767087	0.167	0.043	1	chr1-10788224-10790717	5
0.0926596766450259	2.09524518235145	0.167	0.043	1	chr1-15200176-15202670	5
0.0926596766450259	2.03729375968658	0.167	0.043	1	chr1-26997535-26998266	5
0.0926596766450259	1.98106462940418	0.167	0.043	1	chr1-31373136-31375420	5
0.0926596766450259	2.00246459624931	0.167	0.043	1	chr1-67711653-67714494	5
0.0926596766450259	2.1627503218652	0.167	0.043	1	chr1-67823671-67825599	5
0.0926596766450259	2.4096213900642	0.167	0.043	1	chr1-76121453-76122900	5
0.0926596766450259	2.15507640603458	0.167	0.043	1	chr1-116710358-116711640	5
0.0926596766450259	2.10353272964463	0.167	0.043	1	chr1-184001713-184002616	5
0.0926596766450259	2.09208566043409	0.167	0.043	1	chr1-193111377-193114420	5
0.0926596766450259	2.06749712568223	0.167	0.043	1	chr1-206448085-206450249	5
0.0926596766450259	1.95523700197455	0.167	0.043	1	chr1-211734366-211736819	5
0.0926596766450259	2.06711343303561	0.167	0.043	1	chr2-14125161-14126302	5
0.0926596766450259	2.0305282834161	0.167	0.043	1	chr2-37376454-37377538	5
0.0926596766450259	2.02022379803883	0.167	0.043	1	chr2-44955350-44957529	5
0.0926596766450259	2.01856725082585	0.167	0.043	1	chr2-101327582-101329466	5
0.0926596766450259	2.09684248104653	0.167	0.043	1	chr2-112679269-112681217	5
0.0926596766450259	2.0326265827744	0.167	0.043	1	chr2-171158833-171161883	5
0.0926596766450259	2.02532924311783	0.167	0.043	1	chr3-13413153-13414932	5
0.0926596766450259	2.11322809240124	0.167	0.043	1	chr3-25725039-25726398	5
0.0926596766450259	2.06548309201706	0.167	0.043	1	chr3-48435773-48436635	5
0.0926596766450259	2.20103418793318	0.167	0.043	1	chr3-112089966-112091804	5
0.0926596766450259	2.04145935707468	0.167	0.043	1	chr3-122386473-122388100	5
0.0926596766450259	2.17396035046791	0.167	0.043	1	chr3-124520573-124521743	5
0.0926596766450259	2.0064475285627	0.167	0.043	1	chr3-138468298-138469808	5
0.0926596766450259	2.05689369356717	0.167	0.043	1	chr3-143601732-143602623	5
0.0926596766450259	2.04081215442164	0.167	0.043	1	chr3-155232286-155233806	5
0.0926596766450259	2.10365990532591	0.167	0.043	1	chr3-157219946-157221361	5
0.0926596766450259	2.03075248383428	0.167	0.043	1	chr3-160001786-160002853	5
0.0926596766450259	2.07480346728344	0.167	0.043	1	chr3-182527606-182528467	5
0.0926596766450259	2.06086477212831	0.167	0.043	1	chr4-3106340-3107085	5
0.0926596766450259	2.16467782472994	0.167	0.043	1	chr4-4386055-4387534	5
0.0926596766450259	2.00420900022745	0.167	0.043	1	chr4-8459863-8460475	5
0.0926596766450259	1.99379818928373	0.167	0.043	1	chr4-54937303-54938408	5
0.0926596766450259	2.0836041399191	0.167	0.043	1	chr4-81376750-81378912	5
0.0926596766450259	2.0091470762935	0.167	0.043	1	chr4-111066652-111067758	5
0.0926596766450259	2.00702385046566	0.167	0.043	1	chr5-7047650-7048973	5
0.0926596766450259	2.11086787021833	0.167	0.043	1	chr5-10601118-10602098	5
0.0926596766450259	2.02429004567279	0.167	0.043	1	chr5-58259335-58260629	5
0.0926596766450259	2.29387988951818	0.167	0.043	1	chr5-59547777-59549594	5
0.0926596766450259	2.03161973164774	0.167	0.043	1	chr5-64505906-64507025	5
0.0926596766450259	2.08498411309423	0.167	0.043	1	chr5-93305861-93306569	5
0.0926596766450259	2.02834958602718	0.167	0.043	1	chr5-101136196-101138030	5
0.0926596766450259	2.06945367579384	0.167	0.043	1	chr5-112956698-112960273	5
0.0926596766450259	1.98578936862304	0.167	0.043	1	chr5-113089638-113091516	5
0.0926596766450259	2.05773501525545	0.167	0.043	1	chr5-139481646-139482686	5
0.0926596766450259	2.0589971157757	0.167	0.043	1	chr5-157888698-157889849	5
0.0926596766450259	2.2242623679259	0.167	0.043	1	chr5-177524631-177525734	5
0.0926596766450259	2.01321516797755	0.167	0.043	1	chr6-3825177-3826876	5
0.0926596766450259	1.99338697954456	0.167	0.043	1	chr6-53614623-53616765	5
0.0926596766450259	2.17025374420395	0.167	0.043	1	chr6-125818509-125820506	5
0.0926596766450259	2.00866142617926	0.167	0.043	1	chr7-2399667-2400612	5
0.0926596766450259	2.01928586079286	0.167	0.043	1	chr7-5557647-5559476	5
0.0926596766450259	2.09359840011655	0.167	0.043	1	chr7-17599616-17600877	5
0.0926596766450259	1.99057785799562	0.167	0.043	1	chr7-26078546-26079517	5
0.0926596766450259	2.04684236363198	0.167	0.043	1	chr7-26667308-26668009	5
0.0926596766450259	2.04094399343895	0.167	0.043	1	chr7-29449481-29450657	5
0.0926596766450259	2.0769733086904	0.167	0.043	1	chr7-30403397-30404118	5
0.0926596766450259	2.03500912008871	0.167	0.043	1	chr7-47596236-47597218	5
0.0926596766450259	2.26222870135605	0.167	0.043	1	chr7-70737850-70738898	5
0.0926596766450259	2.02677300560155	0.167	0.043	1	chr7-155214008-155215205	5
0.0926596766450259	1.99095819012353	0.167	0.043	1	chr8-22129201-22130356	5
0.0926596766450259	2.0490060782964	0.167	0.043	1	chr8-63085041-63086748	5
0.0926596766450259	2.07464529592711	0.167	0.043	1	chr8-74984127-74985368	5
0.0926596766450259	2.09980381930074	0.167	0.043	1	chr8-94079461-94080334	5
0.0926596766450259	2.04348289269443	0.167	0.043	1	chr8-106146644-106147724	5
0.0926596766450259	2.08116539753663	0.167	0.043	1	chr8-116559902-116561916	5
0.0926596766450259	2.25147955787636	0.167	0.043	1	chr9-4932466-4933881	5
0.0926596766450259	2.01422938756512	0.167	0.043	1	chr9-80643835-80645577	5
0.0926596766450259	2.13682547833852	0.167	0.043	1	chr9-83744122-83744822	5
0.0926596766450259	2.0110396885137	0.167	0.043	1	chr10-70932209-70933040	5
0.0926596766450259	2.0393207993001	0.167	0.043	1	chr10-102492559-102494254	5
0.0926596766450259	2.13274273084687	0.167	0.043	1	chr10-112803723-112805111	5
0.0926596766450259	2.26030399751558	0.167	0.043	1	chr10-120095276-120098774	5
0.0926596766450259	2.05956052941195	0.167	0.043	1	chr10-133519884-133520975	5
0.0926596766450259	2.01066833903037	0.167	0.043	1	chr11-24067915-24068896	5
0.0926596766450259	2.09529424948886	0.167	0.043	1	chr11-57292698-57295409	5
0.0926596766450259	2.00308606539094	0.167	0.043	1	chr11-68374077-68375000	5
0.0926596766450259	1.9758167266468	0.167	0.043	1	chr11-121670901-121673592	5
0.0926596766450259	2.03264360368146	0.167	0.043	1	chr12-5793919-5794850	5
0.0926596766450259	2.06272163156382	0.167	0.043	1	chr12-34121291-34123530	5
0.0926596766450259	2.04506522243267	0.167	0.043	1	chr12-47032333-47033817	5
0.0926596766450259	2.09042233477607	0.167	0.043	1	chr12-53196975-53198282	5
0.0926596766450259	2.19887166817016	0.167	0.043	1	chr12-124238724-124239691	5
0.0926596766450259	2.04320147073521	0.167	0.043	1	chr13-40777105-40778036	5
0.0926596766450259	1.9887364368899	0.167	0.043	1	chr14-52350938-52352471	5
0.0926596766450259	2.0048194866151	0.167	0.043	1	chr14-61367448-61369207	5
0.0926596766450259	1.91030316595418	0.167	0.043	1	chr14-75273099-75274083	5
0.0926596766450259	1.98586983980392	0.167	0.043	1	chr14-105373933-105375090	5
0.0926596766450259	2.20115387720706	0.167	0.043	1	chr16-4293554-4294658	5
0.0926596766450259	2.06230624667799	0.167	0.043	1	chr16-14629329-14630807	5
0.0926596766450259	2.01486334538501	0.167	0.043	1	chr16-67362972-67364242	5
0.0926596766450259	1.99764041709392	0.167	0.043	1	chr16-80722835-80723808	5
0.0926596766450259	2.09212815769391	0.167	0.043	1	chr17-2484427-2486284	5
0.0926596766450259	2.02339322173193	0.167	0.043	1	chr18-58569303-58570048	5
0.0926596766450259	2.15752307924414	0.167	0.043	1	chr19-3657766-3658621	5
0.0926596766450259	1.99770478867627	0.167	0.043	1	chr19-15374500-15375582	5
0.0926596766450259	2.06671974476916	0.167	0.043	1	chr19-15431439-15433615	5
0.0926596766450259	2.0012993736659	0.167	0.043	1	chr19-53466981-53468448	5
0.0926596766450259	2.0298621824027	0.167	0.043	1	chr20-235839-236829	5
0.0926596766450259	2.0089918872073	0.167	0.043	1	chr20-34040190-34041311	5
0.0926596766450259	2.00926969283556	0.167	0.043	1	chr20-44302042-44302886	5
0.0926596766450259	2.03311719058822	0.167	0.043	1	chr20-53869465-53871311	5
0.0926596766450259	2.00007597839697	0.167	0.043	1	chr20-64232816-64234438	5
0.0926596766450259	2.12686218506625	0.167	0.043	1	chr21-43810509-43811552	5
0.0926596766450259	1.97455359975265	0.167	0.043	1	chr21-43879742-43880971	5
0.0926596766450259	2.13127994796368	0.167	0.043	1	chr22-23179558-23181337	5
0.0926596766450259	2.01857107213966	0.167	0.043	1	chr22-24145644-24147430	5
0.0926596766450259	2.05008508418946	0.167	0.043	1	chr22-25627377-25629044	5
0.0926596766450259	2.00406810132351	0.167	0.043	1	chr22-30212289-30213402	5
0.0926596766450259	2.12688743311478	0.167	0.043	1	chr22-46390306-46391441	5
0.0926596766450259	1.96172153395389	0.167	0.043	1	chrX-29687661-29688253	5
0.0926596766450259	2.06053050943216	0.167	0.043	1	chrX-104112286-104113730	5
0.0926596766450259	2.11054070119535	0.167	0.043	1	chrX-119656141-119656904	5
0.0932262195086428	0.934347183830124	0.444	0.191	1	chr5-36875190-36879116	5
0.093511784971666	1.08327967025456	0.389	0.191	1	chr4-127880098-127882175	5
0.093511784971666	1.14471682454667	0.389	0.191	1	chr10-101353519-101355071	5
0.0938491512365402	1.5960686774425	0.222	0.064	1	chr7-102991445-102993641	5
0.0938491512365402	1.53290394820522	0.222	0.064	1	chr8-104552693-104553990	5
0.0938491512365402	1.55689398744313	0.222	0.064	1	chr12-116636449-116637964	5
0.0938491512365402	1.63740473509601	0.222	0.064	1	chr14-20998021-20999848	5
0.0950352045021106	1.25062464675733	0.278	0.106	1	chr1-115676038-115677529	5
0.0950352045021106	1.40415520895349	0.278	0.106	1	chr5-2750279-2752938	5
0.0950352045021106	1.37343278886157	0.278	0.106	1	chr7-96548371-96549375	5
0.0950352045021106	1.39149037556864	0.278	0.106	1	chr17-4160752-4163193	5
0.0950418111980024	0.932567632023622	0.444	0.234	1	chr10-119595275-119597871	5
0.095266702894069	1.12091124035462	0.333	0.149	1	chr10-14877280-14880232	5
0.0953991620876745	0.785721138976691	0.556	0.426	1	chr7-50745691-50794203	5
0.0965928216705303	1.16453621140749	0.333	0.17	1	chr22-20494765-20497131	5
0.096757198435681	1.36360017945395	0.278	0.128	1	chr3-75302721-75304630	5
0.096757198435681	1.34732153614123	0.278	0.128	1	chr19-54172364-54173690	5
0.0974920085622542	0.69062771256752	0.5	0.34	1	chr3-128122902-128124517	5
0.0975485838462253	1.67793521639623	0.222	0.085	1	chr5-143506803-143508111	5
0.0975485838462253	1.68041011954099	0.222	0.085	1	chr7-4641259-4643000	5
0.0975485838462253	1.63320551614248	0.222	0.085	1	chr8-22103091-22105526	5
0.0975485838462253	1.84443861136065	0.222	0.085	1	chr11-85756277-85758750	5
0.0975485838462253	1.84762349499057	0.222	0.085	1	chr19-34457356-34460427	5
0.0975485838462253	1.68017858854426	0.222	0.085	1	chr22-20298663-20300307	5
0.0982354881736238	0.691342512994591	0.611	0.489	1	chr1-212283938-212287595	5
0.0987106392712267	0.959529183890368	0.444	0.234	1	chr12-123362547-123366148	5
0.098908509649234	0.96323368672374	0.389	0.213	1	chr12-49129518-49132494	5
0.0989828818173563	1.96851478411003	0.167	0.043	1	chr1-2194375-2195836	5
0.0989828818173563	2.00780137054243	0.167	0.043	1	chr1-9167333-9168124	5
0.0989828818173563	1.98254192951301	0.167	0.043	1	chr1-9554947-9556426	5
0.0989828818173563	1.92148598782782	0.167	0.043	1	chr1-64686680-64687784	5
0.0989828818173563	1.9859628067677	0.167	0.043	1	chr1-82464180-82465570	5
0.0989828818173563	2.10186980355238	0.167	0.043	1	chr1-86992583-86994436	5
0.0989828818173563	1.96801004565434	0.167	0.043	1	chr1-89261424-89263133	5
0.0989828818173563	1.95249235259788	0.167	0.043	1	chr1-150267843-150269587	5
0.0989828818173563	2.12088035268774	0.167	0.043	1	chr1-167671446-167672484	5
0.0989828818173563	1.88668471180242	0.167	0.043	1	chr1-169128528-169137890	5
0.0989828818173563	1.9702184643757	0.167	0.043	1	chr1-175071798-175073076	5
0.0989828818173563	1.88928882391939	0.167	0.043	1	chr1-175217642-175220114	5
0.0989828818173563	1.96299522368078	0.167	0.043	1	chr1-224513597-224514308	5
0.0989828818173563	2.09547280528066	0.167	0.043	1	chr2-23009538-23010447	5
0.0989828818173563	2.02376438648035	0.167	0.043	1	chr2-102505135-102506031	5
0.0989828818173563	1.91021211243385	0.167	0.043	1	chr2-111698656-111699561	5
0.0989828818173563	2.0044663358635	0.167	0.043	1	chr2-127576060-127576923	5
0.0989828818173563	1.97725972526773	0.167	0.043	1	chr2-232131892-232133418	5
0.0989828818173563	1.9300027911193	0.167	0.043	1	chr2-239927287-239928035	5
0.0989828818173563	1.92196334286612	0.167	0.043	1	chr2-241734071-241735900	5
0.0989828818173563	2.04220660508905	0.167	0.043	1	chr3-2326028-2326778	5
0.0989828818173563	1.92685341223062	0.167	0.043	1	chr3-3734796-3735404	5
0.0989828818173563	1.96909722167146	0.167	0.043	1	chr3-16456614-16457556	5
0.0989828818173563	1.98049094892742	0.167	0.043	1	chr3-37741452-37742314	5
0.0989828818173563	1.96305290818465	0.167	0.043	1	chr3-42514936-42517644	5
0.0989828818173563	2.02965279711011	0.167	0.043	1	chr3-46110515-46111327	5
0.0989828818173563	1.9456615830181	0.167	0.043	1	chr3-72027607-72028319	5
0.0989828818173563	1.93652079192223	0.167	0.043	1	chr3-101195824-101196554	5
0.0989828818173563	1.96740751628068	0.167	0.043	1	chr3-134650796-134652997	5
0.0989828818173563	2.00602374466869	0.167	0.043	1	chr3-186492304-186496170	5
0.0989828818173563	1.95858291741446	0.167	0.043	1	chr4-25826068-25828107	5
0.0989828818173563	1.9722272036329	0.167	0.043	1	chr4-74374528-74375567	5
0.0989828818173563	2.00455967780157	0.167	0.043	1	chr4-76526209-76527267	5
0.0989828818173563	1.93579307207287	0.167	0.043	1	chr4-77697894-77698779	5
0.0989828818173563	2.0340368369054	0.167	0.043	1	chr4-78512250-78513227	5
0.0989828818173563	2.00398408253177	0.167	0.043	1	chr4-78661628-78662563	5
0.0989828818173563	2.00225780144589	0.167	0.043	1	chr4-113498920-113499835	5
0.0989828818173563	1.96380730577173	0.167	0.043	1	chr4-159248412-159249326	5
0.0989828818173563	2.02957694267351	0.167	0.043	1	chr5-55218893-55219406	5
0.0989828818173563	1.93353499816564	0.167	0.043	1	chr5-58264227-58266216	5
0.0989828818173563	1.88813518580751	0.167	0.043	1	chr5-96733762-96734661	5
0.0989828818173563	1.96481836296807	0.167	0.043	1	chr5-96923730-96924945	5
0.0989828818173563	1.90293927009553	0.167	0.043	1	chr5-110384938-110385666	5
0.0989828818173563	1.82610985941077	0.167	0.043	1	chr5-169641046-169641967	5
0.0989828818173563	1.96248758471834	0.167	0.043	1	chr6-25971087-25972797	5
0.0989828818173563	2.13149681730479	0.167	0.043	1	chr6-132279467-132280206	5
0.0989828818173563	1.84029395373112	0.167	0.043	1	chr6-152277556-152278473	5
0.0989828818173563	1.96059939610948	0.167	0.043	1	chr6-170152305-170153667	5
0.0989828818173563	2.04357844196791	0.167	0.043	1	chr7-96595715-96597547	5
0.0989828818173563	1.97207209207688	0.167	0.043	1	chr7-98420728-98421621	5
0.0989828818173563	1.93961314650305	0.167	0.043	1	chr7-133055933-133057363	5
0.0989828818173563	1.97414807348902	0.167	0.043	1	chr8-21565630-21566991	5
0.0989828818173563	2.00235452230213	0.167	0.043	1	chr8-27404672-27405948	5
0.0989828818173563	1.96845807901137	0.167	0.043	1	chr8-120927614-120928618	5
0.0989828818173563	1.93306311686335	0.167	0.043	1	chr9-34162593-34163909	5
0.0989828818173563	1.90868397625023	0.167	0.043	1	chr9-38170897-38171742	5
0.0989828818173563	1.71776702806292	0.167	0.043	1	chr9-101957414-101958462	5
0.0989828818173563	1.99106260171219	0.167	0.043	1	chr10-16891318-16892288	5
0.0989828818173563	1.96855892977719	0.167	0.043	1	chr10-46018741-46020146	5
0.0989828818173563	2.06700294066192	0.167	0.043	1	chr10-79245540-79247441	5
0.0989828818173563	2.03385270953451	0.167	0.043	1	chr10-79423973-79425424	5
0.0989828818173563	1.90909723357514	0.167	0.043	1	chr10-111971856-111972775	5
0.0989828818173563	2.00340721811025	0.167	0.043	1	chr11-10793743-10794473	5
0.0989828818173563	2.16483085514744	0.167	0.043	1	chr11-16956451-16957283	5
0.0989828818173563	1.93578944991576	0.167	0.043	1	chr11-37368080-37369068	5
0.0989828818173563	1.91252824294085	0.167	0.043	1	chr11-110710903-110712773	5
0.0989828818173563	2.04710388671875	0.167	0.043	1	chr12-1574647-1577441	5
0.0989828818173563	1.97144238785967	0.167	0.043	1	chr12-57782402-57783601	5
0.0989828818173563	1.93048136892215	0.167	0.043	1	chr12-80321563-80322300	5
0.0989828818173563	1.90402392224965	0.167	0.043	1	chr12-120835904-120836752	5
0.0989828818173563	1.92503074535808	0.167	0.043	1	chr12-132274718-132275819	5
0.0989828818173563	1.94617763621529	0.167	0.043	1	chr13-27919615-27920390	5
0.0989828818173563	1.95715817978149	0.167	0.043	1	chr15-31334904-31337218	5
0.0989828818173563	1.9380827837381	0.167	0.043	1	chr15-57591441-57592306	5
0.0989828818173563	1.98470486085421	0.167	0.043	1	chr15-60870609-60872373	5
0.0989828818173563	2.1504506579466	0.167	0.043	1	chr15-90075186-90076082	5
0.0989828818173563	1.97543749369592	0.167	0.043	1	chr15-90191508-90192653	5
0.0989828818173563	2.10709327893678	0.167	0.043	1	chr15-91571996-91572678	5
0.0989828818173563	2.00069108481915	0.167	0.043	1	chr15-99100281-99101015	5
0.0989828818173563	1.98203425830391	0.167	0.043	1	chr16-15442014-15443116	5
0.0989828818173563	2.06436687238439	0.167	0.043	1	chr16-22924228-22925040	5
0.0989828818173563	1.99294008283094	0.167	0.043	1	chr17-77681711-77682425	5
0.0989828818173563	2.00522591969522	0.167	0.043	1	chr18-78542137-78542912	5
0.0989828818173563	2.20139363558563	0.167	0.043	1	chr19-1244141-1246252	5
0.0989828818173563	1.95652606799218	0.167	0.043	1	chr19-4337811-4339288	5
0.0989828818173563	1.97630108486462	0.167	0.043	1	chr19-18966364-18968276	5
0.0989828818173563	1.75322903145942	0.167	0.043	1	chr19-43618818-43620574	5
0.0989828818173563	1.91254313227349	0.167	0.043	1	chr20-36472269-36473490	5
0.0989828818173563	1.95874764715486	0.167	0.043	1	chr20-38084258-38085257	5
0.0989828818173563	1.95550083735699	0.167	0.043	1	chr20-43959070-43960310	5
0.0989828818173563	1.93339330454123	0.167	0.043	1	chr20-48656830-48658973	5
0.0989828818173563	1.92882234771489	0.167	0.043	1	chr22-38614658-38615653	5
0.0989828818173563	2.05119823808661	0.167	0.043	1	chr22-42357180-42358270	5
0.0989828818173563	2.00681060302953	0.167	0.043	1	chrX-2592208-2593781	5
0.0989828818173563	1.96200855575948	0.167	0.043	1	chrX-13688404-13690404	5
0.0989828818173563	1.89695258165067	0.167	0.043	1	chrX-65986147-65986677	5
0.0989828818173563	2.01592006275462	0.167	0.043	1	chrX-87629234-87629760	5
0.0989828818173563	1.85181571416991	0.167	0.043	1	chrX-149392835-149393601	5
0.0989828818173563	1.98331339288512	0.167	0.043	1	chrY-2797743-2798405	5
0.0989828818173563	2.10901156164835	0.167	0.043	1	chrY-7016286-7017180	5
0.0994373899758637	0.624306452471218	0.556	0.383	1	chr10-99619527-99621964	5
0.0997501032376118	1.33349652974797	0.278	0.106	1	chr2-86621293-86624493	5
0.0997501032376118	1.28870988068147	0.278	0.106	1	chr5-23506357-23508000	5
0.0997501032376118	1.28136301514229	0.278	0.106	1	chr10-19815232-19817949	5
0.100753173973057	1.1205683473508	0.333	0.17	1	chr1-200738018-200740651	5
0.100753173973057	1.14889136150356	0.333	0.17	1	chr8-47958776-47962026	5
0.100753173973057	1.27137088626358	0.333	0.17	1	chr16-31450858-31455784	5
0.100753173973057	1.23504744313032	0.333	0.17	1	chrX-65533541-65535489	5
0.101350956336798	1.45396613081608	0.278	0.128	1	chr10-12605167-12606840	5
0.101350956336798	1.36566853764724	0.278	0.128	1	chr10-119024874-119027350	5
0.101350956336798	1.30833839043027	0.278	0.128	1	chr14-102316004-102318418	5
0.102847937395099	1.08462152446211	0.389	0.213	1	chr1-156281175-156285110	5
0.102847937395099	1.09415217811781	0.389	0.213	1	chr1-193103818-193106292	5
0.102847937395099	1.01377748170445	0.389	0.213	1	chr7-90766442-90768629	5
0.102854801753118	1.48595793822935	0.222	0.085	1	chr4-76849709-76850660	5
0.102854801753118	1.53552704801691	0.222	0.085	1	chr5-154286674-154288783	5
0.102854801753118	1.5446951666058	0.222	0.085	1	chr6-31896897-31899131	5
0.102854801753118	1.52372130043115	0.222	0.085	1	chr8-1631177-1632309	5
0.102854801753118	1.60908863206572	0.222	0.085	1	chr8-30801224-30805164	5
0.102854801753118	1.65802324414225	0.222	0.085	1	chr11-46674752-46676244	5
0.102854801753118	1.5295031895334	0.222	0.085	1	chr11-102476215-102477498	5
0.102854801753118	1.69649698602714	0.222	0.085	1	chr12-74316507-74317855	5
0.102854801753118	1.50593545930736	0.222	0.085	1	chr13-23488266-23489124	5
0.102854801753118	1.66130537667415	0.222	0.085	1	chr14-81684376-81685581	5
0.102854801753118	1.60038711956206	0.222	0.085	1	chr16-19245021-19246007	5
0.102854801753118	1.58169373062746	0.222	0.085	1	chr16-88764734-88765822	5
0.102854801753118	1.58252774646115	0.222	0.085	1	chr18-59502116-59503272	5
0.102854801753118	1.61617556778203	0.222	0.085	1	chr22-20566696-20568422	5
0.103890417188605	1.24752972519338	0.333	0.149	1	chr1-21781851-21784298	5
0.103890417188605	1.17962688843374	0.333	0.149	1	chr3-189303264-189305832	5
0.103890417188605	1.13715527261856	0.333	0.149	1	chr12-49264045-49266193	5
0.103890417188605	1.13944473077129	0.333	0.149	1	chr19-17243455-17247252	5
0.103890417188605	1.12600494418464	0.333	0.149	1	chr19-55257429-55260179	5
0.104649728888662	1.24624433004152	0.278	0.106	1	chr10-77856951-77857918	5
0.104649728888662	1.30443925427861	0.278	0.106	1	chr10-118589981-118590858	5
0.104649728888662	1.35740742199472	0.278	0.106	1	chr15-56918077-56920176	5
0.105055084484523	1.14462154762681	0.333	0.17	1	chr12-6923850-6926743	5
0.105541485302982	1.31648869717132	0.333	0.191	1	chr4-65240884-65243060	5
0.105645851039225	1.85754272917208	0.167	0.043	1	chr1-12244290-12245286	5
0.105645851039225	1.99297961202191	0.167	0.043	1	chr1-44782814-44784329	5
0.105645851039225	1.82762145118243	0.167	0.043	1	chr1-111358720-111360570	5
0.105645851039225	1.82523138444165	0.167	0.043	1	chr1-205068437-205070373	5
0.105645851039225	1.93932055539987	0.167	0.043	1	chr1-213153346-213155265	5
0.105645851039225	1.76425392512464	0.167	0.043	1	chr1-232820026-232821084	5
0.105645851039225	1.91124141591804	0.167	0.043	1	chr2-115388692-115389455	5
0.105645851039225	1.97066823595054	0.167	0.043	1	chr2-173050621-173051864	5
0.105645851039225	1.8607585366063	0.167	0.043	1	chr3-25259633-25260593	5
0.105645851039225	1.8550801245235	0.167	0.043	1	chr3-46930517-46932395	5
0.105645851039225	1.90211784632741	0.167	0.043	1	chr3-46935393-46935927	5
0.105645851039225	1.80243427551025	0.167	0.043	1	chr3-58104478-58106016	5
0.105645851039225	1.98209226095007	0.167	0.043	1	chr3-111717236-111718163	5
0.105645851039225	1.95125441438743	0.167	0.043	1	chr3-127073880-127075475	5
0.105645851039225	1.90077621238989	0.167	0.043	1	chr3-179825618-179827414	5
0.105645851039225	1.86885357788802	0.167	0.043	1	chr4-37527772-37528639	5
0.105645851039225	1.92684931142902	0.167	0.043	1	chr4-57442641-57444261	5
0.105645851039225	1.85616663525539	0.167	0.043	1	chr4-70778630-70779712	5
0.105645851039225	1.8540581218832	0.167	0.043	1	chr4-86497024-86499164	5
0.105645851039225	2.00044940407916	0.167	0.043	1	chr4-87149933-87152224	5
0.105645851039225	1.91906497752935	0.167	0.043	1	chr5-73822622-73823834	5
0.105645851039225	1.96221890864762	0.167	0.043	1	chr5-132414536-132415586	5
0.105645851039225	1.929084258511	0.167	0.043	1	chr6-96575649-96576765	5
0.105645851039225	2.0011134964869	0.167	0.043	1	chr6-107264146-107264937	5
0.105645851039225	1.87301135597611	0.167	0.043	1	chr6-127971894-127972676	5
0.105645851039225	1.80238599214449	0.167	0.043	1	chr6-169452009-169452946	5
0.105645851039225	1.90980828457896	0.167	0.043	1	chr7-5450057-5453106	5
0.105645851039225	1.94842154361858	0.167	0.043	1	chr8-143902357-143905250	5
0.105645851039225	1.96513672992383	0.167	0.043	1	chr10-12349045-12351096	5
0.105645851039225	2.01787089815718	0.167	0.043	1	chr10-63921957-63923345	5
0.105645851039225	1.84575551378129	0.167	0.043	1	chr11-46251992-46253340	5
0.105645851039225	1.95994048696448	0.167	0.043	1	chr11-73625575-73626293	5
0.105645851039225	1.91813511460408	0.167	0.043	1	chr11-78795804-78797566	5
0.105645851039225	1.92154835758806	0.167	0.043	1	chr11-93570636-93571355	5
0.105645851039225	1.80165793501836	0.167	0.043	1	chr12-14650513-14652092	5
0.105645851039225	1.93049926372713	0.167	0.043	1	chr12-45743137-45743956	5
0.105645851039225	1.83004941280437	0.167	0.043	1	chr12-111643260-111644026	5
0.105645851039225	1.95288064080535	0.167	0.043	1	chr12-118115497-118116555	5
0.105645851039225	1.81976255555345	0.167	0.043	1	chr14-77580491-77581762	5
0.105645851039225	1.92339150000207	0.167	0.043	1	chr15-58329950-58330938	5
0.105645851039225	1.82611036566964	0.167	0.043	1	chr15-58951391-58952461	5
0.105645851039225	1.94126315349314	0.167	0.043	1	chr16-56194143-56195747	5
0.105645851039225	1.94172012665944	0.167	0.043	1	chr17-37449538-37451220	5
0.105645851039225	1.90679430560034	0.167	0.043	1	chr17-53141186-53141937	5
0.105645851039225	1.89599318439723	0.167	0.043	1	chr17-75666774-75667781	5
0.105645851039225	1.89623470747672	0.167	0.043	1	chr19-37334149-37335213	5
0.105645851039225	1.91568534623265	0.167	0.043	1	chr22-44975274-44975987	5
0.105758220248531	0.699092888517835	0.5	0.319	1	chr6-147202081-147205253	5
0.106116759661252	1.23549445190983	0.278	0.128	1	chr1-8181983-8183106	5
0.106116759661252	1.30185946691462	0.278	0.128	1	chr1-241615147-241616964	5
0.106116759661252	1.3280708288384	0.278	0.128	1	chr3-178083943-178087912	5
0.106116759661252	1.31529937126275	0.278	0.128	1	chr4-48905403-48907440	5
0.106116759661252	1.30951215425264	0.278	0.128	1	chr4-87659098-87660300	5
0.106116759661252	1.31241655436949	0.278	0.128	1	chr5-145981463-145982930	5
0.106116759661252	1.32958821141472	0.278	0.128	1	chr10-46022932-46023975	5
0.106116759661252	1.38661429472826	0.278	0.128	1	chr11-47118610-47119771	5
0.106116759661252	1.44003466204497	0.278	0.128	1	chr17-47948257-47950886	5
0.106116759661252	1.24221559368297	0.278	0.128	1	chr19-33292462-33294648	5
0.106911151321709	0.922618049388528	0.389	0.213	1	chr2-219596951-219598810	5
0.108388066252441	1.57146194276894	0.222	0.085	1	chr1-180153873-180155961	5
0.108388066252441	1.5421315389944	0.222	0.085	1	chr3-142828482-142829315	5
0.108388066252441	1.61659781729571	0.222	0.085	1	chr3-159763146-159765783	5
0.108388066252441	1.53546173586334	0.222	0.085	1	chr4-141220431-141221771	5
0.108388066252441	1.61802852960507	0.222	0.085	1	chr5-10701483-10705692	5
0.108388066252441	1.59806916554377	0.222	0.085	1	chr5-78638127-78639362	5
0.108388066252441	1.54151192816495	0.222	0.085	1	chr5-131381939-131382960	5
0.108388066252441	1.49119883925934	0.222	0.085	1	chr10-133437689-133439262	5
0.108388066252441	1.57470708916542	0.222	0.085	1	chr11-60995859-60997349	5
0.108388066252441	1.50810435750642	0.222	0.085	1	chr12-56467963-56470055	5
0.108388066252441	1.59283407970959	0.222	0.085	1	chr14-93049032-93052732	5
0.108388066252441	1.59989134750044	0.222	0.085	1	chr16-67429695-67432657	5
0.108388066252441	1.59870451067358	0.222	0.085	1	chr17-4677456-4680282	5
0.108388066252441	1.49960638838236	0.222	0.085	1	chr17-15965478-15967287	5
0.108388066252441	1.63486499594778	0.222	0.085	1	chr17-49360137-49363137	5
0.108388066252441	1.73968316393512	0.222	0.085	1	chr17-67717087-67719106	5
0.108388066252441	1.76505606814056	0.222	0.085	1	chr18-21637326-21640005	5
0.108429055226704	1.09649845426679	0.333	0.149	1	chr9-33263086-33265628	5
0.108489136617348	0.780057686074573	0.444	0.255	1	chr8-11807433-11809896	5
0.109461400275108	0.776035384843763	0.5	0.319	1	chr2-164839839-164844014	5
0.109501521272591	1.12100366847181	0.333	0.17	1	chr3-11508509-11510770	5
0.109738544144947	1.35895611267843	0.278	0.106	1	chr1-177871707-177873956	5
0.109738544144947	1.35514856588664	0.278	0.106	1	chr16-85490931-85493012	5
0.109738544144947	1.16019595844219	0.278	0.106	1	chr17-21200226-21201788	5
0.110197803389533	0.871780021575329	0.444	0.277	1	chr17-8117610-8123560	5
0.110398844951969	0.755974934745999	0.444	0.234	1	chr11-133925835-133929587	5
0.11105856220342	1.23950877783788	0.278	0.128	1	chr7-151875044-151877950	5
0.11105856220342	1.18940732736157	0.278	0.128	1	chr9-90555066-90556588	5
0.11105856220342	1.30850191347056	0.278	0.128	1	chr12-122752145-122753921	5
0.11105856220342	1.3661789978821	0.278	0.128	1	chr21-16279598-16282428	5
0.11105856220342	1.1926746385572	0.278	0.128	1	chrX-2608535-2610661	5
0.111192076212513	0.623186914335053	0.611	0.383	1	chr4-140149817-140154952	5
0.112111707543404	1.11963061277203	0.389	0.17	1	chr15-41773727-41775371	5
0.11265977760854	1.82529105024645	0.167	0.043	1	chr1-8873488-8874081	5
0.11265977760854	1.79326029030696	0.167	0.043	1	chr1-33639523-33641530	5
0.11265977760854	1.83456210750446	0.167	0.043	1	chr1-110798629-110799535	5
0.11265977760854	1.8872164111191	0.167	0.043	1	chr1-222950604-222951316	5
0.11265977760854	1.63129667852616	0.167	0.043	1	chr1-232164037-232165203	5
0.11265977760854	1.79846508169293	0.167	0.043	1	chr2-169109539-169110358	5
0.11265977760854	1.74437480960882	0.167	0.043	1	chr2-231677503-231678243	5
0.11265977760854	1.90036772252419	0.167	0.043	1	chr3-22089137-22089785	5
0.11265977760854	1.70057678921921	0.167	0.043	1	chr3-22928066-22929104	5
0.11265977760854	1.88529461297021	0.167	0.043	1	chr3-120198183-120198943	5
0.11265977760854	1.74997914169446	0.167	0.043	1	chr3-182713810-182714709	5
0.11265977760854	1.68422798648778	0.167	0.043	1	chr4-1850926-1853639	5
0.11265977760854	1.76227754702818	0.167	0.043	1	chr4-13640218-13643180	5
0.11265977760854	1.85126535767241	0.167	0.043	1	chr4-24373444-24374447	5
0.11265977760854	1.5738484780069	0.167	0.043	1	chr4-139496395-139498243	5
0.11265977760854	1.78201802530152	0.167	0.043	1	chr5-119784667-119785699	5
0.11265977760854	1.86515518796504	0.167	0.043	1	chr5-129152153-129153000	5
0.11265977760854	1.85982975652037	0.167	0.043	1	chr5-141177516-141178059	5
0.11265977760854	1.722146739922	0.167	0.043	1	chr5-141821310-141822773	5
0.11265977760854	1.77353580452051	0.167	0.043	1	chr6-57316280-57318116	5
0.11265977760854	1.74700023910146	0.167	0.043	1	chr6-138468279-138469722	5
0.11265977760854	1.85884096141327	0.167	0.043	1	chr7-127252684-127254369	5
0.11265977760854	1.84453529706751	0.167	0.043	1	chr8-18690918-18692516	5
0.11265977760854	1.81812770022638	0.167	0.043	1	chr8-53880713-53882277	5
0.11265977760854	1.90762800793317	0.167	0.043	1	chr10-4661511-4663750	5
0.11265977760854	1.6927102348012	0.167	0.043	1	chr11-27455824-27457357	5
0.11265977760854	1.73235846718993	0.167	0.043	1	chr11-93476461-93477795	5
0.11265977760854	1.71409504007859	0.167	0.043	1	chr12-105933866-105935012	5
0.11265977760854	1.92634013007622	0.167	0.043	1	chr14-75717526-75718360	5
0.11265977760854	1.9012996414741	0.167	0.043	1	chr14-81529272-81531285	5
0.11265977760854	1.90175789996562	0.167	0.043	1	chr15-98779346-98780228	5
0.11265977760854	1.697966775531	0.167	0.043	1	chr16-58756100-58757682	5
0.11265977760854	1.74276468159747	0.167	0.043	1	chr18-63322639-63323454	5
0.11265977760854	1.80063174813581	0.167	0.043	1	chr20-956196-957033	5
0.11265977760854	1.77560110283003	0.167	0.043	1	chr21-31310021-31311515	5
0.11265977760854	1.81177779375069	0.167	0.043	1	chr21-39675856-39676767	5
0.11265977760854	1.72624887440247	0.167	0.043	1	chr22-29679183-29679833	5
0.11265977760854	1.72866060761365	0.167	0.043	1	chr22-49825842-49828318	5
0.11265977760854	1.83343840448996	0.167	0.043	1	chrX-46952937-46954150	5
0.11265977760854	1.79176395064844	0.167	0.043	1	chrX-53362436-53363763	5
0.113123179718536	1.13834750689479	0.333	0.149	1	chr20-10505080-10509290	5
0.114058436965875	0.997196581687502	0.389	0.191	1	chr6-34535345-34539077	5
0.114095429983439	1.05013246200156	0.333	0.17	1	chr12-64780052-64783066	5
0.11415428646135	1.59211542471304	0.222	0.085	1	chr2-26242992-26246361	5
0.11415428646135	1.55391109647745	0.222	0.085	1	chr3-38114553-38119297	5
0.11415428646135	1.54887921296848	0.222	0.085	1	chr3-194536835-194538345	5
0.11415428646135	1.67376648691953	0.222	0.085	1	chr4-1008663-1012899	5
0.11415428646135	1.51199382269218	0.222	0.085	1	chr5-73282503-73285397	5
0.11415428646135	1.51923919545959	0.222	0.085	1	chr5-159877531-159879612	5
0.11415428646135	1.53819818658051	0.222	0.085	1	chr6-46169541-46171944	5
0.11415428646135	1.51892499541224	0.222	0.085	1	chr6-151051819-151053324	5
0.11415428646135	1.65442066940309	0.222	0.085	1	chr6-158780228-158783239	5
0.11415428646135	1.48063822302991	0.222	0.085	1	chr9-130051432-130052602	5
0.11415428646135	1.63200984336994	0.222	0.085	1	chr12-51954019-51956425	5
0.11415428646135	1.30409038033404	0.222	0.085	1	chr12-56085806-56087699	5
0.11415428646135	1.46866404034787	0.222	0.085	1	chr12-57242276-57244286	5
0.11415428646135	1.53826176960632	0.222	0.085	1	chr13-34941445-34942925	5
0.11415428646135	1.64137919929578	0.222	0.085	1	chr16-180078-182036	5
0.11415428646135	1.57453285145281	0.222	0.085	1	chr16-89971609-89974475	5
0.11415428646135	1.45673293719478	0.222	0.085	1	chr17-34361322-34362009	5
0.11415428646135	1.47315531914267	0.222	0.085	1	chr19-10095402-10096946	5
0.11415428646135	1.44554507082119	0.222	0.085	1	chr19-57558805-57560436	5
0.11415428646135	1.59972763682224	0.222	0.085	1	chr20-5749928-5751338	5
0.11415428646135	1.4705058727114	0.222	0.085	1	chr20-35559587-35562015	5
0.11415428646135	1.54807713963716	0.222	0.085	1	chr21-36698036-36702019	5
0.115020973825111	1.19482048573116	0.278	0.106	1	chr6-137587672-137589905	5
0.115020973825111	1.13181050387628	0.278	0.106	1	chr7-131105370-131108677	5
0.115020973825111	1.22436892692713	0.278	0.106	1	chr13-30306486-30307954	5
0.115418448477228	0.952352974188966	0.389	0.213	1	chr4-90949819-90951762	5
0.115418448477228	0.953898456324307	0.389	0.213	1	chr5-177445110-177448667	5
0.115418448477228	0.946352875580942	0.389	0.213	1	chr10-68955037-68958450	5
0.115418448477228	0.972783244680275	0.389	0.213	1	chr14-90396347-90400316	5
0.116180283251494	1.26345976490823	0.278	0.128	1	chr1-62621786-62622514	5
0.116180283251494	1.2517372146566	0.278	0.128	1	chr1-155037913-155039587	5
0.116180283251494	1.18910323905241	0.278	0.128	1	chr2-113830793-113831721	5
0.116180283251494	1.24033478695332	0.278	0.128	1	chr3-9715018-9716484	5
0.116180283251494	1.33124922632486	0.278	0.128	1	chr4-38871518-38874031	5
0.116180283251494	1.29805508918334	0.278	0.128	1	chr17-2335434-2338348	5
0.116259088681114	0.954760541586845	0.389	0.234	1	chr12-6276838-6280732	5
0.116259088681114	1.04580956578654	0.389	0.234	1	chr17-75556711-75560476	5
0.117249070673846	0.553232058620356	0.556	0.383	1	chr5-154856671-154860551	5
0.118508277692236	0.831647834268713	0.5	0.298	1	chr1-174158294-174160748	5
0.118508277692236	0.87698568113517	0.5	0.298	1	chr5-140718008-140720791	5
0.118565658162558	0.868601822288935	0.389	0.191	1	chr1-42957208-42959843	5
0.118565658162558	0.927756926809363	0.389	0.191	1	chr2-219398523-219400799	5
0.1188397293603	1.03751980480592	0.333	0.17	1	chr5-142108257-142111186	5
0.1188397293603	0.990731381009586	0.333	0.17	1	chr19-4693754-4695235	5
0.119867238434348	0.916103592399378	0.389	0.213	1	chr9-96079866-96081088	5
0.120035719673621	1.77621772799284	0.167	0.043	1	chr1-10507174-10508967	5
0.120035719673621	1.82777536286392	0.167	0.043	1	chr1-78113931-78115022	5
0.120035719673621	1.73481923499215	0.167	0.043	1	chr1-156368033-156369824	5
0.120035719673621	1.68541792666841	0.167	0.043	1	chr1-234261830-234263373	5
0.120035719673621	1.54530405151784	0.167	0.043	1	chr2-158885156-158886416	5
0.120035719673621	1.83260488028704	0.167	0.043	1	chr2-236702069-236703974	5
0.120035719673621	1.84500552104456	0.167	0.043	1	chr6-132734393-132735394	5
0.120035719673621	1.75003772014245	0.167	0.043	1	chr6-170030423-170032113	5
0.120035719673621	1.66169723211561	0.167	0.043	1	chr7-11169902-11170988	5
0.120035719673621	1.78503815103046	0.167	0.043	1	chr8-80246456-80247814	5
0.120035719673621	1.79109589037139	0.167	0.043	1	chr9-88801155-88802204	5
0.120035719673621	1.82918399991253	0.167	0.043	1	chr10-104580527-104581436	5
0.120035719673621	1.92174567849359	0.167	0.043	1	chr12-63839301-63839837	5
0.120035719673621	1.84595023605305	0.167	0.043	1	chr14-61101739-61103544	5
0.120035719673621	1.73801242927493	0.167	0.043	1	chr17-36485906-36487583	5
0.120035719673621	1.75853477496994	0.167	0.043	1	chr17-40071218-40073150	5
0.120035719673621	1.72223285352217	0.167	0.043	1	chr19-50908069-50910039	5
0.120035719673621	1.7904202145098	0.167	0.043	1	chr22-38696546-38697797	5
0.120159306490482	1.50309015134963	0.222	0.085	1	chr1-208202561-208204547	5
0.120159306490482	1.5310645218741	0.222	0.085	1	chr1-223886186-223887259	5
0.120159306490482	1.43762883988361	0.222	0.085	1	chr2-48221528-48222500	5
0.120159306490482	1.45967823150945	0.222	0.085	1	chr3-54321450-54323050	5
0.120159306490482	1.38570260999924	0.222	0.085	1	chr3-64547921-64549244	5
0.120159306490482	1.45496025438933	0.222	0.085	1	chr4-8795461-8796855	5
0.120159306490482	1.56077003442427	0.222	0.085	1	chr5-16546407-16549233	5
0.120159306490482	1.57392149787187	0.222	0.085	1	chr5-61385794-61387101	5
0.120159306490482	1.38319679722308	0.222	0.085	1	chr5-172065339-172066806	5
0.120159306490482	1.47008141296763	0.222	0.085	1	chr6-3740780-3743164	5
0.120159306490482	1.54503440710257	0.222	0.085	1	chr7-29441796-29443547	5
0.120159306490482	1.47918880390839	0.222	0.085	1	chr7-112480299-112482659	5
0.120159306490482	1.49578365469686	0.222	0.085	1	chr10-103598547-103599617	5
0.120159306490482	1.45266074505253	0.222	0.085	1	chr11-65314117-65316305	5
0.120159306490482	1.44277610236527	0.222	0.085	1	chr11-68353951-68355096	5
0.120159306490482	1.55104417767593	0.222	0.085	1	chr12-3214159-3215752	5
0.120159306490482	1.44865442570617	0.222	0.085	1	chr16-67546464-67547703	5
0.120159306490482	1.4160743094774	0.222	0.085	1	chr16-74695459-74696516	5
0.120159306490482	1.50527489403564	0.222	0.085	1	chr17-50659969-50662441	5
0.120159306490482	1.44210743968486	0.222	0.085	1	chr17-80034816-80037479	5
0.120159306490482	1.52486541577504	0.222	0.085	1	chr19-53792708-53793603	5
0.120159306490482	1.4892784094382	0.222	0.085	1	chr21-45747344-45749155	5
0.12148580029416	1.23991148249593	0.278	0.128	1	chr1-179292155-179294521	5
0.12148580029416	1.22339311793919	0.278	0.128	1	chr1-226697047-226699233	5
0.12148580029416	1.24502622822364	0.278	0.128	1	chr9-127023115-127025349	5
0.12148580029416	1.22714649975198	0.278	0.128	1	chr11-95512114-95513556	5
0.123154002380049	0.785991704640984	0.444	0.234	1	chr16-30525886-30528302	5
0.123211361653529	1.08586351887231	0.389	0.191	1	chr1-247209494-247211275	5
0.123211361653529	0.930251719747118	0.389	0.191	1	chr10-132570693-132573056	5
0.123737306658827	1.15200540545377	0.333	0.17	1	chr10-110501021-110504910	5
0.123737306658827	1.03699562285128	0.333	0.17	1	chr17-34979910-34982158	5
0.123737306658827	1.09319722096864	0.333	0.17	1	chr19-2163322-2166037	5
0.123737306658827	1.0732808698332	0.333	0.17	1	chr19-16469798-16472610	5
0.123774124212233	1.17716370553905	0.333	0.191	1	chr3-132416599-132419011	5
0.124404837001966	0.669133579171783	0.556	0.404	1	chr17-64144703-64149233	5
0.12444922165963	0.961464459483186	0.389	0.213	1	chr7-20329186-20331370	5
0.12444922165963	0.973803977193062	0.389	0.213	1	chr19-39154022-39158214	5
0.125153850286365	0.832465973794763	0.389	0.234	1	chr10-29734781-29737351	5
0.125667642584159	0.637399939257679	0.5	0.362	1	chr3-61249861-61252489	5
0.126408890926423	1.38775387242249	0.222	0.085	1	chr1-150320993-150322739	5
0.126408890926423	1.40029740260694	0.222	0.085	1	chr1-201494053-201496935	5
0.126408890926423	1.37826209819101	0.222	0.085	1	chr2-201406342-201407784	5
0.126408890926423	1.42098827264508	0.222	0.085	1	chr3-9897418-9899740	5
0.126408890926423	1.48202147052348	0.222	0.085	1	chr3-14780741-14781738	5
0.126408890926423	1.51196143549343	0.222	0.085	1	chr4-10664080-10665278	5
0.126408890926423	1.38841946287252	0.222	0.085	1	chr6-97282232-97283930	5
0.126408890926423	1.46999659884921	0.222	0.085	1	chr7-50962323-50963544	5
0.126408890926423	1.34350502750877	0.222	0.085	1	chr7-103148212-103150127	5
0.126408890926423	1.5848571351094	0.222	0.085	1	chr8-42337632-42339486	5
0.126408890926423	1.46741558807767	0.222	0.085	1	chr15-80988971-80990451	5
0.126408890926423	1.36597879901544	0.222	0.085	1	chr17-37067215-37068653	5
0.126408890926423	1.43611324700081	0.222	0.085	1	chr19-58406738-58409871	5
0.126408890926423	1.35790278418477	0.222	0.085	1	chr20-41399334-41400197	5
0.126408890926423	1.4662683193368	0.222	0.085	1	chr21-43788741-43790561	5
0.1269789415475	1.24886735012588	0.278	0.128	1	chr1-246689247-246690340	5
0.1269789415475	1.37544595040568	0.278	0.128	1	chr6-143534997-143537968	5
0.1269789415475	1.32486131368764	0.278	0.128	1	chr8-143382241-143387081	5
0.1269789415475	1.2299380959978	0.278	0.128	1	chr11-67301853-67304574	5
0.1269789415475	1.19251820896202	0.278	0.128	1	chr11-108646653-108648753	5
0.1269789415475	1.22568516776615	0.278	0.128	1	chr12-125064566-125066558	5
0.1269789415475	1.17307684520927	0.278	0.128	1	chr17-18969303-18970376	5
0.1269789415475	1.21637894673294	0.278	0.128	1	chr17-60077582-60080045	5
0.1269789415475	1.22926282195871	0.278	0.128	1	chrX-119756096-119759267	5
0.128170189762723	1.02735724554623	0.333	0.149	1	chr3-107844652-107846860	5
0.128170189762723	1.08742645348727	0.333	0.149	1	chr16-77721884-77723486	5
0.128696072045383	1.01261288314059	0.333	0.191	1	chr15-45634219-45636129	5
0.128791012965596	1.0311510752049	0.333	0.17	1	chr1-245997386-245998596	5
0.129795822566668	0.898685429670059	0.389	0.234	1	chr12-49017771-49019493	5
0.129795822566668	0.880136121988243	0.389	0.234	1	chr15-59371614-59373460	5
0.129808741569622	0.707620204248024	0.444	0.362	1	chr4-78055747-78060022	5
0.12980886887872	0.782937530830343	0.5	0.362	1	chr11-75426981-75433182	5
0.129949190035238	0.966523995313099	0.389	0.255	1	chr1-234956838-234964911	5
0.13207344263756	1.16752136208695	0.278	0.106	1	chr4-139739828-139741430	5
0.132663478314753	1.20598475571834	0.278	0.128	1	chr1-180125992-180128492	5
0.132663478314753	1.23968872478831	0.278	0.128	1	chr3-129159642-129163166	5
0.132663478314753	1.19693824946309	0.278	0.128	1	chr5-150129300-150130707	5
0.132663478314753	1.23911333443781	0.278	0.128	1	chr8-143635062-143637067	5
0.132663478314753	1.17757723940862	0.278	0.128	1	chr10-92848001-92849887	5
0.132663478314753	1.15139374022054	0.278	0.128	1	chr11-12136706-12138626	5
0.132663478314753	1.21046874895838	0.278	0.128	1	chr19-50383373-50385767	5
0.132663478314753	1.28375818998173	0.278	0.128	1	chr20-18287517-18289362	5
0.132908709927177	1.41807290604427	0.222	0.085	1	chr1-1613951-1618186	5
0.132908709927177	1.35870331917005	0.222	0.085	1	chr1-214122885-214123790	5
0.132908709927177	1.3516275769912	0.222	0.085	1	chr3-188978247-188980672	5
0.132908709927177	1.4495629693979	0.222	0.085	1	chr3-190120306-190121807	5
0.132908709927177	1.43399794867547	0.222	0.085	1	chr4-6687731-6690611	5
0.132908709927177	1.43611136985011	0.222	0.085	1	chr4-97866629-97868838	5
0.132908709927177	1.35804166035056	0.222	0.085	1	chr5-142816443-142819826	5
0.132908709927177	1.46359917143276	0.222	0.085	1	chr7-135677629-135679470	5
0.132908709927177	1.42667377626926	0.222	0.085	1	chr8-8963047-8964165	5
0.132908709927177	1.43928632443858	0.222	0.085	1	chr8-52339914-52341063	5
0.132908709927177	1.45456304666506	0.222	0.085	1	chr9-7327979-7329173	5
0.132908709927177	1.43072862566812	0.222	0.085	1	chr10-96017010-96017854	5
0.132908709927177	1.34172025652669	0.222	0.085	1	chr10-124092703-124094082	5
0.132908709927177	1.48460452238839	0.222	0.085	1	chr11-47922061-47924877	5
0.132908709927177	1.42892039817724	0.222	0.085	1	chr12-27179085-27180350	5
0.132908709927177	1.41452252900271	0.222	0.085	1	chr12-106342297-106343555	5
0.132908709927177	1.35843008731792	0.222	0.085	1	chr16-87203091-87203672	5
0.132908709927177	1.33881699434055	0.222	0.085	1	chr17-4135631-4137016	5
0.132908709927177	1.43577638950406	0.222	0.085	1	chr17-19337050-19338747	5
0.132908709927177	1.44025434163217	0.222	0.085	1	chr17-55340538-55341449	5
0.132908709927177	1.45017624882868	0.222	0.085	1	chr18-49459896-49461387	5
0.132908709927177	1.39338949709202	0.222	0.085	1	chr19-33310121-33311720	5
0.132908709927177	1.40312290742764	0.222	0.085	1	chr22-23105913-23107700	5
0.133768783234344	0.983930229538171	0.333	0.191	1	chr10-14570951-14572753	5
0.133768783234344	0.960227646309977	0.333	0.191	1	chr19-35264238-35270239	5
0.134003658426442	1.09931215451432	0.333	0.17	1	chr3-64150332-64152603	5
0.134570361247356	0.864735589703838	0.389	0.234	1	chr12-76763440-76765426	5
0.134638625845269	0.953482704056698	0.389	0.255	1	chr15-76309643-76315058	5
0.137031880536768	0.826234066872932	0.444	0.234	1	chr10-132406309-132410694	5
0.138408313520642	0.759468856828757	0.5	0.362	1	chr5-149549224-149552309	5
0.138543117192583	1.19188208339095	0.278	0.128	1	chr3-43417977-43419421	5
0.138543117192583	1.13681438437123	0.278	0.128	1	chr8-115667870-115669950	5
0.138543117192583	1.18424564220071	0.278	0.128	1	chr10-97868665-97870052	5
0.138543117192583	1.14929446783024	0.278	0.128	1	chr17-39737360-39740066	5
0.138543117192583	1.26265804108537	0.278	0.128	1	chr19-3505108-3507718	5
0.138543117192583	1.16266152986233	0.278	0.128	1	chr20-36480007-36482813	5
0.138994814268979	0.948885062260618	0.333	0.191	1	chr5-132409015-132411872	5
0.138994814268979	1.09877208308008	0.333	0.191	1	chr7-26198273-26203181	5
0.139017074346285	0.862927256649249	0.389	0.213	1	chr7-106111121-106113182	5
0.139378007391849	1.02711342409372	0.333	0.17	1	chr3-152268052-152270842	5
0.139378007391849	1.00661454322398	0.333	0.17	1	chr6-136821876-136823668	5
0.139378007391849	1.08771065646466	0.333	0.17	1	chr6-169528578-169530756	5
0.139378007391849	1.03032028203589	0.333	0.17	1	chr7-6446739-6448879	5
0.139479555781007	0.85106541000688	0.389	0.234	1	chr1-227563056-227564620	5
0.139664323964909	1.40512071627389	0.222	0.085	1	chr3-112085897-112087025	5
0.139664323964909	1.28975441961907	0.222	0.085	1	chr3-194984678-194985928	5
0.139664323964909	1.42382096422624	0.222	0.085	1	chr4-24747552-24749471	5
0.139664323964909	1.46116977224764	0.222	0.085	1	chr4-52050701-52052694	5
0.139664323964909	1.45006075309332	0.222	0.085	1	chr5-125026847-125027912	5
0.139664323964909	1.4237269029935	0.222	0.085	1	chr8-30702471-30703712	5
0.139664323964909	1.35234749031654	0.222	0.085	1	chr9-84061298-84063109	5
0.139664323964909	1.65955901673902	0.222	0.085	1	chr9-121736715-121739581	5
0.139664323964909	1.46945342409195	0.222	0.085	1	chr11-62804117-62806184	5
0.139664323964909	1.31113223490533	0.222	0.085	1	chr11-67548261-67549246	5
0.139664323964909	1.3301457569168	0.222	0.085	1	chr11-72012075-72016172	5
0.139664323964909	1.40458754126839	0.222	0.085	1	chr12-101487903-101489208	5
0.139664323964909	1.39433267258402	0.222	0.085	1	chr12-124392341-124393856	5
0.139664323964909	1.39962017911918	0.222	0.085	1	chr15-56242770-56244409	5
0.139664323964909	1.54772933695784	0.222	0.085	1	chr16-24988466-24989867	5
0.139664323964909	1.43063661641005	0.222	0.085	1	chr17-43367478-43368814	5
0.139664323964909	1.47037509774018	0.222	0.085	1	chr21-26842202-26845723	5
0.139664323964909	1.52120421105187	0.222	0.085	1	chr21-37220667-37221814	5
0.139664323964909	1.34463616334987	0.222	0.085	1	chr22-50244027-50246151	5
0.140547225966972	0.756137125388588	0.444	0.277	1	chr9-124940178-124942526	5
0.142889114431242	0.802779891432851	0.5	0.319	1	chr5-128081515-128084687	5
0.143227580749362	0.926235729660635	0.389	0.191	1	chr1-236514060-236518009	5
0.143668629199344	1.1220634019636	0.278	0.149	1	chr16-30984363-30986220	5
0.144154404518178	1.05561244123097	0.389	0.213	1	chr8-29348508-29351542	5
0.144376676167622	1.05805792941359	0.333	0.191	1	chr9-113564329-113567190	5
0.144525460206596	0.871070888210892	0.389	0.234	1	chr2-206158100-206160973	5
0.144525460206596	0.895005094702457	0.389	0.234	1	chr12-65168788-65170842	5
0.144621492138388	1.21137668987564	0.278	0.128	1	chr1-222104614-222106006	5
0.144621492138388	1.08381586812804	0.278	0.128	1	chr4-105707789-105709645	5
0.144621492138388	1.13052579929655	0.278	0.128	1	chr9-137021718-137023741	5
0.144621492138388	1.13801887889231	0.278	0.128	1	chr12-6214801-6217328	5
0.144621492138388	1.12433780217807	0.278	0.128	1	chr12-104137048-104139073	5
0.144621492138388	1.13450434874973	0.278	0.128	1	chr16-70714558-70716839	5
0.144621492138388	1.1639529651425	0.278	0.128	1	chr16-89815716-89817439	5
0.144802459003874	0.758260846742159	0.5	0.298	1	chr4-17576268-17578854	5
0.144916773486967	1.06276335400154	0.333	0.17	1	chr1-100036964-100039621	5
0.144916773486967	1.02404847129491	0.333	0.17	1	chr8-129938807-129940759	5
0.144916773486967	1.01507277293205	0.333	0.17	1	chr14-91415816-91419241	5
0.144916773486967	1.02922590598103	0.333	0.17	1	chrX-55717073-55718627	5
0.146681168253007	1.29929819225774	0.222	0.085	1	chr1-65169809-65171861	5
0.146681168253007	1.43434029725816	0.222	0.085	1	chr1-231847500-231848699	5
0.146681168253007	1.30280503998126	0.222	0.085	1	chr2-27488992-27490475	5
0.146681168253007	1.3421739826109	0.222	0.085	1	chr3-167813459-167815394	5
0.146681168253007	1.34596879691105	0.222	0.085	1	chr4-83506098-83507054	5
0.146681168253007	1.44942489253595	0.222	0.085	1	chr6-161694923-161695616	5
0.146681168253007	1.24496013809698	0.222	0.085	1	chr16-641377-643526	5
0.146681168253007	1.36262027838504	0.222	0.085	1	chr17-55056404-55057025	5
0.146681168253007	1.3622490270719	0.222	0.085	1	chr19-19531939-19532854	5
0.146681168253007	1.33635904769839	0.222	0.085	1	chr21-37434961-37436470	5
0.146681168253007	1.35017431492512	0.222	0.085	1	chr21-38139642-38140956	5
0.147818068194899	0.64998129269785	0.5	0.255	1	chr4-184745562-184751442	5
0.149436033339258	0.798832920886907	0.389	0.213	1	chr20-31568321-31574563	5
0.149697231346656	1.2254133568551	0.278	0.149	1	chr7-36389238-36392201	5
0.149697231346656	1.17411932170483	0.278	0.149	1	chr14-103384485-103387369	5
0.149710089998854	0.833521486374618	0.389	0.234	1	chr3-65952827-65956391	5
0.149710089998854	0.780491490393949	0.389	0.234	1	chr4-16222749-16228811	5
0.14991683009744	0.997784771592145	0.333	0.191	1	chr17-81665436-81667576	5
0.14991683009744	0.916471259260138	0.333	0.191	1	chr22-46649176-46650387	5
0.150841276541612	0.687937597664362	0.556	0.383	1	chr1-179880899-179883782	5
0.150902156414195	1.13758989233306	0.278	0.128	1	chr8-144290107-144293365	5
0.150902156414195	1.31562532963747	0.278	0.128	1	chr10-68153386-68154373	5
0.150902156414195	1.15357612076487	0.278	0.128	1	chr17-56867634-56869085	5
0.150902156414195	1.13393713543778	0.278	0.128	1	chr19-9826520-9828908	5
0.150902156414195	1.03362385876441	0.278	0.128	1	chr20-406862-410325	5
0.152361142365536	0.669876578568165	0.5	0.319	1	chr3-32569454-32571918	5
0.153233026131382	1.38333081630405	0.222	0.106	1	chr6-154881857-154882788	5
0.153233026131382	1.61120297723543	0.222	0.106	1	chr8-109602505-109605380	5
0.153233026131382	1.27049868235184	0.222	0.106	1	chr11-14619701-14620808	5
0.153233026131382	1.22907534600691	0.222	0.106	1	chr16-75599289-75600697	5
0.153233026131382	1.24600527900475	0.222	0.106	1	chr20-35273133-35274417	5
0.153233026131382	1.49430011640299	0.222	0.106	1	chr22-24592088-24595393	5
0.153958065838782	0.808822123538435	0.444	0.255	1	chr19-58379596-58383010	5
0.153964536897329	1.22761960738436	0.222	0.085	1	chr5-148120234-148121460	5
0.153964536897329	1.32363353517641	0.222	0.085	1	chr6-35810945-35811641	5
0.153964536897329	1.33557355419464	0.222	0.085	1	chr8-1858355-1859957	5
0.153964536897329	1.39092516662559	0.222	0.085	1	chr10-95308519-95309482	5
0.153964536897329	1.23722547601995	0.222	0.085	1	chr11-9759281-9760450	5
0.153964536897329	1.31454064950662	0.222	0.085	1	chr11-47466530-47468997	5
0.153964536897329	1.19481983352963	0.222	0.085	1	chr12-22415262-22417251	5
0.153964536897329	1.36535773997594	0.222	0.085	1	chr20-24149758-24150578	5
0.153964536897329	1.21492044722136	0.222	0.085	1	chr20-51562102-51564375	5
0.154128665785239	0.983873017984617	0.333	0.213	1	chr5-132385261-132389094	5
0.154128665785239	0.863410547449535	0.333	0.213	1	chr17-58658495-58659952	5
0.154864060804092	0.861213922844264	0.389	0.213	1	chr1-211513710-211516187	5
0.155035418883919	0.865734950872705	0.389	0.234	1	chr8-86341278-86345116	5
0.155617682944006	0.915118915912978	0.333	0.191	1	chr8-91069112-91071618	5
0.155916933170341	1.13652910844031	0.278	0.149	1	chr2-121699266-121700741	5
0.155916933170341	1.14933850034215	0.278	0.149	1	chr4-108167309-108169640	5
0.155916933170341	1.11514220173396	0.278	0.149	1	chr5-139197036-139198971	5
0.155916933170341	1.02945849301314	0.278	0.149	1	chr10-60038914-60044189	5
0.155916933170341	1.10602058891376	0.278	0.149	1	chr10-99658511-99660369	5
0.155916933170341	1.13175607513053	0.278	0.149	1	chr12-65607193-65608156	5
0.156498127897808	0.949172309005214	0.333	0.17	1	chr5-178130251-178132229	5
0.156498127897808	1.04501293573303	0.333	0.17	1	chr6-136606426-136611384	5
0.157237432668495	0.736796407517824	0.556	0.319	1	chr1-28235499-28237281	5
0.15738857442353	1.07241502014225	0.278	0.128	1	chr1-220271556-220273316	5
0.15738857442353	1.08620161785164	0.278	0.128	1	chr4-6695445-6697170	5
0.15738857442353	1.10267765131254	0.278	0.128	1	chr12-13135191-13137180	5
0.159810367806351	0.825066552040856	0.389	0.191	1	chr8-143812936-143817551	5
0.160381190600512	1.31449896545649	0.222	0.106	1	chr1-202599753-202600740	5
0.160381190600512	1.42354456177566	0.222	0.106	1	chr2-224268198-224269340	5
0.160381190600512	1.29107521790639	0.222	0.106	1	chr8-140254598-140255866	5
0.160381190600512	1.21945096016952	0.222	0.106	1	chr13-97133663-97134671	5
0.160440538340383	0.844504375592329	0.389	0.213	1	chr11-72222002-72226068	5
0.161519566814113	1.40112929489061	0.222	0.085	1	chr3-19154297-19156255	5
0.161519566814113	1.21242064524623	0.222	0.085	1	chr3-111497575-111499019	5
0.161519566814113	1.36939843687473	0.222	0.085	1	chr3-194096784-194098726	5
0.161519566814113	1.29267550256379	0.222	0.085	1	chr5-130545076-130545963	5
0.161519566814113	1.13728099973334	0.222	0.085	1	chr6-13732914-13734509	5
0.161519566814113	1.26318506887811	0.222	0.085	1	chr10-128420394-128423017	5
0.162146652037445	0.401574626273555	0.833	0.702	1	chr1-234598963-234614380	5
0.162330781741566	1.07565387654835	0.278	0.149	1	chr3-50163603-50168888	5
0.162330781741566	1.1735376685479	0.278	0.149	1	chr19-18500232-18505695	5
0.162330781741566	1.22096771561143	0.278	0.149	1	chr22-17637536-17640090	5
0.162625375458005	0.473475261134823	0.667	0.596	1	chr17-7833403-7845591	5
0.162879610238781	0.959786594055927	0.333	0.149	1	chr10-17229078-17231736	5
0.162879610238781	1.00150396887731	0.333	0.149	1	chr17-57849229-57851413	5
0.164084113458591	1.10278862257174	0.278	0.128	1	chr1-116853486-116855560	5
0.164084113458591	1.04445646744815	0.278	0.128	1	chr2-65128829-65131126	5
0.164084113458591	1.2220092586856	0.278	0.128	1	chr6-116277931-116281048	5
0.164084113458591	0.996871537682106	0.278	0.128	1	chr13-42271170-42272961	5
0.165548191666548	1.64172688469086	0.167	0.064	1	chr1-31530988-31531948	5
0.165548191666548	1.79288314465332	0.167	0.064	1	chr1-109307320-109308438	5
0.165548191666548	1.65099820454377	0.167	0.064	1	chr2-118246503-118247286	5
0.165548191666548	1.64751474438894	0.167	0.064	1	chr2-151260888-151262296	5
0.165548191666548	1.76933731924555	0.167	0.064	1	chr3-120566372-120569023	5
0.165548191666548	1.63420689904097	0.167	0.064	1	chr3-142439133-142440372	5
0.165548191666548	1.58647179991486	0.167	0.064	1	chr3-185266758-185268611	5
0.165548191666548	1.69890302768061	0.167	0.064	1	chr3-195030337-195032557	5
0.165548191666548	1.56357940577909	0.167	0.064	1	chr5-529162-530816	5
0.165548191666548	1.66699859312585	0.167	0.064	1	chr5-66807583-66808346	5
0.165548191666548	1.54064173829332	0.167	0.064	1	chr5-71830410-71831348	5
0.165548191666548	1.67968221033094	0.167	0.064	1	chr5-126369894-126371729	5
0.165548191666548	1.68824392260613	0.167	0.064	1	chr5-145442230-145443573	5
0.165548191666548	1.55779028549923	0.167	0.064	1	chr6-15221705-15222606	5
0.165548191666548	1.8109826265495	0.167	0.064	1	chr6-33839951-33841090	5
0.165548191666548	1.59011623943384	0.167	0.064	1	chr6-149130074-149131183	5
0.165548191666548	1.71709240112392	0.167	0.064	1	chr6-164911062-164912729	5
0.165548191666548	1.99112898155622	0.167	0.064	1	chr7-70693474-70695657	5
0.165548191666548	1.66506059065785	0.167	0.064	1	chr7-80445156-80446360	5
0.165548191666548	1.75905193677011	0.167	0.064	1	chr7-139034879-139036726	5
0.165548191666548	1.49070361389281	0.167	0.064	1	chr7-150016357-150017467	5
0.165548191666548	1.84160216280442	0.167	0.064	1	chr8-354192-356617	5
0.165548191666548	1.59724936974632	0.167	0.064	1	chr8-984041-985636	5
0.165548191666548	1.68873254226744	0.167	0.064	1	chr8-68698909-68700027	5
0.165548191666548	1.61417340347142	0.167	0.064	1	chr8-142290133-142291524	5
0.165548191666548	1.71446585522711	0.167	0.064	1	chr8-145051454-145053234	5
0.165548191666548	1.57968571433521	0.167	0.064	1	chr10-7433040-7434266	5
0.165548191666548	1.49745103728762	0.167	0.064	1	chr10-17143694-17144970	5
0.165548191666548	1.54943508740729	0.167	0.064	1	chr11-13182976-13184008	5
0.165548191666548	1.67662501141603	0.167	0.064	1	chr11-34027508-34028911	5
0.165548191666548	1.6109329802891	0.167	0.064	1	chr11-73227234-73229070	5
0.165548191666548	1.70184431743561	0.167	0.064	1	chr11-115989863-115990585	5
0.165548191666548	1.57444560184355	0.167	0.064	1	chr11-126338730-126341490	5
0.165548191666548	1.67891044505325	0.167	0.064	1	chr12-28242003-28242874	5
0.165548191666548	1.56260815316766	0.167	0.064	1	chr12-109998673-110000515	5
0.165548191666548	2.11318760402615	0.167	0.064	1	chr12-131928380-131930889	5
0.165548191666548	1.51773220845715	0.167	0.064	1	chr13-43431228-43431629	5
0.165548191666548	1.59803844274813	0.167	0.064	1	chr14-73526037-73527187	5
0.165548191666548	1.50136958736764	0.167	0.064	1	chr14-103708309-103709372	5
0.165548191666548	1.53221486869921	0.167	0.064	1	chr15-101613170-101614660	5
0.165548191666548	1.7184493488197	0.167	0.064	1	chr16-58392078-58393514	5
0.165548191666548	1.64721662045594	0.167	0.064	1	chr16-88772173-88774555	5
0.165548191666548	1.68402214921154	0.167	0.064	1	chr17-7380202-7381896	5
0.165548191666548	1.63980083136954	0.167	0.064	1	chr17-17728018-17730140	5
0.165548191666548	1.70906195058567	0.167	0.064	1	chr17-37142381-37143599	5
0.165548191666548	1.58533101283686	0.167	0.064	1	chr17-37187849-37188832	5
0.165548191666548	1.45427583896305	0.167	0.064	1	chr17-40433274-40434496	5
0.165548191666548	1.66631954996331	0.167	0.064	1	chr17-43555455-43556999	5
0.165548191666548	1.61063450082298	0.167	0.064	1	chr17-56592440-56595044	5
0.165548191666548	1.53608767922263	0.167	0.064	1	chr19-1977867-1979160	5
0.165548191666548	1.70394177669972	0.167	0.064	1	chr19-33031856-33033419	5
0.165548191666548	1.73919848358528	0.167	0.064	1	chr21-16336628-16344919	5
0.165548191666548	1.72274562882683	0.167	0.064	1	chr21-44869851-44871382	5
0.165548191666548	1.78893994409187	0.167	0.064	1	chr22-36350542-36353604	5
0.166167465227978	0.844394660158659	0.389	0.213	1	chr19-45766919-45771502	5
0.166451948679785	0.58367437685544	0.611	0.383	1	chr1-62435442-62438697	5
0.16751081464276	0.939252792834794	0.333	0.191	1	chr14-75068330-75070891	5
0.167778569242842	1.3477503259064	0.222	0.106	1	chr2-241350731-241352901	5
0.167778569242842	1.3433219267531	0.222	0.106	1	chr3-58163618-58166298	5
0.167778569242842	1.40695219332686	0.222	0.106	1	chr7-70716161-70717898	5
0.167778569242842	1.19373816284243	0.222	0.106	1	chr17-2138250-2139403	5
0.1687682248576	0.976525799379179	0.333	0.17	1	chr1-246165741-246167245	5
0.168941734228199	1.14883421127189	0.278	0.149	1	chr4-148786595-148788926	5
0.168941734228199	1.15196828900223	0.278	0.149	1	chr22-46267326-46268583	5
0.169296543590123	0.838001650291354	0.333	0.149	1	chr11-118789403-118793266	5
0.169351221459661	1.2315693495678	0.222	0.085	1	chr1-155276876-155278947	5
0.169351221459661	1.260651814957	0.222	0.085	1	chr1-162497337-162498855	5
0.169351221459661	1.22204226832703	0.222	0.085	1	chr3-72446004-72447990	5
0.169351221459661	1.2881435325754	0.222	0.085	1	chr8-119415390-119417258	5
0.169351221459661	1.19869840725915	0.222	0.085	1	chr13-48975052-48977592	5
0.169351221459661	1.12577017774495	0.222	0.085	1	chr14-104815083-104817072	5
0.169949731989627	0.671144433361605	0.5	0.298	1	chr11-85647084-85649700	5
0.170097796229422	0.776428736428362	0.444	0.255	1	chr11-704403-707902	5
0.170992035375853	0.994444592380905	0.278	0.128	1	chr1-1073541-1075086	5
0.170992035375853	1.00801528359447	0.278	0.128	1	chr2-111184731-111186678	5
0.170992035375853	1.08993335082232	0.278	0.128	1	chr19-29605404-29606843	5
0.171356648480079	0.558493708603418	0.444	0.277	1	chr16-1767736-1774708	5
0.171874643482076	0.876692390278264	0.389	0.234	1	chr3-196080440-196083192	5
0.171874643482076	0.828308668227055	0.389	0.234	1	chr6-110178463-110181416	5
0.171874643482076	0.817284673496165	0.389	0.234	1	chr7-112422175-112425308	5
0.171874643482076	0.736321344389675	0.389	0.234	1	chr8-55878835-55880825	5
0.172046784995994	0.799622406846065	0.389	0.213	1	chr3-177193731-177199448	5
0.173707595422589	0.886169696776477	0.333	0.191	1	chr5-134505642-134507182	5
0.173707595422589	0.884306773946376	0.333	0.191	1	chr15-23564686-23567367	5
0.174635602115792	1.63285653019387	0.167	0.064	1	chr1-156657204-156658076	5
0.174635602115792	1.51948268672406	0.167	0.064	1	chr1-200992308-200993625	5
0.174635602115792	1.69064392769904	0.167	0.064	1	chr1-207793377-207796156	5
0.174635602115792	1.51157796799852	0.167	0.064	1	chr2-3784778-3785873	5
0.174635602115792	1.58430818527055	0.167	0.064	1	chr3-32044922-32046132	5
0.174635602115792	1.59114551548724	0.167	0.064	1	chr3-150750871-150752409	5
0.174635602115792	1.53869435640114	0.167	0.064	1	chr3-194956719-194957583	5
0.174635602115792	1.51267879397992	0.167	0.064	1	chr3-197823534-197825097	5
0.174635602115792	1.5509712140013	0.167	0.064	1	chr4-175934754-175935611	5
0.174635602115792	1.67214023594173	0.167	0.064	1	chr5-66958798-66961223	5
0.174635602115792	1.641430380361	0.167	0.064	1	chr5-77368188-77370063	5
0.174635602115792	1.68454159919419	0.167	0.064	1	chr5-122312006-122313832	5
0.174635602115792	1.58185372630106	0.167	0.064	1	chr6-33073449-33073974	5
0.174635602115792	1.64002418682568	0.167	0.064	1	chr6-110618633-110620544	5
0.174635602115792	1.59235836176421	0.167	0.064	1	chr7-517797-520500	5
0.174635602115792	1.53983067708061	0.167	0.064	1	chr7-77441005-77441636	5
0.174635602115792	1.56868151994909	0.167	0.064	1	chr7-80133580-80138004	5
0.174635602115792	1.63267268928694	0.167	0.064	1	chr7-134553438-134555041	5
0.174635602115792	1.53547094778884	0.167	0.064	1	chr8-11513452-11514475	5
0.174635602115792	1.52969507211091	0.167	0.064	1	chr8-51982254-51983663	5
0.174635602115792	1.65898596535749	0.167	0.064	1	chr8-81027981-81030452	5
0.174635602115792	1.81027494977556	0.167	0.064	1	chr8-98163659-98165602	5
0.174635602115792	1.59909539245821	0.167	0.064	1	chr8-122909209-122910402	5
0.174635602115792	1.52413209292524	0.167	0.064	1	chr8-128657699-128659512	5
0.174635602115792	1.78786836589149	0.167	0.064	1	chr9-131544980-131547302	5
0.174635602115792	1.61408002654943	0.167	0.064	1	chr10-71351437-71352492	5
0.174635602115792	1.51501398534865	0.167	0.064	1	chr10-92842834-92843591	5
0.174635602115792	1.68519359439346	0.167	0.064	1	chr10-104304580-104306876	5
0.174635602115792	1.66158350879832	0.167	0.064	1	chr12-52800469-52801619	5
0.174635602115792	1.47411843068503	0.167	0.064	1	chr13-82654808-82655846	5
0.174635602115792	1.56020101731534	0.167	0.064	1	chr14-92649801-92650721	5
0.174635602115792	1.56704383976831	0.167	0.064	1	chr15-92906606-92908513	5
0.174635602115792	1.68689855060922	0.167	0.064	1	chr16-400729-402969	5
0.174635602115792	1.52358209597883	0.167	0.064	1	chr16-30941637-30942583	5
0.174635602115792	1.59193407015004	0.167	0.064	1	chr16-66858703-66859605	5
0.174635602115792	1.62625956773702	0.167	0.064	1	chr16-85605070-85609128	5
0.174635602115792	1.55027835609276	0.167	0.064	1	chr17-49951782-49953071	5
0.174635602115792	1.52669396416907	0.167	0.064	1	chr17-82204916-82206667	5
0.174635602115792	1.62100142988983	0.167	0.064	1	chr20-4152850-4154322	5
0.174635602115792	1.57598027785982	0.167	0.064	1	chr20-58595114-58595864	5
0.174635602115792	1.62078804166167	0.167	0.064	1	chr21-44858198-44859407	5
0.174635602115792	1.54423660931064	0.167	0.064	1	chr22-20697285-20697974	5
0.174635602115792	1.65999402426028	0.167	0.064	1	chr22-38177530-38178642	5
0.174635602115792	1.62442133950795	0.167	0.064	1	chr22-41511562-41513748	5
0.175167652739539	0.875237775232905	0.333	0.17	1	chr3-52286564-52288669	5
0.175429289480223	1.26854553431199	0.222	0.106	1	chr1-9835303-9836969	5
0.175429289480223	1.18656397852414	0.222	0.106	1	chr1-161313695-161315353	5
0.175429289480223	1.24478317320181	0.222	0.106	1	chr7-73357185-73359100	5
0.175429289480223	1.3133012759265	0.222	0.106	1	chr8-73310582-73315833	5
0.175429289480223	1.14511354977035	0.222	0.106	1	chr10-22554274-22555325	5
0.175429289480223	1.32859930070873	0.222	0.106	1	chr10-80443327-80445289	5
0.175429289480223	1.26091505897756	0.222	0.106	1	chr12-85036028-85037071	5
0.175429289480223	1.31622157002068	0.222	0.106	1	chr12-93467000-93468422	5
0.175429289480223	1.29392213135986	0.222	0.106	1	chr16-67456243-67458030	5
0.175429289480223	1.33744936132715	0.222	0.106	1	chr19-35005939-35007235	5
0.175752650884425	1.02598164315404	0.278	0.149	1	chr1-220088643-220090792	5
0.175752650884425	1.05615336507438	0.278	0.149	1	chr4-147116871-147119139	5
0.175752650884425	1.20935646373469	0.278	0.149	1	chr5-469804-481236	5
0.175752650884425	1.04797092997267	0.278	0.149	1	chr12-101711889-101716581	5
0.175752650884425	1.14241598541183	0.278	0.149	1	chr14-29888960-29893057	5
0.175752650884425	1.23851274209093	0.278	0.149	1	chr22-30356014-30357645	5
0.176949323650747	0.645863752103491	0.444	0.277	1	chr3-80769198-80771951	5
0.17746427441936	1.23121004546619	0.222	0.085	1	chr1-7745493-7746432	5
0.17746427441936	1.21412760826087	0.222	0.085	1	chr10-93465533-93467037	5
0.17746427441936	1.1194362277875	0.222	0.085	1	chr17-36600894-36603287	5
0.17746427441936	1.28044625216152	0.222	0.085	1	chr17-55494859-55496818	5
0.17746427441936	1.22340347039273	0.222	0.085	1	chr17-66723767-66725901	5
0.17746427441936	1.26558345324221	0.222	0.085	1	chr19-17214599-17216129	5
0.177805629971123	0.787201113560273	0.333	0.213	1	chr6-52283990-52285581	5
0.178115488219089	0.928252230726086	0.278	0.128	1	chr4-705198-706410	5
0.178115488219089	1.06464933661075	0.278	0.128	1	chr5-14010941-14012380	5
0.178115488219089	1.03948469716186	0.278	0.128	1	chr11-67606233-67607906	5
0.178124487902042	0.692727965119201	0.5	0.319	1	chr17-13016967-13018969	5
0.182676874327317	0.745624659569582	0.444	0.277	1	chr10-133257212-133259872	5
0.182766288009588	1.03301801909349	0.278	0.149	1	chr3-120147051-120148524	5
0.182766288009588	1.1131602967085	0.278	0.149	1	chr3-188035959-188037640	5
0.182766288009588	1.12779916260669	0.278	0.149	1	chr3-194315038-194316327	5
0.182766288009588	1.12994156010874	0.278	0.149	1	chr4-7462176-7463288	5
0.182766288009588	1.01107912961216	0.278	0.149	1	chr7-149882406-149884881	5
0.182766288009588	1.01635321725823	0.278	0.149	1	chr8-100486091-100488562	5
0.182766288009588	0.925902449902108	0.278	0.149	1	chr10-73743563-73745354	5
0.182766288009588	1.13320977431967	0.278	0.149	1	chr11-34262581-34264152	5
0.182766288009588	1.12290265525174	0.278	0.149	1	chr12-31077957-31079274	5
0.182766288009588	1.02668815291674	0.278	0.149	1	chr14-75647668-75649045	5
0.182766288009588	0.9969071130304	0.278	0.149	1	chr20-650999-654000	5
0.182907438335724	0.627969282810767	0.389	0.255	1	chr7-141694594-141698168	5
0.183337313024725	1.19585800566031	0.222	0.106	1	chr1-32815616-32819298	5
0.183337313024725	1.21438363696846	0.222	0.106	1	chr3-19888406-19889948	5
0.183337313024725	1.26350362139571	0.222	0.106	1	chr5-132422422-132423593	5
0.183337313024725	1.13950484662305	0.222	0.106	1	chr5-134967655-134969836	5
0.183337313024725	1.26917202760763	0.222	0.106	1	chr7-13980397-13981649	5
0.183337313024725	1.33667872254102	0.222	0.106	1	chr7-66681308-66683147	5
0.183337313024725	1.21694430948772	0.222	0.106	1	chr12-6688459-6690394	5
0.183337313024725	1.28769236293364	0.222	0.106	1	chr14-61711042-61712415	5
0.183337313024725	1.14766722514101	0.222	0.106	1	chr16-84144140-84145724	5
0.183337313024725	1.2505752106035	0.222	0.106	1	chr18-11907867-11909283	5
0.183337313024725	1.17596393099449	0.222	0.106	1	chr20-33662896-33665059	5
0.183337313024725	1.26856968932049	0.222	0.106	1	chr21-39379936-39381457	5
0.183337313024725	1.23896138978358	0.222	0.106	1	chr22-23766406-23768720	5
0.183379328980677	0.758830902249042	0.444	0.298	1	chr5-157141877-157144079	5
0.183838300970591	0.730539683224411	0.389	0.234	1	chr7-74656190-74659247	5
0.184090330624304	1.45123743220114	0.167	0.064	1	chr1-6353569-6354684	5
0.184090330624304	1.56021205994128	0.167	0.064	1	chr1-27536282-27537691	5
0.184090330624304	1.62507143159176	0.167	0.064	1	chr1-120850213-120851538	5
0.184090330624304	1.46364525491843	0.167	0.064	1	chr1-165861892-165863219	5
0.184090330624304	1.58400292681398	0.167	0.064	1	chr1-230823925-230826300	5
0.184090330624304	1.49672963760155	0.167	0.064	1	chr2-27445789-27446783	5
0.184090330624304	1.52983285207171	0.167	0.064	1	chr2-42562242-42563158	5
0.184090330624304	1.58178517709407	0.167	0.064	1	chr2-101079611-101081095	5
0.184090330624304	1.51694330678704	0.167	0.064	1	chr2-206764602-206766268	5
0.184090330624304	1.57403948391615	0.167	0.064	1	chr3-37689195-37690563	5
0.184090330624304	1.478171658485	0.167	0.064	1	chr3-40395844-40397049	5
0.184090330624304	1.46128566549654	0.167	0.064	1	chr3-59573790-59574382	5
0.184090330624304	1.46189132791124	0.167	0.064	1	chr3-124599224-124600669	5
0.184090330624304	1.50571906011927	0.167	0.064	1	chr3-128775639-128776640	5
0.184090330624304	1.64797586798305	0.167	0.064	1	chr3-133473812-133475788	5
0.184090330624304	1.50499777483206	0.167	0.064	1	chr3-141454843-141456344	5
0.184090330624304	1.71780717645847	0.167	0.064	1	chr3-160784387-160785376	5
0.184090330624304	1.59651597988007	0.167	0.064	1	chr3-184558907-184560106	5
0.184090330624304	1.62539907683624	0.167	0.064	1	chr4-11073489-11075262	5
0.184090330624304	1.54839588939552	0.167	0.064	1	chr4-15905771-15906634	5
0.184090330624304	1.62122430491829	0.167	0.064	1	chr4-87219069-87221264	5
0.184090330624304	1.7051198805794	0.167	0.064	1	chr5-1167437-1168723	5
0.184090330624304	1.55210037917194	0.167	0.064	1	chr5-43802565-43804410	5
0.184090330624304	1.59522306829308	0.167	0.064	1	chr5-74895617-74896595	5
0.184090330624304	1.58817063042156	0.167	0.064	1	chr5-135820968-135822141	5
0.184090330624304	1.51919012139271	0.167	0.064	1	chr5-149153539-149154694	5
0.184090330624304	1.58179639783802	0.167	0.064	1	chr6-52517430-52518582	5
0.184090330624304	1.44057681549962	0.167	0.064	1	chr6-109252103-109252957	5
0.184090330624304	1.73097943184109	0.167	0.064	1	chr6-113635535-113637369	5
0.184090330624304	1.52319008871077	0.167	0.064	1	chr6-155185394-155187109	5
0.184090330624304	1.56880077040711	0.167	0.064	1	chr7-11294074-11295591	5
0.184090330624304	1.58345689754647	0.167	0.064	1	chr7-20151718-20153942	5
0.184090330624304	1.59790348471826	0.167	0.064	1	chr7-21450759-21451724	5
0.184090330624304	1.46266478881456	0.167	0.064	1	chr7-25172929-25173741	5
0.184090330624304	1.53456954901157	0.167	0.064	1	chr7-27174930-27175930	5
0.184090330624304	1.5238860564948	0.167	0.064	1	chr7-47044984-47046063	5
0.184090330624304	1.54801676571863	0.167	0.064	1	chr7-51647508-51648674	5
0.184090330624304	1.51430262056977	0.167	0.064	1	chr7-73721184-73722668	5
0.184090330624304	1.509983916224	0.167	0.064	1	chr7-154913570-154914349	5
0.184090330624304	1.58335872717747	0.167	0.064	1	chr8-7072134-7073301	5
0.184090330624304	1.52872910343546	0.167	0.064	1	chr8-38401250-38403205	5
0.184090330624304	1.53596068118383	0.167	0.064	1	chr8-130415810-130416995	5
0.184090330624304	1.53950682467279	0.167	0.064	1	chr9-2465708-2467317	5
0.184090330624304	1.47847515603176	0.167	0.064	1	chr9-92133672-92134640	5
0.184090330624304	1.48240869252754	0.167	0.064	1	chr9-115233782-115234719	5
0.184090330624304	1.48822720011457	0.167	0.064	1	chr10-62554562-62555232	5
0.184090330624304	1.41401343452405	0.167	0.064	1	chr10-98460764-98461236	5
0.184090330624304	1.52909660926259	0.167	0.064	1	chr10-102398983-102400292	5
0.184090330624304	1.53280922483917	0.167	0.064	1	chr10-118253161-118254081	5
0.184090330624304	1.75984732117177	0.167	0.064	1	chr10-131903832-131906939	5
0.184090330624304	1.47843412954121	0.167	0.064	1	chr10-132958389-132959534	5
0.184090330624304	1.67527859788053	0.167	0.064	1	chr11-3049261-3050639	5
0.184090330624304	1.58615656409567	0.167	0.064	1	chr11-5600166-5601033	5
0.184090330624304	1.47723034902859	0.167	0.064	1	chr11-45208065-45208797	5
0.184090330624304	1.40873267385876	0.167	0.064	1	chr12-53267821-53269226	5
0.184090330624304	1.49494094430975	0.167	0.064	1	chr12-54616601-54617785	5
0.184090330624304	1.56800208031271	0.167	0.064	1	chr12-69584935-69586423	5
0.184090330624304	1.57089663555404	0.167	0.064	1	chr12-124988115-124989506	5
0.184090330624304	1.49902121327379	0.167	0.064	1	chr14-51004289-51005669	5
0.184090330624304	1.46973514185676	0.167	0.064	1	chr14-59870226-59871491	5
0.184090330624304	1.47850539254167	0.167	0.064	1	chr14-62117191-62118056	5
0.184090330624304	1.44171109612626	0.167	0.064	1	chr14-67680887-67681410	5
0.184090330624304	1.48520325224372	0.167	0.064	1	chr14-89303461-89305988	5
0.184090330624304	1.48782544587181	0.167	0.064	1	chr15-50885115-50886313	5
0.184090330624304	1.55360342758103	0.167	0.064	1	chr16-16194734-16195289	5
0.184090330624304	1.56016442279254	0.167	0.064	1	chr16-90022120-90023568	5
0.184090330624304	1.41343518229875	0.167	0.064	1	chr17-71975475-71976684	5
0.184090330624304	1.53845811037832	0.167	0.064	1	chr17-81909746-81912180	5
0.184090330624304	1.43522996121251	0.167	0.064	1	chr18-50404142-50406720	5
0.184090330624304	1.5733215268707	0.167	0.064	1	chr20-17610852-17612677	5
0.184090330624304	1.62081238025188	0.167	0.064	1	chr20-46814463-46815227	5
0.184090330624304	1.46389985215482	0.167	0.064	1	chr22-22195230-22195879	5
0.184127491055388	0.855938165082193	0.389	0.191	1	chr1-211829884-211831310	5
0.185457497809546	1.01485776279015	0.278	0.128	1	chr1-46756271-46758441	5
0.185457497809546	1.03084294083442	0.278	0.128	1	chr1-55693921-55695169	5
0.185863292905942	1.21998506814384	0.222	0.085	1	chr1-101003943-101005231	5
0.185863292905942	1.17325877488182	0.222	0.085	1	chr16-2022520-2023853	5
0.185863292905942	1.10514287667655	0.222	0.085	1	chr19-13773509-13775403	5
0.188976936913697	0.709229661786562	0.389	0.255	1	chr1-228081119-228086087	5
0.18998529089209	1.11939711813442	0.278	0.149	1	chr2-197433567-197436534	5
0.18998529089209	1.01321550123075	0.278	0.149	1	chr3-184298458-184300108	5
0.18998529089209	1.12830255623729	0.278	0.149	1	chr5-180493747-180495731	5
0.18998529089209	1.11386130628921	0.278	0.149	1	chr6-52576351-52577850	5
0.18998529089209	1.01054935878135	0.278	0.149	1	chr8-46616562-46618183	5
0.18998529089209	0.995153560728361	0.278	0.149	1	chr15-63472835-63475431	5
0.18998529089209	0.920535453582375	0.278	0.149	1	chr17-74767284-74773891	5
0.18998529089209	0.96780799181609	0.278	0.149	1	chr20-13220523-13222365	5
0.190046527223536	0.716038481882459	0.389	0.234	1	chr5-107569610-107574679	5
0.190614259815662	0.873761171834561	0.333	0.213	1	chr16-73046460-73051579	5
0.190617624556486	0.817626745853721	0.389	0.213	1	chr1-203325011-203328240	5
0.190617624556486	0.813321799212591	0.389	0.213	1	chr19-38373861-38376289	5
0.191312185196168	0.439771500943434	0.556	0.383	1	chr6-142944276-142948189	5
0.191506423054835	1.13628183550604	0.222	0.106	1	chr1-1776959-1779841	5
0.191506423054835	1.20495496243945	0.222	0.106	1	chr3-142856776-142857702	5
0.191506423054835	1.15256527652986	0.222	0.106	1	chr3-153087528-153088580	5
0.191506423054835	1.16622826561357	0.222	0.106	1	chr8-27583293-27585314	5
0.191506423054835	1.35685212182914	0.222	0.106	1	chr11-18383239-18384997	5
0.191506423054835	1.24083368463248	0.222	0.106	1	chr12-97158633-97160709	5
0.191506423054835	1.19974524009173	0.222	0.106	1	chr13-50319147-50321077	5
0.191506423054835	1.16959252292829	0.222	0.106	1	chr14-35335230-35337713	5
0.191506423054835	1.16061534163677	0.222	0.106	1	chr17-73286145-73287496	5
0.191506423054835	1.26503370471914	0.222	0.106	1	chr20-31513853-31516153	5
0.191506423054835	1.20642260109789	0.222	0.106	1	chr22-43293000-43294549	5
0.191506423054835	1.14960537708294	0.222	0.106	1	chrX-107117976-107119301	5
0.193020959323727	0.918931447173866	0.278	0.128	1	chr1-111448135-111450321	5
0.193324289436725	0.86218082402409	0.333	0.191	1	chr11-2990264-2993330	5
0.193324289436725	0.87576356045099	0.333	0.191	1	chr12-106357222-106359372	5
0.193324289436725	0.880613568073917	0.333	0.191	1	chr13-51033317-51035744	5
0.193411605753861	0.559196329576097	0.556	0.426	1	chr8-109538898-109541575	5
0.193918845443688	1.40838762015426	0.167	0.064	1	chr1-17053156-17054693	5
0.193918845443688	1.53000862073536	0.167	0.064	1	chr1-22052192-22054020	5
0.193918845443688	1.26707365271261	0.167	0.064	1	chr1-219812123-219813244	5
0.193918845443688	1.42714338291262	0.167	0.064	1	chr1-231777790-231778792	5
0.193918845443688	1.44522574362252	0.167	0.064	1	chr1-247372470-247373341	5
0.193918845443688	1.58540028232077	0.167	0.064	1	chr2-65662401-65663328	5
0.193918845443688	1.45080675676605	0.167	0.064	1	chr2-70300910-70302402	5
0.193918845443688	1.44025598851976	0.167	0.064	1	chr2-108718846-108720169	5
0.193918845443688	1.52453457208489	0.167	0.064	1	chr2-134491279-134492717	5
0.193918845443688	1.58245287273733	0.167	0.064	1	chr2-159516125-159516944	5
0.193918845443688	1.46705327128007	0.167	0.064	1	chr2-163734977-163736912	5
0.193918845443688	1.52591796614418	0.167	0.064	1	chr3-38468526-38469436	5
0.193918845443688	1.41171495301042	0.167	0.064	1	chr3-65348141-65349305	5
0.193918845443688	1.41890809250486	0.167	0.064	1	chr3-166734505-166735277	5
0.193918845443688	1.55364101866416	0.167	0.064	1	chr3-166788511-166789749	5
0.193918845443688	1.50848981508323	0.167	0.064	1	chr4-2185645-2186803	5
0.193918845443688	1.38885192487987	0.167	0.064	1	chr4-10554563-10555292	5
0.193918845443688	1.55849926830405	0.167	0.064	1	chr4-38563739-38566696	5
0.193918845443688	1.37791563209409	0.167	0.064	1	chr4-39495232-39496460	5
0.193918845443688	1.45548508207354	0.167	0.064	1	chr4-84279308-84280348	5
0.193918845443688	1.48939172504056	0.167	0.064	1	chr4-101299229-101300965	5
0.193918845443688	1.42382984618252	0.167	0.064	1	chr4-168816562-168817601	5
0.193918845443688	1.45164417296927	0.167	0.064	1	chr4-184775627-184776896	5
0.193918845443688	1.562492560147	0.167	0.064	1	chr5-3534900-3536596	5
0.193918845443688	1.43515028719299	0.167	0.064	1	chr5-78377053-78377937	5
0.193918845443688	1.55304106306867	0.167	0.064	1	chr5-107554609-107557805	5
0.193918845443688	1.67895694206075	0.167	0.064	1	chr5-135887134-135887991	5
0.193918845443688	1.27895830441232	0.167	0.064	1	chr5-141564008-141564945	5
0.193918845443688	1.43537185096503	0.167	0.064	1	chr5-142925538-142926648	5
0.193918845443688	1.42912969555494	0.167	0.064	1	chr5-149439651-149440581	5
0.193918845443688	1.60385906992857	0.167	0.064	1	chr5-150612729-150617791	5
0.193918845443688	1.44618295156043	0.167	0.064	1	chr5-164156041-164157207	5
0.193918845443688	1.43541812083874	0.167	0.064	1	chr5-169439060-169440798	5
0.193918845443688	1.42353677591187	0.167	0.064	1	chr5-172478838-172479596	5
0.193918845443688	1.36421247439501	0.167	0.064	1	chr7-16357499-16358569	5
0.193918845443688	1.56219968309927	0.167	0.064	1	chr7-28960007-28961140	5
0.193918845443688	1.51670670450348	0.167	0.064	1	chr7-35003055-35004326	5
0.193918845443688	1.47499394513044	0.167	0.064	1	chr7-128403879-128406755	5
0.193918845443688	1.40402941064708	0.167	0.064	1	chr8-60417803-60418672	5
0.193918845443688	1.53990594575429	0.167	0.064	1	chr8-68325345-68326055	5
0.193918845443688	1.49323930820608	0.167	0.064	1	chr8-73606344-73607738	5
0.193918845443688	1.39483584776534	0.167	0.064	1	chr8-81568572-81570876	5
0.193918845443688	1.44268650389543	0.167	0.064	1	chr8-108759872-108761141	5
0.193918845443688	1.45747340770426	0.167	0.064	1	chr9-109420507-109424116	5
0.193918845443688	1.43285235363836	0.167	0.064	1	chr9-129202557-129203414	5
0.193918845443688	1.41535100716827	0.167	0.064	1	chr11-46176163-46177021	5
0.193918845443688	1.42794797651558	0.167	0.064	1	chr11-63888180-63889107	5
0.193918845443688	1.53194185818204	0.167	0.064	1	chr11-86455832-86456684	5
0.193918845443688	1.60818618459639	0.167	0.064	1	chr11-113905967-113907169	5
0.193918845443688	1.52123823090406	0.167	0.064	1	chr11-120241007-120242000	5
0.193918845443688	1.4490328910353	0.167	0.064	1	chr12-50326044-50327311	5
0.193918845443688	1.47434817324704	0.167	0.064	1	chr12-89016870-89017613	5
0.193918845443688	1.54498905379856	0.167	0.064	1	chr12-94770440-94771471	5
0.193918845443688	1.39455468944825	0.167	0.064	1	chr12-94889288-94890270	5
0.193918845443688	1.62375687888808	0.167	0.064	1	chr12-99984156-99985867	5
0.193918845443688	1.42401581525397	0.167	0.064	1	chr13-21234083-21235045	5
0.193918845443688	1.41376465769889	0.167	0.064	1	chr13-48000139-48001908	5
0.193918845443688	1.45122862512705	0.167	0.064	1	chr13-50909302-50911408	5
0.193918845443688	1.6222098652961	0.167	0.064	1	chr13-94121640-94124096	5
0.193918845443688	1.55588855591851	0.167	0.064	1	chr13-98972057-98973207	5
0.193918845443688	1.39989732597539	0.167	0.064	1	chr14-47626036-47627302	5
0.193918845443688	1.42205962461079	0.167	0.064	1	chr14-55438002-55438494	5
0.193918845443688	1.39524949902625	0.167	0.064	1	chr14-68404372-68405114	5
0.193918845443688	1.41121000006903	0.167	0.064	1	chr14-99274246-99275309	5
0.193918845443688	1.48163801416641	0.167	0.064	1	chr15-34360287-34360748	5
0.193918845443688	1.57141431655837	0.167	0.064	1	chr16-327011-328113	5
0.193918845443688	1.45685111648988	0.167	0.064	1	chr16-20114124-20114883	5
0.193918845443688	1.43775453315348	0.167	0.064	1	chr16-87492598-87493670	5
0.193918845443688	1.43231632169127	0.167	0.064	1	chr17-43905880-43908458	5
0.193918845443688	1.42575512418954	0.167	0.064	1	chr17-49987650-49988633	5
0.193918845443688	1.43122233505538	0.167	0.064	1	chr17-73532194-73533776	5
0.193918845443688	1.50496279319941	0.167	0.064	1	chr17-82654129-82655720	5
0.193918845443688	1.39128801453584	0.167	0.064	1	chr19-13763922-13765977	5
0.193918845443688	1.49443567170391	0.167	0.064	1	chr19-30555984-30557614	5
0.193918845443688	1.44295575148536	0.167	0.064	1	chr19-34926590-34927792	5
0.193918845443688	1.46169537816892	0.167	0.064	1	chr19-38070306-38071171	5
0.193918845443688	1.49999448161564	0.167	0.064	1	chr20-17651038-17652581	5
0.193918845443688	1.41963634792727	0.167	0.064	1	chr20-46485086-46486307	5
0.193918845443688	1.42736986080851	0.167	0.064	1	chr21-42892297-42894190	5
0.193918845443688	1.41675250675109	0.167	0.064	1	chr21-43331929-43334075	5
0.193918845443688	1.36565585890184	0.167	0.064	1	chr22-36977535-36978608	5
0.193918845443688	1.50125939631683	0.167	0.064	1	chr22-37187265-37190841	5
0.193918845443688	1.54778797544925	0.167	0.064	1	chrY-19268016-19269098	5
0.194542253441118	0.732220262843848	0.444	0.277	1	chr8-38384744-38387443	5
0.194552621219084	1.22771800755467	0.222	0.085	1	chr1-39158002-39159651	5
0.194552621219084	1.03878826143367	0.222	0.085	1	chr17-19506995-19508826	5
0.195193652064456	0.735672263235387	0.389	0.255	1	chr21-8988726-8995517	5
0.195261661547825	0.721560356587416	0.444	0.319	1	chr8-124473225-124476966	5
0.195450809590879	0.890114813506956	0.333	0.17	1	chr1-229842910-229846132	5
0.195455298974144	0.529731721250857	0.5	0.383	1	chr8-133215140-133218262	5
0.196407827357166	0.756985577375118	0.389	0.234	1	chr13-75537134-75538710	5
0.196407827357166	0.75502302648708	0.389	0.234	1	chr14-37171605-37173241	5
0.196407827357166	0.775062568872954	0.389	0.234	1	chr17-54899645-54903996	5
0.19726773623833	0.862941119635403	0.333	0.213	1	chr3-10319862-10321655	5
0.19726773623833	0.791350116125072	0.333	0.213	1	chr17-80277367-80280452	5
0.197412186754697	0.980690051871133	0.278	0.149	1	chr1-41514189-41516742	5
0.197412186754697	1.0079527666762	0.278	0.149	1	chr1-44293469-44295130	5
0.197412186754697	0.992066124157223	0.278	0.149	1	chr3-9351663-9353913	5
0.197412186754697	0.940325244648525	0.278	0.149	1	chr5-14153022-14154787	5
0.197412186754697	1.04328382720661	0.278	0.149	1	chr6-53064380-53069206	5
0.197412186754697	1.02053313223927	0.278	0.149	1	chr13-20566232-20568340	5
0.197412186754697	0.96451964529979	0.278	0.149	1	chr15-85330846-85331883	5
0.198357672015508	0.791912336378767	0.444	0.234	1	chr6-80003580-80005278	5
0.199764202267464	0.888129353248317	0.389	0.277	1	chr21-33640863-33644143	5
0.199940211393007	1.26291929333944	0.222	0.106	1	chr3-22490930-22492099	5
0.199940211393007	1.33644526978029	0.222	0.106	1	chr7-123556837-123558560	5
0.199940211393007	1.17292789364806	0.222	0.106	1	chr8-71886306-71888372	5
0.199940211393007	1.11960214774801	0.222	0.106	1	chr10-77391829-77393425	5
0.199940211393007	1.1157713445085	0.222	0.106	1	chr12-53294979-53296357	5
0.199940211393007	1.15124840162721	0.222	0.106	1	chr13-112905587-112906915	5
0.199940211393007	1.23811096413916	0.222	0.106	1	chr14-103909951-103911098	5
0.199940211393007	1.16151265159297	0.222	0.106	1	chr15-62389856-62392335	5
0.199940211393007	1.18800714024704	0.222	0.106	1	chr18-54766471-54768203	5
0.199940211393007	1.1394159041909	0.222	0.106	1	chr18-72839969-72842100	5
0.199940211393007	1.14680063218995	0.222	0.106	1	chr19-17302586-17303907	5
0.199940211393007	1.14448818986306	0.222	0.106	1	chr20-2244070-2247092	5
0.199940211393007	1.1133536842129	0.222	0.106	1	chr22-43435863-43436993	5
0.199940211393007	1.15874688853875	0.222	0.106	1	chr22-46525274-46526553	5
0.200211921034297	0.986607165485141	0.333	0.191	1	chr11-78060718-78064173	5
0.200531566427977	1.08411573495253	0.278	0.17	1	chr20-44208713-44212005	5
0.201161849722553	0.69493265804512	0.444	0.298	1	chr6-125780006-125782044	5
0.202923724043135	0.751984203176233	0.389	0.234	1	chr3-111737179-111740270	5
0.202923724043135	0.748182274237221	0.389	0.234	1	chr22-20856820-20859940	5
0.203792941455551	0.801948328074984	0.389	0.213	1	chr16-75263261-75267032	5
0.204089639642787	0.782333464177552	0.333	0.213	1	chr20-2469021-2471496	5
0.204127221183268	1.44045491583738	0.167	0.064	1	chr1-41617704-41618709	5
0.204127221183268	1.31421784985759	0.167	0.064	1	chr1-119867522-119869010	5
0.204127221183268	1.40512506101092	0.167	0.064	1	chr1-165541782-165544522	5
0.204127221183268	1.55469877782365	0.167	0.064	1	chr1-209652527-209654458	5
0.204127221183268	1.44360470004991	0.167	0.064	1	chr1-223683726-223684821	5
0.204127221183268	1.35080131178811	0.167	0.064	1	chr1-225746362-225747494	5
0.204127221183268	1.30910413437457	0.167	0.064	1	chr1-226737903-226740081	5
0.204127221183268	1.52643585214868	0.167	0.064	1	chr1-235882182-235884198	5
0.204127221183268	1.50241120814939	0.167	0.064	1	chr1-243438186-243439445	5
0.204127221183268	1.4219729188732	0.167	0.064	1	chr2-39778208-39779535	5
0.204127221183268	1.41526628179523	0.167	0.064	1	chr2-71331330-71332646	5
0.204127221183268	1.45536198796486	0.167	0.064	1	chr2-109480495-109481924	5
0.204127221183268	1.36599048278945	0.167	0.064	1	chr2-121754847-121756994	5
0.204127221183268	1.46302727562047	0.167	0.064	1	chr2-135073764-135075189	5
0.204127221183268	1.404264230923	0.167	0.064	1	chr2-162175560-162176392	5
0.204127221183268	1.46328172479211	0.167	0.064	1	chr2-231320654-231321683	5
0.204127221183268	1.395481919112	0.167	0.064	1	chr3-24139422-24142327	5
0.204127221183268	1.51046483893762	0.167	0.064	1	chr3-36172273-36173363	5
0.204127221183268	1.39418794173197	0.167	0.064	1	chr3-130143642-130145008	5
0.204127221183268	1.34642066509913	0.167	0.064	1	chr3-192851450-192852690	5
0.204127221183268	1.40393573590565	0.167	0.064	1	chr3-193461598-193462261	5
0.204127221183268	1.49863361758427	0.167	0.064	1	chr4-961684-964342	5
0.204127221183268	1.46180007886032	0.167	0.064	1	chr4-970859-974016	5
0.204127221183268	1.35773603301239	0.167	0.064	1	chr4-4618386-4620286	5
0.204127221183268	1.43027504350304	0.167	0.064	1	chr4-24876158-24877076	5
0.204127221183268	1.41110678157404	0.167	0.064	1	chr4-41483439-41486816	5
0.204127221183268	1.39902570286426	0.167	0.064	1	chr4-77104647-77105783	5
0.204127221183268	1.40190828377325	0.167	0.064	1	chr4-103945531-103946527	5
0.204127221183268	1.53393873647018	0.167	0.064	1	chr5-33888441-33889172	5
0.204127221183268	1.41895872969367	0.167	0.064	1	chr5-50710669-50711764	5
0.204127221183268	1.40079880134056	0.167	0.064	1	chr5-166535435-166536362	5
0.204127221183268	1.42632644668908	0.167	0.064	1	chr5-176578059-176578849	5
0.204127221183268	1.4347062832262	0.167	0.064	1	chr6-3126292-3126888	5
0.204127221183268	1.39585425177787	0.167	0.064	1	chr6-109428660-109429936	5
0.204127221183268	1.39803288592025	0.167	0.064	1	chr6-121141313-121142970	5
0.204127221183268	1.41310077663168	0.167	0.064	1	chr7-12220215-12221886	5
0.204127221183268	1.42978992622411	0.167	0.064	1	chr7-113789336-113790666	5
0.204127221183268	1.46276001853086	0.167	0.064	1	chr7-133887624-133889016	5
0.204127221183268	1.42152063343066	0.167	0.064	1	chr8-53227046-53228620	5
0.204127221183268	1.45284437878671	0.167	0.064	1	chr8-56435454-56436478	5
0.204127221183268	1.35939328791765	0.167	0.064	1	chr8-105216116-105216913	5
0.204127221183268	1.40363481781161	0.167	0.064	1	chr8-121426508-121427886	5
0.204127221183268	1.67118851054337	0.167	0.064	1	chr8-127893709-127897383	5
0.204127221183268	1.40188990813369	0.167	0.064	1	chr10-34319191-34320406	5
0.204127221183268	1.52633039438355	0.167	0.064	1	chr10-43583775-43584654	5
0.204127221183268	1.43796792283381	0.167	0.064	1	chr10-69385089-69386560	5
0.204127221183268	1.34683274078457	0.167	0.064	1	chr10-116627121-116628481	5
0.204127221183268	1.40353949442081	0.167	0.064	1	chr12-4056797-4057807	5
0.204127221183268	1.31458754810597	0.167	0.064	1	chr12-54032219-54034440	5
0.204127221183268	1.47536541545694	0.167	0.064	1	chr13-32984607-32985673	5
0.204127221183268	1.55323743545572	0.167	0.064	1	chr14-34139584-34140470	5
0.204127221183268	1.5556947082915	0.167	0.064	1	chr16-424009-426948	5
0.204127221183268	1.35552483399904	0.167	0.064	1	chr16-12531647-12533416	5
0.204127221183268	1.38114520819193	0.167	0.064	1	chr16-25126523-25127321	5
0.204127221183268	1.4088193147571	0.167	0.064	1	chr16-67449267-67450402	5
0.204127221183268	1.38823698010439	0.167	0.064	1	chr16-69216714-69218964	5
0.204127221183268	1.37207618813742	0.167	0.064	1	chr17-2392237-2394516	5
0.204127221183268	1.43433384625966	0.167	0.064	1	chr17-7227881-7228933	5
0.204127221183268	1.41781926595264	0.167	0.064	1	chr17-15944490-15945724	5
0.204127221183268	1.30048909462867	0.167	0.064	1	chr17-72517924-72519682	5
0.204127221183268	1.4516084979464	0.167	0.064	1	chr17-78359900-78361359	5
0.204127221183268	1.50191091874946	0.167	0.064	1	chr19-7398630-7399397	5
0.204127221183268	1.48115533643419	0.167	0.064	1	chr19-46975889-46977363	5
0.204127221183268	1.38213486138065	0.167	0.064	1	chr20-19046969-19048381	5
0.204127221183268	1.44884067285541	0.167	0.064	1	chr20-24656875-24658077	5
0.204127221183268	1.40704150176728	0.167	0.064	1	chr21-36125433-36128360	5
0.204127221183268	1.48630254745772	0.167	0.064	1	chr22-41902520-41903830	5
0.204127221183268	1.49326416302919	0.167	0.064	1	chrX-70197128-70197665	5
0.204127221183268	1.37762639620526	0.167	0.064	1	chrY-12342822-12343889	5
0.205049377718076	1.00656154063063	0.278	0.149	1	chr2-159285654-159287571	5
0.205049377718076	0.957969816833085	0.278	0.149	1	chr6-81751940-81754504	5
0.205049377718076	0.996801179022115	0.278	0.149	1	chr7-128076446-128077911	5
0.205049377718076	0.88496409910741	0.278	0.149	1	chr8-54019358-54023180	5
0.205049377718076	1.08690029038345	0.278	0.149	1	chr12-104956776-104959987	5
0.207277010197523	0.83169120043006	0.333	0.191	1	chr1-145890690-145893232	5
0.207277010197523	0.822018345397313	0.333	0.191	1	chr3-53269706-53270893	5
0.207277010197523	0.87578241915613	0.333	0.191	1	chr8-144325435-144327720	5
0.207360271623429	0.665139629195976	0.444	0.298	1	chr3-39382633-39385063	5
0.208074473254878	0.746342866433691	0.389	0.255	1	chr21-43725503-43729401	5
0.208642065723442	1.20162097381947	0.222	0.106	1	chr1-205175177-205176019	5
0.208642065723442	1.19172284663894	0.222	0.106	1	chr2-95292412-95299086	5
0.208642065723442	1.11979033061359	0.222	0.106	1	chr3-70737617-70738797	5
0.208642065723442	1.13420112104553	0.222	0.106	1	chr5-15719478-15720875	5
0.208642065723442	1.16898188822945	0.222	0.106	1	chr6-108684328-108685977	5
0.208642065723442	1.11217129598579	0.222	0.106	1	chr6-158002016-158003942	5
0.208642065723442	1.21579554382965	0.222	0.106	1	chr7-66113997-66115872	5
0.208642065723442	1.13213762334153	0.222	0.106	1	chr12-15983764-15985360	5
0.208642065723442	1.16600642192822	0.222	0.106	1	chr17-29123957-29125614	5
0.208642065723442	1.15020761491892	0.222	0.106	1	chr17-81682645-81684597	5
0.20933142616555	0.636550674555392	0.5	0.34	1	chr14-24441403-24443869	5
0.209595668853327	0.749834433522147	0.389	0.234	1	chr1-32012918-32015452	5
0.209595668853327	0.758033423451621	0.389	0.234	1	chr8-144507379-144512284	5
0.209897955875157	0.83081784393553	0.333	0.17	1	chr8-132674791-132677601	5
0.209897955875157	0.793864168314824	0.333	0.17	1	chr14-35341078-35342957	5
0.210623853922226	0.711533262334664	0.389	0.213	1	chr1-149927200-149928767	5
0.210623853922226	0.754519143326819	0.389	0.213	1	chr19-51593570-51595177	5
0.211081604660874	0.929458838624494	0.333	0.213	1	chr2-240564817-240569710	5
0.211081604660874	0.785363707209261	0.333	0.213	1	chr8-90000319-90002280	5
0.212633267053595	0.765944330906441	0.389	0.277	1	chr9-129485892-129491015	5
0.212899133799845	1.04021996163775	0.278	0.149	1	chr3-179652092-179654673	5
0.212899133799845	1.01082540261023	0.278	0.149	1	chr6-156932671-156934849	5
0.212899133799845	0.984626149799156	0.278	0.149	1	chr14-54565046-54568683	5
0.212899133799845	0.944049787485031	0.278	0.149	1	chr14-94080049-94082057	5
0.212899133799845	0.913595378459715	0.278	0.149	1	chr16-66364107-66365983	5
0.212899133799845	0.961598420268319	0.278	0.149	1	chr18-21739918-21741921	5
0.212899133799845	0.921939234063675	0.278	0.149	1	chr22-42938909-42940791	5
0.214721107602254	1.26255741615106	0.167	0.064	1	chr1-1324210-1326382	5
0.214721107602254	1.34657893423807	0.167	0.064	1	chr1-9482381-9483291	5
0.214721107602254	1.27842900722274	0.167	0.064	1	chr1-27341385-27343930	5
0.214721107602254	1.38953588671512	0.167	0.064	1	chr1-47710251-47711154	5
0.214721107602254	1.37254225047674	0.167	0.064	1	chr1-93666380-93668121	5
0.214721107602254	1.3383034286909	0.167	0.064	1	chr1-199774492-199775211	5
0.214721107602254	1.34949449661221	0.167	0.064	1	chr1-203771547-203772710	5
0.214721107602254	1.32310475359521	0.167	0.064	1	chr2-20443243-20445111	5
0.214721107602254	1.39140736515054	0.167	0.064	1	chr2-60416168-60416739	5
0.214721107602254	1.29733518707175	0.167	0.064	1	chr2-166181321-166182026	5
0.214721107602254	1.41832135930542	0.167	0.064	1	chr2-233940671-233941647	5
0.214721107602254	1.38474440767644	0.167	0.064	1	chr3-16236724-16237794	5
0.214721107602254	1.38617240861398	0.167	0.064	1	chr3-28645147-28646699	5
0.214721107602254	1.29251038053502	0.167	0.064	1	chr3-129864311-129865455	5
0.214721107602254	1.46206383713714	0.167	0.064	1	chr3-142484688-142485591	5
0.214721107602254	1.3499155797762	0.167	0.064	1	chr3-155805404-155806810	5
0.214721107602254	1.30713093257826	0.167	0.064	1	chr3-158659465-158661783	5
0.214721107602254	1.33118269388851	0.167	0.064	1	chr3-183886594-183887298	5
0.214721107602254	1.37044186172336	0.167	0.064	1	chr3-196807012-196808408	5
0.214721107602254	1.42496580162255	0.167	0.064	1	chr4-74653824-74654710	5
0.214721107602254	1.29639015826342	0.167	0.064	1	chr4-87092591-87094137	5
0.214721107602254	1.34505218108223	0.167	0.064	1	chr5-56668882-56670398	5
0.214721107602254	1.33893594227726	0.167	0.064	1	chr5-134039395-134040191	5
0.214721107602254	1.33938823874454	0.167	0.064	1	chr6-3664329-3665949	5
0.214721107602254	1.32600537741713	0.167	0.064	1	chr6-3751538-3752308	5
0.214721107602254	1.37941426212788	0.167	0.064	1	chr6-21885147-21888167	5
0.214721107602254	1.30534029691055	0.167	0.064	1	chr6-29737945-29738484	5
0.214721107602254	1.35076763592511	0.167	0.064	1	chr6-42781716-42784575	5
0.214721107602254	1.38159952614414	0.167	0.064	1	chr6-53512654-53514216	5
0.214721107602254	1.36476500046012	0.167	0.064	1	chr6-109465560-109467008	5
0.214721107602254	1.29770821131061	0.167	0.064	1	chr6-110825398-110827216	5
0.214721107602254	1.28507346301064	0.167	0.064	1	chr6-138257461-138259582	5
0.214721107602254	1.08424220446488	0.167	0.064	1	chr7-23469819-23471963	5
0.214721107602254	1.37620299130365	0.167	0.064	1	chr7-40947421-40948228	5
0.214721107602254	1.33093882344032	0.167	0.064	1	chr7-141662666-141664213	5
0.214721107602254	1.3275884866688	0.167	0.064	1	chr8-102871402-102872580	5
0.214721107602254	1.3254076271205	0.167	0.064	1	chr8-124530696-124531958	5
0.214721107602254	1.31761940456008	0.167	0.064	1	chr8-141137372-141138296	5
0.214721107602254	1.3190927612402	0.167	0.064	1	chr9-37746860-37747774	5
0.214721107602254	1.34991101073654	0.167	0.064	1	chr9-101119121-101119824	5
0.214721107602254	1.36247167267122	0.167	0.064	1	chr9-113973612-113974761	5
0.214721107602254	1.34559491374525	0.167	0.064	1	chr9-123267341-123269607	5
0.214721107602254	1.41019047251162	0.167	0.064	1	chr11-66985507-66986509	5
0.214721107602254	1.3984742925258	0.167	0.064	1	chr11-69892714-69895015	5
0.214721107602254	1.32521698901557	0.167	0.064	1	chr11-70169203-70171344	5
0.214721107602254	1.34526961987573	0.167	0.064	1	chr12-49331270-49332784	5
0.214721107602254	1.38504191124085	0.167	0.064	1	chr12-95836102-95838687	5
0.214721107602254	1.35479920712997	0.167	0.064	1	chr12-132600159-132601025	5
0.214721107602254	1.31516241161542	0.167	0.064	1	chr13-48232383-48234311	5
0.214721107602254	1.28580200525847	0.167	0.064	1	chr13-49984938-49986006	5
0.214721107602254	1.26460900831664	0.167	0.064	1	chr14-23120679-23121964	5
0.214721107602254	1.39824486561354	0.167	0.064	1	chr14-25370532-25372395	5
0.214721107602254	1.38151569549132	0.167	0.064	1	chr14-34699767-34700861	5
0.214721107602254	1.29595795205064	0.167	0.064	1	chr14-64681701-64683078	5
0.214721107602254	1.33627054682083	0.167	0.064	1	chr14-68306528-68308299	5
0.214721107602254	1.36588338435978	0.167	0.064	1	chr14-69086609-69087648	5
0.214721107602254	1.35850042285826	0.167	0.064	1	chr14-96263197-96265308	5
0.214721107602254	1.23835316026558	0.167	0.064	1	chr15-61216276-61217324	5
0.214721107602254	1.35624704316354	0.167	0.064	1	chr16-23070822-23073564	5
0.214721107602254	1.36043934074127	0.167	0.064	1	chr17-35930015-35931160	5
0.214721107602254	1.37140989862148	0.167	0.064	1	chr17-40559967-40560889	5
0.214721107602254	1.37051037188497	0.167	0.064	1	chr17-67244235-67246319	5
0.214721107602254	1.25121576810263	0.167	0.064	1	chr20-3080667-3081758	5
0.214721107602254	1.35016537282348	0.167	0.064	1	chr20-19880250-19881005	5
0.214721107602254	1.31337793572152	0.167	0.064	1	chr20-45987167-45987889	5
0.214721107602254	1.35777142122464	0.167	0.064	1	chr22-28821376-28823917	5
0.214721107602254	1.26693922341685	0.167	0.064	1	chr22-43923283-43924333	5
0.214721107602254	1.36409588707875	0.167	0.064	1	chr22-44684490-44685738	5
0.214721107602254	1.20176224425264	0.167	0.064	1	chr22-49574694-49576980	5
0.214721107602254	1.26965779227415	0.167	0.064	1	chrX-132180950-132181921	5
0.214721107602254	1.30718439429945	0.167	0.064	1	chrX-149504217-149505846	5
0.214721107602254	1.45976254538372	0.167	0.064	1	chrY-19075450-19076581	5
0.215690067232218	1.08136532906216	0.278	0.17	1	chr3-125059211-125061879	5
0.215690067232218	0.98539558025568	0.278	0.17	1	chr7-105531400-105533082	5
0.216425039022369	0.717661370831986	0.389	0.234	1	chr18-31941912-31944489	5
0.217066871056162	0.897811210593533	0.278	0.128	1	chr1-28437280-28438658	5
0.217066871056162	0.99138619406786	0.278	0.128	1	chr14-68255260-68256545	5
0.217066871056162	0.894533397967133	0.278	0.128	1	chr19-35647699-35649096	5
0.217404810105194	0.851737682502256	0.333	0.17	1	chr8-33511923-33514258	5
0.217423818777411	0.607061060198969	0.5	0.362	1	chr1-228139342-228143340	5
0.21761515689009	1.07918598378363	0.222	0.106	1	chr1-201592955-201594981	5
0.21761515689009	1.10526420937637	0.222	0.106	1	chr1-205774872-205776002	5
0.21761515689009	1.01445393469599	0.222	0.106	1	chr5-104079649-104081174	5
0.21761515689009	1.18377579550545	0.222	0.106	1	chr6-116059546-116061409	5
0.21761515689009	1.07996449259633	0.222	0.106	1	chr7-4151727-4153129	5
0.21761515689009	1.18642591319831	0.222	0.106	1	chr7-139618812-139619875	5
0.21761515689009	1.07081306438892	0.222	0.106	1	chr9-37514899-37516709	5
0.21761515689009	1.13987585526399	0.222	0.106	1	chr10-116670746-116672172	5
0.21761515689009	1.14436842813768	0.222	0.106	1	chr12-132614777-132615534	5
0.21761515689009	1.0362663440347	0.222	0.106	1	chr14-51546863-51547791	5
0.21761515689009	1.08434120795093	0.222	0.106	1	chr15-25541992-25543690	5
0.21761515689009	1.08702525585488	0.222	0.106	1	chr16-21511499-21516523	5
0.21761515689009	1.08898013096798	0.222	0.106	1	chr19-2185353-2186733	5
0.21761515689009	1.17134239253322	0.222	0.106	1	chr21-39450678-39452798	5
0.21761515689009	1.12302330053688	0.222	0.106	1	chr22-20130194-20132808	5
0.21761515689009	1.11033450800413	0.222	0.106	1	chrX-111680535-111682298	5
0.21761515689009	1.07226925398549	0.222	0.106	1	chrX-154017662-154020671	5
0.218245177243456	0.795227142354847	0.333	0.213	1	chr5-7851184-7852570	5
0.218245177243456	0.904380394965561	0.333	0.213	1	chr17-1515331-1517794	5
0.218585591880739	0.60743423949559	0.556	0.319	1	chr14-20460682-20462411	5
0.219049777081043	0.490419138424606	0.5	0.383	1	chr17-59842123-59848216	5
0.219451516550973	0.536045003576918	0.5	0.319	1	chr7-138459464-138462453	5
0.220963585966788	0.913672147422705	0.278	0.149	1	chr1-231336844-231339347	5
0.220963585966788	0.969824189591837	0.278	0.149	1	chr2-62293264-62294398	5
0.220963585966788	0.925127179656644	0.278	0.149	1	chr6-57046194-57047130	5
0.220963585966788	1.00587102908901	0.278	0.149	1	chr12-132188958-132191476	5
0.220963585966788	0.901565584631809	0.278	0.149	1	chr16-73009790-73011057	5
0.221946319551193	0.826083486414015	0.333	0.191	1	chr1-227945111-227948967	5
0.221946319551193	0.704453382895262	0.333	0.191	1	chr5-140690477-140692837	5
0.221946319551193	0.837947402597935	0.333	0.191	1	chr6-33417210-33418940	5
0.221946319551193	0.815989821991108	0.333	0.191	1	chr6-156685822-156688136	5
0.221946319551193	0.766085465865606	0.333	0.191	1	chr7-1568879-1571264	5
0.221946319551193	0.755126867562678	0.333	0.191	1	chr11-65381495-65383355	5
0.221946319551193	0.821659510216169	0.333	0.191	1	chr18-57800910-57804216	5
0.223571547424673	0.940358890536841	0.278	0.17	1	chr5-57862258-57864007	5
0.223571547424673	0.886925422062036	0.278	0.17	1	chr7-6576472-6578156	5
0.223571547424673	0.91942987681333	0.278	0.17	1	chr14-69397324-69399292	5
0.225705698671113	1.34293914208036	0.167	0.064	1	chr1-30801477-30802364	5
0.225705698671113	1.40170128639258	0.167	0.064	1	chr1-39267932-39269053	5
0.225705698671113	1.20199228198005	0.167	0.064	1	chr1-46179222-46180862	5
0.225705698671113	1.30149739950279	0.167	0.064	1	chr1-61322248-61323449	5
0.225705698671113	1.20674180556633	0.167	0.064	1	chr2-5111256-5112160	5
0.225705698671113	1.23302607508837	0.167	0.064	1	chr2-73283360-73285080	5
0.225705698671113	1.2074488804726	0.167	0.064	1	chr2-112867862-112870065	5
0.225705698671113	1.34567094779513	0.167	0.064	1	chr2-203648053-203648962	5
0.225705698671113	1.35219930425318	0.167	0.064	1	chr3-42116953-42119367	5
0.225705698671113	1.22755477700252	0.167	0.064	1	chr3-99823148-99825664	5
0.225705698671113	1.29516323566851	0.167	0.064	1	chr3-170907988-170909113	5
0.225705698671113	1.30219873785097	0.167	0.064	1	chr4-81473499-81474616	5
0.225705698671113	1.30308629390491	0.167	0.064	1	chr4-169583371-169584130	5
0.225705698671113	1.33528114943616	0.167	0.064	1	chr5-112164111-112167653	5
0.225705698671113	1.30840511837747	0.167	0.064	1	chr6-43058967-43060753	5
0.225705698671113	1.47270974254604	0.167	0.064	1	chr6-108133460-108134363	5
0.225705698671113	1.38534573582514	0.167	0.064	1	chr7-1412501-1413485	5
0.225705698671113	1.34004660140496	0.167	0.064	1	chr7-44018720-44020686	5
0.225705698671113	1.21658069127311	0.167	0.064	1	chr7-47692860-47693889	5
0.225705698671113	1.27703269482025	0.167	0.064	1	chr7-101153905-101158015	5
0.225705698671113	1.35685066495038	0.167	0.064	1	chr7-105691012-105692427	5
0.225705698671113	1.33608463027105	0.167	0.064	1	chr8-100344917-100345734	5
0.225705698671113	1.35259541168384	0.167	0.064	1	chr9-18824042-18827980	5
0.225705698671113	1.26555788021361	0.167	0.064	1	chr9-70601342-70602903	5
0.225705698671113	1.27032589137786	0.167	0.064	1	chr11-16604369-16606679	5
0.225705698671113	1.27668251692608	0.167	0.064	1	chr11-27158073-27159394	5
0.225705698671113	1.22107952865631	0.167	0.064	1	chr11-47184532-47187105	5
0.225705698671113	1.3262399730301	0.167	0.064	1	chr11-128956349-128957069	5
0.225705698671113	1.34615145505284	0.167	0.064	1	chr12-54285429-54289996	5
0.225705698671113	1.31045228803721	0.167	0.064	1	chr12-74043142-74043832	5
0.225705698671113	1.19366910876288	0.167	0.064	1	chr12-98736579-98737720	5
0.225705698671113	1.15392239592124	0.167	0.064	1	chr12-109879690-109881240	5
0.225705698671113	1.23139369864774	0.167	0.064	1	chr13-25301058-25303204	5
0.225705698671113	1.1017799225572	0.167	0.064	1	chr13-36818572-36820425	5
0.225705698671113	1.29806293872922	0.167	0.064	1	chr13-97141340-97142111	5
0.225705698671113	1.25521296282726	0.167	0.064	1	chr15-29804083-29805539	5
0.225705698671113	1.32671941131328	0.167	0.064	1	chr15-52070897-52072265	5
0.225705698671113	1.24787738134174	0.167	0.064	1	chr15-63833073-63834804	5
0.225705698671113	1.35983834912034	0.167	0.064	1	chr15-98760110-98761304	5
0.225705698671113	1.27656755127829	0.167	0.064	1	chr16-84579640-84580586	5
0.225705698671113	1.2960210099235	0.167	0.064	1	chr17-4407817-4408582	5
0.225705698671113	1.34627117089586	0.167	0.064	1	chr17-50546627-50548119	5
0.225705698671113	1.32573240223272	0.167	0.064	1	chr19-42253328-42256038	5
0.225705698671113	1.36248338123878	0.167	0.064	1	chr20-767943-769270	5
0.225705698671113	1.25130158542585	0.167	0.064	1	chr21-16418208-16420799	5
0.225705698671113	1.25131553379404	0.167	0.064	1	chr22-28028481-28030152	5
0.225705698671113	1.24530707859063	0.167	0.064	1	chrX-49001465-49002834	5
0.225705698671113	1.29035910881013	0.167	0.064	1	chrX-54808271-54809830	5
0.225705698671113	1.36413245686114	0.167	0.064	1	chrX-150362458-150364929	5
0.225716241218519	0.538153983875965	0.667	0.404	1	chr4-52711626-52717666	5
0.226090596577477	0.623483249247432	0.444	0.255	1	chr7-106283702-106286027	5
0.226510375101846	0.55858377469008	0.444	0.319	1	chr3-40230747-40232856	5
0.226659143501304	0.654711787206057	0.444	0.277	1	chr6-4133354-4136886	5
0.226659143501304	0.659810846425625	0.444	0.277	1	chr14-99553781-99556519	5
0.226862426315889	1.05518458592554	0.222	0.106	1	chr1-31054374-31056297	5
0.226862426315889	1.1363346996791	0.222	0.106	1	chr1-92079752-92081214	5
0.226862426315889	1.07479613975655	0.222	0.106	1	chr1-228837643-228839108	5
0.226862426315889	1.11547615888311	0.222	0.106	1	chr2-25041025-25043046	5
0.226862426315889	1.00729459198291	0.222	0.106	1	chr2-95525407-95527705	5
0.226862426315889	1.03996563281734	0.222	0.106	1	chr4-38867150-38869609	5
0.226862426315889	1.09257187075773	0.222	0.106	1	chr8-54134409-54136058	5
0.226862426315889	1.13191470271753	0.222	0.106	1	chr10-46546263-46547434	5
0.226862426315889	1.08354165839786	0.222	0.106	1	chr12-69330155-69333493	5
0.226862426315889	1.0641671386227	0.222	0.106	1	chr12-82930905-82932159	5
0.226862426315889	1.12854902590575	0.222	0.106	1	chr12-89918012-89920048	5
0.226862426315889	1.19541451611555	0.222	0.106	1	chr12-122887342-122889407	5
0.226862426315889	1.03478355622453	0.222	0.106	1	chr22-23191927-23193062	5
0.226862426315889	1.07598411161666	0.222	0.106	1	chr22-44023526-44025274	5
0.228278013738075	0.490410874153452	0.556	0.426	1	chr17-47893657-47897516	5
0.228422180206748	0.943703375595054	0.333	0.234	1	chr7-56050187-56053032	5
0.228533932463233	0.607605118485545	0.389	0.255	1	chr16-81076273-81077883	5
0.229190923876197	0.960556597582671	0.222	0.128	1	chr2-84925479-84927458	5
0.229190923876197	1.29293148327565	0.222	0.128	1	chr5-1770098-1773291	5
0.229190923876197	0.956227279690316	0.222	0.128	1	chr10-67849150-67850377	5
0.229190923876197	1.27883091077893	0.222	0.128	1	chr12-80935757-80938033	5
0.229190923876197	1.1257702718087	0.222	0.128	1	chr17-7306665-7309419	5
0.229244719258265	0.907972161251045	0.278	0.149	1	chr2-85327194-85328858	5
0.229244719258265	0.905192649728179	0.278	0.149	1	chr6-70666942-70669801	5
0.229244719258265	0.87223288618762	0.278	0.149	1	chr6-96896648-96899525	5
0.229244719258265	0.935622871127143	0.278	0.149	1	chr9-89999032-90000731	5
0.229244719258265	0.920662882902859	0.278	0.149	1	chr10-28495975-28497188	5
0.229244719258265	0.922395756834722	0.278	0.149	1	chr12-50074933-50076106	5
0.229244719258265	0.831477453776259	0.278	0.149	1	chr13-49690041-49692148	5
0.229244719258265	0.914934325362248	0.278	0.149	1	chr15-99748973-99750106	5
0.229244719258265	0.847358448755972	0.278	0.149	1	chr16-2702954-2704230	5
0.229244719258265	0.844425605221195	0.278	0.149	1	chr16-4182943-4184616	5
0.229553665435313	0.840523526409158	0.333	0.191	1	chr4-15653478-15656126	5
0.229553665435313	0.735876014104611	0.333	0.191	1	chr12-8912650-8917129	5
0.229553665435313	0.728635409616327	0.333	0.191	1	chr12-75510703-75512272	5
0.231656902513929	0.86764786680682	0.278	0.17	1	chr1-16622757-16625343	5
0.231656902513929	1.01073871041317	0.278	0.17	1	chr19-40603279-40606768	5
0.233042656071869	0.678701340848388	0.389	0.277	1	chr3-45983852-45988581	5
0.233042656071869	0.66692436517966	0.389	0.277	1	chr6-53651089-53652853	5
0.233092861796611	0.809334304151628	0.333	0.213	1	chr10-120850576-120852195	5
0.233092861796611	0.867090111986335	0.333	0.213	1	chr16-72995184-72997668	5
0.233092861796611	0.71200680100639	0.333	0.213	1	chr20-35698036-35702002	5
0.233538682372193	0.649272722158803	0.444	0.298	1	chr16-57618278-57622987	5
0.235662039027327	0.690064604603963	0.389	0.255	1	chr1-50967383-50971222	5
0.235662039027327	0.759083255097182	0.389	0.255	1	chr12-948579-950349	5
0.235833343295067	0.824781226084	0.333	0.234	1	chr8-144826367-144828754	5
0.236386573585112	1.04569149753953	0.222	0.106	1	chr1-99788486-99789749	5
0.236386573585112	1.03817091383506	0.222	0.106	1	chr1-161723484-161724414	5
0.236386573585112	1.02762820869449	0.222	0.106	1	chr1-235159975-235162239	5
0.236386573585112	0.981139078570847	0.222	0.106	1	chr3-119034010-119035414	5
0.236386573585112	0.984544140952264	0.222	0.106	1	chr10-129466216-129468291	5
0.236386573585112	1.05842910087005	0.222	0.106	1	chr11-72024297-72026420	5
0.236386573585112	0.982712511371469	0.222	0.106	1	chr16-89343595-89347400	5
0.236386573585112	1.06421420900191	0.222	0.106	1	chr17-40025878-40027614	5
0.236386573585112	1.06487772658771	0.222	0.106	1	chr17-41771914-41774075	5
0.236386573585112	1.06214262042204	0.222	0.106	1	chr19-9818135-9820206	5
0.236386573585112	0.953900969042001	0.222	0.106	1	chr21-16079685-16080644	5
0.236386573585112	1.06467363762392	0.222	0.106	1	chr22-41403524-41404361	5
0.236386573585112	1.08294191746715	0.222	0.106	1	chrX-48020862-48022097	5
0.236386573585112	1.02285085715591	0.222	0.106	1	chrX-132216724-132219779	5
0.23699349747434	0.817137366737051	0.389	0.298	1	chr4-7066951-7069239	5
0.237085702046643	1.08280871290984	0.167	0.064	1	chr1-5485013-5486766	5
0.237085702046643	1.26908231465462	0.167	0.064	1	chr1-24501982-24504041	5
0.237085702046643	1.31273927150454	0.167	0.064	1	chr1-172428361-172429979	5
0.237085702046643	1.29860251067797	0.167	0.064	1	chr1-204398185-204399020	5
0.237085702046643	1.23264663329891	0.167	0.064	1	chr2-211408168-211409126	5
0.237085702046643	1.3136935357841	0.167	0.064	1	chr2-227518130-227519019	5
0.237085702046643	1.2690254969086	0.167	0.064	1	chr3-28018250-28020684	5
0.237085702046643	1.31854476896216	0.167	0.064	1	chr3-79167754-79168663	5
0.237085702046643	1.17200520388856	0.167	0.064	1	chr3-168248536-168250446	5
0.237085702046643	1.21759378810635	0.167	0.064	1	chr3-191475857-191477837	5
0.237085702046643	1.26366447047617	0.167	0.064	1	chr4-37987755-37989455	5
0.237085702046643	1.2307974845338	0.167	0.064	1	chr4-184845165-184845986	5
0.237085702046643	1.29423898385009	0.167	0.064	1	chr5-88964362-88965475	5
0.237085702046643	1.15787424497707	0.167	0.064	1	chr6-135180346-135182950	5
0.237085702046643	1.24450888837919	0.167	0.064	1	chr8-129535505-129536400	5
0.237085702046643	1.30376161028587	0.167	0.064	1	chr9-6408371-6409678	5
0.237085702046643	1.20301224694194	0.167	0.064	1	chr9-130028123-130029245	5
0.237085702046643	1.27414601636033	0.167	0.064	1	chr10-112716738-112717842	5
0.237085702046643	1.22206631750559	0.167	0.064	1	chr11-114001205-114002142	5
0.237085702046643	1.17079573529642	0.167	0.064	1	chr12-66195218-66196744	5
0.237085702046643	1.20661527046061	0.167	0.064	1	chr13-32838720-32839575	5
0.237085702046643	1.30166805835143	0.167	0.064	1	chr14-75720568-75721499	5
0.237085702046643	0.932271703388341	0.167	0.064	1	chr17-2041204-2043240	5
0.237085702046643	1.11792862330246	0.167	0.064	1	chr18-35580624-35583854	5
0.237085702046643	1.18041966842237	0.167	0.064	1	chr18-44975902-44976905	5
0.237085702046643	1.29326048564628	0.167	0.064	1	chr20-23755527-23757388	5
0.237085702046643	1.27829706901241	0.167	0.064	1	chr20-36492754-36494366	5
0.237085702046643	1.2073143097937	0.167	0.064	1	chr20-36954937-36955908	5
0.237344711447839	0.853757843122119	0.333	0.191	1	chr1-61724206-61725880	5
0.237344711447839	0.727246422580585	0.333	0.191	1	chr14-20662674-20664057	5
0.237344711447839	0.750356373643195	0.333	0.191	1	chr17-79005033-79006689	5
0.237744365999122	0.926079043208267	0.278	0.149	1	chr3-149368306-149371749	5
0.237744365999122	0.957714192341556	0.278	0.149	1	chr4-6990844-6994495	5
0.237744365999122	0.88704098034953	0.278	0.149	1	chr10-96275687-96276860	5
0.237744365999122	0.899631901291333	0.278	0.149	1	chr15-89377806-89380455	5
0.237744365999122	0.895139496519721	0.278	0.149	1	chr16-67718202-67720452	5
0.237744365999122	0.920851289527225	0.278	0.149	1	chr16-83898071-83900263	5
0.238359489551119	1.14437169355576	0.222	0.128	1	chr20-29079566-29081057	5
0.239947754802583	0.797966424304059	0.278	0.17	1	chr3-129576082-129577555	5
0.239947754802583	0.95090852482615	0.278	0.17	1	chr6-144094577-144096451	5
0.240144992080198	0.661147828671953	0.389	0.277	1	chr3-139388714-139391070	5
0.24077958686983	0.864037752715662	0.333	0.213	1	chr3-142223964-142226095	5
0.24107859121112	0.74999139812414	0.333	0.17	1	chr19-37931618-37932899	5
0.243413030857342	0.645256956098446	0.333	0.234	1	chr9-37799826-37802179	5
0.245952396694408	0.465834168248622	0.444	0.34	1	chr1-11261811-11263437	5
0.24619004423141	0.997614057299695	0.222	0.106	1	chr1-237470517-237471787	5
0.24619004423141	1.02431866436485	0.222	0.106	1	chr3-179131857-179133113	5
0.24619004423141	1.0720747068688	0.222	0.106	1	chr4-17636525-17637461	5
0.24619004423141	1.04757042532472	0.222	0.106	1	chr6-57960833-57961926	5
0.24619004423141	1.02330639987264	0.222	0.106	1	chr8-42470858-42473664	5
0.24619004423141	1.02447837007801	0.222	0.106	1	chr8-139719877-139720703	5
0.24619004423141	0.980358943075177	0.222	0.106	1	chr9-134048852-134050143	5
0.24619004423141	1.13055313504055	0.222	0.106	1	chr12-49087956-49088884	5
0.24619004423141	1.04566833730667	0.222	0.106	1	chr15-24268299-24270028	5
0.24619004423141	1.01533675384971	0.222	0.106	1	chr17-28475054-28475979	5
0.24619004423141	0.985696714990973	0.222	0.106	1	chr17-72725350-72725974	5
0.24619004423141	1.05755777279761	0.222	0.106	1	chr19-1566369-1568786	5
0.24619004423141	1.00110728747521	0.222	0.106	1	chr19-16184877-16186191	5
0.24619004423141	1.04724666391622	0.222	0.106	1	chr22-36659487-36660909	5
0.24619004423141	1.06238456809734	0.222	0.106	1	chrX-70289254-70291053	5
0.246464199120658	0.881310053627176	0.278	0.149	1	chr1-84832968-84836431	5
0.246464199120658	0.862672177581893	0.278	0.149	1	chr4-153248601-153250272	5
0.246464199120658	0.832737259894321	0.278	0.149	1	chr9-129822981-129824565	5
0.247398519952617	0.607216664529238	0.389	0.277	1	chr4-47913121-47915386	5
0.247706969318157	0.439853177343632	0.611	0.468	1	chr1-186374179-186376610	5
0.247783961542906	0.99601753984434	0.222	0.128	1	chr4-26204341-26205658	5
0.247783961542906	1.04299940492669	0.222	0.128	1	chr17-41972396-41973673	5
0.247783961542906	1.12239508060649	0.222	0.128	1	chr19-48992084-48994541	5
0.248445584596286	0.812345274834637	0.278	0.17	1	chr2-27427927-27430809	5
0.248445584596286	0.820059902337572	0.278	0.17	1	chr2-65429823-65433265	5
0.248445584596286	0.809004607953305	0.278	0.17	1	chr7-112788828-112790991	5
0.248445584596286	0.78921027733513	0.278	0.17	1	chr11-129861534-129862527	5
0.248445584596286	0.928216841979037	0.278	0.17	1	chr16-67925764-67927123	5
0.248445584596286	0.8540490452456	0.278	0.17	1	chr19-36666083-36667714	5
0.248643138050156	0.75308293016394	0.333	0.213	1	chr2-128304434-128307017	5
0.248643138050156	0.694170169150921	0.333	0.213	1	chr3-198079952-198081863	5
0.248643138050156	0.727170292024952	0.333	0.213	1	chr4-47462435-47464184	5
0.248643138050156	0.792797460411444	0.333	0.213	1	chr16-68448009-68449392	5
0.248865309108552	1.12977429806224	0.167	0.064	1	chr1-1235554-1238403	5
0.248865309108552	1.27410459576557	0.167	0.064	1	chr4-83255478-83257236	5
0.248865309108552	1.05808307033923	0.167	0.064	1	chr5-102794548-102796528	5
0.248865309108552	1.31327513730027	0.167	0.064	1	chr5-132495451-132497478	5
0.248865309108552	1.17829796773954	0.167	0.064	1	chr5-177013287-177014229	5
0.248865309108552	1.12566370663708	0.167	0.064	1	chr7-22672782-22674021	5
0.248865309108552	1.09162853075828	0.167	0.064	1	chr12-103850071-103853099	5
0.248865309108552	1.0915066437533	0.167	0.064	1	chr13-113083165-113084247	5
0.248865309108552	1.18533411021397	0.167	0.064	1	chr19-36378107-36379670	5
0.248865309108552	1.23386700704616	0.167	0.064	1	chr20-17604456-17606256	5
0.248865309108552	1.2567175767268	0.167	0.064	1	chr20-51372065-51372781	5
0.249885166025382	0.461831668742126	0.5	0.362	1	chr11-83070696-83073214	5
0.25038689012689	0.698144339029545	0.389	0.255	1	chr1-152034222-152037510	5
0.252914443624888	0.548695998298945	0.444	0.34	1	chr10-102064665-102067091	5
0.252975868227118	0.642998031327715	0.333	0.255	1	chr11-66000968-66003834	5
0.253482945366371	0.759709591958553	0.333	0.191	1	chr2-233480045-233482844	5
0.253482945366371	0.750946347007442	0.333	0.191	1	chr8-144094308-144096898	5
0.254949097910911	0.536932793591674	0.444	0.277	1	chr14-73757820-73761032	5
0.255405725608407	0.854128318800356	0.278	0.149	1	chr1-224203207-224206280	5
0.255405725608407	0.838740222239896	0.278	0.149	1	chr8-10651596-10654726	5
0.256275017774687	0.931191020718746	0.222	0.106	1	chr1-85200011-85204308	5
0.256275017774687	1.10034868749233	0.222	0.106	1	chr1-211326228-211328545	5
0.256275017774687	0.987796174920864	0.222	0.106	1	chr3-45182796-45183896	5
0.256275017774687	0.967071782118304	0.222	0.106	1	chr3-127611460-127614106	5
0.256275017774687	1.00359471266212	0.222	0.106	1	chr5-36300188-36303044	5
0.256275017774687	1.0300866707204	0.222	0.106	1	chr5-81778642-81779792	5
0.256275017774687	0.950028173778797	0.222	0.106	1	chr5-170355236-170356689	5
0.256275017774687	0.956193218871929	0.222	0.106	1	chr6-83859207-83860611	5
0.256275017774687	0.941462044972415	0.222	0.106	1	chr7-101084786-101086401	5
0.256275017774687	1.03844578035378	0.222	0.106	1	chr7-150900769-150904705	5
0.256275017774687	1.09312751164111	0.222	0.106	1	chr14-66931910-66934303	5
0.256275017774687	0.972292825830747	0.222	0.106	1	chr15-34582272-34584503	5
0.256275017774687	0.981273290744256	0.222	0.106	1	chr15-85793455-85795568	5
0.256275017774687	1.01050731753876	0.222	0.106	1	chr16-82328895-82330701	5
0.256275017774687	0.984124861416951	0.222	0.106	1	chr17-81926005-81929130	5
0.256684559518586	0.706626685141624	0.333	0.213	1	chr15-55195947-55197795	5
0.256684559518586	0.695944195807077	0.333	0.213	1	chr16-21300189-21302507	5
0.256684559518586	0.712274042205373	0.333	0.213	1	chr16-88452495-88456429	5
0.257151724647757	0.805543634586162	0.278	0.17	1	chr3-50600614-50603215	5
0.257151724647757	0.836781352958504	0.278	0.17	1	chr7-72878671-72880419	5
0.257151724647757	0.817457386052612	0.278	0.17	1	chr22-31247609-31249371	5
0.257466203043932	0.89815769248774	0.222	0.128	1	chr6-104228696-104229716	5
0.257466203043932	1.09739258284517	0.222	0.128	1	chr19-4246509-4247742	5
0.257836443880927	0.922813086703723	0.278	0.191	1	chr1-46401445-46402926	5
0.257985414526222	0.679133045824605	0.389	0.255	1	chr1-43348144-43350634	5
0.257985414526222	0.652397097398004	0.389	0.255	1	chr8-56072982-56075437	5
0.257985414526222	0.634716597535173	0.389	0.255	1	chr22-24894070-24895972	5
0.259082054611825	0.785683531541855	0.333	0.234	1	chr12-57844270-57847596	5
0.26058141470368	0.454656688788173	0.556	0.426	1	chr19-56140158-56143557	5
0.260774149638878	0.708927516812386	0.389	0.234	1	chr3-69012517-69015265	5
0.261048165707875	1.20239013227066	0.167	0.064	1	chr3-176767014-176768043	5
0.261048165707875	1.025712119616	0.167	0.064	1	chr5-138275149-138276993	5
0.261048165707875	1.04835218902898	0.167	0.064	1	chr7-105652256-105653916	5
0.261048165707875	1.04675877673147	0.167	0.064	1	chr9-122261210-122262200	5
0.261048165707875	1.16307872358081	0.167	0.064	1	chr9-128503577-128505874	5
0.261048165707875	1.1664760292674	0.167	0.064	1	chr10-14074017-14075113	5
0.261048165707875	1.0563681657405	0.167	0.064	1	chr12-13374438-13376471	5
0.261048165707875	1.16555369165779	0.167	0.064	1	chr12-124906485-124907400	5
0.261048165707875	1.10979024676722	0.167	0.064	1	chr17-28841435-28843253	5
0.261048165707875	1.16977435682553	0.167	0.064	1	chr19-39677701-39679534	5
0.261798611778773	0.865170175690699	0.278	0.128	1	chr6-49462564-49463983	5
0.262362416323542	0.685637255027692	0.389	0.277	1	chr13-99196416-99202015	5
0.262362416323542	0.570085636373566	0.389	0.277	1	chr19-12937573-12947440	5
0.264570280095607	0.833351896185635	0.278	0.149	1	chr1-229886826-229889976	5
0.264570280095607	0.823631973593484	0.278	0.149	1	chr4-76280855-76284401	5
0.264570280095607	0.802829965496958	0.278	0.149	1	chrX-54529466-54531310	5
0.264904783856094	0.743858054856525	0.333	0.213	1	chr6-165833903-165836151	5
0.264904783856094	0.735538105702611	0.333	0.213	1	chr7-158855779-158857333	5
0.264904783856094	0.70871993226348	0.333	0.213	1	chr10-87861357-87865040	5
0.264904783856094	0.766013658257366	0.333	0.213	1	chr18-9333818-9335546	5
0.265130520019501	0.486247279483381	0.5	0.383	1	chr17-28383804-28385924	5
0.266067354725135	0.917855290491608	0.278	0.17	1	chr5-55993732-55995869	5
0.266067354725135	0.831099783041137	0.278	0.17	1	chr14-77067798-77071125	5
0.266067354725135	0.787113724846972	0.278	0.17	1	chr16-72846975-72849691	5
0.266165724927954	0.599191942302546	0.389	0.298	1	chr19-29844033-29846332	5
0.266173186284935	0.346881257868313	0.556	0.383	1	chr11-76443529-76446369	5
0.266511581302316	0.803509658845851	0.333	0.17	1	chr1-202045716-202047732	5
0.266511581302316	0.764745018934739	0.278	0.191	1	chr19-13019998-13023870	5
0.266643396050336	0.92812330864073	0.222	0.106	1	chr2-237589811-237592070	5
0.266643396050336	1.06680039500191	0.222	0.106	1	chr3-114143825-114145978	5
0.266643396050336	0.98813967398525	0.222	0.106	1	chr3-193780687-193781482	5
0.266643396050336	0.968628663569141	0.222	0.106	1	chr4-185810637-185812684	5
0.266643396050336	1.00322556638381	0.222	0.106	1	chr5-26681659-26682598	5
0.266643396050336	0.946442220667145	0.222	0.106	1	chr10-88951366-88952286	5
0.266643396050336	0.973312593154405	0.222	0.106	1	chr15-90157826-90158790	5
0.266643396050336	1.06818686640533	0.222	0.106	1	chr17-77140057-77141918	5
0.267407843407649	0.979301131367632	0.222	0.128	1	chr1-28516974-28519483	5
0.267407843407649	1.24239562022733	0.222	0.128	1	chr5-101782143-101783503	5
0.267407843407649	1.07609968039367	0.222	0.128	1	chr12-109963477-109965906	5
0.267407843407649	1.04951827509494	0.222	0.128	1	chr14-81399780-81401447	5
0.267407843407649	1.05716126358854	0.222	0.128	1	chr16-23324388-23325514	5
0.267407843407649	1.08882828548542	0.222	0.128	1	chr17-37405957-37407942	5
0.268523331741538	0.609612367126701	0.444	0.319	1	chr1-39901232-39902845	5
0.26967238493472	0.672511531351043	0.389	0.255	1	chr22-25109809-25113794	5
0.270074211771106	0.629548047312756	0.389	0.277	1	chr7-138000742-138002724	5
0.270369909476367	0.752938977674595	0.333	0.191	1	chr10-110497169-110499946	5
0.270369909476367	0.779615682745343	0.333	0.191	1	chr16-8961847-8964699	5
0.273304628477716	0.597740018198524	0.333	0.213	1	chr5-16572543-16575928	5
0.273304628477716	0.822361544493492	0.333	0.213	1	chr5-179794612-179797434	5
0.273304628477716	0.69400782724215	0.333	0.213	1	chr11-74018133-74019735	5
0.273959018621323	0.866164707598736	0.278	0.149	1	chr10-102619628-102622993	5
0.273959018621323	0.729672704428778	0.278	0.149	1	chr16-70438431-70439774	5
0.273959018621323	0.691611069089691	0.278	0.149	1	chrX-47143992-47146880	5
0.275193496319855	0.771043661647902	0.278	0.17	1	chr1-2081672-2083155	5
0.275193496319855	0.869694685432956	0.278	0.17	1	chr1-32758018-32763841	5
0.275193496319855	0.863644447682748	0.278	0.17	1	chr2-17752774-17755148	5
0.275193496319855	0.886307734447471	0.278	0.17	1	chr3-101561325-101563006	5
0.275193496319855	0.855021911094817	0.278	0.17	1	chr12-120468123-120470697	5
0.275839572285112	1.24825699046871	0.167	0.085	1	chr1-1356632-1362614	5
0.275839572285112	1.04280635973594	0.167	0.085	1	chr1-199646310-199647562	5
0.275839572285112	1.24815039689853	0.167	0.085	1	chr1-226109258-226110789	5
0.275839572285112	1.16549239168529	0.167	0.085	1	chr3-140051257-140051922	5
0.275839572285112	1.35318525117194	0.167	0.085	1	chr3-160225013-160226492	5
0.275839572285112	1.23722980508856	0.167	0.085	1	chr4-1725981-1728774	5
0.275839572285112	1.40671076164565	0.167	0.085	1	chr4-4643591-4644644	5
0.275839572285112	1.10314211301029	0.167	0.085	1	chr4-80135301-80136893	5
0.275839572285112	1.10201474819763	0.167	0.085	1	chr5-130526433-130527196	5
0.275839572285112	1.41215403578485	0.167	0.085	1	chr5-168401549-168402693	5
0.275839572285112	1.25809601305298	0.167	0.085	1	chr6-37017884-37019367	5
0.275839572285112	1.18603303788172	0.167	0.085	1	chr7-2789514-2790600	5
0.275839572285112	1.17643638610002	0.167	0.085	1	chr7-6459832-6461144	5
0.275839572285112	1.0696787315167	0.167	0.085	1	chr7-158028175-158029077	5
0.275839572285112	1.21452146269149	0.167	0.085	1	chr8-41643382-41644746	5
0.275839572285112	1.35258738221724	0.167	0.085	1	chr9-7675927-7677549	5
0.275839572285112	1.21823221060127	0.167	0.085	1	chr10-125059812-125061782	5
0.275839572285112	1.3425138800219	0.167	0.085	1	chr12-47800903-47803148	5
0.275839572285112	1.05819011837566	0.167	0.085	1	chr12-62724771-62725563	5
0.275839572285112	1.30292450463762	0.167	0.085	1	chr13-100088243-100090479	5
0.275839572285112	1.19298580191515	0.167	0.085	1	chr14-74793506-74794571	5
0.275839572285112	1.24339265080592	0.167	0.085	1	chr14-103512510-103513774	5
0.275839572285112	1.30122921569199	0.167	0.085	1	chr15-61682675-61684168	5
0.275839572285112	1.24561466571273	0.167	0.085	1	chr16-5615885-5616601	5
0.275839572285112	1.29944161752191	0.167	0.085	1	chr16-7137639-7138650	5
0.275839572285112	1.26301312476567	0.167	0.085	1	chr16-71412102-71413217	5
0.275839572285112	1.1601642800835	0.167	0.085	1	chr17-58513685-58515062	5
0.275839572285112	1.2829354912547	0.167	0.085	1	chr19-1907306-1909970	5
0.275839572285112	1.31453325878636	0.167	0.085	1	chr19-37980716-37982665	5
0.275839572285112	1.22468428311126	0.167	0.085	1	chr22-35064598-35066626	5
0.275839572285112	1.13441350955657	0.167	0.085	1	chr22-45201037-45202909	5
0.276015002701523	0.558199800609386	0.444	0.319	1	chr7-140696010-140698235	5
0.276865542167181	0.706710209513032	0.389	0.234	1	chr7-140477854-140480202	5
0.277296791874576	0.964985805737677	0.222	0.106	1	chr3-75502374-75504003	5
0.277296791874576	0.971894690723293	0.222	0.106	1	chr3-108090142-108091735	5
0.277296791874576	0.867251928910155	0.222	0.106	1	chr5-22648098-22650839	5
0.277296791874576	0.918206028800665	0.222	0.106	1	chr6-109349178-109350341	5
0.277296791874576	1.00069871363416	0.222	0.106	1	chr15-31296313-31298088	5
0.277296791874576	0.939427876143282	0.222	0.106	1	chr17-7280282-7282066	5
0.277610269119531	1.04694905530754	0.222	0.128	1	chr1-197619044-197621377	5
0.277610269119531	0.907472537885264	0.222	0.128	1	chr1-212721065-212722356	5
0.277610269119531	0.968604026837299	0.222	0.128	1	chr1-223711886-223713484	5
0.277610269119531	0.782987985066315	0.222	0.128	1	chr3-157498856-157500594	5
0.277610269119531	0.921606450474962	0.222	0.128	1	chr4-70594052-70595298	5
0.277610269119531	1.06714920104858	0.222	0.128	1	chr5-131671203-131673820	5
0.277610269119531	0.935781225788993	0.222	0.128	1	chr6-151833080-151834328	5
0.277610269119531	0.988790172100522	0.222	0.128	1	chr9-119967588-119969563	5
0.277610269119531	1.11956979051031	0.222	0.128	1	chr11-47329277-47332107	5
0.277610269119531	1.07142883041895	0.222	0.128	1	chr14-90511824-90514677	5
0.277610269119531	0.976849894128982	0.222	0.128	1	chr15-79310543-79312763	5
0.277610269119531	1.04562556049473	0.222	0.128	1	chr19-1180389-1182331	5
0.277940048188114	0.711256807415244	0.389	0.277	1	chr16-678348-686447	5
0.281108266466616	0.358240350848024	0.611	0.468	1	chr3-57595698-57599239	5
0.281884792162396	0.627360301450556	0.333	0.213	1	chr3-53890764-53892782	5
0.281884792162396	0.684876705127282	0.333	0.213	1	chr4-6779121-6784146	5
0.283572912572181	0.778818325468118	0.278	0.149	1	chr11-119205582-119207600	5
0.283572912572181	0.671909481870799	0.278	0.149	1	chr12-14364912-14366518	5
0.283572912572181	0.760096275068215	0.278	0.149	1	chr19-14494815-14497991	5
0.283572912572181	0.819550437409205	0.278	0.149	1	chr19-17468472-17470931	5
0.283872301280914	0.68920387632063	0.333	0.234	1	chr10-124742280-124746260	5
0.283872301280914	0.625572264420763	0.333	0.234	1	chr17-82151988-82154506	5
0.28445891137174	0.702515674016837	0.278	0.191	1	chr2-237486726-237490847	5
0.28445891137174	0.849374880303861	0.278	0.191	1	chr12-113184298-113186543	5
0.284531007509226	0.870950301017857	0.278	0.17	1	chr6-34887039-34890317	5
0.284531007509226	0.881176987958454	0.278	0.17	1	chr7-44633197-44635476	5
0.284531007509226	0.809027128918626	0.278	0.17	1	chr7-74635223-74636748	5
0.284531007509226	0.865137872665793	0.278	0.17	1	chr8-27310120-27312317	5
0.284531007509226	0.824207999606954	0.278	0.17	1	chr12-124861247-124864475	5
0.284531007509226	0.732153372489167	0.278	0.17	1	chr20-58906674-58908589	5
0.285960422805272	0.587641688291414	0.389	0.277	1	chr6-5456904-5458997	5
0.285960422805272	0.576155626381615	0.389	0.277	1	chr10-79443493-79447116	5
0.2880124893032	0.601292577917563	0.333	0.191	1	chr6-24402356-24404098	5
0.2880124893032	0.721593968890996	0.333	0.191	1	chr10-68900411-68902296	5
0.288022275274524	1.21820363960914	0.167	0.085	1	chr1-9001557-9002743	5
0.288022275274524	1.14860540861049	0.167	0.085	1	chr1-13748517-13750200	5
0.288022275274524	1.1343748887328	0.167	0.085	1	chr1-207950437-207953511	5
0.288022275274524	1.13615374814931	0.167	0.085	1	chr2-96807716-96809015	5
0.288022275274524	1.12724085797878	0.167	0.085	1	chr2-170769940-170771773	5
0.288022275274524	1.1074516956016	0.167	0.085	1	chr2-222317891-222320296	5
0.288022275274524	1.16721951108053	0.167	0.085	1	chr3-39138962-39139855	5
0.288022275274524	1.35290819549845	0.167	0.085	1	chr6-27630464-27631708	5
0.288022275274524	1.15777442203813	0.167	0.085	1	chr6-131257086-131259606	5
0.288022275274524	1.19244618617844	0.167	0.085	1	chr6-166556363-166558497	5
0.288022275274524	1.31116118972702	0.167	0.085	1	chr7-2192876-2193993	5
0.288022275274524	1.28016068413831	0.167	0.085	1	chr7-96949304-96950490	5
0.288022275274524	1.13419837577771	0.167	0.085	1	chr11-68537726-68538577	5
0.288022275274524	1.22476779368948	0.167	0.085	1	chr14-100213577-100215134	5
0.288022275274524	1.11469400146911	0.167	0.085	1	chr15-76160751-76164071	5
0.288022275274524	1.14345176868417	0.167	0.085	1	chr17-50265049-50267252	5
0.288022275274524	1.25517767555648	0.167	0.085	1	chr18-11849990-11852342	5
0.288022275274524	1.14485595764427	0.167	0.085	1	chr19-36604346-36606060	5
0.288022275274524	1.18866368993959	0.167	0.085	1	chr20-32109197-32110577	5
0.288022275274524	1.41225230303329	0.167	0.085	1	chr22-19176816-19180059	5
0.288022275274524	1.20557121964649	0.167	0.085	1	chr22-24531717-24532690	5
0.288022275274524	1.27358277390853	0.167	0.085	1	chrX-48631232-48632112	5
0.288022275274524	1.14208782063331	0.167	0.085	1	chrX-133414436-133416194	5
0.288074615062586	1.16284858715828	0.222	0.128	1	chr2-28750103-28753986	5
0.288074615062586	0.925181614542529	0.222	0.128	1	chr3-46488552-46489336	5
0.288074615062586	0.858374958640482	0.222	0.128	1	chr4-3461053-3462253	5
0.288074615062586	1.07735808384843	0.222	0.128	1	chr5-111091818-111093670	5
0.288074615062586	1.02694471246318	0.222	0.128	1	chr6-43013014-43015022	5
0.288074615062586	1.00819679881672	0.222	0.128	1	chr6-108847696-108849234	5
0.288074615062586	0.956966110763085	0.222	0.128	1	chr7-116861943-116863926	5
0.288074615062586	0.841970207180273	0.222	0.128	1	chr12-101894402-101895501	5
0.288074615062586	1.03678994210714	0.222	0.128	1	chr20-45970732-45973095	5
0.288236518089685	0.860621787355823	0.222	0.106	1	chr6-47477226-47479423	5
0.288236518089685	0.927656756515379	0.222	0.106	1	chr10-95406456-95407586	5
0.288746465278799	0.551332166649465	0.444	0.298	1	chr19-58473877-58477405	5
0.289605908716823	0.505406469516594	0.389	0.298	1	chr3-138593305-138595341	5
0.289605908716823	0.624271523958473	0.389	0.298	1	chr12-48020285-48024394	5
0.289970134421891	0.629129260627081	0.389	0.255	1	chr1-161749213-161750817	5
0.289970134421891	0.557578466207834	0.389	0.255	1	chr7-25124341-25126312	5
0.290645851687299	0.695575663952904	0.333	0.213	1	chr1-11979047-11981363	5
0.290645851687299	0.710487705465574	0.333	0.213	1	chr1-53219546-53221539	5
0.290645851687299	0.687660747712161	0.333	0.213	1	chr4-146520498-146523248	5
0.290645851687299	0.741272427835137	0.333	0.213	1	chr5-134224810-134227797	5
0.290645851687299	0.661174533123897	0.333	0.213	1	chr12-39910746-39913388	5
0.292481443645596	0.679897090653015	0.333	0.234	1	chr3-182792537-182796042	5
0.292724468033302	0.557227248209343	0.389	0.319	1	chr18-56650078-56652431	5
0.293123799832918	0.533464454913246	0.444	0.383	1	chr19-49875626-49878774	5
0.293412742826641	0.711479016477712	0.278	0.149	1	chr13-41131853-41133317	5
0.293412742826641	0.818111668390545	0.278	0.149	1	chr20-33650208-33651875	5
0.293732517220697	0.679107759520418	0.278	0.191	1	chr1-39954639-39956361	5
0.293732517220697	0.869399671654201	0.278	0.191	1	chr2-127386770-127389150	5
0.293732517220697	0.82624075605667	0.278	0.191	1	chr6-46129007-46130648	5
0.293732517220697	0.786478749187835	0.278	0.191	1	chr7-124929202-124930473	5
0.294080577988817	0.818309316587554	0.278	0.17	1	chr1-212665111-212666086	5
0.294080577988817	0.710629547605964	0.278	0.17	1	chr2-191404186-191405338	5
0.294080577988817	0.674559316082777	0.278	0.17	1	chr3-180679059-180680468	5
0.294080577988817	0.773946522840158	0.278	0.17	1	chr6-84764203-84765106	5
0.294080577988817	0.685110643143397	0.278	0.17	1	chr7-69780245-69782231	5
0.294080577988817	0.813681081678517	0.278	0.17	1	chr7-80277372-80281033	5
0.294080577988817	0.747999026495669	0.278	0.17	1	chr10-929937-933261	5
0.294080577988817	0.922843693979349	0.278	0.17	1	chr10-49418553-49419626	5
0.294080577988817	0.748090479879776	0.278	0.17	1	chr17-64261944-64264110	5
0.297118708436014	0.606430435645928	0.333	0.191	1	chr16-66879833-66881929	5
0.297563552089078	0.503082852477795	0.444	0.34	1	chr16-29815175-29817618	5
0.297719278627674	0.576540235418413	0.389	0.298	1	chr5-42422906-42427397	5
0.297719278627674	0.636885326267235	0.389	0.298	1	chr14-68937542-68940502	5
0.298366601175996	0.545584921677019	0.389	0.255	1	chr4-686668-689992	5
0.298801756109342	0.908936027610659	0.222	0.128	1	chr1-32107469-32109757	5
0.298801756109342	0.890421396233756	0.222	0.128	1	chr2-113894041-113895432	5
0.298801756109342	0.889642829322973	0.222	0.128	1	chr2-196231940-196234123	5
0.298801756109342	0.954449531884717	0.222	0.128	1	chr2-224583757-224586438	5
0.298801756109342	0.95164493184604	0.222	0.128	1	chr2-232549563-232551768	5
0.298801756109342	0.985693365867945	0.222	0.128	1	chr3-49428874-49430257	5
0.298801756109342	0.827029176919056	0.222	0.128	1	chr4-45970618-45971765	5
0.298801756109342	0.923321525361168	0.222	0.128	1	chr4-74116702-74117910	5
0.298801756109342	0.94388822565459	0.222	0.128	1	chr5-137815012-137816256	5
0.298801756109342	1.00615262266536	0.222	0.128	1	chr5-180828765-180833157	5
0.298801756109342	0.997855459985597	0.222	0.128	1	chr7-21128065-21129395	5
0.298801756109342	0.878102637180466	0.222	0.128	1	chr7-32489533-32491320	5
0.298801756109342	0.878672760623757	0.222	0.128	1	chr10-4279568-4281656	5
0.298801756109342	0.87256686822044	0.222	0.128	1	chr11-7596775-7598187	5
0.298801756109342	0.980485851846468	0.222	0.128	1	chr11-128146517-128147991	5
0.298801756109342	0.842261380840391	0.222	0.128	1	chr15-55318310-55319639	5
0.298801756109342	0.937597551205748	0.222	0.128	1	chr16-69057277-69058964	5
0.298801756109342	0.88945528334174	0.222	0.128	1	chr17-4364648-4367397	5
0.298801756109342	0.967969862544405	0.222	0.128	1	chr18-79246182-79247035	5
0.298801756109342	1.00889035664084	0.222	0.128	1	chr19-10568141-10569867	5
0.298801756109342	0.907869943292212	0.222	0.128	1	chr19-18274239-18276158	5
0.298801756109342	0.937303862631612	0.222	0.128	1	chr20-62232011-62233771	5
0.299463577032748	0.808123288386029	0.222	0.106	1	chr3-59663940-59665422	5
0.299463577032748	0.87856469756183	0.222	0.106	1	chr11-113474104-113475598	5
0.299463577032748	0.864170498070766	0.222	0.106	1	chr20-16654566-16655987	5
0.299588258575248	0.694903758530247	0.333	0.213	1	chr1-152047152-152049366	5
0.299588258575248	0.711403336735999	0.333	0.213	1	chr15-75638095-75641959	5
0.300562733288721	1.10627519123664	0.167	0.085	1	chr1-77831860-77833462	5
0.300562733288721	1.16453299335886	0.167	0.085	1	chr1-87131623-87132407	5
0.300562733288721	1.10468236983449	0.167	0.085	1	chr1-114779748-114781217	5
0.300562733288721	1.10745388541056	0.167	0.085	1	chr1-119387757-119390786	5
0.300562733288721	1.09689678305204	0.167	0.085	1	chr1-172443260-172444640	5
0.300562733288721	1.30129849814824	0.167	0.085	1	chr1-172498889-172500583	5
0.300562733288721	1.18482958850369	0.167	0.085	1	chr2-31333357-31335052	5
0.300562733288721	1.26455867349622	0.167	0.085	1	chr2-85400400-85401551	5
0.300562733288721	1.15294830298661	0.167	0.085	1	chr2-113708703-113709942	5
0.300562733288721	1.04532032131818	0.167	0.085	1	chr2-135047022-135048127	5
0.300562733288721	1.11499237987058	0.167	0.085	1	chr2-230864322-230865464	5
0.300562733288721	1.08096687475165	0.167	0.085	1	chr2-233353773-233356120	5
0.300562733288721	1.3186081260846	0.167	0.085	1	chr3-45037363-45038204	5
0.300562733288721	1.06768198445202	0.167	0.085	1	chr3-49665260-49666589	5
0.300562733288721	1.12637421044163	0.167	0.085	1	chr3-98511670-98513556	5
0.300562733288721	1.19263236682223	0.167	0.085	1	chr3-120678034-120679493	5
0.300562733288721	1.2452104315068	0.167	0.085	1	chr3-172561563-172564097	5
0.300562733288721	1.1010720410188	0.167	0.085	1	chr3-183306559-183307716	5
0.300562733288721	1.13280755274523	0.167	0.085	1	chr4-118329399-118330538	5
0.300562733288721	1.24463456643878	0.167	0.085	1	chr4-118864946-118865732	5
0.300562733288721	1.25084569187439	0.167	0.085	1	chr5-32249262-32250912	5
0.300562733288721	1.28083876093164	0.167	0.085	1	chr5-69517009-69520282	5
0.300562733288721	1.1786917381958	0.167	0.085	1	chr5-132758522-132759748	5
0.300562733288721	1.0983272043224	0.167	0.085	1	chr6-1334794-1336738	5
0.300562733288721	1.11878221845985	0.167	0.085	1	chr6-159981208-159982524	5
0.300562733288721	1.22240171070615	0.167	0.085	1	chr6-160950020-160951245	5
0.300562733288721	1.16885877784056	0.167	0.085	1	chr7-35024668-35026547	5
0.300562733288721	1.15800709332808	0.167	0.085	1	chr8-2000682-2002189	5
0.300562733288721	1.26436653266533	0.167	0.085	1	chr8-104759458-104760296	5
0.300562733288721	1.07191314005653	0.167	0.085	1	chr9-122365827-122367015	5
0.300562733288721	1.05660482572523	0.167	0.085	1	chr10-62048816-62049912	5
0.300562733288721	1.14676255408232	0.167	0.085	1	chr10-82242493-82243330	5
0.300562733288721	1.10969911635276	0.167	0.085	1	chr11-67265874-67268376	5
0.300562733288721	1.28816148831508	0.167	0.085	1	chr12-49120872-49121588	5
0.300562733288721	1.08423269339015	0.167	0.085	1	chr12-57228972-57231223	5
0.300562733288721	1.18404439623576	0.167	0.085	1	chr12-109147812-109148639	5
0.300562733288721	1.24985626988572	0.167	0.085	1	chr12-111819223-111820593	5
0.300562733288721	1.1222980234691	0.167	0.085	1	chr12-120324767-120326208	5
0.300562733288721	1.08942207477511	0.167	0.085	1	chr12-123445451-123446704	5
0.300562733288721	1.21006967909529	0.167	0.085	1	chr14-23163918-23164977	5
0.300562733288721	1.06498492955797	0.167	0.085	1	chr14-100271102-100272455	5
0.300562733288721	1.04355384416151	0.167	0.085	1	chr16-8172461-8173586	5
0.300562733288721	1.1383325696517	0.167	0.085	1	chr16-58494784-58495762	5
0.300562733288721	1.22702235723841	0.167	0.085	1	chr17-6566917-6568221	5
0.300562733288721	1.07029377357434	0.167	0.085	1	chr17-7716457-7718084	5
0.300562733288721	1.14768113006747	0.167	0.085	1	chr17-32494440-32495815	5
0.300562733288721	1.10295075537584	0.167	0.085	1	chr17-43315213-43317120	5
0.300562733288721	1.08534811943992	0.167	0.085	1	chr20-34312289-34313335	5
0.300562733288721	1.12728175130395	0.167	0.085	1	chr21-16308011-16310614	5
0.300562733288721	1.17820891220359	0.167	0.085	1	chr22-30255722-30256647	5
0.300562733288721	1.15575821610818	0.167	0.085	1	chrX-1164069-1166347	5
0.300775155785621	0.670644593235301	0.444	0.298	1	chr7-93231280-93233050	5
0.30079141443498	0.353955890200287	0.5	0.362	1	chr4-139451948-139455468	5
0.301264206387066	0.695591969072628	0.333	0.234	1	chr6-291044-293860	5
0.301264206387066	0.560460310184455	0.333	0.234	1	chr14-49597487-49600466	5
0.301264206387066	0.564751019699193	0.333	0.234	1	chr17-45425004-45426380	5
0.303138501843596	0.514191551789836	0.5	0.426	1	chr1-207863168-207869848	5
0.303206771391966	0.714400116908904	0.278	0.191	1	chr11-129023743-129024696	5
0.303351984923341	0.475771940122587	0.556	0.426	1	chr1-221740655-221744015	5
0.303842724289714	0.733154257258593	0.278	0.17	1	chr6-78809974-78811409	5
0.303842724289714	0.707192172498475	0.278	0.17	1	chr10-1055650-1058541	5
0.303842724289714	0.838032424752626	0.278	0.17	1	chr11-65918088-65920742	5
0.303842724289714	0.734279809317027	0.278	0.17	1	chr19-45404097-45407042	5
0.303842724289714	0.704274231216086	0.278	0.17	1	chr21-46322361-46326440	5
0.304602237106765	0.324211160545705	0.556	0.532	1	chr19-54188241-54192198	5
0.305488377554198	0.472221129331815	0.444	0.34	1	chr22-35621701-35623739	5
0.305983141930964	0.571548447777647	0.389	0.298	1	chr12-6870872-6874268	5
0.306923893374031	0.585707375776583	0.389	0.255	1	chr2-55615404-55619198	5
0.308712335963867	0.776057482791028	0.333	0.213	1	chr6-18154249-18156593	5
0.308972030407257	0.485697774416823	0.444	0.298	1	chr8-95268171-95271088	5
0.309792299071979	0.904741647393023	0.222	0.128	1	chr1-17437501-17442297	5
0.309792299071979	0.896489999105924	0.222	0.128	1	chr1-204565402-204566644	5
0.309792299071979	0.864623780178742	0.222	0.128	1	chr2-20231296-20233176	5
0.309792299071979	0.930420453207506	0.222	0.128	1	chr3-43285754-43287863	5
0.309792299071979	0.826414418326113	0.222	0.128	1	chr3-196739462-196742113	5
0.309792299071979	0.830352174274508	0.222	0.128	1	chr5-62411902-62413900	5
0.309792299071979	0.907467033410098	0.222	0.128	1	chr5-142851022-142852065	5
0.309792299071979	0.938550037215639	0.222	0.128	1	chr6-98462855-98464337	5
0.309792299071979	0.860269206929889	0.222	0.128	1	chr7-2477357-2479591	5
0.309792299071979	0.825168403714039	0.222	0.128	1	chr7-73741696-73743979	5
0.309792299071979	0.780086877078294	0.222	0.128	1	chr7-75564945-75566048	5
0.309792299071979	0.857985186100724	0.222	0.128	1	chr12-2890079-2891917	5
0.309792299071979	0.848795282351474	0.222	0.128	1	chr12-121625817-121627773	5
0.309792299071979	0.795848582385263	0.222	0.128	1	chr15-85496216-85501100	5
0.309792299071979	0.972492394358607	0.222	0.128	1	chr16-89581755-89582955	5
0.309792299071979	0.912723990793288	0.222	0.128	1	chr17-19726935-19729456	5
0.309792299071979	0.933618125866348	0.222	0.128	1	chr20-36744481-36746685	5
0.309792299071979	0.963290890911932	0.222	0.128	1	chr20-50761298-50764592	5
0.309792299071979	0.91750097385317	0.222	0.128	1	chr22-47630792-47633266	5
0.310220868133781	0.726936829741839	0.333	0.234	1	chr1-167720746-167723302	5
0.310220868133781	0.726760091692805	0.333	0.234	1	chr14-23033892-23035720	5
0.310220868133781	0.707336235795026	0.333	0.234	1	chr17-40098169-40101536	5
0.310952376466414	0.745466899717293	0.389	0.277	1	chr4-102868405-102870177	5
0.310952376466414	0.54552850526856	0.389	0.277	1	chr11-96389221-96390772	5
0.310978650471231	0.91382014882821	0.222	0.106	1	chr7-107982611-107983783	5
0.312881992912823	0.659381039040165	0.278	0.191	1	chr7-86846170-86847545	5
0.313461875758596	1.09603189259907	0.167	0.085	1	chr1-11880156-11881673	5
0.313461875758596	1.04206483740636	0.167	0.085	1	chr1-26620018-26621840	5
0.313461875758596	1.28415031659897	0.167	0.085	1	chr1-84496346-84498911	5
0.313461875758596	1.06799854754329	0.167	0.085	1	chr1-145287200-145288158	5
0.313461875758596	1.07548768587011	0.167	0.085	1	chr1-184024648-184025955	5
0.313461875758596	1.12362438559746	0.167	0.085	1	chr1-200028584-200029880	5
0.313461875758596	1.10078698375176	0.167	0.085	1	chr1-232377343-232379921	5
0.313461875758596	1.05527147636931	0.167	0.085	1	chr2-37472382-37473728	5
0.313461875758596	1.09116130955003	0.167	0.085	1	chr2-105336824-105338421	5
0.313461875758596	1.05228343706246	0.167	0.085	1	chr2-105516949-105518400	5
0.313461875758596	1.16844836894395	0.167	0.085	1	chr2-178241856-178242891	5
0.313461875758596	1.08228742753009	0.167	0.085	1	chr2-215982313-215983100	5
0.313461875758596	1.19650960122006	0.167	0.085	1	chr3-4310948-4312151	5
0.313461875758596	1.17412031784428	0.167	0.085	1	chr3-37141254-37142381	5
0.313461875758596	1.12174666427773	0.167	0.085	1	chr3-43000897-43002175	5
0.313461875758596	1.08974075533271	0.167	0.085	1	chr3-50120472-50125305	5
0.313461875758596	1.15587576198202	0.167	0.085	1	chr3-114213803-114214670	5
0.313461875758596	1.04501712724031	0.167	0.085	1	chr4-77880692-77882587	5
0.313461875758596	1.01013581776365	0.167	0.085	1	chr4-93645849-93647814	5
0.313461875758596	1.23104648679058	0.167	0.085	1	chr5-74832728-74834256	5
0.313461875758596	1.15523535760264	0.167	0.085	1	chr6-33710793-33712228	5
0.313461875758596	1.23890318868318	0.167	0.085	1	chr6-110516660-110518696	5
0.313461875758596	1.15782685030875	0.167	0.085	1	chr6-128569924-128571270	5
0.313461875758596	1.08077849465161	0.167	0.085	1	chr6-131954425-131955386	5
0.313461875758596	1.13966788784122	0.167	0.085	1	chr7-1026309-1030056	5
0.313461875758596	1.12815990637485	0.167	0.085	1	chr7-132575350-132577691	5
0.313461875758596	1.01257385915286	0.167	0.085	1	chr7-139739727-139741130	5
0.313461875758596	1.09416255787164	0.167	0.085	1	chr8-39891881-39892472	5
0.313461875758596	1.0410238387005	0.167	0.085	1	chr8-55945446-55946666	5
0.313461875758596	1.17159407371139	0.167	0.085	1	chr8-56928902-56929730	5
0.313461875758596	1.16675884025047	0.167	0.085	1	chr9-132637002-132638212	5
0.313461875758596	1.0615151116186	0.167	0.085	1	chr10-48287276-48288930	5
0.313461875758596	1.05643024443967	0.167	0.085	1	chr10-70363883-70365106	5
0.313461875758596	1.13743008736208	0.167	0.085	1	chr11-23493383-23495810	5
0.313461875758596	1.09532444035342	0.167	0.085	1	chr11-34330653-34332882	5
0.313461875758596	1.04391826417946	0.167	0.085	1	chr12-34163015-34164146	5
0.313461875758596	1.03260241720443	0.167	0.085	1	chr12-46455665-46456665	5
0.313461875758596	1.13664921074271	0.167	0.085	1	chr12-70756031-70757223	5
0.313461875758596	0.959429055144467	0.167	0.085	1	chr12-96214995-96215896	5
0.313461875758596	1.05546122340252	0.167	0.085	1	chr14-22903035-22904304	5
0.313461875758596	1.06329247797058	0.167	0.085	1	chr14-55705666-55706612	5
0.313461875758596	1.08800014149841	0.167	0.085	1	chr15-25933559-25934734	5
0.313461875758596	1.04799530521855	0.167	0.085	1	chr15-43105233-43106636	5
0.313461875758596	1.21802380614778	0.167	0.085	1	chr15-89760523-89761671	5
0.313461875758596	1.14503755460696	0.167	0.085	1	chr16-48156627-48157203	5
0.313461875758596	1.05348277994558	0.167	0.085	1	chr16-69173135-69174347	5
0.313461875758596	1.08582615490355	0.167	0.085	1	chr16-74107530-74108407	5
0.313461875758596	1.14925881014049	0.167	0.085	1	chr17-64661054-64663079	5
0.313461875758596	1.13032267082507	0.167	0.085	1	chr19-1414770-1418543	5
0.313461875758596	1.16851983998686	0.167	0.085	1	chr19-41530693-41532098	5
0.313461875758596	1.18691173859482	0.167	0.085	1	chr19-51986202-51987244	5
0.313461875758596	1.04987583198724	0.167	0.085	1	chr20-36121876-36123006	5
0.313461875758596	1.21131792876187	0.167	0.085	1	chr21-17498322-17499316	5
0.313461875758596	1.08214281408022	0.167	0.085	1	chrX-129651895-129656310	5
0.313551949243064	0.555464166492748	0.5	0.319	1	chr19-36213855-36216061	5
0.313551949243064	0.491545274204057	0.444	0.34	1	chr14-37587272-37593299	5
0.313817785195501	0.806673926275889	0.278	0.17	1	chr1-25817880-25822227	5
0.313817785195501	0.758512353683963	0.278	0.17	1	chr3-167379744-167380785	5
0.313817785195501	0.797965733899563	0.278	0.17	1	chr6-83192416-83195917	5
0.313817785195501	0.790454310484197	0.278	0.17	1	chr16-84115890-84118009	5
0.314397668512706	0.559814543748604	0.389	0.298	1	chr5-890775-894153	5
0.316524203366074	0.451533580414663	0.444	0.383	1	chr14-77456702-77459598	5
0.317933442313021	0.905287927152657	0.222	0.149	1	chr7-110534084-110535390	5
0.319351586693535	0.608193775679219	0.333	0.234	1	chr3-123201258-123202951	5
0.319351586693535	0.61500613173025	0.333	0.234	1	chr7-75738394-75740124	5
0.319351586693535	0.564110246448377	0.333	0.234	1	chr16-50152009-50155841	5
0.319351586693535	0.732435286529418	0.333	0.234	1	chr19-8389646-8391337	5
0.319351586693535	0.632205266778693	0.333	0.234	1	chr19-49589645-49594037	5
0.319594032506605	0.46738047327342	0.389	0.277	1	chr3-100708464-100711090	5
0.320004564708527	0.714339167843383	0.389	0.234	1	chr7-45767707-45769573	5
0.320004564708527	0.684095876113885	0.333	0.255	1	chr3-120741835-120744023	5
0.320718254397743	0.696982955822801	0.278	0.213	1	chr1-181250329-181251957	5
0.321046575041924	0.8647258850918	0.222	0.128	1	chr1-27541933-27543387	5
0.321046575041924	0.993533678964158	0.222	0.128	1	chr1-89552341-89553694	5
0.321046575041924	0.801692805107397	0.222	0.128	1	chr4-87558934-87559969	5
0.321046575041924	0.918952175950953	0.222	0.128	1	chr5-80180570-80182713	5
0.321046575041924	0.832479916930692	0.222	0.128	1	chr6-44245370-44249623	5
0.321046575041924	0.872106928369331	0.222	0.128	1	chr6-149749190-149751455	5
0.321046575041924	0.898629502668533	0.222	0.128	1	chr8-76343912-76345823	5
0.321046575041924	0.861222547143673	0.222	0.128	1	chr9-125706574-125707805	5
0.321046575041924	0.805415046496028	0.222	0.128	1	chr10-85008358-85009208	5
0.321046575041924	0.907713109513088	0.222	0.128	1	chr11-102279491-102280888	5
0.321046575041924	0.851121245015724	0.222	0.128	1	chr12-11728876-11731227	5
0.321046575041924	0.927540675464059	0.222	0.128	1	chr12-117189424-117190957	5
0.321046575041924	0.87087264092722	0.222	0.128	1	chr17-1398789-1400763	5
0.321046575041924	0.77451963152848	0.222	0.128	1	chr19-39823616-39825258	5
0.321046575041924	0.861447358332775	0.222	0.128	1	chr20-24100304-24101134	5
0.321046575041924	0.845016265604363	0.222	0.128	1	chr21-37071663-37074639	5
0.321046575041924	1.00195700235909	0.222	0.128	1	chrX-38802601-38807641	5
0.321914536769062	0.465787939637394	0.722	0.489	1	chr17-28742750-28751084	5
0.322758338778574	0.647834299972024	0.278	0.191	1	chr8-144412626-144414118	5
0.322758338778574	0.666854119406479	0.278	0.191	1	chr12-57428924-57431636	5
0.324005917373678	0.72393930266232	0.278	0.17	1	chr2-27085377-27087518	5
0.324005917373678	0.739541237103097	0.278	0.17	1	chr2-218658379-218660360	5
0.324005917373678	0.773199766596179	0.278	0.17	1	chr4-112144950-112146852	5
0.324005917373678	0.616211909648808	0.278	0.17	1	chr9-137604798-137607801	5
0.324005917373678	0.773025821359486	0.278	0.17	1	chr16-88808843-88813198	5
0.32580477641697	0.502788042272641	0.389	0.319	1	chr14-58243764-58246407	5
0.32672011890765	1.07966157645271	0.167	0.085	1	chr1-1281276-1282548	5
0.32672011890765	0.923570993770261	0.167	0.085	1	chr1-18901807-18903743	5
0.32672011890765	1.096847337567	0.167	0.085	1	chr1-48469745-48471095	5
0.32672011890765	1.03927732069173	0.167	0.085	1	chr1-51616722-51617930	5
0.32672011890765	1.07684024493706	0.167	0.085	1	chr1-93324258-93325525	5
0.32672011890765	1.04222822263314	0.167	0.085	1	chr1-99263991-99265156	5
0.32672011890765	0.956774762814993	0.167	0.085	1	chr1-115975798-115977363	5
0.32672011890765	1.03436140641102	0.167	0.085	1	chr1-149708301-149709006	5
0.32672011890765	1.1234266513564	0.167	0.085	1	chr1-200414789-200417664	5
0.32672011890765	1.11070540998656	0.167	0.085	1	chr1-215793233-215795161	5
0.32672011890765	1.03943326994984	0.167	0.085	1	chr2-54455873-54457196	5
0.32672011890765	1.04555103148398	0.167	0.085	1	chr2-70247495-70249781	5
0.32672011890765	1.02246790885321	0.167	0.085	1	chr2-100197057-100199224	5
0.32672011890765	0.927737706970392	0.167	0.085	1	chr2-119240187-119241775	5
0.32672011890765	1.06970946718367	0.167	0.085	1	chr2-231603890-231605946	5
0.32672011890765	1.22398788540326	0.167	0.085	1	chr3-46959754-46961107	5
0.32672011890765	0.983042449416822	0.167	0.085	1	chr3-49900109-49901561	5
0.32672011890765	1.02464742833741	0.167	0.085	1	chr3-65412095-65413250	5
0.32672011890765	1.05597639103788	0.167	0.085	1	chr3-114418613-114419331	5
0.32672011890765	1.00788921982145	0.167	0.085	1	chr3-149282554-149284242	5
0.32672011890765	1.15810525892113	0.167	0.085	1	chr3-172666048-172667339	5
0.32672011890765	1.0587881164119	0.167	0.085	1	chr4-16140376-16141676	5
0.32672011890765	1.10547363262316	0.167	0.085	1	chr4-42132660-42133758	5
0.32672011890765	1.03029801592949	0.167	0.085	1	chr4-47836413-47837599	5
0.32672011890765	1.20597166945325	0.167	0.085	1	chr4-73707677-73708610	5
0.32672011890765	1.11029350323341	0.167	0.085	1	chr4-76197329-76199892	5
0.32672011890765	1.11652451431553	0.167	0.085	1	chr4-118987928-118989975	5
0.32672011890765	1.1491065420069	0.167	0.085	1	chr5-15499434-15500942	5
0.32672011890765	1.00984420847823	0.167	0.085	1	chr5-74903087-74903881	5
0.32672011890765	1.07221010827683	0.167	0.085	1	chr6-80456914-80458176	5
0.32672011890765	1.0188673393236	0.167	0.085	1	chr6-106115838-106116806	5
0.32672011890765	1.02590441177217	0.167	0.085	1	chr6-111982438-111983367	5
0.32672011890765	1.01277060705032	0.167	0.085	1	chr7-135253723-135254953	5
0.32672011890765	1.05394442843502	0.167	0.085	1	chr8-326649-328044	5
0.32672011890765	1.04544153841431	0.167	0.085	1	chr8-19290993-19292168	5
0.32672011890765	1.08878759852141	0.167	0.085	1	chr8-30542558-30544168	5
0.32672011890765	1.01475525763816	0.167	0.085	1	chr8-54211700-54212750	5
0.32672011890765	1.08644771177993	0.167	0.085	1	chr9-3826896-3827991	5
0.32672011890765	1.06596564379666	0.167	0.085	1	chr9-16894716-16895959	5
0.32672011890765	0.991071162108546	0.167	0.085	1	chr9-98120549-98122059	5
0.32672011890765	1.09396909899007	0.167	0.085	1	chr10-98171591-98172915	5
0.32672011890765	1.02303327781456	0.167	0.085	1	chr11-17412933-17414333	5
0.32672011890765	1.02019759965724	0.167	0.085	1	chr11-20112157-20113380	5
0.32672011890765	1.08931382738068	0.167	0.085	1	chr12-26273667-26275364	5
0.32672011890765	1.03670355543186	0.167	0.085	1	chr12-53421158-53422026	5
0.32672011890765	1.09310607704563	0.167	0.085	1	chr12-68358571-68359295	5
0.32672011890765	1.02288502126978	0.167	0.085	1	chr12-82089474-82090747	5
0.32672011890765	1.04065958528104	0.167	0.085	1	chr12-114579326-114581270	5
0.32672011890765	0.96488481760259	0.167	0.085	1	chr14-21014569-21015317	5
0.32672011890765	0.972349569264694	0.167	0.085	1	chr14-30769255-30770903	5
0.32672011890765	1.05416481049648	0.167	0.085	1	chr14-46048026-46048763	5
0.32672011890765	1.06822528977861	0.167	0.085	1	chr14-95265135-95266155	5
0.32672011890765	1.00992563133206	0.167	0.085	1	chr15-20356156-20357156	5
0.32672011890765	1.09678387220382	0.167	0.085	1	chr15-29438106-29439500	5
0.32672011890765	1.02135840108753	0.167	0.085	1	chr15-73897280-73897987	5
0.32672011890765	1.05724881779673	0.167	0.085	1	chr15-92527067-92528237	5
0.32672011890765	1.06105618714507	0.167	0.085	1	chr16-739870-741814	5
0.32672011890765	1.21637889305457	0.167	0.085	1	chr16-27527814-27529689	5
0.32672011890765	1.06141607493274	0.167	0.085	1	chr16-31385491-31387162	5
0.32672011890765	1.10989076042708	0.167	0.085	1	chr17-49994786-49995598	5
0.32672011890765	0.991913306802916	0.167	0.085	1	chr17-66386834-66387600	5
0.32672011890765	1.10882616606682	0.167	0.085	1	chr17-66975307-66979103	5
0.32672011890765	1.09598223273727	0.167	0.085	1	chr17-81494770-81495485	5
0.32672011890765	1.09616421037043	0.167	0.085	1	chr19-2235037-2238109	5
0.32672011890765	1.09625459623456	0.167	0.085	1	chr19-7293258-7295430	5
0.32672011890765	1.024117470076	0.167	0.085	1	chr19-38799460-38800172	5
0.32672011890765	1.02744307788046	0.167	0.085	1	chr20-45418764-45420346	5
0.32672011890765	1.13359705220406	0.167	0.085	1	chr20-53737501-53739911	5
0.32672011890765	1.03531961114838	0.167	0.085	1	chr20-63271964-63274765	5
0.32672011890765	1.21696208325611	0.167	0.085	1	chr21-16084707-16088342	5
0.32672011890765	1.17954471712188	0.167	0.085	1	chr21-33947301-33948808	5
0.32672011890765	1.04739613726259	0.167	0.085	1	chr22-41412892-41415184	5
0.32672011890765	1.02788981187577	0.167	0.085	1	chr22-41523357-41527939	5
0.32672011890765	1.13917650525905	0.167	0.085	1	chrX-107741565-107742767	5
0.32672011890765	1.13422531772937	0.167	0.085	1	chrX-119605278-119607247	5
0.327506135002145	0.651848902463504	0.333	0.213	1	chr3-33716520-33719061	5
0.327506135002145	0.679459824874135	0.333	0.213	1	chr4-44725374-44727464	5
0.328656396511636	0.569288202389491	0.333	0.234	1	chr3-126083244-126085087	5
0.328656396511636	0.594210165035293	0.333	0.234	1	chr4-55345788-55348889	5
0.328656396511636	0.56942892563794	0.333	0.234	1	chr7-5569760-5570883	5
0.328930378052146	0.718677558973709	0.222	0.149	1	chr5-172731105-172731920	5
0.329021644963741	0.600027367299865	0.333	0.277	1	chr2-134917352-134919810	5
0.330093808946513	0.46778068786137	0.556	0.447	1	chr6-116570579-116573299	5
0.330095555038986	0.40324093230929	0.444	0.34	1	chr5-123511341-123513651	5
0.330095555038986	0.412042688268919	0.444	0.34	1	chr17-50539707-50544137	5
0.332428936302888	0.554291873332417	0.444	0.319	1	chr16-23556570-23558908	5
0.332564632149677	0.834132543981934	0.222	0.128	1	chr1-34849916-34853335	5
0.332564632149677	0.812275342627289	0.222	0.128	1	chr1-204285612-204288733	5
0.332564632149677	0.875187060862494	0.222	0.128	1	chr1-205477367-205478610	5
0.332564632149677	0.877218023598896	0.222	0.128	1	chr1-219303920-219305033	5
0.332564632149677	0.866912911652217	0.222	0.128	1	chr2-174247034-174249372	5
0.332564632149677	0.811004721756515	0.222	0.128	1	chr2-179939143-179939941	5
0.332564632149677	0.810915832208552	0.222	0.128	1	chr2-241354620-241358059	5
0.332564632149677	0.795088801051765	0.222	0.128	1	chr5-171610457-171611449	5
0.332564632149677	0.841061738057017	0.222	0.128	1	chr6-74598331-74599486	5
0.332564632149677	0.816427811957957	0.222	0.128	1	chr7-92717502-92718836	5
0.332564632149677	0.818716232855821	0.222	0.128	1	chr8-11866173-11868980	5
0.332564632149677	0.768876658941201	0.222	0.128	1	chr10-104352064-104354178	5
0.332564632149677	0.844086790381867	0.222	0.128	1	chr10-121973332-121975736	5
0.332564632149677	0.80722090256694	0.222	0.128	1	chr11-72720755-72723165	5
0.332564632149677	0.793310410031854	0.222	0.128	1	chr11-110429500-110433324	5
0.332564632149677	0.833586949893035	0.222	0.128	1	chr12-53674993-53676683	5
0.332564632149677	0.813286002790792	0.222	0.128	1	chr12-116275739-116278257	5
0.332564632149677	0.891820191688747	0.222	0.128	1	chr14-23352336-23353502	5
0.332564632149677	0.826157663295833	0.222	0.128	1	chr19-13861911-13862855	5
0.332564632149677	0.869144604369079	0.222	0.128	1	chr19-38543792-38545137	5
0.332564632149677	0.839929568298481	0.222	0.128	1	chr22-48253810-48255546	5
0.332564632149677	0.876707674603164	0.222	0.128	1	chrY-12904358-12906379	5
0.332835800352512	0.66461495081955	0.278	0.191	1	chr1-33470198-33471258	5
0.332835800352512	0.726324803890577	0.278	0.191	1	chr12-124827526-124829694	5
0.333561976666228	0.460602502415155	0.389	0.255	1	chr4-26021700-26024208	5
0.334407091235945	0.739419988835482	0.278	0.17	1	chr2-98907934-98910305	5
0.334407091235945	0.62415509843129	0.278	0.17	1	chr14-93004896-93007721	5
0.334407091235945	0.473535983164744	0.278	0.17	1	chr15-50353510-50356118	5
0.334407091235945	0.692322793593841	0.278	0.17	1	chr16-3455778-3460486	5
0.335040068003797	0.729991840698329	0.278	0.149	1	chr19-13951757-13953725	5
0.335450436684733	0.669217598890979	0.333	0.191	1	chr7-44122511-44124383	5
0.337175834696027	0.589539696160606	0.333	0.213	1	chr1-103524228-103526745	5
0.337175834696027	0.60906381788423	0.333	0.213	1	chr3-49785654-49787397	5
0.337344138132105	0.558303731879308	0.389	0.277	1	chr1-43704225-43708882	5
0.337344138132105	0.574450498710527	0.389	0.277	1	chr6-167750425-167752085	5
0.33813520625889	0.745233206031358	0.333	0.234	1	chr3-113947121-113949334	5
0.33813520625889	0.567877092857964	0.333	0.234	1	chr14-93205933-93208364	5
0.33813520625889	0.632187867563915	0.333	0.234	1	chr17-3665173-3669644	5
0.338429551237098	0.7292431780794	0.333	0.255	1	chr6-167825642-167828672	5
0.338575502119269	0.420545607753188	0.444	0.34	1	chr1-168178238-168180555	5
0.340170910218882	0.80753006160301	0.222	0.149	1	chr3-127303860-127305093	5
0.340170910218882	0.899802879892295	0.222	0.149	1	chr11-3378303-3379591	5
0.340170910218882	0.894306237476144	0.222	0.149	1	chr16-89711138-89713095	5
0.340337350332435	1.04862014544913	0.167	0.085	1	chr1-86833355-86834091	5
0.340337350332435	1.03587935068788	0.167	0.085	1	chr1-230359720-230360726	5
0.340337350332435	0.938852184401729	0.167	0.085	1	chr1-232544250-232545185	5
0.340337350332435	1.05786366967081	0.167	0.085	1	chr1-235648578-235650033	5
0.340337350332435	0.90467096421193	0.167	0.085	1	chr2-32038958-32040466	5
0.340337350332435	0.93915324241726	0.167	0.085	1	chr2-134123821-134124978	5
0.340337350332435	1.17515412639771	0.167	0.085	1	chr2-169823962-169825418	5
0.340337350332435	0.98178217123005	0.167	0.085	1	chr2-216081017-216082762	5
0.340337350332435	1.16381626216453	0.167	0.085	1	chr3-15101598-15103610	5
0.340337350332435	0.947295282314066	0.167	0.085	1	chr3-129195299-129196443	5
0.340337350332435	0.986982011593031	0.167	0.085	1	chr3-152941636-152943684	5
0.340337350332435	1.0968665408165	0.167	0.085	1	chr3-186102652-186104475	5
0.340337350332435	1.00889749157298	0.167	0.085	1	chr3-191376295-191377427	5
0.340337350332435	1.03193064965097	0.167	0.085	1	chr4-72348373-72349399	5
0.340337350332435	1.18051728267997	0.167	0.085	1	chr4-101320229-101326835	5
0.340337350332435	1.0511316984142	0.167	0.085	1	chr5-77775004-77777031	5
0.340337350332435	1.02634111438056	0.167	0.085	1	chr5-133869101-133870996	5
0.340337350332435	0.85715995561718	0.167	0.085	1	chr5-155545869-155547022	5
0.340337350332435	1.12490016824863	0.167	0.085	1	chr6-28985110-28986107	5
0.340337350332435	1.04327764757482	0.167	0.085	1	chr6-110622554-110623821	5
0.340337350332435	1.05185257149848	0.167	0.085	1	chr7-91033300-91035094	5
0.340337350332435	1.04870932831349	0.167	0.085	1	chr7-102463891-102465849	5
0.340337350332435	1.01698325712092	0.167	0.085	1	chr7-118854587-118855998	5
0.340337350332435	1.11373672744504	0.167	0.085	1	chr7-123319616-123320833	5
0.340337350332435	1.17349565497328	0.167	0.085	1	chr7-132471321-132473213	5
0.340337350332435	1.0019215651335	0.167	0.085	1	chr7-142853612-142855250	5
0.340337350332435	0.960423612869079	0.167	0.085	1	chr8-1861981-1862872	5
0.340337350332435	0.938220950161143	0.167	0.085	1	chr8-8460957-8462647	5
0.340337350332435	1.02311883872718	0.167	0.085	1	chr8-13566366-13567147	5
0.340337350332435	1.03887945282003	0.167	0.085	1	chr8-124727086-124728823	5
0.340337350332435	0.987399624328788	0.167	0.085	1	chr9-98838236-98839256	5
0.340337350332435	0.897185292600719	0.167	0.085	1	chr9-100700531-100701457	5
0.340337350332435	0.939110863676126	0.167	0.085	1	chr9-114080396-114083164	5
0.340337350332435	1.0116359074368	0.167	0.085	1	chr11-7537276-7539725	5
0.340337350332435	0.962027509490763	0.167	0.085	1	chr11-75476136-75477819	5
0.340337350332435	1.00261997460361	0.167	0.085	1	chr11-102119841-102121759	5
0.340337350332435	0.908841650314576	0.167	0.085	1	chr12-81393782-81396712	5
0.340337350332435	0.994699412276284	0.167	0.085	1	chr12-102060864-102062590	5
0.340337350332435	1.06649498925085	0.167	0.085	1	chr13-113000901-113002677	5
0.340337350332435	1.03756353535626	0.167	0.085	1	chr15-66762925-66764408	5
0.340337350332435	1.05467570949984	0.167	0.085	1	chr16-68377493-68378529	5
0.340337350332435	0.927384908783879	0.167	0.085	1	chr17-58692105-58693294	5
0.340337350332435	1.04762393178989	0.167	0.085	1	chr17-78127089-78129457	5
0.340337350332435	1.06478851564993	0.167	0.085	1	chr17-80030410-80032708	5
0.340337350332435	0.979106449030195	0.167	0.085	1	chr17-82241361-82244783	5
0.340337350332435	0.956325187499264	0.167	0.085	1	chr18-13983230-13984457	5
0.340337350332435	1.02867466977815	0.167	0.085	1	chr18-35496775-35498452	5
0.340337350332435	0.967845800586541	0.167	0.085	1	chr19-10105973-10107627	5
0.340337350332435	0.958387364842649	0.167	0.085	1	chr19-10184017-10185521	5
0.340337350332435	0.968054251798265	0.167	0.085	1	chr19-35774735-35776151	5
0.340337350332435	0.933547741179357	0.167	0.085	1	chr20-25237521-25238690	5
0.340337350332435	0.992367632291251	0.167	0.085	1	chr20-38961559-38963387	5
0.340337350332435	0.955313858326258	0.167	0.085	1	chr21-41535821-41537073	5
0.343114199969207	0.734130155678843	0.278	0.191	1	chr2-38874997-38876859	5
0.343114199969207	0.721460566526822	0.278	0.191	1	chr4-48602162-48605206	5
0.343114199969207	0.714830972164736	0.278	0.191	1	chr11-19240194-19241850	5
0.343114199969207	0.638706609218527	0.278	0.191	1	chr16-15575557-15578260	5
0.343114199969207	0.69442405040222	0.278	0.191	1	chrX-11110749-11112129	5
0.344346228775061	0.747593966811086	0.222	0.128	1	chr3-14434039-14435814	5
0.344346228775061	0.770974529903507	0.222	0.128	1	chr3-23915644-23922257	5
0.344346228775061	0.833524466308515	0.222	0.128	1	chr4-67711635-67714628	5
0.344346228775061	0.903003493564012	0.222	0.128	1	chr5-14528347-14529892	5
0.344346228775061	0.810707752220746	0.222	0.128	1	chr5-131311812-131313554	5
0.344346228775061	0.798526541588222	0.222	0.128	1	chr6-26532599-26533712	5
0.344346228775061	0.766799900721292	0.222	0.128	1	chr8-28621629-28623690	5
0.344346228775061	0.883024396593296	0.222	0.128	1	chr9-105693593-105695809	5
0.344346228775061	0.840302597942517	0.222	0.128	1	chr10-58148575-58149529	5
0.344346228775061	0.886669945024682	0.222	0.128	1	chr11-118620699-118623692	5
0.344346228775061	0.894139001471529	0.222	0.128	1	chr15-55740783-55743846	5
0.344346228775061	0.904029739113085	0.222	0.128	1	chr16-17303045-17305357	5
0.344346228775061	0.800732213325527	0.222	0.128	1	chr16-88662258-88664327	5
0.344346228775061	0.778826764755482	0.222	0.128	1	chr19-9139814-9141030	5
0.344346228775061	0.890243326377901	0.222	0.128	1	chr19-57190955-57192523	5
0.344346228775061	0.802590173860505	0.222	0.128	1	chr22-24060124-24060978	5
0.344346228775061	0.867561699432795	0.222	0.128	1	chrX-19989975-19991726	5
0.345021087041506	0.676512034085133	0.278	0.17	1	chr1-16947535-16949515	5
0.345021087041506	0.664334545749399	0.278	0.17	1	chr1-212487788-212489540	5
0.345021087041506	0.71415721658563	0.278	0.17	1	chr7-36302904-36304243	5
0.345021087041506	0.724174348261923	0.278	0.17	1	chr7-66739798-66741941	5
0.345021087041506	0.691462043764099	0.278	0.17	1	chr13-24510733-24513257	5
0.345021087041506	0.769532552638699	0.278	0.17	1	chr14-23152753-23155921	5
0.345021087041506	0.688965372560104	0.278	0.17	1	chr14-51988741-51990565	5
0.346452331322652	0.562816504284026	0.389	0.277	1	chr7-1454434-1456584	5
0.346452331322652	0.568160817621104	0.389	0.277	1	chr15-90954098-90957619	5
0.347027155703175	0.518790543097482	0.333	0.213	1	chr1-234530736-234535030	5
0.347027155703175	0.617936029487598	0.333	0.213	1	chr8-96493111-96495971	5
0.347787796556254	0.59604094403031	0.333	0.234	1	chr21-31730548-31734156	5
0.347892478848738	0.590619942062597	0.333	0.255	1	chr7-36152229-36154555	5
0.347892478848738	0.626573829978683	0.333	0.255	1	chr8-102805816-102808932	5
0.347892478848738	0.562308035097463	0.333	0.255	1	chr17-75632648-75634491	5
0.347892478848738	0.569394217334648	0.333	0.255	1	chr19-36013466-36015103	5
0.350722151904655	0.480976682907989	0.5	0.426	1	chr5-181187075-181194263	5
0.351654649351004	0.853008848348959	0.222	0.149	1	chr6-165659723-165664539	5
0.351654649351004	0.930268304801124	0.222	0.149	1	chr10-73885966-73889511	5
0.352888872906422	0.417176186700651	0.444	0.362	1	chr11-58576791-58580569	5
0.353593187752411	0.763480508528045	0.278	0.191	1	chr1-207320994-207324483	5
0.353593187752411	0.712942825304884	0.278	0.191	1	chr1-234542045-234546269	5
0.353593187752411	0.670237732337169	0.278	0.191	1	chr4-48830427-48832121	5
0.353593187752411	0.790530551712946	0.278	0.191	1	chr4-145481029-145483819	5
0.353593187752411	0.712002234938418	0.278	0.191	1	chr5-179912131-179914776	5
0.353593187752411	0.764279135978794	0.278	0.191	1	chr11-65650390-65654146	5
0.353593187752411	0.81954085857527	0.278	0.191	1	chr12-15881640-15883854	5
0.353593187752411	0.68228418974554	0.278	0.191	1	chr16-89827362-89829535	5
0.35430655901852	0.437807578172022	0.611	0.511	1	chr11-59614133-59616953	5
0.354312914743914	1.06346653367462	0.167	0.085	1	chr1-116666672-116668239	5
0.354312914743914	0.96246341338805	0.167	0.085	1	chr1-179021685-179022638	5
0.354312914743914	1.12283833285658	0.167	0.085	1	chr1-196360749-196361870	5
0.354312914743914	0.937260218630821	0.167	0.085	1	chr2-28735389-28736996	5
0.354312914743914	1.03029727236705	0.167	0.085	1	chr2-109690439-109692727	5
0.354312914743914	0.956625474552458	0.167	0.085	1	chr3-112360472-112361342	5
0.354312914743914	0.902708154480712	0.167	0.085	1	chr3-154323364-154325402	5
0.354312914743914	0.853693032737094	0.167	0.085	1	chr4-76702529-76705919	5
0.354312914743914	1.02595667307862	0.167	0.085	1	chr4-143351667-143353135	5
0.354312914743914	0.948439405260518	0.167	0.085	1	chr5-16896017-16897895	5
0.354312914743914	0.998914454202666	0.167	0.085	1	chr5-79546980-79548770	5
0.354312914743914	0.962414477310978	0.167	0.085	1	chr5-133839611-133841107	5
0.354312914743914	1.01556291538943	0.167	0.085	1	chr5-152330498-152331591	5
0.354312914743914	0.950109714698016	0.167	0.085	1	chr5-154467417-154468304	5
0.354312914743914	0.98367057884953	0.167	0.085	1	chr5-160399038-160400644	5
0.354312914743914	1.06978880252657	0.167	0.085	1	chr6-31776661-31777767	5
0.354312914743914	1.01123108003033	0.167	0.085	1	chr6-43666933-43668974	5
0.354312914743914	0.993168559318562	0.167	0.085	1	chr6-52233972-52234690	5
0.354312914743914	0.938696300656888	0.167	0.085	1	chr6-57925572-57926320	5
0.354312914743914	1.00304401795271	0.167	0.085	1	chr6-83051339-83052540	5
0.354312914743914	0.908196135642959	0.167	0.085	1	chr6-150514648-150515844	5
0.354312914743914	0.838758261934268	0.167	0.085	1	chr7-56078765-56080603	5
0.354312914743914	0.943640412459308	0.167	0.085	1	chr7-128530393-128532616	5
0.354312914743914	0.907181666492926	0.167	0.085	1	chr7-141011691-141012554	5
0.354312914743914	1.05239426123734	0.167	0.085	1	chr8-135599012-135600532	5
0.354312914743914	1.00183800421307	0.167	0.085	1	chr9-93342077-93343085	5
0.354312914743914	0.990324682223402	0.167	0.085	1	chr9-136296955-136297796	5
0.354312914743914	1.0615823145724	0.167	0.085	1	chr10-11270324-11271187	5
0.354312914743914	0.982372503528957	0.167	0.085	1	chr10-14603341-14605707	5
0.354312914743914	1.01351256171132	0.167	0.085	1	chr10-24236725-24240846	5
0.354312914743914	0.980883045603412	0.167	0.085	1	chr10-44801767-44802626	5
0.354312914743914	0.937988528717161	0.167	0.085	1	chr10-75209529-75211838	5
0.354312914743914	0.855047942230075	0.167	0.085	1	chr10-98253348-98255373	5
0.354312914743914	0.945239066236286	0.167	0.085	1	chr10-102072654-102073396	5
0.354312914743914	1.04910085882861	0.167	0.085	1	chr10-114634493-114636486	5
0.354312914743914	1.0212954509749	0.167	0.085	1	chr10-128690676-128692010	5
0.354312914743914	0.948110077923844	0.167	0.085	1	chr11-11020588-11021369	5
0.354312914743914	0.958715329030251	0.167	0.085	1	chr12-47772742-47774288	5
0.354312914743914	0.934630845329969	0.167	0.085	1	chr12-52879366-52880385	5
0.354312914743914	0.991897258430436	0.167	0.085	1	chr12-57111613-57112799	5
0.354312914743914	0.992423172259727	0.167	0.085	1	chr12-119178283-119180101	5
0.354312914743914	1.00586640090522	0.167	0.085	1	chr12-132954770-132957114	5
0.354312914743914	0.9382057795491	0.167	0.085	1	chr14-76456805-76458953	5
0.354312914743914	0.955116982688059	0.167	0.085	1	chr15-40097726-40099368	5
0.354312914743914	0.974718873953191	0.167	0.085	1	chr15-45386425-45388044	5
0.354312914743914	0.978001701873791	0.167	0.085	1	chr15-85840083-85841075	5
0.354312914743914	0.93078289707249	0.167	0.085	1	chr16-19962848-19964026	5
0.354312914743914	0.969250182506655	0.167	0.085	1	chr17-66375384-66376494	5
0.354312914743914	1.00490551037496	0.167	0.085	1	chr17-75895341-75897419	5
0.354312914743914	1.01389177488595	0.167	0.085	1	chr17-77767896-77770432	5
0.354312914743914	0.854619671424482	0.167	0.085	1	chr19-3975022-3982073	5
0.354312914743914	1.0201935613585	0.167	0.085	1	chr20-54339919-54341302	5
0.354312914743914	0.93902448243381	0.167	0.085	1	chrX-67523059-67525480	5
0.355715608425879	0.608336973246066	0.389	0.277	1	chr3-179146919-179149844	5
0.355715608425879	0.449865632430343	0.389	0.277	1	chr17-7219012-7221503	5
0.355847491257191	0.745970217477494	0.278	0.17	1	chr3-12544121-12546157	5
0.355847491257191	0.69772750351599	0.278	0.17	1	chr5-138503543-138505573	5
0.355847491257191	0.708913953632195	0.278	0.17	1	chr9-129166332-129168464	5
0.355847491257191	0.65094157965093	0.278	0.17	1	chr15-76532781-76534027	5
0.355847491257191	0.560930742840654	0.278	0.17	1	chr19-50724228-50726134	5
0.356390827237262	0.713091006302509	0.222	0.128	1	chr1-43858025-43859165	5
0.356390827237262	0.835937749857528	0.222	0.128	1	chr1-172358025-172361281	5
0.356390827237262	0.786444640301087	0.222	0.128	1	chr1-223737327-223741426	5
0.356390827237262	0.79254544269726	0.222	0.128	1	chr3-50154343-50156175	5
0.356390827237262	0.76990679952826	0.222	0.128	1	chr4-2932937-2937722	5
0.356390827237262	0.709557392149423	0.222	0.128	1	chr4-158019725-158021538	5
0.356390827237262	0.806202271885911	0.222	0.128	1	chr6-29722829-29724328	5
0.356390827237262	0.77011049149679	0.222	0.128	1	chr6-43671835-43673469	5
0.356390827237262	0.823870150394838	0.222	0.128	1	chr7-1095601-1097603	5
0.356390827237262	0.753549366412162	0.222	0.128	1	chr8-94552727-94554785	5
0.356390827237262	0.828138957518106	0.222	0.128	1	chr10-27099739-27101212	5
0.356390827237262	0.809172573434829	0.222	0.128	1	chr16-3642361-3643674	5
0.356390827237262	0.735690326012287	0.222	0.128	1	chr17-45042611-45044291	5
0.356390827237262	0.648673120421956	0.222	0.128	1	chr21-30215550-30216811	5
0.356390827237262	0.838019258220044	0.222	0.128	1	chr22-41543648-41545140	5
0.357059737118547	0.682028509330198	0.333	0.213	1	chr6-44236890-44238730	5
0.357059737118547	0.555451658049817	0.333	0.213	1	chr17-50531431-50534988	5
0.357214744611028	0.797273243796245	0.278	0.149	1	chr4-41934513-41936482	5
0.357521960677298	0.62643176196292	0.333	0.255	1	chr1-37689426-37693197	5
0.357521960677298	0.648074780687089	0.333	0.255	1	chr1-223142324-223144176	5
0.357521960677298	0.613007156990468	0.333	0.255	1	chr3-185585321-185587133	5
0.357613817842891	0.556563677670009	0.333	0.234	1	chr19-1103347-1108250	5
0.357613817842891	0.587520290669077	0.333	0.234	1	chr19-58361689-58363325	5
0.361224353408508	0.397393826427405	0.444	0.298	1	chr20-45339587-45344941	5
0.363248763809055	0.475745324736083	0.389	0.34	1	chr3-119239105-119242117	5
0.363320958786121	0.41472377126116	0.556	0.404	1	chr1-225921467-225925105	5
0.363380949980866	0.932979599792583	0.222	0.149	1	chr1-1079250-1080714	5
0.363380949980866	0.674066661588913	0.222	0.149	1	chr3-196968229-196971589	5
0.363380949980866	0.93167768942704	0.222	0.149	1	chr4-25299264-25300906	5
0.363380949980866	0.884195658296916	0.222	0.149	1	chr5-119036078-119038502	5
0.363380949980866	0.800962461932187	0.222	0.149	1	chr6-106085341-106086683	5
0.363380949980866	0.73636934574025	0.222	0.149	1	chr12-51082627-51084016	5
0.364272238658598	0.732510875309079	0.278	0.191	1	chr1-61337898-61338812	5
0.364272238658598	0.70298396719223	0.278	0.191	1	chr2-235025928-235028363	5
0.364272238658598	0.626023177047877	0.278	0.191	1	chr5-7876844-7880443	5
0.364272238658598	0.846554789574837	0.278	0.191	1	chr10-73771536-73773977	5
0.364272238658598	0.657886322278903	0.278	0.191	1	chr12-109713115-109714764	5
0.364272238658598	0.627411029989342	0.278	0.191	1	chr15-35544986-35546860	5
0.364272238658598	0.72411497952154	0.278	0.191	1	chr17-45310376-45313452	5
0.364272238658598	0.640969793448196	0.278	0.191	1	chr22-42993730-42997416	5
0.364272238658598	0.679059847281522	0.278	0.191	1	chrX-48675746-48677532	5
0.364845683933719	0.445634240273888	0.444	0.34	1	chr3-57555238-57558037	5
0.366885693187808	0.682357599865373	0.278	0.17	1	chr1-160096618-160099633	5
0.366885693187808	0.719055348764732	0.278	0.17	1	chr1-234996875-234998910	5
0.366885693187808	0.64696276988629	0.278	0.17	1	chr3-128235210-128239523	5
0.366885693187808	0.671010793148949	0.278	0.17	1	chr19-10402388-10405008	5
0.367273073887915	0.548693269875561	0.333	0.213	1	chr4-13544151-13545591	5
0.367273073887915	0.546228835532672	0.333	0.213	1	chr6-148191120-148192692	5
0.367273073887915	0.592431583312304	0.333	0.213	1	chrX-153722519-153728493	5
0.367317543263726	0.592813530396212	0.333	0.255	1	chr15-58770300-58772410	5
0.36761278839412	0.613594993203993	0.333	0.234	1	chr3-51981800-51984548	5
0.36761278839412	0.564859266594874	0.333	0.234	1	chrX-48596935-48598667	5
0.368645600955216	0.828238388302645	0.167	0.085	1	chr1-162696068-162697473	5
0.368645600955216	0.889189391609566	0.167	0.085	1	chr1-178575506-178576594	5
0.368645600955216	0.979052207986499	0.167	0.085	1	chr2-11822488-11823459	5
0.368645600955216	0.974815446468627	0.167	0.085	1	chr2-174771310-174772198	5
0.368645600955216	0.949104429393508	0.167	0.085	1	chr3-157125481-157126408	5
0.368645600955216	0.883735948450423	0.167	0.085	1	chr5-11853569-11855428	5
0.368645600955216	0.936397933330319	0.167	0.085	1	chr5-116733959-116735409	5
0.368645600955216	1.03023275907488	0.167	0.085	1	chr5-154272614-154276168	5
0.368645600955216	0.920935720754064	0.167	0.085	1	chr6-28586318-28588146	5
0.368645600955216	1.08185218552909	0.167	0.085	1	chr6-53744088-53744884	5
0.368645600955216	1.02546900830983	0.167	0.085	1	chr6-112021448-112022338	5
0.368645600955216	0.889306224896428	0.167	0.085	1	chr7-33107317-33110217	5
0.368645600955216	0.934702560765121	0.167	0.085	1	chr7-158377568-158378562	5
0.368645600955216	0.914888466974619	0.167	0.085	1	chr8-8871749-8873637	5
0.368645600955216	0.854736973128223	0.167	0.085	1	chr8-38063526-38064783	5
0.368645600955216	0.772608586260868	0.167	0.085	1	chr9-128078406-128079698	5
0.368645600955216	0.891844962796413	0.167	0.085	1	chr10-32140697-32141893	5
0.368645600955216	0.972357057955439	0.167	0.085	1	chr10-60717812-60723635	5
0.368645600955216	0.90015127643545	0.167	0.085	1	chr10-124084548-124085999	5
0.368645600955216	0.952278442525772	0.167	0.085	1	chr10-133616635-133617454	5
0.368645600955216	0.818788662064106	0.167	0.085	1	chr11-9126700-9128013	5
0.368645600955216	0.874434623693145	0.167	0.085	1	chr11-61832171-61835363	5
0.368645600955216	0.831589799266682	0.167	0.085	1	chr12-49187184-49189536	5
0.368645600955216	0.950028651849504	0.167	0.085	1	chr12-53231529-53233585	5
0.368645600955216	0.940047445141197	0.167	0.085	1	chr12-101939713-101941422	5
0.368645600955216	0.877950646981538	0.167	0.085	1	chr14-22981635-22983786	5
0.368645600955216	0.955490464073201	0.167	0.085	1	chr14-102873003-102874322	5
0.368645600955216	0.868116460850902	0.167	0.085	1	chr16-52068151-52071317	5
0.368645600955216	0.943908820950891	0.167	0.085	1	chr18-77254774-77256632	5
0.368645600955216	0.923750006664166	0.167	0.085	1	chr19-10251431-10252999	5
0.368645600955216	0.944844480809032	0.167	0.085	1	chr19-55209868-55210646	5
0.368645600955216	0.972853329130526	0.167	0.085	1	chr20-34215551-34216727	5
0.368645600955216	0.936757601309601	0.167	0.085	1	chr22-17773342-17775052	5
0.368645600955216	0.840761154318078	0.167	0.085	1	chr22-43811653-43813443	5
0.368645600955216	0.924734633874736	0.167	0.085	1	chrX-78103395-78105440	5
0.368645600955216	0.883644439143347	0.167	0.085	1	chrY-7449325-7450595	5
0.36869758799318	0.774459107133568	0.222	0.128	1	chr1-151839151-151840922	5
0.36869758799318	0.76626466229461	0.222	0.128	1	chr1-245298112-245299441	5
0.36869758799318	0.745217340443083	0.222	0.128	1	chr2-8525324-8526441	5
0.36869758799318	0.75446208431976	0.222	0.128	1	chr3-189943801-189945247	5
0.36869758799318	0.719046870252187	0.222	0.128	1	chr4-6926607-6927788	5
0.36869758799318	0.72776466255701	0.222	0.128	1	chr5-33641671-33642737	5
0.36869758799318	0.871111353522643	0.222	0.128	1	chr6-75600655-75603944	5
0.36869758799318	0.733445914407932	0.222	0.128	1	chr7-2241402-2243572	5
0.36869758799318	0.782240919153754	0.222	0.128	1	chr10-96270937-96273321	5
0.36869758799318	0.736320594385743	0.222	0.128	1	chr11-63937966-63939962	5
0.36869758799318	0.72574861020452	0.222	0.128	1	chr17-43483260-43484806	5
0.36869758799318	0.709896685428754	0.222	0.128	1	chr22-42368412-42370066	5
0.370507619458977	0.366970875068383	0.444	0.362	1	chr7-44795656-44798843	5
0.371329550545541	0.548444110982766	0.389	0.255	1	chr7-66591001-66593091	5
0.37149062887336	0.649203937883716	0.278	0.213	1	chr11-746299-749228	5
0.373878083153892	0.527879184338103	0.444	0.34	1	chr5-154037912-154039677	5
0.374705753047849	0.479451116139742	0.389	0.277	1	chr7-103073717-103076289	5
0.375150649756789	0.557514039302488	0.278	0.191	1	chr1-53175293-53177431	5
0.375150649756789	0.623799502539884	0.278	0.191	1	chr2-25877254-25879551	5
0.375150649756789	0.607997371250699	0.278	0.191	1	chr8-119721377-119722756	5
0.375150649756789	0.692169165817712	0.278	0.191	1	chr12-64450107-64453461	5
0.375150649756789	0.613601796745306	0.278	0.191	1	chr17-40316549-40318899	5
0.375348906148258	0.687218248692687	0.222	0.149	1	chr6-42043905-42044826	5
0.375348906148258	0.659838264134715	0.222	0.149	1	chr21-33403207-33405679	5
0.375760079262236	0.443134968173437	0.5	0.362	1	chr3-66997483-66999388	5
0.377278649582587	0.558718762255598	0.333	0.255	1	chr14-68789185-68796595	5
0.377512541792934	0.613108532827171	0.389	0.298	1	chr7-100886232-100891171	5
0.377666514758048	0.567791619571221	0.333	0.213	1	chr6-125985348-125987602	5
0.377784092495612	0.67492409026869	0.333	0.234	1	chr11-62123282-62125703	5
0.377784092495612	0.518883780387684	0.333	0.234	1	chr12-123632720-123634909	5
0.378134881889672	0.657718038436523	0.278	0.17	1	chr1-43548282-43551007	5
0.378134881889672	0.611139586303566	0.278	0.17	1	chr3-40086996-40089931	5
0.378134881889672	0.687268716260722	0.278	0.17	1	chr7-75611216-75612593	5
0.378134881889672	0.746608198636686	0.278	0.17	1	chr7-137695629-137696540	5
0.378134881889672	0.677948944155095	0.278	0.17	1	chr15-93027259-93031292	5
0.381265364371548	0.7758201804661	0.222	0.128	1	chr3-87332983-87334062	5
0.381265364371548	0.760800645920996	0.222	0.128	1	chr3-159621564-159623002	5
0.381265364371548	0.718898656226206	0.222	0.128	1	chr6-33716036-33718554	5
0.381265364371548	0.663857453316581	0.222	0.128	1	chr9-35748234-35750511	5
0.381265364371548	0.708871031279033	0.222	0.128	1	chr11-68870395-68873672	5
0.381265364371548	0.764479118310711	0.222	0.128	1	chr12-121465903-121468323	5
0.381265364371548	0.712773099827444	0.222	0.128	1	chr15-40068960-40070308	5
0.381265364371548	0.716525699844597	0.222	0.128	1	chr15-101293089-101296368	5
0.381265364371548	0.803120656863088	0.222	0.128	1	chr16-69186369-69188788	5
0.381265364371548	0.695293639188407	0.222	0.128	1	chr16-89837077-89838685	5
0.381637619379072	0.510920344002211	0.389	0.34	1	chr7-50701544-50726131	5
0.382213556794044	0.595827579539331	0.278	0.213	1	chr3-11185298-11186337	5
0.382213556794044	0.651803181512757	0.278	0.213	1	chr14-100154936-100157234	5
0.383333630197918	0.8906195462346	0.167	0.085	1	chr1-45018313-45019277	5
0.383333630197918	0.873037872478672	0.167	0.085	1	chr1-55593126-55594046	5
0.383333630197918	0.825932937350723	0.167	0.085	1	chr2-101109783-101110989	5
0.383333630197918	0.912622526220801	0.167	0.085	1	chr2-222882342-222883242	5
0.383333630197918	0.787267049771382	0.167	0.085	1	chr3-46891927-46893086	5
0.383333630197918	0.906119400898259	0.167	0.085	1	chr5-36180116-36181121	5
0.383333630197918	0.95216239430035	0.167	0.085	1	chr5-54254431-54255244	5
0.383333630197918	0.912248840154472	0.167	0.085	1	chr6-13724967-13726027	5
0.383333630197918	0.929107472145423	0.167	0.085	1	chr7-8637272-8638676	5
0.383333630197918	0.732807976287422	0.167	0.085	1	chr8-90035952-90037707	5
0.383333630197918	0.916543350270079	0.167	0.085	1	chr8-101606588-101608764	5
0.383333630197918	0.81248558203792	0.167	0.085	1	chr9-19403952-19406054	5
0.383333630197918	0.92444785224819	0.167	0.085	1	chr9-129382459-129384084	5
0.383333630197918	0.89808455177671	0.167	0.085	1	chr9-137458351-137460036	5
0.383333630197918	0.997230756329094	0.167	0.085	1	chr11-7611186-7613503	5
0.383333630197918	0.909841148122729	0.167	0.085	1	chr11-31809914-31812403	5
0.383333630197918	0.862377730923378	0.167	0.085	1	chr11-61747414-61748303	5
0.383333630197918	0.789332992450632	0.167	0.085	1	chr12-48156628-48158114	5
0.383333630197918	0.825342986707256	0.167	0.085	1	chr12-132178472-132179592	5
0.383333630197918	0.809253155515595	0.167	0.085	1	chr13-33284837-33286310	5
0.383333630197918	0.974998186319701	0.167	0.085	1	chr17-29138579-29140891	5
0.383333630197918	0.866596024347136	0.167	0.085	1	chr17-83055964-83057247	5
0.383333630197918	0.889079078663141	0.167	0.085	1	chr18-26812977-26813511	5
0.383333630197918	0.908087547968012	0.167	0.085	1	chr18-36296529-36298477	5
0.383333630197918	0.854815706331036	0.167	0.085	1	chr19-14089837-14091935	5
0.383333630197918	0.928189018866484	0.167	0.085	1	chr19-34501311-34502187	5
0.383333630197918	0.894881554787061	0.167	0.085	1	chr20-36460555-36462136	5
0.383333630197918	0.785851074447759	0.167	0.085	1	chrX-109862123-109862917	5
0.384431521616339	0.497262883898517	0.389	0.277	1	chr16-88758479-88764090	5
0.384467241249589	0.361264784894126	0.611	0.404	1	chr1-173860180-173870945	5
0.386150922461731	0.526249277978591	0.333	0.277	1	chr17-50147756-50152710	5
0.386227537754915	0.698479915414285	0.278	0.191	1	chr1-30823303-30825077	5
0.386227537754915	0.680626150943526	0.278	0.191	1	chr1-40039075-40041744	5
0.386227537754915	0.504080491643088	0.278	0.191	1	chr2-675419-678055	5
0.386227537754915	0.709071613687032	0.278	0.191	1	chr2-199954105-199956988	5
0.386227537754915	0.608176117954577	0.278	0.191	1	chr6-30742053-30743437	5
0.386227537754915	0.605877073537593	0.278	0.191	1	chr15-60477988-60479737	5
0.386227537754915	0.601157198146298	0.278	0.191	1	chr19-19319695-19322246	5
0.386227537754915	0.783099416432211	0.278	0.191	1	chr20-53863656-53868155	5
0.386322582116291	0.387726790953143	0.444	0.319	1	chr1-144550693-144552705	5
0.387404577535591	0.467065128967957	0.333	0.255	1	chr9-38007893-38009115	5
0.387557347348646	0.908105688785013	0.222	0.149	1	chr1-156337127-156339267	5
0.387557347348646	0.874301054928	0.222	0.149	1	chr1-169571859-169573067	5
0.387557347348646	0.747969730184151	0.222	0.149	1	chr7-100118421-100120641	5
0.387557347348646	0.824161791378242	0.222	0.149	1	chr8-127090084-127094235	5
0.387557347348646	0.778933993770511	0.222	0.149	1	chr10-5653974-5654919	5
0.387557347348646	0.929554338230576	0.222	0.149	1	chr12-12723470-12727038	5
0.387557347348646	0.819631090450027	0.222	0.149	1	chr17-39926362-39928877	5
0.387557347348646	0.756037326637812	0.222	0.149	1	chr19-38647023-38650744	5
0.387557347348646	0.696412124861974	0.222	0.149	1	chr19-55516714-55517610	5
0.388126978779899	0.524806659324693	0.333	0.234	1	chr16-58126596-58130118	5
0.388239260411726	0.491883816802972	0.333	0.213	1	chr17-3887526-3893959	5
0.389594043379778	0.687814834004043	0.278	0.17	1	chr3-45144957-45147095	5
0.389594043379778	0.58783211128524	0.278	0.17	1	chr4-27094265-27095602	5
0.391464941703864	0.342488593982765	0.611	0.447	1	chr10-102501175-102505810	5
0.393124186779328	0.705144278456073	0.278	0.213	1	chr8-134793072-134794938	5
0.394092697869135	0.692703779210445	0.222	0.128	1	chr2-241558382-241562584	5
0.394092697869135	0.724706148808316	0.222	0.128	1	chr4-153344125-153346189	5
0.394092697869135	0.70107580117568	0.222	0.128	1	chr6-137043705-137045680	5
0.394092697869135	0.780595038993905	0.222	0.128	1	chr12-64835900-64838060	5
0.394092697869135	0.663437935578521	0.222	0.128	1	chr12-123436062-123437305	5
0.394092697869135	0.58150099289233	0.222	0.128	1	chrX-47232377-47234233	5
0.396229623001901	0.583350178448237	0.333	0.277	1	chr3-57226722-57229878	5
0.396229623001901	0.61734127920743	0.333	0.277	1	chr8-61689509-61702623	5
0.397501836782578	0.544862794798749	0.278	0.191	1	chr1-169794052-169795968	5
0.397501836782578	0.548067683457283	0.278	0.191	1	chr8-11769066-11770914	5
0.397501836782578	0.678516574855418	0.278	0.191	1	chr10-69374730-69376487	5
0.397501836782578	0.612484022127225	0.278	0.191	1	chr10-132536114-132542823	5
0.397501836782578	0.614665872314005	0.278	0.191	1	chr11-74068459-74071753	5
0.397501836782578	0.634000485879517	0.278	0.191	1	chr16-30091412-30092832	5
0.397694498593925	0.499779871922629	0.333	0.255	1	chr1-235127018-235130492	5
0.397694498593925	0.585373587092115	0.333	0.255	1	chr11-94492772-94494696	5
0.397694498593925	0.550682190288925	0.333	0.255	1	chr15-31325407-31329471	5
0.398374645845204	0.781876071438309	0.167	0.085	1	chr1-10673385-10678311	5
0.398374645845204	0.882608104840563	0.167	0.085	1	chr1-112673303-112675900	5
0.398374645845204	0.843447385038321	0.167	0.085	1	chr1-155974356-155980081	5
0.398374645845204	0.865829429312189	0.167	0.085	1	chr1-167056853-167057848	5
0.398374645845204	0.693220122418599	0.167	0.085	1	chr1-184929622-184931020	5
0.398374645845204	0.906833238207769	0.167	0.085	1	chr2-236166988-236168910	5
0.398374645845204	0.883918116247286	0.167	0.085	1	chr5-17951124-17952662	5
0.398374645845204	0.928931881794896	0.167	0.085	1	chr5-59316707-59318555	5
0.398374645845204	0.825243969865776	0.167	0.085	1	chr6-42448984-42453608	5
0.398374645845204	0.855593010389724	0.167	0.085	1	chr7-51224919-51226633	5
0.398374645845204	0.941097434821136	0.167	0.085	1	chr10-7560980-7562053	5
0.398374645845204	0.688547228034173	0.167	0.085	1	chr10-11874259-11876652	5
0.398374645845204	0.789289021138489	0.167	0.085	1	chr10-125726603-125728029	5
0.398374645845204	0.857897345741581	0.167	0.085	1	chr11-125164157-125165853	5
0.398374645845204	0.81578496576893	0.167	0.085	1	chr12-52207536-52208580	5
0.398374645845204	0.69712210537302	0.167	0.085	1	chr16-46976252-46977350	5
0.398374645845204	0.904784244654293	0.167	0.085	1	chr22-25235580-25236384	5
0.398640558731045	0.49097595867965	0.333	0.234	1	chr1-153962344-153964537	5
0.398640558731045	0.460022823019304	0.333	0.234	1	chr1-205629787-205633795	5
0.398640558731045	0.551043840029466	0.333	0.234	1	chr8-101203767-101207818	5
0.398640558731045	0.557149791899224	0.333	0.234	1	chr12-122097456-122099935	5
0.398640558731045	0.506009662806495	0.333	0.234	1	chr16-68351571-68352607	5
0.398965612906077	0.414194997511499	0.389	0.319	1	chr1-85579944-85583071	5
0.400004834936152	0.68326315244109	0.222	0.149	1	chr1-44423331-44424447	5
0.400004834936152	0.709746394336577	0.222	0.149	1	chr3-11641358-11644379	5
0.400004834936152	0.70628053089368	0.222	0.149	1	chr5-149149853-149153022	5
0.400004834936152	0.689752927505871	0.222	0.149	1	chr11-3000112-3001926	5
0.400004834936152	0.769092628012918	0.222	0.149	1	chr12-53937965-53940151	5
0.400004834936152	0.940690069280125	0.222	0.149	1	chr14-92607306-92609859	5
0.400004834936152	0.713346033126539	0.222	0.149	1	chr19-57389284-57390647	5
0.400004834936152	0.69868249183631	0.222	0.149	1	chr20-28602131-28603486	5
0.400004834936152	0.689804516537426	0.222	0.149	1	chr21-32494652-32495892	5
0.40126195815254	0.510420313739011	0.278	0.17	1	chr2-27320788-27324297	5
0.40126195815254	0.576519854028446	0.278	0.17	1	chr6-119077515-119079582	5
0.40126195815254	0.553539394402778	0.278	0.17	1	chr10-89373104-89375200	5
0.403116604787421	0.353130285652845	0.5	0.362	1	chr17-50864803-50868255	5
0.403802202037871	0.924779528061201	0.167	0.106	1	chr1-84892292-84893766	5
0.403802202037871	0.85466571399362	0.167	0.106	1	chr1-201792691-201793657	5
0.403802202037871	0.902037949003375	0.167	0.106	1	chr1-202056444-202057810	5
0.403802202037871	0.983729491966054	0.167	0.106	1	chr3-36907768-36908971	5
0.403802202037871	0.939574743680753	0.167	0.106	1	chr3-52444707-52445572	5
0.403802202037871	0.875370345826166	0.167	0.106	1	chr3-159786822-159788346	5
0.403802202037871	0.928056806614251	0.167	0.106	1	chr3-195133024-195134741	5
0.403802202037871	0.886221090697111	0.167	0.106	1	chr7-6384322-6386464	5
0.403802202037871	0.86465293396414	0.167	0.106	1	chr7-40985119-40987058	5
0.403802202037871	0.97083489991042	0.167	0.106	1	chr10-117413672-117414943	5
0.403802202037871	0.918558141969446	0.167	0.106	1	chr11-66466306-66468185	5
0.403802202037871	1.03382280269053	0.167	0.106	1	chr16-75096197-75100455	5
0.403802202037871	1.03997206513362	0.167	0.106	1	chr19-675110-678105	5
0.403802202037871	0.959230918276884	0.167	0.106	1	chr20-63641428-63642927	5
0.404221426966815	0.723076032215149	0.278	0.213	1	chr1-44806452-44808605	5
0.40541092468838	0.407427015872685	0.444	0.319	1	chr1-153727329-153729178	5
0.406465533379352	0.578102518457559	0.333	0.277	1	chr7-44981135-44987543	5
0.407177814034051	0.698563479348487	0.222	0.128	1	chr2-61853061-61855611	5
0.407177814034051	0.696020649623872	0.222	0.128	1	chr8-144372475-144375358	5
0.407177814034051	0.670558046509726	0.222	0.128	1	chr14-73850900-73853165	5
0.407916200020943	0.362257477350946	0.444	0.404	1	chr6-136549139-136551523	5
0.40814745659425	0.509811743139631	0.333	0.255	1	chr20-17966858-17970352	5
0.408759331328376	0.417988325002683	0.389	0.319	1	chr3-40451382-40454031	5
0.408972296439574	0.557879300820699	0.278	0.191	1	chr1-224431980-224436634	5
0.408972296439574	0.547289277096563	0.278	0.191	1	chr4-4247425-4249301	5
0.408972296439574	0.673421980975164	0.278	0.191	1	chr6-150068158-150069808	5
0.408972296439574	0.58710324884364	0.278	0.191	1	chr14-88792016-88793653	5
0.408972296439574	0.488200299709987	0.278	0.191	1	chr20-46088391-46090532	5
0.409323805363061	0.683769752663707	0.333	0.234	1	chr3-37173404-37177377	5
0.409323805363061	0.577361266143167	0.333	0.234	1	chr16-18800116-18802437	5
0.409918718639001	0.52635354079645	0.333	0.213	1	chr12-50166250-50168089	5
0.409918718639001	0.655641863738706	0.278	0.234	1	chr11-65786227-65793889	5
0.411642132109097	0.458639276434147	0.389	0.255	1	chr16-1342379-1344113	5
0.411642132109097	0.518321713838945	0.389	0.255	1	chr20-62301706-62305848	5
0.411642132109097	0.599121380840892	0.389	0.255	1	chr22-23837735-23839799	5
0.412573917284738	0.368991935230206	0.5	0.383	1	chr4-39526169-39529537	5
0.412689658999695	0.633199888551176	0.222	0.149	1	chr1-225879600-225883670	5
0.412689658999695	0.787725519318583	0.222	0.149	1	chr1-226701743-226705079	5
0.412689658999695	0.669685000897913	0.222	0.149	1	chr3-34196600-34199006	5
0.412689658999695	0.666366300450451	0.222	0.149	1	chr3-46557999-46559153	5
0.412689658999695	0.773115104077327	0.222	0.149	1	chr4-99945600-99948015	5
0.412689658999695	0.744754556919476	0.222	0.149	1	chr4-132343986-132345937	5
0.412689658999695	0.730277943542859	0.222	0.149	1	chr4-143335519-143337400	5
0.412689658999695	0.69346913747361	0.222	0.149	1	chr6-29976202-29977604	5
0.412689658999695	0.835679503600892	0.222	0.149	1	chr6-34248042-34249713	5
0.412689658999695	0.717789406472638	0.222	0.149	1	chr6-38638941-38640635	5
0.412689658999695	0.739479816308704	0.222	0.149	1	chr7-117071591-117073790	5
0.412689658999695	0.751197288374103	0.222	0.149	1	chr10-97713048-97715400	5
0.412689658999695	0.70444447222414	0.222	0.149	1	chr11-46898423-46899388	5
0.412689658999695	0.751046031987662	0.222	0.149	1	chr12-13100899-13103076	5
0.412689658999695	0.648468245339875	0.222	0.149	1	chr15-99703164-99704889	5
0.412689658999695	0.72804176409384	0.222	0.149	1	chr16-87240306-87241726	5
0.412689658999695	0.5968822201671	0.222	0.149	1	chr17-82028995-82032641	5
0.412689658999695	0.637953094451766	0.222	0.149	1	chr18-79438768-79440022	5
0.413137199015412	0.590456577049665	0.278	0.17	1	chr3-113896844-113897994	5
0.413137199015412	0.600400966402644	0.278	0.17	1	chr6-13709687-13713428	5
0.413137199015412	0.644903317157085	0.278	0.17	1	chr7-43925470-43927579	5
0.413137199015412	0.596846343643569	0.278	0.17	1	chr8-81685627-81686895	5
0.413137199015412	0.579255238752057	0.278	0.17	1	chr14-100304770-100308549	5
0.413765704615872	0.701099046783334	0.167	0.085	1	chr1-23958686-23960674	5
0.413765704615872	0.625607307629424	0.167	0.085	1	chr1-60149031-60149815	5
0.413765704615872	0.83459143671887	0.167	0.085	1	chr2-85510745-85512119	5
0.413765704615872	0.68677172538561	0.167	0.085	1	chr2-204900224-204901483	5
0.413765704615872	0.649556643725432	0.167	0.085	1	chr3-12828606-12834042	5
0.413765704615872	0.86251256312161	0.167	0.085	1	chr5-55176096-55177006	5
0.413765704615872	0.599273675019572	0.167	0.085	1	chr6-15250356-15252055	5
0.413765704615872	0.865548653191058	0.167	0.085	1	chr6-129683697-129684562	5
0.413765704615872	0.729661640730912	0.167	0.085	1	chr7-76291126-76292689	5
0.413765704615872	0.835450653998707	0.167	0.085	1	chr9-34760375-34761062	5
0.413765704615872	0.870534168796158	0.167	0.085	1	chr11-74532295-74533005	5
0.413765704615872	0.745271719907218	0.167	0.085	1	chr12-4307546-4308532	5
0.414522725241203	0.444261129750396	0.389	0.277	1	chr6-113969454-113972317	5
0.414522725241203	0.492684426758863	0.389	0.277	1	chr11-22624546-22626528	5
0.414522725241203	0.655272334130665	0.333	0.298	1	chr10-102116893-102122390	5
0.415504018394348	0.716311016964948	0.278	0.213	1	chr3-119462818-119464360	5
0.415504018394348	0.658988051309635	0.278	0.213	1	chr7-65037576-65040241	5
0.415504018394348	0.559814687800576	0.278	0.213	1	chr14-69643013-69644802	5
0.415504018394348	0.551754542540453	0.278	0.213	1	chr17-42997359-42999854	5
0.416579701103087	0.753739570140525	0.222	0.17	1	chr11-47578153-47579974	5
0.416579701103087	0.63284559816723	0.222	0.17	1	chr14-67599393-67600747	5
0.416579701103087	0.607930492842949	0.222	0.17	1	chr19-34772496-34773609	5
0.416854935273865	0.389170671335153	0.389	0.298	1	chr16-72008258-72009395	5
0.418421824470501	1.02067989232021	0.167	0.106	1	chr2-53969210-53971711	5
0.418421824470501	0.936885913065178	0.167	0.106	1	chr2-216619621-216622143	5
0.418421824470501	0.856894073414604	0.167	0.106	1	chr3-32865097-32866230	5
0.418421824470501	0.976383779834008	0.167	0.106	1	chr6-79630623-79632255	5
0.418421824470501	0.896954798574862	0.167	0.106	1	chr6-112042707-112044154	5
0.418421824470501	0.906832462200135	0.167	0.106	1	chr7-1741257-1743460	5
0.418421824470501	0.8542347727878	0.167	0.106	1	chr8-37144464-37145334	5
0.418421824470501	0.847647025639875	0.167	0.106	1	chr8-82129418-82130802	5
0.418421824470501	0.971584789712316	0.167	0.106	1	chr8-94967460-94968890	5
0.418421824470501	0.896992999960847	0.167	0.106	1	chr11-85821323-85822190	5
0.418421824470501	0.83938149268462	0.167	0.106	1	chr11-134385461-134386624	5
0.418421824470501	0.930794490865225	0.167	0.106	1	chr16-53079945-53081463	5
0.418421824470501	0.987812153358716	0.167	0.106	1	chr17-12789020-12790925	5
0.418694762660757	0.446177419098108	0.389	0.319	1	chr5-151252264-151254113	5
0.418694762660757	0.414053876873858	0.389	0.319	1	chr6-110896373-110906001	5
0.418762366692966	0.497163583797321	0.333	0.255	1	chr5-172282615-172284621	5
0.418762366692966	0.45223795657908	0.333	0.255	1	chr12-124926824-124928411	5
0.418762366692966	0.610655921790628	0.333	0.255	1	chr19-35701987-35703289	5
0.420175552077359	0.513684782292013	0.333	0.234	1	chr3-100334068-100335883	5
0.420175552077359	0.427060952564546	0.333	0.234	1	chr7-5045245-5046785	5
0.420518618959786	0.598493096597998	0.222	0.128	1	chr2-27211153-27213524	5
0.420518618959786	0.667527513292363	0.222	0.128	1	chr3-30517851-30519308	5
0.420518618959786	0.601625892430215	0.222	0.128	1	chr7-106216322-106217872	5
0.420518618959786	0.730826423148855	0.222	0.128	1	chr8-133202613-133203520	5
0.420518618959786	0.543799818129352	0.222	0.128	1	chr11-61428986-61430692	5
0.420518618959786	0.667047548854286	0.222	0.128	1	chr12-96906718-96908611	5
0.420518618959786	0.572939716223033	0.222	0.128	1	chr12-121226962-121228174	5
0.420518618959786	0.728296394353893	0.222	0.128	1	chr17-1559262-1563333	5
0.420518618959786	0.651767833691327	0.222	0.128	1	chr18-34492553-34494485	5
0.420518618959786	0.624683812176581	0.222	0.128	1	chr19-14553162-14555102	5
0.420637480119075	0.620486220474215	0.278	0.191	1	chr8-26265412-26267194	5
0.420637480119075	0.598081842381409	0.278	0.191	1	chr10-44752338-44753800	5
0.420637480119075	0.640057051396443	0.278	0.191	1	chr17-50718870-50721883	5
0.420637480119075	0.618087322099116	0.278	0.191	1	chrX-13652397-13654011	5
0.424854644066475	0.420216018622847	0.333	0.298	1	chr22-37843484-37844904	5
0.425218129254083	0.515637720357784	0.278	0.17	1	chr8-127863245-127867927	5
0.425218129254083	0.640984022252089	0.278	0.17	1	chr21-28990915-28993509	5
0.425609835729608	0.749337044573152	0.222	0.149	1	chr2-201115741-201119521	5
0.425609835729608	0.748126863964133	0.222	0.149	1	chr2-238238993-238241114	5
0.425609835729608	0.689175679954638	0.222	0.149	1	chr3-132029040-132030193	5
0.425609835729608	0.755533060685055	0.222	0.149	1	chr6-13614043-13616404	5
0.425609835729608	0.753038287460995	0.222	0.149	1	chr10-103792688-103795028	5
0.425609835729608	0.8071490197214	0.222	0.149	1	chr10-104328341-104332875	5
0.425609835729608	0.623018613754086	0.222	0.149	1	chr12-94704164-94705365	5
0.425609835729608	0.769089197667239	0.222	0.149	1	chr13-98415824-98417251	5
0.425609835729608	0.667777829966086	0.222	0.149	1	chr14-22829372-22830517	5
0.425609835729608	0.624810592403358	0.222	0.149	1	chr16-19715457-19719210	5
0.425609835729608	0.681832596280476	0.222	0.149	1	chr17-81348235-81349394	5
0.425609835729608	0.702310555362077	0.222	0.149	1	chr19-4399057-4401009	5
0.425609835729608	0.769806667961182	0.222	0.149	1	chr22-23278498-23279945	5
0.426560893790568	0.440180583303046	0.444	0.362	1	chr16-89559344-89566732	5
0.426970533677597	0.488358928882082	0.278	0.213	1	chr5-32193202-32194465	5
0.426970533677597	0.588975579154782	0.278	0.213	1	chr5-151353979-151355123	5
0.426970533677597	0.565751239733042	0.278	0.213	1	chr6-106324641-106326302	5
0.426970533677597	0.521849096666737	0.278	0.213	1	chr8-23067452-23069823	5
0.427404833659336	0.47181740530866	0.333	0.277	1	chr3-69738211-69740699	5
0.428770909526704	0.40628076068518	0.444	0.298	1	chr4-176318418-176321475	5
0.428770909526704	0.406594988790233	0.389	0.319	1	chr19-35757265-35759009	5
0.429503269328352	0.835945126949465	0.167	0.085	1	chr1-223133336-223135712	5
0.429503269328352	0.676829671481559	0.167	0.085	1	chr2-227471660-227473415	5
0.429503269328352	0.718813865198382	0.167	0.085	1	chr4-42904610-42905738	5
0.429503269328352	0.794949864195532	0.167	0.085	1	chr12-112418183-112420063	5
0.429538014483097	0.507803897379526	0.333	0.255	1	chr6-127265879-127268830	5
0.429538014483097	0.556679745662764	0.333	0.255	1	chr12-64608074-64612239	5
0.429538014483097	0.490750232388738	0.333	0.255	1	chr12-120234407-120236342	5
0.430927191342113	0.483222401312386	0.389	0.362	1	chr4-39181597-39183740	5
0.431123373943108	0.276896483676374	0.5	0.404	1	chr1-241518364-241520546	5
0.431194491704238	0.453732945057913	0.333	0.234	1	chr18-36186503-36189262	5
0.432302034168513	0.636782945279665	0.278	0.234	1	chr1-9161254-9165945	5
0.432495763613798	0.570178593784344	0.278	0.191	1	chr6-31399211-31401807	5
0.432495763613798	0.583954320773375	0.278	0.191	1	chr9-34124856-34127441	5
0.432495763613798	0.619459117391746	0.278	0.191	1	chr10-33332136-33337636	5
0.433348486251549	0.847561073626378	0.167	0.106	1	chr1-36396980-36398582	5
0.433348486251549	0.904535324993946	0.167	0.106	1	chr1-38138250-38140503	5
0.433348486251549	1.17327136991403	0.167	0.106	1	chr2-104754701-104756414	5
0.433348486251549	0.911309208123235	0.167	0.106	1	chr2-157182433-157184093	5
0.433348486251549	0.842714793749333	0.167	0.106	1	chr2-236986169-236987121	5
0.433348486251549	0.866403610968495	0.167	0.106	1	chr3-128878221-128880664	5
0.433348486251549	0.946845134222346	0.167	0.106	1	chr3-174936313-174939288	5
0.433348486251549	0.890713675235824	0.167	0.106	1	chr3-183958002-183959255	5
0.433348486251549	0.794582528279219	0.167	0.106	1	chr6-157985298-157986660	5
0.433348486251549	0.821105542312245	0.167	0.106	1	chr7-36965645-36967768	5
0.433348486251549	0.981327620692563	0.167	0.106	1	chr8-101126019-101127479	5
0.433348486251549	0.909875242091676	0.167	0.106	1	chr8-129751845-129754071	5
0.433348486251549	0.88525728303976	0.167	0.106	1	chr8-143771054-143772255	5
0.433348486251549	0.836833000806388	0.167	0.106	1	chr9-79667813-79668762	5
0.433348486251549	0.810392888311194	0.167	0.106	1	chr9-136857685-136861332	5
0.433348486251549	0.820238516430066	0.167	0.106	1	chr10-44980725-44982023	5
0.433348486251549	0.806599821217117	0.167	0.106	1	chr11-11605486-11606896	5
0.433348486251549	0.765371564966264	0.167	0.106	1	chr11-126354514-126356923	5
0.433348486251549	1.01592551525258	0.167	0.106	1	chr12-12432068-12434569	5
0.433348486251549	0.842198265079756	0.167	0.106	1	chr12-54134736-54137320	5
0.433348486251549	0.811262370802002	0.167	0.106	1	chr12-107903085-107904330	5
0.433348486251549	0.783929908152084	0.167	0.106	1	chr12-110449348-110450870	5
0.433348486251549	0.838310298964145	0.167	0.106	1	chr13-33817653-33819138	5
0.433348486251549	0.982032453998122	0.167	0.106	1	chr13-112689257-112692292	5
0.433348486251549	1.07167676895482	0.167	0.106	1	chr16-28821964-28825198	5
0.433348486251549	0.838095701862737	0.167	0.106	1	chr16-50602366-50603644	5
0.433348486251549	0.813241476640266	0.167	0.106	1	chr16-67672156-67675171	5
0.433348486251549	0.933005463629851	0.167	0.106	1	chr16-69325821-69327418	5
0.433348486251549	0.876482110819987	0.167	0.106	1	chr17-17253286-17254243	5
0.433348486251549	0.86376754685202	0.167	0.106	1	chr17-65633647-65635253	5
0.433348486251549	0.90160147001189	0.167	0.106	1	chrX-154799098-154801363	5
0.434112696412062	0.714277361323826	0.222	0.128	1	chr12-12313720-12314626	5
0.434112696412062	0.725323134188073	0.222	0.128	1	chr15-43132810-43134681	5
0.434112696412062	0.611835782784452	0.222	0.128	1	chr15-92899784-92901697	5
0.435335483943844	0.431290252071766	0.389	0.277	1	chr19-56118599-56122180	5
0.436361706770306	0.288647141559142	0.444	0.362	1	chr11-77819028-77822044	5
0.437502901137256	0.545255027585303	0.278	0.17	1	chr7-92244744-92247338	5
0.438619375933385	0.703268468015594	0.278	0.213	1	chr5-172688184-172690120	5
0.438619375933385	0.526696739413549	0.278	0.213	1	chr8-93739327-93741633	5
0.438619375933385	0.618420142634786	0.278	0.213	1	chr17-22310533-22311715	5
0.438619375933385	0.605190390021361	0.278	0.213	1	chr19-23686205-23687555	5
0.438763105290893	0.68198654754742	0.222	0.149	1	chr1-226944283-226947333	5
0.438763105290893	0.565793918373309	0.222	0.149	1	chr5-56950467-56952949	5
0.438763105290893	0.634378501615395	0.222	0.149	1	chr5-150350380-150351193	5
0.438763105290893	0.722082223308055	0.222	0.149	1	chr6-35687325-35689525	5
0.438763105290893	0.856668533622742	0.222	0.149	1	chr6-63635066-63637238	5
0.438763105290893	0.662754183469693	0.222	0.149	1	chr6-130018085-130021539	5
0.438763105290893	0.720920415835947	0.222	0.149	1	chr12-57086836-57089566	5
0.438763105290893	0.665899461816937	0.222	0.149	1	chr12-103964756-103967043	5
0.438763105290893	0.606860558385191	0.222	0.149	1	chr20-45345398-45348788	5
0.438763105290893	0.597554255516208	0.222	0.149	1	chr21-29024205-29025923	5
0.438763105290893	0.647949496468358	0.222	0.149	1	chrX-72068277-72069889	5
0.438763105290893	0.75999454507018	0.222	0.149	1	chrX-154761702-154764303	5
0.4404730552779	0.489474110182942	0.333	0.255	1	chr3-132316702-132319117	5
0.4404730552779	0.340240151225077	0.333	0.255	1	chr7-151226430-151228690	5
0.440903591191313	0.359117189760551	0.444	0.34	1	chr10-43405876-43410235	5
0.442379175733068	0.439448608805846	0.333	0.234	1	chr1-234372807-234374412	5
0.444545334012974	0.470596602273503	0.278	0.191	1	chr2-190466995-190470684	5
0.444545334012974	0.635511882422781	0.278	0.191	1	chr3-184710702-184712812	5
0.444545334012974	0.537608176929295	0.278	0.191	1	chr16-19520729-19522740	5
0.444545334012974	0.610192545342584	0.278	0.191	1	chr20-1465788-1467452	5
0.445583203268571	0.71428296846399	0.167	0.085	1	chr4-6916430-6918831	5
0.445583203268571	0.679206648396666	0.167	0.085	1	chr6-33570668-33571824	5
0.445583203268571	0.80486869564522	0.167	0.085	1	chr8-100471677-100472837	5
0.447172973427484	0.284408274265959	0.5	0.468	1	chr16-77190062-77192003	5
0.447888237009841	0.413932174850571	0.389	0.298	1	chr2-190880014-190882676	5
0.447957305608938	0.508623644249177	0.222	0.128	1	chr2-203533955-203536244	5
0.447957305608938	0.673496581084674	0.222	0.128	1	chr3-58387624-58389169	5
0.447957305608938	0.602788465046411	0.222	0.128	1	chr4-118745719-118747242	5
0.447957305608938	0.645133404581161	0.222	0.128	1	chr8-100680531-100682164	5
0.448578583323804	0.802322278874661	0.167	0.106	1	chr1-16620603-16621653	5
0.448578583323804	0.746334644028358	0.167	0.106	1	chr1-32500045-32502470	5
0.448578583323804	0.901353123626164	0.167	0.106	1	chr1-81678332-81679686	5
0.448578583323804	0.739645804113541	0.167	0.106	1	chr1-168803174-168804619	5
0.448578583323804	0.707970307766446	0.167	0.106	1	chr1-203025776-203028008	5
0.448578583323804	0.856360199252771	0.167	0.106	1	chr2-25491603-25492835	5
0.448578583323804	0.977097078988908	0.167	0.106	1	chr2-96786786-96789505	5
0.448578583323804	0.773186554601509	0.167	0.106	1	chr2-165056436-165057046	5
0.448578583323804	0.976745607014553	0.167	0.106	1	chr3-12629279-12630662	5
0.448578583323804	0.855488710838406	0.167	0.106	1	chr3-44870098-44871593	5
0.448578583323804	0.833481843991723	0.167	0.106	1	chr4-74478627-74480955	5
0.448578583323804	0.8415373566612	0.167	0.106	1	chr4-142095742-142096583	5
0.448578583323804	0.83016738359262	0.167	0.106	1	chr4-147831040-147832268	5
0.448578583323804	0.864499930553635	0.167	0.106	1	chr5-13956593-13957540	5
0.448578583323804	0.698399797477347	0.167	0.106	1	chr5-149471321-149472476	5
0.448578583323804	0.920138773012151	0.167	0.106	1	chr5-160315683-160316589	5
0.448578583323804	0.812990181991722	0.167	0.106	1	chr5-178152722-178154566	5
0.448578583323804	0.908465327362421	0.167	0.106	1	chr6-71393207-71394627	5
0.448578583323804	0.830766255290338	0.167	0.106	1	chr6-149894906-149896314	5
0.448578583323804	0.749255678815744	0.167	0.106	1	chr6-163490596-163492292	5
0.448578583323804	0.871209808777502	0.167	0.106	1	chr6-169933212-169935791	5
0.448578583323804	0.782498038547649	0.167	0.106	1	chr7-101940736-101942635	5
0.448578583323804	0.724905690724062	0.167	0.106	1	chr7-103432558-103433321	5
0.448578583323804	0.813585791459822	0.167	0.106	1	chr7-157355477-157356746	5
0.448578583323804	0.798589188382067	0.167	0.106	1	chr8-2074853-2075766	5
0.448578583323804	0.942655803798037	0.167	0.106	1	chr8-109575344-109577708	5
0.448578583323804	0.850453828962102	0.167	0.106	1	chr9-114610727-114613561	5
0.448578583323804	0.797448519328364	0.167	0.106	1	chr10-35306653-35307779	5
0.448578583323804	0.716005115925251	0.167	0.106	1	chr10-60282577-60283652	5
0.448578583323804	0.905133597197104	0.167	0.106	1	chr10-88989496-88992208	5
0.448578583323804	0.909162269133427	0.167	0.106	1	chr10-103350155-103351709	5
0.448578583323804	0.884718572478114	0.167	0.106	1	chr10-125895280-125897153	5
0.448578583323804	0.760790003465946	0.167	0.106	1	chr11-28983527-28984468	5
0.448578583323804	0.875020157752604	0.167	0.106	1	chr12-47995677-47997969	5
0.448578583323804	0.782204817727947	0.167	0.106	1	chr14-73764477-73765759	5
0.448578583323804	0.802713902560612	0.167	0.106	1	chr14-91317068-91318169	5
0.448578583323804	1.14036022500444	0.167	0.106	1	chr14-103126595-103129776	5
0.448578583323804	0.684707779555408	0.167	0.106	1	chr15-62440220-62441418	5
0.448578583323804	0.773894884746755	0.167	0.106	1	chr16-19283776-19284826	5
0.448578583323804	0.803000814045253	0.167	0.106	1	chr16-21597722-21600924	5
0.448578583323804	0.944497725793309	0.167	0.106	1	chr17-1484319-1486463	5
0.448578583323804	0.689542129035287	0.167	0.106	1	chr19-46859670-46862627	5
0.448578583323804	0.797143209640543	0.167	0.106	1	chr19-48899775-48901474	5
0.448578583323804	0.820111304536466	0.167	0.106	1	chr20-32226404-32228536	5
0.448578583323804	0.803135335308259	0.167	0.106	1	chr22-41618840-41622266	5
0.448959318048101	0.482480517446177	0.333	0.277	1	chr14-102507919-102511283	5
0.448959318048101	0.497823091743351	0.333	0.277	1	chr17-43169559-43172414	5
0.449340860793209	0.41469992468562	0.389	0.319	1	chr16-47141580-47144913	5
0.450448777954964	0.614560796801614	0.278	0.213	1	chr1-112394156-112397176	5
0.450448777954964	0.534210287285235	0.278	0.213	1	chr1-155044343-155045685	5
0.450448777954964	0.527937571188904	0.278	0.213	1	chr10-56360631-56362411	5
0.450448777954964	0.518023302453473	0.278	0.213	1	chr22-36238062-36240116	5
0.451566013564971	0.460118295025838	0.333	0.255	1	chr8-12753074-12758075	5
0.452146930218065	0.744746392584776	0.222	0.149	1	chr1-98660859-98663374	5
0.452146930218065	0.626819108642627	0.222	0.149	1	chr3-154223693-154229688	5
0.452146930218065	0.769460388180292	0.222	0.149	1	chr5-32144078-32146433	5
0.452146930218065	0.708734587773826	0.222	0.149	1	chr6-33758574-33760722	5
0.452146930218065	0.617003703211763	0.222	0.149	1	chr6-139134680-139136625	5
0.452146930218065	0.657032719838528	0.222	0.149	1	chr7-55515358-55516880	5
0.452146930218065	0.717154070025932	0.222	0.149	1	chr9-121121195-121122676	5
0.452146930218065	0.678775348577953	0.222	0.149	1	chr9-133374792-133376877	5
0.452146930218065	0.637171383604211	0.222	0.149	1	chr14-45112631-45114097	5
0.452146930218065	0.693596897202177	0.222	0.149	1	chr16-3234524-3236246	5
0.452146930218065	0.617727701314653	0.222	0.149	1	chr22-12601455-12603496	5
0.452146930218065	0.634705973012846	0.222	0.149	1	chr22-46012913-46014524	5
0.452146930218065	0.729315260455991	0.222	0.149	1	chr22-46374700-46375854	5
0.453728013735517	0.49226810357466	0.333	0.234	1	chr6-145962974-145965246	5
0.453728013735517	0.434374859701834	0.333	0.234	1	chr7-139107690-139110155	5
0.45483430799231	0.720565502740188	0.222	0.17	1	chr1-99644547-99646728	5
0.45483430799231	0.720813770389727	0.222	0.17	1	chr3-37241955-37245437	5
0.45483430799231	0.619903360946405	0.222	0.17	1	chr3-184313900-184318218	5
0.45483430799231	0.70633003825568	0.222	0.17	1	chr6-7144918-7147445	5
0.455377337619509	0.646837262569802	0.278	0.234	1	chr12-115871206-115873911	5
0.456784188897278	0.504084640128279	0.278	0.191	1	chr2-27376282-27381856	5
0.456784188897278	0.559600611081347	0.278	0.191	1	chr6-150865086-150866936	5
0.456784188897278	0.56543389849068	0.278	0.191	1	chr11-95106887-95108640	5
0.456784188897278	0.468871016032313	0.278	0.191	1	chr12-103954353-103958026	5
0.456784188897278	0.526407318549996	0.278	0.191	1	chr15-101651509-101653719	5
0.459832169808676	0.262956903959426	0.444	0.298	1	chr5-109688323-109691636	5
0.459963753686407	0.51899492856456	0.333	0.277	1	chr2-208252889-208257912	5
0.460729367089536	0.354570835260065	0.389	0.34	1	chr1-58544974-58548596	5
0.460729367089536	0.452675577567414	0.389	0.34	1	chr1-179025146-179027282	5
0.460729367089536	0.311854078504939	0.389	0.34	1	chr4-472925-474761	5
0.460729367089536	0.395963843031127	0.389	0.34	1	chr5-141875604-141879799	5
0.460729367089536	0.402970376702395	0.389	0.34	1	chr7-30025727-30030306	5
0.461248404965377	0.299123770232133	0.444	0.34	1	chr19-5902748-5905549	5
0.462049379672867	0.541224309733642	0.222	0.128	1	chr16-963382-965604	5
0.462456801644918	0.586391594323277	0.278	0.213	1	chr4-67699983-67701962	5
0.462456801644918	0.493049337551549	0.278	0.213	1	chr5-6711666-6715112	5
0.462456801644918	0.538789130036212	0.278	0.213	1	chr7-135147168-135149128	5
0.462675517306056	0.425639406155418	0.278	0.17	1	chr4-67034983-67036360	5
0.462675517306056	0.531084508525571	0.278	0.17	1	chr10-612509-615108	5
0.462815282634376	0.479602810836762	0.333	0.255	1	chr6-3375574-3384189	5
0.462815282634376	0.414126900894302	0.333	0.255	1	chr20-24034360-24035396	5
0.464108034002654	0.834929989554088	0.167	0.106	1	chr1-2250345-2252501	5
0.464108034002654	0.798625573386965	0.167	0.106	1	chr1-18998170-18999830	5
0.464108034002654	0.787197775036889	0.167	0.106	1	chr1-52926812-52928467	5
0.464108034002654	0.79039375371562	0.167	0.106	1	chr1-56818463-56819972	5
0.464108034002654	0.722810583370642	0.167	0.106	1	chr2-20650165-20652049	5
0.464108034002654	0.890237660681671	0.167	0.106	1	chr2-101119210-101121525	5
0.464108034002654	0.724951660134295	0.167	0.106	1	chr3-50183684-50185230	5
0.464108034002654	0.753000684190752	0.167	0.106	1	chr3-140829544-140832007	5
0.464108034002654	0.855521611085956	0.167	0.106	1	chr3-184318842-184320665	5
0.464108034002654	0.816215811109695	0.167	0.106	1	chr3-187742065-187746157	5
0.464108034002654	0.816329875663926	0.167	0.106	1	chr4-25551566-25553512	5
0.464108034002654	0.762376801074983	0.167	0.106	1	chr4-139665254-139668548	5
0.464108034002654	1.01858677964044	0.167	0.106	1	chr5-113294219-113295627	5
0.464108034002654	0.789080047654274	0.167	0.106	1	chr5-118791567-118792502	5
0.464108034002654	0.84699352036828	0.167	0.106	1	chr5-179549731-179551722	5
0.464108034002654	0.795020678804197	0.167	0.106	1	chr6-35601132-35603613	5
0.464108034002654	0.733127573263611	0.167	0.106	1	chr6-130995181-130996711	5
0.464108034002654	0.790835065733232	0.167	0.106	1	chr7-56073911-56075125	5
0.464108034002654	0.741736631800474	0.167	0.106	1	chr7-155709868-155710967	5
0.464108034002654	0.880083590434394	0.167	0.106	1	chr8-28092481-28094654	5
0.464108034002654	0.743669187843192	0.167	0.106	1	chr9-17578512-17579738	5
0.464108034002654	0.712826359300298	0.167	0.106	1	chr10-29629200-29631218	5
0.464108034002654	0.758484276855101	0.167	0.106	1	chr10-101830214-101831305	5
0.464108034002654	0.847229996735853	0.167	0.106	1	chr10-124063434-124064582	5
0.464108034002654	0.861933282202492	0.167	0.106	1	chr11-58523901-58525682	5
0.464108034002654	0.84836264175877	0.167	0.106	1	chr11-84437055-84438272	5
0.464108034002654	0.9308824458822	0.167	0.106	1	chr11-95074517-95077198	5
0.464108034002654	0.778534709460167	0.167	0.106	1	chr11-126543638-126545586	5
0.464108034002654	0.818520787892783	0.167	0.106	1	chr12-120256815-120257962	5
0.464108034002654	0.866715989238654	0.167	0.106	1	chr15-31387521-31388379	5
0.464108034002654	0.75869386103714	0.167	0.106	1	chr16-30334340-30336046	5
0.464108034002654	0.768382105964069	0.167	0.106	1	chr16-58119126-58122390	5
0.464108034002654	0.772738774360562	0.167	0.106	1	chr16-67240501-67242026	5
0.464108034002654	0.724531723611346	0.167	0.106	1	chr16-70737090-70738984	5
0.464108034002654	0.770494174497567	0.167	0.106	1	chr16-75115907-75117297	5
0.464108034002654	0.731644349499704	0.167	0.106	1	chr18-24013962-24015813	5
0.464108034002654	0.777436655095103	0.167	0.106	1	chr18-74468176-74469203	5
0.464108034002654	0.704520706293894	0.167	0.106	1	chr19-12774458-12776153	5
0.464108034002654	0.780505812098598	0.167	0.106	1	chr19-45369985-45371213	5
0.464108034002654	0.746246267846698	0.167	0.106	1	chr21-36245592-36246959	5
0.464108034002654	0.80795872867216	0.167	0.106	1	chr21-40841437-40842431	5
0.464674790256693	0.316792944584861	0.556	0.468	1	chr4-18020103-18023147	5
0.465239272985803	0.508631310343093	0.333	0.234	1	chr12-25385379-25387935	5
0.465239272985803	0.452110263718744	0.333	0.234	1	chr17-38798559-38800557	5
0.465758494345184	0.66278496698889	0.222	0.149	1	chr1-145823452-145825103	5
0.465758494345184	0.618676215080699	0.222	0.149	1	chr1-156122387-156124373	5
0.465758494345184	0.688745067722666	0.222	0.149	1	chr1-214215611-214217641	5
0.465758494345184	0.644436782292117	0.222	0.149	1	chr2-38383632-38384988	5
0.465758494345184	0.646077246633833	0.222	0.149	1	chr2-191020043-191021515	5
0.465758494345184	0.572155295616581	0.222	0.149	1	chr3-56466813-56469002	5
0.465758494345184	0.593638063291038	0.222	0.149	1	chr3-57014299-57015763	5
0.465758494345184	0.623551107850325	0.222	0.149	1	chr3-157136066-157138098	5
0.465758494345184	0.529062479867253	0.222	0.149	1	chr5-74765914-74768344	5
0.465758494345184	0.555980551815245	0.222	0.149	1	chr6-27187636-27189314	5
0.465758494345184	0.61997487491626	0.222	0.149	1	chr6-71287119-71289911	5
0.465758494345184	0.62816888767755	0.222	0.149	1	chr6-89078982-89084044	5
0.465758494345184	0.571397185778063	0.222	0.149	1	chr7-100874024-100875976	5
0.465758494345184	0.571369749410623	0.222	0.149	1	chr8-58410790-58412814	5
0.465758494345184	0.554065422233722	0.222	0.149	1	chr8-95745724-95747138	5
0.465758494345184	0.595881464527265	0.222	0.149	1	chr11-59559839-59561620	5
0.465758494345184	0.581042316391319	0.222	0.149	1	chr12-64679410-64680907	5
0.465758494345184	0.623102543410581	0.222	0.149	1	chr14-32397323-32399016	5
0.465758494345184	0.649934086014805	0.222	0.149	1	chr14-101963963-101966178	5
0.465758494345184	0.609013334775876	0.222	0.149	1	chr16-68777916-68780461	5
0.465758494345184	0.645808622004497	0.222	0.149	1	chr17-73359521-73360888	5
0.465758494345184	0.698151509436982	0.222	0.149	1	chr19-46849113-46851337	5
0.465758494345184	0.61620488096633	0.222	0.149	1	chr19-56367690-56369094	5
0.465758494345184	0.552415911295951	0.222	0.149	1	chr21-33914870-33916373	5
0.465959400647174	0.411440704030044	0.444	0.319	1	chr12-49108611-49111484	5
0.468012485768449	0.54833997726565	0.222	0.17	1	chr6-46651773-46653779	5
0.468012485768449	0.733811029885352	0.222	0.17	1	chr6-52724031-52726968	5
0.468012485768449	0.699335994632384	0.222	0.17	1	chr17-28854250-28855483	5
0.469210135838279	0.560318683652466	0.278	0.191	1	chr3-183984449-183987786	5
0.469210135838279	0.46489011387109	0.278	0.191	1	chr12-10720990-10724515	5
0.469286283927507	0.395991060585843	0.389	0.298	1	chr5-36743918-36746245	5
0.470459203146872	0.409202313982691	0.444	0.298	1	chr6-139369491-139377258	5
0.470459203146872	0.261743097429227	0.389	0.319	1	chr10-26857828-26861697	5
0.470459203146872	0.488472188222187	0.389	0.319	1	chr10-62815963-62818464	5
0.471117541069983	0.381394829136994	0.333	0.277	1	chr1-202340722-202342790	5
0.47161429799665	0.330657259875246	0.444	0.34	1	chr9-127396140-127398452	5
0.471669029841613	0.27340832114694	0.389	0.383	1	chr8-22382935-22384436	5
0.474219124383972	0.406848858253612	0.333	0.255	1	chr11-65114420-65120484	5
0.474219124383972	0.442341245436652	0.333	0.255	1	chr11-133955847-133958505	5
0.474219124383972	0.542366298945729	0.333	0.255	1	chr19-41261991-41266317	5
0.47433302391881	0.273204220224079	0.5	0.489	1	chr1-36382994-36387481	5
0.47433302391881	0.25088728272989	0.5	0.489	1	chr1-243253112-243257141	5
0.47464133771088	0.455482269404898	0.278	0.213	1	chr3-49539377-49540740	5
0.47464133771088	0.570862683278669	0.278	0.213	1	chr5-148903977-148906102	5
0.47464133771088	0.524398881174948	0.278	0.213	1	chr10-112182825-112184369	5
0.47464133771088	0.494011656322858	0.278	0.213	1	chr17-57356723-57358595	5
0.47464133771088	0.451650355087564	0.278	0.213	1	chr22-20079323-20081938	5
0.475558602521249	0.536920356393103	0.278	0.17	1	chr8-96234520-96236273	5
0.475558602521249	0.56660684492039	0.278	0.17	1	chr17-51258948-51261811	5
0.476838436084298	0.366167332702599	0.444	0.362	1	chr19-49451190-49454255	5
0.476911078281581	0.443525550518588	0.333	0.234	1	chr5-113487362-113489364	5
0.477242278665426	0.358040405880664	0.556	0.489	1	chr19-38847995-38853235	5
0.478720908139821	0.497243261251391	0.333	0.298	1	chr16-81004364-81008665	5
0.47959470228332	0.460115300996396	0.222	0.149	1	chr1-27671789-27672968	5
0.47959470228332	0.706180948303267	0.222	0.149	1	chr1-225841774-225851818	5
0.47959470228332	0.687190059166601	0.222	0.149	1	chr2-218281487-218287668	5
0.47959470228332	0.551032427430548	0.222	0.149	1	chr3-54891151-54892253	5
0.47959470228332	0.62620136930271	0.222	0.149	1	chr3-72660625-72661776	5
0.47959470228332	0.687525571627494	0.222	0.149	1	chr3-190862275-190863452	5
0.47959470228332	0.65825817528089	0.222	0.149	1	chr4-121695637-121697730	5
0.47959470228332	0.592111751829625	0.222	0.149	1	chr5-33549622-33550781	5
0.47959470228332	0.643054870262461	0.222	0.149	1	chr5-159188856-159190240	5
0.47959470228332	0.625840775671231	0.222	0.149	1	chr6-30259040-30260339	5
0.47959470228332	0.55426619493322	0.222	0.149	1	chr6-131807224-131808749	5
0.47959470228332	0.546106712920405	0.222	0.149	1	chr7-4681534-4684663	5
0.47959470228332	0.604489093651467	0.222	0.149	1	chr7-30770811-30772748	5
0.47959470228332	0.582693554742503	0.222	0.149	1	chr8-144077298-144080346	5
0.47959470228332	0.558792854613408	0.222	0.149	1	chr10-5411961-5413717	5
0.47959470228332	0.559316896592425	0.222	0.149	1	chr12-96489184-96490163	5
0.47959470228332	0.605153779231276	0.222	0.149	1	chr14-75831158-75833364	5
0.47959470228332	0.622524195624365	0.222	0.149	1	chr16-89300202-89302542	5
0.47959470228332	0.574294227438592	0.222	0.149	1	chr19-3358842-3361062	5
0.47959470228332	0.532496772281732	0.222	0.149	1	chr20-9442082-9443696	5
0.47959470228332	0.615812483042351	0.222	0.149	1	chr20-34823965-34826383	5
0.47959470228332	0.680934397428621	0.222	0.149	1	chrX-155215607-155217433	5
0.479932277585919	0.714078061273938	0.167	0.106	1	chr1-1678209-1679516	5
0.479932277585919	0.681190807729338	0.167	0.106	1	chr1-52140859-52143235	5
0.479932277585919	0.800760407925508	0.167	0.106	1	chr1-119686231-119689132	5
0.479932277585919	0.691677907756794	0.167	0.106	1	chr1-168750762-168753057	5
0.479932277585919	0.842871312606088	0.167	0.106	1	chr2-215206333-215208253	5
0.479932277585919	0.659815576255032	0.167	0.106	1	chr3-5057532-5058413	5
0.479932277585919	0.732294970467273	0.167	0.106	1	chr3-44109472-44111171	5
0.479932277585919	0.729241821695051	0.167	0.106	1	chr3-49587357-49588505	5
0.479932277585919	0.732341364455816	0.167	0.106	1	chr3-138186173-138188902	5
0.479932277585919	0.765832977018191	0.167	0.106	1	chr3-150268419-150269471	5
0.479932277585919	0.69588894385605	0.167	0.106	1	chr4-88104530-88105583	5
0.479932277585919	0.69801057714784	0.167	0.106	1	chr4-185566700-185568971	5
0.479932277585919	0.745575793442852	0.167	0.106	1	chr5-38636527-38637297	5
0.479932277585919	0.64164039494266	0.167	0.106	1	chr5-134647617-134649958	5
0.479932277585919	0.77533424939957	0.167	0.106	1	chr5-149784924-149785981	5
0.479932277585919	0.717723779516315	0.167	0.106	1	chr6-46982631-46984162	5
0.479932277585919	0.703456361927772	0.167	0.106	1	chr6-122620386-122622055	5
0.479932277585919	0.674516736647591	0.167	0.106	1	chr6-138571254-138573240	5
0.479932277585919	0.717137197618861	0.167	0.106	1	chr6-149544450-149546833	5
0.479932277585919	0.715730897348171	0.167	0.106	1	chr7-12941407-12944205	5
0.479932277585919	0.76040971632873	0.167	0.106	1	chr7-76310019-76311212	5
0.479932277585919	0.676844238365307	0.167	0.106	1	chr7-143434320-143435516	5
0.479932277585919	0.752767772576414	0.167	0.106	1	chr8-25660017-25660962	5
0.479932277585919	0.813167469854084	0.167	0.106	1	chr8-143716827-143720364	5
0.479932277585919	0.786045005423838	0.167	0.106	1	chr9-107067379-107069148	5
0.479932277585919	0.782606176047078	0.167	0.106	1	chr9-109440460-109441682	5
0.479932277585919	0.791262085789306	0.167	0.106	1	chr9-136398981-136400782	5
0.479932277585919	0.678457808616734	0.167	0.106	1	chr10-34768370-34769303	5
0.479932277585919	0.728352604868702	0.167	0.106	1	chr10-43689435-43690713	5
0.479932277585919	0.739437080365495	0.167	0.106	1	chr10-47552648-47553845	5
0.479932277585919	0.701917615078559	0.167	0.106	1	chr10-51230870-51232596	5
0.479932277585919	0.745768174125786	0.167	0.106	1	chr10-70851492-70854344	5
0.479932277585919	0.751533093073561	0.167	0.106	1	chr11-49193382-49197153	5
0.479932277585919	0.788746305527083	0.167	0.106	1	chr11-62053880-62055147	5
0.479932277585919	0.677249918712815	0.167	0.106	1	chr11-70712166-70713145	5
0.479932277585919	0.746260726527352	0.167	0.106	1	chr11-75525428-75526554	5
0.479932277585919	0.732666589583741	0.167	0.106	1	chr11-94746283-94747706	5
0.479932277585919	0.771840358312514	0.167	0.106	1	chr11-122580050-122581620	5
0.479932277585919	0.693044562890909	0.167	0.106	1	chr12-6450782-6453085	5
0.479932277585919	0.737176125185187	0.167	0.106	1	chr12-47963060-47964761	5
0.479932277585919	0.703558216256627	0.167	0.106	1	chr12-52115901-52117208	5
0.479932277585919	0.69529339643251	0.167	0.106	1	chr12-52213252-52214122	5
0.479932277585919	0.757658459447892	0.167	0.106	1	chr12-101279384-101281125	5
0.479932277585919	0.706806390181237	0.167	0.106	1	chr14-93016539-93020179	5
0.479932277585919	0.619338848760963	0.167	0.106	1	chr14-103846460-103848521	5
0.479932277585919	0.708408734590085	0.167	0.106	1	chr16-27363702-27365258	5
0.479932277585919	0.73279572275187	0.167	0.106	1	chr16-72983494-72984638	5
0.479932277585919	0.658673577314954	0.167	0.106	1	chr17-45292803-45295183	5
0.479932277585919	0.836377532486295	0.167	0.106	1	chr17-58218412-58220339	5
0.479932277585919	0.782913826216903	0.167	0.106	1	chr18-3117293-3118481	5
0.479932277585919	0.743950575383391	0.167	0.106	1	chr19-3374329-3375843	5
0.479932277585919	0.761719347070962	0.167	0.106	1	chr19-19404931-19407566	5
0.479932277585919	0.754835840903047	0.167	0.106	1	chr19-35213494-35214729	5
0.479932277585919	0.792183600953988	0.167	0.106	1	chr19-54231383-54232282	5
0.479932277585919	0.722013306907348	0.167	0.106	1	chr20-49982023-49983466	5
0.479932277585919	0.690905690954555	0.167	0.106	1	chr22-44701659-44703212	5
0.479932277585919	0.75754588513517	0.167	0.106	1	chrX-49185485-49186874	5
0.481021629435374	0.306343222671916	0.5	0.383	1	chr10-27239644-27244272	5
0.481220461481112	0.323428058932609	0.389	0.319	1	chr7-142884961-142887384	5
0.481220461481112	0.371641220489627	0.389	0.319	1	chr12-106773573-106775375	5
0.481399470971179	0.737134251698477	0.222	0.17	1	chr1-148333547-148335654	5
0.481399470971179	0.562275887342007	0.222	0.17	1	chr17-78265293-78267115	5
0.481820792208319	0.58358725536458	0.278	0.191	1	chr10-63132683-63134753	5
0.481820792208319	0.400698985459823	0.278	0.191	1	chr11-45846815-45849184	5
0.481820792208319	0.482534140714917	0.278	0.191	1	chr16-48622892-48624107	5
0.481820792208319	0.525095219771694	0.278	0.191	1	chr22-19429461-19433545	5
0.481845607788371	0.368548619877698	0.389	0.34	1	chr5-149729767-149732110	5
0.48209650782349	0.33949915752587	0.5	0.511	1	chr7-76301749-76307690	5
0.482107350192299	0.372573809659867	0.444	0.34	1	chr12-116736016-116738851	5
0.482418944823752	0.402193183802486	0.333	0.277	1	chr19-12293516-12295427	5
0.48577566930481	0.516312845696096	0.333	0.255	1	chr11-66615813-66617653	5
0.485933081192595	0.374739796631457	0.611	0.426	1	chr1-173473816-173480437	5
0.487000105628678	0.402739280485649	0.278	0.213	1	chr12-89524133-89526694	5
0.487000105628678	0.648939822453488	0.278	0.213	1	chr15-88620584-88623482	5
0.487000105628678	0.489753992631781	0.278	0.213	1	chr20-23349528-23351942	5
0.488636010764077	0.525453242553152	0.278	0.17	1	chr22-49950819-49955308	5
0.488741411968703	0.410281367289428	0.333	0.234	1	chr4-151408012-151410780	5
0.488741411968703	0.316172854971763	0.333	0.234	1	chr12-124908882-124911917	5
0.4912557041257	0.436025179060108	0.278	0.234	1	chr5-139438706-139440072	5
0.492597922265944	0.394131850318377	0.389	0.34	1	chr15-52677576-52680353	5
0.493652179456224	0.602324666798929	0.222	0.149	1	chr1-219173383-219175563	5
0.493652179456224	0.624434656315173	0.222	0.149	1	chr4-10172566-10175245	5
0.493652179456224	0.55931225910343	0.222	0.149	1	chr4-145936099-145939209	5
0.493652179456224	0.451957827989308	0.222	0.149	1	chr6-26025257-26027889	5
0.493652179456224	0.556534406796356	0.222	0.149	1	chr12-131121431-131122773	5
0.493652179456224	0.571273173819416	0.222	0.149	1	chr14-50115701-50117664	5
0.493652179456224	0.604472937510328	0.222	0.149	1	chr22-30753663-30755843	5
0.493866107701634	0.470177470652365	0.333	0.277	1	chr5-150447978-150450382	5
0.493866107701634	0.465733885314039	0.333	0.277	1	chr6-109093653-109096461	5
0.493866107701634	0.333729373749283	0.333	0.277	1	chr10-48655156-48657061	5
0.494613585306012	0.484252750946188	0.278	0.191	1	chr7-44884138-44886610	5
0.494613585306012	0.471855782962652	0.278	0.191	1	chr8-124538000-124540042	5
0.494613585306012	0.497129840778378	0.278	0.191	1	chr10-47311202-47312723	5
0.494992191917939	0.72554960964111	0.222	0.17	1	chr1-155272471-155274186	5
0.494992191917939	0.665485266263952	0.222	0.17	1	chr1-201123862-201128016	5
0.494992191917939	0.665173119178263	0.222	0.17	1	chr7-143045091-143046968	5
0.494992191917939	0.608650449854749	0.222	0.17	1	chr8-65716756-65719784	5
0.494992191917939	0.643537708914318	0.222	0.17	1	chr10-133307450-133310773	5
0.494992191917939	0.659097777184164	0.222	0.17	1	chr19-47111989-47114062	5
0.496046274212364	0.619304365323784	0.167	0.106	1	chr1-64071927-64073316	5
0.496046274212364	0.728148128166148	0.167	0.106	1	chr1-162612456-162615181	5
0.496046274212364	0.793552770045016	0.167	0.106	1	chr1-178536538-178537884	5
0.496046274212364	0.748836721024035	0.167	0.106	1	chr1-205274743-205275866	5
0.496046274212364	0.771532111658302	0.167	0.106	1	chr1-219938310-219939447	5
0.496046274212364	0.72933485510159	0.167	0.106	1	chr2-84515771-84517071	5
0.496046274212364	0.811328622524806	0.167	0.106	1	chr2-169714887-169717735	5
0.496046274212364	0.702886918258629	0.167	0.106	1	chr2-189698252-189699254	5
0.496046274212364	0.639880087282772	0.167	0.106	1	chr2-202237165-202239066	5
0.496046274212364	0.670720389744881	0.167	0.106	1	chr3-32501801-32503268	5
0.496046274212364	0.675128382711789	0.167	0.106	1	chr3-71101561-71103653	5
0.496046274212364	0.704697282253743	0.167	0.106	1	chr3-82080169-82081228	5
0.496046274212364	0.644167697755201	0.167	0.106	1	chr3-101868064-101869275	5
0.496046274212364	0.611646962833557	0.167	0.106	1	chr3-124551636-124553515	5
0.496046274212364	0.578055779106609	0.167	0.106	1	chr3-141951929-141953507	5
0.496046274212364	0.85348976967559	0.167	0.106	1	chr4-99893488-99895154	5
0.496046274212364	0.763443659768104	0.167	0.106	1	chr5-134140258-134141718	5
0.496046274212364	0.721646242819725	0.167	0.106	1	chr5-150502949-150505029	5
0.496046274212364	0.700470375537227	0.167	0.106	1	chr5-172999170-173000841	5
0.496046274212364	0.692180287399548	0.167	0.106	1	chr5-174720854-174726047	5
0.496046274212364	0.684234361895812	0.167	0.106	1	chr6-26401379-26402794	5
0.496046274212364	0.633424534292404	0.167	0.106	1	chr6-42217182-42218434	5
0.496046274212364	0.647871625762141	0.167	0.106	1	chr6-43395916-43397024	5
0.496046274212364	0.680981552901933	0.167	0.106	1	chr6-125300867-125302497	5
0.496046274212364	0.654424539115701	0.167	0.106	1	chr6-128490942-128492944	5
0.496046274212364	0.640967497957239	0.167	0.106	1	chr7-143323962-143326119	5
0.496046274212364	0.634767641316013	0.167	0.106	1	chr7-151017922-151018895	5
0.496046274212364	0.692242411017481	0.167	0.106	1	chr7-151276082-151277789	5
0.496046274212364	0.732084146876559	0.167	0.106	1	chr8-21843872-21845515	5
0.496046274212364	0.678020905911218	0.167	0.106	1	chr8-38959471-38960388	5
0.496046274212364	0.694261475657956	0.167	0.106	1	chr8-62860336-62861604	5
0.496046274212364	0.806597254613465	0.167	0.106	1	chr8-79287574-79290184	5
0.496046274212364	0.632584968074157	0.167	0.106	1	chr8-104325362-104326654	5
0.496046274212364	0.771247132946495	0.167	0.106	1	chr8-127585768-127586773	5
0.496046274212364	0.621569632165468	0.167	0.106	1	chr9-2029342-2030607	5
0.496046274212364	0.66655476970357	0.167	0.106	1	chr9-12972444-12973378	5
0.496046274212364	0.55807949798567	0.167	0.106	1	chr9-129320118-129322760	5
0.496046274212364	0.701351438780195	0.167	0.106	1	chr9-131382886-131383889	5
0.496046274212364	0.667893292047704	0.167	0.106	1	chr10-46523230-46525578	5
0.496046274212364	0.895022392135239	0.167	0.106	1	chr10-77267404-77268521	5
0.496046274212364	0.862656239576051	0.167	0.106	1	chr11-40592564-40594733	5
0.496046274212364	0.639039715000728	0.167	0.106	1	chr11-45993207-45995549	5
0.496046274212364	0.842312250584508	0.167	0.106	1	chr11-59011555-59013535	5
0.496046274212364	0.713584442940748	0.167	0.106	1	chr11-62444617-62446742	5
0.496046274212364	0.821554491227469	0.167	0.106	1	chr11-68037362-68039561	5
0.496046274212364	0.75678024959782	0.167	0.106	1	chr11-121460558-121461749	5
0.496046274212364	0.687352331931067	0.167	0.106	1	chr12-45298590-45299883	5
0.496046274212364	0.711173049627006	0.167	0.106	1	chr12-50504429-50506353	5
0.496046274212364	0.735108016549558	0.167	0.106	1	chr12-104063598-104066110	5
0.496046274212364	0.6544869923058	0.167	0.106	1	chr12-110246680-110248868	5
0.496046274212364	0.753970772703356	0.167	0.106	1	chr14-102524221-102525769	5
0.496046274212364	0.67559845417255	0.167	0.106	1	chr16-12262363-12263578	5
0.496046274212364	0.724942121727651	0.167	0.106	1	chr16-67191637-67193355	5
0.496046274212364	0.640727794709335	0.167	0.106	1	chr17-19268242-19271276	5
0.496046274212364	0.662756489150142	0.167	0.106	1	chr17-64496002-64499196	5
0.496046274212364	0.773884771065514	0.167	0.106	1	chr17-77365456-77366637	5
0.496046274212364	0.682769299039477	0.167	0.106	1	chr18-22604154-22605560	5
0.496046274212364	0.677524921957044	0.167	0.106	1	chr19-40256816-40257697	5
0.496046274212364	0.707862550262054	0.167	0.106	1	chr20-14764498-14765626	5
0.496046274212364	0.658365423882975	0.167	0.106	1	chr22-26512041-26513100	5
0.496046274212364	0.68005256210624	0.167	0.106	1	chrY-8673616-8675181	5
0.497482916649122	0.408001090690111	0.333	0.255	1	chr6-159760989-159763244	5
0.499530653876966	0.50413330180044	0.278	0.213	1	chr6-42563396-42566327	5
0.499530653876966	0.496904096511039	0.278	0.213	1	chr12-19438988-19441176	5
0.499530653876966	0.493975280042563	0.278	0.213	1	chr14-60164182-60165961	5
0.499530653876966	0.331691188392409	0.278	0.213	1	chr17-78995468-78999720	5
0.499530653876966	0.437509855050901	0.278	0.213	1	chr18-26655806-26657704	5
0.500537631057623	0.276707281509899	0.5	0.404	1	chr4-88591493-88594239	5
0.500728114172681	0.388398505808543	0.333	0.234	1	chr7-107742790-107744829	5
0.501268672307448	0.335552904982356	0.333	0.298	1	chr8-60516184-60518455	5
0.501904829280235	0.453673160470691	0.278	0.17	1	chr2-74843983-74846644	5
0.502417093675816	0.349981143447504	0.389	0.298	1	chr5-10248424-10252139	5
0.502532705978126	0.315299256047405	0.444	0.383	1	chr5-86617336-86619334	5
0.503139152892231	0.317329772582702	0.389	0.319	1	chr7-90243529-90247602	5
0.503544029647262	0.590286545422978	0.278	0.234	1	chr2-73232535-73235408	5
0.503544029647262	0.589127333375687	0.278	0.234	1	chr19-55475827-55477638	5
0.50545705086063	0.463994285844497	0.333	0.277	1	chr2-27369003-27371959	5
0.507585752801868	0.495254189886039	0.278	0.191	1	chr6-37514557-37517991	5
0.507585752801868	0.443823375128953	0.278	0.191	1	chr8-73877591-73880066	5
0.507585752801868	0.49262515516071	0.278	0.191	1	chr10-60171336-60173138	5
0.507585752801868	0.336429059697702	0.278	0.191	1	chr16-71288055-71290498	5
0.507814457685182	0.330285250740811	0.5	0.447	1	chr14-20342016-20344585	5
0.507927272703476	0.366002891160809	0.222	0.149	1	chr2-18559400-18561234	5
0.507927272703476	0.651724194469656	0.222	0.149	1	chr3-28458301-28459995	5
0.507927272703476	0.493525395229024	0.222	0.149	1	chr3-29609055-29610116	5
0.507927272703476	0.617310487967058	0.222	0.149	1	chr3-72886862-72888799	5
0.507927272703476	0.577462425104325	0.222	0.149	1	chr4-6749117-6752257	5
0.507927272703476	0.587346468351311	0.222	0.149	1	chr4-103197581-103199120	5
0.507927272703476	0.456355262446933	0.222	0.149	1	chr8-124450118-124451719	5
0.507927272703476	0.571535938673719	0.222	0.149	1	chr8-140192052-140193102	5
0.507927272703476	0.62133438037088	0.222	0.149	1	chr19-7919690-7921947	5
0.507927272703476	0.624150353360649	0.222	0.149	1	chr21-30408513-30409520	5
0.507927272703476	0.528623049094949	0.222	0.149	1	chrX-51892783-51894801	5
0.50878733518803	0.489124138693605	0.222	0.17	1	chr1-66929528-66931224	5
0.50878733518803	0.530367040959974	0.222	0.17	1	chr1-77758191-77760374	5
0.50878733518803	0.57276066789107	0.222	0.17	1	chr11-11841024-11843716	5
0.50878733518803	0.618537260983421	0.222	0.17	1	chr14-63285764-63286990	5
0.50878733518803	0.542290869310348	0.222	0.17	1	chr17-4789335-4790937	5
0.50878733518803	0.500138157883755	0.222	0.17	1	chrX-14028972-14030647	5
0.508964566551626	0.350522992761641	0.444	0.319	1	chr10-68330796-68333480	5
0.509338734783108	0.298853443982775	0.333	0.255	1	chr4-75671855-75674429	5
0.509338734783108	0.377353965789589	0.333	0.255	1	chr5-134758128-134759622	5
0.509338734783108	0.423946372426611	0.333	0.255	1	chr7-76045445-76049614	5
0.509338734783108	0.396007229630747	0.333	0.255	1	chr8-140456277-140460904	5
0.509338734783108	0.401669977430619	0.333	0.255	1	chr19-40442581-40446733	5
0.511777610871949	0.338077718312429	0.611	0.468	1	chr6-20400418-20405028	5
0.512230360446821	0.548461049127816	0.278	0.213	1	chr1-206684373-206694759	5
0.512230360446821	0.513085990432004	0.278	0.213	1	chr4-143183626-143187016	5
0.512230360446821	0.489541183803422	0.278	0.213	1	chr6-125956387-125958516	5
0.512230360446821	0.495929967609221	0.278	0.213	1	chr9-63816752-63818557	5
0.512230360446821	0.44383797994591	0.278	0.213	1	chr10-63627851-63631321	5
0.512230360446821	0.407902559924209	0.278	0.213	1	chr10-92590632-92594370	5
0.512444505993508	0.624841156022577	0.167	0.106	1	chr1-45566439-45570532	5
0.512444505993508	0.627371826799072	0.167	0.106	1	chr1-82651653-82652616	5
0.512444505993508	0.709682887274187	0.167	0.106	1	chr1-223871969-223873549	5
0.512444505993508	0.65129168103875	0.167	0.106	1	chr3-52127920-52128844	5
0.512444505993508	0.741629778870138	0.167	0.106	1	chr3-67647211-67649506	5
0.512444505993508	0.666267304918369	0.167	0.106	1	chr3-127628326-127630642	5
0.512444505993508	0.624998162929054	0.167	0.106	1	chr3-133401120-133402159	5
0.512444505993508	0.604725846238662	0.167	0.106	1	chr3-188362136-188363033	5
0.512444505993508	0.631734237398927	0.167	0.106	1	chr4-17704267-17705974	5
0.512444505993508	0.570406248406367	0.167	0.106	1	chr4-40842075-40843744	5
0.512444505993508	0.697142380968261	0.167	0.106	1	chr5-120007112-120008549	5
0.512444505993508	0.703472362918838	0.167	0.106	1	chr6-27312154-27313630	5
0.512444505993508	0.766626573284904	0.167	0.106	1	chr6-30344671-30345812	5
0.512444505993508	0.608573005961307	0.167	0.106	1	chr6-113994703-113996215	5
0.512444505993508	0.669832748693884	0.167	0.106	1	chr6-130307689-130308520	5
0.512444505993508	0.623612164230739	0.167	0.106	1	chr7-130440523-130441981	5
0.512444505993508	0.64443229927365	0.167	0.106	1	chr8-11743834-11745582	5
0.512444505993508	0.621104543886526	0.167	0.106	1	chr9-107737918-107741023	5
0.512444505993508	0.67880710444178	0.167	0.106	1	chr10-96670390-96671565	5
0.512444505993508	0.660051243416694	0.167	0.106	1	chr11-4183955-4185106	5
0.512444505993508	0.603005463040894	0.167	0.106	1	chr11-40230559-40231339	5
0.512444505993508	0.652466957361824	0.167	0.106	1	chr11-128496113-128498038	5
0.512444505993508	0.605059790397177	0.167	0.106	1	chr12-46472852-46474575	5
0.512444505993508	0.648768385549649	0.167	0.106	1	chr12-54762243-54762969	5
0.512444505993508	0.639167469453481	0.167	0.106	1	chr12-121711567-121713396	5
0.512444505993508	0.668352070153057	0.167	0.106	1	chr14-61269320-61270255	5
0.512444505993508	0.713602783414392	0.167	0.106	1	chr14-95689326-95689911	5
0.512444505993508	0.51599259208565	0.167	0.106	1	chr15-41876415-41878845	5
0.512444505993508	0.670412311611716	0.167	0.106	1	chr16-75622385-75623845	5
0.512444505993508	0.692613978576707	0.167	0.106	1	chr16-80540143-80541455	5
0.512444505993508	0.533878034195231	0.167	0.106	1	chr17-2094609-2095627	5
0.512444505993508	0.707730679299166	0.167	0.106	1	chr18-50158592-50160137	5
0.512444505993508	0.600826567812212	0.167	0.106	1	chr19-30663753-30665206	5
0.512444505993508	0.667201523170186	0.167	0.106	1	chr19-45443265-45444721	5
0.512444505993508	0.655165066009149	0.167	0.106	1	chr20-25220449-25221700	5
0.512444505993508	0.656614744053084	0.167	0.106	1	chr22-21734935-21736551	5
0.512444505993508	0.636843361417377	0.167	0.106	1	chrX-103917953-103919849	5
0.512444505993508	0.652767949407856	0.167	0.106	1	chrX-123858651-123861487	5
0.512444505993508	0.621100053207162	0.167	0.106	1	chrX-136767037-136768822	5
0.513729394907116	0.376515856105574	0.389	0.298	1	chr3-49019936-49026945	5
0.514293085116664	0.337978046770251	0.389	0.319	1	chr4-1243799-1250750	5
0.514334141621164	0.347039765704533	0.444	0.34	1	chr2-178449691-178451730	5
0.515992765649081	0.499740146937606	0.278	0.234	1	chr1-222814319-222816377	5
0.517435033004065	0.405031605122511	0.444	0.404	1	chr13-110711412-110716805	5
0.520734343507794	0.450552790197029	0.278	0.191	1	chr15-57922597-57924277	5
0.522416051458792	0.43602603781727	0.222	0.149	1	chr1-181117145-181118569	5
0.522416051458792	0.564870478170214	0.222	0.149	1	chr3-179347176-179349141	5
0.522416051458792	0.424495123661566	0.222	0.149	1	chr3-196711447-196713585	5
0.522416051458792	0.536736118832624	0.222	0.149	1	chr4-70837114-70840553	5
0.522416051458792	0.498875792519943	0.222	0.149	1	chr5-71924311-71926351	5
0.522416051458792	0.489631824397077	0.222	0.149	1	chr5-159986803-159987863	5
0.522416051458792	0.558898930330255	0.222	0.149	1	chr6-39923119-39925035	5
0.522416051458792	0.46981740349224	0.222	0.149	1	chr8-23528283-23530756	5
0.522416051458792	0.463899220964413	0.222	0.149	1	chr12-4734525-4736643	5
0.522416051458792	0.537829805765033	0.222	0.149	1	chr12-75784127-75785325	5
0.522416051458792	0.702230621369814	0.222	0.149	1	chr13-41262859-41264115	5
0.522416051458792	0.293943160735271	0.222	0.149	1	chr17-75204527-75207366	5
0.522416051458792	0.481524060355802	0.222	0.149	1	chrX-17736529-17738742	5
0.522781346664153	0.460812365125588	0.222	0.17	1	chr2-206083457-206087304	5
0.522781346664153	0.586364723339609	0.222	0.17	1	chr6-99519816-99522357	5
0.522781346664153	0.686134253182235	0.222	0.17	1	chr14-55270788-55272417	5
0.522781346664153	0.64141376912558	0.222	0.17	1	chr17-5418177-5421022	5
0.522781346664153	0.535426084059636	0.222	0.17	1	chr17-50914823-50915837	5
0.522781346664153	0.55665534807652	0.222	0.17	1	chr19-40797995-40799410	5
0.523917378559347	0.297034487609446	0.611	0.532	1	chr8-102237569-102240452	5
0.524238030709979	0.30097257353372	0.556	0.468	1	chr2-197497985-197502741	5
0.524366840018927	0.347848022282982	0.333	0.298	1	chr12-113245460-113247172	5
0.525096433629159	0.40127208172869	0.278	0.213	1	chr6-32837774-32839329	5
0.525096433629159	0.456409742306085	0.278	0.213	1	chr8-9512447-9513908	5
0.525096433629159	0.542585436100198	0.278	0.213	1	chr10-59893790-59896568	5
0.525096433629159	0.46376800783046	0.278	0.213	1	chr11-36508782-36510824	5
0.525096433629159	0.343403936644358	0.278	0.213	1	chr19-57279377-57281469	5
0.525096433629159	0.452726963469662	0.278	0.213	1	chrX-989642-990668	5
0.525096433629159	0.466750345772806	0.278	0.213	1	chrX-40580056-40581723	5
0.528599266118275	0.398109495459337	0.278	0.234	1	chr1-34858962-34860369	5
0.528599266118275	0.372719896416087	0.278	0.234	1	chr7-87627545-87629608	5
0.528599266118275	0.509193996281949	0.278	0.234	1	chr11-67316616-67318718	5
0.52906175747626	0.35032815871675	0.333	0.277	1	chr1-53944619-53946798	5
0.52906175747626	0.506990595353276	0.333	0.277	1	chr3-139533751-139536030	5
0.52906175747626	0.382507274475707	0.333	0.277	1	chr10-27153620-27156767	5
0.52906175747626	0.364736329497065	0.333	0.277	1	chr19-49675585-49678748	5
0.52912097943868	0.588374289749362	0.167	0.106	1	chr1-11934120-11935391	5
0.52912097943868	0.639707132850133	0.167	0.106	1	chr1-62530444-62531169	5
0.52912097943868	0.598504358098247	0.167	0.106	1	chr1-112369399-112370282	5
0.52912097943868	0.576070344525595	0.167	0.106	1	chr1-151739459-151740963	5
0.52912097943868	0.506645966774532	0.167	0.106	1	chr1-236147386-236151687	5
0.52912097943868	0.562092916348089	0.167	0.106	1	chr2-20438059-20439542	5
0.52912097943868	0.691165927472215	0.167	0.106	1	chr2-97589392-97591187	5
0.52912097943868	0.594218017886537	0.167	0.106	1	chr2-102206346-102207454	5
0.52912097943868	0.66662139418709	0.167	0.106	1	chr2-150487418-150488075	5
0.52912097943868	0.682350874994089	0.167	0.106	1	chr2-172084324-172086002	5
0.52912097943868	0.541147969696962	0.167	0.106	1	chr2-238202271-238204366	5
0.52912097943868	0.658459455212121	0.167	0.106	1	chr3-3600268-3601347	5
0.52912097943868	0.608788597233323	0.167	0.106	1	chr3-48846661-48848400	5
0.52912097943868	0.612019598660183	0.167	0.106	1	chr3-123632068-123633853	5
0.52912097943868	0.651670994221181	0.167	0.106	1	chr3-140022104-140024620	5
0.52912097943868	0.621214649494608	0.167	0.106	1	chr3-197676255-197677271	5
0.52912097943868	0.652960380182458	0.167	0.106	1	chr4-89897929-89899656	5
0.52912097943868	0.577054898650369	0.167	0.106	1	chr4-183406963-183407710	5
0.52912097943868	0.541182142918483	0.167	0.106	1	chr5-33968025-33970355	5
0.52912097943868	0.560289418752895	0.167	0.106	1	chr5-38258297-38259375	5
0.52912097943868	0.652717791170021	0.167	0.106	1	chr6-90295757-90297181	5
0.52912097943868	0.622325317557338	0.167	0.106	1	chr7-35536392-35538049	5
0.52912097943868	0.57219355765546	0.167	0.106	1	chr7-49638298-49639816	5
0.52912097943868	0.636200239633919	0.167	0.106	1	chr7-142515729-142516992	5
0.52912097943868	0.637182671870091	0.167	0.106	1	chr7-155069841-155071642	5
0.52912097943868	0.604905345783659	0.167	0.106	1	chr8-38066896-38068292	5
0.52912097943868	0.659580379129965	0.167	0.106	1	chr9-89888456-89889463	5
0.52912097943868	0.576463808695803	0.167	0.106	1	chr9-98191576-98193777	5
0.52912097943868	0.573702936369274	0.167	0.106	1	chr9-136051109-136053701	5
0.52912097943868	0.531634153072534	0.167	0.106	1	chr10-125146745-125147862	5
0.52912097943868	0.573928863816034	0.167	0.106	1	chr11-6925620-6927886	5
0.52912097943868	0.581886405582631	0.167	0.106	1	chr11-130448183-130449480	5
0.52912097943868	0.586659025822694	0.167	0.106	1	chr12-387647-390172	5
0.52912097943868	0.568908279057846	0.167	0.106	1	chr12-2902113-2902927	5
0.52912097943868	0.617900648716751	0.167	0.106	1	chr14-79884801-79885737	5
0.52912097943868	0.510240531238542	0.167	0.106	1	chr14-80584780-80585876	5
0.52912097943868	0.660895590768192	0.167	0.106	1	chr15-48682682-48684794	5
0.52912097943868	0.755837007904324	0.167	0.106	1	chr17-1188448-1189692	5
0.52912097943868	0.601089895003643	0.167	0.106	1	chr18-58087735-58089384	5
0.52912097943868	0.716541641109152	0.167	0.106	1	chr19-659416-664113	5
0.52912097943868	0.582198302097174	0.167	0.106	1	chr19-52733927-52736093	5
0.52912097943868	0.590955248277378	0.167	0.106	1	chr19-53864125-53865082	5
0.52912097943868	0.624731186679705	0.167	0.106	1	chr20-21725677-21726400	5
0.52912097943868	0.667212698149365	0.167	0.106	1	chr21-42955254-42957250	5
0.52912097943868	0.619252422582183	0.167	0.106	1	chr21-46634831-46636466	5
0.52912097943868	0.609186289137651	0.167	0.106	1	chr22-31629576-31631273	5
0.52912097943868	0.573905103197442	0.167	0.106	1	chrX-24081407-24082284	5
0.52912097943868	0.630632007760221	0.167	0.106	1	chrX-38560868-38563531	5
0.52912097943868	0.721675886413537	0.167	0.106	1	chrX-48911011-48912816	5
0.533486905879145	0.438557690531819	0.333	0.255	1	chr1-224502145-224504469	5
0.534056218473478	0.410343983772481	0.278	0.191	1	chr5-71454972-71457656	5
0.534056218473478	0.460966964039596	0.278	0.191	1	chr14-102214761-102216409	5
0.534056218473478	0.34910643367404	0.278	0.191	1	chr19-55406825-55408701	5
0.534703169283266	0.299042001500121	0.444	0.383	1	chr3-186782385-186791811	5
0.53611708871302	0.351618562224146	0.389	0.277	1	chr10-24722129-24725428	5
0.536970433044451	0.538039867610029	0.222	0.17	1	chr1-179365097-179366759	5
0.536970433044451	0.586736556503243	0.222	0.17	1	chr1-201373784-201382780	5
0.536970433044451	0.517104775086786	0.222	0.17	1	chr3-119676007-119678021	5
0.536970433044451	0.580774686830794	0.222	0.17	1	chr4-184536405-184538645	5
0.536970433044451	0.538054435021011	0.222	0.17	1	chr7-5512833-5514987	5
0.536970433044451	0.53905793779869	0.222	0.17	1	chr13-51801528-51804827	5
0.536970433044451	0.520660976061255	0.222	0.17	1	chr14-79324569-79326798	5
0.536970433044451	0.501317479866505	0.222	0.17	1	chr16-80717962-80719380	5
0.536970433044451	0.474789646763373	0.222	0.17	1	chr19-42075071-42076601	5
0.536970433044451	0.528701696945425	0.222	0.17	1	chr19-56566789-56568177	5
0.537114309509549	0.540155677282882	0.222	0.149	1	chr1-31170395-31171450	5
0.537114309509549	0.509091524805178	0.222	0.149	1	chr3-194112149-194113424	5
0.537114309509549	0.495705137150386	0.222	0.149	1	chr4-87521343-87522697	5
0.537114309509549	0.451012818117986	0.222	0.149	1	chr5-179895238-179896627	5
0.537114309509549	0.54935681177116	0.222	0.149	1	chr7-4774561-4776535	5
0.537114309509549	0.432746012325137	0.222	0.149	1	chr12-3872669-3873938	5
0.537114309509549	0.478959047722392	0.222	0.149	1	chr12-55939735-55940894	5
0.537114309509549	0.523608287064748	0.222	0.149	1	chr16-85781062-85782854	5
0.537114309509549	0.563069613973097	0.222	0.149	1	chr19-13033610-13037562	5
0.537602710567839	0.332698137137721	0.333	0.234	1	chr8-101503961-101506607	5
0.537602710567839	0.337268167422095	0.333	0.234	1	chr8-123072051-123073465	5
0.537602710567839	0.31543155795633	0.333	0.234	1	chr20-50730226-50732691	5
0.538125913082213	0.371577506305481	0.278	0.213	1	chr1-197145579-197147416	5
0.538125913082213	0.446233601559678	0.278	0.213	1	chr3-171459463-171461637	5
0.538125913082213	0.505431868014413	0.278	0.213	1	chr5-140174409-140176340	5
0.541070960067033	0.40332683080489	0.333	0.277	1	chr1-114669111-114672010	5
0.541070960067033	0.349687039715435	0.333	0.277	1	chr4-98994620-98996994	5
0.541070960067033	0.569289593245408	0.333	0.277	1	chr12-56633572-56638016	5
0.541070960067033	0.353094977095687	0.333	0.277	1	chr16-27548832-27550794	5
0.541070960067033	0.345814601125477	0.333	0.277	1	chr17-31486648-31490572	5
0.541360732164187	0.44112890663592	0.278	0.234	1	chr1-9842058-9844734	5
0.541634106000403	0.597151461969089	0.167	0.128	1	chr4-108117418-108119037	5
0.541634106000403	0.694214048751065	0.167	0.128	1	chr6-2743454-2744824	5
0.541634106000403	0.750013437946711	0.167	0.128	1	chr12-47752844-47756085	5
0.54577434693941	0.404925036247755	0.333	0.255	1	chr2-26344599-26347774	5
0.54577434693941	0.509816943822464	0.333	0.255	1	chr6-125197011-125199085	5
0.54577434693941	0.323568418036706	0.333	0.255	1	chr8-99012337-99014129	5
0.5460692291885	0.594254395208449	0.167	0.106	1	chr1-39574323-39577382	5
0.5460692291885	0.578506668674161	0.167	0.106	1	chr1-106879064-106880751	5
0.5460692291885	0.541534266573813	0.167	0.106	1	chr2-11746103-11747742	5
0.5460692291885	0.60556864019616	0.167	0.106	1	chr2-70257239-70259100	5
0.5460692291885	0.447233352761004	0.167	0.106	1	chr3-39176946-39178463	5
0.5460692291885	0.591982714349934	0.167	0.106	1	chr3-45546481-45548361	5
0.5460692291885	0.661659013852647	0.167	0.106	1	chr3-73623717-73625977	5
0.5460692291885	0.522813279542315	0.167	0.106	1	chr4-145886765-145887933	5
0.5460692291885	0.567341557708431	0.167	0.106	1	chr4-169634847-169635510	5
0.5460692291885	0.600771912149051	0.167	0.106	1	chr5-97433748-97434694	5
0.5460692291885	0.573950744641718	0.167	0.106	1	chr6-6003210-6004519	5
0.5460692291885	0.589025775168639	0.167	0.106	1	chr6-82876927-82878195	5
0.5460692291885	0.348147597567412	0.167	0.106	1	chr8-81103971-81105003	5
0.5460692291885	0.59470449299502	0.167	0.106	1	chr8-103207098-103208329	5
0.5460692291885	0.458844173138228	0.167	0.106	1	chr9-16299032-16300361	5
0.5460692291885	0.601973948524563	0.167	0.106	1	chr9-69671799-69673529	5
0.5460692291885	0.68146699252436	0.167	0.106	1	chr9-89685756-89687657	5
0.5460692291885	0.66075823088208	0.167	0.106	1	chr10-118456875-118460060	5
0.5460692291885	0.580017361035233	0.167	0.106	1	chr11-665126-666392	5
0.5460692291885	0.61235415053344	0.167	0.106	1	chr11-17238136-17239646	5
0.5460692291885	0.56174780611239	0.167	0.106	1	chr12-48995134-48996059	5
0.5460692291885	0.594069600655835	0.167	0.106	1	chr12-76264189-76265423	5
0.5460692291885	0.615701093185423	0.167	0.106	1	chr14-105247566-105249310	5
0.5460692291885	0.54883726143672	0.167	0.106	1	chr15-41506949-41508615	5
0.5460692291885	0.625656655440154	0.167	0.106	1	chr15-56831766-56832711	5
0.5460692291885	0.52547823085299	0.167	0.106	1	chr16-5024320-5025484	5
0.5460692291885	0.584966657987064	0.167	0.106	1	chr16-11534017-11536118	5
0.5460692291885	0.502774995504331	0.167	0.106	1	chr17-9684599-9686188	5
0.5460692291885	0.462388439010437	0.167	0.106	1	chr17-18681982-18682744	5
0.5460692291885	0.720921219905941	0.167	0.106	1	chr18-58233598-58235828	5
0.5460692291885	0.821091296810404	0.167	0.106	1	chr22-28783594-28784994	5
0.547548052411864	0.404515713709302	0.278	0.191	1	chr11-64447619-64450029	5
0.547548052411864	0.436087606690311	0.278	0.191	1	chr11-86066059-86070177	5
0.54764643688206	0.321782105612214	0.444	0.34	1	chr12-93440033-93443322	5
0.548510131226995	0.388011286077299	0.389	0.319	1	chr1-205121178-205123274	5
0.548510131226995	0.300232322069975	0.389	0.319	1	chr14-75258005-75261099	5
0.551315671180693	0.392503618139475	0.278	0.213	1	chr11-574818-578900	5
0.551315671180693	0.443429420888106	0.278	0.213	1	chr11-6566303-6569338	5
0.551315671180693	0.315111109830639	0.278	0.213	1	chr12-110500798-110502751	5
0.551315671180693	0.486252073178854	0.278	0.213	1	chr18-23330678-23331989	5
0.551315671180693	0.399479678899281	0.278	0.213	1	chr20-33992232-33996172	5
0.551350563828397	0.495002174970628	0.222	0.17	1	chr1-223992156-223994125	5
0.551350563828397	0.473094416716755	0.222	0.17	1	chr6-30570224-30572598	5
0.551350563828397	0.490782530331271	0.222	0.17	1	chr8-41664787-41666214	5
0.551350563828397	0.530652032057535	0.222	0.17	1	chr8-48693288-48694530	5
0.551350563828397	0.507300730795909	0.222	0.17	1	chr9-106862452-106864716	5
0.551350563828397	0.580355740242345	0.222	0.17	1	chr12-6936490-6939547	5
0.551350563828397	0.48892914176502	0.222	0.17	1	chr16-2266531-2270151	5
0.551350563828397	0.45786928757218	0.222	0.17	1	chr17-81551263-81554230	5
0.551350563828397	0.546746978967319	0.222	0.17	1	chr20-31879080-31880580	5
0.551350563828397	0.405609761066124	0.222	0.17	1	chr22-23163163-23164448	5
0.551350563828397	0.543804463165845	0.222	0.17	1	chrX-54639116-54641364	5
0.552017567341917	0.421290728197189	0.222	0.149	1	chr1-1917912-1920163	5
0.552017567341917	0.456759272418647	0.222	0.149	1	chr1-220689830-220691719	5
0.552017567341917	0.439349279521238	0.222	0.149	1	chr5-178120647-178122211	5
0.552017567341917	0.463321879756284	0.222	0.149	1	chr10-35335578-35338056	5
0.552017567341917	0.415047332976291	0.222	0.149	1	chr10-61922896-61924685	5
0.552017567341917	0.60219339961144	0.222	0.149	1	chr11-69274204-69275286	5
0.552017567341917	0.533269569178793	0.222	0.149	1	chrX-16869054-16871745	5
0.55321482293121	0.404458459552319	0.333	0.277	1	chr20-24990645-24995546	5
0.554274213285706	0.391580747954688	0.278	0.234	1	chr3-129182273-129184734	5
0.554274213285706	0.31665303516682	0.278	0.234	1	chr15-45278732-45280040	5
0.554274213285706	0.445498874995935	0.278	0.234	1	chr16-30555872-30559046	5
0.555422689068545	0.255160496578061	0.5	0.489	1	chr8-73970627-73973286	5
0.557922541211437	0.628545412291964	0.167	0.128	1	chr1-9588170-9590715	5
0.557922541211437	0.753512985496822	0.167	0.128	1	chr1-32221150-32224832	5
0.557922541211437	0.613106168448728	0.167	0.128	1	chr1-118116179-118119565	5
0.557922541211437	0.655092252160092	0.167	0.128	1	chr1-148432445-148433569	5
0.557922541211437	0.570849618877914	0.167	0.128	1	chr1-176911514-176912925	5
0.557922541211437	0.770261308426001	0.167	0.128	1	chr3-154059492-154061261	5
0.557922541211437	0.649155488803957	0.167	0.128	1	chr5-181216151-181218917	5
0.557922541211437	0.680736431263109	0.167	0.128	1	chr6-45419298-45420142	5
0.557922541211437	0.626632326824791	0.167	0.128	1	chr8-106059485-106061074	5
0.557922541211437	0.557529470789676	0.167	0.128	1	chr12-132760097-132762901	5
0.557922541211437	0.736267073877617	0.167	0.128	1	chr17-35253800-35254892	5
0.558982938695291	0.321907705447301	0.444	0.34	1	chr12-10211960-10214864	5
0.558982938695291	0.287409566992376	0.389	0.362	1	chr1-247103326-247104988	5
0.55972146743389	0.331087924093201	0.389	0.34	1	chr3-197735896-197737948	5
0.563282323067006	0.599259025119157	0.167	0.106	1	chr1-77467705-77469996	5
0.563282323067006	0.480421310802151	0.167	0.106	1	chr1-109180642-109182282	5
0.563282323067006	0.656409000914631	0.167	0.106	1	chr1-150649347-150650828	5
0.563282323067006	0.583748137138429	0.167	0.106	1	chr1-150874587-150877441	5
0.563282323067006	0.526891801185791	0.167	0.106	1	chr3-25853933-25855862	5
0.563282323067006	0.704166043985702	0.167	0.106	1	chr3-124428786-124430369	5
0.563282323067006	0.542328349545649	0.167	0.106	1	chr8-47379628-47381708	5
0.563282323067006	0.569274874690093	0.167	0.106	1	chr8-140276019-140277312	5
0.563282323067006	0.484274421461513	0.167	0.106	1	chr9-35954854-35955379	5
0.563282323067006	0.452208701253809	0.167	0.106	1	chr10-11830630-11832616	5
0.563282323067006	0.503879740971956	0.167	0.106	1	chr10-23702760-23703571	5
0.563282323067006	0.572793429063378	0.167	0.106	1	chr10-123014025-123015798	5
0.563282323067006	0.51875952602533	0.167	0.106	1	chr11-64273050-64274192	5
0.563282323067006	0.432603395537833	0.167	0.106	1	chr12-21437191-21438566	5
0.563282323067006	0.576897590092908	0.167	0.106	1	chr13-80339744-80342001	5
0.563282323067006	0.544686203804247	0.167	0.106	1	chr15-98788252-98789531	5
0.563282323067006	0.346699941403873	0.167	0.106	1	chr16-4846151-4848736	5
0.563282323067006	0.595587276508045	0.167	0.106	1	chr17-29785637-29786630	5
0.563282323067006	0.622396976105692	0.167	0.106	1	chr19-58394331-58396556	5
0.564662414647565	0.393830626694603	0.278	0.213	1	chr2-240559467-240562418	5
0.564662414647565	0.406449137111426	0.278	0.213	1	chr3-159626440-159628381	5
0.564662414647565	0.458254658494336	0.278	0.213	1	chr7-107890434-107892481	5
0.564662414647565	0.311368875263974	0.278	0.213	1	chr8-98116211-98118750	5
0.564662414647565	0.440857891594602	0.278	0.213	1	chr14-49478350-49480510	5
0.564662414647565	0.385278045008572	0.278	0.213	1	chr19-7829141-7830615	5
0.565490769219092	0.457472539585205	0.333	0.277	1	chr2-105037203-105039231	5
0.565490769219092	0.270666264618382	0.333	0.277	1	chr10-104336794-104340893	5
0.565490769219092	0.323798652715753	0.333	0.277	1	chr14-50230297-50233917	5
0.565490769219092	0.395688588810123	0.333	0.277	1	chr19-54430322-54432724	5
0.565917473778539	0.482756350045973	0.222	0.17	1	chr1-109040554-109042728	5
0.565917473778539	0.468272986835587	0.222	0.17	1	chr1-181033070-181034777	5
0.565917473778539	0.531404394747082	0.222	0.17	1	chr1-236603555-236605381	5
0.565917473778539	0.556230279930963	0.222	0.17	1	chr2-37924657-37926063	5
0.565917473778539	0.438535377428015	0.222	0.17	1	chr4-8158220-8159918	5
0.565917473778539	0.469272292113812	0.222	0.17	1	chr5-134523819-134528518	5
0.565917473778539	0.455319740756875	0.222	0.17	1	chr7-6058175-6059682	5
0.565917473778539	0.464883489519456	0.222	0.17	1	chr7-36366436-36367852	5
0.565917473778539	0.461287038069145	0.222	0.17	1	chr7-142859663-142861458	5
0.565917473778539	0.506443949296649	0.222	0.17	1	chr8-75951053-75953016	5
0.565917473778539	0.378199698214618	0.222	0.17	1	chr8-128427563-128430444	5
0.565917473778539	0.477733129907207	0.222	0.17	1	chr9-134365629-134368751	5
0.565917473778539	0.502840696673398	0.222	0.17	1	chr11-65095710-65097173	5
0.565917473778539	0.467599511596205	0.222	0.17	1	chr11-73306971-73308766	5
0.565917473778539	0.446433665002514	0.222	0.17	1	chr12-71685347-71687072	5
0.565917473778539	0.498837199065642	0.222	0.17	1	chr12-132083523-132085605	5
0.565917473778539	0.484374454216239	0.222	0.17	1	chr14-92120865-92123177	5
0.565917473778539	0.521670117071212	0.222	0.17	1	chr17-41864198-41865997	5
0.565917473778539	0.584818718126096	0.222	0.17	1	chr19-18588133-18591110	5
0.565917473778539	0.476252738124239	0.222	0.17	1	chr19-19732291-19733664	5
0.567121075074259	0.514869252207387	0.222	0.149	1	chr3-183107621-183108914	5
0.567121075074259	0.487333868814845	0.222	0.149	1	chr4-88843012-88844068	5
0.567121075074259	0.425003110961007	0.222	0.149	1	chr5-168485899-168487726	5
0.567121075074259	0.36191801623916	0.222	0.149	1	chr19-36572614-36574525	5
0.567336608883473	0.460259264725192	0.278	0.234	1	chr6-7389109-7390873	5
0.567336608883473	0.446374959141961	0.278	0.234	1	chr12-53046413-53050340	5
0.567336608883473	0.420355330594316	0.278	0.234	1	chr16-66933493-66935944	5
0.570762701890106	0.31515567975264	0.333	0.255	1	chr5-126422773-126424310	5
0.570762701890106	0.335781508582516	0.333	0.255	1	chr8-23160762-23164627	5
0.571325323540984	0.306918666624308	0.389	0.34	1	chr4-55544964-55547820	5
0.574445641162848	0.654292947218197	0.167	0.128	1	chr1-81800731-81803281	5
0.574445641162848	0.651136943228673	0.167	0.128	1	chr1-233107140-233108302	5
0.574445641162848	0.516402736466219	0.167	0.128	1	chr3-117261740-117262580	5
0.574445641162848	0.669923763348854	0.167	0.128	1	chr3-194632586-194634190	5
0.574445641162848	0.607120616623825	0.167	0.128	1	chr5-159098962-159100863	5
0.574445641162848	0.493297170204361	0.167	0.128	1	chr6-145189445-145190713	5
0.574445641162848	0.566232685302521	0.167	0.128	1	chr6-154457459-154458606	5
0.574445641162848	0.586381162342271	0.167	0.128	1	chr7-141287723-141289538	5
0.574445641162848	0.556834903174337	0.167	0.128	1	chr8-30358186-30359217	5
0.574445641162848	0.631121296211707	0.167	0.128	1	chr10-71859939-71861360	5
0.574445641162848	0.646274222605977	0.167	0.128	1	chr10-124631748-124633025	5
0.574445641162848	0.621615804517224	0.167	0.128	1	chr11-71205797-71208124	5
0.574445641162848	0.504856775978794	0.167	0.128	1	chr11-129315449-129316616	5
0.574445641162848	0.549252340181168	0.167	0.128	1	chr12-121536500-121539102	5
0.574445641162848	0.621309785650593	0.167	0.128	1	chr14-91149131-91150389	5
0.574445641162848	0.706862043557225	0.167	0.128	1	chr15-63379169-63382398	5
0.574445641162848	0.656370216251582	0.167	0.128	1	chr17-34996161-34998656	5
0.574445641162848	0.596096434318485	0.167	0.128	1	chr17-75130660-75132230	5
0.574445641162848	0.66020248446794	0.167	0.128	1	chr21-29217684-29219831	5
0.574445641162848	0.584658725839449	0.167	0.128	1	chr22-50620089-50623618	5
0.574445641162848	0.524102756482183	0.167	0.128	1	chrX-140090972-140091980	5
0.575467599816907	0.308095169590921	0.444	0.426	1	chr8-66427938-66431276	5
0.577896105660623	0.420118045147155	0.333	0.277	1	chr3-142577594-142579927	5
0.577896105660623	0.359669299119137	0.333	0.277	1	chr17-48023580-48027055	5
0.578154570084035	0.407982027279627	0.222	0.191	1	chr19-55604620-55606852	5
0.578162686468755	0.312118074056567	0.278	0.213	1	chr1-226478575-226481745	5
0.578162686468755	0.483691650353562	0.278	0.213	1	chr3-121834021-121835933	5
0.578162686468755	0.372388214016187	0.278	0.213	1	chr4-6746511-6748271	5
0.578162686468755	0.431546885469302	0.278	0.213	1	chr10-35126185-35128252	5
0.578162686468755	0.49644374475211	0.278	0.213	1	chr16-30428697-30430812	5
0.578162686468755	0.392513175094341	0.278	0.213	1	chr19-40424871-40426716	5
0.580544670017084	0.386330068295596	0.278	0.234	1	chr1-170531002-170532976	5
0.580544670017084	0.360979254710257	0.278	0.234	1	chr3-100001476-100003748	5
0.580544670017084	0.365607399655979	0.278	0.234	1	chr12-27022007-27023364	5
0.580544670017084	0.443405767371505	0.278	0.234	1	chr22-29342232-29344859	5
0.580666665858815	0.423508654334544	0.222	0.17	1	chr3-183291017-183292379	5
0.580666665858815	0.567798242656398	0.222	0.17	1	chr4-49160776-49161893	5
0.580666665858815	0.456998070136528	0.222	0.17	1	chr6-131649545-131653399	5
0.580666665858815	0.46912196184803	0.222	0.17	1	chr7-56063529-56065557	5
0.580666665858815	0.475070065587205	0.222	0.17	1	chr12-51047475-51049184	5
0.580666665858815	0.453124896294535	0.222	0.17	1	chr16-70800332-70801718	5
0.580666665858815	0.478801936622102	0.222	0.17	1	chr19-12439921-12441674	5
0.580666665858815	0.393856215853444	0.222	0.17	1	chr19-37654346-37656518	5
0.580666665858815	0.447453829851338	0.222	0.17	1	chr20-19756768-19758815	5
0.580752868457553	0.513357961124981	0.167	0.106	1	chr1-1757932-1760123	5
0.580752868457553	0.604384500013588	0.167	0.106	1	chr1-99964722-99966739	5
0.580752868457553	0.531058790084287	0.167	0.106	1	chr2-28869618-28871043	5
0.580752868457553	0.556433098300784	0.167	0.106	1	chr2-91766216-91767042	5
0.580752868457553	0.614667451801215	0.167	0.106	1	chr3-111691228-111691928	5
0.580752868457553	0.484979720280641	0.167	0.106	1	chr4-169236737-169238846	5
0.580752868457553	0.283445145134842	0.167	0.106	1	chr6-26020128-26022553	5
0.580752868457553	0.556043247850275	0.167	0.106	1	chr6-129500808-129502326	5
0.580752868457553	0.543906246937567	0.167	0.106	1	chr7-69674581-69675439	5
0.580752868457553	0.559936839321917	0.167	0.106	1	chr7-105776722-105778129	5
0.580752868457553	0.589551625478291	0.167	0.106	1	chr10-6198901-6199824	5
0.580752868457553	0.473293041996388	0.167	0.106	1	chr10-100364351-100365632	5
0.580752868457553	0.412143863844708	0.167	0.106	1	chr11-107457156-107458443	5
0.580752868457553	0.549044469848693	0.167	0.106	1	chr11-119680412-119681947	5
0.580752868457553	0.427069857947588	0.167	0.106	1	chr12-8081166-8083154	5
0.580752868457553	0.409399158543458	0.167	0.106	1	chr12-31646799-31647822	5
0.580752868457553	0.424014129348766	0.167	0.106	1	chr12-38053474-38054446	5
0.580752868457553	0.445446632770524	0.167	0.106	1	chr15-38868213-38868956	5
0.580752868457553	0.553127898786422	0.167	0.106	1	chrX-125202828-125205876	5
0.580752868457553	0.38147193738303	0.167	0.106	1	chrX-134372695-134374632	5
0.582280886004054	0.284507263085295	0.278	0.255	1	chr2-229921046-229923575	5
0.582280886004054	0.542185730568212	0.278	0.255	1	chr7-158827817-158830604	5
0.582419815979727	0.513425040163654	0.222	0.149	1	chr1-85258766-85260355	5
0.582419815979727	0.453891874130809	0.222	0.149	1	chr7-135661645-135663503	5
0.582419815979727	0.326756879952335	0.222	0.149	1	chr7-155456596-155459392	5
0.582419815979727	0.451149324910491	0.222	0.149	1	chr12-71754141-71756491	5
0.582419815979727	0.341440659218498	0.222	0.149	1	chrX-129930908-129933087	5
0.583042413310658	0.260778517402693	0.389	0.34	1	chr1-209782958-209788861	5
0.583042413310658	0.251666761134476	0.389	0.34	1	chr3-69050749-69053161	5
0.583042413310658	0.280845163651895	0.389	0.34	1	chr16-20899628-20902813	5
0.583457942572935	0.289066668524605	0.333	0.255	1	chr5-76818064-76821322	5
0.583457942572935	0.326743561079458	0.333	0.255	1	chr7-7114172-7115677	5
0.584404470866186	0.281410547987031	0.333	0.298	1	chr11-34104082-34107346	5
0.590428024022094	0.316863301862032	0.333	0.277	1	chr3-52535807-52538264	5
0.590428024022094	0.334879969891372	0.333	0.277	1	chr22-29552774-29554636	5
0.591196799936298	0.630029314982388	0.167	0.128	1	chr1-168919940-168921513	5
0.591196799936298	0.629510409927721	0.167	0.128	1	chr2-38601568-38603987	5
0.591196799936298	0.659894534837487	0.167	0.128	1	chr3-59049311-59050640	5
0.591196799936298	0.619677585615691	0.167	0.128	1	chr3-141191963-141192837	5
0.591196799936298	0.691463729295205	0.167	0.128	1	chr4-5709144-5712138	5
0.591196799936298	0.513515036344734	0.167	0.128	1	chr4-20773155-20775869	5
0.591196799936298	0.535709376259728	0.167	0.128	1	chr4-68669956-68671987	5
0.591196799936298	0.564239793685723	0.167	0.128	1	chr5-154118513-154119463	5
0.591196799936298	0.481016026743835	0.167	0.128	1	chr6-4319460-4321513	5
0.591196799936298	0.523375150495436	0.167	0.128	1	chr6-157556276-157557848	5
0.591196799936298	0.573351852342034	0.167	0.128	1	chr6-168388270-168389778	5
0.591196799936298	0.604136602667539	0.167	0.128	1	chr8-11650678-11651938	5
0.591196799936298	0.618280848837317	0.167	0.128	1	chr8-38467457-38469107	5
0.591196799936298	0.527951411799623	0.167	0.128	1	chr8-58479686-58481187	5
0.591196799936298	0.651240419406049	0.167	0.128	1	chr8-109522500-109523227	5
0.591196799936298	0.493692893999312	0.167	0.128	1	chr8-127507150-127509351	5
0.591196799936298	0.631201265634019	0.167	0.128	1	chr9-32571971-32573721	5
0.591196799936298	0.519442693749248	0.167	0.128	1	chr9-137268345-137270549	5
0.591196799936298	0.495646910407029	0.167	0.128	1	chr11-19712055-19713432	5
0.591196799936298	0.490714595099332	0.167	0.128	1	chr11-111870508-111872200	5
0.591196799936298	0.682730186583107	0.167	0.128	1	chr12-50056946-50058141	5
0.591196799936298	0.564112478290399	0.167	0.128	1	chr14-51533329-51535275	5
0.591196799936298	0.520493849982886	0.167	0.128	1	chr14-104863949-104866909	5
0.591196799936298	0.588005107195154	0.167	0.128	1	chr15-68812567-68814000	5
0.591196799936298	0.568458743748159	0.167	0.128	1	chr15-82067151-82068160	5
0.591196799936298	0.519190956214431	0.167	0.128	1	chr17-40176224-40177936	5
0.591196799936298	0.553902375336872	0.167	0.128	1	chr18-57437594-57438430	5
0.591196799936298	0.574529990155137	0.167	0.128	1	chr19-47256091-47258167	5
0.591196799936298	0.584882884183834	0.167	0.128	1	chr20-35663422-35665442	5
0.591196799936298	0.66715169969137	0.167	0.128	1	chr22-50182255-50184588	5
0.591812868090409	0.37635022443452	0.278	0.213	1	chr1-205983681-205984731	5
0.591812868090409	0.3425428621985	0.278	0.213	1	chr3-48501963-48505207	5
0.591812868090409	0.374215529771032	0.278	0.213	1	chr3-185497484-185499605	5
0.591812868090409	0.352695885068763	0.278	0.213	1	chr5-10440916-10443094	5
0.591812868090409	0.449206898529231	0.278	0.213	1	chr5-55822598-55825331	5
0.591812868090409	0.36779182346169	0.278	0.213	1	chr11-534266-538268	5
0.591812868090409	0.345202970711548	0.278	0.213	1	chr12-62602223-62604130	5
0.591812868090409	0.368101796317113	0.278	0.213	1	chrX-112840037-112842186	5
0.592207463224196	0.261708694391161	0.389	0.383	1	chr14-49632845-49636283	5
0.592582026050328	0.41489590143611	0.222	0.191	1	chr10-5546481-5549304	5
0.592582026050328	0.57323849256864	0.222	0.191	1	chr22-41587229-41590612	5
0.593895001406827	0.359055553273429	0.278	0.234	1	chr1-205661447-205665733	5
0.593895001406827	0.418947705386865	0.278	0.234	1	chr1-220044791-220047300	5
0.593895001406827	0.379972126736416	0.278	0.234	1	chr3-184174113-184175972	5
0.593895001406827	0.342430819582085	0.278	0.234	1	chr15-90901795-90904448	5
0.593895001406827	0.428308183632646	0.278	0.234	1	chr17-18257231-18259293	5
0.595593414648798	0.418905903178876	0.222	0.17	1	chr1-153945211-153947338	5
0.595593414648798	0.5035055010076	0.222	0.17	1	chr2-74481875-74483802	5
0.595593414648798	0.464313900332009	0.222	0.17	1	chr3-158801194-158802931	5
0.595593414648798	0.358553315101977	0.222	0.17	1	chr5-95821757-95823404	5
0.595593414648798	0.460083312145281	0.222	0.17	1	chr6-4020606-4022923	5
0.595593414648798	0.42187622271653	0.222	0.17	1	chr7-73821992-73823738	5
0.595593414648798	0.472281220463094	0.222	0.17	1	chr7-76313966-76314964	5
0.595593414648798	0.378303161611733	0.222	0.17	1	chr7-100022338-100024496	5
0.595593414648798	0.343896859047797	0.222	0.17	1	chr8-63038218-63040704	5
0.595593414648798	0.422795518075907	0.222	0.17	1	chr9-90419235-90421619	5
0.595593414648798	0.497172572384159	0.222	0.17	1	chr10-102460679-102462185	5
0.595593414648798	0.590195841963419	0.222	0.17	1	chr10-119006233-119007833	5
0.595593414648798	0.345283785793037	0.222	0.17	1	chr10-132064420-132067481	5
0.595593414648798	0.394564766125896	0.222	0.17	1	chr12-96046274-96049024	5
0.595593414648798	0.496999611682985	0.222	0.17	1	chr17-59327106-59333161	5
0.595814097499104	0.301296391227254	0.389	0.319	1	chr3-149812034-149814621	5
0.595814097499104	0.280008215226403	0.389	0.319	1	chr8-144102498-144105699	5
0.596283236911296	0.312542554193034	0.333	0.255	1	chr1-36373473-36375348	5
0.59678509818762	0.314381689212924	0.333	0.298	1	chr2-3377202-3378591	5
0.59790851059718	0.372242565148071	0.222	0.149	1	chr2-117957698-117958884	5
0.59790851059718	0.394549908676171	0.222	0.149	1	chr7-45110223-45112643	5
0.59790851059718	0.305806066405779	0.222	0.149	1	chr7-157336205-157338582	5
0.598473020002421	0.439363444569091	0.167	0.106	1	chr3-151085153-151087311	5
0.598473020002421	0.580291090920375	0.167	0.106	1	chr4-31415351-31416226	5
0.598473020002421	0.465795987214777	0.167	0.106	1	chr4-170708424-170709269	5
0.598473020002421	0.474049323920687	0.167	0.106	1	chr5-148469039-148470155	5
0.598473020002421	0.598734673055508	0.167	0.106	1	chr6-143743806-143746417	5
0.598473020002421	0.536176582514982	0.167	0.106	1	chr8-102585084-102586334	5
0.598473020002421	0.397084246461141	0.167	0.106	1	chr10-75408579-75410126	5
0.598473020002421	0.514681138178366	0.167	0.106	1	chr12-10220040-10221184	5
0.598473020002421	0.539553073469916	0.167	0.106	1	chr14-58151599-58152856	5
0.598473020002421	0.532943743979643	0.167	0.106	1	chr15-65906246-65906901	5
0.598473020002421	0.496134610374421	0.167	0.106	1	chr16-19384566-19385310	5
0.598473020002421	0.606767301930974	0.167	0.106	1	chr20-30500345-30500960	5
0.601945425827418	0.356727544009852	0.333	0.234	1	chr7-30593628-30596951	5
0.602597802945652	0.419133341996156	0.333	0.319	1	chr18-59898935-59901389	5
0.603083602732025	0.378258722627407	0.333	0.277	1	chr4-788408-795118	5
0.603829689089892	0.296054278787194	0.389	0.383	1	chr7-100538330-100540588	5
0.605609181897646	0.332703092459368	0.278	0.213	1	chr2-24122470-24124389	5
0.605609181897646	0.308592690401413	0.278	0.213	1	chr6-32893832-32895648	5
0.607172389453268	0.393823451154698	0.222	0.191	1	chr1-3623901-3626178	5
0.607172389453268	0.473813257431698	0.222	0.191	1	chr9-113220469-113223512	5
0.607172389453268	0.437084800114264	0.222	0.191	1	chr13-39036358-39039557	5
0.607172389453268	0.543418582678144	0.222	0.191	1	chr15-52018658-52023709	5
0.607384063678961	0.391439273122997	0.278	0.234	1	chr2-25310405-25313116	5
0.608169046794393	0.535628188310824	0.167	0.128	1	chr1-7571949-7575158	5
0.608169046794393	0.565441214890655	0.167	0.128	1	chr1-53196091-53198998	5
0.608169046794393	0.520424872253684	0.167	0.128	1	chr1-157505401-157506427	5
0.608169046794393	0.510948524471619	0.167	0.128	1	chr1-187837439-187839266	5
0.608169046794393	0.676675296317049	0.167	0.128	1	chr1-211919944-211921222	5
0.608169046794393	0.606992020992839	0.167	0.128	1	chr1-212979783-212982864	5
0.608169046794393	0.594051273134808	0.167	0.128	1	chr1-215635941-215637792	5
0.608169046794393	0.560080793652412	0.167	0.128	1	chr2-9473401-9475731	5
0.608169046794393	0.48117087162831	0.167	0.128	1	chr2-55268444-55270162	5
0.608169046794393	0.514602381269645	0.167	0.128	1	chr3-184185275-184187152	5
0.608169046794393	0.555762923368583	0.167	0.128	1	chr5-15833080-15835667	5
0.608169046794393	0.532415975688975	0.167	0.128	1	chr5-122844216-122848140	5
0.608169046794393	0.553813053483021	0.167	0.128	1	chr5-168268717-168270596	5
0.608169046794393	0.638609955463327	0.167	0.128	1	chr6-17392984-17394797	5
0.608169046794393	0.462314796584178	0.167	0.128	1	chr6-143157889-143159490	5
0.608169046794393	0.519936215912163	0.167	0.128	1	chr6-158142324-158143334	5
0.608169046794393	0.545007508531586	0.167	0.128	1	chr7-148844-150448	5
0.608169046794393	0.500644724453742	0.167	0.128	1	chr7-38304797-38306828	5
0.608169046794393	0.487940168719756	0.167	0.128	1	chr7-122637426-122638635	5
0.608169046794393	0.529034697006604	0.167	0.128	1	chr7-143262866-143264434	5
0.608169046794393	0.645701566513792	0.167	0.128	1	chr7-149459090-149461275	5
0.608169046794393	0.557826668111533	0.167	0.128	1	chr9-124010950-124012180	5
0.608169046794393	0.542814234187111	0.167	0.128	1	chr9-133346223-133349647	5
0.608169046794393	0.529536400170789	0.167	0.128	1	chr11-19027892-19028841	5
0.608169046794393	0.65882630673325	0.167	0.128	1	chr12-57725816-57728162	5
0.608169046794393	0.456595181808683	0.167	0.128	1	chr12-110042157-110044375	5
0.608169046794393	0.654092873817536	0.167	0.128	1	chr12-112124987-112126454	5
0.608169046794393	0.54083132746223	0.167	0.128	1	chr13-23374904-23376194	5
0.608169046794393	0.511052773469502	0.167	0.128	1	chr13-100544525-100545831	5
0.608169046794393	0.546346606098304	0.167	0.128	1	chr17-35586760-35590635	5
0.608169046794393	0.566263746960725	0.167	0.128	1	chr17-37146783-37148741	5
0.608169046794393	0.524227157796944	0.167	0.128	1	chr17-49729048-49731143	5
0.608169046794393	0.514408862660837	0.167	0.128	1	chr18-35971662-35973843	5
0.608169046794393	0.585522141822519	0.167	0.128	1	chr18-37298785-37300468	5
0.608169046794393	0.559543756408805	0.167	0.128	1	chr19-2949896-2951447	5
0.608169046794393	0.557050715174353	0.167	0.128	1	chr19-50328276-50330061	5
0.609235441488315	0.326209710678187	0.333	0.255	1	chr1-204515724-204517263	5
0.609235441488315	0.292630819071157	0.333	0.255	1	chr14-73784167-73788234	5
0.609283738603956	0.272103451812816	0.333	0.298	1	chr4-143512681-143515269	5
0.609283738603956	0.370173316927039	0.333	0.298	1	chr8-55771334-55775338	5
0.609283738603956	0.407439412066964	0.333	0.298	1	chr17-74756743-74762368	5
0.609283738603956	0.308266680417641	0.333	0.298	1	chr19-56313808-56315748	5
0.61069277023189	0.459423894974085	0.222	0.17	1	chr1-118100555-118102451	5
0.61069277023189	0.384689360079541	0.222	0.17	1	chr3-45617215-45618925	5
0.61069277023189	0.405659346038046	0.222	0.17	1	chr3-182738615-182741245	5
0.61069277023189	0.444092454045369	0.222	0.17	1	chr3-188832161-188833812	5
0.61069277023189	0.423836285844573	0.222	0.17	1	chr5-80082483-80084126	5
0.61069277023189	0.415694841054407	0.222	0.17	1	chr6-169789397-169791313	5
0.61069277023189	0.378333788162907	0.222	0.17	1	chr7-139690826-139693556	5
0.61069277023189	0.396463640001285	0.222	0.17	1	chr9-96853493-96854930	5
0.61069277023189	0.429476753697497	0.222	0.17	1	chr11-60657853-60659011	5
0.61069277023189	0.403392540982608	0.222	0.17	1	chr11-71451753-71455219	5
0.61069277023189	0.414611899992479	0.222	0.17	1	chr12-6752064-6754312	5
0.61069277023189	0.438518484868933	0.222	0.17	1	chr12-54378741-54380261	5
0.61069277023189	0.419915744356949	0.222	0.17	1	chr14-57389460-57392061	5
0.61069277023189	0.382872311203668	0.222	0.17	1	chr16-85321412-85322950	5
0.61069277023189	0.423442051883557	0.222	0.17	1	chr19-29714479-29717143	5
0.61069277023189	0.423244757704824	0.222	0.17	1	chr19-58513395-58516923	5
0.61358162142777	0.351451405173302	0.222	0.149	1	chr7-66843824-66845966	5
0.61358162142777	0.392999231422836	0.222	0.149	1	chr14-55050859-55053922	5
0.61358162142777	0.383492106497688	0.222	0.149	1	chr20-44959205-44961086	5
0.613592544043476	0.315070950585054	0.444	0.383	1	chr1-119138742-119141633	5
0.614951189760664	0.339282271942096	0.333	0.319	1	chr12-98502694-98504978	5
0.615219170388894	0.305570800284658	0.333	0.234	1	chr1-180229005-180232419	5
0.61555330005241	0.313453868765526	0.389	0.383	1	chr3-129438642-129442106	5
0.616434488620786	0.379774346480165	0.167	0.106	1	chr6-35331951-35332922	5
0.617311660396767	0.322684399033509	0.444	0.34	1	chr5-64767178-64769772	5
0.617311660396767	0.265398499542053	0.389	0.362	1	chr10-16816704-16818505	5
0.61793883092126	0.268822275172958	0.5	0.426	1	chr3-194684662-194692314	5
0.619547693973085	0.286893889861947	0.278	0.213	1	chr10-92891998-92893090	5
0.619547693973085	0.344004717860053	0.278	0.213	1	chr14-51094677-51095645	5
0.619547693973085	0.352688066755904	0.278	0.213	1	chr15-41659895-41662400	5
0.619547693973085	0.310498811452364	0.278	0.213	1	chr15-90529419-90531201	5
0.620143243011445	0.294018081812851	0.333	0.34	1	chr3-119497230-119499561	5
0.621008175852946	0.254665548049128	0.278	0.234	1	chr1-204505841-204508327	5
0.621897459913942	0.363240690169088	0.333	0.298	1	chr5-32172083-32175580	5
0.621897459913942	0.322874513306879	0.333	0.298	1	chr10-16436219-16438023	5
0.621903949000802	0.331978896346961	0.278	0.255	1	chr1-184482751-184485356	5
0.621903949000802	0.341290186579227	0.278	0.255	1	chr8-123415525-123417945	5
0.621921004188664	0.454898384205406	0.222	0.191	1	chr1-33429891-33431836	5
0.621921004188664	0.492576614830895	0.222	0.191	1	chr14-77376305-77377926	5
0.622311293669112	0.254559472708978	0.333	0.255	1	chr10-114525199-114527809	5
0.622311293669112	0.252356566116789	0.333	0.255	1	chr20-23360716-23363873	5
0.622311293669112	0.263181091111439	0.333	0.255	1	chr21-14382409-14384187	5
0.622311293669112	0.587965179916257	0.278	0.277	1	chr19-1166204-1170951	5
0.625269229620489	0.267631971873295	0.444	0.383	1	chr14-64986204-64988112	5
0.625355053799509	0.494445023774844	0.167	0.128	1	chr1-11011744-11013657	5
0.625355053799509	0.477560670042464	0.167	0.128	1	chr1-27392073-27393172	5
0.625355053799509	0.647953573006118	0.167	0.128	1	chr1-119765148-119769670	5
0.625355053799509	0.464549021298526	0.167	0.128	1	chr1-160973101-160974247	5
0.625355053799509	0.574593795471009	0.167	0.128	1	chr2-107774972-107776784	5
0.625355053799509	0.459357148443262	0.167	0.128	1	chr2-204533403-204534324	5
0.625355053799509	0.497527227925386	0.167	0.128	1	chr3-15331525-15333103	5
0.625355053799509	0.446378127255456	0.167	0.128	1	chr3-37227841-37229249	5
0.625355053799509	0.509670935981397	0.167	0.128	1	chr3-52210217-52211396	5
0.625355053799509	0.486857688833601	0.167	0.128	1	chr3-183300886-183302657	5
0.625355053799509	0.518185820244664	0.167	0.128	1	chr4-86855399-86856395	5
0.625355053799509	0.449893008442138	0.167	0.128	1	chr4-160364188-160366154	5
0.625355053799509	0.450199298279071	0.167	0.128	1	chr5-31638255-31639878	5
0.625355053799509	0.466706881057952	0.167	0.128	1	chr5-160039740-160040545	5
0.625355053799509	0.526659046346342	0.167	0.128	1	chr7-974033-975890	5
0.625355053799509	0.556709153165474	0.167	0.128	1	chr7-74501223-74503337	5
0.625355053799509	0.508661467991955	0.167	0.128	1	chr7-94583627-94584982	5
0.625355053799509	0.527118188468352	0.167	0.128	1	chr8-103020359-103021718	5
0.625355053799509	0.568580665970073	0.167	0.128	1	chr8-142776750-142778472	5
0.625355053799509	0.713594145393741	0.167	0.128	1	chr10-21516117-21518532	5
0.625355053799509	0.556265157516084	0.167	0.128	1	chr10-47383831-47385087	5
0.625355053799509	0.449288103130528	0.167	0.128	1	chr11-40227769-40229370	5
0.625355053799509	0.500662353970466	0.167	0.128	1	chr11-62611523-62614913	5
0.625355053799509	0.463098367032638	0.167	0.128	1	chr11-121118400-121119858	5
0.625355053799509	0.47212835715668	0.167	0.128	1	chr15-23545837-23547159	5
0.625355053799509	0.410271114674257	0.167	0.128	1	chr16-14095973-14098448	5
0.625355053799509	0.665510488681306	0.167	0.128	1	chr16-23316935-23318171	5
0.625355053799509	0.534281428083571	0.167	0.128	1	chr17-81081962-81085937	5
0.625355053799509	0.4916407267678	0.167	0.128	1	chr18-46915732-46918236	5
0.625355053799509	0.684012369547607	0.167	0.128	1	chr19-632426-634566	5
0.625355053799509	0.572069207260332	0.167	0.128	1	chr20-542909-544534	5
0.625355053799509	0.505453595974819	0.167	0.128	1	chr20-22452313-22453663	5
0.625355053799509	0.557637967039404	0.167	0.128	1	chr20-49812226-49813854	5
0.625355053799509	0.655526137784409	0.167	0.128	1	chr22-18055752-18058365	5
0.625355053799509	0.488083083605439	0.167	0.128	1	chr22-46660305-46661965	5
0.625959562554095	0.368523516682381	0.222	0.17	1	chr1-67645417-67647810	5
0.625959562554095	0.348791719467457	0.222	0.17	1	chr2-219175932-219179119	5
0.625959562554095	0.321884836883639	0.222	0.17	1	chr3-128333986-128336577	5
0.625959562554095	0.407914514522883	0.222	0.17	1	chr6-116667744-116669148	5
0.625959562554095	0.336673417551265	0.222	0.17	1	chr7-77684903-77686034	5
0.625959562554095	0.346887713806358	0.222	0.17	1	chr17-44946895-44948335	5
0.625959562554095	0.338307586299347	0.222	0.17	1	chr20-63738718-63741948	5
0.628753499154036	0.392044685326894	0.333	0.277	1	chr1-247330460-247337703	5
0.628753499154036	0.300543276647132	0.333	0.277	1	chr2-31233257-31234876	5
0.628753499154036	0.349969144528553	0.333	0.277	1	chr10-132516260-132520947	5
0.628753499154036	0.341968921906351	0.333	0.277	1	chr19-58326460-58328122	5
0.63185901195366	0.310149906247111	0.222	0.213	1	chr1-159867115-159868558	5
0.63185901195366	0.488385003305433	0.222	0.213	1	chr4-122151230-122153396	5
0.633624317132711	0.326906462267134	0.278	0.213	1	chr3-15205600-15207640	5
0.633624317132711	0.343151003441596	0.278	0.213	1	chr6-47308076-47310514	5
0.633624317132711	0.254542557788542	0.278	0.213	1	chr10-87091647-87096038	5
0.634623228571407	0.324590757314419	0.333	0.298	1	chr2-96856617-96859112	5
0.63462855183438	0.509884579022556	0.167	0.106	1	chr8-113046254-113046953	5
0.634763518068502	0.350398561021235	0.278	0.234	1	chr1-33054906-33056217	5
0.634763518068502	0.339753093550659	0.278	0.234	1	chr4-102500232-102504124	5
0.634763518068502	0.308171618230306	0.278	0.234	1	chr10-21172191-21175687	5
0.634763518068502	0.271238080251152	0.278	0.234	1	chr10-84138759-84140893	5
0.635507413839427	0.322814588440093	0.333	0.255	1	chr13-29593850-29596445	5
0.636823023562792	0.468165825624704	0.222	0.191	1	chr1-165768204-165770211	5
0.636823023562792	0.498623081031296	0.222	0.191	1	chr1-171342739-171345003	5
0.636823023562792	0.369023172246346	0.222	0.191	1	chr3-120660879-120662664	5
0.636823023562792	0.330632333462967	0.222	0.191	1	chr3-170180019-170182079	5
0.636823023562792	0.362641505965977	0.222	0.191	1	chr11-49206548-49209375	5
0.636823023562792	0.402715889829063	0.222	0.191	1	chr12-12786363-12789227	5
0.636823023562792	0.5402723648294	0.222	0.191	1	chr14-35291500-35293559	5
0.636823023562792	0.454236030091262	0.222	0.191	1	chr16-31141412-31143263	5
0.636823023562792	0.294401561900342	0.222	0.191	1	chr16-50065609-50067016	5
0.636823023562792	0.383201521870515	0.222	0.191	1	chrX-56562976-56565585	5
0.639985511788698	0.257035636691452	0.333	0.319	1	chr1-220784438-220788357	5
0.641388406248645	0.421719929106753	0.222	0.17	1	chr1-27365170-27367483	5
0.641388406248645	0.275379711785622	0.222	0.17	1	chr1-185044841-185047409	5
0.641388406248645	0.355415454076417	0.222	0.17	1	chr1-235078548-235080508	5
0.641388406248645	0.375057713065254	0.222	0.17	1	chr2-199850209-199851691	5
0.641388406248645	0.399432048993804	0.222	0.17	1	chr7-124764859-124766641	5
0.641388406248645	0.370440546898408	0.222	0.17	1	chr8-144785832-144789758	5
0.641388406248645	0.3604229166169	0.222	0.17	1	chr9-33816323-33818957	5
0.641388406248645	0.3376126947958	0.222	0.17	1	chr10-73357184-73359523	5
0.641388406248645	0.371893681773526	0.222	0.17	1	chr10-118341653-118342982	5
0.641388406248645	0.394558317094461	0.222	0.17	1	chr11-62572678-62574979	5
0.641388406248645	0.387615972263438	0.222	0.17	1	chr11-70397416-70400237	5
0.641388406248645	0.359060879285745	0.222	0.17	1	chr12-989725-991859	5
0.641388406248645	0.370461575646104	0.222	0.17	1	chr17-48107008-48109014	5
0.641388406248645	0.30530066465938	0.222	0.17	1	chr17-51165354-51167793	5
0.641388406248645	0.400499466950923	0.222	0.17	1	chr20-32741911-32745620	5
0.641388406248645	0.454358582966221	0.222	0.17	1	chr22-17158090-17160426	5
0.641388406248645	0.371937361472091	0.222	0.17	1	chrX-47835765-47837188	5
0.641761424014133	0.296899233175732	0.333	0.277	1	chr5-6632045-6634417	5
0.642747144389961	0.363262015514214	0.167	0.128	1	chr1-6958484-6961184	5
0.642747144389961	0.476631278660848	0.167	0.128	1	chr1-16091080-16091848	5
0.642747144389961	0.446541457596099	0.167	0.128	1	chr1-58941645-58943624	5
0.642747144389961	0.49255252894507	0.167	0.128	1	chr1-84846979-84848294	5
0.642747144389961	0.384950073239949	0.167	0.128	1	chr2-16661188-16662032	5
0.642747144389961	0.479914589814417	0.167	0.128	1	chr2-32627558-32628749	5
0.642747144389961	0.474445571584385	0.167	0.128	1	chr2-97645064-97646789	5
0.642747144389961	0.444738537117203	0.167	0.128	1	chr2-224485039-224486535	5
0.642747144389961	0.477543419084926	0.167	0.128	1	chr3-4564731-4567390	5
0.642747144389961	0.413605702372952	0.167	0.128	1	chr3-184371115-184372380	5
0.642747144389961	0.440939317645276	0.167	0.128	1	chr4-6639619-6643686	5
0.642747144389961	0.546164097306068	0.167	0.128	1	chr4-176195073-176196140	5
0.642747144389961	0.467223098170882	0.167	0.128	1	chr4-183098451-183099722	5
0.642747144389961	0.455707460599628	0.167	0.128	1	chr4-184968396-184969455	5
0.642747144389961	0.509113226883268	0.167	0.128	1	chr5-10305723-10308268	5
0.642747144389961	0.438047168695931	0.167	0.128	1	chr5-17305066-17306884	5
0.642747144389961	0.539684847136523	0.167	0.128	1	chr6-108835144-108835704	5
0.642747144389961	0.429234431586003	0.167	0.128	1	chr7-55265509-55267183	5
0.642747144389961	0.464862124772623	0.167	0.128	1	chr7-129853191-129855646	5
0.642747144389961	0.499280113148082	0.167	0.128	1	chr8-71058446-71060177	5
0.642747144389961	0.440701457093978	0.167	0.128	1	chr8-79890345-79891275	5
0.642747144389961	0.42490102123714	0.167	0.128	1	chr8-141289117-141291085	5
0.642747144389961	0.430201988209144	0.167	0.128	1	chr9-33229162-33230149	5
0.642747144389961	0.488780471324112	0.167	0.128	1	chr9-37902761-37905100	5
0.642747144389961	0.545508942361516	0.167	0.128	1	chr10-43605756-43607427	5
0.642747144389961	0.521372875121034	0.167	0.128	1	chr10-103966407-103968467	5
0.642747144389961	0.554527504772615	0.167	0.128	1	chr11-107839885-107841195	5
0.642747144389961	0.45184209544781	0.167	0.128	1	chr12-51950937-51952599	5
0.642747144389961	0.352134465745183	0.167	0.128	1	chr14-91835403-91837219	5
0.642747144389961	0.490599475099862	0.167	0.128	1	chr14-99578403-99580663	5
0.642747144389961	0.510394410810641	0.167	0.128	1	chr16-54075274-54076704	5
0.642747144389961	0.38558543689477	0.167	0.128	1	chr16-70614074-70615254	5
0.642747144389961	0.561465183635635	0.167	0.128	1	chr16-85798515-85800775	5
0.642747144389961	0.442287694425811	0.167	0.128	1	chr16-88856204-88858233	5
0.642747144389961	0.462426126603229	0.167	0.128	1	chr17-37273237-37275112	5
0.642747144389961	0.44710048710167	0.167	0.128	1	chr17-44898336-44900351	5
0.642747144389961	0.483288194578749	0.167	0.128	1	chr18-36453510-36455506	5
0.642747144389961	0.534355610747465	0.167	0.128	1	chr18-46103857-46105430	5
0.642747144389961	0.519127246563673	0.167	0.128	1	chr19-19202420-19203980	5
0.642747144389961	0.506119971981993	0.167	0.128	1	chr19-49630419-49631895	5
0.642747144389961	0.451141102344469	0.167	0.128	1	chr19-50921542-50922859	5
0.642747144389961	0.650807130859743	0.167	0.128	1	chr19-55634491-55636078	5
0.642747144389961	0.446966334848428	0.167	0.128	1	chr20-9306160-9308691	5
0.642747144389961	0.539688325410299	0.167	0.128	1	chr20-43656724-43658957	5
0.642747144389961	0.451296600196587	0.167	0.128	1	chrX-82813472-82814264	5
0.645457683785957	0.34730419381412	0.222	0.149	1	chr1-53592378-53593510	5
0.645457683785957	0.360418234961044	0.222	0.149	1	chr2-37083626-37085201	5
0.645457683785957	0.36759497400413	0.222	0.149	1	chr7-74464700-74468163	5
0.645457683785957	0.274965053856588	0.222	0.149	1	chr10-17642986-17645062	5
0.646310166773278	0.250060440008225	0.389	0.298	1	chr18-32468572-32471701	5
0.647457911707994	0.285391673675947	0.333	0.298	1	chr5-172186966-172189118	5
0.647834814236001	0.28154375220863	0.278	0.213	1	chr5-132367425-132371941	5
0.648646134549774	0.28409772763128	0.278	0.234	1	chr1-27348945-27350514	5
0.648646134549774	0.252070418438817	0.278	0.234	1	chr1-71079513-71082206	5
0.648646134549774	0.300869212437458	0.278	0.234	1	chr2-119365360-119368170	5
0.648646134549774	0.307386230423088	0.278	0.234	1	chr3-15063947-15065841	5
0.648646134549774	0.347052397148898	0.278	0.234	1	chr3-113535873-113537960	5
0.648646134549774	0.251218571161864	0.278	0.234	1	chr4-22514277-22517145	5
0.648646134549774	0.258178596213395	0.278	0.234	1	chr14-29819912-29823270	5
0.648646134549774	0.283910447692167	0.278	0.234	1	chr16-20804611-20807522	5
0.648646134549774	0.315267967916124	0.278	0.234	1	chr21-34887699-34890484	5
0.648646134549774	0.263210888758593	0.278	0.234	1	chrX-47649776-47651520	5
0.648820307827991	0.27341556555594	0.333	0.255	1	chr10-86399671-86401456	5
0.648820307827991	0.305152293951771	0.278	0.277	1	chr10-110915653-110917220	5
0.648951798287247	0.332732604410924	0.278	0.255	1	chr1-151546938-151549784	5
0.648951798287247	0.319395217158918	0.278	0.255	1	chr3-9808492-9810908	5
0.651873414702452	0.350624676100924	0.222	0.191	1	chr1-64536051-64537795	5
0.651873414702452	0.452028795296545	0.222	0.191	1	chr5-132829297-132832055	5
0.651873414702452	0.465959795717584	0.222	0.191	1	chr7-55963922-55967588	5
0.651873414702452	0.429260663577519	0.222	0.191	1	chr9-98145883-98147137	5
0.651873414702452	0.269237060698121	0.222	0.191	1	chr10-3809676-3810746	5
0.651873414702452	0.334286990571573	0.222	0.191	1	chr12-30792285-30793720	5
0.651873414702452	0.365197765523817	0.222	0.191	1	chr12-56157318-56159805	5
0.651873414702452	0.336958083780268	0.222	0.191	1	chr22-36480944-36482447	5
0.653046065384792	0.459954599147322	0.167	0.106	1	chr4-986176-988645	5
0.654880227934487	0.277758711849803	0.333	0.277	1	chr6-125153292-125156271	5
0.656973705920375	0.366000295809995	0.222	0.17	1	chr1-211674860-211676373	5
0.656973705920375	0.289538543258544	0.222	0.17	1	chr2-24083699-24085324	5
0.656973705920375	0.31920029804953	0.222	0.17	1	chr2-217987716-217989128	5
0.656973705920375	0.352422255591603	0.222	0.17	1	chr7-47978461-47979933	5
0.656973705920375	0.337284510434819	0.222	0.17	1	chr8-42540581-42543506	5
0.656973705920375	0.438154109487946	0.222	0.17	1	chr9-124077679-124079662	5
0.656973705920375	0.364064314304967	0.222	0.17	1	chr16-4424581-4427181	5
0.656973705920375	0.494949638870281	0.222	0.17	1	chr17-67992457-67996097	5
0.656973705920375	0.311765607853739	0.222	0.17	1	chr20-4869078-4870387	5
0.656973705920375	0.351633682360812	0.222	0.17	1	chrX-49154928-49156809	5
0.657422964427036	0.34785054167544	0.389	0.319	1	chr19-13162311-13164105	5
0.660337302900125	0.426558172408394	0.167	0.128	1	chr1-3942395-3943549	5
0.660337302900125	0.435738706262397	0.167	0.128	1	chr1-7782997-7784856	5
0.660337302900125	0.37022537304577	0.167	0.128	1	chr1-42922872-42925197	5
0.660337302900125	0.511534908402793	0.167	0.128	1	chr1-149899113-149900922	5
0.660337302900125	0.33750619716371	0.167	0.128	1	chr1-151398904-151400466	5
0.660337302900125	0.498336134205526	0.167	0.128	1	chr1-197222032-197223090	5
0.660337302900125	0.443743141003605	0.167	0.128	1	chr2-3379271-3380739	5
0.660337302900125	0.406095606189443	0.167	0.128	1	chr2-32427477-32428980	5
0.660337302900125	0.434443344640142	0.167	0.128	1	chr2-147841827-147846025	5
0.660337302900125	0.513494080782059	0.167	0.128	1	chr2-162732166-162733838	5
0.660337302900125	0.383133438216126	0.167	0.128	1	chr2-202112896-202114423	5
0.660337302900125	0.392229180048788	0.167	0.128	1	chr2-239303744-239305548	5
0.660337302900125	0.408390932641831	0.167	0.128	1	chr3-194002694-194004173	5
0.660337302900125	0.41097087803621	0.167	0.128	1	chr4-42708321-42710919	5
0.660337302900125	0.441588400579509	0.167	0.128	1	chr4-133263987-133265145	5
0.660337302900125	0.362699740960101	0.167	0.128	1	chr4-152308676-152309808	5
0.660337302900125	0.404906695435794	0.167	0.128	1	chr5-43309426-43310422	5
0.660337302900125	0.380315398500717	0.167	0.128	1	chr5-68395701-68397329	5
0.660337302900125	0.425235273664311	0.167	0.128	1	chr5-73215768-73216790	5
0.660337302900125	0.468265090842847	0.167	0.128	1	chr5-149492632-149494190	5
0.660337302900125	0.4220437988232	0.167	0.128	1	chr6-37353515-37355647	5
0.660337302900125	0.404351688858676	0.167	0.128	1	chr6-110949480-110953169	5
0.660337302900125	0.398752155625292	0.167	0.128	1	chr6-146302701-146304396	5
0.660337302900125	0.516097801023371	0.167	0.128	1	chr7-55180618-55182606	5
0.660337302900125	0.468580817135068	0.167	0.128	1	chr7-127391373-127393694	5
0.660337302900125	0.415891595882261	0.167	0.128	1	chr7-151494090-151495401	5
0.660337302900125	0.42562005431194	0.167	0.128	1	chr8-37513974-37514885	5
0.660337302900125	0.507654037096204	0.167	0.128	1	chr8-57854797-57856440	5
0.660337302900125	0.465650407509707	0.167	0.128	1	chr9-108963194-108964188	5
0.660337302900125	0.468283719349853	0.167	0.128	1	chr9-135438339-135439438	5
0.660337302900125	0.47000667015597	0.167	0.128	1	chr10-969901-972094	5
0.660337302900125	0.434699556913277	0.167	0.128	1	chr10-46786533-46787686	5
0.660337302900125	0.380226122277247	0.167	0.128	1	chr10-51073777-51075395	5
0.660337302900125	0.444311620833287	0.167	0.128	1	chr10-79157066-79160479	5
0.660337302900125	0.467635023916506	0.167	0.128	1	chr11-62621232-62622779	5
0.660337302900125	0.39855038215385	0.167	0.128	1	chr12-14513890-14514831	5
0.660337302900125	0.363945366433111	0.167	0.128	1	chr15-33149833-33151248	5
0.660337302900125	0.443388797772559	0.167	0.128	1	chr15-40160504-40161857	5
0.660337302900125	0.419453941080754	0.167	0.128	1	chr16-69036803-69038227	5
0.660337302900125	0.375305500326997	0.167	0.128	1	chr17-57106036-57108431	5
0.660337302900125	0.413179177715491	0.167	0.128	1	chr17-76262450-76263585	5
0.660337302900125	0.454091920016636	0.167	0.128	1	chr17-82751144-82753153	5
0.660337302900125	0.374738434230187	0.167	0.128	1	chr19-52269043-52271253	5
0.660337302900125	0.360418792427542	0.167	0.128	1	chr22-29882765-29884167	5
0.660337302900125	0.423685791666883	0.167	0.128	1	chr22-38981357-38982787	5
0.660398279302165	0.283261116002166	0.333	0.298	1	chr2-96815145-96817673	5
0.660398279302165	0.329469625637252	0.333	0.298	1	chr8-133293418-133298766	5
0.66114241751193	0.548539255663615	0.222	0.213	1	chr4-25233432-25235796	5
0.661648320493592	0.319825807156509	0.222	0.149	1	chr18-65905227-65907208	5
0.66265193680336	0.386558791346393	0.278	0.234	1	chr5-40754479-40756611	5
0.66265193680336	0.287765841417274	0.278	0.234	1	chr9-4489269-4492050	5
0.66265193680336	0.25074455401214	0.278	0.234	1	chr13-50080113-50084061	5
0.66265193680336	0.355017309298532	0.278	0.234	1	chr17-36543683-36546482	5
0.665436544570724	0.262599241237333	0.333	0.319	1	chr5-98785264-98792277	5
0.665436544570724	0.266659538013221	0.333	0.319	1	chr16-58024449-58028907	5
0.667066963340395	0.439628660074984	0.222	0.191	1	chr1-54763757-54765366	5
0.667066963340395	0.334794661676835	0.222	0.191	1	chr1-229269538-229272867	5
0.667066963340395	0.410238771493296	0.222	0.191	1	chr3-40308579-40310855	5
0.667066963340395	0.268790142482086	0.222	0.191	1	chr5-132226849-132228464	5
0.667066963340395	0.38078608972061	0.222	0.191	1	chr6-26103077-26104749	5
0.667066963340395	0.390371935277119	0.222	0.191	1	chr7-128476168-128477666	5
0.667066963340395	0.281326591315648	0.222	0.191	1	chr7-140923330-140925495	5
0.667066963340395	0.301632601000479	0.222	0.191	1	chr9-37591634-37593104	5
0.667066963340395	0.31636943467507	0.222	0.191	1	chr15-55497625-55498907	5
0.667066963340395	0.29601832563051	0.222	0.191	1	chr16-73070191-73072089	5
0.667066963340395	0.383089648792729	0.222	0.191	1	chr20-46405716-46407534	5
0.670047508978355	0.300356454667621	0.389	0.319	1	chr1-44673229-44675249	5
0.672709661882381	0.323532334854579	0.222	0.17	1	chr1-11483656-11486656	5
0.672709661882381	0.280974190094761	0.222	0.17	1	chr1-45010149-45013172	5
0.672709661882381	0.267179524907879	0.222	0.17	1	chr1-67561449-67562458	5
0.672709661882381	0.333676209962923	0.222	0.17	1	chr4-77861970-77864106	5
0.672709661882381	0.493494884885376	0.222	0.17	1	chr6-5003100-5004732	5
0.672709661882381	0.339654921754218	0.222	0.17	1	chr6-28789154-28791046	5
0.672709661882381	0.344588943869121	0.222	0.17	1	chr7-120841915-120842840	5
0.672709661882381	0.262770559622049	0.222	0.17	1	chr14-42192515-42194299	5
0.672709661882381	0.333073032680942	0.222	0.17	1	chr15-60615032-60616137	5
0.672709661882381	0.421359017889308	0.222	0.17	1	chr16-2473351-2476347	5
0.672709661882381	0.260552245151982	0.222	0.17	1	chr16-25134947-25136014	5
0.673441006492236	0.260185317285209	0.333	0.298	1	chr17-72150973-72152761	5
0.675781883590083	0.287252517406298	0.278	0.277	1	chr5-88140805-88142882	5
0.675984629352126	0.47969194284756	0.222	0.213	1	chr12-123250484-123252115	5
0.675984629352126	0.3255598344534	0.222	0.213	1	chr19-57319787-57321294	5
0.675984629352126	0.388857073598055	0.222	0.213	1	chrX-56994678-56996123	5
0.676470727592135	0.335193656741987	0.278	0.255	1	chr16-15885585-15889293	5
0.676639753678413	0.266561110559225	0.278	0.213	1	chr7-75914158-75916314	5
0.67677670704635	0.258572445590971	0.278	0.234	1	chr2-2613009-2614253	5
0.67677670704635	0.269286334253964	0.278	0.234	1	chr2-131104005-131107035	5
0.67677670704635	0.279111224363158	0.278	0.234	1	chr2-200887633-200890437	5
0.67677670704635	0.274612594842329	0.278	0.234	1	chr7-2629560-2633065	5
0.67677670704635	0.319510524600158	0.278	0.234	1	chr9-34178209-34180497	5
0.678117185007599	0.470130549330569	0.167	0.128	1	chr1-154607111-154609660	5
0.678117185007599	0.530874508833662	0.167	0.128	1	chr1-201042632-201043798	5
0.678117185007599	0.434857986399373	0.167	0.128	1	chr1-221886672-221887914	5
0.678117185007599	0.433156639761269	0.167	0.128	1	chr1-226082661-226084268	5
0.678117185007599	0.417844428539745	0.167	0.128	1	chr2-85420410-85422255	5
0.678117185007599	0.446053057601087	0.167	0.128	1	chr3-23255166-23257430	5
0.678117185007599	0.416135285828733	0.167	0.128	1	chr3-42544339-42545626	5
0.678117185007599	0.388723484521053	0.167	0.128	1	chr3-45994641-45996340	5
0.678117185007599	0.392333281931548	0.167	0.128	1	chr3-53879759-53882666	5
0.678117185007599	0.424450317664811	0.167	0.128	1	chr3-117463102-117464649	5
0.678117185007599	0.419748531520628	0.167	0.128	1	chr3-183697293-183699302	5
0.678117185007599	0.394516741426007	0.167	0.128	1	chr6-34526954-34527808	5
0.678117185007599	0.401902566132377	0.167	0.128	1	chr6-49667907-49668900	5
0.678117185007599	0.411676268884414	0.167	0.128	1	chr7-23759663-23760908	5
0.678117185007599	0.305537691803907	0.167	0.128	1	chr7-45919891-45921675	5
0.678117185007599	0.34340978750155	0.167	0.128	1	chr8-22743477-22744477	5
0.678117185007599	0.383753736798818	0.167	0.128	1	chr9-91359627-91362415	5
0.678117185007599	0.403794120837543	0.167	0.128	1	chr10-68599656-68600900	5
0.678117185007599	0.401524523791363	0.167	0.128	1	chr11-2901556-2903037	5
0.678117185007599	0.543575623302813	0.167	0.128	1	chr11-61688005-61689554	5
0.678117185007599	0.447624821929942	0.167	0.128	1	chr11-66346915-66348763	5
0.678117185007599	0.296610587770143	0.167	0.128	1	chr11-130636603-130639711	5
0.678117185007599	0.398732552734532	0.167	0.128	1	chr12-58919125-58921009	5
0.678117185007599	0.318973435247786	0.167	0.128	1	chr14-91154730-91156774	5
0.678117185007599	0.402049779194944	0.167	0.128	1	chr15-44662351-44664273	5
0.678117185007599	0.441298302600871	0.167	0.128	1	chr15-81337969-81340100	5
0.678117185007599	0.393200234371312	0.167	0.128	1	chr16-25014100-25015984	5
0.678117185007599	0.386076675404771	0.167	0.128	1	chr17-1454481-1457054	5
0.678117185007599	0.43384798012996	0.167	0.128	1	chr17-73196239-73197269	5
0.678117185007599	0.450182242550082	0.167	0.128	1	chr18-73625585-73627258	5
0.678117185007599	0.444957113179066	0.167	0.128	1	chr19-8220065-8222137	5
0.678117185007599	0.325996853425213	0.167	0.128	1	chr20-289389-291216	5
0.678310481469786	0.269723717441748	0.333	0.319	1	chr8-80485042-80488131	5
0.682398278969365	0.33770508315754	0.222	0.191	1	chr1-77779057-77780595	5
0.682398278969365	0.356229061600089	0.222	0.191	1	chr1-102836690-102838672	5
0.682398278969365	0.305374043192199	0.222	0.191	1	chr1-230863079-230864702	5
0.682398278969365	0.466876504356928	0.222	0.191	1	chr2-97662593-97665051	5
0.682398278969365	0.418424998442051	0.222	0.191	1	chr2-108448049-108450366	5
0.682398278969365	0.270071696249093	0.222	0.191	1	chr4-98164920-98167141	5
0.682398278969365	0.278392863815602	0.222	0.191	1	chr4-140523308-140525143	5
0.682398278969365	0.373869282414319	0.222	0.191	1	chr5-181245468-181247515	5
0.682398278969365	0.256679855090629	0.222	0.191	1	chr7-2860142-2861424	5
0.682398278969365	0.31849383967919	0.222	0.191	1	chr12-6866558-6870038	5
0.682398278969365	0.26783223197061	0.222	0.191	1	chr14-64913719-64915226	5
0.682398278969365	0.304027525834774	0.222	0.191	1	chr15-40405122-40406522	5
0.682398278969365	0.306690557436491	0.222	0.191	1	chrX-74290473-74293938	5
0.682834679860484	0.392770211919269	0.167	0.149	1	chr1-162567395-162569502	5
0.682834679860484	0.5608889329902	0.167	0.149	1	chr8-28364784-28368466	5
0.682834679860484	0.499151142445308	0.167	0.149	1	chr12-1593273-1595427	5
0.688590276336111	0.298066677266231	0.222	0.17	1	chr6-96520186-96522877	5
0.688590276336111	0.316493407382954	0.222	0.17	1	chr7-155916978-155919860	5
0.688590276336111	0.278219056496325	0.222	0.17	1	chr8-27774017-27775013	5
0.688590276336111	0.301852357399441	0.222	0.17	1	chr10-18610085-18611946	5
0.688590276336111	0.329137777811645	0.222	0.17	1	chr15-86515464-86516603	5
0.688590276336111	0.25328730019945	0.222	0.17	1	chr17-42802899-42806749	5
0.688590276336111	0.325660275667791	0.222	0.17	1	chr17-46757971-46759782	5
0.688590276336111	0.325458847341476	0.222	0.17	1	chr17-68386153-68388618	5
0.690396901834738	0.284316579504906	0.278	0.255	1	chr3-52704223-52707413	5
0.690396901834738	0.334463604987859	0.278	0.255	1	chr6-75746014-75750917	5
0.690396901834738	0.273598752860434	0.278	0.255	1	chr19-45177671-45179969	5
0.691016101859999	0.267451640785537	0.278	0.234	1	chr3-10758340-10759426	5
0.691279006560053	0.305710984507304	0.333	0.319	1	chr5-83076532-83078212	5
0.696078129086933	0.37675018618138	0.167	0.128	1	chr1-159881581-159882508	5
0.696078129086933	0.401979674724585	0.167	0.128	1	chr1-226813792-226815933	5
0.696078129086933	0.387472602272987	0.167	0.128	1	chr2-197704542-197707949	5
0.696078129086933	0.377865696733243	0.167	0.128	1	chr3-34362551-34364739	5
0.696078129086933	0.386925213867296	0.167	0.128	1	chr3-40713139-40713996	5
0.696078129086933	0.5507405607583	0.167	0.128	1	chr3-45537614-45539178	5
0.696078129086933	0.403829185133534	0.167	0.128	1	chr3-113838330-113839510	5
0.696078129086933	0.361290379648984	0.167	0.128	1	chr4-69388722-69389809	5
0.696078129086933	0.343953610417937	0.167	0.128	1	chr4-78938418-78940084	5
0.696078129086933	0.438255836120706	0.167	0.128	1	chr4-169884798-169886464	5
0.696078129086933	0.391433228791889	0.167	0.128	1	chr5-149546020-149547615	5
0.696078129086933	0.389958346188928	0.167	0.128	1	chr6-26473405-26475451	5
0.696078129086933	0.333942693929643	0.167	0.128	1	chr6-36905747-36908410	5
0.696078129086933	0.443249524766777	0.167	0.128	1	chr6-56898067-56900259	5
0.696078129086933	0.38590731174252	0.167	0.128	1	chr7-7098260-7100876	5
0.696078129086933	0.387739334584431	0.167	0.128	1	chr9-96654256-96655799	5
0.696078129086933	0.353170736378749	0.167	0.128	1	chr9-127784699-127787172	5
0.696078129086933	0.382934171924572	0.167	0.128	1	chr9-129114531-129115625	5
0.696078129086933	0.436503170371324	0.167	0.128	1	chr9-129802712-129804176	5
0.696078129086933	0.36852036011096	0.167	0.128	1	chr9-130689606-130690971	5
0.696078129086933	0.388632835071406	0.167	0.128	1	chr10-69458047-69459630	5
0.696078129086933	0.314562737392432	0.167	0.128	1	chr10-79086152-79088903	5
0.696078129086933	0.39505203742834	0.167	0.128	1	chr10-125152839-125155249	5
0.696078129086933	0.424791458169167	0.167	0.128	1	chr12-81542048-81544642	5
0.696078129086933	0.360059798788338	0.167	0.128	1	chr12-109544467-109545823	5
0.696078129086933	0.379209241249558	0.167	0.128	1	chr12-132559332-132562857	5
0.696078129086933	0.437529400149825	0.167	0.128	1	chr13-20813711-20814888	5
0.696078129086933	0.389500090526399	0.167	0.128	1	chr14-35807999-35809640	5
0.696078129086933	0.357864050587358	0.167	0.128	1	chr14-67532515-67534192	5
0.696078129086933	0.376685665460164	0.167	0.128	1	chr14-105472210-105475432	5
0.696078129086933	0.40363855161163	0.167	0.128	1	chr15-82040361-82041471	5
0.696078129086933	0.355011900654494	0.167	0.128	1	chr16-69753921-69755367	5
0.696078129086933	0.350840188494445	0.167	0.128	1	chr19-11152204-11153413	5
0.696078129086933	0.398927266803098	0.167	0.128	1	chr19-48720443-48721400	5
0.696078129086933	0.417782484372021	0.167	0.128	1	chr20-56467878-56469173	5
0.696078129086933	0.436122626336394	0.167	0.128	1	chr22-37776815-37777870	5
0.696078129086933	0.356628581311801	0.167	0.128	1	chrX-54182074-54183895	5
0.69786180035693	0.306796763297016	0.222	0.191	1	chr1-40530925-40533253	5
0.69786180035693	0.286852688281867	0.222	0.191	1	chr1-207001751-207005920	5
0.69786180035693	0.304447093922019	0.222	0.191	1	chr2-199910372-199912722	5
0.69786180035693	0.386071982540577	0.222	0.191	1	chr3-66448847-66451273	5
0.69786180035693	0.3731052122024	0.222	0.191	1	chr3-183427826-183429327	5
0.69786180035693	0.343395149928368	0.222	0.191	1	chr4-88822682-88824063	5
0.69786180035693	0.282495726465382	0.222	0.191	1	chr9-34522601-34523847	5
0.69786180035693	0.295447674694917	0.222	0.191	1	chr12-133036801-133038166	5
0.69786180035693	0.358667426754025	0.222	0.191	1	chr13-27449151-27452122	5
0.69786180035693	0.384968960179454	0.222	0.191	1	chr19-52569601-52571065	5
0.69786180035693	0.272791861581907	0.222	0.191	1	chr20-25232738-25235909	5
0.69786180035693	0.298405996174445	0.222	0.191	1	chrX-101406924-101409242	5
0.699819780878667	0.255720649913379	0.333	0.298	1	chr2-236569209-236586359	5
0.700052522877096	0.461010242839881	0.167	0.149	1	chr4-53653100-53655140	5
0.700052522877096	0.658210013413938	0.167	0.149	1	chr11-118434778-118437860	5
0.700052522877096	0.621917042199233	0.167	0.149	1	chr12-113152547-113153886	5
0.700052522877096	0.388957387503235	0.167	0.149	1	chr19-1478376-1479923	5
0.700052522877096	0.514142841784305	0.167	0.149	1	chr19-19668285-19669570	5
0.700052522877096	0.348698583030499	0.167	0.149	1	chr22-50473225-50475587	5
0.704428684276799	0.352854427081733	0.278	0.255	1	chr10-96585367-96588543	5
0.704609359984735	0.300750446153765	0.222	0.17	1	chr1-83998327-83999917	5
0.704609359984735	0.332102726622832	0.222	0.17	1	chr2-10119843-10123258	5
0.704609359984735	0.280775912101561	0.222	0.17	1	chr3-48738920-48741154	5
0.704609359984735	0.322769820399958	0.222	0.17	1	chr7-103296886-103298611	5
0.704609359984735	0.260342501918862	0.222	0.17	1	chr8-21918082-21920859	5
0.704609359984735	0.311934378579348	0.222	0.17	1	chr16-67461036-67463540	5
0.704609359984735	0.291642051230063	0.222	0.17	1	chr17-19647014-19649518	5
0.704609359984735	0.285913032575345	0.222	0.17	1	chr22-43954172-43958193	5
0.705365656064098	0.270284953981183	0.278	0.234	1	chr1-181088045-181090395	5
0.705365656064098	0.254623499422241	0.278	0.234	1	chr3-182889572-182890873	5
0.705876017261929	0.278374100867888	0.389	0.34	1	chr2-197452441-197455227	5
0.713148726932316	0.2561179084954	0.333	0.298	1	chr11-67628747-67631230	5
0.713451801412272	0.282783792795888	0.222	0.191	1	chr1-46718317-46720323	5
0.713451801412272	0.291435570363928	0.222	0.191	1	chr1-163320852-163322995	5
0.713451801412272	0.303477105575148	0.222	0.191	1	chr3-128319550-128324278	5
0.713451801412272	0.369098428127064	0.222	0.191	1	chr3-129662391-129663642	5
0.713451801412272	0.3189290076467	0.222	0.191	1	chr3-193871910-193873134	5
0.713451801412272	0.343143450692866	0.222	0.191	1	chr6-138160357-138163661	5
0.713451801412272	0.337634937526124	0.222	0.191	1	chr10-114042471-114044374	5
0.713451801412272	0.362697231263273	0.222	0.191	1	chr17-10696815-10698948	5
0.713451801412272	0.265857012663987	0.222	0.191	1	chr17-28527434-28528848	5
0.713451801412272	0.27317565913531	0.222	0.191	1	chr19-40576381-40577584	5
0.713451801412272	0.310641188384662	0.222	0.191	1	chr22-39310123-39315592	5
0.714211168445986	0.437565376617608	0.167	0.128	1	chr1-30461167-30462694	5
0.714211168445986	0.26797433635547	0.167	0.128	1	chr1-165327607-165328922	5
0.714211168445986	0.334268520155116	0.167	0.128	1	chr1-206908610-206910227	5
0.714211168445986	0.252298411079265	0.167	0.128	1	chr1-225657118-225658223	5
0.714211168445986	0.319663744409527	0.167	0.128	1	chr2-48439988-48441628	5
0.714211168445986	0.465360062946597	0.167	0.128	1	chr3-71140932-71142674	5
0.714211168445986	0.314100986994331	0.167	0.128	1	chr4-128460917-128462100	5
0.714211168445986	0.2738156291618	0.167	0.128	1	chr5-118637571-118639138	5
0.714211168445986	0.282723069906534	0.167	0.128	1	chr6-3402372-3404150	5
0.714211168445986	0.322710030011964	0.167	0.128	1	chr6-16333262-16334096	5
0.714211168445986	0.377743620869214	0.167	0.128	1	chr7-2802460-2804651	5
0.714211168445986	0.333695106953437	0.167	0.128	1	chr7-19708250-19709689	5
0.714211168445986	0.334833612873669	0.167	0.128	1	chr7-76293308-76295314	5
0.714211168445986	0.414947943314825	0.167	0.128	1	chr7-157150678-157153024	5
0.714211168445986	0.328867230631209	0.167	0.128	1	chr9-2426748-2428233	5
0.714211168445986	0.332853596385507	0.167	0.128	1	chr9-14433391-14434467	5
0.714211168445986	0.307992819064963	0.167	0.128	1	chr9-130499513-130500916	5
0.714211168445986	0.29905731687496	0.167	0.128	1	chr10-13989984-13991805	5
0.714211168445986	0.345782690585306	0.167	0.128	1	chr10-76113823-76115973	5
0.714211168445986	0.407039312964773	0.167	0.128	1	chr11-111730737-111731928	5
0.714211168445986	0.381584246736639	0.167	0.128	1	chr11-119168248-119169775	5
0.714211168445986	0.349280743830771	0.167	0.128	1	chr12-26043014-26044756	5
0.714211168445986	0.329376494349864	0.167	0.128	1	chr12-50084412-50086056	5
0.714211168445986	0.364805927800752	0.167	0.128	1	chr12-64810559-64811595	5
0.714211168445986	0.319096346953464	0.167	0.128	1	chr14-102045961-102047061	5
0.714211168445986	0.28078207992221	0.167	0.128	1	chr17-46107738-46110341	5
0.714211168445986	0.31861256475659	0.167	0.128	1	chr17-61356306-61357244	5
0.714211168445986	0.47405025054456	0.167	0.128	1	chr17-61862785-61864288	5
0.714211168445986	0.35510248847837	0.167	0.128	1	chr19-266646-267836	5
0.714211168445986	0.462454215404429	0.167	0.128	1	chr19-2494472-2496316	5
0.714211168445986	0.387575936126107	0.167	0.128	1	chr19-10118879-10120453	5
0.714211168445986	0.265883176130781	0.167	0.128	1	chr19-38862209-38863126	5
0.714211168445986	0.361130102146709	0.167	0.128	1	chr19-39444659-39446220	5
0.714211168445986	0.336957257374726	0.167	0.128	1	chr20-2839264-2841430	5
0.714211168445986	0.344802853787528	0.167	0.128	1	chr20-32761839-32763811	5
0.714211168445986	0.440648355678156	0.167	0.128	1	chr20-46989810-46991193	5
0.714211168445986	0.523139843511679	0.167	0.128	1	chrX-150982758-150985043	5
0.717425931648139	0.506729751205898	0.167	0.149	1	chr1-161013128-161014647	5
0.717425931648139	0.388510007682078	0.167	0.149	1	chr3-31978298-31979126	5
0.717425931648139	0.250135884126129	0.167	0.149	1	chr4-78644657-78646722	5
0.717425931648139	0.431067357603805	0.167	0.149	1	chr11-36000576-36001452	5
0.717425931648139	0.448565863460647	0.167	0.149	1	chr12-125633378-125635807	5
0.717425931648139	0.34165352356764	0.167	0.149	1	chr14-56532415-56534244	5
0.717425931648139	0.453403985289542	0.167	0.149	1	chr14-69342512-69343850	5
0.717425931648139	0.43794784668808	0.167	0.149	1	chr18-24271290-24272617	5
0.718561790442449	0.298513515821893	0.278	0.255	1	chr14-75276551-75280256	5
0.719820786806569	0.307130112692426	0.278	0.234	1	chr1-113928305-113932491	5
0.719820786806569	0.299551086201649	0.278	0.234	1	chr5-160417906-160419879	5
0.72076053906828	0.294258685525092	0.222	0.17	1	chr5-40410827-40411959	5
0.72076053906828	0.274500041089111	0.222	0.17	1	chr8-142717749-142718651	5
0.72076053906828	0.315107879336733	0.222	0.17	1	chr10-53269096-53272841	5
0.72076053906828	0.256302116079923	0.222	0.17	1	chr17-45583284-45586545	5
0.721252414211658	0.442771806052439	0.222	0.213	1	chr3-58149493-58152314	5
0.721252414211658	0.375185621359061	0.222	0.213	1	chr3-157174064-157176966	5
0.721252414211658	0.329241781509504	0.222	0.213	1	chr8-47260210-47261930	5
0.721252414211658	0.345327685178611	0.222	0.213	1	chr17-79991285-79994381	5
0.721252414211658	0.307758634577825	0.222	0.213	1	chr19-24086788-24087888	5
0.726565835886312	0.251822047003256	0.333	0.298	1	chr14-29893595-29898971	5
0.729162397395082	0.271502928225434	0.222	0.191	1	chr1-202034270-202035696	5
0.729162397395082	0.265808980726889	0.222	0.191	1	chr7-100544613-100548400	5
0.729162397395082	0.333090712493052	0.222	0.191	1	chr9-89602891-89607431	5
0.729162397395082	0.257722093997677	0.222	0.191	1	chr10-103575399-103577653	5
0.729162397395082	0.296063909543795	0.222	0.191	1	chr12-70643352-70646472	5
0.729162397395082	0.32350074608808	0.222	0.191	1	chr12-95858348-95860480	5
0.729162397395082	0.306131611066427	0.222	0.191	1	chr19-48332261-48334406	5
0.729162397395082	0.267998873292619	0.222	0.191	1	chr20-58610879-58613063	5
0.730940507342808	0.295834875923294	0.278	0.277	1	chr6-138104607-138108203	5
0.732507044417507	0.273506541169533	0.167	0.128	1	chr1-90850984-90852305	5
0.732507044417507	0.324774302952074	0.167	0.128	1	chr3-15097920-15099978	5
0.732507044417507	0.363654889891623	0.167	0.128	1	chr4-168679444-168680458	5
0.732507044417507	0.287055484985431	0.167	0.128	1	chr5-59048456-59049676	5
0.732507044417507	0.250739321867708	0.167	0.128	1	chr9-7237235-7238584	5
0.732507044417507	0.384261223562366	0.167	0.128	1	chr10-15167302-15169703	5
0.732507044417507	0.272179590721938	0.167	0.128	1	chr10-55630826-55631912	5
0.732507044417507	0.318637516404542	0.167	0.128	1	chr10-77835576-77836970	5
0.732507044417507	0.335432241513754	0.167	0.128	1	chr11-34222281-34223774	5
0.732507044417507	0.315091610287811	0.167	0.128	1	chr11-65107853-65109441	5
0.732507044417507	0.257761049899282	0.167	0.128	1	chr11-78138660-78140363	5
0.732507044417507	0.318001850802916	0.167	0.128	1	chr15-74373336-74375737	5
0.732507044417507	0.272842420238231	0.167	0.128	1	chr15-78075560-78078183	5
0.732507044417507	0.30385835614288	0.167	0.128	1	chr17-16170558-16172245	5
0.732507044417507	0.382495780250982	0.167	0.128	1	chr21-39312031-39314994	5
0.732507044417507	0.314803343439912	0.167	0.128	1	chr22-45742625-45744729	5
0.732791831764377	0.280338598292961	0.278	0.255	1	chr10-110566492-110568822	5
0.732791831764377	0.264277206328315	0.278	0.255	1	chr17-78933271-78934991	5
0.734376797862263	0.250070081286232	0.278	0.234	1	chr1-86792307-86793790	5
0.734376797862263	0.350532521683544	0.278	0.234	1	chr11-134223218-134226322	5
0.734946758075727	0.327858681141451	0.167	0.149	1	chr1-5597046-5599160	5
0.734946758075727	0.355238105865336	0.167	0.149	1	chr1-168136161-168137894	5
0.734946758075727	0.354511385447335	0.167	0.149	1	chr1-211133340-211135819	5
0.734946758075727	0.457215810193885	0.167	0.149	1	chr1-222589118-222590783	5
0.734946758075727	0.272942749170695	0.167	0.149	1	chr4-11487468-11490551	5
0.734946758075727	0.343035825062648	0.167	0.149	1	chr4-52721593-52722977	5
0.734946758075727	0.390341096069606	0.167	0.149	1	chr4-89000798-89002694	5
0.734946758075727	0.496824704490543	0.167	0.149	1	chr5-139146705-139150435	5
0.734946758075727	0.375576381169517	0.167	0.149	1	chr6-3363055-3365614	5
0.734946758075727	0.492328069694876	0.167	0.149	1	chr6-28442557-28443916	5
0.734946758075727	0.349748491022452	0.167	0.149	1	chr6-116992147-116993263	5
0.734946758075727	0.406458837573067	0.167	0.149	1	chr7-99751583-99752890	5
0.734946758075727	0.382527541833502	0.167	0.149	1	chr7-111854924-111856322	5
0.734946758075727	0.38581604307514	0.167	0.149	1	chr7-138979138-138982344	5
0.734946758075727	0.427233857522538	0.167	0.149	1	chr7-151079567-151082126	5
0.734946758075727	0.30367736360814	0.167	0.149	1	chr10-44864328-44865567	5
0.734946758075727	0.342960070327931	0.167	0.149	1	chr10-132331152-132333638	5
0.734946758075727	0.318405095758906	0.167	0.149	1	chr14-69231311-69232076	5
0.734946758075727	0.442478142995434	0.167	0.149	1	chr15-39887518-39888703	5
0.734946758075727	0.503778393305052	0.167	0.149	1	chr16-11850498-11852797	5
0.734946758075727	0.296607885247765	0.167	0.149	1	chrX-11457691-11459428	5
0.735721013053036	0.336300105486293	0.333	0.277	1	chr1-154935964-154938351	5
0.736570961533829	0.339881469261105	0.222	0.213	1	chr1-180173437-180175130	5
0.736570961533829	0.298567979663886	0.222	0.213	1	chr4-8426994-8429182	5
0.736570961533829	0.423309011785987	0.222	0.213	1	chr8-37848770-37851843	5
0.737037262807742	0.260707170187741	0.222	0.17	1	chr8-118951282-118952761	5
0.740067348222142	0.250135966380958	0.333	0.298	1	chr14-44896602-44898901	5
0.743150315097	0.325990036740724	0.222	0.234	1	chr14-34460810-34463115	5
0.744987551455701	0.283395332096035	0.222	0.191	1	chr1-28369202-28371261	5
0.744987551455701	0.338214738183249	0.222	0.191	1	chr3-3126119-3128376	5
0.744987551455701	0.397719787040705	0.222	0.191	1	chr3-14117305-14120075	5
0.744987551455701	0.287046203453686	0.222	0.191	1	chr4-158722072-158724080	5
0.744987551455701	0.269112974335532	0.222	0.191	1	chr6-3001587-3002442	5
0.744987551455701	0.452783006453953	0.222	0.191	1	chr10-510247-511937	5
0.744987551455701	0.277367724468502	0.222	0.191	1	chr16-22726945-22729037	5
0.744987551455701	0.291920439786692	0.222	0.191	1	chr20-25309371-25311510	5
0.744987551455701	0.257440155060228	0.222	0.191	1	chr20-63973516-63975884	5
0.749028884134449	0.368853447372986	0.278	0.234	1	chr6-31728962-31730520	5
0.750956220275225	0.326089002464085	0.167	0.128	1	chr1-21337702-21339550	5
0.750956220275225	0.278315583800094	0.167	0.128	1	chr1-72281947-72284813	5
0.750956220275225	0.308884563800568	0.167	0.128	1	chr2-110105692-110107171	5
0.750956220275225	0.318463630920831	0.167	0.128	1	chr2-122959778-122961492	5
0.750956220275225	0.368794759837288	0.167	0.128	1	chr4-2791383-2795369	5
0.750956220275225	0.298821722050054	0.167	0.128	1	chr6-24645536-24647233	5
0.750956220275225	0.352295839446952	0.167	0.128	1	chr9-117491023-117492358	5
0.750956220275225	0.27216071372778	0.167	0.128	1	chr9-134778647-134779750	5
0.750956220275225	0.349307339540289	0.167	0.128	1	chr10-114279452-114280731	5
0.750956220275225	0.282590205354058	0.167	0.128	1	chr11-71447263-71449500	5
0.750956220275225	0.333235664221211	0.167	0.128	1	chr12-2003585-2005080	5
0.750956220275225	0.345614714015573	0.167	0.128	1	chr14-49961319-49963258	5
0.750956220275225	0.27755452078018	0.167	0.128	1	chr17-76452102-76453579	5
0.750956220275225	0.265018105439327	0.167	0.128	1	chr17-81294554-81296555	5
0.750956220275225	0.286172290773399	0.167	0.128	1	chr19-1213362-1215880	5
0.750956220275225	0.291849671195215	0.167	0.128	1	chrX-72713423-72715141	5
0.751994926859375	0.25893347209007	0.222	0.213	1	chr1-153658106-153660123	5
0.751994926859375	0.299644257944357	0.222	0.213	1	chr4-37452799-37454701	5
0.752606623563131	0.310571804589726	0.167	0.149	1	chr1-225453591-225455216	5
0.752606623563131	0.308455047226476	0.167	0.149	1	chr1-228173529-228175353	5
0.752606623563131	0.467183553603205	0.167	0.149	1	chr2-86562364-86564102	5
0.752606623563131	0.323486217011593	0.167	0.149	1	chr2-171686984-171688688	5
0.752606623563131	0.461738241625013	0.167	0.149	1	chr3-52218907-52221239	5
0.752606623563131	0.557641532436577	0.167	0.149	1	chr3-138113274-138116344	5
0.752606623563131	0.401428190562716	0.167	0.149	1	chr4-1208138-1213729	5
0.752606623563131	0.468487833455984	0.167	0.149	1	chr4-24596699-24598795	5
0.752606623563131	0.276564313578013	0.167	0.149	1	chr4-92482803-92484221	5
0.752606623563131	0.461085883702257	0.167	0.149	1	chr5-141865453-141867458	5
0.752606623563131	0.345520960857254	0.167	0.149	1	chr8-18208833-18210845	5
0.752606623563131	0.467060220524533	0.167	0.149	1	chr8-127061777-127063179	5
0.752606623563131	0.476180019004601	0.167	0.149	1	chr11-74948454-74950232	5
0.752606623563131	0.469995691856748	0.167	0.149	1	chr11-130762264-130763511	5
0.752606623563131	0.252259177798766	0.167	0.149	1	chr12-43835173-43837139	5
0.752606623563131	0.396238797999117	0.167	0.149	1	chr12-116818178-116820075	5
0.752606623563131	0.423865586968167	0.167	0.149	1	chr14-74762567-74764609	5
0.752606623563131	0.32609412589669	0.167	0.149	1	chr14-102185197-102186183	5
0.752606623563131	0.289909584132444	0.167	0.149	1	chr16-23640166-23642707	5
0.752606623563131	0.467474159619113	0.167	0.149	1	chr16-48126451-48128001	5
0.752606623563131	0.279239159265854	0.167	0.149	1	chr17-6577547-6578199	5
0.752606623563131	0.376874217190318	0.167	0.149	1	chr17-80260025-80263871	5
0.752606623563131	0.416282412879548	0.167	0.149	1	chr19-17333783-17335401	5
0.752606623563131	0.303826716489392	0.167	0.149	1	chr19-19377497-19378622	5
0.752606623563131	0.32469354934426	0.167	0.149	1	chr19-47095803-47099119	5
0.752606623563131	0.257970205006651	0.167	0.149	1	chr21-32392081-32394844	5
0.7534328112441	0.27198073902662	0.222	0.17	1	chr16-66509931-66514188	5
0.760921081494697	0.26821655057816	0.222	0.191	1	chr11-72433703-72435125	5
0.760921081494697	0.289010146859735	0.222	0.191	1	chr12-109092602-109094051	5
0.761524669438634	0.258965199853919	0.278	0.255	1	chr11-85825576-85829197	5
0.763772136351941	0.262487371956504	0.278	0.234	1	chr16-19554828-19556712	5
0.763772136351941	0.259093577558824	0.278	0.234	1	chr17-75903946-75905681	5
0.763772136351941	0.252785317608746	0.278	0.234	1	chr18-48538511-48541725	5
0.767518581965869	0.288466545909487	0.222	0.213	1	chr5-40773378-40776860	5
0.767518581965869	0.276328018417385	0.222	0.213	1	chr5-103561458-103563464	5
0.767518581965869	0.266571290892482	0.222	0.213	1	chr12-6662623-6663809	5
0.767518581965869	0.293376965848258	0.222	0.213	1	chr16-4371343-4376824	5
0.767518581965869	0.328022063929583	0.222	0.213	1	chr16-58683915-58685611	5
0.769548895940445	0.323971820051907	0.167	0.128	1	chr3-121071171-121077222	5
0.769548895940445	0.312653611884442	0.167	0.128	1	chr7-105005966-105007482	5
0.769548895940445	0.311473247053879	0.167	0.128	1	chr8-85278594-85279900	5
0.769548895940445	0.363681400627706	0.167	0.128	1	chr10-110358935-110359968	5
0.769548895940445	0.274938314906322	0.167	0.128	1	chr15-77009828-77010814	5
0.770352613805092	0.269543638722295	0.278	0.298	1	chr1-28246276-28250179	5
0.770396930876511	0.382808608946459	0.167	0.149	1	chr1-8525172-8526604	5
0.770396930876511	0.431591691215517	0.167	0.149	1	chr1-42172646-42174663	5
0.770396930876511	0.371043778583259	0.167	0.149	1	chr1-153880671-153882169	5
0.770396930876511	0.306448764428108	0.167	0.149	1	chr1-155983247-155984803	5
0.770396930876511	0.283946086600313	0.167	0.149	1	chr1-175022404-175024083	5
0.770396930876511	0.35178165619679	0.167	0.149	1	chr3-71657788-71658836	5
0.770396930876511	0.483745276635199	0.167	0.149	1	chr4-86972729-86974396	5
0.770396930876511	0.275307374949632	0.167	0.149	1	chr5-133610794-133612979	5
0.770396930876511	0.258933552271259	0.167	0.149	1	chr5-177365759-177367865	5
0.770396930876511	0.274206789346152	0.167	0.149	1	chr6-33761543-33762658	5
0.770396930876511	0.28309930603792	0.167	0.149	1	chr6-137241254-137242178	5
0.770396930876511	0.379528999983039	0.167	0.149	1	chr8-11283808-11285455	5
0.770396930876511	0.463034564346862	0.167	0.149	1	chr8-143280678-143282366	5
0.770396930876511	0.341940223240655	0.167	0.149	1	chr11-47454075-47454855	5
0.770396930876511	0.297836178981405	0.167	0.149	1	chr11-117928780-117930685	5
0.770396930876511	0.261434145008309	0.167	0.149	1	chr12-118015998-118017476	5
0.770396930876511	0.278339207208843	0.167	0.149	1	chr13-96052554-96054148	5
0.770396930876511	0.283405752812825	0.167	0.149	1	chr17-57817773-57818800	5
0.770396930876511	0.266507117565969	0.167	0.149	1	chr19-18542966-18544545	5
0.770396930876511	0.25755372213369	0.167	0.149	1	chr21-46457498-46459398	5
0.770396930876511	0.297745883137913	0.167	0.149	1	chr22-18022834-18025100	5
0.770396930876511	0.333923564530964	0.167	0.149	1	chr22-37745192-37747223	5
0.770396930876511	0.27657060054485	0.167	0.149	1	chr22-40366984-40368175	5
0.770396930876511	0.316744807854671	0.167	0.149	1	chrX-136908867-136910968	5
0.773261582481106	0.255884661406605	0.278	0.277	1	chr4-185395268-185397871	5
0.776018205226852	0.280313723312247	0.278	0.255	1	chr3-191328603-191331038	5
0.776018205226852	0.279772395330901	0.278	0.255	1	chr9-128881004-128883572	5
0.776018205226852	0.33020518894502	0.278	0.255	1	chr16-81094953-81097304	5
0.77695666732914	0.260019493126926	0.222	0.191	1	chr8-62529283-62530884	5
0.778601545954345	0.452588089793149	0.278	0.234	1	chr8-102410223-102413730	5
0.783136078485864	0.252149373919286	0.222	0.213	1	chr11-116771836-116773934	5
0.783136078485864	0.288867484901577	0.222	0.213	1	chr12-52278324-52281467	5
0.78655270614626	0.250499826900952	0.222	0.17	1	chr1-115810547-115811964	5
0.788275023442028	0.264066829404922	0.167	0.128	1	chr1-153782926-153784266	5
0.788275023442028	0.301970989558713	0.167	0.128	1	chr18-6835148-6835986	5
0.788308876579185	0.379970148411216	0.167	0.149	1	chr1-1905944-1907742	5
0.788308876579185	0.328475887783358	0.167	0.149	1	chr1-15833010-15836670	5
0.788308876579185	0.265856170947027	0.167	0.149	1	chr1-179398719-179400367	5
0.788308876579185	0.251990312680056	0.167	0.149	1	chr1-184050586-184052749	5
0.788308876579185	0.275531860292605	0.167	0.149	1	chr3-53845086-53846974	5
0.788308876579185	0.27761645163488	0.167	0.149	1	chr3-93973089-93974421	5
0.788308876579185	0.289388519936203	0.167	0.149	1	chr4-52847904-52850064	5
0.788308876579185	0.309462095238957	0.167	0.149	1	chr4-113398265-113399043	5
0.788308876579185	0.422923427607552	0.167	0.149	1	chr5-10288214-10290023	5
0.788308876579185	0.272718715859357	0.167	0.149	1	chr5-123806567-123808068	5
0.788308876579185	0.300653435564327	0.167	0.149	1	chr5-138559625-138560808	5
0.788308876579185	0.305469497986256	0.167	0.149	1	chr7-148882699-148885493	5
0.788308876579185	0.310217832606787	0.167	0.149	1	chr9-134325160-134330412	5
0.788308876579185	0.267907522182085	0.167	0.149	1	chr12-64820257-64821781	5
0.788308876579185	0.278361697072955	0.167	0.149	1	chr12-104985642-104986948	5
0.788308876579185	0.346957084173197	0.167	0.149	1	chr13-51995142-51996761	5
0.788308876579185	0.264726714306362	0.167	0.149	1	chr16-3716301-3718402	5
0.788308876579185	0.336921063782102	0.167	0.149	1	chr16-48413041-48414000	5
0.788308876579185	0.267883911554167	0.167	0.149	1	chr16-57535477-57537154	5
0.788308876579185	0.339426141309184	0.167	0.149	1	chr17-51435128-51436422	5
0.788308876579185	0.292867068425154	0.167	0.149	1	chr19-39165941-39168156	5
0.793087858151882	0.282181169408354	0.222	0.191	1	chr17-63739804-63743108	5
0.796271409831322	0.258070283659811	0.278	0.213	1	chr4-17510586-17513147	5
0.798841454469122	0.310597792677997	0.222	0.213	1	chr21-39347812-39350426	5
0.806333464008832	0.25031737305825	0.167	0.149	1	chr1-33348295-33351252	5
0.806333464008832	0.255055482789554	0.167	0.149	1	chr2-237581451-237582956	5
0.806333464008832	0.33746462478969	0.167	0.149	1	chr2-239108647-239110800	5
0.806333464008832	0.295812924692206	0.167	0.149	1	chr3-122563648-122565393	5
0.806333464008832	0.280457111961219	0.167	0.149	1	chr4-101209260-101213162	5
0.806333464008832	0.303287953893587	0.167	0.149	1	chr6-38150307-38151417	5
0.806333464008832	0.304530917651866	0.167	0.149	1	chr6-96923719-96925507	5
0.806333464008832	0.252040192303742	0.167	0.149	1	chr6-138691462-138693933	5
0.806333464008832	0.267117595326877	0.167	0.149	1	chr8-94812747-94814044	5
0.806333464008832	0.321412927394922	0.167	0.149	1	chr11-10735358-10736433	5
0.806333464008832	0.287715808646837	0.167	0.149	1	chr12-46382518-46384488	5
0.806333464008832	0.332644896846926	0.167	0.149	1	chr12-63035889-63039091	5
0.806333464008832	0.305934706614155	0.167	0.149	1	chr12-69238893-69241026	5
0.806333464008832	0.263683533192641	0.167	0.149	1	chr16-380793-384578	5
0.806333464008832	0.281607855135623	0.167	0.149	1	chr16-25110710-25112348	5
0.806333464008832	0.303808576529464	0.167	0.149	1	chr16-69395981-69397641	5
0.806333464008832	0.320960961517155	0.167	0.149	1	chr17-4709517-4711271	5
0.806333464008832	0.260314745830284	0.167	0.149	1	chr17-35567372-35568950	5
0.806333464008832	0.268640648971356	0.167	0.149	1	chr18-48132665-48134642	5
0.806333464008832	0.307849866807504	0.167	0.149	1	chr19-21020091-21021666	5
0.806333464008832	0.26685177418307	0.167	0.149	1	chr19-49688814-49691365	5
0.806333464008832	0.310405970181495	0.167	0.149	1	chr20-36152556-36155400	5
0.806333464008832	0.312804915551258	0.167	0.149	1	chr22-41687505-41689613	5
0.807124323089597	0.277988101243092	0.167	0.128	1	chr11-108664427-108665843	5
0.809308080269353	0.295742384232361	0.222	0.191	1	chr20-30579084-30580571	5
0.824461516765998	0.3370184127021	0.167	0.149	1	chr4-24840086-24842613	5
0.824461516765998	0.253862464921798	0.167	0.149	1	chr6-27547345-27549078	5
0.824461516765998	0.260216765348781	0.167	0.149	1	chr10-101780847-101784268	5
0.824461516765998	0.348020183156233	0.167	0.149	1	chr11-22673842-22675551	5
0.824461516765998	0.287492613790733	0.167	0.149	1	chr12-93569298-93572309	5
0.824461516765998	0.305683902854325	0.167	0.149	1	chr12-128822871-128825162	5
0.824461516765998	0.262858638815626	0.167	0.149	1	chr16-57264843-57267542	5
0.824461516765998	0.258368966873173	0.167	0.149	1	chr20-4148225-4149641	5
0.824461516765998	0.268227776832302	0.167	0.149	1	chr20-18006356-18008950	5
0.824461516765998	0.326234009727125	0.167	0.149	1	chrX-110001241-110003568	5
0.826700471634142	0.349459256039236	0.278	0.298	1	chr14-20612734-20615355	5
0.830491470074123	0.307793259171393	0.222	0.213	1	chr2-186485162-186487468	5
0.833813652277854	0.262405730472421	0.333	0.277	1	chr8-140633377-140638005	5
0.839926868715072	0.423766869082731	0.167	0.17	1	chr6-148341905-148344364	5
0.841988757434626	0.308608465296505	0.222	0.191	1	chr1-211469453-211470835	5
0.842683692680402	0.260913709228245	0.167	0.149	1	chr1-219296134-219298396	5
0.842683692680402	0.267184153642777	0.167	0.149	1	chr3-39286898-39288944	5
0.842683692680402	0.255204438118575	0.167	0.149	1	chr10-6201397-6205005	5
0.842683692680402	0.298943778471078	0.167	0.149	1	chr10-112390908-112392161	5
0.842683692680402	0.364874326352371	0.167	0.149	1	chr14-69150980-69153833	5
0.842683692680402	0.304144896629261	0.167	0.149	1	chr14-70415987-70417395	5
0.842683692680402	0.258620167033575	0.167	0.149	1	chr21-42513357-42515081	5
0.842683692680402	0.261124694043591	0.167	0.149	1	chrX-115891835-115894516	5
0.846423680070133	0.255267854969656	0.222	0.213	1	chr21-32770540-32773350	5
0.857510555073187	0.322372830725709	0.167	0.17	1	chr3-40689763-40692044	5
0.857510555073187	0.258522535994375	0.167	0.17	1	chr5-60698343-60701100	5
0.857510555073187	0.280700471820112	0.167	0.17	1	chr6-75848066-75850900	5
0.862418924887147	0.251899853106956	0.222	0.213	1	chr16-71894375-71896440	5
0.874459563675096	0.35204819497967	0.278	0.277	1	chr2-88690697-88692919	5
0.875165234975923	0.252746316110305	0.167	0.17	1	chr1-109238857-109244656	5
0.875165234975923	0.364511000158256	0.167	0.17	1	chr3-93470161-93470993	5
0.875165234975923	0.410135621998442	0.167	0.17	1	chr7-30172357-30174082	5
0.875165234975923	0.26962117397272	0.167	0.17	1	chr19-40920694-40921988	5
0.875165234975923	0.271644826166129	0.167	0.17	1	chr20-54207431-54209150	5
0.878470780648742	0.259595901189752	0.222	0.213	1	chr6-104858766-104860647	5
0.878470780648742	0.305443258951067	0.222	0.213	1	chr10-50603983-50608238	5
0.880746395486752	0.295835524527219	0.333	0.319	1	chr12-43757805-43760862	5
0.892882269320193	0.292838544438751	0.167	0.17	1	chr4-44448340-44449640	5
0.892882269320193	0.271804553775609	0.167	0.17	1	chr7-23530300-23532650	5
0.897819356487338	0.441657897142459	0.167	0.149	1	chr11-130180047-130182424	5
0.897819356487338	0.32288793833255	0.167	0.149	1	chr14-105164845-105169557	5
0.910652925583665	0.375901483988484	0.167	0.17	1	chr4-37873184-37875702	5
0.913021552006963	0.287633113284691	0.222	0.234	1	chr5-139272608-139277035	5
0.946319784321861	0.271910579801977	0.167	0.17	1	chr5-154178201-154180765	5
0.946319784321861	0.323852794704167	0.167	0.17	1	chr14-60721805-60724785	5
0.956809314732323	0.334667973657578	0.167	0.191	1	chr2-151409464-151411002	5
0.956809314732323	0.264762090411954	0.167	0.191	1	chr16-1296633-1297859	5
0.982094577841761	0.283907131404127	0.167	0.17	1	chr14-61524069-61528036	5
0.992077272400492	0.372503988659413	0.222	0.234	1	chr3-129312640-129317314	5
