p_val	avg_log2FC	pct.1	pct.2	p_val_adj	gene	cluster
2.20937761190111e-18	2.59039872785232	0.637	0.135	4.22640680891011e-13	chr1-235072983-235075989	2
1.50204419757812e-14	4.95632257456703	0.424	0.018	2.8733204273151e-09	chr1-240595483-240598738	2
3.39248683040079e-13	2.32963609910099	0.539	0.117	6.48962375734689e-08	chr1-46171016-46175661	2
4.45562160112712e-13	3.41134414960603	0.437	0.045	8.52333678566012e-08	chr6-81751940-81754504	2
4.8585708926558e-13	1.69429081630131	0.649	0.216	9.29415460339699e-08	chr1-206684373-206694759	2
2.80062197526513e-12	2.3346843086132	0.506	0.108	5.35742180136367e-07	chr1-229886826-229889976	2
5.31348814423269e-12	4.2386526674377	0.376	0.027	1.01643840106285e-06	chr1-54272636-54275868	2
6.59403292385774e-12	3.74215140980254	0.384	0.027	1.26139893413644e-06	chr4-183987156-183990082	2
1.20677913092428e-11	0.921639939843681	0.824	0.541	2.30849607071029e-06	chr1-155123709-155137365	2
1.44552539797585e-11	2.46803098355002	0.465	0.081	2.76520335480392e-06	chr1-202106870-202109160	2
1.45483165874491e-11	4.59435901840088	0.355	0.018	2.78300567327949e-06	chr8-138788827-138792802	2
1.91427644895894e-11	0.973502133277279	0.82	0.541	3.66189599027151e-06	chr1-234598963-234614380	2
9.20278500572796e-11	2.06169201580341	0.49	0.126	1.76043755488572e-05	chr1-234530736-234535030	2
1.92264623497965e-10	1.15187747299943	0.722	0.369	3.67790688874198e-05	chr1-234956838-234964911	2
2.75706586146594e-10	2.72315826451565	0.392	0.054	5.27410156903266e-05	chr2-217896878-217900845	2
4.1948126671394e-10	2.12059804874933	0.445	0.09	8.02442494347765e-05	chr1-236147386-236151687	2
4.19855200845478e-10	4.93790705421481	0.306	0.009	8.03157807905349e-05	chr11-58922305-58925243	2
4.72248856391618e-10	4.05495919719302	0.322	0.018	9.03383727345782e-05	chr17-66975307-66979103	2
1.05754232435927e-09	3.16216686438183	0.351	0.045	0.000202301501395983	chr1-226697047-226699233	2
1.9879831013678e-09	3.72544665530913	0.314	0.027	0.000380289239393052	chr1-77467705-77469996	2
2.37428284966503e-09	4.8378561573772	0.286	0.009	0.000454186063443822	chr18-12009398-12013862	2
2.41896895233561e-09	3.62444749092674	0.314	0.027	0.000462734246768089	chr20-25237521-25238690	2
2.99548775264307e-09	3.48841799354097	0.314	0.027	0.000573018834154102	chr1-230750644-230753225	2
3.3022665902746e-09	3.24182484434482	0.327	0.036	0.00063170378511999	chr1-225815777-225818688	2
3.68162207842171e-09	12.724543952812	0.261	0	0.000704272213869602	chr7-44257415-44260140	2
5.80072813247752e-09	0.99234352005194	0.722	0.441	0.00110964448737415	chr6-73511670-73522485	2
6.22901166583027e-09	1.58738265563652	0.531	0.189	0.00119157255760334	chr1-207807156-207814549	2
7.2484827248362e-09	4.41691443484804	0.282	0.018	0.00138659125436482	chr1-241615147-241616964	2
1.04994136631076e-08	3.87883614383793	0.286	0.018	0.0020084748372705	chr6-41712232-41714063	2
1.47538389743827e-08	2.32235927492247	0.376	0.081	0.00282232087276557	chr7-151921843-151926645	2
1.48737046615604e-08	2.72225005948739	0.339	0.054	0.00284525045952854	chr3-186974357-186977916	2
1.71059985155478e-08	3.08571689383136	0.31	0.036	0.00327227488003321	chr6-53614623-53616765	2
1.7234239428985e-08	4.39783625492594	0.269	0.018	0.00329680659732825	chr10-28938521-28941133	2
1.77572676587216e-08	3.5893606402906	0.29	0.027	0.00339685875950748	chr12-109914079-109916250	2
1.7808510590793e-08	2.24021366437545	0.371	0.072	0.00340666122495516	chr1-7571949-7575158	2
3.12450652156353e-08	3.17997964383718	0.298	0.036	0.00597699350535973	chr1-225841774-225851818	2
3.20311477373696e-08	2.53802887113022	0.339	0.054	0.00612736637527239	chr1-197994390-197996003	2
3.36124718587193e-08	2.77281879159873	0.318	0.045	0.00642986419174186	chr16-2081596-2083047	2
4.11918194761288e-08	2.43563133766163	0.339	0.063	0.00787974791486658	chr12-52906847-52908840	2
4.82565634000343e-08	3.92882764302917	0.269	0.027	0.00923119103904616	chr6-110595873-110599282	2
4.91954063719844e-08	1.85778737304558	0.42	0.126	0.00941078606652239	chr1-226944283-226947333	2
4.98560364552677e-08	12.5704214171848	0.229	0	0.00953716063767398	chr5-59356340-59358872	2
6.18942654032096e-08	1.27513546990834	0.571	0.27	0.0118400016060416	chr6-85640857-85645272	2
6.85472349848822e-08	12.5649903800882	0.224	0	0.0131126747691981	chr10-132630861-132632678	2
7.28389712232108e-08	1.33171733609064	0.555	0.225	0.0139336581611729	chr6-43626824-43630713	2
7.63278924069655e-08	3.18756608884673	0.278	0.027	0.0146010678500981	chr1-217076183-217079144	2
7.83158916663561e-08	2.00168803558533	0.392	0.108	0.0149813601804239	chr1-226813792-226815933	2
8.40501091152031e-08	5.0619747923531	0.237	0.009	0.0160782815730837	chr11-3041382-3044477	2
8.41705614446564e-08	2.62986667443411	0.314	0.054	0.0161013233809941	chr15-42023942-42025775	2
9.40966697279349e-08	12.5126915388625	0.22	0	0.0180001283389356	chr1-107597217-107599906	2
9.8242080647678e-08	3.93702006550813	0.253	0.018	0.0187931205754169	chr18-3602318-3604765	2
1.13519220480799e-07	1.18348901470966	0.588	0.288	0.021715545762654	chr6-63570154-63574856	2
1.22922415104013e-07	2.44382381981966	0.322	0.063	0.023514320474907	chr4-691368-694932	2
1.3204344436579e-07	1.94955143703639	0.388	0.108	0.0252591186465095	chr10-132417989-132422232	2
1.44807758851024e-07	2.98861452758118	0.282	0.036	0.0277008554216479	chr17-16285620-16287158	2
1.62163339111761e-07	3.35343049611242	0.265	0.027	0.0310208737920453	chr1-228837643-228839108	2
1.666716484111e-07	1.65098396312905	0.437	0.135	0.031883286311153	chr1-206711904-206715594	2
1.69303555503644e-07	4.61206521762123	0.233	0.009	0.032386754346514	chr20-43557463-43560053	2
2.40900717757975e-07	3.06233298170372	0.269	0.036	0.046082861902794	chr2-168856099-168857337	2
2.60892568013411e-07	2.92646499754177	0.282	0.045	0.0499071829055574	chr1-93962676-93966397	2
2.6549974945119e-07	3.80497660639453	0.241	0.018	0.0507885090715159	chr4-185566700-185568971	2
3.2897394343284e-07	12.4482214544719	0.204	0	0.0629307415350417	chr5-149153539-149154694	2
3.34275399346603e-07	2.80460864136407	0.278	0.045	0.0639448782426091	chr1-10665610-10670704	2
3.43822885948104e-07	1.87201836976631	0.371	0.099	0.0657712551445565	chr1-226675154-226678090	2
3.69903890227979e-07	4.67581313372559	0.22	0.009	0.070760394777271	chr1-230380537-230382398	2
3.94788116719562e-07	4.60850594949041	0.22	0.009	0.0755205979997519	chr18-9987313-9988952	2
3.9834574447533e-07	3.24873210727587	0.253	0.027	0.0762011508436638	chr13-24074538-24076763	2
4.48129943348026e-07	12.4541575240957	0.2	0	0.0857245693828173	chr4-155758595-155759499	2
4.54988405532314e-07	2.27328562471232	0.318	0.063	0.0870365520478985	chr12-124421632-124423962	2
4.59179442153925e-07	4.24446647736975	0.229	0.018	0.087838272207393	chr19-38003103-38005329	2
4.59967639551079e-07	1.58581961098895	0.424	0.135	0.0879890496402841	chr1-180229005-180232419	2
4.63102280882227e-07	2.2117694152912	0.322	0.072	0.0885886877190848	chr8-144498322-144504619	2
5.03275877989339e-07	3.00446719581933	0.261	0.036	0.0962736558040927	chr6-53325754-53327563	2
5.3678108397939e-07	4.59845503812393	0.216	0.009	0.102683000678753	chr16-87806262-87807726	2
5.41522428617486e-07	2.5215491955583	0.29	0.054	0.103589991459953	chr9-107748829-107751356	2
5.71080663621496e-07	2.96526008765648	0.261	0.036	0.10924430446681	chr1-148387938-148389422	2
5.76537564149973e-07	3.39583156384924	0.245	0.027	0.110288176796505	chr14-64681701-64683078	2
6.05115378785941e-07	2.32256947709957	0.298	0.054	0.115754941269478	chr6-75848066-75850900	2
6.07816570894476e-07	2.83522046185665	0.265	0.036	0.116271663112688	chr9-93201005-93202795	2
6.09534630600225e-07	12.404029132614	0.196	0	0.116600317626039	chr1-31379825-31382509	2
6.09534630600225e-07	12.5874530590132	0.196	0	0.116600317626039	chr6-45606991-45609081	2
6.12046667001669e-07	3.64414406960131	0.233	0.018	0.117080855117417	chr1-93591316-93593418	2
6.15904075892081e-07	2.93832672955761	0.261	0.036	0.1178187542937	chr1-67711653-67714494	2
6.23337249038712e-07	3.8048042457862	0.229	0.018	0.119240675717611	chr18-36348545-36350680	2
6.45600681261151e-07	3.14891203949152	0.249	0.027	0.123499536721171	chr12-124678977-124680444	2
6.76247262983019e-07	2.21294469550448	0.314	0.063	0.129362043925074	chr1-107680397-107684757	2
7.30864009623079e-07	2.97579760787079	0.257	0.036	0.139809899856837	chr7-151246830-151250302	2
7.48647077021046e-07	2.30424309666251	0.306	0.063	0.143211693951664	chr1-232377343-232379921	2
7.55488677590376e-07	4.94035684842061	0.208	0.009	0.144520451090973	chr14-103890606-103892021	2
7.62541408038217e-07	4.92510061707258	0.208	0.009	0.145869596109263	chr16-31112447-31115060	2
7.91387265976682e-07	1.80446628090983	0.367	0.099	0.151387635657743	chr4-140236827-140239182	2
8.27850403517088e-07	12.7163691292128	0.192	0	0.158362815090398	chr1-206514320-206515615	2
8.27850403517088e-07	12.1313955867812	0.192	0	0.158362815090398	chr11-119683486-119685249	2
8.87146552730085e-07	2.59096034107107	0.273	0.045	0.169705812657949	chr17-50949496-50951339	2
9.33673680922325e-07	2.78155618749318	0.261	0.036	0.178606173118355	chr10-43025691-43028889	2
9.49216026487314e-07	2.71374094692359	0.261	0.036	0.181579330570864	chr7-30252998-30255745	2
9.96997301407138e-07	4.51116689953265	0.208	0.009	0.190719601775377	chr3-194312092-194314303	2
1.01498277419564e-06	2.33891453873855	0.294	0.054	0.19416011480698	chr1-172498889-172500583	2
1.02414650489768e-06	1.32200947646525	0.482	0.189	0.195913081507897	chr6-79233308-79235306	2
1.12272054130235e-06	12.4329064547259	0.188	0	0.214769703227892	chr13-98266086-98267750	2
1.18964739372688e-06	2.05049473290029	0.327	0.081	0.227572408535589	chr16-67206218-67209682	2
1.20522536430553e-06	1.38014240886501	0.457	0.171	0.230552380839461	chr6-43769188-43775365	2
1.22447374935642e-06	2.51981456310625	0.282	0.063	0.234234481409388	chr1-162371696-162374524	2
1.37874367495803e-06	3.15712331825227	0.237	0.027	0.263745392557421	chr5-59275156-59277388	2
1.52042584179588e-06	12.2305365941777	0.184	0	0.290848340980501	chr1-67392944-67394869	2
1.52042584179588e-06	12.3983123832394	0.184	0	0.290848340980501	chr4-169133639-169134749	2
1.55770915300882e-06	0.804962352244848	0.714	0.423	0.29798041471567	chr1-209800538-209807170	2
1.57508213531426e-06	4.648708950833	0.2	0.009	0.301303761992805	chr1-205440715-205441817	2
1.60535269853077e-06	4.08839578535494	0.204	0.009	0.307094339112744	chr2-38157902-38160298	2
1.84555806514339e-06	1.73633356662365	0.367	0.117	0.353044184513539	chr13-44401441-44406218	2
1.84805950318744e-06	2.04035562522795	0.314	0.081	0.353522694602737	chr1-11483656-11486656	2
2.20148442617793e-06	1.55389055637513	0.388	0.126	0.421130761821281	chr7-75611216-75612593	2
2.27125155553293e-06	2.70373133781667	0.257	0.045	0.434476795064116	chr1-177274361-177277083	2
2.29982303809771e-06	2.11487251865973	0.294	0.063	0.439942348249864	chr11-34600189-34602932	2
2.38367528758907e-06	3.12438734949613	0.229	0.027	0.455982780464064	chr2-26720038-26722301	2
2.43914454480414e-06	4.50229733227679	0.196	0.009	0.466593716553763	chr1-175519923-175522013	2
2.45743596520514e-06	2.70907410547306	0.249	0.036	0.470092755527952	chr2-43158109-43159594	2
2.49738327117516e-06	2.49336894411298	0.261	0.045	0.477734435476181	chr5-91365343-91375321	2
2.59960791178084e-06	4.36408862145978	0.196	0.009	0.497289395876204	chr7-68813333-68814560	2
2.70333398170478e-06	1.79876764519574	0.343	0.108	0.517131570696234	chr1-68495367-68497909	2
2.70906295431733e-06	1.78771199172788	0.355	0.108	0.51822748878318	chr6-73460833-73463303	2
2.77654357403653e-06	12.0514227369218	0.176	0	0.531136126451745	chr1-117171384-117172538	2
2.77654357403653e-06	12.2782456250128	0.176	0	0.531136126451745	chr2-38514770-38516129	2
2.77654357403653e-06	12.1370769779738	0.176	0	0.531136126451745	chr6-134516836-134518061	2
2.77654357403653e-06	12.0595938248026	0.176	0	0.531136126451745	chr10-77988705-77989960	2
3.03701791195034e-06	3.21599034508004	0.224	0.027	0.580963304448628	chr1-201882664-201885958	2
3.13000455768245e-06	2.22611144651674	0.286	0.063	0.598751091857306	chr1-107592321-107595124	2
3.2886807329597e-06	3.64464086594997	0.208	0.018	0.629104892130793	chr10-79344425-79345476	2
3.32346855915981e-06	2.33777036374883	0.269	0.054	0.635759594555916	chr6-110949480-110953169	2
3.40077155100018e-06	2.52400326390735	0.257	0.045	0.650547193077029	chrX-1379368-1389740	2
3.55627383442971e-06	4.86302297248937	0.188	0.009	0.680293846883398	chr3-159137891-159139923	2
3.74426114139818e-06	12.0660236541518	0.171	0	0.716254690782623	chr1-246007958-246009299	2
3.88851494069121e-06	1.42661660550686	0.416	0.153	0.743849577064584	chr1-227945111-227948967	2
3.91126651211256e-06	2.18908419965819	0.273	0.054	0.748201816168061	chr16-58031050-58033803	2
4.045931781063e-06	2.08044516475359	0.294	0.072	0.773962474126666	chr10-11874259-11876652	2
4.2768205171618e-06	2.25362438527495	0.269	0.054	0.818130104009948	chr1-37604956-37606804	2
4.42387628672561e-06	4.40962418459483	0.188	0.009	0.84626099039289	chr1-155974356-155980081	2
4.48505372022128e-06	2.06713900383832	0.29	0.072	0.85796386635601	chr1-210051866-210052858	2
4.63183007556741e-06	2.86084208454352	0.233	0.036	0.886041302475593	chr1-117231407-117233179	2
4.8704563673137e-06	4.89061746664943	0.184	0.009	0.931689080328907	chr6-125168870-125171048	2
5.04235598208409e-06	12.1564395585542	0.167	0	0.964572445236794	chr19-38711509-38714034	2
5.07456961217973e-06	1.058689048183	0.551	0.27	0.970734719392309	chr6-85671969-85680735	2
5.13255145536282e-06	1.14265707852243	0.514	0.252	0.981826298102174	chr2-156331554-156335963	2
5.14580741915556e-06	1.4280532215247	0.404	0.153	0.984362084439944	chr1-234973347-234976032	2
5.16342747245225e-06	2.67981038118334	0.237	0.036	0.987732694915281	chr10-80195928-80197453	2
5.36837873023511e-06	2.11994788813894	0.273	0.054	1	chr1-231777790-231778792	2
5.49380353523041e-06	1.33129214106624	0.42	0.18	1	chr5-91024015-91029174	2
5.63938864293218e-06	0.981832686630399	0.584	0.324	1	chr19-12994906-13019374	2
6.33584218588244e-06	3.2114663944266	0.204	0.018	1	chr12-121132406-121133715	2
6.35281879933814e-06	1.66025847804937	0.343	0.108	1	chr8-144513836-144518897	2
6.78133593051185e-06	11.6983499309194	0.163	0	1	chr16-85637385-85640630	2
6.78133593051185e-06	11.9240128199351	0.163	0	1	chr17-38914718-38916421	2
6.80444737579686e-06	4.09924944242695	0.184	0.009	1	chr9-131608226-131610691	2
6.84950176242166e-06	1.48499519430092	0.384	0.135	1	chr1-226669828-226673024	2
6.98999004403902e-06	4.01259134580793	0.184	0.009	1	chr5-134511057-134512852	2
7.18036607719289e-06	3.82067521242646	0.184	0.009	1	chr10-132463437-132465222	2
7.20006590475833e-06	3.60675148793174	0.196	0.018	1	chr1-5485013-5486766	2
7.44698013133514e-06	2.36142569184819	0.253	0.054	1	chr8-129751845-129754071	2
7.50156833047483e-06	1.13828195618671	0.498	0.216	1	chr1-234996875-234998910	2
7.50159241020304e-06	2.39407854719165	0.245	0.045	1	chr6-4357416-4359486	2
7.87510115633913e-06	1.18788652105313	0.486	0.216	1	chr6-83429522-83433079	2
8.05328931728757e-06	3.56218345765387	0.196	0.018	1	chr4-105585143-105588099	2
8.1928441342421e-06	3.49248708881685	0.196	0.018	1	chr8-133882124-133883999	2
8.56239927624061e-06	2.47638973173346	0.241	0.045	1	chr20-25254787-25256958	2
8.72480915015396e-06	2.3226712617333	0.249	0.045	1	chr7-106064665-106066379	2
8.96969287306653e-06	2.62172852068906	0.229	0.036	1	chr4-39446526-39449486	2
9.10794427199062e-06	11.9717354393191	0.159	0	1	chr3-4824791-4827054	2
9.10794427199062e-06	11.8342341322857	0.159	0	1	chr5-179606761-179614210	2
9.10794427199062e-06	11.9398877823931	0.159	0	1	chr9-128270857-128271988	2
9.10794427199062e-06	11.8976122628709	0.159	0	1	chr19-4448569-4450078	2
9.22866731902335e-06	3.12143116024037	0.2	0.018	1	chr11-60995859-60997349	2
9.30786117755258e-06	1.40116159810511	0.396	0.153	1	chr7-55963922-55967588	2
9.44918765376681e-06	2.77254622728154	0.224	0.036	1	chr5-109454458-109456405	2
9.59813476344685e-06	2.22437611216605	0.261	0.054	1	chr11-72012075-72016172	2
9.63160727411103e-06	2.63379035097206	0.229	0.036	1	chr20-401545-402517	2
1.00695773265021e-05	2.73318867391077	0.224	0.036	1	chr1-167697315-167698732	2
1.02495160353353e-05	1.60995505039863	0.343	0.108	1	chr14-35335230-35337713	2
1.02764350651437e-05	2.31614415522901	0.245	0.045	1	chr1-107571407-107574152	2
1.031835370124e-05	3.31492402472431	0.196	0.018	1	chr1-94863409-94865821	2
1.08673632630552e-05	1.66964322955228	0.331	0.099	1	chr10-5465758-5467523	2
1.09509657540766e-05	1.44228105822789	0.371	0.135	1	chr16-15575557-15578260	2
1.10519119226548e-05	1.50911027416332	0.363	0.135	1	chr1-209825563-209828763	2
1.11000792553461e-05	3.00105985963918	0.208	0.027	1	chr6-129500808-129502326	2
1.17224061688997e-05	1.81094681929187	0.302	0.081	1	chr12-101617945-101620958	2
1.18943583142379e-05	3.72664983139743	0.188	0.018	1	chr7-44639053-44640568	2
1.22168189404413e-05	12.1369913807863	0.155	0	1	chr1-205782755-205784534	2
1.22168189404413e-05	12.2074147930394	0.155	0	1	chr1-224219156-224220371	2
1.22168189404413e-05	11.8522711044997	0.155	0	1	chr4-16691428-16693944	2
1.22168189404413e-05	11.996539959524	0.155	0	1	chr5-169164191-169165429	2
1.22168189404413e-05	12.1673799988872	0.155	0	1	chr6-47440394-47441449	2
1.22168189404413e-05	12.2955205528767	0.155	0	1	chr18-46421892-46423531	2
1.22497454726385e-05	1.72814040957191	0.322	0.099	1	chr1-184789957-184794743	2
1.29625963186412e-05	2.58018992722369	0.224	0.036	1	chr5-68458660-68460574	2
1.30898327293375e-05	3.3288175892217	0.192	0.018	1	chr12-2113025-2114606	2
1.31814800314075e-05	2.14358815395438	0.257	0.054	1	chr10-71859939-71861360	2
1.3278249194564e-05	1.34281077439043	0.4	0.144	1	chr8-101391518-101394336	2
1.34754306592806e-05	1.23753252871245	0.433	0.18	1	chr9-113564329-113567190	2
1.37033126062937e-05	2.15382564297437	0.245	0.045	1	chr12-26124581-26127021	2
1.40617646028075e-05	2.85422905791301	0.208	0.027	1	chr1-219296134-219298396	2
1.42058767493406e-05	2.59199305190085	0.22	0.036	1	chr1-119867522-119869010	2
1.43180870621169e-05	2.68442434812662	0.22	0.036	1	chr1-76121453-76122900	2
1.44330988269428e-05	3.8163083580451	0.184	0.018	1	chr1-248848503-248854297	2
1.49651642971393e-05	4.25971443700783	0.171	0.009	1	chr1-84400814-84403290	2
1.53059092708271e-05	1.42219242564912	0.376	0.144	1	chr6-43926333-43928263	2
1.56322143905699e-05	3.41210076113115	0.188	0.018	1	chr5-176381035-176382823	2
1.60699942507926e-05	4.06371296235842	0.171	0.009	1	chr8-48191860-48192808	2
1.6365839277788e-05	12.191037884357	0.151	0	1	chr1-41546244-41547230	2
1.6365839277788e-05	11.924117650761	0.151	0	1	chr2-20598182-20599831	2
1.6365839277788e-05	12.2030383924627	0.151	0	1	chr7-135755124-135756648	2
1.6365839277788e-05	12.1163832341776	0.151	0	1	chr8-48581042-48582665	2
1.6365839277788e-05	11.9700500295015	0.151	0	1	chr8-54366891-54368446	2
1.67049420990024e-05	0.66772791787434	0.739	0.514	1	chr7-5522811-5533502	2
1.68009688194731e-05	2.33927161293431	0.237	0.045	1	chr12-131455837-131457635	2
1.74228835138352e-05	3.56460770167898	0.184	0.018	1	chr2-74867574-74868581	2
1.83484468774364e-05	3.04126489341192	0.2	0.027	1	chr3-188978247-188980672	2
1.8677598000957e-05	2.53444078028155	0.22	0.036	1	chr8-73419407-73421045	2
1.87666831999324e-05	1.74411194305322	0.298	0.081	1	chr1-161013128-161014647	2
1.91306828190426e-05	3.4699668794051	0.184	0.018	1	chr12-38122792-38125538	2
2.00777222265032e-05	1.31965595615615	0.384	0.144	1	chr1-211541330-211543818	2
2.0875323310189e-05	2.7573973209435	0.212	0.036	1	chr11-34825320-34826486	2
2.09949211330789e-05	3.08279972274506	0.188	0.018	1	chr1-24294236-24295507	2
2.12631440987401e-05	1.79925223606703	0.294	0.09	1	chr20-6707142-6709360	2
2.13214461684217e-05	2.42954451674425	0.229	0.045	1	chr15-40097726-40099368	2
2.13484030620812e-05	2.14063040916405	0.249	0.054	1	chr1-210464100-210465231	2
2.19165449670364e-05	1.67335059718364	0.298	0.081	1	chr1-210327916-210330279	2
2.26961123664271e-05	1.45402550471683	0.347	0.117	1	chr1-233613289-233616304	2
2.29937396830568e-05	2.5706737150381	0.216	0.036	1	chr11-131895760-131898472	2
2.3234466186863e-05	1.24773999638538	0.416	0.18	1	chr6-109336046-109337535	2
2.39950055333921e-05	4.29074637399518	0.163	0.009	1	chr7-106568440-106569494	2
2.44259804929181e-05	4.33107012206727	0.163	0.009	1	chr8-138259499-138262518	2
2.48528068002393e-05	2.18264963588307	0.245	0.054	1	chr2-109720150-109722602	2
2.57635279098706e-05	4.24584088622682	0.163	0.009	1	chr10-20446295-20447744	2
2.68062560848691e-05	2.73248991063765	0.2	0.027	1	chr13-44904874-44907625	2
2.86325753611125e-05	2.32129362645181	0.237	0.054	1	chr8-138672338-138673981	2
2.90809188373646e-05	2.67760125048294	0.208	0.036	1	chr11-58843406-58845911	2
2.951344222126e-05	2.8735821229201	0.196	0.027	1	chr5-139103695-139105536	2
2.98344469003553e-05	1.47427408845773	0.335	0.117	1	chr1-225879600-225883670	2
2.99914732708119e-05	1.19177760887403	0.408	0.162	1	chr1-1431568-1437431	2
3.01163412715467e-05	3.30875334341866	0.18	0.018	1	chr10-114499304-114500494	2
3.04375230590558e-05	2.50467532347428	0.22	0.045	1	chr2-189540570-189542840	2
3.10647998423035e-05	1.17726266366558	0.396	0.153	1	chr8-109583418-109586885	2
3.1309239601822e-05	1.60975584296887	0.31	0.099	1	chr1-201494053-201496935	2
3.17738755087413e-05	2.01159434743233	0.245	0.054	1	chr4-76526209-76527267	2
3.22226674519623e-05	2.09509127935374	0.249	0.063	1	chr6-7240749-7243904	2
3.46060011095287e-05	1.57141775634868	0.318	0.108	1	chr12-124827526-124829694	2
3.47472194707872e-05	2.55345118057531	0.208	0.036	1	chr6-44216722-44219394	2
3.52884671296295e-05	3.00017285418848	0.18	0.018	1	chr1-53895253-53897554	2
3.57449874043117e-05	2.70846633077554	0.196	0.027	1	chr6-44489722-44490855	2
3.63828456020409e-05	1.72372105855413	0.29	0.09	1	chr3-69141909-69145113	2
3.73752555102962e-05	2.12444562011341	0.245	0.063	1	chr10-44910660-44912204	2
3.78468377646084e-05	1.6442288700262	0.282	0.072	1	chr14-68191363-68192601	2
3.82973315505926e-05	2.04130516110409	0.241	0.054	1	chr8-135513919-135516615	2
4.01448389288483e-05	1.572776073015	0.314	0.099	1	chr17-1480383-1483032	2
4.02039690855698e-05	2.444985932659	0.208	0.036	1	chr17-10797559-10801029	2
4.3008182004804e-05	1.74115168863796	0.282	0.081	1	chr16-11296378-11298437	2
4.34080616782137e-05	2.20577120156807	0.224	0.045	1	chr3-172690911-172692650	2
4.36162667047172e-05	1.73364888042328	0.273	0.072	1	chr1-230823925-230826300	2
4.39562671329956e-05	2.03205432404414	0.245	0.063	1	chr8-127061777-127063179	2
4.39687493856482e-05	1.9230043580505	0.257	0.063	1	chr13-97221598-97226492	2
4.41331008243143e-05	2.2599128001531	0.233	0.054	1	chr1-102836690-102838672	2
4.4635076575051e-05	1.8955142292259	0.273	0.081	1	chr7-2477357-2479591	2
4.60476952175909e-05	3.07973496288226	0.176	0.018	1	chr8-143012901-143014367	2
4.64735549013882e-05	2.75932779005078	0.192	0.027	1	chr3-5562976-5564142	2
4.66205613980227e-05	1.78560715242183	0.269	0.072	1	chr1-67554980-67556912	2
4.6954405679477e-05	4.14693168546058	0.155	0.009	1	chr1-228374494-228375652	2
4.86355021286602e-05	4.0589515168352	0.155	0.009	1	chr12-87439514-87441006	2
4.87397083428915e-05	2.81353480246973	0.188	0.027	1	chr2-105408197-105410494	2
4.87844245404484e-05	3.35824660697985	0.171	0.018	1	chr6-57287883-57288858	2
4.95482513259071e-05	2.45359687250951	0.212	0.045	1	chr22-50182255-50184588	2
5.08571940674075e-05	3.15131198696124	0.171	0.018	1	chr7-26182208-26189391	2
5.08585138314885e-05	2.5334019307591	0.204	0.036	1	chr9-2426748-2428233	2
5.28054698251113e-05	1.07406845204938	0.457	0.216	1	chr14-90511824-90514677	2
5.2809957712803e-05	4.50248610465782	0.151	0.009	1	chr1-175634791-175635867	2
5.2809957712803e-05	4.70635103975384	0.151	0.009	1	chr1-204087441-204089884	2
5.32792879128164e-05	4.32469146196278	0.151	0.009	1	chr6-63527536-63528444	2
5.32792879128164e-05	4.45198723254453	0.151	0.009	1	chr8-57586440-57588500	2
5.32792879128164e-05	4.35771487703204	0.151	0.009	1	chr9-76835423-76836725	2
5.41738109644751e-05	2.37660326860934	0.212	0.045	1	chr1-41860319-41863324	2
5.46175076696714e-05	1.539359626705	0.306	0.099	1	chr1-182615765-182618469	2
5.47697441172875e-05	1.32492466803417	0.363	0.135	1	chr1-226701743-226705079	2
5.5685821566159e-05	4.26101814705306	0.151	0.009	1	chr4-48254075-48255785	2
5.5821586297635e-05	2.15347119744435	0.229	0.054	1	chr6-39083164-39087389	2
5.6055921630371e-05	1.336083059295	0.351	0.135	1	chr1-44806452-44808605	2
5.66440367646835e-05	3.14086978759881	0.171	0.018	1	chr1-18298160-18300135	2
5.74816946688535e-05	2.39178914527367	0.212	0.045	1	chr13-112901392-112904078	2
5.74944863154986e-05	2.09171799468094	0.233	0.054	1	chr4-110193629-110194880	2
5.8569734456862e-05	2.05025225808658	0.237	0.063	1	chr14-68172014-68174330	2
5.89341422664513e-05	2.68688954529398	0.188	0.027	1	chr2-200376378-200379355	2
5.95043888777482e-05	1.4769957227995	0.318	0.117	1	chr10-104304580-104306876	2
6.09364920820015e-05	1.67725619888794	0.273	0.081	1	chr1-179090422-179093145	2
6.11480794355107e-05	3.03451589304022	0.18	0.027	1	chr20-6711960-6712826	2
6.25084803377558e-05	3.34557561166449	0.167	0.018	1	chr1-203931722-203932687	2
6.25346736839292e-05	3.02990566885799	0.171	0.018	1	chr16-67449267-67450402	2
6.37518317783196e-05	2.68405336321226	0.188	0.027	1	chr10-79245540-79247441	2
6.4097504880481e-05	4.03538230319097	0.151	0.009	1	chr20-2475756-2477864	2
6.46613117140078e-05	4.01201127968333	0.151	0.009	1	chr3-8254605-8257091	2
6.58030371943119e-05	3.97972125930805	0.151	0.009	1	chr6-74182554-74183759	2
6.68253961489995e-05	1.28110459307701	0.351	0.126	1	chr3-177357167-177360933	2
6.86454634896407e-05	2.56365638598089	0.196	0.036	1	chr1-32772257-32777034	2
6.96148971154056e-05	1.69117469031574	0.282	0.09	1	chr1-164611422-164613839	2
7.01914088522666e-05	3.24344657074564	0.167	0.018	1	chr1-207844711-207846394	2
7.25455475215009e-05	3.10044229186448	0.167	0.018	1	chr14-94598677-94599903	2
7.30642474863555e-05	3.61548275953217	0.151	0.009	1	chr1-206707829-206710821	2
7.52443594688962e-05	1.45089371908609	0.331	0.126	1	chr10-132516260-132520947	2
7.66784783864709e-05	2.61647133462243	0.192	0.036	1	chr1-1157278-1159120	2
8.19875377070031e-05	0.983136216858577	0.437	0.207	1	chr1-8876566-8881172	2
8.53129589310121e-05	2.76907545878555	0.18	0.027	1	chr4-153064315-153066010	2
8.80461258079138e-05	2.11729704742253	0.216	0.045	1	chr6-40425273-40427880	2
8.87277636185112e-05	2.76034660270541	0.18	0.027	1	chr1-205270507-205271805	2
8.94388913328758e-05	1.48235678603585	0.314	0.126	1	chr5-149149853-149153022	2
9.16942762878441e-05	1.77305618006062	0.261	0.081	1	chr1-117146780-117149036	2
9.19848761735243e-05	2.75907668446037	0.167	0.018	1	chr2-118122670-118124835	2
9.21038936821096e-05	1.36579407051094	0.331	0.126	1	chr6-52917843-52919965	2
9.23657653418306e-05	2.69901154376758	0.188	0.036	1	chr18-57712139-57713164	2
9.2977074221292e-05	1.72730423080337	0.257	0.072	1	chr18-34492553-34494485	2
9.51366243313447e-05	1.88161442168232	0.249	0.072	1	chr6-44252153-44258236	2
9.57449418685344e-05	3.33607089551513	0.159	0.018	1	chr12-45259495-45260847	2
9.61731578239423e-05	2.26099371515543	0.208	0.045	1	chr3-69116446-69117430	2
9.68563493863834e-05	1.47839800976523	0.306	0.108	1	chr5-134505642-134507182	2
9.73442033253038e-05	3.40574989513806	0.159	0.018	1	chr15-52280649-52282032	2
9.77760730692722e-05	2.2336236110903	0.2	0.036	1	chr3-58101468-58103673	2
9.83119378702752e-05	1.1248085890223	0.4	0.18	1	chr1-212146611-212148332	2
9.85014926515369e-05	1.06232803822321	0.441	0.225	1	chr6-75746014-75750917	2
9.93422176826255e-05	1.90186856020215	0.241	0.063	1	chr1-32350904-32352792	2
9.99160233821296e-05	3.06572761539079	0.163	0.018	1	chr8-1779847-1781853	2
9.99400714080681e-05	1.16169829225874	0.4	0.18	1	chr1-211381926-211383850	2
0.000101329265085037	2.67432580701138	0.18	0.027	1	chr1-175590504-175592273	2
0.00010699719725863	1.86226286945073	0.241	0.063	1	chr12-122840642-122843037	2
0.000107034320621679	2.83944706211413	0.176	0.027	1	chr5-169439060-169440798	2
0.000107755291394663	2.41948970501142	0.192	0.036	1	chr2-75549270-75550426	2
0.00010782728615401	2.6339994873315	0.18	0.027	1	chr7-16484508-16485717	2
0.000109512166065727	2.604334218243	0.18	0.027	1	chr1-86780580-86781556	2
0.000111079090990209	1.88378983309575	0.237	0.063	1	chr1-210373168-210375086	2
0.000112911507040343	2.97447051695422	0.163	0.018	1	chr4-140046746-140047984	2
0.000115429117685538	3.68761194051592	0.155	0.018	1	chr5-179836132-179842954	2
0.000116745727664116	1.42178676549277	0.327	0.126	1	chr6-39088169-39094010	2
0.000119396660736616	2.71875777787468	0.176	0.027	1	chr10-133158836-133164521	2
0.000120032046004691	1.17221049017392	0.363	0.135	1	chr1-32649387-32652232	2
0.000123433966360131	1.05665539267364	0.453	0.216	1	chr15-63500566-63507079	2
0.000123715208975894	2.12736012282709	0.208	0.045	1	chr3-50264407-50272095	2
0.000124973496039926	1.64148216797889	0.269	0.09	1	chr1-117267406-117269713	2
0.00012506383034353	1.05072250472822	0.42	0.18	1	chr8-101360083-101362320	2
0.000125402908555212	1.86852490369527	0.237	0.063	1	chr14-49961319-49963258	2
0.000126225098233636	1.23550377686899	0.363	0.153	1	chr4-105551678-105553833	2
0.000126959552765101	2.32649172068549	0.192	0.036	1	chr1-23451631-23452713	2
0.000127270702237272	1.5523484329584	0.269	0.081	1	chr14-91889129-91890446	2
0.000127388854605194	1.96541363078948	0.224	0.054	1	chr5-74156618-74157764	2
0.00012766026295404	2.95003562276374	0.159	0.018	1	chr1-59392867-59394296	2
0.00012766026295404	3.10033139032757	0.159	0.018	1	chr1-216764805-216767808	2
0.000129260867014541	1.87988056124422	0.233	0.063	1	chr12-93019455-93021047	2
0.000129583675558468	3.39341299301119	0.155	0.018	1	chr1-225746362-225747494	2
0.000129757869755539	3.01026827196811	0.159	0.018	1	chr9-20218982-20220115	2
0.000129815508527549	2.37497957638057	0.192	0.036	1	chr7-143394662-143396363	2
0.000133357991890746	1.68793100899041	0.261	0.081	1	chr9-122374770-122377382	2
0.00013344419895111	1.99846153362461	0.22	0.054	1	chr6-80456914-80458176	2
0.000133690356171657	1.84938027786417	0.233	0.063	1	chr12-119178283-119180101	2
0.000133848192592405	3.08148313133082	0.167	0.027	1	chrX-153966017-153969114	2
0.000137252131920379	2.08121311342229	0.216	0.054	1	chr1-172322052-172323355	2
0.000139483962884264	2.8586411389753	0.171	0.027	1	chr20-3312663-3314319	2
0.000140489531515064	2.60032677359231	0.176	0.027	1	chr5-127844190-127845403	2
0.000143002666728862	3.25518819717395	0.155	0.018	1	chr3-139654615-139656499	2
0.000143962260906828	2.28530542128003	0.192	0.036	1	chr1-234261830-234263373	2
0.000146857958900499	1.69417433961607	0.249	0.072	1	chr1-181742285-181744853	2
0.000156809066622901	2.1157876720551	0.196	0.036	1	chr1-65072290-65074287	2
0.000162877029650298	2.68760312661007	0.171	0.027	1	chr1-41152007-41154292	2
0.000162955747700705	2.12810181379955	0.204	0.045	1	chr21-40052859-40055011	2
0.000167598395854588	2.00021500736287	0.208	0.054	1	chr18-3256599-3257820	2
0.000168080362637629	3.37976899622993	0.151	0.018	1	chr1-224732882-224734109	2
0.000171066684393966	2.89413817892385	0.155	0.018	1	chr5-35129455-35130640	2
0.000172468429693999	1.23827982628414	0.339	0.135	1	chr1-65169809-65171861	2
0.000173125661876449	1.42389873637291	0.29	0.099	1	chr1-236398285-236400676	2
0.000173127628130118	1.45447384150507	0.286	0.099	1	chr12-110246680-110248868	2
0.000173798772516326	1.39773166596831	0.302	0.108	1	chr18-74498441-74501904	2
0.000174566684775062	2.599044813743	0.171	0.027	1	chr6-52346181-52347147	2
0.000180011435018109	2.57246593986745	0.171	0.027	1	chr6-15036517-15037647	2
0.000182499117468718	2.99749591198783	0.155	0.018	1	chr1-31054374-31056297	2
0.00018288254122696	1.31198069858363	0.339	0.144	1	chr1-224453579-224455295	2
0.000184167994938048	1.56597266221895	0.261	0.081	1	chr7-74083014-74086008	2
0.000184314614973491	1.76352564618006	0.237	0.063	1	chr11-111730737-111731928	2
0.000184358762824917	2.76850090063474	0.167	0.027	1	chrX-2696461-2699014	2
0.000184944925467114	0.631761191797463	0.706	0.477	1	chr1-58779452-58786153	2
0.000186423979542802	2.4135849019227	0.184	0.036	1	chr6-30596865-30602776	2
0.000187231866153219	2.77551495496421	0.167	0.027	1	chr2-99474766-99476309	2
0.000188802131210397	1.50889549370086	0.278	0.09	1	chr6-47459805-47461077	2
0.000189290934420016	1.93874072607884	0.224	0.063	1	chr3-169173009-169174360	2
0.000190043467298202	2.04686648686167	0.2	0.045	1	chr21-39379936-39381457	2
0.000191219726017224	1.54395437779498	0.261	0.081	1	chr1-223737327-223741426	2
0.000194330066939398	2.50406796767549	0.171	0.027	1	chr3-193214097-193215576	2
0.000194357535208396	1.84109369692174	0.22	0.054	1	chr17-40074410-40076520	2
0.000196476525845262	1.50829168696872	0.273	0.09	1	chr6-46651773-46653779	2
0.000199395288359507	2.83998507406027	0.155	0.018	1	chr1-207021227-207023496	2
0.000199497839715482	3.14608466700803	0.151	0.018	1	chr2-227466057-227467555	2
0.000204457783084794	0.855061210763452	0.527	0.306	1	chr1-201395879-201401412	2
0.000205373711864326	2.69786214511404	0.167	0.027	1	chr2-74860826-74863082	2
0.000205952188521785	1.50820947870203	0.286	0.108	1	chr4-20882115-20884480	2
0.000206392935779047	2.21560915565517	0.188	0.036	1	chr12-2799167-2801530	2
0.000207751896120235	3.04147272370073	0.151	0.018	1	chr2-42925014-42927444	2
0.000209129892522363	1.04683588268232	0.412	0.189	1	chr1-206520082-206522539	2
0.000209713900250921	2.4078621490339	0.171	0.027	1	chr1-1132190-1133786	2
0.000210361480326244	1.03979335160188	0.412	0.198	1	chr1-243432788-243435226	2
0.000211899986529043	1.75792046593623	0.237	0.072	1	chr20-3221891-3224422	2
0.000211990263040806	1.24434959392622	0.322	0.126	1	chr3-111737179-111740270	2
0.00021340969493102	2.67508769765259	0.167	0.027	1	chr4-48997436-48999004	2
0.000214321907581502	1.46538297340064	0.282	0.099	1	chr6-53011570-53014451	2
0.000214409908100644	1.29464437628865	0.322	0.126	1	chr12-6228323-6233783	2
0.000216344373149875	1.31526154679618	0.327	0.135	1	chr12-46258700-46261731	2
0.000218573931085061	1.44558027050002	0.269	0.09	1	chrY-56836391-56845209	2
0.000222577947483366	1.58415020356159	0.257	0.081	1	chr5-115797774-115800415	2
0.000223087667149465	1.56837386019581	0.265	0.09	1	chr6-79544780-79545582	2
0.000225157177078348	2.60961056672764	0.167	0.027	1	chr1-18667833-18669414	2
0.000225707219769524	1.60427849356434	0.253	0.081	1	chr11-47329277-47332107	2
0.000228931481214426	1.63857101528694	0.261	0.09	1	chr1-157044764-157046720	2
0.000229666242452088	1.13773207375761	0.388	0.18	1	chr1-107737718-107740203	2
0.0002306516953946	2.38783634179576	0.18	0.036	1	chr2-197184703-197185773	2
0.000232139825027631	2.55516865563425	0.167	0.027	1	chr2-54955387-54956773	2
0.000232978424047703	1.49165827132946	0.273	0.09	1	chr6-43798472-43801211	2
0.000234333511769434	2.12561397939319	0.196	0.045	1	chr1-229891128-229893585	2
0.000235706874154942	2.56970690645133	0.167	0.027	1	chr14-95522997-95525019	2
0.000237948237317365	2.02725421648578	0.2	0.045	1	chr6-43972428-43973743	2
0.000238576093186319	1.03091582786478	0.408	0.198	1	chr1-32758018-32763841	2
0.000239136056075736	2.09851450596671	0.184	0.036	1	chr7-128911214-128912552	2
0.00024019906626509	2.95045992806866	0.151	0.018	1	chr6-44233653-44235548	2
0.000242134317372707	2.89337311935897	0.151	0.018	1	chr4-104127990-104129648	2
0.000244423365194693	1.93030065086935	0.22	0.063	1	chr6-82363164-82365785	2
0.000246650536357149	1.97278938633082	0.216	0.063	1	chr12-109544467-109545823	2
0.000248600697995532	2.54550359157949	0.167	0.027	1	chr2-200405446-200406795	2
0.000250929835908819	1.23752986451603	0.347	0.153	1	chr16-87852952-87856896	2
0.000252031930573493	2.92626365070093	0.151	0.018	1	chr7-17689307-17690493	2
0.000260221889474021	2.77434217999047	0.151	0.018	1	chr3-39347493-39349734	2
0.000265049415633949	1.0465401046187	0.408	0.207	1	chr5-68286073-68292841	2
0.000267418989478075	1.30628785600196	0.314	0.117	1	chr1-202034270-202035696	2
0.000268515294292523	2.1581804105998	0.184	0.036	1	chr5-58922188-58923518	2
0.000272204534088496	1.90440934974771	0.212	0.054	1	chr11-3879604-3881007	2
0.000272798260981528	1.16237088679731	0.355	0.153	1	chr8-102107338-102109287	2
0.000275229734643475	1.51273544222691	0.269	0.09	1	chr18-50404142-50406720	2
0.0002812753816624	1.77709028353616	0.224	0.063	1	chr10-79259936-79262415	2
0.000285059541475926	0.95103058629044	0.424	0.225	1	chr6-56540920-56543487	2
0.000287029268508262	2.09503094460953	0.196	0.045	1	chr1-99409087-99411184	2
0.000287189065237141	2.38703987962969	0.176	0.036	1	chr1-218459252-218461022	2
0.000289493677571201	1.0448469430023	0.38	0.171	1	chr6-75242352-75244784	2
0.000293072817522777	1.98437613578001	0.196	0.045	1	chr5-22648098-22650839	2
0.000293425627427246	2.26371185559401	0.18	0.036	1	chr17-74430078-74432770	2
0.000297195729936487	1.60597278604296	0.249	0.081	1	chr1-201373784-201382780	2
0.000297650102240265	1.51217414452556	0.261	0.09	1	chr5-124659710-124663377	2
0.000298983878788058	2.56660807541727	0.163	0.027	1	chr6-36913908-36914916	2
0.000302039032624531	2.26563403310197	0.18	0.036	1	chr6-44221063-44222086	2
0.000302217604989756	1.66349156202467	0.229	0.063	1	chr3-45598816-45600793	2
0.000303891067452643	2.8382481058572	0.159	0.027	1	chr12-74390902-74393803	2
0.00030422908172515	2.22214811146952	0.18	0.036	1	chr7-34747422-34749052	2
0.000304940993229928	1.55666177246585	0.261	0.09	1	chr2-70084800-70090084	2
0.000306000777414704	1.51904171687024	0.245	0.072	1	chr2-104754701-104756414	2
0.000306648832045258	1.20598610282064	0.318	0.126	1	chr11-6566303-6569338	2
0.000311926383314056	2.06620137596932	0.196	0.045	1	chr12-109484710-109486050	2
0.000313741083587907	1.82102136457982	0.22	0.063	1	chr5-31935641-31937058	2
0.000316424422225325	1.90552992457095	0.208	0.054	1	chr3-120678034-120679493	2
0.000317089992559456	1.98499376056148	0.204	0.054	1	chr1-93666380-93668121	2
0.000317684785880257	2.21412575009589	0.18	0.036	1	chr7-155456596-155459392	2
0.00032586253890467	1.48651835930702	0.261	0.09	1	chr18-74281298-74285073	2
0.000327385081350291	2.4693721803514	0.163	0.027	1	chr14-72499989-72501996	2
0.000329321353346422	2.25782532362426	0.18	0.036	1	chr17-17561019-17562580	2
0.0003312216228164	2.17925174350918	0.188	0.045	1	chr11-2375096-2378495	2
0.000338916534353691	2.187673567526	0.18	0.036	1	chr1-225719952-225721358	2
0.000339639629041766	1.46982329285425	0.269	0.099	1	chr1-8004260-8007124	2
0.000346325385815476	1.72531451133641	0.229	0.072	1	chr1-107687879-107690153	2
0.00034748870637309	1.82167537275187	0.216	0.063	1	chr11-47989827-47992000	2
0.000350780034365572	0.86280719514634	0.494	0.279	1	chr1-226132433-226136239	2
0.00035810820094665	2.0209328714239	0.192	0.045	1	chr7-55515358-55516880	2
0.000359305973092938	2.57071127154592	0.159	0.027	1	chr10-125123212-125124427	2
0.000363012716358733	1.29844404566757	0.31	0.126	1	chr1-154426991-154430618	2
0.000368863264130751	1.81811241188661	0.208	0.054	1	chr14-99809191-99810569	2
0.000372529273205861	1.92054248685152	0.204	0.054	1	chr1-167599782-167601859	2
0.000374022026663334	1.50296498243783	0.261	0.09	1	chr6-47477226-47479423	2
0.000374755465121842	2.25883792860369	0.163	0.027	1	chr13-97256295-97258544	2
0.000376170561276689	1.65881855069386	0.224	0.063	1	chr10-46546263-46547434	2
0.000377382406104624	1.29255426676744	0.31	0.126	1	chr1-214215611-214217641	2
0.000377623370729254	0.910983292198922	0.449	0.243	1	chr1-226121217-226125830	2
0.00037830114744093	2.21984035469348	0.176	0.036	1	chr2-230411271-230412441	2
0.000378586072336008	1.66094609692904	0.224	0.063	1	chr12-75720564-75723276	2
0.000380372275871197	1.34773186920484	0.286	0.108	1	chr1-28641995-28644506	2
0.000384922028335739	1.57028016509673	0.237	0.072	1	chr20-58610879-58613063	2
0.000387740551302678	1.92763097183348	0.204	0.054	1	chr3-194270510-194271889	2
0.000392126454802138	2.23880557600898	0.176	0.036	1	chr11-111960562-111961736	2
0.00039293863484829	1.86723536941553	0.204	0.054	1	chr1-165541782-165544522	2
0.000395089236541108	1.58017161152873	0.245	0.081	1	chr1-116242395-116244470	2
0.000401715155939217	1.41956231836866	0.261	0.09	1	chr1-159867115-159868558	2
0.000403415694553337	1.73865544457842	0.216	0.063	1	chr3-196711447-196713585	2
0.000408926231998374	1.87371697631168	0.204	0.054	1	chr5-172169888-172171057	2
0.00041181707595311	0.859672541154591	0.473	0.27	1	chr1-204285612-204288733	2
0.000416634390580948	1.14721572691669	0.339	0.153	1	chr1-246582198-246585815	2
0.000417155627032846	1.31743458423221	0.294	0.117	1	chr16-75243802-75246325	2
0.000421204779561004	2.15671707487083	0.176	0.036	1	chr6-1311034-1314116	2
0.000424998145299782	2.71257712384875	0.155	0.027	1	chr1-24704982-24706174	2
0.000427249362912196	2.45544294271873	0.159	0.027	1	chr3-195697439-195699135	2
0.000428226673752189	2.64546070197159	0.155	0.027	1	chr4-106244789-106245893	2
0.000428226673752189	2.6752765352493	0.155	0.027	1	chr17-39631114-39633533	2
0.000428994164754894	1.51554655389189	0.253	0.09	1	chr1-190477356-190479970	2
0.000434282548913284	2.31823618401439	0.171	0.036	1	chr14-81322657-81324720	2
0.00044022576227313	2.39968113779902	0.159	0.027	1	chr12-6551538-6554913	2
0.000444135532231516	1.88660708288023	0.2	0.054	1	chr2-201257318-201258966	2
0.000448102164524298	1.39310079755339	0.282	0.108	1	chr1-168750762-168753057	2
0.000464683298388422	1.76980550826525	0.216	0.063	1	chr18-48547633-48549001	2
0.00046670803041693	1.43935645905067	0.249	0.081	1	chr1-207049640-207051810	2
0.000467134425655012	1.04475341871032	0.376	0.189	1	chr18-36186503-36189262	2
0.000471203895511001	1.56068400907849	0.245	0.081	1	chr12-70643352-70646472	2
0.000472894213286262	1.83482784591401	0.204	0.054	1	chr3-71140932-71142674	2
0.000472894213286262	1.83912982565296	0.204	0.054	1	chr5-154077230-154078961	2
0.00047589833323689	2.56234862206003	0.155	0.027	1	chr14-63435424-63436922	2
0.000479486235642219	2.57590762082707	0.155	0.027	1	chr3-142973218-142974362	2
0.000479992593775109	1.29971944332179	0.306	0.126	1	chr6-30719651-30723068	2
0.000480966333859081	2.09977799752876	0.184	0.045	1	chr11-59097179-59099052	2
0.000482078400446222	2.02840913266661	0.176	0.036	1	chr1-10803791-10805030	2
0.000482839467632618	1.77506718649941	0.216	0.063	1	chr13-80339744-80342001	2
0.00048309935557598	2.43637916802989	0.155	0.027	1	chr19-49855166-49862146	2
0.000484130646697711	1.92114893301876	0.2	0.054	1	chr9-15430575-15431802	2
0.000484290127535332	2.05227445398332	0.184	0.045	1	chr12-49292453-49294123	2
0.000487004844825129	2.17012816372345	0.171	0.036	1	chr5-149159972-149162158	2
0.000496461672982958	1.15119392909985	0.327	0.144	1	chr5-139635643-139639277	2
0.000497800695801137	2.10410294001783	0.184	0.045	1	chr1-200907791-200909395	2
0.000498406658161513	1.6523610243986	0.229	0.072	1	chr7-2522317-2524871	2
0.000501232823985854	2.05834877596875	0.184	0.045	1	chr6-105121497-105123072	2
0.000505211965449937	1.29215138091295	0.286	0.108	1	chr1-205542990-205544326	2
0.000506533374756802	1.50943533509581	0.245	0.081	1	chr3-13451128-13453243	2
0.000507348146915643	0.911709429408135	0.461	0.252	1	chr6-109380933-109385444	2
0.000513022412094912	1.02128861642264	0.367	0.171	1	chr3-40689763-40692044	2
0.000515390213614699	1.60562903462322	0.237	0.081	1	chr6-21885147-21888167	2
0.000516118716635052	1.54133247296472	0.233	0.072	1	chr3-100001476-100003748	2
0.000519854083307363	0.609617755995893	0.637	0.423	1	chr1-174020283-174024338	2
0.00052447436298309	1.67707452927671	0.216	0.063	1	chr3-183306559-183307716	2
0.000524555212478141	2.48314432181203	0.155	0.027	1	chr13-43878650-43880648	2
0.000525881261506183	2.08919101805888	0.184	0.045	1	chr13-112693261-112695751	2
0.00052638265927972	1.1570257652313	0.343	0.162	1	chr1-67715318-67718203	2
0.000527733617053722	1.73229443584562	0.212	0.063	1	chr1-223819459-223820630	2
0.000542556362850356	1.661934837563	0.204	0.054	1	chr16-72989028-72990907	2
0.000543613237556354	2.13406502184086	0.18	0.045	1	chr14-63863885-63865023	2
0.000549649891529463	1.2160711435308	0.318	0.135	1	chr9-117399732-117402297	2
0.000551371289024241	1.01578816297514	0.363	0.171	1	chr5-91125543-91129038	2
0.000554168514902531	1.45402934034012	0.245	0.081	1	chr6-109892137-109893830	2
0.000554753619315866	2.2757412210616	0.167	0.036	1	chr6-144314086-144316192	2
0.00056091482351036	2.40651547945908	0.155	0.027	1	chr11-118194207-118195788	2
0.000562073613340573	0.989845638541352	0.408	0.216	1	chr5-32329070-32332344	2
0.00056418290303522	1.46988718955086	0.245	0.081	1	chr10-75244393-75246331	2
0.000569650167818813	1.73205137784937	0.212	0.063	1	chr3-58095866-58097406	2
0.00057468322325652	2.02605412670292	0.184	0.045	1	chr10-29124437-29125685	2
0.00057651361232351	1.88380609318114	0.196	0.054	1	chr18-25996045-25997100	2
0.000580189554197807	1.77369059884723	0.208	0.063	1	chr12-27922266-27923533	2
0.000588717121961897	1.59831012235259	0.237	0.081	1	chr11-61688005-61689554	2
0.000590364178409879	1.16641461714489	0.31	0.126	1	chr14-90507992-90511066	2
0.000591480832641361	2.21565430033937	0.167	0.036	1	chr1-229578653-229579882	2
0.000592877076959086	0.962157047852173	0.371	0.171	1	chr1-108691203-108693827	2
0.000593633862795605	1.31494607869041	0.278	0.108	1	chr9-38016434-38020889	2
0.000595105832091337	1.66313551105689	0.216	0.063	1	chr5-171436503-171437943	2
0.000595855345782751	1.03175258661373	0.371	0.171	1	chr20-36480007-36482813	2
0.00059597906569118	1.49251512060343	0.249	0.09	1	chr2-85445384-85447718	2
0.000601722486808887	2.6432194067006	0.151	0.027	1	chr4-169014675-169016724	2
0.000610903734854556	1.98690344962852	0.184	0.045	1	chr2-3348492-3349986	2
0.000615056792230727	1.90550334590145	0.184	0.045	1	chr16-12262363-12263578	2
0.000617538003669951	0.92445342770592	0.412	0.207	1	chr1-154404465-154409423	2
0.000631361231693922	1.3274409291142	0.278	0.108	1	chr1-16947535-16949515	2
0.000639269491575095	1.89310155678303	0.188	0.045	1	chr10-69327221-69328764	2
0.00064829621053326	2.4795225920938	0.151	0.027	1	chr1-179094582-179096334	2
0.00064829621053326	2.50523793470798	0.151	0.027	1	chr21-29018354-29019920	2
0.000653111640851451	1.58440789299243	0.229	0.072	1	chr9-89675229-89677153	2
0.00067465326197665	1.72728888534128	0.196	0.054	1	chr17-81854628-81856741	2
0.000675797648299201	1.76638880950349	0.208	0.063	1	chr2-54945434-54946885	2
0.00067893048876079	1.22307140698259	0.282	0.108	1	chr16-2085189-2090713	2
0.000682869289014413	2.42501059906517	0.151	0.027	1	chr9-99259078-99260199	2
0.000686158356464677	2.11026019295286	0.167	0.036	1	chr6-43035109-43036508	2
0.00068766866631262	1.614395384393	0.224	0.072	1	chr1-107534586-107537074	2
0.000699926001650922	2.05369648457075	0.18	0.045	1	chr6-40163902-40165168	2
0.000702651381672148	1.37185411048466	0.265	0.099	1	chr4-40395250-40396688	2
0.000710688238919851	2.09693639889212	0.167	0.036	1	chr5-173472030-173473728	2
0.000713285399983909	1.61080108609002	0.224	0.072	1	chr3-100022684-100024887	2
0.000713859489620478	2.43141065108163	0.151	0.027	1	chr18-23495088-23496423	2
0.000719678477558574	1.48968465275784	0.229	0.072	1	chr8-102161804-102163296	2
0.000722967121726298	1.85720805335972	0.184	0.045	1	chr20-6703674-6704915	2
0.00072339678559172	1.15994472872318	0.306	0.126	1	chr12-13135191-13137180	2
0.000725152835711541	1.33042771406048	0.273	0.108	1	chr1-225823415-225827067	2
0.000729200006144139	1.09287180975188	0.351	0.171	1	chr16-75108647-75112094	2
0.00073813488839392	1.70907434889284	0.208	0.063	1	chr17-10789904-10791495	2
0.000739180237772557	1.26451745652578	0.269	0.099	1	chr1-41432070-41433352	2
0.000743292516539375	1.13631844386075	0.327	0.144	1	chr8-66521567-66523806	2
0.000747362132969778	1.77085123570577	0.204	0.063	1	chr1-236531406-236532758	2
0.000748879185722952	2.23901917352997	0.163	0.036	1	chr14-38277173-38278899	2
0.000749730170788149	1.30136610448209	0.273	0.108	1	chr2-119240187-119241775	2
0.000750020904040658	1.53260300043636	0.233	0.081	1	chr1-58814963-58817103	2
0.000751664482504644	2.16599351119022	0.151	0.027	1	chr6-139485375-139486843	2
0.000754501128432724	1.13387854587777	0.318	0.135	1	chr6-80105978-80107409	2
0.000758078258733277	1.27649376987948	0.282	0.108	1	chr14-37864685-37866310	2
0.000759000513553966	1.50741111309187	0.233	0.081	1	chr10-5488109-5489277	2
0.000762566178808852	1.53862481976013	0.224	0.072	1	chr8-119919429-119920907	2
0.000769042166202199	1.49071073156389	0.229	0.072	1	chr6-105325792-105328032	2
0.000779797332811464	2.37897357979642	0.151	0.027	1	chr14-75273099-75274083	2
0.000783287955416049	1.80063426514743	0.184	0.045	1	chr14-20998021-20999848	2
0.000784678808137412	1.39840677897355	0.241	0.081	1	chr21-43725503-43729401	2
0.000786730504838308	1.84015142949961	0.192	0.054	1	chr1-26470240-26473730	2
0.000788174501002486	1.5755109736799	0.22	0.072	1	chr19-1213362-1215880	2
0.000790681300740053	2.07913531190749	0.176	0.045	1	chr5-149128067-149131462	2
0.000794349061262232	1.40172564428266	0.257	0.099	1	chr1-171218472-171220106	2
0.000799001552898488	0.950688993931059	0.376	0.18	1	chr1-161116976-161120425	2
0.000802241080995067	1.0281846549881	0.347	0.153	1	chr1-228099259-228105593	2
0.000802565662085453	1.23038701129166	0.286	0.117	1	chr1-228086777-228093662	2
0.00080385216839731	0.899777412092306	0.437	0.234	1	chr1-244046971-244049868	2
0.000806291839837417	1.98956932964076	0.18	0.045	1	chr16-8685588-8686827	2
0.000822837102073627	1.05306508295833	0.347	0.162	1	chr1-206539744-206541389	2
0.000828604891900067	1.74025140046295	0.192	0.054	1	chr16-56611214-56612138	2
0.00083795827801527	0.764662323537588	0.49	0.27	1	chr6-85592737-85595182	2
0.000846100567946282	2.31662502257838	0.159	0.036	1	chr4-761892-767322	2
0.000851351975665917	2.29411459856496	0.151	0.027	1	chr3-126129231-126130422	2
0.000855816583552582	1.75919295574704	0.192	0.054	1	chr1-107625443-107627445	2
0.000861447862842045	1.53331331421118	0.241	0.09	1	chr5-134058543-134060258	2
0.000870984425037681	0.975482215576625	0.38	0.189	1	chr6-2987764-2991411	2
0.000871540929464437	0.918805005020506	0.408	0.216	1	chr1-234542045-234546269	2
0.000873031321310119	1.4456537536692	0.245	0.09	1	chr13-113000901-113002677	2
0.000873795440655236	1.26108176473249	0.278	0.117	1	chr5-142874201-142875424	2
0.000877460722042925	0.9668517084197	0.371	0.18	1	chr14-23152753-23155921	2
0.000879317754058735	1.3252415842237	0.257	0.099	1	chr5-135134268-135136577	2
0.000879459621608699	1.86757606226125	0.18	0.045	1	chr3-100097629-100098888	2
0.00088758708304663	1.90127226880671	0.188	0.054	1	chr22-43293000-43294549	2
0.000895641173087247	1.60340959652047	0.208	0.063	1	chr1-106879064-106880751	2
0.000923491768467015	1.46655465372069	0.237	0.081	1	chr1-39115642-39118492	2
0.000925071153900346	1.6695023357333	0.204	0.063	1	chr16-30804956-30806859	2
0.000928718834809344	1.22833295450933	0.278	0.108	1	chr17-57090462-57093628	2
0.000931986824175831	1.00273052948251	0.339	0.162	1	chr12-52050218-52053094	2
0.000933772399410352	2.21859997184954	0.159	0.036	1	chr8-73156728-73157820	2
0.000936656320387977	1.69410550218936	0.204	0.063	1	chr6-3363055-3365614	2
0.000960920078613033	1.93370231984498	0.176	0.045	1	chr1-246617115-246618604	2
0.000966934039512033	1.09310705674681	0.331	0.153	1	chr1-235078548-235080508	2
0.000972605616594652	1.3021041810422	0.261	0.099	1	chr2-109690439-109692727	2
0.000979929967209892	1.32163080462665	0.261	0.108	1	chr1-171141004-171143414	2
0.000984640204829853	1.6716806514241	0.212	0.072	1	chr1-222104614-222106006	2
0.000985692557571892	1.65775529558322	0.196	0.054	1	chr3-174333413-174334580	2
0.000986901285091515	1.93086172982212	0.176	0.045	1	chr5-14443331-14446484	2
0.000994328959957712	1.08292541534137	0.29	0.117	1	chr1-96508190-96511684	2
0.000994460440066307	2.05860482942593	0.171	0.045	1	chr5-96714303-96716222	2
0.000998349882553115	1.71199677924869	0.192	0.054	1	chr5-103443993-103446054	2
0.00100327322444067	1.30923056422893	0.269	0.108	1	chr1-156851504-156853396	2
0.00100474057144324	1.66068375517454	0.192	0.054	1	chr10-34905163-34906728	2
0.00100841212277237	1.34712567923589	0.265	0.108	1	chr12-93813121-93815024	2
0.00100848249590496	2.14876828405343	0.159	0.036	1	chr1-99456467-99458943	2
0.00100850853209041	1.590556850886	0.224	0.081	1	chr3-75502374-75504003	2
0.00102029234370222	1.93073287357923	0.176	0.045	1	chr14-35384500-35386234	2
0.00102159268744425	1.67144246848101	0.204	0.063	1	chr6-17212389-17214238	2
0.00102293416213105	1.59199313566176	0.22	0.081	1	chr6-108688884-108690232	2
0.00102405874469803	0.502570845304778	0.714	0.495	1	chr8-94638494-94643593	2
0.00102709478741491	1.91246578584945	0.176	0.045	1	chr19-19627162-19628660	2
0.00102805451810407	1.06990707505624	0.322	0.153	1	chr4-139739828-139741430	2
0.00103429248360138	1.63087700510212	0.204	0.063	1	chr1-70751532-70753423	2
0.00103978573567757	1.67787586012174	0.212	0.072	1	chr7-74464700-74468163	2
0.00104919533706474	0.759088734965084	0.482	0.279	1	chr8-143870999-143879158	2
0.00105472644078416	1.84524339703562	0.176	0.045	1	chr1-21781851-21784298	2
0.00107758157012156	1.63504249995373	0.192	0.054	1	chr4-139294755-139296358	2
0.00108116468767777	2.10194876900235	0.159	0.036	1	chr2-224926228-224928335	2
0.00108116468767777	2.11708358642813	0.159	0.036	1	chr2-236702069-236703974	2
0.00108271527506783	1.2444682630928	0.269	0.108	1	chr7-69780245-69782231	2
0.0010882441625649	1.78469819366326	0.196	0.063	1	chr1-21329113-21330670	2
0.00109746571001562	1.93040051583744	0.176	0.045	1	chr7-128957019-128958372	2
0.0011115711576887	2.12101015292479	0.159	0.036	1	chr17-67778922-67779912	2
0.00112314974726186	2.19981107184876	0.155	0.036	1	chr6-106763996-106765369	2
0.00112684234919414	1.79999803450241	0.176	0.045	1	chr14-24815938-24818354	2
0.0011315935460562	0.921134676934433	0.355	0.162	1	chr2-183078163-183079829	2
0.00113621362328813	1.69691141815329	0.2	0.063	1	chr21-32347822-32349772	2
0.00114433742217637	1.96990897926721	0.171	0.045	1	chr1-200371710-200374607	2
0.00115289550109277	0.656950165832179	0.576	0.342	1	chr1-248857175-248860279	2
0.00115516769860717	1.33291809739028	0.257	0.099	1	chr6-40996149-40999951	2
0.0011589651508208	1.46481674173992	0.208	0.063	1	chr16-87870223-87872958	2
0.00116669222214555	2.0845141370238	0.159	0.036	1	chr6-157433795-157435369	2
0.00117227269196559	1.85951486274043	0.176	0.045	1	chr1-167701264-167702300	2
0.00117476971724042	2.05058255035234	0.159	0.036	1	chr21-37563106-37564956	2
0.00117526314521044	1.83090454072005	0.18	0.045	1	chr6-39169028-39170711	2
0.00117742765472682	1.74677794290827	0.188	0.054	1	chr18-10562376-10564557	2
0.00118633175407044	1.66386462534297	0.2	0.063	1	chr8-100457267-100459599	2
0.00118716598753757	0.849374654950587	0.412	0.216	1	chr6-79076212-79080133	2
0.00119883291589525	1.39906876946169	0.22	0.072	1	chr14-103126595-103129776	2
0.00120693799401469	2.44652601116138	0.151	0.036	1	chr6-144296161-144298615	2
0.00122281438634073	1.90862018723034	0.171	0.045	1	chr1-115975798-115977363	2
0.00122973512865921	1.78627373597477	0.184	0.054	1	chr8-70172019-70175004	2
0.00123122882350982	0.621252042102722	0.616	0.396	1	chr1-228484939-228491495	2
0.00123274857550097	1.39232051356126	0.233	0.081	1	chr1-49346238-49347803	2
0.00124359962892583	1.79652293464761	0.176	0.045	1	chr8-52831781-52832579	2
0.00124657795023477	1.45769771454871	0.229	0.081	1	chr1-63547260-63548699	2
0.00124982754808723	2.02641923256794	0.159	0.036	1	chr11-111718154-111719205	2
0.00125340732064803	1.11353169080971	0.302	0.126	1	chr18-50373770-50375581	2
0.00126244289832179	1.65790096562842	0.188	0.054	1	chr7-152898935-152900473	2
0.00126581327926833	2.08204632753752	0.167	0.045	1	chr1-2480228-2481869	2
0.0012729121940583	1.22588408226432	0.269	0.108	1	chr10-32980041-32982336	2
0.00127451329723731	0.709302662151637	0.514	0.315	1	chr16-75249763-75255644	2
0.00127609973646575	1.29198154450865	0.253	0.099	1	chr4-26204341-26205658	2
0.00129133991172531	1.98086733724459	0.167	0.045	1	chr20-37406266-37408268	2
0.001294064357442	1.73536953310537	0.184	0.054	1	chr13-32252847-32256141	2
0.0012947376942739	1.69755195114146	0.188	0.054	1	chr7-153422322-153423953	2
0.00131928618185546	1.47147125073459	0.224	0.081	1	chr9-7327979-7329173	2
0.0013299278855419	1.19466762316867	0.261	0.099	1	chr18-22044014-22045859	2
0.00133696352258978	1.48635651225682	0.212	0.072	1	chr6-3825177-3826876	2
0.00134808663138372	1.27724402454944	0.253	0.099	1	chr6-63635066-63637238	2
0.00134808663138372	1.36839940731562	0.249	0.108	1	chr6-43909688-43912183	2
0.00135069576799383	1.33411402634224	0.237	0.09	1	chr19-11766472-11768207	2
0.0013614809308898	1.23077762206765	0.257	0.099	1	chr16-70750484-70752428	2
0.00136239576662625	0.968005394975883	0.331	0.153	1	chr1-197781895-197784597	2
0.00136601250029394	1.38814287363344	0.241	0.09	1	chr14-50000370-50002117	2
0.00136608438850893	1.95445304517983	0.159	0.036	1	chr12-123259384-123260870	2
0.00136772326361519	1.90037830479944	0.171	0.045	1	chr3-141425935-141427096	2
0.00137352671516037	2.1003496989232	0.155	0.036	1	chr13-97141340-97142111	2
0.00140381407213174	1.94099536872374	0.159	0.036	1	chr19-10939036-10940455	2
0.0014050356764221	1.63285504372639	0.188	0.054	1	chr17-2994914-2997931	2
0.00141686657692224	1.8876683360401	0.167	0.045	1	chr6-85404578-85405991	2
0.00142037797334281	1.46501931934999	0.216	0.072	1	chr7-106068673-106070630	2
0.0014204080405707	1.14838799278786	0.298	0.144	1	chr9-109922568-109924293	2
0.00142253954138084	1.83621461693322	0.171	0.045	1	chr1-145978879-145980182	2
0.00142854756201037	1.06176049384848	0.322	0.153	1	chr1-151839151-151840922	2
0.00143247066481909	1.13379096062364	0.306	0.144	1	chr1-229269538-229272867	2
0.00143827665732375	1.82651015984539	0.188	0.063	1	chr1-221117233-221119448	2
0.00143883567717072	1.44051263974423	0.229	0.081	1	chr1-26110239-26112787	2
0.00145129278672038	1.59606535301385	0.2	0.063	1	chr8-118951282-118952761	2
0.00146698277032592	1.27485170365453	0.245	0.09	1	chr10-5546481-5549304	2
0.00146974497284466	1.30446921739062	0.257	0.108	1	chr6-108587216-108590182	2
0.00148640239784925	1.62015695285079	0.188	0.054	1	chr10-113897948-113898949	2
0.00149355369537959	1.92975689187341	0.167	0.045	1	chr2-237059573-237062258	2
0.00151447510764868	1.59081943326812	0.188	0.054	1	chr2-135150435-135152235	2
0.00151564901120719	1.72251967046142	0.184	0.054	1	chr14-79412542-79414071	2
0.0015176121932718	0.788496849376989	0.433	0.261	1	chr1-2522986-2528650	2
0.001522291914564	0.679987146012673	0.527	0.333	1	chr8-101577419-101585046	2
0.00152235375842534	2.0284328468391	0.155	0.036	1	chr5-150612729-150617791	2
0.00152313629237592	1.09785395228167	0.306	0.135	1	chr17-72501227-72503382	2
0.00153544507235598	1.31639401208102	0.241	0.09	1	chr1-156571176-156573071	2
0.00153830304939291	0.872050877968617	0.424	0.225	1	chr6-52724031-52726968	2
0.00154562964218696	1.15818075675362	0.278	0.126	1	chr1-167541540-167545332	2
0.00156447664803978	1.91011721809426	0.155	0.036	1	chr3-34145001-34147414	2
0.00156982507550156	0.790270632199211	0.453	0.27	1	chr1-193103818-193106292	2
0.00157517374650484	1.930737521209	0.155	0.036	1	chrX-139194341-139195680	2
0.00157517929239899	1.4724971943433	0.22	0.081	1	chr7-128229336-128232035	2
0.00158079896491971	1.92838025831903	0.176	0.054	1	chr4-20773155-20775869	2
0.00158438683864173	1.90580310474176	0.167	0.045	1	chr9-98340793-98342130	2
0.0015859345093116	1.93378625737908	0.155	0.036	1	chr3-194879694-194881552	2
0.00158712842817354	1.24713141018426	0.253	0.099	1	chr5-174720854-174726047	2
0.00159338078643181	1.82110708764693	0.18	0.054	1	chr1-245298112-245299441	2
0.00162381487740031	1.77655668747868	0.18	0.054	1	chr2-158996860-158999943	2
0.00163739117209573	1.50969904691903	0.2	0.063	1	chr5-102754491-102756451	2
0.0016693665086161	1.46685350536977	0.208	0.072	1	chr7-101153905-101158015	2
0.00167361266001033	0.815491741812381	0.404	0.207	1	chr6-82246292-82248838	2
0.0016777341840639	1.14485660653243	0.273	0.126	1	chr1-118116179-118119565	2
0.00168694285856016	1.02471396180948	0.322	0.153	1	chr17-51119534-51122376	2
0.00169125972964126	1.81443651615838	0.167	0.045	1	chr9-83955978-83957430	2
0.00169551460533879	2.11014279422258	0.151	0.036	1	chr7-151867363-151869494	2
0.00169751684989857	0.935844457603825	0.351	0.18	1	chr10-122018378-122022333	2
0.00170201703887474	1.07257084115851	0.302	0.135	1	chr1-6958484-6961184	2
0.00172391378162327	1.50408132338237	0.196	0.063	1	chr21-33268823-33269692	2
0.00174252413886426	2.04277635035232	0.151	0.036	1	chr1-245498606-245501108	2
0.00174377353924426	1.29878622417914	0.245	0.099	1	chr7-55324809-55326683	2
0.00174475292734936	1.09049798438019	0.282	0.117	1	chr7-99407333-99410246	2
0.00175852657696379	1.78072974599795	0.167	0.045	1	chr12-120181202-120184330	2
0.00176076295390857	1.62697433624975	0.184	0.054	1	chr12-104956776-104959987	2
0.00176076295390857	1.58888015935679	0.184	0.054	1	chr19-15779398-15781362	2
0.00176195625108934	1.60177459052856	0.171	0.045	1	chr17-28969982-28971909	2
0.00176485801941974	1.34266369937942	0.237	0.09	1	chr9-121736715-121739581	2
0.0017758361914378	1.44740080232183	0.22	0.081	1	chr8-100335785-100337728	2
0.00177785384008607	2.0681604564745	0.159	0.045	1	chr5-72280429-72283951	2
0.00178405424699114	0.881541326590738	0.392	0.216	1	chr1-197200162-197202446	2
0.00179212410804282	1.62446726385324	0.192	0.063	1	chr1-10554335-10556478	2
0.00180842125647467	1.19116362202625	0.269	0.117	1	chr6-40395069-40397499	2
0.0018159606628957	1.89060082476042	0.155	0.036	1	chr20-63888985-63890237	2
0.00181645189988937	1.82249282329738	0.167	0.045	1	chr5-168448903-168450578	2
0.00182645652888721	0.843035897170749	0.38	0.189	1	chr1-225425787-225429188	2
0.00183959172763998	1.05982974236392	0.318	0.153	1	chr2-190466995-190470684	2
0.0018463501813058	1.90772081991854	0.163	0.045	1	chr3-174949171-174950437	2
0.00184884250438123	0.840446770806644	0.355	0.162	1	chr7-98085502-98087036	2
0.00185718908492521	0.921648465087405	0.359	0.18	1	chr16-46918499-46922761	2
0.00186004635606958	0.862116813089453	0.388	0.216	1	chr5-134002072-134006328	2
0.00186541284239427	0.809245990849362	0.416	0.225	1	chr1-206555236-206560716	2
0.00188005916603061	0.711696239871225	0.506	0.333	1	chr1-182028811-182030559	2
0.00189083693806423	2.09213352926103	0.151	0.036	1	chr10-29101863-29103131	2
0.00189513383611756	1.94381990069867	0.163	0.045	1	chr9-4590724-4592747	2
0.00189978688689115	0.745362238296427	0.408	0.216	1	chr2-219497561-219499342	2
0.00190827035284565	1.59482486648149	0.184	0.054	1	chr1-200183792-200184879	2
0.00190827035284565	1.64873393808851	0.184	0.054	1	chr4-24747552-24749471	2
0.00191514345918692	1.60032263633698	0.192	0.063	1	chr17-81118057-81120868	2
0.001929684127947	2.05207071837475	0.151	0.036	1	chr21-33947301-33948808	2
0.00195657925311777	1.20797593719151	0.265	0.108	1	chr18-46332688-46334532	2
0.00195804501580146	0.833318397948807	0.384	0.207	1	chr1-9161254-9165945	2
0.00195896295464974	1.62487927596343	0.18	0.054	1	chr10-42769354-42770575	2
0.00195943837762049	1.71270121092717	0.176	0.054	1	chr1-204882069-204884197	2
0.0019606284620356	1.23255184825985	0.249	0.099	1	chr3-175338263-175339929	2
0.00196232320413948	1.40926584916408	0.229	0.09	1	chr10-117413672-117414943	2
0.00197337424481623	1.12211445934181	0.286	0.126	1	chr9-129138532-129141262	2
0.00200943172052115	1.59472719199312	0.192	0.063	1	chr1-109115820-109117270	2
0.00200943172052115	1.53026500672331	0.192	0.063	1	chr8-123235330-123236485	2
0.00202625359820933	1.49940558831963	0.196	0.063	1	chr6-138233808-138236570	2
0.00203980507225197	1.68425849097122	0.167	0.045	1	chr16-969664-971662	2
0.00204926055036286	1.18006612778754	0.265	0.117	1	chr6-35725528-35729446	2
0.00206067390529582	1.27800485197178	0.233	0.09	1	chr6-110655488-110657521	2
0.00206454592234611	1.11178892829996	0.273	0.117	1	chr1-150980947-150982928	2
0.00206768018495606	1.12573359094437	0.282	0.126	1	chr1-115713114-115715481	2
0.00207847752875758	1.98462537972823	0.151	0.036	1	chr8-60707042-60709220	2
0.00209410879846748	1.40750306851718	0.208	0.072	1	chr16-75238014-75241427	2
0.00210960799744056	1.00546858551778	0.31	0.144	1	chr6-110414698-110416227	2
0.00212302438686901	1.62068082954094	0.18	0.054	1	chr1-10108113-10110002	2
0.00213327857592806	1.51396644821657	0.192	0.063	1	chr1-80729982-80731956	2
0.00213983485334497	1.03646590177478	0.331	0.162	1	chr6-157020453-157023483	2
0.00214564936076043	1.00056393932736	0.31	0.144	1	chr10-69684053-69686951	2
0.00216312625957172	1.34502702624374	0.22	0.081	1	chr18-3710417-3711560	2
0.00216758961197792	0.865945299598073	0.384	0.216	1	chr6-73652517-73655434	2
0.0021787944674172	1.35951312759434	0.229	0.09	1	chr8-127052166-127054286	2
0.00219903602371878	1.14483062258043	0.261	0.108	1	chr1-229341243-229343496	2
0.00219918490827741	1.1181095577254	0.269	0.117	1	chr1-171313410-171314748	2
0.00221355467742085	1.81402059749509	0.163	0.045	1	chr2-9102424-9103933	2
0.00224720072724301	1.82437984877877	0.171	0.054	1	chr16-69481723-69483140	2
0.00228415871278714	1.30189951889291	0.241	0.099	1	chr3-194984678-194985928	2
0.00230398412167528	1.74643334698391	0.171	0.054	1	chr6-1334794-1336738	2
0.00230474169807847	1.53930043853837	0.192	0.063	1	chr3-45167094-45168149	2
0.00232566719583566	1.2417241509106	0.253	0.108	1	chr1-68172994-68174518	2
0.00232678664146407	0.964497145433084	0.306	0.135	1	chr12-12559869-12564452	2
0.00232923273907334	1.83423615477534	0.151	0.036	1	chr5-123428771-123430602	2
0.00233208571175916	1.57893329741114	0.167	0.045	1	chr12-93389833-93391329	2
0.00233576552004858	0.839702212632746	0.359	0.18	1	chr12-124836874-124839129	2
0.00233576617490992	1.18847961799678	0.249	0.099	1	chr1-84271118-84273310	2
0.00234454795236799	1.182919214462	0.261	0.117	1	chr14-23693822-23695410	2
0.00234509985154721	1.72247686892209	0.163	0.045	1	chr1-147515091-147517021	2
0.00234782348379762	1.02446474227919	0.339	0.18	1	chr15-69552987-69555296	2
0.00236048740978424	1.65498761674804	0.151	0.036	1	chr8-142678825-142681000	2
0.00236655908672346	0.863960957548382	0.376	0.198	1	chr6-125780006-125782044	2
0.00237548518178727	1.7318817802518	0.176	0.054	1	chr6-44386294-44388605	2
0.00237548518178727	1.69827442097404	0.176	0.054	1	chr8-143731272-143734849	2
0.00238686945679317	1.26550180112917	0.233	0.09	1	chr3-45966944-45968982	2
0.00239310865795139	1.20510575896122	0.261	0.117	1	chr1-208476154-208477554	2
0.00240492575837908	0.784461168375312	0.412	0.225	1	chr3-23112432-23116496	2
0.00243509214143885	1.49779952961451	0.212	0.081	1	chr21-34127971-34130785	2
0.00246073570924007	1.26916240238691	0.241	0.099	1	chr5-139642577-139644603	2
0.00246407590826135	1.07051253607864	0.278	0.117	1	chr3-30904107-30906343	2
0.00246480354021045	1.69296032751063	0.176	0.054	1	chr1-48552309-48553943	2
0.0024846239965883	0.722519957976219	0.416	0.225	1	chr1-204409135-204412726	2
0.00249621358057766	0.839121538523789	0.371	0.18	1	chr4-6687731-6690611	2
0.00249962980774162	1.77131972338677	0.163	0.045	1	chr3-184426561-184427576	2
0.00251558438039963	1.7462158730605	0.163	0.045	1	chr12-6450782-6453085	2
0.00251922341183622	1.28123152031124	0.233	0.09	1	chr14-65254924-65256344	2
0.00252604521108814	1.67472367833562	0.176	0.054	1	chr1-197767905-197769544	2
0.00252871489644595	1.58067540454869	0.188	0.063	1	chr1-16235934-16238338	2
0.0025317188039371	1.43636072016054	0.208	0.081	1	chr12-120100127-120103062	2
0.00255594014960586	1.03157385510543	0.294	0.135	1	chr1-220708948-220711883	2
0.0025591326725774	1.38484834398659	0.216	0.081	1	chr2-234951437-234955490	2
0.00256799713033433	1.24244276219133	0.245	0.099	1	chr7-150404188-150407419	2
0.00259348188420095	0.905179872413801	0.298	0.126	1	chr6-109439475-109442158	2
0.00260855724757449	1.47769385753209	0.192	0.063	1	chr16-65812934-65814535	2
0.00261344061451255	1.53810998646919	0.18	0.054	1	chr12-52093065-52094154	2
0.00261582935106486	1.20101092118442	0.233	0.09	1	chr1-205352130-205355635	2
0.00263932344906373	1.45167436140717	0.192	0.063	1	chr3-54891151-54892253	2
0.00265717338277338	1.02006041107193	0.294	0.135	1	chr17-75783007-75787308	2
0.00270170185144109	0.980414333536081	0.327	0.162	1	chr1-84832968-84836431	2
0.00270185309089747	1.35348716988168	0.192	0.063	1	chr19-40609386-40611587	2
0.00270645463829484	1.10050022508346	0.269	0.117	1	chr12-57545956-57547718	2
0.00270666526084728	1.04934134858511	0.306	0.153	1	chr15-45634219-45636129	2
0.00271255127337538	0.727252538593638	0.478	0.306	1	chr1-222617377-222624018	2
0.00271821592507965	1.60897026055556	0.176	0.054	1	chr4-38728288-38729514	2
0.0027293125577706	1.81557224259149	0.159	0.045	1	chr10-123742882-123745261	2
0.00273978897883217	0.997902658195027	0.31	0.153	1	chr8-90000319-90002280	2
0.00274614376516287	1.07597684130784	0.282	0.126	1	chr8-101603278-101604649	2
0.00277922174936881	1.53089452122765	0.188	0.063	1	chr22-37500866-37503073	2
0.00278518287611349	1.62750701993555	0.176	0.054	1	chr1-162913063-162914235	2
0.00279576570254726	1.35339963720065	0.216	0.081	1	chr3-189324325-189325484	2
0.00279651144969312	1.29786428356777	0.229	0.09	1	chr10-24236725-24240846	2
0.0027997648956217	1.80569066276111	0.159	0.045	1	chr10-11225619-11226827	2
0.00282479919971074	1.1892513456775	0.237	0.09	1	chr1-155909630-155912384	2
0.0028250402021164	1.70056036920209	0.171	0.054	1	chr4-152678806-152680508	2
0.0028267097028444	1.31048013279175	0.216	0.081	1	chr6-43058967-43060753	2
0.00283561035401073	1.7231762662903	0.159	0.045	1	chr2-101116850-101118154	2
0.00284541241607482	1.12106672610244	0.269	0.117	1	chr1-182788503-182790425	2
0.00285896796996501	1.13894045023962	0.261	0.117	1	chr6-149854531-149858602	2
0.00289016472124431	1.74688843503147	0.159	0.045	1	chr17-74968077-74969207	2
0.00291818778244301	0.950361484507641	0.29	0.135	1	chr6-129708796-129710922	2
0.00293456191446783	0.88746216305128	0.355	0.18	1	chr1-144411840-144413535	2
0.00294083765014835	1.28809428700021	0.224	0.09	1	chr1-228829808-228831584	2
0.00297856427109985	1.89920324530792	0.155	0.045	1	chr10-484272-486344	2
0.00297896719297272	1.16303041657704	0.253	0.108	1	chr9-111597726-111600255	2
0.00299009962758214	1.03381612401907	0.327	0.171	1	chr1-74197461-74199264	2
0.00299294309062494	1.34697700942864	0.22	0.09	1	chr1-119686231-119689132	2
0.00300385910853801	1.00837966684428	0.29	0.135	1	chr1-184024648-184025955	2
0.00300851978165597	0.524307838303519	0.596	0.378	1	chr12-57514388-57524643	2
0.00303976933881949	1.68493948888604	0.171	0.054	1	chr1-41617704-41618709	2
0.00304994659037073	1.56342357943914	0.176	0.054	1	chr7-129951520-129953469	2
0.00308792436176931	1.35283659948243	0.2	0.072	1	chr6-2970507-2972389	2
0.00308988366514375	1.14550004641604	0.245	0.099	1	chr6-75600655-75603944	2
0.00310670522716384	1.01656819109782	0.29	0.135	1	chr13-44758538-44760868	2
0.00311264658057084	0.866003607812634	0.359	0.18	1	chr7-30172357-30174082	2
0.00311626748314814	1.21070833179252	0.241	0.099	1	chr1-230158089-230160161	2
0.00311809618554058	1.75556983821408	0.159	0.045	1	chr3-112097263-112098114	2
0.00314240150959623	1.3616402396477	0.192	0.063	1	chr2-101119210-101121525	2
0.00315924789497643	0.783262583855773	0.306	0.135	1	chr12-6372354-6378163	2
0.00317520782841916	1.52253627679405	0.192	0.072	1	chr2-95303328-95306897	2
0.00318585059932378	1.02995559647559	0.298	0.144	1	chr3-15101598-15103610	2
0.00319272522418316	1.1368676077348	0.261	0.117	1	chr1-51567241-51570630	2
0.00319513380102317	1.36990866597667	0.212	0.081	1	chr6-9139661-9141581	2
0.0032162931891131	1.4780845028	0.188	0.063	1	chr1-87448768-87449988	2
0.00322322314232215	1.28584859911484	0.216	0.081	1	chr17-81846276-81847734	2
0.00323471529441911	1.41846063461982	0.208	0.081	1	chr6-43575151-43577405	2
0.00323623357033528	1.74042396454062	0.167	0.054	1	chr3-112472776-112474022	2
0.003248253129588	1.14213625797537	0.241	0.099	1	chr7-141287723-141289538	2
0.00325147234459245	0.929997941714929	0.306	0.144	1	chr8-58479686-58481187	2
0.00326558574624037	0.901074247376876	0.331	0.171	1	chr3-138113274-138116344	2
0.00329176981653776	1.41638596325597	0.188	0.063	1	chr6-89351189-89353338	2
0.0033227728490263	0.720647900338607	0.412	0.225	1	chr1-75723252-75726507	2
0.00332996763134682	1.2710938990697	0.216	0.081	1	chr21-32278019-32280118	2
0.00334122567161475	1.39656293587689	0.2	0.072	1	chr1-93552645-93555187	2
0.00335270090407793	0.974797856852269	0.318	0.162	1	chr6-53547172-53548846	2
0.00337461445841273	1.31004581728257	0.212	0.081	1	chr2-102226851-102228622	2
0.00337930166925335	1.30178285946404	0.224	0.09	1	chr1-16205851-16207439	2
0.00339704340396516	0.661913709366364	0.498	0.324	1	chr19-1265254-1277264	2
0.00339790800978767	1.39820956113834	0.2	0.072	1	chr9-18824042-18827980	2
0.00339888487888441	0.931754758566495	0.327	0.162	1	chr2-201115741-201119521	2
0.00340701321760897	0.937609999432985	0.286	0.126	1	chr13-44853353-44855319	2
0.00345452861746313	0.964217988767189	0.306	0.153	1	chr3-128347554-128350904	2
0.00346008936795463	1.05983653313146	0.245	0.099	1	chr12-46382518-46384488	2
0.00346250779164596	0.538179939973336	0.588	0.396	1	chr1-236794514-236796720	2
0.00346481808418127	0.761009249497187	0.404	0.243	1	chr1-207962692-207964793	2
0.00346851786960275	0.914745080963136	0.31	0.153	1	chr1-161152979-161154837	2
0.00346910125715387	1.56053305971824	0.159	0.045	1	chr12-53492324-53494089	2
0.00347249193862281	1.60880337374895	0.171	0.054	1	chr5-149754154-149755113	2
0.00348637259073367	0.723659575936592	0.437	0.27	1	chr6-52283990-52285581	2
0.00349082771391724	1.69467939380434	0.159	0.045	1	chr2-10035803-10037105	2
0.0035047200293398	1.36145978616704	0.192	0.063	1	chr18-49479147-49480156	2
0.00350693769227432	1.50636753722697	0.184	0.063	1	chr1-31510132-31512233	2
0.00351448704076178	1.50734728881163	0.171	0.054	1	chr7-139739727-139741130	2
0.00352257050499111	1.27896349488429	0.241	0.108	1	chr1-112673303-112675900	2
0.00352675687372943	0.426158705289286	0.706	0.55	1	chr1-173860180-173870945	2
0.00355095805545343	1.3718686813429	0.208	0.081	1	chr4-20809602-20810548	2
0.00355317500315658	1.10487340851208	0.257	0.117	1	chr8-58065537-58068548	2
0.00355794181400297	1.06080706374925	0.273	0.126	1	chr21-36698036-36702019	2
0.00356689752316523	1.68949215634717	0.167	0.054	1	chr7-55773466-55775506	2
0.00356756037169851	1.23476261280617	0.233	0.099	1	chr6-57171746-57174463	2
0.00358790205407802	0.991020107588385	0.282	0.126	1	chr6-57316280-57318116	2
0.0036172407864054	1.02079144194308	0.278	0.126	1	chr6-52670397-52671912	2
0.00362225732916126	0.877795348654812	0.318	0.153	1	chr2-120252070-120254238	2
0.00362529014118833	1.75531896516246	0.155	0.045	1	chr1-223871969-223873549	2
0.00362529014118833	1.75136780403714	0.155	0.045	1	chr10-72170146-72171738	2
0.0036296119942829	1.28747006876523	0.22	0.09	1	chr1-178536538-178537884	2
0.00365994359511903	1.21741105277745	0.241	0.108	1	chr9-124657814-124659825	2
0.00367636413664176	1.64057613751302	0.167	0.054	1	chr19-34171526-34173973	2
0.00368712859057468	1.57418817925651	0.171	0.054	1	chr17-1999278-2000603	2
0.00370207409422344	1.09203784498445	0.253	0.108	1	chr3-142148128-142150009	2
0.00370538192177814	1.72823817581407	0.163	0.054	1	chr2-111153346-111156043	2
0.00373147689455624	1.55179873151138	0.171	0.054	1	chr19-30555984-30557614	2
0.00373251885103136	0.84031959220535	0.29	0.126	1	chr12-74536990-74540402	2
0.00375383238636361	1.54018854686139	0.171	0.054	1	chr4-151795738-151797939	2
0.00376432361049246	1.68620898237649	0.155	0.045	1	chr5-14569827-14570721	2
0.00378552393495859	0.791955739886318	0.384	0.207	1	chr13-51451098-51454379	2
0.00378796144533563	1.70340210200004	0.155	0.045	1	chr5-139667172-139669207	2
0.00379468655507544	0.663470571733352	0.482	0.315	1	chr1-244833765-244842498	2
0.00384368865827957	0.948303153124098	0.318	0.162	1	chr10-97399867-97401906	2
0.00385787749027644	1.63880196246559	0.167	0.054	1	chr5-1770098-1773291	2
0.00385968653907976	1.6797978474029	0.155	0.045	1	chr3-120176809-120178139	2
0.00387289942036429	0.694075079093524	0.473	0.288	1	chr3-69084107-69088609	2
0.0038740323043857	1.33375895355828	0.208	0.081	1	chr16-70714558-70716839	2
0.00387809484109189	1.01732421438554	0.265	0.117	1	chr17-75695749-75698368	2
0.00388130201368533	1.02795112460317	0.273	0.126	1	chr8-134743361-134744630	2
0.00389084454387652	1.32457251489127	0.196	0.072	1	chr7-98353956-98355416	2
0.00389355267670022	0.709990598991105	0.441	0.252	1	chr6-111481476-111485053	2
0.00390881989213469	1.27864588820967	0.22	0.09	1	chr1-9241795-9243290	2
0.00391905767546002	0.913302429164187	0.335	0.18	1	chr6-52419670-52421299	2
0.00394807308382274	0.941144288811288	0.282	0.126	1	chr5-2200162-2201544	2
0.00395624140636409	1.82613211038126	0.151	0.045	1	chr1-186576924-186579002	2
0.00395865110241816	1.22659331547724	0.224	0.09	1	chr18-49730692-49732700	2
0.00398017701251982	0.843722953180898	0.339	0.171	1	chr1-206469402-206471448	2
0.00398189593845477	1.45675637021752	0.184	0.063	1	chr6-31794144-31796525	2
0.00398197459542008	1.63737221201775	0.155	0.045	1	chr7-37031644-37032684	2
0.00398706720128111	1.26439178977134	0.229	0.099	1	chr19-35448919-35450239	2
0.00405234530594065	0.935254422517425	0.29	0.135	1	chr5-154682131-154683882	2
0.0040557399337381	1.42647666794267	0.171	0.054	1	chr1-107140960-107143125	2
0.00407983283764981	1.11577061297271	0.249	0.117	1	chr5-180828765-180833157	2
0.00409767755772733	1.32854819019775	0.184	0.063	1	chr2-224909571-224911012	2
0.00410075987910207	1.1826043686195	0.233	0.099	1	chr1-9835303-9836969	2
0.00410409540109891	1.47239192335521	0.171	0.054	1	chr18-21241951-21243365	2
0.00412004741156651	1.21915484113726	0.22	0.09	1	chr16-2124005-2129096	2
0.00412721144879346	1.04402462023446	0.261	0.117	1	chr6-43246446-43247892	2
0.00413335825677968	1.65633343169988	0.155	0.045	1	chr10-12053246-12054349	2
0.00417281082375819	1.12216237397124	0.253	0.117	1	chr13-20566232-20568340	2
0.00420388953220831	0.713070490472811	0.424	0.261	1	chr3-128079572-128086152	2
0.0042070945882146	1.15136646768646	0.233	0.099	1	chr14-75458761-75460065	2
0.0042290307911564	1.00748989046342	0.261	0.117	1	chr13-51995142-51996761	2
0.0042346309385527	1.09156682588044	0.237	0.099	1	chr6-106910874-106914343	2
0.00424150187760477	1.25541918694051	0.229	0.099	1	chr4-37987755-37989455	2
0.00424969837233864	0.78971049131447	0.343	0.171	1	chr14-68937542-68940502	2
0.00426490660941385	1.36668273915028	0.184	0.063	1	chr2-189521546-189523277	2
0.0042660502706224	1.45247988173886	0.18	0.063	1	chr17-1995574-1998654	2
0.00427783010691	0.83733470652105	0.347	0.18	1	chr6-80003580-80005278	2
0.00428994583226166	1.65577217080648	0.155	0.045	1	chr10-79408555-79409829	2
0.00430804541533863	1.16613626264796	0.249	0.117	1	chr3-43417977-43419421	2
0.0043138102603101	1.30226984396042	0.184	0.063	1	chr16-67362972-67364242	2
0.00434158153368584	1.2546464958147	0.22	0.09	1	chr21-43286989-43289016	2
0.00436199711924374	0.810918339952606	0.376	0.216	1	chr6-3375574-3384189	2
0.00437362231495787	1.77384897020751	0.151	0.045	1	chr16-90022120-90023568	2
0.00437540666797538	1.05945654769574	0.261	0.117	1	chr2-86621293-86624493	2
0.00439450245036823	0.710390090334235	0.429	0.252	1	chr1-180173437-180175130	2
0.00441636597589274	1.12205376809566	0.224	0.09	1	chr15-89827774-89829232	2
0.00442850983971368	1.68413789960883	0.151	0.045	1	chr10-62095118-62097099	2
0.00443119126847808	0.772209212668274	0.42	0.234	1	chr6-51472416-51474996	2
0.00443136828887614	1.37590306582195	0.171	0.054	1	chr12-53824943-53825997	2
0.00443193547716752	0.864293906801655	0.347	0.198	1	chr5-16735366-16737052	2
0.00443317882221761	1.12659855916453	0.22	0.09	1	chr6-41577633-41579450	2
0.00443508995677825	0.904665507432518	0.322	0.162	1	chr1-200738018-200740651	2
0.00443867655472154	1.57323417364996	0.176	0.063	1	chr3-193871910-193873134	2
0.00445232569118006	1.55220671003491	0.167	0.054	1	chr1-171224130-171225113	2
0.00447941736311327	1.64803326854213	0.155	0.045	1	chr4-143381214-143382999	2
0.00450087046799245	1.01770397726676	0.286	0.144	1	chr12-12432068-12434569	2
0.00453070267399394	0.73005216274957	0.4	0.207	1	chr6-53793236-53796773	2
0.00454830599639932	1.06258468708309	0.261	0.117	1	chr6-42879012-42880985	2
0.00456209749539114	1.60901591613466	0.171	0.063	1	chr12-52926006-52927981	2
0.00457278228522258	1.01126124884044	0.265	0.117	1	chr3-56810779-56814153	2
0.00459472821798014	1.02853056708754	0.265	0.126	1	chr3-149386111-149387495	2
0.00463323890868094	0.959686160684088	0.294	0.144	1	chr8-57854797-57856440	2
0.00464819777844337	1.50444986954529	0.176	0.063	1	chr1-112687659-112689293	2
0.00468387706100675	0.862960421204102	0.331	0.18	1	chr3-11600130-11603273	2
0.00469987755370766	1.32795784072606	0.2	0.081	1	chr1-248862638-248863828	2
0.00470050901848115	0.963251015491566	0.302	0.153	1	chr6-71287119-71289911	2
0.00470898728519605	1.20213469250024	0.233	0.108	1	chr1-180153873-180155961	2
0.00471196721182696	0.977237815443324	0.273	0.135	1	chr12-123362547-123366148	2
0.00471903585768457	0.991038947052534	0.294	0.144	1	chr16-31450858-31455784	2
0.00474707432446428	0.911177124575476	0.29	0.135	1	chr7-87627545-87629608	2
0.00474761718370809	1.28496665714814	0.22	0.099	1	chr17-74767284-74773891	2
0.00474936254638914	0.738116623788448	0.388	0.225	1	chr1-230185130-230187266	2
0.00474959536066227	0.951910111328303	0.306	0.162	1	chr7-108093969-108096271	2
0.00476325452595097	1.58656629626274	0.155	0.045	1	chr18-48928720-48931295	2
0.00478463778867983	1.24136638914321	0.216	0.09	1	chr5-96246932-96248341	2
0.00479614945432041	1.13513186299334	0.257	0.126	1	chr1-227733437-227736754	2
0.00480075660301671	1.65264971674938	0.151	0.045	1	chr6-18342941-18344062	2
0.00480729825709875	0.934141327974677	0.322	0.171	1	chr1-204515724-204517263	2
0.00481548535582098	0.906788978386819	0.335	0.18	1	chr1-182838589-182841799	2
0.00482731954306026	1.23912222465162	0.208	0.081	1	chr9-89685756-89687657	2
0.00485551324647722	1.10200432760861	0.245	0.108	1	chr1-202085444-202088601	2
0.00486075854125559	0.989402120266819	0.29	0.144	1	chr3-182792537-182796042	2
0.00486075854125559	0.992371387522621	0.29	0.144	1	chr14-55101801-55104072	2
0.00486481750831165	1.5157841097018	0.167	0.054	1	chr2-20438059-20439542	2
0.0048812759014151	1.45150904599027	0.155	0.045	1	chr2-84904671-84906463	2
0.00494158045614761	1.11000900069751	0.2	0.072	1	chr8-135456501-135458510	2
0.00494410538149456	1.59860853889031	0.163	0.054	1	chr11-34153792-34157657	2
0.00495724424402785	0.74655630763683	0.376	0.207	1	chr10-80203041-80206318	2
0.00495885297823898	1.02664453728969	0.265	0.126	1	chr12-122062472-122064410	2
0.00497094340793095	1.02157651565702	0.269	0.135	1	chr14-68306528-68308299	2
0.0049739276447128	1.11520051258699	0.233	0.099	1	chr3-112404975-112411000	2
0.00497929894616061	1.49132876269543	0.176	0.063	1	chr1-1832776-1834806	2
0.00498050468162745	1.49491801563706	0.167	0.054	1	chr1-81678332-81679686	2
0.00499468999362242	1.16075597641926	0.22	0.09	1	chr6-38974332-38976391	2
0.00500783111182261	1.48731690029036	0.176	0.063	1	chr1-93579332-93580436	2
0.00503374702194229	1.41824749342194	0.18	0.063	1	chr1-202142810-202145763	2
0.00504434454640911	1.10768085697088	0.229	0.099	1	chr1-204416839-204419701	2
0.00505466303913722	1.29972982264626	0.192	0.072	1	chr11-7599304-7600975	2
0.00508909481262753	0.933912507670998	0.273	0.126	1	chr6-159691247-159694685	2
0.00511006970636279	0.687722847651163	0.437	0.243	1	chr1-247006877-247008561	2
0.00511035547815023	1.34232870123289	0.192	0.072	1	chr7-55555472-55556777	2
0.00511035547815023	1.36700551365702	0.192	0.072	1	chr9-119801297-119803349	2
0.00512344395648412	1.50078660116093	0.176	0.063	1	chr3-172561563-172564097	2
0.00515272156882714	1.48692265660947	0.176	0.063	1	chr3-119322364-119323842	2
0.0052045893456936	1.18323541467794	0.22	0.09	1	chr8-109602505-109605380	2
0.0052045893456936	1.07135380069296	0.22	0.09	1	chr14-103576180-103577482	2
0.00521567838849542	1.4290454151421	0.196	0.081	1	chr3-56466813-56469002	2
0.00521774266962982	1.25441132719535	0.204	0.081	1	chr7-100269255-100272917	2
0.0052331060994867	1.6303806684763	0.151	0.045	1	chr6-128511165-128512902	2
0.0052402986561872	1.55552106128964	0.171	0.063	1	chr8-119176957-119179955	2
0.00525219857166129	1.15542731839603	0.229	0.099	1	chr16-30984363-30986220	2
0.00526645863549065	1.34732843382041	0.18	0.063	1	chr3-3636255-3637693	2
0.00527043852313555	1.5730693352775	0.171	0.063	1	chr1-243487131-243489063	2
0.00527616257830659	1.55683409990584	0.163	0.054	1	chr1-46278491-46279665	2
0.00531567868177271	0.968455117943138	0.282	0.135	1	chr9-38031319-38033324	2
0.00532151465496425	1.40246461237727	0.188	0.072	1	chr11-48001246-48002158	2
0.00533609874528154	1.10382295069369	0.237	0.099	1	chr16-85514173-85516506	2
0.00533865709495544	1.53378409287277	0.163	0.054	1	chr3-156812368-156813475	2
0.00535591101075792	0.943939490692358	0.302	0.153	1	chr8-81841271-81843114	2
0.00536293679342556	1.5372125495931	0.151	0.045	1	chr9-91948292-91950546	2
0.00537015436305889	1.5420978082337	0.163	0.054	1	chr1-23529801-23532154	2
0.00537933093949809	1.09805148441679	0.241	0.108	1	chr1-40267263-40268740	2
0.00539516876176008	0.933964214486168	0.286	0.135	1	chr1-6157044-6158692	2
0.00540893285523026	1.28007888126307	0.196	0.072	1	chr13-110555553-110556666	2
0.00541679467936603	1.32193419231174	0.18	0.063	1	chr8-114585641-114587078	2
0.00542450859884148	0.803065235260439	0.38	0.234	1	chr1-53175293-53177431	2
0.00542893675948632	1.61278226330305	0.151	0.045	1	chr1-224622096-224623294	2
0.00544732280881616	1.31170721414607	0.18	0.063	1	chr17-2011141-2012514	2
0.00545022728722889	1.09828627918263	0.22	0.09	1	chr6-30913208-30915944	2
0.00545061816704155	1.0339042208009	0.265	0.126	1	chr16-23678079-23680064	2
0.0054561611933979	1.019729203043	0.257	0.117	1	chr2-26000516-26003432	2
0.00552071584608023	1.61398485088868	0.159	0.054	1	chr16-30359343-30360485	2
0.00553054658521851	1.2386792476624	0.204	0.081	1	chr5-190268-191848	2
0.00555919971166619	0.981080980805729	0.269	0.126	1	chr5-179912131-179914776	2
0.00556268706658335	1.51946834896917	0.163	0.054	1	chr3-125001435-125004287	2
0.0056624119294172	1.45660995356048	0.167	0.054	1	chr6-49540668-49543692	2
0.00566707010305196	1.19418457761332	0.212	0.09	1	chr21-31657959-31661092	2
0.00567055797266202	1.75185335256971	0.155	0.054	1	chr8-96644688-96645858	2
0.00567427974149814	1.19563536784909	0.216	0.09	1	chr21-33403207-33405679	2
0.00572002431750821	1.647137483204	0.159	0.054	1	chr1-1328317-1335089	2
0.00572660479193727	0.407109591164184	0.771	0.577	1	chr8-133522116-133576268	2
0.00573831540128117	1.22540407795928	0.204	0.081	1	chr21-32660566-32661928	2
0.00573849435454164	1.39926733061001	0.176	0.063	1	chr3-104610524-104613089	2
0.00574462153350153	0.815343427987451	0.331	0.171	1	chr6-170552496-170554902	2
0.00577092619592382	1.36085854716846	0.176	0.063	1	chr4-155953015-155954296	2
0.00577283525615985	0.908399046913816	0.265	0.117	1	chr7-151875044-151877950	2
0.0057841463397004	0.96060012464514	0.273	0.135	1	chr10-73494886-73498109	2
0.00580169568251436	0.917028101597283	0.306	0.162	1	chr6-16758251-16762119	2
0.00580232731715364	1.03636751700107	0.253	0.117	1	chr2-100290641-100292699	2
0.00580734668294214	1.5252494544027	0.171	0.063	1	chr1-1510857-1514161	2
0.00581276910778912	1.1796767398654	0.237	0.108	1	chr1-109040554-109042728	2
0.00582596650962118	1.25272143026962	0.18	0.063	1	chr18-79933676-79935212	2
0.00584029305295113	1.34390410921696	0.188	0.072	1	chr22-40651328-40652832	2
0.00584056631075663	1.55624258030187	0.151	0.045	1	chr8-101451134-101453913	2
0.00585204439305826	1.41901467492073	0.184	0.072	1	chr16-67779062-67781972	2
0.00589881253586276	1.0966412137107	0.237	0.108	1	chr4-2791383-2795369	2
0.00590537709411229	1.19743474488939	0.212	0.09	1	chr4-1725981-1728774	2
0.00591184341899457	1.43365639926901	0.151	0.045	1	chr1-10429793-10431604	2
0.00591660747134398	1.42668976333717	0.184	0.072	1	chr16-88015791-88018064	2
0.00593557779726119	1.40032906625458	0.176	0.063	1	chr8-81193255-81194804	2
0.00595250698746971	1.15827534592832	0.229	0.099	1	chr15-77496720-77498558	2
0.00596456354377295	0.880021526309748	0.331	0.18	1	chr1-224142482-224143704	2
0.00597970928684255	0.945413945686772	0.261	0.126	1	chr1-31704339-31706751	2
0.00598599019532728	1.00627265736354	0.265	0.126	1	chr9-105064029-105065870	2
0.00599061917080138	1.3279644764551	0.18	0.063	1	chr5-80216686-80218359	2
0.00600261529753375	1.40119102842317	0.176	0.063	1	chr20-53939339-53940401	2
0.0060311681004379	1.54379668177705	0.159	0.054	1	chr1-94325176-94326659	2
0.0060363892001462	1.43258817189731	0.176	0.063	1	chr1-220426639-220427869	2
0.00605717236662872	0.911903944401259	0.31	0.162	1	chr1-171342739-171345003	2
0.00607155490772912	1.45551720138634	0.163	0.054	1	chr14-47626036-47627302	2
0.00608995749187464	1.28041808380201	0.196	0.081	1	chr7-56091534-56093736	2
0.00609921892329594	0.855815216533447	0.29	0.144	1	chr1-234917733-234919909	2
0.00610234868390555	1.55755352584904	0.159	0.054	1	chr1-58577062-58579170	2
0.00610234868390555	1.58767250830307	0.159	0.054	1	chr3-184811683-184813302	2
0.0061109198811646	1.31628333675548	0.204	0.081	1	chr1-179929727-179932485	2
0.00614248199628668	1.38918675881947	0.163	0.054	1	chr5-134568503-134570231	2
0.00614248199628668	1.4621923473134	0.163	0.054	1	chr22-36659487-36660909	2
0.00615465896468472	0.975300614699127	0.273	0.135	1	chr18-21183364-21185323	2
0.00615723658324185	1.12908650697334	0.22	0.09	1	chr11-2201854-2203193	2
0.00616878970954351	0.984658820712272	0.273	0.135	1	chr19-1097650-1099960	2
0.0061732033253776	1.4111635289008	0.176	0.063	1	chr18-46273515-46274733	2
0.00617509698484103	1.17057496813798	0.204	0.081	1	chr1-19010029-19011833	2
0.00619983151030492	1.30710465266782	0.188	0.072	1	chr12-107485281-107487983	2
0.00620211970602566	0.988368794560123	0.257	0.117	1	chr4-132343986-132345937	2
0.00620719580122826	1.20467532879095	0.208	0.09	1	chr1-48878138-48879249	2
0.00623275803943105	1.25441187582854	0.2	0.081	1	chr17-17684809-17686987	2
0.00628362180430338	1.53431751950083	0.159	0.054	1	chr11-117907021-117908059	2
0.00631764687993423	1.43583702322994	0.184	0.072	1	chr5-56668882-56670398	2
0.00638125016197765	1.26704922735669	0.192	0.072	1	chr1-36248199-36249440	2
0.00646985831798847	0.814369243213572	0.343	0.18	1	chr16-75263261-75267032	2
0.00647110030924259	0.760254204416495	0.327	0.162	1	chr8-144507379-144512284	2
0.00647156531904508	1.02322750882089	0.253	0.117	1	chr1-85463715-85466024	2
0.00647370263690703	1.26184404799459	0.188	0.072	1	chr1-205842388-205844059	2
0.00649358000245469	0.947364979378211	0.286	0.153	1	chr1-16622757-16625343	2
0.00650517615779048	1.17176383628326	0.204	0.081	1	chr2-37195987-37197822	2
0.00650843328607721	1.45408511528095	0.163	0.054	1	chr15-33201517-33202411	2
0.006533961722864	1.07774472651159	0.237	0.108	1	chr7-30777891-30781388	2
0.00654113911738364	1.16389766073829	0.212	0.09	1	chr3-155664707-155665803	2
0.00654554805498402	1.54339923182309	0.159	0.054	1	chr10-11715683-11716691	2
0.00660971963361373	1.15306307133553	0.216	0.09	1	chr3-5121905-5124370	2
0.00661111112255147	1.37676571735035	0.192	0.081	1	chr9-2465708-2467317	2
0.0066128626990972	0.930229885812953	0.278	0.135	1	chr9-35349099-35351889	2
0.00662909764966869	1.29325250320507	0.151	0.045	1	chr1-55049230-55050893	2
0.00664163847875599	1.25094651514659	0.212	0.09	1	chr1-85258766-85260355	2
0.0066695033583566	0.881346367635499	0.29	0.144	1	chr8-85176408-85178923	2
0.00667413354250659	1.09721055321758	0.241	0.117	1	chr7-53811231-53812628	2
0.00667609547628292	1.12604627254521	0.204	0.081	1	chr5-113487362-113489364	2
0.00668101254922715	0.894611591583375	0.294	0.153	1	chr3-172515051-172517784	2
0.00671909572291269	1.02951580474653	0.249	0.117	1	chr10-7817262-7819751	2
0.0067676220177254	1.33247810026423	0.196	0.081	1	chr6-30570224-30572598	2
0.00677041786134964	0.788315324040084	0.314	0.162	1	chr13-27619265-27622741	2
0.00677687572327132	1.2824877576461	0.2	0.081	1	chr3-194002694-194004173	2
0.00679638047556117	1.29589713992897	0.204	0.09	1	chr12-26273667-26275364	2
0.00679988650721963	1.43282133350264	0.171	0.063	1	chr3-183965967-183967105	2
0.00683108367222685	1.06092279627883	0.249	0.117	1	chr1-165597655-165599049	2
0.00684532369986026	0.715234929241502	0.396	0.216	1	chr1-110963002-110964701	2
0.00688015429858945	0.895356632252031	0.29	0.144	1	chr6-83859207-83860611	2
0.00688015429858945	0.869946772340684	0.29	0.144	1	chr12-122870577-122873643	2
0.00688352633259179	1.24211396937098	0.2	0.081	1	chr17-57106036-57108431	2
0.00689038143271764	0.837033576109776	0.335	0.18	1	chr7-27344477-27348170	2
0.00693833691814525	1.31062313734635	0.176	0.063	1	chr17-32349113-32351156	2
0.00694546027473835	0.764903698631292	0.4	0.243	1	chr1-32815616-32819298	2
0.00695151951972944	1.18571654634009	0.212	0.09	1	chr1-12477764-12479237	2
0.00697361267807931	0.939451253526723	0.265	0.126	1	chr1-202379636-202381085	2
0.0069783423916318	0.830187242733189	0.294	0.144	1	chr2-102618586-102620929	2
0.00698917356883622	0.979301025246711	0.241	0.108	1	chr2-85954489-85956059	2
0.00700061399369885	1.4724291473882	0.167	0.063	1	chr7-103943693-103945286	2
0.00701271257229354	1.64287504022986	0.155	0.054	1	chr8-99892300-99894121	2
0.00703294460836415	1.18464827688468	0.216	0.099	1	chr15-36579090-36580253	2
0.00705433294384011	1.36512837857184	0.176	0.063	1	chr3-49276339-49277948	2
0.00705766299567164	1.14403390328605	0.212	0.09	1	chr2-190497245-190498092	2
0.00707072617502746	1.38596182244812	0.171	0.063	1	chr10-97868665-97870052	2
0.00708978342745157	0.689811290512956	0.42	0.252	1	chr6-75283539-75285854	2
0.00709905021219857	1.45095068821248	0.159	0.054	1	chr9-129320118-129322760	2
0.00711691415840408	1.35751444366327	0.184	0.072	1	chr3-23926822-23928232	2
0.00711975634725034	0.888685866165497	0.286	0.144	1	chr1-112460740-112463186	2
0.00714100150277035	1.05881422964579	0.245	0.117	1	chr19-29389030-29390351	2
0.00716092586385803	1.04579634064438	0.237	0.108	1	chr5-44538339-44540008	2
0.00717223091859041	0.684222075828535	0.416	0.261	1	chr10-79443493-79447116	2
0.00718146227604354	1.4588703013256	0.159	0.054	1	chr9-128102611-128103933	2
0.0072078205284741	0.639400025420004	0.445	0.279	1	chr8-134711135-134713982	2
0.00721734431271389	0.832455591643097	0.318	0.171	1	chr9-114080396-114083164	2
0.00737221526103117	1.34939422320429	0.176	0.063	1	chr2-232588380-232589706	2
0.00741662066670112	1.00187727804153	0.249	0.117	1	chr6-5259476-5262589	2
0.00743392061248545	0.867162406170865	0.306	0.162	1	chr2-156435336-156437582	2
0.00744053971398177	1.22623008384588	0.188	0.072	1	chr4-6632365-6634015	2
0.00745882728346552	0.853308368118262	0.327	0.189	1	chr1-32715636-32717459	2
0.00751275321152628	1.04070832063848	0.233	0.108	1	chr10-119164448-119167098	2
0.00753592580436956	1.33769736867828	0.176	0.063	1	chr6-34601209-34603429	2
0.00756878978016798	0.884557007719379	0.278	0.135	1	chr2-75709263-75711734	2
0.00761401635808537	1.4524558644554	0.167	0.063	1	chr1-167682994-167684548	2
0.00761401635808537	1.46357510200527	0.167	0.063	1	chr18-23693773-23696365	2
0.00764298308598995	1.67938605598007	0.151	0.054	1	chr21-45747344-45749155	2
0.00765156401179956	1.51114356108258	0.155	0.054	1	chr1-26278997-26280666	2
0.00766978083766443	1.24045854027584	0.196	0.081	1	chr12-122752145-122753921	2
0.00768213957091606	0.924692872041868	0.286	0.153	1	chr10-94544472-94547090	2
0.00768395980274891	1.31272058815729	0.171	0.063	1	chr1-160214112-160215522	2
0.00774784474919243	0.80791508453061	0.322	0.171	1	chr1-236280616-236282730	2
0.00775402363782033	1.29690276680514	0.184	0.072	1	chr4-24794902-24796210	2
0.00786894928759912	0.836239945652382	0.298	0.153	1	chr1-219554942-219556537	2
0.00791153623141755	1.17450731429596	0.196	0.081	1	chr14-73461614-73463194	2
0.0079423123436239	1.24115484150638	0.171	0.063	1	chr6-28335114-28336903	2
0.00794833577510176	1.40184845433193	0.18	0.072	1	chr1-56818463-56819972	2
0.00796334840947978	1.26520196897809	0.184	0.072	1	chr10-79410705-79412447	2
0.00798391466120047	0.796644060027505	0.343	0.189	1	chr1-184050586-184052749	2
0.00806575062467295	1.13444623024546	0.224	0.108	1	chr6-33312159-33315116	2
0.00807647582824311	1.20087747074905	0.196	0.081	1	chr17-55451996-55453381	2
0.00808042518779945	1.20748903177673	0.204	0.09	1	chr17-73359521-73360888	2
0.00810375658719704	1.07746499144063	0.241	0.117	1	chr18-57747134-57749572	2
0.00811818878592992	1.19295268526116	0.196	0.081	1	chr17-20008739-20011178	2
0.00819668418441518	0.884304788490917	0.269	0.135	1	chr4-24596699-24598795	2
0.00820253732446942	0.89579479716898	0.294	0.153	1	chr6-42745020-42749485	2
0.00822088559471539	0.69859716926517	0.359	0.189	1	chr6-154343343-154344809	2
0.00822120838159492	1.21620379421858	0.184	0.072	1	chr17-48053253-48056193	2
0.00824691425120856	1.49286757773286	0.155	0.054	1	chr6-73585036-73586984	2
0.00827027301470545	0.823962604423116	0.343	0.198	1	chr1-26694968-26698810	2
0.00827544093722075	0.820428583810745	0.339	0.189	1	chr6-111604219-111607305	2
0.00828506959901484	0.918530753679319	0.253	0.117	1	chr12-125109651-125111843	2
0.00829235678561244	0.853290175325593	0.335	0.198	1	chr6-44245370-44249623	2
0.00841030035612947	0.778899184356775	0.322	0.18	1	chr21-37266246-37268842	2
0.00841562851584685	0.854433014798314	0.286	0.144	1	chr1-44774428-44782271	2
0.00843826124244451	1.49283712826611	0.155	0.054	1	chr12-101607764-101609231	2
0.00847496686574189	1.34441235118228	0.18	0.072	1	chr4-40908383-40909748	2
0.00850237079315575	1.1937665417133	0.196	0.081	1	chr16-84369805-84371213	2
0.00850532703365004	1.07482404093223	0.233	0.108	1	chr1-245997386-245998596	2
0.00853146964839072	1.19433449487002	0.184	0.072	1	chr7-94583627-94584982	2
0.00854328111491508	1.02106600546033	0.2	0.081	1	chr11-93536196-93538463	2
0.00855370238013865	1.40908102879426	0.167	0.063	1	chr1-203127451-203128825	2
0.00863502656333384	1.23565104932424	0.176	0.063	1	chr18-50161652-50163325	2
0.00866761364850449	1.23208320797644	0.184	0.072	1	chr4-40403938-40405053	2
0.00869746877769017	0.685984899281309	0.392	0.243	1	chr1-207001751-207005920	2
0.00871342460425935	1.29639106014923	0.184	0.072	1	chr1-154955137-154956917	2
0.00875666347590876	1.18685104233476	0.204	0.09	1	chr1-21174453-21177420	2
0.00876502326823398	1.24716473161541	0.192	0.081	1	chr4-8198077-8200091	2
0.00880045767543096	0.821991097670355	0.278	0.135	1	chr1-241639236-241641551	2
0.00884665167494841	0.444972467345396	0.657	0.459	1	chr6-110872979-110892081	2
0.00885114899341273	0.827172646666588	0.306	0.162	1	chr7-73821992-73823738	2
0.00885742818563324	1.186433393338	0.196	0.081	1	chr19-10651892-10656590	2
0.00885975539567544	1.53330437309101	0.163	0.063	1	chr10-124631748-124633025	2
0.00890347454899234	1.0666479823295	0.22	0.099	1	chr2-101079611-101081095	2
0.00890347454899234	1.07154688071773	0.22	0.099	1	chr4-72567368-72570480	2
0.00897491966366628	1.1116210444667	0.208	0.09	1	chr6-33730793-33733218	2
0.00899494051307917	1.09483284935053	0.216	0.099	1	chr1-168733994-168738259	2
0.0090098214674414	1.08211583493686	0.212	0.09	1	chr16-70522940-70525369	2
0.00910950812959728	1.0407332779471	0.224	0.099	1	chr1-230867415-230869486	2
0.0092197118637245	0.710104093095385	0.359	0.216	1	chr19-50789329-50805509	2
0.00922246047757412	1.05744293968137	0.229	0.108	1	chr2-73111170-73113897	2
0.00922354359065589	0.939954654496271	0.229	0.099	1	chr12-80924933-80927107	2
0.00926007610589455	1.4810793932047	0.163	0.063	1	chr17-13415620-13416630	2
0.00926976892593917	1.01331131716037	0.245	0.117	1	chr16-71894375-71896440	2
0.0092717247633322	0.750130714704045	0.339	0.189	1	chr1-168803174-168804619	2
0.0092744366756732	1.29298590177254	0.18	0.072	1	chr9-114994717-114997214	2
0.00927658173708731	0.65477102335115	0.388	0.225	1	chr12-56722051-56726056	2
0.00928731525872843	0.684160007317185	0.38	0.216	1	chr10-63520457-63523479	2
0.00930683813878065	1.20139340474049	0.212	0.099	1	chr1-9606445-9607740	2
0.00934214242607934	1.19952963385547	0.2	0.09	1	chr17-57109009-57111139	2
0.00940245520359971	1.40193635303951	0.155	0.054	1	chr1-225691053-225692271	2
0.0094322692593885	0.557047162554384	0.506	0.315	1	chr1-173823555-173825560	2
0.00944364099345576	0.660808732603318	0.367	0.216	1	chr13-99196416-99202015	2
0.00945582237804445	1.33359617054359	0.155	0.054	1	chr6-35400882-35403162	2
0.00945604543918012	1.27357544985222	0.171	0.063	1	chr9-70049129-70050226	2
0.00947206102634214	1.25447730760672	0.18	0.072	1	chr6-134621393-134622737	2
0.00951385818993523	1.16414445423701	0.192	0.081	1	chr4-2932937-2937722	2
0.00961136570646027	1.21509402495389	0.192	0.081	1	chr5-91218823-91220219	2
0.00964692957020401	0.947270794011656	0.224	0.099	1	chr7-151917528-151919255	2
0.00968072864237824	0.557765029490636	0.49	0.333	1	chr5-13943590-13947088	2
0.00969731224651948	0.914067778614232	0.273	0.135	1	chr6-53060479-53062816	2
0.00970515593387441	1.14810403526342	0.196	0.081	1	chr4-6639619-6643686	2
0.00970515593387441	1.16932607241268	0.196	0.081	1	chr12-132760097-132762901	2
0.00976575889182075	1.1010691646601	0.216	0.099	1	chr16-10576959-10581141	2
0.00978403917041479	0.757651447147055	0.331	0.18	1	chr6-125956387-125958516	2
0.00983701799207586	1.41040374904627	0.155	0.054	1	chr6-139218937-139219905	2
0.00985086969740589	1.44814168979492	0.151	0.054	1	chr1-155983247-155984803	2
0.009859960126481	1.28276162900537	0.167	0.063	1	chr3-44861185-44862920	2
0.00996118158820498	1.10398139599939	0.212	0.099	1	chr1-911121-922402	2
0.0100131047967995	1.13147320386099	0.204	0.09	1	chr1-17437501-17442297	2
0.0100203031010777	1.50636521057743	0.151	0.054	1	chr1-184757410-184758543	2
0.0100215797925321	1.31078938695951	0.167	0.063	1	chr1-48471671-48472974	2
0.0100289679539556	0.993662566752042	0.241	0.117	1	chr11-95106887-95108640	2
0.0100544023153907	1.41512115081733	0.163	0.063	1	chr8-102400010-102401790	2
0.0101066181979429	1.09960171696502	0.212	0.099	1	chr3-124878366-124879413	2
0.0101637517769093	1.22913987251281	0.192	0.081	1	chr5-54646410-54647729	2
0.0101745926516504	1.36034468373668	0.155	0.054	1	chr12-92543140-92544316	2
0.0101836644079437	1.0634777446902	0.22	0.099	1	chr9-81371587-81373492	2
0.0101923271814262	1.46455099954133	0.151	0.054	1	chr3-119257018-119259340	2
0.0101923271814262	1.47727278530214	0.151	0.054	1	chr7-149421853-149422988	2
0.0102055545278729	0.930802473714795	0.257	0.126	1	chr7-6015463-6016740	2
0.0102188436105042	0.77305135236753	0.31	0.162	1	chr1-179287247-179289616	2
0.0102407414430307	1.32518966397629	0.167	0.063	1	chr3-49900109-49901561	2
0.0102671687392651	1.26418911183919	0.192	0.081	1	chr3-139915968-139917323	2
0.0102893879723455	1.38099402068043	0.155	0.054	1	chr6-39228750-39230186	2
0.0102909039500263	0.936401715221354	0.237	0.108	1	chr1-107766445-107768183	2
0.0103053989898797	1.14982220900362	0.171	0.063	1	chr1-149938700-149939821	2
0.0103192276184174	1.14166740542981	0.192	0.081	1	chr14-91113552-91116544	2
0.0103447695292921	1.0447387632827	0.216	0.099	1	chr12-1605077-1608633	2
0.0103606710760356	1.22100792734179	0.171	0.063	1	chr1-183051299-183053528	2
0.0103668174834254	0.807041423538382	0.322	0.18	1	chr8-80029076-80030881	2
0.0103887570945079	1.37786116541097	0.163	0.063	1	chr6-43666933-43668974	2
0.0104079019967079	1.29468142340311	0.167	0.063	1	chr5-159877531-159879612	2
0.010424050645973	1.13523434866736	0.192	0.081	1	chr1-150020997-150022912	2
0.0104263807097828	1.17054400972759	0.188	0.081	1	chr2-111919752-111920922	2
0.0104848823062086	1.43734401542869	0.151	0.054	1	chr4-11487468-11490551	2
0.0105162732818768	0.609607814074714	0.445	0.288	1	chr1-247330460-247337703	2
0.010544281889931	1.45779250488286	0.151	0.054	1	chr13-101025759-101027387	2
0.0106105532130112	0.490506848225518	0.567	0.396	1	chr1-211257029-211261667	2
0.0106311449525963	0.915111325923092	0.253	0.126	1	chr2-133641171-133642238	2
0.0106311449525963	0.907737405811798	0.253	0.126	1	chr14-70664959-70666471	2
0.0106982163943435	0.304954970205681	0.751	0.658	1	chr1-169104657-169127526	2
0.010726509613948	1.07565891002216	0.224	0.108	1	chr12-52068988-52071147	2
0.0107489729196534	0.969169994757311	0.233	0.108	1	chr9-121609446-121610728	2
0.0108312444135012	1.1476290452196	0.204	0.09	1	chr10-68470905-68472466	2
0.0108414444083074	1.19629753880368	0.2	0.09	1	chr12-94059337-94060628	2
0.0108969717926467	0.837503516982003	0.282	0.144	1	chr2-20550670-20552056	2
0.0108997938294122	0.966404911777335	0.184	0.072	1	chr22-40345192-40348520	2
0.0109070061484113	1.41771866644574	0.151	0.054	1	chr5-148965634-148966838	2
0.0109071041204446	1.21822101118252	0.18	0.072	1	chr5-32275319-32277313	2
0.0109529617948324	0.639800984199802	0.412	0.243	1	chr12-52278324-52281467	2
0.0109755388880566	1.14960010518449	0.2	0.09	1	chr3-51753713-51755292	2
0.0109864668299812	1.11012970039537	0.22	0.108	1	chr3-68932109-68933204	2
0.0110092562231518	0.827002273745433	0.269	0.135	1	chr1-168905571-168907965	2
0.0110196139282515	1.07841977621659	0.212	0.099	1	chr1-25817880-25822227	2
0.0110258154502226	0.847786033777396	0.286	0.153	1	chr17-40098169-40101536	2
0.0110303552983997	1.44318438450333	0.151	0.054	1	chr13-43307527-43308439	2
0.0110536437149596	0.905403712610176	0.257	0.126	1	chr5-123035251-123037579	2
0.0110872855274903	1.23342396221098	0.163	0.063	1	chr3-53149840-53151619	2
0.0110908196701529	0.961438316193509	0.22	0.099	1	chr10-73251583-73253669	2
0.0110924934074306	1.41574765265637	0.151	0.054	1	chr8-143354638-143355854	2
0.0111350666544933	1.26309452068636	0.176	0.072	1	chr10-15309760-15311139	2
0.0111350666544933	1.27283892552989	0.176	0.072	1	chr12-96489184-96490163	2
0.0111549422816599	1.40403346087125	0.151	0.054	1	chr4-26753427-26754182	2
0.0111595518820287	0.891915895119536	0.212	0.09	1	chr3-129002574-129006414	2
0.0112500284285533	1.24081026734647	0.155	0.054	1	chr7-6952962-6954458	2
0.0112511065657118	1.16109629382557	0.18	0.072	1	chr9-37417684-37419020	2
0.0112511065657118	1.15410333723928	0.18	0.072	1	chr10-29589833-29592104	2
0.0112683098564387	1.34329929798348	0.163	0.063	1	chr7-74067522-74068472	2
0.0112858991174773	1.11654064831478	0.212	0.099	1	chr1-145465053-145466020	2
0.0113008487914624	0.981395430242078	0.237	0.117	1	chr1-32289178-32292916	2
0.0113677555005535	0.879653996882702	0.273	0.144	1	chr1-206634188-206636352	2
0.0114060128159471	1.0745922365691	0.22	0.108	1	chr9-136857685-136861332	2
0.0114183862312733	0.828360945267385	0.282	0.144	1	chr6-69795887-69797655	2
0.0114276650376711	1.15144659653603	0.204	0.09	1	chr6-57221106-57223006	2
0.0114288074840239	1.27571329673706	0.176	0.072	1	chr2-189484921-189488237	2
0.0114318795810728	1.02987316711118	0.216	0.099	1	chr16-52292861-52297611	2
0.0115354708851246	0.784367017116333	0.322	0.18	1	chr6-53651089-53652853	2
0.0115367938554068	1.12600765290494	0.188	0.081	1	chr16-89170320-89172169	2
0.0115472605954803	0.561311240542007	0.465	0.279	1	chr1-10398103-10400308	2
0.0115482165438531	1.26938273407664	0.176	0.072	1	chr5-34419904-34422523	2
0.0115550355944452	1.10325061027135	0.2	0.09	1	chr7-96949304-96950490	2
0.0115657877489363	0.699698729927174	0.376	0.243	1	chr1-119765148-119769670	2
0.0115660168377748	0.953715865434626	0.253	0.126	1	chr1-155206585-155209864	2
0.0115660168377748	0.928223883134204	0.253	0.126	1	chr1-223142324-223144176	2
0.0115728823162749	0.7750168172137	0.343	0.207	1	chr3-170868670-170871340	2
0.0116305627721327	0.536447172176723	0.49	0.324	1	chr1-180501413-180503859	2
0.0116787744403376	0.874244872743347	0.249	0.126	1	chr20-51749594-51751009	2
0.0117077728182919	0.780586431906829	0.31	0.171	1	chr3-187738731-187741444	2
0.0117082734197741	1.0126338008403	0.204	0.09	1	chr20-51221524-51222843	2
0.0117543376479154	0.791223964803197	0.355	0.207	1	chr1-101024712-101026941	2
0.011807127907221	1.43199854959827	0.159	0.063	1	chr3-42116953-42119367	2
0.0119371435201411	1.03117348900559	0.204	0.09	1	chr3-49339145-49340944	2
0.0119637750016083	0.916155241915695	0.257	0.126	1	chr8-140276019-140277312	2
0.0119674844634084	1.2054618475343	0.196	0.09	1	chr7-137947614-137949267	2
0.011971129954324	1.25497685238573	0.171	0.072	1	chr7-64997771-64999832	2
0.0120406651106999	1.00324183345568	0.237	0.117	1	chr5-68592687-68594106	2
0.0120625991778409	1.40088019629437	0.151	0.054	1	chr5-140497752-140498649	2
0.0120915047136333	1.14444619731954	0.18	0.072	1	chr6-31701968-31704009	2
0.0121113903112189	0.990102581491374	0.204	0.09	1	chr1-155650820-155652252	2
0.0121304019343212	1.16515041399183	0.188	0.081	1	chr2-39119608-39122010	2
0.0121851255785076	0.51078675626045	0.473	0.297	1	chr12-76083469-76085601	2
0.0122249651319932	1.17424011974333	0.176	0.072	1	chr12-82314174-82315045	2
0.0122288036030911	1.11619380111307	0.204	0.09	1	chr18-79062485-79063559	2
0.0122580724153107	0.962974887779914	0.208	0.09	1	chr1-40382279-40385780	2
0.0122788019325528	1.28197028522546	0.163	0.063	1	chr12-86264669-86265755	2
0.0122906388527542	0.772623870762302	0.327	0.189	1	chr3-139533751-139536030	2
0.0123074002738638	0.705791391377757	0.327	0.18	1	chr6-37514557-37517991	2
0.0123262807358357	1.27274625108505	0.188	0.09	1	chr5-145981463-145982930	2
0.012337390314097	0.925571089810378	0.257	0.135	1	chr16-73070191-73072089	2
0.0123568619118021	1.1186235363506	0.192	0.081	1	chr11-125887305-125888646	2
0.0123862794086561	1.08974704841612	0.224	0.108	1	chr12-89225342-89226504	2
0.0123956437311614	0.676565611076701	0.367	0.207	1	chr10-42781831-42783742	2
0.0124370753547041	0.753822862434247	0.331	0.18	1	chr1-31170395-31171450	2
0.0124570962008878	0.593033659953019	0.429	0.27	1	chr8-86341278-86345116	2
0.0124712314585372	1.33197666380643	0.151	0.054	1	chr1-85628550-85629960	2
0.0125101057106655	1.24948160204749	0.18	0.081	1	chr17-34915873-34918116	2
0.0126039404658818	1.11112515075668	0.192	0.081	1	chr14-34084655-34085999	2
0.0126106406133029	1.29890070313613	0.163	0.063	1	chr1-205075558-205078253	2
0.0126284581806394	1.13650876824916	0.18	0.072	1	chr21-41321649-41323246	2
0.01266029101462	0.492334925113483	0.543	0.378	1	chr1-243253112-243257141	2
0.0126638926514002	0.633932831916711	0.359	0.216	1	chr1-145858184-145861056	2
0.012664750418435	1.39344907355801	0.159	0.063	1	chr1-202409990-202412648	2
0.0128230973759172	0.978917862961102	0.237	0.117	1	chr6-3117693-3119571	2
0.0128237668764863	0.871539813276115	0.29	0.162	1	chr1-160159298-160160556	2
0.0128250554657488	0.705667393280214	0.335	0.207	1	chr3-125059211-125061879	2
0.0128311271240062	1.0041573428099	0.204	0.09	1	chr1-2081672-2083155	2
0.0128920752113385	1.30046777229418	0.151	0.054	1	chr1-206737354-206739882	2
0.0130002667842618	0.99745099373669	0.229	0.108	1	chr5-134591176-134593183	2
0.0130193084830264	1.25570942604021	0.163	0.063	1	chr8-144426519-144430128	2
0.0130236409847593	0.805341991062721	0.298	0.162	1	chr9-35517710-35519731	2
0.0130955291313733	0.377604222138721	0.69	0.523	1	chr1-212283938-212287595	2
0.0131425835312166	0.735281543127731	0.331	0.189	1	chr12-98514673-98517243	2
0.0131471587023678	0.940762523162875	0.241	0.117	1	chr2-100320342-100322991	2
0.0132280015960021	1.26305318278936	0.163	0.063	1	chr1-1406173-1408289	2
0.0132685356088182	0.91469921062317	0.249	0.126	1	chr1-31643804-31645835	2
0.0132829201930092	0.956574830054103	0.245	0.126	1	chr12-54324359-54327580	2
0.0132986084720347	0.817151609483801	0.273	0.144	1	chr7-151459321-151460976	2
0.0133096440412163	0.985790895847524	0.233	0.117	1	chr22-24592088-24595393	2
0.0133332388168848	1.12346014383447	0.188	0.081	1	chr1-45205572-45207245	2
0.0133920129766176	0.636109916800807	0.412	0.261	1	chr1-2227052-2232326	2
0.0134330321125654	1.32798155111168	0.159	0.063	1	chr17-45310376-45313452	2
0.0134652725975852	1.15836944379132	0.192	0.09	1	chr4-140019153-140021421	2
0.0134684909968907	0.99838222898415	0.241	0.126	1	chr7-76108056-76109721	2
0.0134861627019171	1.19275635469483	0.171	0.072	1	chr11-119680412-119681947	2
0.0135218286347638	0.913679241463506	0.265	0.144	1	chr5-16546407-16549233	2
0.013555716196652	1.28320327917159	0.171	0.072	1	chr19-14553162-14555102	2
0.0135824008831362	1.19408759420025	0.163	0.063	1	chr6-145266617-145268004	2
0.0136678153045225	0.490792546049071	0.494	0.324	1	chr6-52503041-52505206	2
0.0136877846446789	0.884415871579855	0.233	0.108	1	chr6-70411466-70414485	2
0.0137110311009261	0.907081957282266	0.237	0.117	1	chr1-43388123-43390706	2
0.0137131969936858	1.06889309487242	0.196	0.09	1	chr1-3794845-3797523	2
0.0138371095886173	1.24241036284438	0.171	0.072	1	chr2-231377925-231378920	2
0.0138610723138463	1.18874879273741	0.167	0.063	1	chr14-29813398-29814944	2
0.0138719332946555	1.19341132834248	0.163	0.063	1	chr1-226737903-226740081	2
0.0139203303744624	0.813006435052159	0.286	0.153	1	chr1-229507428-229509514	2
0.0140173700853243	1.28990826558248	0.159	0.063	1	chr14-61101739-61103544	2
0.0140926451783156	1.24946280851188	0.163	0.063	1	chr3-136783253-136784463	2
0.0141039817790112	0.683763797216882	0.355	0.225	1	chr1-74732430-74734510	2
0.0141340221688118	0.601686861012752	0.412	0.261	1	chr5-140321394-140324835	2
0.0141669151505191	1.29570621495227	0.159	0.063	1	chr5-142720413-142721637	2
0.0141692332123663	1.03076078406249	0.233	0.117	1	chr17-81991232-81993065	2
0.0141803316585511	0.967802974966653	0.192	0.081	1	chr18-47174531-47176741	2
0.014204268426792	0.837886768533858	0.282	0.153	1	chr1-184929622-184931020	2
0.0142688714324575	1.21729660664297	0.171	0.072	1	chr1-41449353-41451408	2
0.0143938724648235	1.33094402405706	0.159	0.063	1	chr12-123049948-123051403	2
0.0144957252320308	0.595520141951327	0.424	0.252	1	chr12-77064962-77066548	2
0.0144975995577525	1.08861679175032	0.188	0.081	1	chr2-200741226-200742903	2
0.0145157741145769	0.569461385399064	0.441	0.288	1	chr8-55771334-55775338	2
0.0145588016825601	0.922963423452394	0.245	0.126	1	chr1-168391420-168392846	2
0.0146594220616702	1.01878511999409	0.18	0.072	1	chr12-53537882-53539237	2
0.0146813508071726	0.793609249403554	0.286	0.153	1	chr5-132385261-132389094	2
0.0146918621912852	1.33877135486942	0.171	0.081	1	chr2-239221368-239224403	2
0.0146964312715519	1.15192885184205	0.163	0.063	1	chr6-41894930-41896537	2
0.0147732066101547	1.02185623431247	0.2	0.09	1	chr14-103879181-103881709	2
0.014808628835178	1.03651185006868	0.196	0.09	1	chr8-62860336-62861604	2
0.0148228486882931	0.845584879822092	0.253	0.126	1	chr17-50903656-50905827	2
0.0148630209946473	1.14130304058024	0.171	0.072	1	chr17-37067215-37068653	2
0.0149212249580858	0.793850951234402	0.314	0.18	1	chr10-79093487-79096296	2
0.014933293878926	0.752980217362761	0.278	0.144	1	chr12-102119159-102121794	2
0.0149449725445078	0.810022953620116	0.306	0.18	1	chr3-33095339-33098005	2
0.0149614173490311	0.906726765965261	0.241	0.126	1	chr3-149376642-149379284	2
0.0150074852122964	0.903335673344652	0.245	0.126	1	chr7-127587820-127589540	2
0.0150110901043775	0.643744999054283	0.4	0.243	1	chr2-36965765-36968684	2
0.0150258215000279	1.32366429605682	0.167	0.072	1	chr1-48469745-48471095	2
0.0151318115914413	0.939175441680268	0.224	0.108	1	chr2-101237747-101241116	2
0.0152239315166739	0.905323373584752	0.241	0.126	1	chr1-156599647-156602253	2
0.015234531102597	1.01754862005598	0.212	0.099	1	chr9-125188992-125190861	2
0.0152587774077997	1.15544212653931	0.184	0.081	1	chr6-116059546-116061409	2
0.0152663312304855	0.823970978807072	0.261	0.135	1	chr3-170045030-170047448	2
0.0152979602598043	1.06568692624279	0.188	0.081	1	chr1-180579848-180581023	2
0.015322833421649	1.10711708538219	0.171	0.072	1	chr11-15967052-15971313	2
0.015358763834982	1.21477151984541	0.18	0.081	1	chr1-10679056-10683397	2
0.015421358825159	1.10510453329665	0.196	0.09	1	chr1-155856641-155857898	2
0.0154904929284312	0.965655697070521	0.241	0.126	1	chr1-229273476-229274597	2
0.0155138546989211	0.81502794411576	0.273	0.144	1	chr5-157914368-157916349	2
0.0155661087032338	0.886630279635561	0.229	0.108	1	chr5-151156847-151158699	2
0.0155873414494882	0.564126499404047	0.42	0.261	1	chr13-29922910-29926208	2
0.0156609229893379	0.884807110081714	0.265	0.144	1	chr7-149261255-149263260	2
0.0156931010391593	0.840490073401268	0.241	0.126	1	chr13-102845120-102847975	2
0.0157223464381958	0.79551471924934	0.261	0.135	1	chr2-151409464-151411002	2
0.0157413645669682	1.31293647994111	0.155	0.063	1	chr10-63115458-63116456	2
0.015750712429166	1.04108255859852	0.188	0.081	1	chr16-69395981-69397641	2
0.0157776228173172	0.443679761908955	0.522	0.342	1	chr1-162560137-162562980	2
0.0157776927095753	1.01245532818193	0.208	0.099	1	chr8-109606636-109608456	2
0.015805129450801	0.972676729650462	0.212	0.099	1	chr8-104552693-104553990	2
0.0158241551591304	1.27435472320968	0.159	0.063	1	chr2-101327582-101329466	2
0.0158296501889287	1.07026436675841	0.196	0.09	1	chr1-10651764-10653611	2
0.0158574527759544	0.976157289791812	0.229	0.117	1	chr5-90939887-90941906	2
0.0159071590260722	1.26896166020244	0.159	0.063	1	chr10-109860717-109862224	2
0.0159676973912022	0.83985537679186	0.273	0.144	1	chr6-149840187-149841431	2
0.0159981711377207	0.914123871305623	0.229	0.117	1	chr5-41432213-41434298	2
0.0160102555890799	0.634737508234454	0.392	0.252	1	chr19-18500232-18505695	2
0.0160241596460746	1.1102009473016	0.184	0.081	1	chr5-88189440-88190891	2
0.0160365347145815	0.947017358916345	0.233	0.117	1	chr21-29217684-29219831	2
0.016074316054693	1.23015687452346	0.159	0.063	1	chr10-29098770-29099899	2
0.0160761167419057	0.754292406311771	0.347	0.216	1	chr14-61524069-61528036	2
0.0161025234171848	1.11886262147216	0.184	0.081	1	chr9-129333599-129335147	2
0.0161325188812469	1.02643129223667	0.196	0.09	1	chr9-136117059-136120146	2
0.0161369668020805	1.03300847301732	0.188	0.081	1	chr1-12595579-12596917	2
0.0161604394420457	0.9924555911633	0.2	0.09	1	chr1-179877235-179878322	2
0.0162384170244472	0.537182751799123	0.449	0.279	1	chr1-179080865-179083524	2
0.0162477978102832	1.12689038945373	0.192	0.09	1	chr12-54032219-54034440	2
0.016271799465677	0.818050991119976	0.286	0.162	1	chr1-217088997-217090748	2
0.0162776075496636	0.637904392568335	0.355	0.207	1	chr1-230066404-230070312	2
0.016314549041685	0.846262807577554	0.269	0.144	1	chr7-152673670-152676692	2
0.0163197357200239	1.00779244002274	0.212	0.099	1	chr1-40867880-40868959	2
0.0163597990844984	0.667961579510073	0.335	0.189	1	chr1-159915513-159918035	2
0.0163863942999443	0.645533159067841	0.343	0.198	1	chr9-130444138-130448414	2
0.0163918438080971	0.941874975404002	0.233	0.117	1	chr9-114910249-114911660	2
0.0164519399613691	1.07206368031376	0.188	0.081	1	chr3-23320564-23321750	2
0.0164546797310013	1.22393879547447	0.18	0.081	1	chr6-71393207-71394627	2
0.0164694446004603	0.935986720289421	0.212	0.099	1	chr7-23530300-23532650	2
0.0165062077556666	1.3405312827003	0.155	0.063	1	chr5-14531051-14532504	2
0.0165275630485991	1.11700839795406	0.171	0.072	1	chr9-104991235-104992258	2
0.0165639056908105	0.940950172230541	0.216	0.108	1	chr6-89828851-89830550	2
0.0165798178755309	1.12176215644608	0.184	0.081	1	chr7-159139732-159142187	2
0.0166097674832562	0.687545522128649	0.335	0.189	1	chr6-42563396-42566327	2
0.0166136814728355	0.756959317503552	0.306	0.18	1	chr2-189762097-189763923	2
0.0166605634852285	1.07538640178841	0.184	0.081	1	chr12-53294979-53296357	2
0.0166956992110375	0.894527007367572	0.224	0.108	1	chr10-510247-511937	2
0.0167723008228889	1.03080119546555	0.188	0.081	1	chr1-184425344-184426406	2
0.016778253741747	1.10348379230179	0.171	0.072	1	chr2-121699266-121700741	2
0.0168135300032067	0.888172427814276	0.241	0.126	1	chr12-53658359-53660406	2
0.0168213056463438	0.982208426618223	0.22	0.108	1	chr15-93027259-93031292	2
0.0168230911988528	1.10156539044471	0.184	0.081	1	chr21-29174495-29176152	2
0.0168326427113852	1.03659161043545	0.196	0.09	1	chr1-80593146-80594782	2
0.0168728448438042	0.835102923689344	0.265	0.144	1	chr1-207847953-207849816	2
0.0169278721247963	0.882739665401886	0.237	0.117	1	chr12-7128339-7131597	2
0.0169375528370437	0.55461267207706	0.433	0.27	1	chr8-89756606-89759985	2
0.0169575941501331	0.568742128425726	0.457	0.297	1	chr8-118620098-118622980	2
0.0170148461021693	1.01723015162801	0.2	0.09	1	chr5-35938362-35939311	2
0.0171100565636808	1.17111281524478	0.159	0.063	1	chr2-43389511-43390526	2
0.0171359443337762	0.773794283426969	0.298	0.171	1	chr2-219205937-219208542	2
0.0171378261606235	0.927202429124737	0.208	0.099	1	chr17-75774878-75777905	2
0.0171887273319714	0.763561816158192	0.273	0.144	1	chr1-220271556-220273316	2
0.0171989545779184	1.17531069114532	0.159	0.063	1	chr12-6225499-6227243	2
0.0172034939839757	1.17399717066795	0.171	0.072	1	chr6-43368520-43370402	2
0.0172051843739466	0.723757530668029	0.31	0.171	1	chr16-80899798-80901153	2
0.0172815874536832	1.06969800316375	0.192	0.09	1	chr2-233288424-233290944	2
0.017324791362294	0.678716240713134	0.335	0.198	1	chr6-83192416-83195917	2
0.0173720063992185	0.603002307694465	0.4	0.252	1	chr16-678348-686447	2
0.0174536886923726	1.01779951621438	0.208	0.099	1	chr1-226109258-226110789	2
0.0174804283069259	0.92905223718864	0.216	0.108	1	chr8-109588958-109590307	2
0.0174851969334664	1.27333819856595	0.155	0.063	1	chr15-69482380-69483463	2
0.0175410677589521	0.63812734580344	0.359	0.207	1	chr1-50958907-50961003	2
0.0175488548575973	0.581413177356735	0.404	0.252	1	chr9-136847234-136852699	2
0.0175927929999064	0.703728335060011	0.306	0.171	1	chr21-17818204-17820491	2
0.0176248279677111	0.567018555644064	0.396	0.234	1	chr3-184247398-184250751	2
0.0177111725353022	0.915623749343849	0.212	0.099	1	chr2-36820289-36822262	2
0.0177245028670622	1.01072340721783	0.196	0.09	1	chr2-164514050-164515482	2
0.0177778743535649	1.09808437114439	0.192	0.09	1	chr13-110560589-110562634	2
0.0178147022664478	1.13601146015808	0.171	0.072	1	chr2-173354195-173356545	2
0.0179571508212732	0.815394948054542	0.261	0.144	1	chr3-155736359-155738778	2
0.0179903610197452	0.721420804543625	0.339	0.198	1	chr12-101695649-101704100	2
0.0180035772738098	0.892366883123997	0.241	0.126	1	chr14-81535385-81537888	2
0.0180403587277711	1.28214481436625	0.155	0.063	1	chr16-82541574-82544831	2
0.0181420040349633	0.964597424568705	0.22	0.108	1	chr16-48243784-48246440	2
0.0181519335749359	0.782449754703337	0.241	0.117	1	chr9-136678612-136680356	2
0.0181797629823127	0.886495460778693	0.261	0.144	1	chr1-16895805-16897604	2
0.0182091158194087	0.629022861672026	0.367	0.207	1	chr1-46339659-46342466	2
0.0182616989334845	0.979014402172965	0.184	0.081	1	chr4-2842930-2845186	2
0.0183417587917007	0.641125406718157	0.363	0.216	1	chr1-224203207-224206280	2
0.018353654927612	1.07586114808301	0.171	0.072	1	chr1-233294846-233296392	2
0.0184129090975301	0.798804853380381	0.261	0.135	1	chr9-133333670-133336925	2
0.0184411142737891	0.980397044337147	0.216	0.108	1	chr5-95842888-95844549	2
0.0186055976601173	0.779997670265513	0.257	0.135	1	chr2-42359139-42362605	2
0.0186154520070247	1.00566585705908	0.184	0.081	1	chr5-10310046-10311250	2
0.0187202393572484	0.952055145194603	0.192	0.09	1	chr18-50967369-50968870	2
0.0187208376014407	1.0736924487751	0.171	0.072	1	chr4-10655145-10658524	2
0.0187254246670162	0.883831638936433	0.224	0.108	1	chr16-56518367-56520837	2
0.0187694371044595	1.16949966737367	0.167	0.072	1	chr9-129114531-129115625	2
0.0187733991014867	1.12121669492081	0.159	0.063	1	chr16-4868927-4871073	2
0.0187893867359583	0.68414501970595	0.298	0.162	1	chr1-169128528-169137890	2
0.0188010551709018	0.645156843587128	0.343	0.207	1	chr1-109282511-109284090	2
0.0188224445291431	1.01196596547344	0.212	0.108	1	chr3-184240302-184242582	2
0.018897841519745	1.23350474440333	0.163	0.072	1	chr17-8469706-8471182	2
0.0189020435597397	1.25578868544054	0.155	0.063	1	chr14-40414135-40415278	2
0.0189065584475806	0.963227897416557	0.212	0.108	1	chr4-39541596-39544526	2
0.0189574716668116	1.2007246692075	0.167	0.072	1	chr3-148600772-148602954	2
0.0189999731340505	1.2135534688807	0.155	0.063	1	chr15-74807733-74808983	2
0.0190045649409285	0.95906004024431	0.204	0.099	1	chr2-95292412-95299086	2
0.0190368348116825	1.04890317774814	0.18	0.081	1	chr6-126339567-126341092	2
0.0191739671794159	0.676043743114406	0.314	0.18	1	chr17-28597931-28600273	2
0.0191842794760454	0.98573035130574	0.196	0.09	1	chr11-2698872-2701209	2
0.0192123714603949	0.865044287727551	0.22	0.108	1	chr4-20787755-20790204	2
0.0193851068050881	0.7318650110885	0.282	0.153	1	chr16-30555872-30559046	2
0.019406593939276	1.11302551320969	0.18	0.081	1	chr1-27562626-27564732	2
0.0194333915395117	0.969966808514878	0.184	0.081	1	chr6-113994703-113996215	2
0.0194756844173178	0.769729133430055	0.278	0.153	1	chr20-62622668-62624843	2
0.0194859120998447	0.765104979483604	0.298	0.171	1	chr5-1879779-1884439	2
0.0195000084741231	1.099886343651	0.18	0.081	1	chr2-85510745-85512119	2
0.0195132904557498	0.656268807436055	0.322	0.189	1	chr1-164601092-164604503	2
0.0195197023669062	0.603752448629808	0.335	0.198	1	chr10-102055173-102056938	2
0.0195705746986769	1.03312395966489	0.171	0.072	1	chr9-105318482-105319664	2
0.0195885487258767	0.80394758777645	0.253	0.135	1	chr1-56578122-56579986	2
0.0195893679670608	1.01981697689145	0.2	0.099	1	chr2-45273239-45275867	2
0.0196555720587423	0.788661425991047	0.278	0.162	1	chr2-159092984-159095067	2
0.0196670384102392	1.01620446893655	0.171	0.072	1	chr5-79990269-79991889	2
0.0197045918898059	0.816336158842977	0.265	0.144	1	chr6-110516660-110518696	2
0.0197221996249974	0.71411050446211	0.31	0.171	1	chr1-111919729-111921244	2
0.0197489362739643	0.710050275818326	0.318	0.189	1	chr4-139300426-139303004	2
0.0198453405482753	0.729230499113781	0.294	0.162	1	chr17-50690969-50693843	2
0.0198624976770306	0.464538233866236	0.506	0.36	1	chr1-234723238-234726011	2
0.0198913971212818	0.896607069471499	0.229	0.117	1	chr16-1704646-1707760	2
0.01993666001703	0.645567314397317	0.388	0.252	1	chr12-39441744-39444512	2
0.0200213853101849	1.11106726230075	0.167	0.072	1	chr1-228107801-228110501	2
0.0200213853101849	1.11405182422022	0.167	0.072	1	chr20-25685404-25687141	2
0.0200350892678208	0.839455582259959	0.257	0.135	1	chr2-183036934-183039044	2
0.0201199747126364	0.799936577149071	0.253	0.135	1	chr12-122265526-122267580	2
0.0201712048448508	0.703835817282224	0.327	0.198	1	chr19-56313808-56315748	2
0.0201715648157117	0.641104691503793	0.265	0.135	1	chr6-169789397-169791313	2
0.0202124522563358	0.849533630439782	0.261	0.144	1	chr12-128822871-128825162	2
0.0202473177951847	0.942625879693974	0.204	0.099	1	chr3-48684792-48688236	2
0.0202977808672521	0.979580335749139	0.212	0.108	1	chr5-42811269-42812671	2
0.0204209872603659	1.13963067447876	0.167	0.072	1	chr8-81990101-81991332	2
0.020448888060598	1.28338002480992	0.151	0.063	1	chr3-95154442-95155714	2
0.0205230429099699	1.16537877508077	0.155	0.063	1	chr4-99722327-99724676	2
0.0205533896381598	0.715039992509082	0.29	0.162	1	chr20-25309371-25311510	2
0.0205745097757971	1.13934851455936	0.163	0.072	1	chr8-133358408-133360877	2
0.0206216602471478	0.845279242508795	0.253	0.135	1	chr5-100534571-100536410	2
0.0206282649821306	1.14204943441838	0.155	0.063	1	chr9-106669501-106670939	2
0.0206770568047838	1.18921316820712	0.163	0.072	1	chr10-80253463-80254407	2
0.0207123571006538	1.10936375523101	0.188	0.09	1	chr6-125201812-125203889	2
0.0207533263376401	0.678502786134674	0.343	0.207	1	chr2-119282949-119284602	2
0.0207847430594587	0.662997157932441	0.286	0.153	1	chr2-11342420-11346192	2
0.0208233201932679	0.793125365690903	0.249	0.126	1	chr1-202926286-202927938	2
0.0208326005219524	0.742586809532855	0.253	0.126	1	chr9-84061298-84063109	2
0.0209180063690721	0.628807379534972	0.359	0.216	1	chr1-202887874-202889694	2
0.0209275380310291	0.610615499962895	0.38	0.234	1	chr3-188152348-188155247	2
0.0209467584799523	1.13844622749576	0.155	0.063	1	chrX-150362458-150364929	2
0.0209550849156394	0.810724366705736	0.257	0.135	1	chr7-5780411-5782268	2
0.0209586511941894	0.689476517713555	0.31	0.18	1	chr12-100572931-100575007	2
0.0210538711078448	1.13299209687449	0.155	0.063	1	chr14-103710742-103713308	2
0.0210790211799613	0.555908111771444	0.441	0.297	1	chr1-94068211-94070712	2
0.0211011675417359	1.06819890008044	0.188	0.09	1	chr12-989725-991859	2
0.0211646151077902	0.909192070349279	0.171	0.072	1	chr7-143323962-143326119	2
0.021199058172729	0.624708974684452	0.376	0.225	1	chr1-2408828-2417895	2
0.0212259546175419	0.766799063163313	0.233	0.117	1	chr3-151304576-151305819	2
0.0212410299408207	0.857452657389017	0.224	0.108	1	chr9-33816323-33818957	2
0.0213510250820451	1.0564576206603	0.18	0.081	1	chr15-41876415-41878845	2
0.0213642481900518	0.989089712409838	0.184	0.081	1	chr1-22472375-22473375	2
0.0213961727792991	0.814552771478576	0.249	0.135	1	chr21-46322361-46326440	2
0.0214973048188483	0.762963210973586	0.233	0.117	1	chr7-56009051-56010779	2
0.0215117982669219	0.945638377065554	0.216	0.108	1	chr12-12313720-12314626	2
0.0215273152044739	1.10825848516235	0.176	0.081	1	chr1-12597580-12598518	2
0.0215298466581082	1.2141161090088	0.151	0.063	1	chr1-226875505-226876541	2
0.0215884236158378	0.809520883845788	0.233	0.117	1	chr1-109739492-109741217	2
0.0216109446739788	0.862015125602812	0.245	0.135	1	chr1-225412419-225414108	2
0.0216823299803281	0.949415932223981	0.212	0.108	1	chr22-18022834-18025100	2
0.0216963036201568	0.955443758183087	0.188	0.09	1	chr12-81542048-81544642	2
0.0217272808333847	1.12107813203528	0.163	0.072	1	chr4-7365271-7366818	2
0.0217372551878534	0.75226588974203	0.294	0.18	1	chr12-132621939-132624401	2
0.0218123524414184	0.692677650154024	0.282	0.153	1	chr2-241700881-241703491	2
0.0218143309184225	0.953576614201322	0.192	0.09	1	chr5-177365759-177367865	2
0.021845154698222	0.766465692524871	0.241	0.126	1	chr1-15833010-15836670	2
0.0218636879605777	1.25638884688584	0.151	0.063	1	chr10-126838104-126840160	2
0.0218666619567546	0.941805587279269	0.233	0.126	1	chr1-212790416-212792938	2
0.0219015906490078	1.156771019613	0.171	0.081	1	chr5-150509969-150513074	2
0.0219976157144122	0.841829138624796	0.237	0.126	1	chr16-68263741-68266202	2
0.021999705615221	1.03105843599468	0.204	0.108	1	chr15-59687692-59690269	2
0.0220178999248068	0.814739546987122	0.249	0.135	1	chr1-117604811-117607516	2
0.0220208737885782	0.549823298367509	0.392	0.225	1	chr1-112713154-112716892	2
0.0220272561736965	0.837170888964169	0.241	0.126	1	chr8-65716756-65719784	2
0.0220705750954092	1.02836272003979	0.18	0.081	1	chr12-52115901-52117208	2
0.022135440301019	0.858656413371433	0.212	0.099	1	chr1-1324210-1326382	2
0.0221454544187736	0.91177294131367	0.204	0.099	1	chr10-118753105-118755941	2
0.0221601950100041	1.16239181814785	0.163	0.072	1	chr6-1640972-1642067	2
0.0222239161637976	0.810891676692486	0.253	0.144	1	chr10-110429917-110432028	2
0.0222531708421007	0.488824091378953	0.506	0.342	1	chr1-167219325-167224071	2
0.0222695886686549	1.17439284114763	0.163	0.072	1	chr4-140093340-140095425	2
0.0223200010969755	0.985396415554622	0.192	0.09	1	chr1-155481151-155482603	2
0.0223633734296884	0.689671655386202	0.327	0.198	1	chr1-2545672-2549393	2
0.0224443530908261	0.611855569366644	0.384	0.243	1	chr19-18277390-18282914	2
0.0224897854682846	1.16410779051524	0.163	0.072	1	chr5-110726231-110727542	2
0.0225550772218855	0.769460646884373	0.273	0.153	1	chr6-119484007-119485125	2
0.022601398656551	0.785990350240966	0.253	0.135	1	chr8-94474422-94475997	2
0.0226503992558034	0.955657042430984	0.212	0.108	1	chr7-77452655-77455672	2
0.0227187637898539	1.10261939416751	0.155	0.063	1	chr15-74239336-74240685	2
0.0227291014410995	0.920896203101074	0.196	0.09	1	chr1-78037719-78039078	2
0.0227318455961193	0.971482862692608	0.192	0.09	1	chr12-106955231-106957346	2
0.0227835729682041	0.459118628421997	0.531	0.369	1	chr1-183469798-183473562	2
0.0228323285115211	0.955883728095557	0.196	0.09	1	chr10-84327819-84329721	2
0.0228843997200492	1.19864850121467	0.159	0.072	1	chr2-28355428-28357012	2
0.0228856553590839	0.563949585855861	0.392	0.252	1	chr1-116372672-116378553	2
0.022886391822961	0.737232573370199	0.278	0.153	1	chr1-42657304-42659581	2
0.0229044151254559	0.742952457929489	0.286	0.162	1	chr1-8421690-8425363	2
0.0229491736994802	1.03073060834674	0.155	0.063	1	chr17-66301658-66303953	2
0.0229776275202583	0.509928125329668	0.478	0.333	1	chr1-244859872-244865927	2
0.0229810783627989	0.912434036040736	0.171	0.072	1	chr8-127891280-127892422	2
0.023045047267348	0.952301828825387	0.192	0.09	1	chr22-50620089-50623618	2
0.0232406526556124	0.604915226053283	0.396	0.243	1	chr12-93440033-93443322	2
0.0232444965305547	1.15143606017487	0.151	0.063	1	chr6-76770650-76771984	2
0.0233440744564353	0.832640820115389	0.253	0.135	1	chr21-32392081-32394844	2
0.0234160891285819	0.995740730087769	0.155	0.063	1	chr3-167977719-167979044	2
0.0234180234514875	1.04050820928168	0.167	0.072	1	chr2-70994023-70995859	2
0.0234385887400077	1.04151838430812	0.196	0.099	1	chr4-163165280-163167548	2
0.0235322077532647	0.840100023473879	0.241	0.126	1	chr6-57088782-57090606	2
0.0235559710139027	0.81670717025047	0.22	0.108	1	chr8-101503961-101506607	2
0.0236013064027168	1.12459000166373	0.151	0.063	1	chrX-67523059-67525480	2
0.0236100052885987	0.610697465355195	0.351	0.216	1	chr11-65786227-65793889	2
0.0236184715883105	0.662180472119588	0.286	0.162	1	chr6-128519383-128521527	2
0.0236959892411875	0.617739454769705	0.367	0.234	1	chr21-42056161-42059470	2
0.0237015537018274	0.668817851820601	0.318	0.198	1	chr8-123394897-123397088	2
0.0237522736642512	0.76901338734651	0.269	0.153	1	chr2-85353412-85355816	2
0.023756347343607	1.12165315914207	0.171	0.081	1	chr6-2960251-2963104	2
0.0237640788358693	0.859712228221881	0.216	0.108	1	chr4-183904695-183906529	2
0.0237683149187672	1.0816147973616	0.184	0.09	1	chr9-125745782-125747819	2
0.0237712044029609	0.926903120540645	0.2	0.099	1	chr1-228070725-228076847	2
0.0237778111315315	0.637937990699239	0.351	0.216	1	chr7-36289698-36292462	2
0.0237904618452689	0.897058684280489	0.192	0.09	1	chr2-172084324-172086002	2
0.0239677251189801	1.12469153606794	0.163	0.072	1	chr10-19930848-19932295	2
0.0239832666605586	1.08818317889563	0.171	0.081	1	chr1-210232362-210234531	2
0.0240352967125057	0.691990920719863	0.257	0.135	1	chr1-156590918-156592904	2
0.0241841394448134	0.997297662247043	0.196	0.099	1	chr6-110957946-110959370	2
0.0242630563610753	0.944763164918601	0.208	0.108	1	chr1-201828463-201830274	2
0.0243508471027862	1.06911743508138	0.176	0.081	1	chr7-76310019-76311212	2
0.0245567031517555	0.944023213224338	0.192	0.09	1	chr17-19752660-19754335	2
0.0245761251823441	1.19142945587769	0.151	0.063	1	chr4-138329419-138331362	2
0.0245848269904499	0.759306157070861	0.233	0.117	1	chr1-201480057-201481288	2
0.0245881187782005	0.444643366094648	0.514	0.342	1	chr1-212034006-212036988	2
0.0245893368153115	0.62228074574326	0.351	0.207	1	chr6-147202081-147205253	2
0.0246392886751164	1.15344952079285	0.159	0.072	1	chr18-54203609-54206540	2
0.0246605909110413	0.569120142446469	0.355	0.225	1	chr1-40039075-40041744	2
0.0247938025311684	0.848422599510045	0.229	0.117	1	chr5-131311812-131313554	2
0.0247978907100483	1.06895494750682	0.163	0.072	1	chr21-42365969-42367742	2
0.0248063898573787	0.48823503271552	0.469	0.306	1	chr1-224502145-224504469	2
0.0248186566821054	0.62651713108343	0.355	0.234	1	chr1-235864993-235868151	2
0.0248268121771185	0.79376622829928	0.257	0.144	1	chr20-25232738-25235909	2
0.0249184958272696	1.06135651972616	0.163	0.072	1	chr4-118745719-118747242	2
0.0249217968513861	0.720001711915008	0.29	0.171	1	chr6-27471717-27474125	2
0.0249505744557879	1.06521894448582	0.151	0.063	1	chr1-184632350-184633596	2
0.025084493031634	0.865843305028821	0.233	0.126	1	chr18-50158592-50160137	2
0.0251829907225202	0.732172692278568	0.294	0.18	1	chr2-199457115-199460896	2
0.0252483751821799	0.698823321525367	0.31	0.18	1	chr8-54019358-54023180	2
0.0252904351735323	0.961644870417702	0.2	0.099	1	chr8-80807059-80808742	2
0.0252931722199503	0.628489942056931	0.347	0.216	1	chr1-220731745-220733682	2
0.0254003687099509	0.976310061532735	0.176	0.081	1	chr1-182731663-182733879	2
0.0255567133602038	0.936086379877404	0.208	0.108	1	chr17-30970452-30972085	2
0.0255825942099227	0.644446972569241	0.327	0.189	1	chr1-203006304-203008753	2
0.025614010433788	0.71983531175614	0.286	0.171	1	chr3-135965278-135967124	2
0.0256243812466465	0.744949850205483	0.257	0.144	1	chr21-29072797-29074476	2
0.0256883845388426	0.96001685384378	0.192	0.09	1	chr2-72886622-72888450	2
0.0257396488724211	0.929955779375053	0.2	0.099	1	chr20-25195165-25197321	2
0.0257418680906065	0.626053227910214	0.347	0.216	1	chr18-2654955-2658787	2
0.0257588014930838	1.03765606223245	0.176	0.081	1	chr7-157355477-157356746	2
0.0257588014930838	1.06782847529399	0.176	0.081	1	chr12-131928380-131930889	2
0.0257780257195488	0.934658739939135	0.208	0.108	1	chr14-24262972-24264652	2
0.0257940598847573	0.678315850202865	0.294	0.171	1	chr3-51981800-51984548	2
0.0258399385470535	0.610459163529096	0.331	0.198	1	chr10-104328341-104332875	2
0.0258531500414815	0.600255583864564	0.363	0.225	1	chr10-68955037-68958450	2
0.0258792472417758	1.06529554646163	0.176	0.081	1	chr9-124077679-124079662	2
0.0258906570671716	0.713905122867975	0.294	0.171	1	chr10-116848376-116850677	2
0.0258971702534977	0.714485402848178	0.298	0.18	1	chr8-38733470-38736337	2
0.0259540079430126	0.883767007616431	0.204	0.099	1	chr1-220299961-220301267	2
0.0259733499060743	1.1576264700056	0.151	0.063	1	chr14-96145737-96146967	2
0.0259737710777354	0.776143209935603	0.269	0.153	1	chr12-123074735-123076640	2
0.0261058922940162	0.830720944247263	0.229	0.126	1	chr18-267235-269319	2
0.0261962437047147	0.769529920992411	0.22	0.108	1	chr7-155916978-155919860	2
0.0263609358559133	0.574741838291997	0.384	0.243	1	chr14-57609142-57612709	2
0.026395012393077	0.589379113825195	0.359	0.216	1	chr1-223133336-223135712	2
0.0264049619604869	0.895461814060548	0.188	0.09	1	chr13-26253600-26255388	2
0.0264260637480472	0.562797815516142	0.339	0.189	1	chr1-145926572-145928961	2
0.0264264038783493	0.85280712742491	0.2	0.099	1	chr6-45376878-45378818	2
0.0264440188365837	0.727054829122907	0.257	0.144	1	chr1-1272013-1274615	2
0.0265012439233297	0.606643943984351	0.314	0.18	1	chr16-2210397-2213481	2
0.0265095879694673	1.16315987051155	0.159	0.072	1	chr6-10693590-10695764	2
0.0265200278059115	0.661333164205198	0.327	0.189	1	chr2-218567269-218570344	2
0.026533180940264	1.06703104100508	0.163	0.072	1	chr7-138752392-138753423	2
0.0266200262125823	0.625064592288518	0.318	0.198	1	chrX-54639116-54641364	2
0.0266385236825087	1.15039828873205	0.159	0.072	1	chr13-75759962-75761140	2
0.0266439674744286	0.842393177375256	0.188	0.09	1	chr8-48693288-48694530	2
0.0266975441697909	0.754311359945325	0.269	0.162	1	chr13-51801528-51804827	2
0.026768000683091	1.16524443161744	0.159	0.072	1	chr6-35919051-35921610	2
0.0268929862038233	0.815801341643205	0.2	0.099	1	chr20-495759-497017	2
0.0269136403802207	0.783361692718059	0.237	0.126	1	chr10-75209529-75211838	2
0.0269223418140278	0.746605274144613	0.265	0.153	1	chr6-7973524-7976460	2
0.026985348668975	1.00678653639265	0.176	0.081	1	chr12-132954770-132957114	2
0.026987185125366	0.506801864334048	0.49	0.351	1	chr5-111755586-111759121	2
0.0270059785353716	0.916597053146535	0.188	0.09	1	chr4-76280855-76284401	2
0.0270067186422709	0.867908834034089	0.233	0.126	1	chr19-19732291-19733664	2
0.0270765702765683	0.665358502697776	0.298	0.171	1	chr7-72878671-72880419	2
0.0270945499578034	0.902661281407557	0.18	0.081	1	chr2-47782404-47784438	2
0.0271335442956916	1.00643937790859	0.184	0.09	1	chr15-31337782-31340552	2
0.0272993839227171	0.659146191614638	0.318	0.189	1	chr6-35467423-35475175	2
0.0273084058250344	1.01493490325319	0.163	0.072	1	chr12-6312048-6313879	2
0.0273541829827204	0.667542552644649	0.29	0.162	1	chr1-160096618-160099633	2
0.0274068378936317	0.814188545492602	0.241	0.135	1	chr16-73015159-73017869	2
0.0274068378936317	0.812047217582188	0.241	0.135	1	chr17-50659969-50662441	2
0.0274538353164689	0.627813958682632	0.331	0.198	1	chr1-6391960-6394634	2
0.0274909426058642	1.08895877334802	0.171	0.081	1	chr10-132411205-132413262	2
0.0275711209431091	0.948479427669805	0.163	0.072	1	chr1-154333403-154335520	2
0.0275793375745717	0.761497401079767	0.241	0.126	1	chr1-67375931-67377450	2
0.0276253459630398	0.88617564088286	0.224	0.117	1	chr6-46169541-46171944	2
0.0277126907970139	1.0117686405859	0.151	0.063	1	chr6-49522837-49525087	2
0.0277291913590948	0.770494026544193	0.269	0.153	1	chr12-76346965-76349194	2
0.0277452197487332	0.859847936547653	0.176	0.081	1	chr1-116109730-116112520	2
0.0278673016881352	0.756801155312743	0.261	0.144	1	chr6-18262895-18265390	2
0.0278697349497124	0.734946233335453	0.286	0.171	1	chr1-63592702-63594839	2
0.027941236795237	0.903367105715699	0.204	0.099	1	chr14-29804968-29806916	2
0.0279833791784513	0.670290622538432	0.335	0.207	1	chr5-68395701-68397329	2
0.028026532465094	0.729617024265934	0.241	0.126	1	chr21-43928313-43930619	2
0.0280596646952998	0.377860740920658	0.624	0.441	1	chr1-244968314-244972788	2
0.0280743007120777	0.815293107756265	0.212	0.108	1	chr14-42192515-42194299	2
0.028085535941787	0.620208167832169	0.302	0.171	1	chr1-227315956-227319421	2
0.0281280883588164	1.08723802903398	0.18	0.09	1	chr2-39179964-39181017	2
0.0281654422556171	0.654058007451401	0.327	0.198	1	chr2-106559141-106563271	2
0.028203329808432	0.482925851975669	0.445	0.27	1	chr1-220747322-220749400	2
0.0282248793989877	0.456588626438143	0.535	0.387	1	chr1-179953646-179956020	2
0.028241214329535	0.728477104951958	0.282	0.162	1	chr14-30621085-30623009	2
0.0282619899467185	0.942643807911943	0.176	0.081	1	chr14-65072819-65075267	2
0.0283843722302013	1.02609908302689	0.18	0.09	1	chr2-120421369-120423629	2
0.0284077371477021	0.812469983140241	0.216	0.108	1	chr3-107981210-107982465	2
0.0284491471800572	0.662030363482604	0.314	0.189	1	chr1-26529295-26533008	2
0.028458826100679	0.881849122561265	0.2	0.099	1	chr19-33031856-33033419	2
0.0285012865422382	1.14052522555623	0.159	0.072	1	chr1-175319083-175320257	2
0.0285012865422382	1.15037351425742	0.159	0.072	1	chr12-123601247-123603472	2
0.0285234706952799	0.967811395184818	0.176	0.081	1	chr12-116697228-116699077	2
0.028524417581473	0.820182592022233	0.241	0.135	1	chr6-76416556-76419320	2
0.0285943039725185	0.721289848000544	0.241	0.126	1	chr1-70587545-70588917	2
0.0286045486627896	0.727124653353779	0.298	0.18	1	chr10-132161883-132164232	2
0.0287044354865851	0.85064518002853	0.233	0.126	1	chr6-138104607-138108203	2
0.0288474938270268	0.637057159506345	0.327	0.207	1	chr5-139272608-139277035	2
0.0288719950026116	0.471234177261171	0.49	0.342	1	chr1-204083409-204086402	2
0.0289080541091407	0.812535035064222	0.224	0.117	1	chr8-106059485-106061074	2
0.0289147344232893	1.09212985556458	0.159	0.072	1	chr3-142439133-142440372	2
0.0289441116480643	0.778991687071159	0.237	0.126	1	chr7-47978461-47979933	2
0.0290280613874585	0.88580608396537	0.216	0.117	1	chr1-108533227-108534283	2
0.0290606828669846	0.74251587079689	0.237	0.126	1	chr5-757737-760019	2
0.029131138114426	0.747673366235241	0.216	0.108	1	chr7-66113997-66115872	2
0.0291653288034296	1.04130820207306	0.18	0.09	1	chr17-32141243-32143824	2
0.0292184582067034	0.750878673608084	0.253	0.144	1	chr20-25247103-25250885	2
0.0292532335249908	0.903439763335153	0.212	0.117	1	chr8-116324454-116325543	2
0.0294117778542451	0.596728786311922	0.367	0.234	1	chr1-45338856-45341465	2
0.0295804116966772	0.643236568322368	0.322	0.189	1	chr7-22361295-22362445	2
0.0296118717467915	0.983260084595083	0.163	0.072	1	chr3-53128778-53131145	2
0.029705342178319	0.574426554488343	0.343	0.207	1	chr16-30740024-30742329	2
0.0297571389895699	1.03912064947507	0.159	0.072	1	chr1-8407609-8409648	2
0.0297665569188267	0.808305875007751	0.233	0.126	1	chr19-4454790-4458372	2
0.0298838047164262	1.03182322179337	0.171	0.081	1	chr14-105164845-105169557	2
0.0299089689502309	0.523307685899562	0.376	0.225	1	chr1-209746202-209748519	2
0.029953643047355	0.652095986853818	0.31	0.18	1	chr19-18635826-18638626	2
0.0300218368991609	0.940229576089945	0.171	0.081	1	chr2-11465207-11467030	2
0.0301604167264424	1.01792061817804	0.171	0.081	1	chr12-25958002-25960310	2
0.0301775320045614	0.974322839369186	0.163	0.072	1	chr20-51142193-51144534	2
0.0302353168312908	1.05185951422278	0.18	0.09	1	chr4-160364188-160366154	2
0.0302559134273233	0.719650168555025	0.22	0.117	1	chr8-100906691-100909364	2
0.0302574894581193	0.912168738486707	0.216	0.117	1	chr2-47032925-47035206	2
0.0302628362713341	0.908947781390626	0.196	0.099	1	chr8-70147849-70148761	2
0.0303212481442478	0.690985307469704	0.298	0.18	1	chr1-197773181-197776605	2
0.0303655293051529	0.756829385312734	0.224	0.117	1	chr6-137217838-137220170	2
0.0304312791118504	0.642284234078855	0.282	0.162	1	chr6-15244703-15246364	2
0.0304599301052798	0.702237803085288	0.278	0.162	1	chr14-91415816-91419241	2
0.0305080252883596	0.939338539153335	0.18	0.09	1	chr5-56640707-56641809	2
0.0305948211901477	0.615391869145853	0.278	0.153	1	chr17-17691678-17696077	2
0.0306244890447886	0.867551306935533	0.2	0.099	1	chr6-24665136-24668028	2
0.030628655772169	0.98690775833241	0.184	0.09	1	chr6-95576486-95578548	2
0.0306321329552043	0.448390558981823	0.473	0.333	1	chr8-76998839-77001522	2
0.0306351431503479	0.795857197038111	0.241	0.135	1	chr15-90314987-90316843	2
0.0306648048878155	0.78140613682791	0.265	0.153	1	chrX-112840037-112842186	2
0.0306913423917917	0.962388596054933	0.176	0.081	1	chr1-2437437-2438733	2
0.0307665364424732	0.980245078309479	0.159	0.072	1	chr14-69287162-69288772	2
0.0308185965614383	0.50173458640777	0.424	0.27	1	chr3-157158628-157161407	2
0.0308651818757354	0.814932330945239	0.224	0.117	1	chr6-47308076-47310514	2
0.0309161330815064	0.785163037032122	0.249	0.144	1	chr12-95102641-95103867	2
0.0309177464743959	0.53438489760257	0.416	0.288	1	chr2-95273736-95278138	2
0.031002179110613	0.909362578496186	0.188	0.09	1	chr11-62444617-62446742	2
0.0310345787422655	0.610775631237947	0.376	0.252	1	chr13-52651820-52653707	2
0.0310520744075402	0.54010165155044	0.331	0.198	1	chr3-188947452-188949156	2
0.0311377246443987	0.572526803568732	0.38	0.243	1	chr1-226061002-226065398	2
0.0312447430618741	0.794223839641779	0.241	0.135	1	chr1-21633727-21635403	2
0.0312483778399092	0.728752810006393	0.257	0.144	1	chr2-17752774-17755148	2
0.0313154385719225	0.524479616302369	0.371	0.252	1	chr3-66472051-66477565	2
0.0313269535222664	0.619197322643587	0.314	0.189	1	chr2-70140836-70143968	2
0.0313513732220705	0.661865487500696	0.302	0.18	1	chr3-127303860-127305093	2
0.0313519451080122	1.13273216021629	0.155	0.072	1	chr18-57131371-57132660	2
0.0313684839275847	0.69408854477421	0.257	0.144	1	chr6-8101301-8103291	2
0.0313717288184935	0.708171100454912	0.286	0.171	1	chr1-154557298-154560123	2
0.0314325622602876	0.909604315057155	0.171	0.081	1	chr10-97713048-97715400	2
0.0314825495106163	0.65732760717145	0.302	0.189	1	chr12-19128473-19131610	2
0.0314961866627261	0.872943302548044	0.204	0.108	1	chr5-61408464-61409970	2
0.0315054102067173	1.03360283233905	0.159	0.072	1	chr1-50023220-50024463	2
0.0315054102067173	1.03629439694402	0.159	0.072	1	chr15-29469967-29471416	2
0.0315111807467251	0.648232908283513	0.363	0.243	1	chr1-227786071-227789243	2
0.03151912005866	0.71416392668734	0.294	0.18	1	chr10-58384073-58386264	2
0.0315440326158961	0.622812689502567	0.351	0.234	1	chr17-78171277-78177740	2
0.0316082313531892	0.835781474658893	0.229	0.126	1	chr2-200861263-200865344	2
0.0316532733439869	1.13031601218497	0.155	0.072	1	chr8-140507413-140508854	2
0.0316532733439869	1.10929427457356	0.155	0.072	1	chr11-61607104-61611367	2
0.0317482092518112	0.645393475421796	0.306	0.171	1	chr3-128319550-128324278	2
0.031760008293832	0.949066849932686	0.192	0.099	1	chr11-6925620-6927886	2
0.0318048665608686	1.19000610137785	0.155	0.072	1	chr14-33937809-33939125	2
0.0318336962356681	0.617396379613459	0.335	0.216	1	chr6-43170286-43172982	2
0.0318621346108305	0.307706295775225	0.702	0.586	1	chr1-207024162-207034524	2
0.0318765686367938	0.935638198897705	0.184	0.09	1	chr7-101182288-101183187	2
0.0319570818329094	1.09116162617204	0.155	0.072	1	chr16-70298738-70300154	2
0.0320178796487151	0.911823669326928	0.184	0.09	1	chr2-159249440-159250875	2
0.0320200368895568	0.712176936547129	0.261	0.153	1	chr12-57428924-57431636	2
0.0321748873994863	0.858434642402051	0.192	0.099	1	chr2-7007507-7009305	2
0.0322080351694045	0.540964679781575	0.367	0.225	1	chr16-84503851-84506841	2
0.0322370966680801	0.870906461893463	0.2	0.099	1	chr9-112749918-112752032	2
0.0322625434795357	0.875238904717974	0.176	0.081	1	chr9-87973720-87975294	2
0.032382209109809	0.932474071865464	0.163	0.072	1	chr13-21139726-21141254	2
0.0324767862802559	0.981710507942489	0.18	0.09	1	chr2-65226976-65228820	2
0.0325175643301031	0.613997412337126	0.351	0.234	1	chr6-33271041-33278618	2
0.0325885058009626	0.934799130621896	0.184	0.09	1	chr22-47630792-47633266	2
0.0325962267822096	0.677321593603917	0.273	0.162	1	chr1-28087566-28089280	2
0.0326214853904069	1.00816103590803	0.18	0.09	1	chr1-38138250-38140503	2
0.0326811324751227	0.73921019764594	0.253	0.144	1	chr1-182588038-182589801	2
0.0327014017726123	0.890424529552521	0.196	0.099	1	chr19-10184017-10185521	2
0.0328393274771442	0.897284834007934	0.163	0.072	1	chr14-44452185-44454111	2
0.0328395393815066	0.976386582842605	0.18	0.09	1	chr13-20901741-20903505	2
0.032873770954829	1.02657034844635	0.159	0.072	1	chr1-1776959-1779841	2
0.032899777993625	0.985569655054344	0.171	0.081	1	chr5-38845051-38846544	2
0.033011914047821	0.639517640453726	0.29	0.171	1	chr6-291044-293860	2
0.0330947656532474	0.775974426327035	0.208	0.108	1	chr8-132674791-132677601	2
0.0331813427471069	0.902047142564149	0.188	0.099	1	chr13-100098345-100100938	2
0.0332627425000715	0.699719853543584	0.216	0.108	1	chr4-153248601-153250272	2
0.0333140181900235	0.911837810725072	0.184	0.09	1	chr15-65303552-65305681	2
0.0333318209948831	0.643165521594547	0.298	0.171	1	chr16-70250225-70255916	2
0.0333665747278147	0.723846180028345	0.261	0.144	1	chr1-9126271-9130557	2
0.0335028734670044	0.965186216873101	0.171	0.081	1	chr15-52974266-52976644	2
0.0335210742424559	0.539220285337489	0.335	0.207	1	chr21-41503136-41509328	2
0.0335364872905311	1.01629889505227	0.167	0.081	1	chr3-149245469-149248581	2
0.0335991637031439	0.610747267409013	0.322	0.198	1	chr6-108259937-108262073	2
0.0336473873881068	0.562366580329353	0.371	0.243	1	chr4-991761-994600	2
0.0336499217624097	0.937542079468897	0.18	0.09	1	chr5-68456301-68457641	2
0.0336857728973851	0.589967626275754	0.355	0.225	1	chr1-86704037-86706454	2
0.0336871182794157	0.603814389673403	0.31	0.189	1	chr5-71454972-71457656	2
0.0337099920665565	0.573681092206229	0.351	0.216	1	chr14-49597487-49600466	2
0.0337608850132678	0.95760505081975	0.188	0.099	1	chr1-171644731-171646474	2
0.0337998836365377	0.672245337344785	0.237	0.126	1	chr1-36373473-36375348	2
0.0338772418220141	0.663242186113321	0.224	0.117	1	chr5-8456768-8458613	2
0.0339021681405425	0.851269496063876	0.176	0.081	1	chr18-44678837-44681047	2
0.0339387842727979	0.767686642941651	0.257	0.153	1	chr16-46876003-46877406	2
0.0339549845834014	0.754718341648098	0.233	0.126	1	chr6-43427090-43429111	2
0.033961378823489	0.956684530643933	0.171	0.081	1	chr17-76071723-76073230	2
0.033982532652375	0.838838583479912	0.196	0.099	1	chr17-70855055-70857058	2
0.0342243115340399	0.426883959207958	0.498	0.324	1	chr12-113220440-113223705	2
0.0342535889346774	0.690668815257373	0.269	0.153	1	chr10-38093675-38095356	2
0.0342842855040351	0.521738162961859	0.367	0.243	1	chr1-236141000-236145578	2
0.0342926998847815	0.956389289544811	0.159	0.072	1	chr5-179804721-179807893	2
0.0343163237425731	1.04986453088937	0.155	0.072	1	chr20-63519938-63521931	2
0.034344015159349	0.727783208474723	0.253	0.144	1	chr4-10018543-10020167	2
0.0344035354369755	0.654153332064108	0.302	0.18	1	chr1-209822066-209824501	2
0.0344104683854844	0.513108695031535	0.388	0.252	1	chr17-63444647-63448353	2
0.0345138671570748	0.530539197006274	0.351	0.216	1	chr16-67934409-67937613	2
0.034641864486757	1.09520785681039	0.155	0.072	1	chr6-118864244-118865589	2
0.0347126381541067	0.851903073736239	0.196	0.099	1	chr13-49996387-49998599	2
0.0348542469385673	0.755477866927295	0.241	0.135	1	chr13-48975052-48977592	2
0.0348591126420189	0.960426076627973	0.18	0.09	1	chr3-188163914-188164880	2
0.0348874848378871	0.807325048032157	0.22	0.117	1	chr1-6427091-6428593	2
0.0349207972183336	0.834472661264529	0.229	0.126	1	chr18-21637326-21640005	2
0.03493623013179	0.80637660632418	0.249	0.153	1	chr1-18463988-18465285	2
0.0349700394019915	0.989625398133322	0.155	0.072	1	chr17-82241361-82244783	2
0.0350965756866662	0.950065862038058	0.188	0.099	1	chr2-241269721-241273303	2
0.035117755739841	0.649335941518394	0.286	0.171	1	chr6-34535345-34539077	2
0.0351509455627081	0.52456561475932	0.339	0.207	1	chr3-184333941-184338078	2
0.0351898573124621	0.786174872824994	0.188	0.09	1	chr8-80925951-80927312	2
0.0351928080081433	0.888535947628488	0.22	0.126	1	chr22-18055752-18058365	2
0.0353008649883675	1.03001635204989	0.155	0.072	1	chr4-118941042-118943035	2
0.0353716804525204	0.855941839917248	0.163	0.072	1	chr1-1905944-1907742	2
0.0354005105315039	0.644715355402458	0.314	0.198	1	chr1-99969254-99971223	2
0.0354415883906177	0.909155972698687	0.2	0.108	1	chr19-35264238-35270239	2
0.0354491130705018	1.04554891429286	0.163	0.081	1	chr6-158002016-158003942	2
0.0354774956323301	0.928898924287825	0.18	0.09	1	chr6-87154633-87156767	2
0.0354817296488254	0.723770513411906	0.273	0.162	1	chr1-202056444-202057810	2
0.035507808895134	0.765387865012092	0.208	0.108	1	chr2-94207634-94209559	2
0.0355286697142675	0.945559037410447	0.171	0.081	1	chr9-105679163-105681498	2
0.0356314923396301	0.557139230283088	0.302	0.171	1	chr1-1613951-1618186	2
0.035678793143371	0.661515555561764	0.269	0.153	1	chr5-139560488-139563239	2
0.035739381535678	0.735125788106832	0.22	0.117	1	chr3-48300321-48302322	2
0.0357989138243887	0.789403962598423	0.237	0.135	1	chr8-53692189-53693721	2
0.0358070267145743	0.848769606652962	0.184	0.09	1	chr12-122420854-122423658	2
0.0358312407049235	1.00930734758006	0.176	0.09	1	chr17-30823957-30825284	2
0.035909896026216	0.487013381707187	0.437	0.297	1	chr2-208252889-208257912	2
0.0359432831518391	0.692567132275717	0.269	0.153	1	chr16-66509931-66514188	2
0.0359488627599023	0.820963161899098	0.208	0.108	1	chr6-153563248-153565340	2
0.0359813506347115	0.394381562921809	0.543	0.378	1	chr1-77975584-77980472	2
0.036010726590663	0.926766391316872	0.171	0.081	1	chr1-200640056-200641625	2
0.036010726590663	0.916481434635573	0.171	0.081	1	chr4-10664080-10665278	2
0.0360683944545533	0.978851553014266	0.167	0.081	1	chr7-134589073-134590193	2
0.0361052139714067	0.946323904719148	0.18	0.09	1	chr20-25225578-25228025	2
0.0362079917741332	0.475249241647882	0.437	0.288	1	chr6-27836306-27840301	2
0.0364627311981088	0.639859971688171	0.306	0.189	1	chr19-11088543-11093275	2
0.0364696929757366	0.708010992301796	0.229	0.126	1	chr15-56886519-56888172	2
0.0364979578976543	1.17146779603574	0.151	0.072	1	chr7-11294074-11295591	2
0.0365112687878561	0.641101638617435	0.273	0.153	1	chr1-153976245-153978785	2
0.0365441946051906	0.802240823159627	0.208	0.108	1	chr6-152301264-152302712	2
0.036560839773322	0.987927875870749	0.167	0.081	1	chr4-42871239-42872468	2
0.0365877845593037	0.730896492406577	0.233	0.126	1	chr1-108033323-108035241	2
0.0366622415363398	0.576651736285362	0.306	0.18	1	chr6-42138431-42143126	2
0.0366708100205463	1.13098642322785	0.151	0.072	1	chr6-134453577-134454784	2
0.0367738850230987	0.947619824322393	0.159	0.072	1	chr2-150165955-150167004	2
0.0368228273869174	0.977538948919276	0.155	0.072	1	chr12-122834248-122839145	2
0.036934815488204	1.06767976870398	0.163	0.081	1	chr10-60480616-60482127	2
0.0370534973033251	0.895372043201546	0.192	0.099	1	chr3-189188035-189188989	2
0.0371685290834947	1.0290261053902	0.155	0.072	1	chr3-140924166-140925398	2
0.0371935564066162	1.1637732441573	0.151	0.072	1	chr14-104825988-104828117	2
0.0372909470464866	0.744790488957056	0.265	0.162	1	chr12-132908072-132909387	2
0.0373001540724782	0.761468014715574	0.208	0.108	1	chr11-7537276-7539725	2
0.037363034625231	0.87085622513862	0.204	0.108	1	chr5-142011993-142014554	2
0.0373943114988665	0.990511025676564	0.167	0.081	1	chr1-15615563-15619261	2
0.0373943114988665	0.973144801286959	0.167	0.081	1	chr4-185513360-185514578	2
0.0374638253701836	0.473109378764038	0.404	0.261	1	chr3-48661384-48665214	2
0.0374779331120767	0.661563658452711	0.257	0.144	1	chr1-42333679-42336702	2
0.0376511854236628	0.81147818576635	0.224	0.126	1	chr3-182738615-182741245	2
0.0377321996568983	0.958313541446907	0.167	0.081	1	chr20-62357927-62359477	2
0.0377745741500813	0.829766614324775	0.233	0.135	1	chr15-35544986-35546860	2
0.0378669308219028	0.651129100903009	0.286	0.171	1	chr14-35331528-35333595	2
0.0378943809222344	0.79993387829431	0.233	0.126	1	chr6-166556363-166558497	2
0.0379056945263219	0.738375761059857	0.286	0.18	1	chr16-73046460-73051579	2
0.0379144678606743	0.714861249910011	0.208	0.108	1	chr8-134793072-134794938	2
0.0379398957593576	0.674008656547541	0.269	0.162	1	chr6-43013014-43015022	2
0.0379898725176507	0.762666245210545	0.2	0.099	1	chr8-140254598-140255866	2
0.0380767500998903	0.770756079687434	0.229	0.126	1	chr16-25048231-25050867	2
0.0381382610312631	0.56092827053633	0.335	0.207	1	chr1-229220898-229222449	2
0.0382110876468913	0.90769472468454	0.18	0.09	1	chr6-14888730-14890412	2
0.0382110876468913	0.874352606889138	0.18	0.09	1	chr6-150514648-150515844	2
0.0383347166349251	0.766131440339567	0.171	0.081	1	chr6-109482328-109484204	2
0.0383439230224452	0.648441782639059	0.318	0.198	1	chr3-4564731-4567390	2
0.0383471040955447	0.460027160070165	0.441	0.297	1	chr3-160564125-160566721	2
0.0384108293255564	0.629191407596307	0.286	0.171	1	chr1-206112428-206113772	2
0.0384108293255564	0.703604792158086	0.282	0.18	1	chr13-26221280-26223102	2
0.0385979977012334	0.978866447348233	0.184	0.099	1	chr9-81393651-81395649	2
0.038623345141826	0.885862953333167	0.184	0.09	1	chr8-81568572-81570876	2
0.0386944425316518	0.760762845804227	0.208	0.108	1	chr7-28960007-28961140	2
0.0387222762375946	0.70322287383679	0.273	0.162	1	chr1-10673385-10678311	2
0.0387387984973543	0.620907423639512	0.318	0.198	1	chr13-98415824-98417251	2
0.0387774008702762	0.712445307887781	0.269	0.162	1	chr1-29179840-29183326	2
0.0387870701225736	0.701037352140506	0.265	0.153	1	chr5-139064171-139066029	2
0.0387900212427637	0.606650446748422	0.29	0.171	1	chr9-89317365-89320002	2
0.0388139693219845	0.70926773544745	0.241	0.135	1	chr6-37818310-37821116	2
0.0388411150334678	0.507049481432795	0.396	0.261	1	chr1-197145579-197147416	2
0.0389274962622481	0.838012956045789	0.204	0.108	1	chr6-33453529-33455329	2
0.0389867096252085	0.90236906711096	0.2	0.108	1	chr16-694942-696404	2
0.0390384722353049	0.716162172070657	0.253	0.144	1	chrX-13733763-13735578	2
0.03904528898885	0.578662210671809	0.335	0.207	1	chr7-27739171-27741741	2
0.039119665053906	0.991333506632789	0.155	0.072	1	chr21-44049120-44053238	2
0.0391742421561255	1.02450541820511	0.163	0.081	1	chr2-238319746-238321509	2
0.0392405093867802	0.739134764570511	0.233	0.126	1	chr6-89637851-89639285	2
0.039281308959805	0.568285418172021	0.327	0.198	1	chr2-156340372-156343820	2
0.0393012776991128	1.01259250133227	0.155	0.072	1	chr1-234875519-234877075	2
0.0393012776991128	0.990573854115275	0.155	0.072	1	chr13-23374904-23376194	2
0.0393096517722915	0.512458058668566	0.4	0.261	1	chr5-14663491-14666562	2
0.0393484369832709	1.10334842949176	0.151	0.072	1	chr8-134565127-134567194	2
0.0394281512126205	0.663077749135887	0.273	0.162	1	chr2-168246046-168248253	2
0.0394378665295566	0.442982590117194	0.486	0.342	1	chr5-40823479-40836605	2
0.0394713365660181	0.838488278886812	0.192	0.099	1	chr1-153782926-153784266	2
0.0395288024407858	0.99712080560935	0.163	0.081	1	chr2-138564085-138565604	2
0.0395664806441871	0.585657823148434	0.314	0.189	1	chr1-11058334-11062058	2
0.0396214059609536	0.533408419717366	0.388	0.261	1	chr1-75785264-75791670	2
0.039634036160671	0.916361946248296	0.176	0.09	1	chr21-43331929-43334075	2
0.0396373613395068	0.946689068465781	0.167	0.081	1	chr1-172933583-172934667	2
0.0396666512919017	1.03425797788943	0.155	0.072	1	chr9-125632620-125633793	2
0.0396666512919017	0.94713604687519	0.155	0.072	1	chr19-16627259-16629911	2
0.0396806964292817	0.710984405661826	0.265	0.162	1	chr16-87387153-87388985	2
0.0397045165847182	0.721282159496447	0.216	0.117	1	chr20-44208713-44212005	2
0.0398347097328496	0.527665403985993	0.396	0.261	1	chr3-174438372-174442610	2
0.0398981946053631	0.722975279826626	0.229	0.126	1	chr3-194852731-194855546	2
0.0399894664206303	0.720837523584488	0.257	0.153	1	chr4-53653100-53655140	2
0.040000688607839	0.644409290865294	0.273	0.162	1	chr10-6162516-6165690	2
0.0400412891038381	0.704477095758221	0.196	0.099	1	chrX-53280586-53282643	2
0.0400433657455726	0.601199176980862	0.29	0.171	1	chr5-6377353-6379299	2
0.0401237240365411	0.798736745082363	0.2	0.108	1	chr11-1302254-1304856	2
0.0402201147646166	1.00234224156451	0.155	0.072	1	chr1-107669370-107670778	2
0.0402805096090739	0.601214509044881	0.347	0.225	1	chr10-69360422-69363108	2
0.0402925784448608	0.691019952402312	0.245	0.135	1	chr9-89755629-89757640	2
0.0403401297308407	0.78682009158633	0.216	0.117	1	chr1-228734829-228736827	2
0.0403501008531966	0.911167292229122	0.167	0.081	1	chr6-88962967-88964879	2
0.0403866728080378	0.884230950870426	0.188	0.099	1	chr2-42493556-42495635	2
0.0404537059746235	0.808682972468558	0.2	0.108	1	chr21-33914870-33916373	2
0.0404650442235462	1.05578477810138	0.151	0.072	1	chr7-70693474-70695657	2
0.0404650442235462	1.09804268346568	0.151	0.072	1	chr13-27250715-27253265	2
0.0404787094103653	1.09077136802051	0.159	0.081	1	chr1-66331467-66332901	2
0.0406340911643499	0.775515083887196	0.245	0.144	1	chrX-70132200-70134646	2
0.0406448501162184	0.437929585605664	0.514	0.369	1	chr6-32967403-32975374	2
0.0406790821650271	0.539008786727011	0.347	0.225	1	chr13-19957897-19960785	2
0.0407824544262141	0.717307927404812	0.261	0.153	1	chr8-127793838-127797109	2
0.0407912899372531	0.945212870181233	0.163	0.081	1	chr14-81382012-81383686	2
0.0407956636352816	0.558347472568045	0.278	0.162	1	chr14-96361544-96364818	2
0.0408806367776013	0.756123071210163	0.196	0.099	1	chr7-103343433-103345317	2
0.0409682426723569	0.994116142893898	0.155	0.072	1	chr3-194096784-194098726	2
0.041034666033545	0.9587969583398	0.176	0.09	1	chr1-25871570-25873559	2
0.0411944764835468	0.605828427810055	0.31	0.189	1	chr1-181117145-181118569	2
0.0412109759555486	0.816440764392449	0.204	0.108	1	chr1-95640472-95642622	2
0.0412681108039832	0.718603405391231	0.249	0.144	1	chr2-31557748-31559348	2
0.0412986454442594	0.846484945500433	0.18	0.09	1	chr1-165162279-165163548	2
0.0413093819043238	0.518106640908282	0.38	0.243	1	chr10-78972360-78975217	2
0.0414159639426379	0.981332402502147	0.151	0.072	1	chrX-136046201-136048257	2
0.0414236638531602	0.779761549403241	0.233	0.135	1	chr1-115665146-115667625	2
0.0414236638531602	0.756396309440612	0.233	0.135	1	chr6-34545033-34548306	2
0.0414447774095877	0.589209294127614	0.269	0.153	1	chr1-150874587-150877441	2
0.0414604350370328	0.591468635710418	0.318	0.198	1	chr14-20454016-20456216	2
0.0414762012938545	0.84718939081107	0.18	0.09	1	chr16-28504739-28506010	2
0.0415572424857166	0.758037884901562	0.22	0.117	1	chr8-100509585-100511157	2
0.0416773734143506	0.582213505213977	0.351	0.234	1	chr2-54722728-54725101	2
0.0417407959042206	0.774511741141311	0.233	0.135	1	chr16-47459747-47462710	2
0.0417760740275325	0.651802948185617	0.298	0.189	1	chr1-92831332-92833442	2
0.0417967362121428	0.845056102410898	0.2	0.108	1	chr3-34196600-34199006	2
0.0419004636480054	0.972653685662101	0.163	0.081	1	chr3-184345216-184346358	2
0.0419074899030554	0.831818508059093	0.196	0.099	1	chr12-132505225-132507912	2
0.0419199535156361	0.866240120165062	0.155	0.072	1	chr6-169653717-169655633	2
0.0419416729466725	0.867936078599907	0.188	0.099	1	chr5-56057866-56059211	2
0.0420289692899151	0.709494090025942	0.241	0.135	1	chr10-42475040-42476810	2
0.0420465949383168	0.652381423709579	0.253	0.144	1	chr9-123267341-123269607	2
0.042112524324547	0.936836061592327	0.155	0.072	1	chr1-63316661-63317912	2
0.042112524324547	1.00007590485239	0.155	0.072	1	chr10-79448864-79450331	2
0.042117537965293	0.850037933183101	0.188	0.099	1	chr8-116872983-116875314	2
0.0421348259442955	0.689503659716802	0.269	0.162	1	chr1-110033927-110035935	2
0.042150327463782	0.644343366832151	0.282	0.171	1	chr1-201888025-201889428	2
0.0421561635884131	1.03845989465536	0.159	0.081	1	chr2-11539117-11540899	2
0.0421875260050469	0.653898436494736	0.241	0.135	1	chr18-23629134-23630285	2
0.0423058431308793	0.904775505437512	0.155	0.072	1	chr10-78589395-78590354	2
0.042368635489338	0.553231072851326	0.322	0.207	1	chr9-75228821-75230927	2
0.0424601965314894	0.787362564002905	0.208	0.108	1	chr7-75878309-75880517	2
0.0424822839123851	0.843341549302193	0.2	0.108	1	chr2-240585754-240587872	2
0.0425311658492314	0.675105342812806	0.237	0.135	1	chr11-65491395-65495006	2
0.0425426294235981	0.727993082905566	0.233	0.135	1	chr2-97994955-97996731	2
0.0426091676623813	0.810407809026536	0.184	0.09	1	chr1-161427488-161428752	2
0.0426488810696911	0.835792008908697	0.188	0.099	1	chr6-110896373-110906001	2
0.0426947335361436	0.959012345477914	0.155	0.072	1	chr6-3063353-3064760	2
0.0427372801659477	0.847875838155639	0.18	0.09	1	chr12-69469863-69471340	2
0.0427380546257717	0.805823031970763	0.204	0.108	1	chr5-1101927-1104753	2
0.0427455187249454	0.540008935217666	0.392	0.27	1	chr1-164557154-164560087	2
0.0427789939301511	0.983194260844257	0.151	0.072	1	chr10-123912174-123914484	2
0.0428903095428939	0.938691118395013	0.155	0.072	1	chr1-160314877-160316232	2
0.0430350578600011	0.944745551507214	0.163	0.081	1	chr12-22408277-22409592	2
0.0430896037043893	0.41185511856605	0.527	0.378	1	chr17-63431857-63437667	2
0.0431034882467298	0.847097118531112	0.18	0.09	1	chr17-2023554-2026475	2
0.0431034882467298	0.762354057236398	0.18	0.09	1	chr18-77088794-77089808	2
0.0431773177632559	0.82698127187569	0.2	0.108	1	chr7-122637426-122638635	2
0.0432443893663004	0.494733703170225	0.367	0.225	1	chr1-225874878-225876405	2
0.0434000696426408	0.904587504938367	0.176	0.09	1	chr1-9233964-9235646	2
0.0434742911664796	0.709379134562371	0.241	0.135	1	chr5-16893879-16895650	2
0.043574760381117	1.03319752685243	0.151	0.072	1	chr1-183088607-183090796	2
0.0436087103023582	0.555967136059425	0.331	0.207	1	chr9-36399692-36402913	2
0.0436490842217111	0.778853500860772	0.216	0.117	1	chr1-32753396-32755963	2
0.0436615100172678	0.548543005030189	0.359	0.243	1	chr3-179146919-179149844	2
0.0438728701280549	0.4544268804419	0.453	0.315	1	chr1-165629784-165632546	2
0.0438795860473924	0.948883066344088	0.155	0.072	1	chrX-10832843-10834130	2
0.0438819366957896	0.836107935940857	0.2	0.108	1	chr3-149368306-149371749	2
0.0438995154144317	0.550440583447055	0.318	0.198	1	chr1-109180642-109182282	2
0.0439653018208052	0.615043987603392	0.241	0.135	1	chr1-214515822-214517561	2
0.0439796067669348	0.836325757297113	0.192	0.099	1	chr14-105201309-105206291	2
0.0440797361650328	0.885933026364112	0.155	0.072	1	chr3-4686627-4688889	2
0.044093577310801	0.852777458324953	0.188	0.099	1	chr12-122979500-122982073	2
0.0442770359651501	0.765429044055635	0.188	0.099	1	chr17-28576030-28577658	2
0.0443974055574217	0.641282546185573	0.294	0.18	1	chrX-154540597-154543653	2
0.0444099791159556	0.690301651322963	0.253	0.153	1	chr9-120841992-120843947	2
0.0444167508883901	0.751852896267442	0.2	0.108	1	chr16-80540143-80541455	2
0.0445488660665785	0.749045490436344	0.22	0.126	1	chr7-30478063-30479799	2
0.0445547158839739	0.614711830010852	0.29	0.18	1	chr17-52418746-52420249	2
0.0445881517858785	0.92199888840157	0.163	0.081	1	chr19-39401966-39404391	2
0.0446458863203306	0.860667331107453	0.188	0.099	1	chr3-12483364-12485828	2
0.0446517052359666	0.53072553611243	0.396	0.297	1	chr6-155313537-155315755	2
0.0447763408720245	0.723580131250786	0.2	0.108	1	chr1-226082661-226084268	2
0.0447844087059867	0.846185762450864	0.18	0.09	1	chr7-50683359-50689156	2
0.0447918320525117	0.994486404702246	0.151	0.072	1	chr10-91803402-91805539	2
0.0448326397294174	0.732217259621418	0.237	0.135	1	chr9-131124457-131126422	2
0.0449444843437329	0.636341596358742	0.257	0.153	1	chr12-16346842-16349675	2
0.0449964945381295	0.642708859353301	0.294	0.189	1	chr7-48088166-48090000	2
0.0449974393073849	1.02562632978858	0.151	0.072	1	chr7-105776722-105778129	2
0.0450542260868529	0.443894220366381	0.478	0.324	1	chr1-52054181-52058879	2
0.0450552597367661	0.81572529225771	0.167	0.081	1	chr10-78926898-78928032	2
0.0450825514179227	0.9123944494249	0.159	0.081	1	chr20-34215551-34216727	2
0.0451292269159524	0.719845583301906	0.241	0.135	1	chr7-103148212-103150127	2
0.0452038418339965	1.04311420126029	0.151	0.072	1	chr1-184805437-184806267	2
0.0452769805627573	0.400362810942719	0.486	0.342	1	chr1-241518364-241520546	2
0.0452968876706375	0.82080042340406	0.155	0.072	1	chr21-35256231-35257831	2
0.0453427471235861	0.526016594812562	0.388	0.261	1	chr6-42928441-42930777	2
0.0453564886085373	1.07019641833776	0.155	0.081	1	chr6-75945995-75948582	2
0.0454142451257078	0.833743166310422	0.196	0.108	1	chr4-139985525-139987697	2
0.0454427525265054	0.522760517696614	0.347	0.207	1	chr1-156122387-156124373	2
0.0455787686649623	0.677760190382347	0.245	0.135	1	chr17-5110873-5112836	2
0.0456046102308948	0.607755886750896	0.306	0.198	1	chr2-200746072-200749138	2
0.0456190419360669	1.05526112386319	0.151	0.072	1	chr1-204363154-204364533	2
0.0456796568973103	0.673313037750328	0.237	0.135	1	chr10-101616045-101617677	2
0.0457342702558772	0.595335019770478	0.322	0.207	1	chr12-6334750-6337464	2
0.0457660866430334	0.791577615849221	0.22	0.126	1	chr3-106024808-106026285	2
0.0457976589040833	0.845686168245185	0.171	0.09	1	chr10-18139888-18142221	2
0.0459171062564206	0.730279175330075	0.241	0.144	1	chr8-81110753-81112682	2
0.0459215943807828	0.423808876569459	0.514	0.351	1	chr1-185315382-185318276	2
0.0459272868159744	0.559584702246721	0.314	0.198	1	chr6-5003100-5004732	2
0.0459823922045919	0.71971995431973	0.208	0.108	1	chr2-96786786-96789505	2
0.0459823922045919	0.847285459680113	0.204	0.117	1	chr6-157556276-157557848	2
0.0459856452376529	0.903583847372451	0.163	0.081	1	chr10-62048816-62049912	2
0.0461239631448646	0.911504695946797	0.155	0.072	1	chr2-118061101-118063285	2
0.0461476386822779	0.648513821184349	0.265	0.162	1	chr13-21296879-21299604	2
0.0461609772854189	0.627433413449742	0.229	0.126	1	chr18-79964088-79966045	2
0.0461943097896894	0.69775253400799	0.237	0.135	1	chr4-105707789-105709645	2
0.0462671291586448	0.569038382687236	0.286	0.171	1	chr5-38612944-38614996	2
0.04641909732065	0.407189746632618	0.449	0.315	1	chr10-102419456-102423604	2
0.0464477346357662	0.599499739640768	0.298	0.189	1	chr1-235159975-235162239	2
0.0464590871376771	1.01183085514756	0.151	0.072	1	chr17-63519503-63521190	2
0.0464850340690804	1.01773354282938	0.167	0.09	1	chr1-115810547-115811964	2
0.046540117304428	0.693150412203509	0.237	0.135	1	chr1-184836396-184839310	2
0.0465583295885789	0.684748079829164	0.294	0.189	1	chr2-168454650-168458309	2
0.046588318533793	0.60475516395594	0.286	0.171	1	chr10-73885966-73889511	2
0.0467891543025129	0.90297572265084	0.171	0.09	1	chr2-113965156-113967605	2
0.0468006494143032	0.941794730496647	0.163	0.081	1	chr1-35574636-35576177	2
0.0468399708033434	0.870548754809358	0.184	0.099	1	chr3-11508509-11510770	2
0.046854459530271	0.671812406035516	0.306	0.207	1	chr1-1398003-1403187	2
0.0471071246814291	0.816063876176113	0.188	0.099	1	chr1-154607111-154609660	2
0.0472218209451727	0.723970167133411	0.229	0.126	1	chr1-230641924-230643921	2
0.0472969148340608	0.692190443986327	0.245	0.144	1	chr17-47948257-47950886	2
0.047307139078755	0.615612157041535	0.265	0.153	1	chr12-94458521-94461100	2
0.0473097731416474	0.848212652814165	0.18	0.09	1	chr6-33425102-33429038	2
0.0474198491933927	0.929107474456344	0.163	0.081	1	chr4-52721593-52722977	2
0.0474198491933927	0.939831431318889	0.163	0.081	1	chr4-146134435-146135574	2
0.0474198491933927	0.957851191895238	0.163	0.081	1	chr6-158780228-158783239	2
0.0476619955434763	0.741341105469899	0.212	0.117	1	chr5-158593079-158595680	2
0.0477495482212596	0.434481376844515	0.457	0.333	1	chr6-152982103-152985124	2
0.0478821742116809	0.638215249439078	0.269	0.162	1	chr8-47260210-47261930	2
0.047981082654659	0.581013783569376	0.269	0.153	1	chr12-124719965-124721379	2
0.0481114728696194	0.444538582386084	0.465	0.333	1	chr1-204492605-204495516	2
0.0481193042645422	0.562813048314631	0.331	0.207	1	chr16-70745480-70749914	2
0.0481819371253547	0.477882566801461	0.429	0.306	1	chr2-197612278-197616157	2
0.0482561518181929	0.878053565914523	0.163	0.081	1	chr17-36948006-36949979	2
0.0482969635097913	0.696581760629832	0.257	0.153	1	chr6-27374310-27376180	2
0.0483030946325251	0.712126352897477	0.229	0.126	1	chr2-202032975-202035159	2
0.0483895289214169	0.670076616171888	0.269	0.162	1	chr11-2990264-2993330	2
0.0484080692443399	0.734518737665216	0.212	0.117	1	chr6-84026317-84028492	2
0.0484784880995252	0.612095035252994	0.253	0.144	1	chr13-94601233-94602812	2
0.0486163312938752	0.938935001031609	0.151	0.072	1	chr10-121245454-121246628	2
0.0486434481661609	0.731596845062593	0.257	0.153	1	chr1-35189746-35194524	2
0.0486789278956995	0.928093814920209	0.163	0.081	1	chr6-36195734-36197900	2
0.0487227486072961	0.927685014130427	0.171	0.09	1	chr5-154272614-154276168	2
0.0487847693154854	0.718242543236012	0.212	0.117	1	chr13-112885342-112886564	2
0.0488366089078539	0.944579576024257	0.151	0.072	1	chr14-104746495-104748289	2
0.0489003312979608	0.587777668309516	0.314	0.207	1	chr4-1208138-1213729	2
0.0490786492662674	0.55117919164846	0.314	0.198	1	chr6-53064380-53069206	2
0.0490942503760823	0.771661440988576	0.176	0.09	1	chr7-73623950-73625014	2
0.0491048096204541	0.787076068456032	0.163	0.081	1	chr3-142856776-142857702	2
0.0492260074477205	0.610857699293135	0.286	0.171	1	chr3-71541195-71543665	2
0.0492712019040254	0.710305754421912	0.249	0.153	1	chr1-1306198-1311315	2
0.0492796782607854	0.893116366654526	0.151	0.072	1	chr5-43017409-43019902	2
0.0493396199086725	0.890412551535997	0.155	0.072	1	chr1-221845187-221846702	2
0.0494657815455667	0.919743401103355	0.159	0.081	1	chr8-69719468-69720227	2
0.0494657815455667	1.00050767808641	0.159	0.081	1	chr12-98736579-98737720	2
0.0495024747209203	0.98737712239773	0.151	0.072	1	chr6-19537908-19539068	2
0.0495024747209203	0.927873413253155	0.151	0.072	1	chr20-41533066-41535329	2
0.0495338138928721	0.92750269839982	0.163	0.081	1	chr21-36499445-36501098	2
0.0496618811690946	0.906865046732822	0.171	0.09	1	chr6-135935531-135937108	2
0.0497167768440611	0.632132474623645	0.302	0.189	1	chr9-112716912-112718742	2
0.0497461386858129	0.763598909747299	0.18	0.09	1	chr7-158739668-158741658	2
0.0498110955179552	0.8391297934263	0.196	0.108	1	chr2-71066953-71069371	2
0.0498648390209612	0.647470672097449	0.241	0.135	1	chr19-24052751-24055085	2
0.0498901242158986	0.578985591850326	0.339	0.225	1	chr5-141635868-141638483	2
0.0500479468905787	0.589840104654858	0.241	0.135	1	chr1-209652527-209654458	2
0.0502741352427282	0.59511611480901	0.339	0.234	1	chr7-139107690-139110155	2
0.0502886210438942	0.580930895672692	0.269	0.162	1	chr7-149237503-149241192	2
0.0502886210438942	0.629209793413398	0.269	0.162	1	chr16-3455778-3460486	2
0.0502920678624184	0.796943921367074	0.188	0.099	1	chr11-1571011-1575125	2
0.0503443922858724	0.66449515648557	0.22	0.126	1	chr1-155037913-155039587	2
0.0504187970915694	0.550473801164247	0.286	0.171	1	chr6-28921920-28924845	2
0.0505286724255406	0.544184303541223	0.298	0.189	1	chr1-32393583-32395865	2
0.0505631698097585	0.652994283428272	0.29	0.18	1	chr16-30774657-30779335	2
0.0506187479511281	0.583464771048511	0.29	0.189	1	chr1-45566439-45570532	2
0.0506756079635547	0.609767345365138	0.282	0.171	1	chr5-7876844-7880443	2
0.0508449865801107	0.516978208409674	0.331	0.207	1	chr10-110501021-110504910	2
0.0508570675945812	0.950561374318676	0.151	0.072	1	chr12-121536500-121539102	2
0.0508623329238906	0.934083099714089	0.167	0.09	1	chr5-65035060-65036197	2
0.0510511528292912	0.656848348090814	0.245	0.144	1	chr6-107027695-107029278	2
0.0510717859254326	0.742976667002182	0.249	0.153	1	chr3-49718716-49721596	2
0.0511111999624498	0.514887253336012	0.286	0.171	1	chr19-40442581-40446733	2
0.0512374037419933	0.60815772050647	0.237	0.135	1	chr1-246502712-246504517	2
0.0513154418721797	0.975373578643397	0.151	0.072	1	chr2-197306111-197307349	2
0.0513578067031508	0.858950292061166	0.155	0.072	1	chr7-112128853-112130597	2
0.0514359339752311	0.595599916973709	0.335	0.225	1	chr3-149085431-149087121	2
0.0514930130225337	0.506791880495904	0.404	0.279	1	chr12-122224738-122226954	2
0.0515459228486579	0.931923050970961	0.151	0.072	1	chr12-70637468-70641566	2
0.0518057618062133	0.623219896964305	0.278	0.171	1	chr6-7389109-7390873	2
0.0519094227683478	0.836800830743963	0.184	0.099	1	chr1-205591410-205592544	2
0.0519478990001546	0.579225662003381	0.29	0.18	1	chr14-36855724-36857629	2
0.0519499116939889	0.818992843830591	0.163	0.081	1	chr1-35450823-35452822	2
0.0519499116939889	0.909356397739156	0.163	0.081	1	chr11-9565588-9566671	2
0.0519499116939889	0.853504903212273	0.163	0.081	1	chr21-32021184-32022834	2
0.0519683156207192	0.713654194069441	0.192	0.099	1	chr3-172039056-172040908	2
0.0519732784394011	0.647368728507506	0.286	0.18	1	chr1-184482751-184485356	2
0.0519878830002983	0.597149606646449	0.286	0.171	1	chr6-31540986-31543089	2
0.0520534499968074	0.634852386480733	0.273	0.171	1	chr1-226986852-226989716	2
0.0521213955346523	0.850830795241508	0.184	0.099	1	chr1-161088580-161090196	2
0.0521717357253664	0.458124405628495	0.331	0.207	1	chr2-32356093-32358613	2
0.0521855884894862	0.509232582422201	0.38	0.252	1	chr5-141848268-141850695	2
0.052224824687835	0.668232603294053	0.257	0.153	1	chr1-202810184-202812961	2
0.0525042354033758	0.640626678260042	0.229	0.135	1	chr1-8258572-8260279	2
0.0525822651270969	0.875976760994584	0.159	0.081	1	chr5-116375556-116376691	2
0.0526151658551654	0.532511483639736	0.282	0.171	1	chr12-6321676-6324148	2
0.0526503752359469	0.525252550784107	0.359	0.234	1	chr8-70666317-70670139	2
0.0527348601740792	0.610313673408646	0.245	0.144	1	chr1-93344804-93347315	2
0.0527602282074737	0.641808651382122	0.237	0.135	1	chr16-46620391-46622038	2
0.053080300019143	0.879411280156353	0.163	0.081	1	chr4-140083231-140086565	2
0.0531101594330348	0.647757333067431	0.265	0.162	1	chr8-53842294-53844116	2
0.0531921478995588	0.802427081485896	0.184	0.099	1	chrX-120468533-120469670	2
0.0533101399509705	0.529310038276982	0.31	0.189	1	chr3-58025318-58027293	2
0.0533526758094006	0.674767440916001	0.204	0.108	1	chr8-47379628-47381708	2
0.0533595255839199	0.686560138012397	0.224	0.126	1	chr10-12631128-12632617	2
0.0533762965544857	0.822035153188733	0.176	0.09	1	chr20-33908091-33910569	2
0.0534167212754885	0.615705668651005	0.282	0.18	1	chr10-93465533-93467037	2
0.0534962926395508	0.805265275364478	0.196	0.108	1	chr6-31157777-31159307	2
0.0534979379516609	0.607522162962821	0.245	0.144	1	chr6-136821876-136823668	2
0.0535022648329836	0.94400609163685	0.159	0.081	1	chr11-2325361-2326384	2
0.053515128063209	0.961401502072013	0.167	0.09	1	chr5-138565698-138568995	2
0.0535384090101609	0.696582725302288	0.237	0.144	1	chr5-77086376-77088514	2
0.053576012954524	0.621697677096228	0.286	0.18	1	chr6-96923719-96925507	2
0.0536193220326672	0.495344395022677	0.331	0.216	1	chr18-32018087-32020295	2
0.0536255640641977	0.853119962215323	0.184	0.099	1	chr2-130850111-130852459	2
0.0536555426846616	0.771679684017915	0.188	0.099	1	chr1-67618218-67619522	2
0.0537047716674212	0.668616451113472	0.212	0.117	1	chr10-48305911-48307768	2
0.0537178645898208	0.439900837652483	0.371	0.243	1	chr1-117928386-117931264	2
0.0537890838106967	0.915324751220077	0.18	0.099	1	chrX-132022489-132024496	2
0.0538211589898008	0.757691199199127	0.176	0.09	1	chr3-141401568-141403350	2
0.0538433755448478	0.821666710326874	0.184	0.099	1	chr4-39538887-39540591	2
0.0538492715210492	0.733785775231578	0.208	0.117	1	chr12-48156628-48158114	2
0.053912778019575	0.660600017047364	0.241	0.144	1	chr9-92654344-92655641	2
0.0540212279659427	0.889885386660307	0.171	0.09	1	chr15-40511078-40513011	2
0.0540877738373836	0.643090926048546	0.269	0.162	1	chr1-225997931-226000199	2
0.0541870194325398	0.528224271833127	0.355	0.225	1	chr18-75207232-75212761	2
0.054267525985543	0.603512696478713	0.318	0.216	1	chr7-149124969-149128424	2
0.0543454319090628	0.760851052044379	0.196	0.108	1	chr18-3455612-3457839	2
0.0543792803415634	0.597849662902161	0.22	0.117	1	chr13-51519554-51521024	2
0.0544356682883062	0.916178138357586	0.159	0.081	1	chr1-111988140-111991890	2
0.0544948389809854	0.535374378967549	0.347	0.234	1	chr5-126599446-126601847	2
0.0545459121425247	0.50739489525665	0.314	0.18	1	chr1-220390781-220392200	2
0.0546031159013092	0.337966137054175	0.604	0.441	1	chr12-121793421-121801998	2
0.0546448054698427	0.712496926637338	0.249	0.153	1	chr8-100149808-100151278	2
0.0546749322895237	0.689774580078446	0.229	0.135	1	chr14-91149131-91150389	2
0.0548511749655846	0.651136990193014	0.257	0.162	1	chr2-10446300-10449533	2
0.054993007879441	0.426381567478773	0.482	0.333	1	chr1-211577268-211580388	2
0.0550587952923777	0.663566456089715	0.269	0.171	1	chr6-42983706-42985570	2
0.0550881158227688	0.986750636727872	0.155	0.081	1	chr1-207796921-207802285	2
0.0550961129714479	0.578593227853435	0.298	0.198	1	chr1-229842910-229846132	2
0.0551446025773216	0.919171670676843	0.159	0.081	1	chr1-965780-968684	2
0.0551743546875754	0.845184622714576	0.176	0.09	1	chr7-143434320-143435516	2
0.0552338097317109	0.533185242958367	0.322	0.207	1	chr5-14683774-14686293	2
0.0552540200959686	0.446297824353377	0.396	0.27	1	chr1-94417038-94419542	2
0.0553154067643291	0.721717829935062	0.233	0.144	1	chr6-35391333-35393031	2
0.0554064911807185	0.937934306349308	0.184	0.108	1	chr21-17440677-17442101	2
0.0554544703409951	0.521263835103137	0.278	0.162	1	chr17-19247421-19249593	2
0.0557216779147662	0.73859355881203	0.216	0.126	1	chr2-227324417-227326526	2
0.0558143926508894	0.488624568070259	0.261	0.153	1	chr17-80277367-80280452	2
0.0558243217649526	0.511761581066337	0.302	0.189	1	chr17-50477924-50480084	2
0.0558612165821513	0.926190812263314	0.159	0.081	1	chr6-7909125-7911429	2
0.055877292026639	0.826486013965843	0.163	0.081	1	chr18-26763618-26766023	2
0.0559480229364918	0.769909383008027	0.208	0.117	1	chr6-27176537-27178906	2
0.056047410325922	0.904017640403941	0.167	0.09	1	chr9-2291689-2293107	2
0.0560592728150761	0.544133968870033	0.327	0.216	1	chr7-106111121-106113182	2
0.0560840139882186	0.668855801442155	0.241	0.144	1	chr14-75126052-75128054	2
0.0560921490989588	0.765143214986329	0.176	0.09	1	chr16-28291439-28293657	2
0.0560948756341827	0.671390782724518	0.229	0.135	1	chr15-41620494-41622395	2
0.056250891987185	0.835655502067605	0.18	0.099	1	chr3-182978930-182981343	2
0.0563551870259546	0.807653123004486	0.163	0.081	1	chr3-59663940-59665422	2
0.0565175847971722	0.750423821598379	0.196	0.108	1	chr2-20212223-20214758	2
0.0565248257767116	0.728173298948594	0.188	0.099	1	chr2-38375678-38378339	2
0.0565520449460469	0.801415256486733	0.171	0.09	1	chr2-169584046-169585765	2
0.0565834428264042	0.645385854455345	0.269	0.171	1	chr1-109238857-109244656	2
0.0565907763709667	0.681051820790612	0.208	0.117	1	chr18-12059281-12060873	2
0.0569674957324365	0.513823264808075	0.31	0.198	1	chr3-15902845-15905525	2
0.0569926424488807	0.902664520417747	0.167	0.09	1	chr12-93173642-93174881	2
0.0570466202654367	0.571667486366631	0.29	0.18	1	chr2-226835006-226838410	2
0.0571107879816825	0.461870050784817	0.437	0.315	1	chr6-139369491-139377258	2
0.0572455391918953	0.492597441602882	0.441	0.324	1	chr1-166838255-166841588	2
0.0572591484243423	0.831419268329078	0.171	0.09	1	chr1-31154294-31156002	2
0.0572591484243423	0.844582509960894	0.171	0.09	1	chr14-66931910-66934303	2
0.0574384076566333	0.3823570054918	0.465	0.324	1	chr1-236522233-236525228	2
0.057453128037329	0.481754268712205	0.38	0.261	1	chr10-102449188-102451955	2
0.0574573299845467	0.741481280959712	0.208	0.117	1	chr5-77281811-77283174	2
0.0575000269455619	0.762164152288564	0.216	0.135	1	chr8-101231592-101234590	2
0.0575635206632198	0.919465262729321	0.159	0.081	1	chr3-57006322-57008425	2
0.0576327762985306	0.769910782288376	0.18	0.099	1	chr12-26877992-26879363	2
0.0576605840730568	0.764748361562776	0.184	0.099	1	chr1-92816632-92818716	2
0.057733300367575	0.695040936317207	0.216	0.126	1	chr6-40648615-40649591	2
0.0577346239028772	0.786356566756258	0.171	0.09	1	chr1-213380826-213382499	2
0.0577482939231356	0.561919587249349	0.331	0.225	1	chr1-215635941-215637792	2
0.0578093284800267	0.731793527353068	0.163	0.081	1	chr14-36682755-36684035	2
0.0578101918303096	0.913518939046619	0.159	0.081	1	chr6-29632185-29633906	2
0.0578493395173745	0.710484399405074	0.151	0.072	1	chr6-111105032-111106227	2
0.0578947274257751	0.737456170798329	0.208	0.117	1	chr1-149899113-149900922	2
0.0580143440143519	0.54263424042477	0.318	0.207	1	chr4-686668-689992	2
0.0580546915938912	0.811030565307865	0.163	0.081	1	chr2-102735860-102737540	2
0.0580577409615588	0.900732419450054	0.159	0.081	1	chr15-31334904-31337218	2
0.0580577409615588	0.906805797649318	0.159	0.081	1	chr17-75693099-75694328	2
0.0581195940886034	0.493262965678489	0.392	0.27	1	chr1-109213360-109216983	2
0.0581643953490933	0.665468886283074	0.216	0.126	1	chr17-22265400-22267653	2
0.0582216040818953	0.431020760736663	0.461	0.351	1	chr17-74756743-74762368	2
0.0583532030811088	0.712682337111411	0.188	0.099	1	chr1-10774048-10777152	2
0.0583532030811088	0.879166587825072	0.184	0.108	1	chr11-48148280-48151155	2
0.0584246669779767	0.513663782884921	0.371	0.261	1	chr1-3856143-3858951	2
0.0584647192728436	0.63133531937953	0.22	0.126	1	chr13-23888292-23890573	2
0.0584660819604069	0.470075745874552	0.376	0.243	1	chr1-183159492-183160691	2
0.0584969521563058	0.541230137796848	0.322	0.207	1	chr12-123061823-123065003	2
0.0585560096981484	0.659961900552423	0.208	0.117	1	chr19-17305170-17306783	2
0.058761522932912	0.752947087289198	0.196	0.108	1	chr17-66951170-66953064	2
0.0587713826095274	0.55789547532813	0.29	0.18	1	chr3-51973257-51975945	2
0.0588056786850517	0.787902995106961	0.159	0.081	1	chr6-28980605-28983261	2
0.0588229285748515	0.620986538208305	0.298	0.189	1	chr1-41360143-41362489	2
0.0590269647231555	0.6405456456022	0.229	0.135	1	chr11-59024621-59026155	2
0.0590323271650629	0.701313918940706	0.212	0.117	1	chrX-49154928-49156809	2
0.0590604480995881	0.73618852829853	0.184	0.099	1	chr1-197914711-197917780	2
0.0591008500158633	0.549696750793385	0.241	0.135	1	chr7-131105370-131108677	2
0.0591168216919474	0.444459349689503	0.429	0.297	1	chr1-201307372-201311253	2
0.059132186491815	0.832656996302774	0.151	0.072	1	chr6-19804060-19805495	2
0.0591953030848613	0.65535102684104	0.257	0.162	1	chr13-99500491-99502487	2
0.0592377774855685	0.677056439604648	0.273	0.171	1	chr14-75068330-75070891	2
0.0592411799945493	0.67031995812979	0.229	0.135	1	chr10-19815232-19817949	2
0.0592805268940818	0.752924034861759	0.18	0.099	1	chr16-27560191-27561427	2
0.0592945225437096	0.792451631896791	0.163	0.081	1	chr10-11830630-11832616	2
0.0592964793788788	0.801458623437109	0.184	0.099	1	chr1-154784530-154785627	2
0.0593227635905035	0.739220790531613	0.2	0.117	1	chr21-34887699-34890484	2
0.0593657882451404	0.873806174939454	0.188	0.108	1	chr10-132395273-132398707	2
0.0595206928818379	0.674172831963176	0.188	0.099	1	chr16-30956657-30958955	2
0.0596831629173647	0.736955849677771	0.2	0.108	1	chr6-3402372-3404150	2
0.0596831629173647	0.605184933182784	0.2	0.108	1	chr22-41020811-41023160	2
0.0596831629173647	0.890052655068538	0.196	0.117	1	chr11-118620699-118623692	2
0.0597248806460726	0.518458247668352	0.278	0.171	1	chr6-4133354-4136886	2
0.0597651492219849	0.364047982587947	0.543	0.396	1	chr1-246930003-246932833	2
0.059789007027098	0.532582161562943	0.298	0.189	1	chr14-92972483-92975107	2
0.0597988544540673	0.933029252701698	0.155	0.081	1	chr5-108377782-108379199	2
0.0598153574044808	0.7433016692052	0.159	0.081	1	chr12-4538047-4539311	2
0.0598644754741998	0.542114886774136	0.335	0.216	1	chr8-1744615-1746762	2
0.0599985780023475	0.80052461353127	0.18	0.099	1	chr12-96906718-96908611	2
0.0600056847689574	0.646303651536885	0.241	0.144	1	chr5-59316707-59318555	2
0.060009362959897	0.525385527203827	0.355	0.243	1	chr19-1166204-1170951	2
0.0600700115287472	0.86542903218895	0.159	0.081	1	chr14-23237579-23238494	2
0.0600700115287472	0.792442729933138	0.159	0.081	1	chr14-102214761-102216409	2
0.0600762083503478	0.724938283030891	0.204	0.117	1	chr6-1678469-1680497	2
0.060118519600059	0.81055049995094	0.192	0.108	1	chr20-843935-845204	2
0.0601430488336217	0.691827390450332	0.196	0.108	1	chr8-101375490-101377193	2
0.0601614894085979	0.810908476470071	0.171	0.09	1	chr1-37513179-37515566	2
0.0602775762203382	0.494143069919068	0.351	0.234	1	chr1-46393893-46397496	2
0.060313603383176	0.950770151490091	0.155	0.081	1	chr13-98300880-98302319	2
0.0603759009532593	0.773553871846085	0.196	0.108	1	chr10-63664394-63665822	2
0.0604314093946571	0.655182028513807	0.241	0.144	1	chr17-59618650-59621387	2
0.0605252384510135	1.00465284301234	0.151	0.081	1	chr6-51478847-51480108	2
0.0605562475975542	0.733772223856766	0.163	0.081	1	chr4-961684-964342	2
0.0605723520911052	0.934199977628178	0.155	0.081	1	chr12-102691711-102692817	2
0.0605956023152793	0.429573056447303	0.461	0.333	1	chr1-117118606-117122803	2
0.0606561324928127	0.903548601727027	0.167	0.09	1	chr1-19484259-19487096	2
0.0607228307598215	0.662203203416532	0.261	0.171	1	chr1-168919940-168921513	2
0.0609990210055094	0.396277573407645	0.412	0.27	1	chr12-131894094-131897430	2
0.0610346023405191	0.703594691963207	0.208	0.117	1	chr2-131091863-131094208	2
0.0610346023405191	0.723767551900257	0.208	0.117	1	chr7-141071064-141073754	2
0.0610606399551702	0.823933862006444	0.192	0.108	1	chr5-108100840-108102308	2
0.0610917347354724	0.80852523230669	0.184	0.099	1	chr9-33923280-33925831	2
0.0610926096614878	0.907153868911327	0.155	0.081	1	chr4-6985019-6988644	2
0.0611983004522435	0.626930868561709	0.229	0.135	1	chr5-17305066-17306884	2
0.0612174662962356	0.622169344949381	0.245	0.144	1	chr20-38108265-38110891	2
0.0613742178158741	0.436017972058714	0.335	0.216	1	chr12-75390492-75391765	2
0.0614508180490392	0.427763765820395	0.433	0.306	1	chr6-166625198-166628967	2
0.0617429552173859	0.702728516467711	0.233	0.135	1	chr7-127583668-127586175	2
0.0619448635540707	0.779166016788754	0.184	0.099	1	chr6-6007882-6009602	2
0.0619448635540707	0.737587868475963	0.184	0.099	1	chr6-143534997-143537968	2
0.0620470754830564	0.700507974966916	0.233	0.144	1	chr6-35341854-35345023	2
0.0620779382285343	0.629653846573947	0.282	0.18	1	chr4-788408-795118	2
0.0621397745407794	0.830197751413299	0.159	0.081	1	chr1-220630917-220631928	2
0.0621442308668194	0.913588786328829	0.155	0.081	1	chr4-152995715-152996889	2
0.0621896311651342	0.689187493876377	0.208	0.117	1	chr6-156449010-156450892	2
0.0621961233216508	0.791213202304718	0.18	0.099	1	chr1-44423331-44424447	2
0.0624094635856419	0.92163969103187	0.155	0.081	1	chr3-133473812-133475788	2
0.0624094635856419	0.933668304968818	0.155	0.081	1	chr19-1939864-1943551	2
0.0625309258146951	0.590758204938135	0.257	0.162	1	chr16-75096197-75100455	2
0.0625977500269882	0.597886573372261	0.241	0.144	1	chr12-8242101-8244891	2
0.0626171020100028	0.576710665079931	0.269	0.171	1	chr12-14255243-14258663	2
0.0626239768883288	0.54773333494229	0.331	0.225	1	chr7-20329186-20331370	2
0.062640007749497	0.71193673964417	0.224	0.135	1	chr11-61971149-61973449	2
0.062688470135774	0.843890235435	0.167	0.09	1	chr10-61760884-61762679	2
0.0626934040233409	0.834660257577087	0.18	0.099	1	chr21-36232335-36233587	2
0.0627464546882123	0.585698483238141	0.278	0.18	1	chr7-116780457-116781816	2
0.0627860949181886	0.570449245593721	0.278	0.171	1	chr7-148986547-148988860	2
0.062786125664474	0.579009741545851	0.278	0.171	1	chr2-191415009-191416698	2
0.0628063323407935	0.787928142157899	0.2	0.117	1	chr1-43540598-43542737	2
0.0629309954717733	0.877864052558858	0.159	0.081	1	chr6-13732914-13734509	2
0.0629464265647807	0.78312028590863	0.167	0.09	1	chr3-56682232-56684665	2
0.0629577973912212	0.567552580521102	0.224	0.126	1	chr9-133147294-133150072	2
0.0630561048795743	0.437298942954467	0.416	0.279	1	chr1-183804136-183806649	2
0.0631939678929904	0.824806195656732	0.18	0.099	1	chrX-322596-326568	2
0.0632107850598292	0.895900359766426	0.155	0.081	1	chr4-4618386-4620286	2
0.0636240209249329	0.549167551731861	0.278	0.171	1	chr6-83067308-83069328	2
0.0636996631237353	0.510481069107214	0.253	0.153	1	chr16-27202897-27204969	2
0.0637177196441277	0.959169447640058	0.163	0.09	1	chr18-42705976-42707482	2
0.0639813870236117	0.890262053509521	0.163	0.09	1	chr1-155017264-155024098	2
0.0639988944786828	0.774032799552596	0.159	0.081	1	chr1-28516974-28519483	2
0.0640383817342832	0.626715596039233	0.257	0.162	1	chr6-27250809-27252470	2
0.0640767126528251	0.740761015026044	0.208	0.126	1	chr13-24160174-24163213	2
0.0642118249776907	0.588054818656156	0.278	0.18	1	chr16-58683915-58685611	2
0.064281901899161	0.501077297518916	0.339	0.225	1	chr19-54461387-54465276	2
0.0643145143919332	0.563468527206391	0.257	0.153	1	chr14-89184467-89187395	2
0.0644339021550025	0.870948140165671	0.188	0.108	1	chr6-158059856-158061519	2
0.0644856433443601	0.680639336825154	0.216	0.126	1	chr19-11639230-11640674	2
0.0645331039253515	0.678887658722709	0.204	0.117	1	chr18-11946240-11947927	2
0.0645341014467762	0.565314273147796	0.257	0.153	1	chr19-6372168-6374182	2
0.0646087273576381	0.571060184173665	0.249	0.153	1	chr13-45464298-45466897	2
0.0646095628171606	0.486693152288409	0.38	0.261	1	chr12-79687827-79693562	2
0.0646123842833404	0.391757371240846	0.51	0.396	1	chr1-146034999-146040713	2
0.0647155123885952	0.800283070743528	0.18	0.099	1	chr5-140340347-140342194	2
0.0647214981218981	0.614670411780405	0.216	0.126	1	chr3-50163603-50168888	2
0.0647736549664078	0.639041208004614	0.22	0.126	1	chr1-201059584-201061683	2
0.0648188017992918	0.54164029925272	0.298	0.189	1	chr1-151830493-151833389	2
0.0648981661621118	0.554508494342043	0.278	0.171	1	chr5-16588019-16590202	2
0.0649109584220666	0.748393266976368	0.196	0.117	1	chr1-12380270-12382017	2
0.0649346709738396	0.797935886725226	0.188	0.108	1	chr1-84478643-84480410	2
0.0649689861858997	0.613923449039181	0.237	0.135	1	chr3-156825617-156827465	2
0.0650177294020434	0.71426938120684	0.204	0.117	1	chr1-52140859-52143235	2
0.0650310668452744	0.766782385363197	0.208	0.126	1	chr2-18824051-18825272	2
0.0650817138066829	0.86868575764086	0.159	0.081	1	chr20-35559587-35562015	2
0.065135280363506	0.466571230139817	0.355	0.225	1	chr1-67645417-67647810	2
0.0651953432538081	0.6700312866144	0.216	0.126	1	chr1-234893826-234895045	2
0.06524503533777	0.594250008947221	0.253	0.153	1	chr1-147540270-147543606	2
0.0652724703839582	0.462626180031608	0.339	0.225	1	chr8-96493111-96495971	2
0.0654003012515699	0.696408061525951	0.224	0.135	1	chr16-72846975-72849691	2
0.0654527380139151	0.751866028329446	0.192	0.108	1	chr10-17229078-17231736	2
0.0655061059862373	0.62167963914795	0.229	0.135	1	chr10-59708914-59710730	2
0.0655358915176826	0.388344044522159	0.473	0.351	1	chr8-94893568-94897376	2
0.0656659095433415	0.859387292893445	0.155	0.081	1	chr20-19934835-19936699	2
0.0657274337579634	0.434583068114485	0.355	0.225	1	chr3-11769644-11771745	2
0.0658157647155868	0.807098737335228	0.192	0.117	1	chr6-35359721-35361187	2
0.0659009167090837	0.6525241772127	0.2	0.108	1	chr1-155244091-155245369	2
0.0659883901997226	0.59557003949301	0.176	0.09	1	chr17-81551263-81554230	2
0.0661796003054705	0.784843423222774	0.159	0.081	1	chr11-47922061-47924877	2
0.0661799318180393	0.589150499323856	0.249	0.153	1	chr3-50225786-50228699	2
0.0662220352375578	0.905410733450397	0.155	0.081	1	chr7-55548868-55550753	2
0.0662297890387879	0.652273869074357	0.184	0.099	1	chr17-30905609-30907380	2
0.0662671601185377	0.769845560364555	0.18	0.099	1	chr21-36245592-36246959	2
0.066284632677358	0.61835096119036	0.237	0.144	1	chr6-41545299-41547764	2
0.0663325160009771	0.780192595158364	0.171	0.09	1	chr3-111070913-111072731	2
0.0663924843591108	0.645775699573051	0.216	0.126	1	chr1-53196091-53198998	2
0.0663951703723326	0.874198889103159	0.163	0.09	1	chr6-109196030-109197507	2
0.0665887646710942	0.525489556647107	0.237	0.135	1	chr11-10899269-10901094	2
0.0667068322147415	0.710636557627187	0.2	0.117	1	chr12-122020974-122024397	2
0.0667177373611212	0.563082089805369	0.282	0.18	1	chr2-97662593-97665051	2
0.066773958535273	0.446409559021117	0.404	0.306	1	chr7-157006971-157012420	2
0.0668364128274858	0.558302270506885	0.31	0.207	1	chr12-12713456-12719210	2
0.0668763839853942	0.676589589400455	0.216	0.126	1	chr4-139213765-139214958	2
0.0669221843147949	0.845688554477597	0.167	0.09	1	chr5-88964362-88965475	2
0.0669919918903386	0.704596442494129	0.208	0.117	1	chr16-29764967-29766219	2
0.067010733419148	0.664057097401828	0.184	0.099	1	chr14-64959829-64961729	2
0.0671944252343717	0.824964171453209	0.167	0.09	1	chr10-104491765-104493836	2
0.0675227310498107	0.672024263226401	0.22	0.126	1	chr1-25239431-25240818	2
0.0675733709039045	0.7755685312379	0.159	0.081	1	chr2-237085045-237086513	2
0.0675733709039045	0.826982108695796	0.159	0.081	1	chr17-38414440-38416094	2
0.0675822756210834	0.523235535358564	0.314	0.207	1	chr1-184386294-184389244	2
0.0676816710893679	0.763018514487121	0.171	0.09	1	chr3-19484555-19486032	2
0.0679545854767604	0.584814289084132	0.265	0.171	1	chr1-12229507-12233014	2
0.0679835701992265	0.655413899882583	0.188	0.099	1	chr6-41779349-41781773	2
0.067988691943292	0.490423370303906	0.322	0.207	1	chr1-119647567-119649197	2
0.0680179452180329	0.66271525452463	0.224	0.135	1	chr8-119976418-119979924	2
0.0680673028726771	0.488370938748141	0.269	0.162	1	chr7-135976534-135978075	2
0.0681160201396934	0.802689927138478	0.18	0.099	1	chr1-93616515-93618149	2
0.0681160201396934	0.803351501608304	0.18	0.099	1	chr6-56954230-56955799	2
0.068304606523127	0.492646272332834	0.318	0.216	1	chr12-31748879-31750133	2
0.0684267116240573	0.589263326050457	0.233	0.135	1	chr20-23360716-23363873	2
0.0684947905721797	0.720968806223542	0.204	0.117	1	chr6-53810692-53812159	2
0.0684947905721797	0.644235612757905	0.204	0.117	1	chr12-110279533-110282631	2
0.0685309823574287	0.546515694164478	0.318	0.207	1	chr1-78237159-78238365	2
0.0686021927411838	0.486328963931972	0.286	0.18	1	chr12-64450107-64453461	2
0.0686792007328696	0.805685599764009	0.176	0.099	1	chr15-90157826-90158790	2
0.0687728223390868	0.82891588693289	0.155	0.081	1	chr9-107504220-107505415	2
0.068991202144415	0.744874209706632	0.159	0.081	1	chr12-15983764-15985360	2
0.069008503696193	0.697939158843604	0.196	0.108	1	chr18-47149361-47151514	2
0.06906116141089	0.811252649682861	0.155	0.081	1	chrX-73943716-73944962	2
0.0692229903282951	0.811250936296446	0.176	0.099	1	chr21-44773172-44774134	2
0.0692505535851936	0.623302025615474	0.208	0.117	1	chr17-81364811-81366642	2
0.0693504928481047	0.859551695389497	0.155	0.081	1	chr2-231364803-231366048	2
0.0693504928481047	0.829747058142363	0.155	0.081	1	chr9-137237733-137238892	2
0.0696790169428352	0.717328594340418	0.257	0.18	1	chr2-120222490-120226009	2
0.0696816178988557	0.631172508915342	0.261	0.162	1	chr1-229058099-229060778	2
0.0697201961054633	0.468887900176051	0.331	0.225	1	chr2-17878078-17880535	2
0.0697613258294704	0.722471237868444	0.2	0.117	1	chr1-151164765-151166994	2
0.0697948701716417	0.526193317943129	0.318	0.216	1	chr1-201504367-201508003	2
0.0698433820442056	0.800921474456529	0.184	0.108	1	chr2-241091331-241095965	2
0.0698896728706541	0.546856445264309	0.249	0.153	1	chr1-115641432-115643519	2
0.0699393298168818	0.331667312727845	0.559	0.405	1	chr2-152715852-152719635	2
0.0699716757710605	0.801877914190825	0.151	0.081	1	chr11-61949156-61950311	2
0.0700385011213123	0.463896575305164	0.335	0.216	1	chr1-44029138-44032990	2
0.0700453012494824	0.806922324609962	0.176	0.099	1	chr14-81302598-81303983	2
0.0701021013176372	0.685063058175442	0.192	0.108	1	chr12-62465803-62467895	2
0.0702480042591399	0.574128725984056	0.2	0.108	1	chr16-25106241-25107678	2
0.0702986484445627	0.834315219702675	0.163	0.09	1	chr7-51647508-51648674	2
0.0703076421463076	0.614563395575736	0.229	0.135	1	chr3-71129585-71134505	2
0.0704739093078681	0.470451660293869	0.331	0.207	1	chr12-55926113-55928666	2
0.0705551061965542	0.600850466221886	0.229	0.135	1	chr10-133257212-133259872	2
0.0706065536821128	0.574821600253437	0.257	0.162	1	chr13-21012827-21015418	2
0.0706190445237568	0.604985057329392	0.22	0.126	1	chr10-91608041-91609624	2
0.0707211437293651	0.660914037111164	0.224	0.135	1	chr7-101856369-101857629	2
0.0707414620341467	0.67720315878276	0.229	0.144	1	chr2-161159112-161161743	2
0.0708603174143188	0.853748638076094	0.151	0.081	1	chr6-116016496-116017982	2
0.0710171379489386	0.681040311996085	0.159	0.081	1	chr14-67819281-67821063	2
0.0710673834681754	0.37982641871558	0.482	0.351	1	chr6-159788284-159791631	2
0.0711074544136051	0.828721735573857	0.155	0.081	1	chr9-109286397-109287671	2
0.0712647378256846	0.727935978331073	0.208	0.126	1	chr13-102772699-102774480	2
0.0713426370643193	0.42059188116952	0.376	0.261	1	chr1-156498160-156502079	2
0.0713840614102552	0.683140559954483	0.18	0.099	1	chr19-58498110-58500180	2
0.0714037990643191	0.834666097031387	0.155	0.081	1	chr1-230713599-230714928	2
0.0716486691470199	0.636790097216924	0.233	0.144	1	chr20-63536240-63539587	2
0.071662102584284	0.714301295442189	0.18	0.099	1	chr17-38584125-38585685	2
0.0716783983422421	0.407904835854978	0.339	0.216	1	chr7-83161773-83163964	2
0.07180316500204	0.594746889296718	0.229	0.135	1	chr3-194332495-194334406	2
0.0719002028009928	0.687464891174273	0.159	0.081	1	chr1-184422202-184423625	2
0.0719148352642188	0.428012963408455	0.367	0.252	1	chr9-127968305-127974381	2
0.0719438775062608	0.510560946588902	0.359	0.252	1	chr12-92928119-92931021	2
0.0720959954982598	0.399162555034346	0.42	0.288	1	chr14-99478117-99482355	2
0.0721012123573193	0.658361996640512	0.212	0.126	1	chr5-78504264-78505863	2
0.0722729726556564	0.592687998062863	0.261	0.162	1	chr4-15653478-15656126	2
0.0722874537536843	0.513546715631693	0.278	0.171	1	chr12-6276838-6280732	2
0.0722874537536843	0.61740101562567	0.273	0.18	1	chr4-16222749-16228811	2
0.0722989110935526	0.84550336309032	0.155	0.081	1	chr20-3080667-3081758	2
0.0723612935994766	0.66847522435933	0.212	0.126	1	chr13-40770400-40771855	2
0.0724692112250092	0.385555733133364	0.473	0.351	1	chr7-98280283-98285547	2
0.0725606425888266	0.61214072320774	0.229	0.135	1	chr9-4932466-4933881	2
0.0727343031501708	0.632552332681458	0.196	0.108	1	chr17-30707695-30710469	2
0.0727922421683644	0.699605575130002	0.159	0.081	1	chr3-168048656-168049979	2
0.0729468009675454	0.303515954742484	0.592	0.45	1	chr1-186374179-186376610	2
0.0729920727611655	0.58233764545826	0.273	0.18	1	chr11-65650390-65654146	2
0.0730327322736794	0.405653245410142	0.482	0.342	1	chr4-152778590-152781560	2
0.0730511143059363	0.407170080620976	0.441	0.306	1	chr1-157135435-157139253	2
0.0731155697474382	0.717581650823832	0.188	0.108	1	chr18-34978167-34979857	2
0.0732433525470823	0.568352560592028	0.294	0.198	1	chr10-61899860-61905075	2
0.0733929057390153	0.746438026881801	0.188	0.108	1	chr1-93613674-93615045	2
0.0734960839734479	0.805308559369107	0.163	0.09	1	chrX-107675773-107677608	2
0.0735209416684959	0.535702184326959	0.249	0.153	1	chr12-55727508-55730404	2
0.073553737893823	0.539259033645549	0.196	0.108	1	chr3-5349265-5351892	2
0.0735967902902546	0.665719353115252	0.171	0.09	1	chr1-1343391-1346537	2
0.0736258215350555	0.700841569663009	0.192	0.108	1	chr7-96793670-96795495	2
0.0736732455769682	0.693137061802425	0.212	0.126	1	chr1-1079250-1080714	2
0.073719354510627	0.559772742878705	0.261	0.162	1	chr1-77758191-77760374	2
0.0737925653500255	0.843624740286355	0.163	0.09	1	chr19-8480401-8481495	2
0.0740063907755572	0.846906326504543	0.167	0.09	1	chr10-67849150-67850377	2
0.074011644030156	0.693167908859792	0.2	0.117	1	chr5-35213377-35214827	2
0.0740381896030152	0.303284734041116	0.616	0.477	1	chr1-220784438-220788357	2
0.0741376595410495	0.929010129701766	0.159	0.09	1	chr12-79532536-79534483	2
0.0742779294748321	0.743491028526475	0.176	0.099	1	chr1-246506247-246507984	2
0.0745449234287689	0.448992194420118	0.396	0.288	1	chr10-3851142-3854736	2
0.0745486880289177	0.69413990058686	0.224	0.135	1	chr3-48715075-48717990	2
0.074603495565419	0.720439009074597	0.159	0.081	1	chr13-19781712-19783532	2
0.0746671437801147	0.595072066420728	0.241	0.144	1	chr15-41659895-41662400	2
0.0747255934031439	0.678316509377887	0.22	0.135	1	chr8-115667870-115669950	2
0.0747367558645723	0.695909037248617	0.212	0.126	1	chr1-230680627-230683409	2
0.0748196137069255	0.255760031145296	0.731	0.595	1	chr8-133447002-133520787	2
0.0748316782182552	0.762684424012473	0.2	0.117	1	chr1-13748517-13750200	2
0.0748577528357404	0.819400040438581	0.176	0.099	1	chr5-125175282-125176929	2
0.0750045837920974	0.6955698409772	0.212	0.126	1	chr3-156816592-156818168	2
0.0750159066783917	0.549345211237508	0.22	0.126	1	chr6-41733696-41736333	2
0.0751304677377042	0.930722559705201	0.151	0.081	1	chr3-52218907-52221239	2
0.0751948077139276	0.820724516527003	0.167	0.09	1	chr19-10870497-10872943	2
0.0752153667308905	0.683535802942312	0.159	0.081	1	chr1-28668000-28670236	2
0.0754259678640236	0.43002991688729	0.347	0.225	1	chr3-37985061-37987982	2
0.0754928338193544	0.872015412396937	0.171	0.099	1	chr12-19438988-19441176	2
0.0755920507932453	0.866773974272608	0.163	0.09	1	chr20-63625852-63629053	2
0.0755974673951972	0.667314937818074	0.224	0.135	1	chr6-143842594-143844329	2
0.0756988763565097	0.545731790226595	0.253	0.162	1	chr8-47523332-47527378	2
0.0757572970270149	0.890229759776882	0.151	0.081	1	chr6-4319460-4321513	2
0.0757727979975537	0.582401048857615	0.249	0.153	1	chr1-117365723-117369145	2
0.0759060055299164	0.600720989564218	0.241	0.153	1	chr3-111858882-111861238	2
0.0759498819785541	0.60981402788305	0.253	0.162	1	chr16-57999346-58001984	2
0.0761116994086642	0.630216526053661	0.184	0.099	1	chr1-77508635-77510417	2
0.0762044127318837	0.673913944935173	0.237	0.153	1	chr22-49950819-49955308	2
0.0762326829268483	0.728095698810464	0.18	0.099	1	chr1-11735430-11738143	2
0.0763154235786068	0.607864231942464	0.22	0.135	1	chr5-142740229-142741382	2
0.0763919289366096	0.658829621703586	0.224	0.135	1	chr16-29943497-29944888	2
0.0766399262886958	0.617838466645133	0.29	0.207	1	chr1-8700525-8704063	2
0.0767055365541413	0.844591759918729	0.151	0.081	1	chr6-43687340-43688385	2
0.0767286855338517	0.447829638508948	0.404	0.288	1	chr1-150233432-150236908	2
0.0767885294948785	0.688903157404985	0.188	0.108	1	chr14-61355565-61356611	2
0.0767915317945879	0.548005663921984	0.249	0.153	1	chr5-151569369-151571698	2
0.0767918558614009	0.331956861434614	0.445	0.306	1	chr1-65419559-65422456	2
0.0768514574574052	0.688382652170079	0.22	0.135	1	chr1-224112958-224115183	2
0.0768518831553865	0.474794826613318	0.363	0.252	1	chr1-23366584-23371121	2
0.0769132714353748	0.802232286222417	0.155	0.081	1	chr2-128316689-128319445	2
0.0770066057514706	0.674111643765887	0.167	0.09	1	chr1-1917912-1920163	2
0.0770593400870396	0.526007709576419	0.302	0.198	1	chr1-62687123-62689257	2
0.0772808259766554	0.828979897273734	0.171	0.099	1	chr12-10100669-10102171	2
0.0772808259766554	0.802865419201553	0.171	0.099	1	chr20-32226404-32228536	2
0.0773363988258882	0.720407263676698	0.2	0.117	1	chr1-37807117-37809502	2
0.0773499254979927	0.250692970535653	0.743	0.604	1	chr1-248837029-248840094	2
0.0774617886560649	0.602388675037543	0.224	0.135	1	chr8-144146703-144149275	2
0.0775060439985123	0.892620000438171	0.159	0.09	1	chr16-53054231-53056290	2
0.0775117816414655	0.741372173686891	0.188	0.108	1	chr6-3912616-3914494	2
0.0776183868586206	0.687535420425267	0.167	0.09	1	chr2-101001588-101003768	2
0.0776183868586206	0.654251753514454	0.167	0.09	1	chr8-126562398-126565070	2
0.0776634299579711	0.87376721095183	0.151	0.081	1	chr7-157136190-157137211	2
0.0779146739378299	0.52220439698261	0.294	0.189	1	chr12-21500803-21502577	2
0.0779484667244595	0.738871992600915	0.188	0.108	1	chr3-194768631-194770094	2
0.0782251127149865	0.59296639061785	0.265	0.171	1	chr6-44236890-44238730	2
0.0783074217121	0.880521153055623	0.151	0.081	1	chr1-24744671-24746917	2
0.0784235134973268	0.478550555609331	0.355	0.243	1	chr1-180157019-180158892	2
0.0785160957131263	0.554183296527668	0.286	0.189	1	chr9-15510132-15511767	2
0.0788262334962057	0.492744342163075	0.282	0.18	1	chr9-35832559-35835916	2
0.0788587571806837	0.539662494985191	0.229	0.135	1	chr6-24774443-24776929	2
0.0788669099531911	0.447151499579626	0.339	0.225	1	chr1-178724532-178728163	2
0.0791226311701013	0.705186702729117	0.188	0.108	1	chr1-230214804-230216187	2
0.0792815529257724	0.784543417238681	0.151	0.081	1	chr14-75736849-75738937	2
0.0793336180311022	0.465599161290393	0.339	0.225	1	chr1-200477233-200478652	2
0.0794102674902314	0.794077163911555	0.171	0.099	1	chr1-107702305-107703937	2
0.0795437823917795	0.589418512757997	0.269	0.171	1	chr6-107956553-107958949	2
0.0801397579907449	0.460882047425504	0.269	0.162	1	chr4-15149378-15150928	2
0.0801628431383574	0.412324020712344	0.388	0.279	1	chr1-113810848-113813163	2
0.0802515745360596	0.508730639903767	0.31	0.216	1	chr6-79536304-79538336	2
0.0802605197748821	0.413433615845362	0.445	0.324	1	chr1-156746491-156753569	2
0.0804109202059801	0.646946906317855	0.22	0.135	1	chr15-43329120-43331259	2
0.0804367190029596	0.503947857979538	0.302	0.189	1	chr1-95233408-95235136	2
0.0804474719133901	0.747139918931837	0.155	0.081	1	chr3-47394021-47395576	2
0.0806105229957165	0.702903918650577	0.188	0.108	1	chr14-102045961-102047061	2
0.0806105229957165	0.711547174547608	0.188	0.108	1	chr14-102472082-102473452	2
0.0806126750610768	0.647806629353169	0.216	0.135	1	chr5-111680505-111681788	2
0.080615843137072	0.364728087805199	0.318	0.198	1	chr5-173313454-173320703	2
0.0808573925499993	0.417130493002259	0.416	0.306	1	chr9-124867743-124873283	2
0.080868344395157	0.486282342107541	0.322	0.207	1	chr17-79991285-79994381	2
0.0809261131572866	0.636609276487637	0.229	0.144	1	chr17-12730418-12731803	2
0.0809269857663397	0.788343951735522	0.151	0.081	1	chr3-27767830-27769259	2
0.0810462001431186	0.563366519434781	0.265	0.171	1	chr7-45977736-45979123	2
0.0810845218946499	0.595796833331183	0.245	0.153	1	chr2-15591078-15592847	2
0.081093600233247	0.660054585100067	0.208	0.126	1	chr2-237730289-237736165	2
0.0812593766852668	0.822995750396408	0.151	0.081	1	chr7-130008644-130009789	2
0.0812931614875807	0.463051385676434	0.343	0.234	1	chr6-111590969-111593529	2
0.081306706877184	0.487122280115878	0.265	0.171	1	chr1-45010149-45013172	2
0.0813680189672095	0.634689632925247	0.2	0.117	1	chr21-46457498-46459398	2
0.081673298586921	0.410435430695746	0.404	0.288	1	chr14-35120651-35123778	2
0.0817052511421737	0.69922458931464	0.196	0.117	1	chr2-173570905-173572772	2
0.0818505279331913	0.791358064497107	0.163	0.09	1	chr2-208929114-208930199	2
0.0818505279331913	0.758203229502082	0.163	0.09	1	chr11-34262581-34264152	2
0.0818624175809559	0.500789345551148	0.392	0.297	1	chr1-156052731-156055764	2
0.0822285328128472	0.725488995979228	0.204	0.126	1	chr16-19715457-19719210	2
0.0824020938391769	0.413531649884853	0.392	0.288	1	chr1-165827087-165830155	2
0.0824736470429	0.393996668611312	0.445	0.342	1	chr10-63627851-63631321	2
0.082498847027938	0.714028772255742	0.163	0.09	1	chr22-46335070-46337188	2
0.08251644381563	0.447151027477335	0.388	0.297	1	chr18-3593313-3597514	2
0.0825216245099743	0.741239684966932	0.204	0.126	1	chr5-106779720-106781076	2
0.082747013410706	0.498493647476016	0.347	0.243	1	chr1-100036964-100039621	2
0.0827688131106249	0.801257190967457	0.151	0.081	1	chr1-32611784-32612906	2
0.0828245082039787	0.78582479349882	0.163	0.09	1	chr19-19617947-19619550	2
0.0828527040647029	0.740015345374034	0.171	0.099	1	chr22-45316827-45319997	2
0.0829379889144205	0.80280143516842	0.151	0.081	1	chr6-16946804-16948189	2
0.0829791093174979	0.498141722113274	0.286	0.18	1	chr5-88140805-88142882	2
0.0830513151719268	0.38090421130951	0.298	0.189	1	chr3-178083943-178087912	2
0.083128554222923	0.710951681892608	0.184	0.108	1	chr16-52561678-52562801	2
0.0831492271674289	0.43546259966156	0.371	0.261	1	chr1-155048460-155053088	2
0.083277791168468	0.426526300820177	0.367	0.243	1	chr12-100266216-100268929	2
0.0833767020509147	0.521924037709607	0.31	0.207	1	chr13-99085798-99088569	2
0.0835024987562236	0.617528201113698	0.196	0.117	1	chr6-11734481-11736113	2
0.0835661468586497	0.604071216489418	0.224	0.135	1	chr1-94757500-94758536	2
0.0836881417108181	0.716698536624403	0.176	0.099	1	chr3-71657788-71658836	2
0.0836881417108181	0.771650116159021	0.176	0.099	1	chr7-157336205-157338582	2
0.0837024706094934	0.702547947501274	0.204	0.126	1	chr7-73741696-73743979	2
0.0839585713154961	0.775542957007284	0.151	0.081	1	chr21-44871913-44874394	2
0.0840487677159495	0.361020791092434	0.482	0.342	1	chr1-77681391-77684466	2
0.0840805170922731	0.485911325932474	0.31	0.216	1	chr1-156114098-156116468	2
0.0843269886212248	0.655825347193871	0.176	0.099	1	chr1-10634543-10636646	2
0.0843398333663282	0.34567252772939	0.539	0.405	1	chr1-156455981-156458551	2
0.08437454578226	0.753778053209468	0.184	0.108	1	chr3-146160079-146162100	2
0.0843892593328438	0.584653418011527	0.269	0.18	1	chr3-66448847-66451273	2
0.0845054492661984	0.434384125517616	0.327	0.216	1	chr3-51387482-51392842	2
0.0845171134155916	0.46300108508045	0.278	0.171	1	chr10-110566492-110568822	2
0.0845529642895923	0.500398078313041	0.306	0.207	1	chr14-75831158-75833364	2
0.0846046334942546	0.650146678968244	0.208	0.126	1	chr20-49185795-49188908	2
0.0846478888461071	0.753701221266353	0.176	0.099	1	chr12-132559332-132562857	2
0.0847634032877162	0.654896784704809	0.192	0.108	1	chr10-42366948-42368414	2
0.0847842211477693	0.843588770544201	0.159	0.09	1	chr16-89581755-89582955	2
0.0848064268187173	0.405113681653929	0.371	0.261	1	chr6-144215347-144217673	2
0.0849140539112382	0.431354797985788	0.343	0.234	1	chr2-178193248-178195814	2
0.0849845315840615	0.438675143017502	0.347	0.234	1	chr10-12194520-12197656	2
0.0849892965608468	0.768990751389661	0.151	0.081	1	chr2-226791165-226792760	2
0.0850593707192613	0.510262352656199	0.237	0.144	1	chr22-46035282-46039795	2
0.08506430548456	0.869809826204209	0.155	0.09	1	chr1-27007766-27010881	2
0.0851600123211282	0.49809742717153	0.343	0.234	1	chr3-58163618-58166298	2
0.0851996830860408	0.587698475877294	0.249	0.162	1	chr1-54405142-54408701	2
0.0854679784059974	0.792717849475379	0.163	0.09	1	chr1-64039246-64040108	2
0.0855070200022189	0.651813916836669	0.216	0.135	1	chr1-220527355-220529649	2
0.0856978298617415	0.611123134554408	0.192	0.108	1	chr1-27141075-27142943	2
0.0857384266928675	0.467299172583011	0.306	0.198	1	chrX-107712270-107718884	2
0.0857384266928675	0.498175225604729	0.302	0.207	1	chr20-56357833-56360901	2
0.0857888161715332	0.379339169839924	0.363	0.243	1	chr3-79017328-79020413	2
0.0860361379768131	0.754948324318708	0.18	0.108	1	chr20-29496631-29498177	2
0.0860862107081449	0.79420433112291	0.171	0.099	1	chr3-61184730-61186927	2
0.0860862107081449	0.790231981721042	0.171	0.099	1	chr10-100345456-100347801	2
0.086156074679487	0.661649185850781	0.188	0.108	1	chr1-175168797-175170196	2
0.086173618268453	0.546671449564221	0.306	0.216	1	chr1-28580215-28582696	2
0.086233878813262	0.423789801501338	0.355	0.243	1	chr1-114754220-114758637	2
0.086304278312315	0.828166371670716	0.159	0.09	1	chr3-111497575-111499019	2
0.0864712248339505	0.537061018321117	0.249	0.153	1	chr12-125633378-125635807	2
0.0864766736255228	0.724340451782247	0.163	0.09	1	chr1-148951316-148952628	2
0.0865292964409332	0.535479719993038	0.282	0.189	1	chr1-235082973-235084570	2
0.0867146006665996	0.558770266891283	0.261	0.162	1	chr3-37689195-37690563	2
0.0867590469225979	0.301015965653798	0.547	0.414	1	chr4-41358070-41364239	2
0.0867908282934318	0.65933022500222	0.188	0.108	1	chr6-154457459-154458606	2
0.0868150340133643	0.754341407188388	0.163	0.09	1	chr12-47895992-47897640	2
0.0868579739471383	0.504461578902613	0.282	0.18	1	chr14-22588770-22590298	2
0.0869520872698304	0.554719058895286	0.269	0.171	1	chr1-67578334-67580485	2
0.0869746471500966	0.337821391273565	0.412	0.288	1	chr1-94782882-94784524	2
0.0869913899846355	0.632378968381231	0.216	0.135	1	chr5-38782769-38783692	2
0.0871646079390735	0.524334170740492	0.184	0.099	1	chr6-26103077-26104749	2
0.0872045460189958	0.65637121349164	0.22	0.144	1	chr1-172975967-172977720	2
0.0872478112782847	0.726563304357627	0.192	0.117	1	chr9-71758052-71759670	2
0.0872739948325087	0.464967415425568	0.339	0.243	1	chr9-72575918-72579740	2
0.0872832512567895	0.467638120759391	0.335	0.216	1	chr1-228404933-228407733	2
0.0874147593618379	0.326318840332944	0.465	0.315	1	chr3-4491897-4494027	2
0.0874341412673309	0.72656662960294	0.151	0.081	1	chr6-166675322-166676573	2
0.0874437368480941	0.381678250369895	0.42	0.324	1	chr3-169771527-169774511	2
0.0874882171245582	0.533478732307782	0.265	0.171	1	chr7-54757731-54760484	2
0.0875763623501935	0.389314421610647	0.343	0.225	1	chr8-142725259-142728887	2
0.0875867109411962	0.569543783154831	0.212	0.126	1	chr6-12331286-12332598	2
0.0879435725037003	0.692117341800832	0.204	0.126	1	chr9-128628128-128629952	2
0.0880121067063141	0.422666349575469	0.4	0.261	1	chr1-220335308-220337986	2
0.0881790062353455	0.312355574610788	0.494	0.36	1	chr1-248825066-248827396	2
0.0881823425380474	0.521609819327481	0.265	0.171	1	chr1-151005871-151009312	2
0.088243388949613	0.702503190606407	0.176	0.099	1	chr10-124104965-124107222	2
0.0882818699497493	0.450437039875091	0.286	0.18	1	chr1-15523680-15527841	2
0.0884991577545287	0.753658287825782	0.151	0.081	1	chr1-119674654-119676624	2
0.088579042287588	0.470894449711374	0.278	0.171	1	chr2-165792985-165795413	2
0.0886099003474898	0.564425916548058	0.265	0.18	1	chr6-30555514-30557971	2
0.0886375932281172	0.647445179006301	0.167	0.09	1	chr8-62529283-62530884	2
0.0887446145356531	0.612865106733674	0.233	0.144	1	chr6-3138826-3140097	2
0.0888677024025047	0.684913527866024	0.163	0.09	1	chr8-108759872-108761141	2
0.0889905022804462	0.624397864613166	0.2	0.117	1	chr14-35807999-35809640	2
0.0890391588509298	0.517171457481205	0.249	0.153	1	chr4-103018611-103020388	2
0.0890607928274264	0.783119465011825	0.159	0.09	1	chr11-47189018-47189987	2
0.0892450630691944	0.680422319627674	0.176	0.099	1	chr1-235103091-235105730	2
0.0894342125334731	0.27833591994033	0.608	0.495	1	chr1-209782958-209788861	2
0.0894762342372162	0.620638703908561	0.208	0.126	1	chr1-212413657-212415359	2
0.0897006434707141	0.429549354424055	0.335	0.225	1	chr1-70220673-70222430	2
0.0899086045460359	0.706199693592558	0.163	0.09	1	chr12-93448424-93449490	2
0.0899354185407063	0.781413304474231	0.151	0.081	1	chr1-154190331-154191293	2
0.0902553531644988	0.573298529235622	0.253	0.162	1	chr8-61053733-61055235	2
0.0902577449155031	0.740913035184349	0.163	0.09	1	chr3-53263832-53265403	2
0.0903497601290761	0.617722160414295	0.188	0.108	1	chr9-99905730-99907755	2
0.0904170815480998	0.563491425540063	0.278	0.189	1	chr9-104810259-104812203	2
0.0904463585762502	0.69821341686482	0.192	0.117	1	chr3-113274481-113276594	2
0.0904654112244052	0.796241758435495	0.159	0.09	1	chr3-50183684-50185230	2
0.0904921234496982	0.554705992761473	0.249	0.153	1	chr2-61469758-61472474	2
0.0905235783119103	0.498751970167429	0.29	0.18	1	chr8-143812936-143817551	2
0.090607975470625	0.695884692517244	0.163	0.09	1	chr20-44965867-44967107	2
0.0906358965409983	0.539966926347118	0.237	0.153	1	chr4-152534465-152537155	2
0.0906414722814697	0.628523809990148	0.224	0.144	1	chr7-152433577-152437424	2
0.0908046844416118	0.575856551018407	0.241	0.153	1	chr19-5620958-5624741	2
0.0908089027279595	0.547609959383326	0.273	0.18	1	chr3-124032149-124034422	2
0.0910441166431532	0.636242255653967	0.208	0.126	1	chr1-36268565-36270262	2
0.0911934632314572	0.554270573215126	0.237	0.144	1	chr12-44948321-44949412	2
0.0912584513315135	0.36602751517211	0.371	0.243	1	chr1-205121178-205123274	2
0.0914071510954372	0.443113479349473	0.359	0.243	1	chr2-24792277-24794311	2
0.0914176110192028	0.545202954542954	0.253	0.162	1	chr1-225819334-225822813	2
0.0914355036346734	0.535245097411149	0.233	0.144	1	chr11-47118610-47119771	2
0.0915477801549987	0.617390068616893	0.2	0.117	1	chr5-154940472-154942007	2
0.0918165160870855	0.719338458592999	0.171	0.099	1	chr1-175022404-175024083	2
0.0918715517860033	0.615979774102921	0.2	0.117	1	chr6-14758127-14759688	2
0.0918715517860033	0.572386615484333	0.2	0.117	1	chr12-2890079-2891917	2
0.091910790791862	0.48822185368259	0.351	0.252	1	chr3-183984449-183987786	2
0.0919468266988176	0.549841116737403	0.233	0.153	1	chr12-80935757-80938033	2
0.0920131006492089	0.407389933893674	0.388	0.27	1	chr1-193121316-193123566	2
0.092113842830911	0.481231253017798	0.261	0.162	1	chr17-81081962-81085937	2
0.0921387963310944	0.538844563400622	0.245	0.153	1	chr2-191357907-191359149	2
0.0921629165093435	0.727406342671318	0.171	0.099	1	chr7-49345896-49347171	2
0.0922223735838657	0.361148792763902	0.388	0.261	1	chr3-197553965-197556500	2
0.0922666201690808	0.491421156682718	0.314	0.198	1	chr13-21603319-21604699	2
0.092453040858866	0.444710144356749	0.31	0.216	1	chr1-153921740-153924275	2
0.0926257412908495	0.488104170660676	0.314	0.216	1	chr12-49108611-49111484	2
0.0926454042020434	0.67239564568539	0.196	0.117	1	chr11-121450919-121453201	2
0.0926850068866399	0.739015604064205	0.196	0.126	1	chr6-43052877-43054348	2
0.0927964376818797	0.838440122819914	0.155	0.09	1	chr1-245156144-245157203	2
0.0928642079609399	0.809596042206308	0.151	0.081	1	chr1-145982995-145983889	2
0.0929585489132458	0.612495176019181	0.233	0.144	1	chr3-52277396-52279483	2
0.0929786738016908	0.659052485358381	0.22	0.144	1	chr2-121735440-121737678	2
0.09310472088589	0.369239196878852	0.449	0.306	1	chr6-156776300-156781006	2
0.0932848480375178	0.452534454213706	0.286	0.18	1	chr9-122904156-122905860	2
0.0935612119162317	0.463787929592818	0.327	0.234	1	chr1-52402837-52405596	2
0.0935734402691055	0.616063019584626	0.233	0.144	1	chr1-56547442-56548719	2
0.0936729897962398	0.658823459814081	0.2	0.126	1	chr18-46096541-46099171	2
0.0938011951186495	0.615786992008273	0.196	0.117	1	chr1-39358004-39360080	2
0.0939973559078775	0.530918980963977	0.282	0.189	1	chr8-128027280-128028881	2
0.0940417399837477	0.425357253541604	0.408	0.297	1	chr16-58514365-58517116	2
0.094172508425825	0.52297995240905	0.286	0.189	1	chr16-31116769-31118717	2
0.0941915901324987	0.509722275083846	0.233	0.144	1	chr3-49015760-49019173	2
0.0945370232542851	0.45732034751063	0.327	0.225	1	chr10-33332136-33337636	2
0.0945456239231246	0.389599528847854	0.412	0.288	1	chr20-33372436-33374819	2
0.0946339060174405	0.65073414334769	0.196	0.117	1	chr10-132444722-132449682	2
0.0947430796417776	0.428619291210572	0.31	0.207	1	chr7-25124341-25126312	2
0.0947442068931807	0.452883768343311	0.29	0.18	1	chr5-80245951-80248074	2
0.0947721132070055	0.352290254117621	0.461	0.324	1	chr19-2039931-2052931	2
0.0948270715982562	0.61064676093823	0.2	0.117	1	chr1-156504336-156505907	2
0.0950433960761411	0.465619687407795	0.294	0.189	1	chr1-83998327-83999917	2
0.0950756693469725	0.463838527040537	0.339	0.243	1	chr11-9362362-9365025	2
0.0950855829942366	0.430586866210615	0.335	0.234	1	chr13-19862023-19864715	2
0.0953252485838069	0.468828224063334	0.351	0.252	1	chr1-201982005-201984162	2
0.0954021349685204	0.723641140703912	0.18	0.108	1	chr6-2998172-3000923	2
0.0955224529195613	0.80937453921594	0.159	0.09	1	chr7-21617118-21618582	2
0.0955803232776886	0.487414125103986	0.347	0.252	1	chr8-98043887-98047089	2
0.0956148235912452	0.535803193272479	0.29	0.198	1	chr18-26744967-26747791	2
0.0956409058867395	0.62572646141582	0.196	0.117	1	chr21-42877762-42880295	2
0.095697211561521	0.505655879271672	0.273	0.18	1	chr7-139690826-139693556	2
0.0962394865119124	0.37499739436826	0.376	0.252	1	chr9-109329022-109332050	2
0.0963169924867675	0.628754565740337	0.196	0.117	1	chr20-31663819-31665348	2
0.0963722018235498	0.495722115197058	0.306	0.207	1	chr12-121753610-121755671	2
0.0964442285209002	0.52551226234779	0.212	0.126	1	chr8-109578523-109581400	2
0.0967661338593591	0.454336268289705	0.314	0.216	1	chr5-127516901-127518846	2
0.0968353797145706	0.515914468485777	0.269	0.171	1	chr17-8225816-8227669	2
0.097015766015763	0.715836305266718	0.151	0.081	1	chr10-6088437-6090666	2
0.097015766015763	0.652331847474418	0.151	0.081	1	chr20-35541404-35542802	2
0.0971010685740595	0.656030956624651	0.163	0.09	1	chr1-23799334-23802099	2
0.0971235984528957	0.651760280071149	0.171	0.099	1	chr1-228721070-228722523	2
0.0972033756031635	0.634701002129374	0.224	0.144	1	chr11-46699902-46701626	2
0.0972792034970894	0.545709523292926	0.229	0.144	1	chr10-29734781-29737351	2
0.0972998586436823	0.325107424682314	0.457	0.315	1	chr1-161044446-161046852	2
0.0973824735433666	0.695194037291446	0.159	0.09	1	chr2-10302151-10304319	2
0.0975124960520552	0.552154726241171	0.241	0.153	1	chr20-3845542-3847901	2
0.0975264232788428	0.411053425653932	0.331	0.225	1	chr1-23554320-23560086	2
0.0978195487392094	0.553842223614927	0.188	0.108	1	chr3-184154732-184157261	2
0.0978370642060569	0.609800687812192	0.233	0.153	1	chr14-20412271-20414135	2
0.0980203369952242	0.424645536298536	0.351	0.252	1	chr3-13110590-13113220	2
0.0981345408850021	0.778229723787899	0.159	0.09	1	chr3-72446004-72447990	2
0.0982185660720944	0.614551175284259	0.163	0.09	1	chr14-68139739-68142017	2
0.0984742446153455	0.595661970927045	0.233	0.153	1	chr16-67240501-67242026	2
0.0985084051548543	0.659160625408734	0.192	0.117	1	chr2-216664756-216667072	2
0.0985123105356105	0.78167225871906	0.159	0.09	1	chr8-406231-407526	2
0.0985452134551402	0.41519103831135	0.265	0.162	1	chr19-21141626-21142707	2
0.0987134579747433	0.628100500001063	0.196	0.117	1	chr10-69385089-69386560	2
0.098891561681767	0.501484547912531	0.269	0.18	1	chr10-29104304-29106785	2
0.098891849543096	0.542697030081559	0.224	0.135	1	chr14-22596883-22599829	2
0.0989398934861422	0.561850547685111	0.22	0.135	1	chr17-38869088-38872185	2
0.0989454815190788	0.418015753992203	0.306	0.207	1	chr1-170531002-170532976	2
0.0990987022360173	0.742957741424336	0.176	0.108	1	chr7-55546592-55547756	2
0.0991585168698967	0.554275283235843	0.261	0.171	1	chr21-31730548-31734156	2
0.0992053584593164	0.691256550272476	0.192	0.117	1	chr3-128878221-128880664	2
0.099296193284661	0.620949756791284	0.212	0.135	1	chr21-37071663-37074639	2
0.0993139371537823	0.69457010354629	0.171	0.099	1	chr7-126936617-126938176	2
0.0993544483305866	0.423347028401067	0.343	0.243	1	chr10-7232988-7234538	2
0.0994710379021333	0.522533450555951	0.257	0.171	1	chr3-128648686-128651439	2
0.0996777802620015	0.43832710402153	0.392	0.306	1	chr1-167720746-167723302	2
0.0997245153917914	0.662862290939962	0.163	0.09	1	chr18-63935993-63936955	2
0.0999238708321001	0.763475018356194	0.167	0.099	1	chr19-35213494-35214729	2
0.100056885061415	0.722571429005442	0.2	0.126	1	chr7-6446739-6448879	2
0.100058362086091	0.369655796578164	0.429	0.306	1	chr18-36827927-36830539	2
0.100084179193447	0.507573970012661	0.261	0.171	1	chr2-37924657-37926063	2
0.100089563003867	0.581355001834623	0.245	0.162	1	chr5-50440211-50442149	2
0.100303453850295	0.624131131752407	0.212	0.135	1	chr5-469804-481236	2
0.100306057415175	0.778490868413722	0.155	0.09	1	chr2-186771309-186772806	2
0.100418608765568	0.709119683273942	0.159	0.09	1	chr19-48332261-48334406	2
0.10042379270446	0.659567882772526	0.171	0.099	1	chr10-3482022-3483218	2
0.100429322603212	0.407848014754874	0.322	0.225	1	chr5-131262741-131266065	2
0.100454185002962	0.558268472747253	0.196	0.117	1	chr1-153945211-153947338	2
0.100521759493571	0.683499487586982	0.151	0.081	1	chr20-36732467-36734814	2
0.100762808103966	0.45063785144863	0.314	0.216	1	chr19-58400061-58402373	2
0.100805249243684	0.645788843490625	0.196	0.117	1	chr6-117919819-117921007	2
0.100866018726354	0.669527936015654	0.163	0.09	1	chr8-48788496-48789424	2
0.100878509488981	0.542246990528366	0.176	0.099	1	chr6-31399211-31401807	2
0.100897868953686	0.375783179029583	0.4	0.279	1	chr7-112938845-112940958	2
0.100961848171586	0.447708409028393	0.335	0.243	1	chr2-233480045-233482844	2
0.101021949765671	0.542725428248165	0.253	0.171	1	chr5-14010941-14012380	2
0.10108293373166	0.792569873944777	0.155	0.09	1	chr19-1907306-1909970	2
0.101245320139144	0.364023717354624	0.343	0.225	1	chr1-61182878-61185870	2
0.101306265913222	0.615191766367057	0.216	0.135	1	chr1-35505337-35507842	2
0.10131442114279	0.681557044517198	0.151	0.081	1	chr20-59031330-59033189	2
0.101318843216999	0.613312759864311	0.212	0.135	1	chr9-23598300-23599858	2
0.101342457365477	0.511621119223091	0.257	0.171	1	chr8-144077298-144080346	2
0.101623936988839	0.640415537244094	0.184	0.108	1	chr1-6204861-6207120	2
0.101642248172097	0.508493844243089	0.261	0.171	1	chr12-112012337-112014830	2
0.101803347523597	0.77046983947549	0.167	0.099	1	chr10-84424453-84425391	2
0.101821183101524	0.475732444949983	0.286	0.18	1	chr11-12723443-12726275	2
0.101918953811398	0.678927214311079	0.171	0.099	1	chr5-147309979-147311163	2
0.102056504317181	0.458482999737261	0.331	0.225	1	chr6-30882475-30887037	2
0.102083710958224	0.40881121249043	0.294	0.189	1	chr1-32963608-32965445	2
0.102162697745476	0.374811209427579	0.429	0.306	1	chr5-10351468-10355667	2
0.102257227235014	0.77554826527782	0.155	0.09	1	chr9-83622489-83624109	2
0.102279097825918	0.473232802784598	0.282	0.189	1	chr9-136543529-136547748	2
0.102354196610829	0.677027442243	0.159	0.09	1	chr9-134134320-134137370	2
0.102529100462964	0.58385144855579	0.233	0.144	1	chr1-197485340-197487486	2
0.102530081200997	0.385998658950042	0.388	0.27	1	chr4-169069580-169071494	2
0.102575258508378	0.629120454356727	0.196	0.117	1	chr6-33716036-33718554	2
0.102586320844342	0.50427188791172	0.261	0.171	1	chr6-6686553-6690143	2
0.102672201516651	0.396497479594573	0.343	0.225	1	chr9-2620185-2623217	2
0.102767541361032	0.39895929196821	0.331	0.243	1	chr16-89559344-89566732	2
0.102771753734035	0.725475818353019	0.176	0.108	1	chr15-80160549-80163761	2
0.102791635504681	0.640322949683331	0.163	0.09	1	chr6-16754195-16755481	2
0.102835782066684	0.394928985445818	0.42	0.297	1	chr2-189783158-189785717	2
0.10294892687706	0.687392643720073	0.18	0.108	1	chr15-84803700-84804968	2
0.103006433909831	0.59105618211275	0.216	0.135	1	chr12-121236936-121239311	2
0.103109212743292	0.643700146628218	0.192	0.117	1	chr20-2872456-2874444	2
0.103136695751607	0.684543799123093	0.159	0.09	1	chr19-1414770-1418543	2
0.103136695751607	0.712798867663018	0.159	0.09	1	chrX-115559776-115562737	2
0.103167519460734	0.422943873469138	0.371	0.261	1	chr8-80083865-80085743	2
0.103437852465732	0.51265012074283	0.2	0.117	1	chr12-115003966-115005216	2
0.103517877188387	0.557612206258228	0.249	0.162	1	chr1-230863079-230864702	2
0.103529725150051	0.744255391727651	0.159	0.09	1	chr16-66740022-66742355	2
0.103570022180738	0.577385964611133	0.163	0.09	1	chr19-1452923-1456619	2
0.103629131740312	0.406013155135868	0.388	0.297	1	chr3-194140965-194142955	2
0.103710860036633	0.733394916641947	0.167	0.099	1	chr11-57277358-57278958	2
0.103779392738749	0.505280757954785	0.273	0.189	1	chr10-73572338-73578529	2
0.103788529156703	0.47554746775313	0.294	0.207	1	chr2-28750103-28753986	2
0.103812763682945	0.669568041379037	0.171	0.099	1	chr8-143382241-143387081	2
0.103923944086523	0.696327407739858	0.159	0.09	1	chrX-73213808-73215407	2
0.104238480765819	0.770946801128898	0.155	0.09	1	chr19-11196667-11198424	2
0.104503879832426	0.448643982262634	0.322	0.225	1	chr16-70379834-70382404	2
0.104533264817238	0.489539950729339	0.257	0.162	1	chr6-96836141-96838162	2
0.104584695382802	0.486883170843159	0.286	0.189	1	chr7-128476168-128477666	2
0.104820278211436	0.623909810666942	0.224	0.144	1	chr3-138347784-138349717	2
0.104923612295397	0.669855024881194	0.192	0.117	1	chrX-48890634-48892330	2
0.105257230360567	0.712365334316349	0.167	0.099	1	chr17-57817773-57818800	2
0.105285828137119	0.433302711951606	0.359	0.243	1	chr7-64562242-64563656	2
0.105632588193698	0.332613658789127	0.473	0.351	1	chr1-160030423-160033133	2
0.105912960107471	0.679212432128777	0.159	0.09	1	chr2-96637404-96638913	2
0.106144066927704	0.443479231185562	0.286	0.189	1	chr19-54200104-54203940	2
0.106172697372985	0.551663139667916	0.237	0.153	1	chr3-46970141-46971508	2
0.106250105454583	0.771356117342049	0.155	0.09	1	chr18-7104369-7105366	2
0.106314363211935	0.655296038758532	0.159	0.09	1	chr1-202134445-202135997	2
0.106364083199147	0.605329335770165	0.241	0.162	1	chr7-97971141-97972992	2
0.106510953944459	0.623061690969707	0.171	0.099	1	chr9-137549691-137552964	2
0.106599072297388	0.342071648253975	0.473	0.36	1	chr12-54278966-54282061	2
0.106705791897809	0.724934198309696	0.18	0.108	1	chr16-29973218-29975012	2
0.106821842387597	0.696560482122553	0.167	0.099	1	chr4-107862431-107863298	2
0.106826611990013	0.559282765494588	0.216	0.135	1	chr19-39390137-39392199	2
0.107087378701391	0.714182766859759	0.18	0.108	1	chr13-27170493-27172883	2
0.107094378490743	0.520321236296397	0.29	0.207	1	chr1-109618741-109621745	2
0.107146698992582	0.622531320039659	0.2	0.126	1	chr8-80872990-80875254	2
0.107199683272366	0.53438601883592	0.184	0.108	1	chr7-131284328-131285873	2
0.107273537778407	0.437925308832411	0.302	0.207	1	chr1-224929135-224930877	2
0.107645099769704	0.375044385845236	0.327	0.216	1	chr4-73257072-73260967	2
0.107881464992962	0.746390128539201	0.155	0.09	1	chr17-19866653-19868272	2
0.107926811279403	0.480129754727455	0.229	0.135	1	chr7-106216322-106217872	2
0.107932049594063	0.649741813262507	0.159	0.09	1	chr3-27138147-27139908	2
0.108243685734168	0.630144233596518	0.2	0.126	1	chr13-25301058-25303204	2
0.108270282688536	0.520491331823151	0.245	0.162	1	chr7-2860142-2861424	2
0.108343389769459	0.532966845151393	0.184	0.108	1	chr3-133804932-133806832	2
0.108343389769459	0.572496127556857	0.184	0.108	1	chrX-152895311-152896365	2
0.108576312097978	0.373340728172167	0.269	0.171	1	chr1-30823303-30825077	2
0.108628388576216	0.578880062131868	0.192	0.117	1	chr6-33317345-33318882	2
0.108704548309926	0.819907675409103	0.155	0.09	1	chr17-17235141-17238090	2
0.108704548309926	0.772162218428157	0.155	0.09	1	chr21-39387314-39389187	2
0.108744330344569	0.622253942783713	0.163	0.09	1	chr11-46541676-46542874	2
0.108748168299247	0.697821778268876	0.159	0.09	1	chr6-135851079-135852314	2
0.108820800139258	0.429352197745445	0.351	0.252	1	chr4-140755067-140757610	2
0.108872982692086	0.67290997932179	0.176	0.108	1	chr3-70981523-70984644	2
0.108910539117827	0.422183084771525	0.412	0.297	1	chr1-67830905-67834018	2
0.10896368584099	0.525646262062909	0.269	0.18	1	chr13-110506704-110508579	2
0.108969208300527	0.349249371525115	0.363	0.252	1	chr8-53734066-53736126	2
0.109039400865609	0.318614306217412	0.457	0.333	1	chr1-84689253-84691865	2
0.109111210433352	0.59561009796524	0.184	0.108	1	chr6-87700422-87703033	2
0.109117948836899	0.697120013331203	0.155	0.09	1	chr9-136539300-136540469	2
0.109158054302241	0.671183132677024	0.159	0.09	1	chr20-364852-367505	2
0.109225468899708	0.311415856925849	0.588	0.477	1	chr4-101344614-101350629	2
0.109315604201955	0.571664808123865	0.216	0.135	1	chr6-134014581-134018214	2
0.109377941517448	0.606552437774998	0.212	0.135	1	chr11-61832171-61835363	2
0.10941433894869	0.401670152209087	0.351	0.252	1	chr8-132897915-132899936	2
0.109496731160425	0.645516714741326	0.184	0.108	1	chr14-100058995-100060060	2
0.109580634694085	0.592666992740207	0.188	0.117	1	chr16-53093802-53094895	2
0.109883327923383	0.622648634151095	0.184	0.108	1	chr12-130837818-130839923	2
0.109935501179063	0.496618645193856	0.237	0.153	1	chr8-140999741-141002665	2
0.109984090614614	0.466647492650189	0.265	0.171	1	chr16-4424581-4427181	2
0.110179121743639	0.63936722973587	0.18	0.108	1	chr1-52697245-52699079	2
0.11028079571533	0.5844734263111	0.196	0.117	1	chr2-202112896-202114423	2
0.110310346920311	0.545574728621857	0.245	0.162	1	chr8-82129418-82130802	2
0.110384570969709	0.459724218554496	0.233	0.144	1	chr10-125406773-125407990	2
0.11040959988954	0.689082860085675	0.167	0.099	1	chr5-43997451-43998635	2
0.110659756865784	0.579815789124284	0.184	0.108	1	chr17-4789335-4790937	2
0.110672037922307	0.413059193971941	0.347	0.234	1	chr6-136249300-136252428	2
0.110754908372367	0.506327130569638	0.229	0.144	1	chr5-115261439-115263513	2
0.110933023787621	0.329660534521256	0.4	0.279	1	chr1-46300398-46305837	2
0.111043729104536	0.476432540066269	0.29	0.189	1	chr5-68214551-68217389	2
0.111105784790424	0.521450006749969	0.224	0.144	1	chr7-65037576-65040241	2
0.111131187008083	0.707482814649582	0.151	0.09	1	chr16-66549191-66550730	2
0.111356546195468	0.609954914477538	0.18	0.108	1	chr8-144476495-144480211	2
0.111417977350868	0.564889574803794	0.196	0.117	1	chr1-9554947-9556426	2
0.111699920521295	0.486937554791768	0.253	0.162	1	chr17-57356723-57358595	2
0.111832516190132	0.561278172268027	0.184	0.108	1	chr1-44631239-44633152	2
0.111858103281342	0.595044137677893	0.192	0.117	1	chr6-36751779-36753983	2
0.111910939384969	0.443714628753654	0.286	0.189	1	chr6-131649545-131653399	2
0.111960317088615	0.466229839971968	0.314	0.216	1	chr8-140633377-140638005	2
0.112073900962713	0.546635389066995	0.171	0.099	1	chr2-127083024-127085679	2
0.11215847005105	0.573431971344961	0.22	0.144	1	chr2-62293264-62294398	2
0.112218879494035	0.409403673082408	0.367	0.261	1	chr1-225809544-225814050	2
0.112342188463251	0.539719102637224	0.2	0.126	1	chr18-23684128-23685711	2
0.112755233605408	0.454258392580334	0.261	0.171	1	chr1-43973910-43976134	2
0.112755233605408	0.473569330534718	0.261	0.171	1	chr1-91884529-91886975	2
0.112889306068836	0.482301554841238	0.294	0.207	1	chr7-148698060-148701118	2
0.112968898393176	0.489544313622345	0.273	0.18	1	chr4-81471009-81472835	2
0.113014999548636	0.526364718873004	0.184	0.108	1	chr14-75449530-75451871	2
0.11316809996528	0.546207545591523	0.241	0.153	1	chr19-33373052-33374920	2
0.113203471557078	0.455417228702189	0.322	0.225	1	chr2-120551395-120553667	2
0.113340962659544	0.607578211584016	0.18	0.108	1	chr3-87733408-87734594	2
0.113375766174946	0.435154500892657	0.347	0.252	1	chr1-109088886-109092185	2
0.113423332236508	0.521283968182781	0.253	0.162	1	chr1-31936887-31938993	2
0.113438863216713	0.533028813645341	0.298	0.216	1	chr3-67653492-67655582	2
0.113516585717615	0.4738291006759	0.363	0.261	1	chr4-68864178-68866456	2
0.113613735258869	0.56282461071693	0.22	0.144	1	chr1-145998098-146000324	2
0.113678018017734	0.687557800455477	0.167	0.099	1	chr2-101244131-101245859	2
0.113697449261289	0.85030304175644	0.151	0.09	1	chr7-69653916-69655630	2
0.113854149285952	0.446049547930544	0.257	0.171	1	chr6-157322757-157324407	2
0.113988060431547	0.572631411679488	0.192	0.117	1	chr3-157498856-157500594	2
0.114064662784735	0.558200120694765	0.233	0.153	1	chr1-226185198-226187346	2
0.114072908843447	0.440557917883992	0.29	0.198	1	chr2-96887514-96889223	2
0.114159740180548	0.521301294911018	0.237	0.153	1	chr14-24309755-24312302	2
0.114228494070527	0.431373230727869	0.298	0.207	1	chr6-26054131-26057196	2
0.1142451465612	0.588329427284563	0.2	0.126	1	chr18-70421817-70424598	2
0.114301232865661	0.403488841719308	0.282	0.18	1	chr9-137216680-137219476	2
0.114443447916624	0.621501645838398	0.176	0.108	1	chr4-6052405-6054508	2
0.114495727777229	0.576276002033762	0.196	0.117	1	chr11-64923728-64925400	2
0.114506913841642	0.735534038000624	0.167	0.099	1	chr2-85523046-85525438	2
0.114507496334857	0.367750577018181	0.359	0.243	1	chr1-117570641-117572818	2
0.114520141190222	0.412392946524182	0.298	0.198	1	chr12-46267380-46269655	2
0.114636921777873	0.416101650992139	0.278	0.189	1	chr5-168314433-168317649	2
0.114654056150243	0.415607226246969	0.278	0.18	1	chr12-22624428-22626382	2
0.114770439974678	0.5989681241823	0.192	0.117	1	chr20-767943-769270	2
0.114849768018553	0.659406739873535	0.176	0.108	1	chr6-13813317-13815452	2
0.114862099207886	0.72376408987863	0.163	0.099	1	chr6-79630623-79632255	2
0.11497552524467	0.41686844058609	0.359	0.261	1	chr19-56140158-56143557	2
0.114990359359372	0.366005722720482	0.408	0.288	1	chr8-128427563-128430444	2
0.114997965292055	0.754202577816906	0.151	0.09	1	chr1-217028711-217030385	2
0.115015349296815	0.649655306608637	0.188	0.117	1	chr14-104863949-104866909	2
0.11521702039598	0.459522847068924	0.31	0.207	1	chr17-59365606-59368597	2
0.115239629626629	0.585227977654692	0.159	0.09	1	chr21-30226577-30228723	2
0.115340558738049	0.669505258790246	0.167	0.099	1	chr16-52564644-52565771	2
0.115531519567457	0.7032844340534	0.171	0.108	1	chr2-56183481-56186039	2
0.115769430834604	0.572696698064561	0.171	0.099	1	chr1-3453017-3455362	2
0.115769430834604	0.597734835774085	0.171	0.099	1	chr10-72315200-72316358	2
0.115871457255248	0.785669151431529	0.151	0.09	1	chr3-43297988-43299088	2
0.115899120275536	0.484971111069249	0.245	0.162	1	chr14-22955502-22957707	2
0.115899120275536	0.572237504320618	0.245	0.162	1	chr17-31486648-31490572	2
0.11611353687328	0.367455001782839	0.367	0.252	1	chr1-161611319-161613436	2
0.116127830483937	0.774276024092236	0.163	0.099	1	chr13-21458277-21459932	2
0.116316864106736	0.390362779754579	0.363	0.27	1	chr5-179817925-179834397	2
0.11633698746378	0.377514584746324	0.331	0.225	1	chr4-183442896-183445789	2
0.116347869252285	0.549821438373895	0.192	0.117	1	chr11-63680829-63683510	2
0.116380446862268	0.489157730111318	0.241	0.153	1	chr1-204213427-204214862	2
0.116444789881403	0.471859219132291	0.314	0.216	1	chr1-203304704-203307391	2
0.116635881911373	0.492554777536081	0.318	0.225	1	chr10-31927056-31930472	2
0.116772559094506	0.775344854222106	0.171	0.108	1	chr1-156692135-156694976	2
0.116773784590108	0.716904884252419	0.155	0.09	1	chr5-16271747-16272778	2
0.116773784590108	0.701473191956292	0.155	0.09	1	chr11-134466662-134470066	2
0.116983008148395	0.64509300286233	0.18	0.108	1	chr2-27705840-27707060	2
0.117022277386389	0.595871946866007	0.171	0.099	1	chr14-67940172-67942628	2
0.117197877099461	0.347724347174046	0.339	0.234	1	chr1-213050636-213052840	2
0.117342439507679	0.643541368773114	0.2	0.126	1	chr16-21597722-21600924	2
0.117393289223893	0.633795352212912	0.18	0.108	1	chr16-14564063-14566996	2
0.11740846436798	0.67658142787994	0.188	0.117	1	chr10-72327790-72329129	2
0.117475041535763	0.461661320596459	0.282	0.189	1	chr5-65925037-65928629	2
0.117673510953609	0.595220295353978	0.216	0.144	1	chr10-17642986-17645062	2
0.117863512224135	0.575345181918297	0.171	0.099	1	chr9-121074225-121075850	2
0.117870149931848	0.60608244292763	0.167	0.099	1	chr9-136949401-136951492	2
0.118026745840363	0.614220998534477	0.208	0.135	1	chr5-103561458-103563464	2
0.11807800605722	0.756666321597962	0.151	0.09	1	chr5-103497503-103498702	2
0.118089814725677	0.667756583011339	0.155	0.09	1	chr2-163734977-163736912	2
0.118295948749667	0.644671146125104	0.167	0.099	1	chr3-5144194-5145722	2
0.118713258052835	0.395117367808425	0.327	0.225	1	chr2-112643943-112647103	2
0.11874589156746	0.581051372272803	0.192	0.117	1	chr2-241123407-241124616	2
0.118800176228566	0.584637987621153	0.208	0.135	1	chr12-43835173-43837139	2
0.118832411564274	0.446492480686817	0.367	0.27	1	chr4-40628786-40631468	2
0.11891577731252	0.572310504830033	0.2	0.126	1	chr18-72865287-72869173	2
0.118969801373077	0.736378913981287	0.151	0.09	1	chr7-132471321-132473213	2
0.118990764523514	0.313705500642406	0.465	0.342	1	chr1-54051780-54054758	2
0.119017268553315	0.42184681164896	0.359	0.261	1	chr21-14382409-14384187	2
0.119025468349633	0.593139507612152	0.188	0.117	1	chr3-121071171-121077222	2
0.119079292189937	0.483389556007881	0.253	0.162	1	chr2-46955023-46957726	2
0.119079292189937	0.415426790766489	0.253	0.162	1	chr7-100433889-100437122	2
0.119103817275773	0.517782523927976	0.204	0.126	1	chr1-7782997-7784856	2
0.119151164758862	0.646593194978463	0.167	0.099	1	chr6-138817596-138818701	2
0.119151164758862	0.679487913075824	0.167	0.099	1	chr17-78973945-78976135	2
0.119187922612198	0.52227470716791	0.224	0.144	1	chr3-194315038-194316327	2
0.119334450840506	0.575722852670724	0.224	0.153	1	chr16-81580666-81582230	2
0.119497659583422	0.569286053920312	0.204	0.126	1	chr16-67028251-67030341	2
0.119642113522243	0.418287902294604	0.327	0.216	1	chr4-25299264-25300906	2
0.119840489764661	0.57575710669068	0.188	0.117	1	chr20-38604394-38605597	2
0.120011218654523	0.703551986973976	0.167	0.099	1	chr9-33390744-33392225	2
0.120051966117766	0.362122584442693	0.343	0.243	1	chr1-41498356-41501333	2
0.120223781251948	0.386632962266961	0.331	0.225	1	chr10-5684002-5686325	2
0.120309019974388	0.726032595509325	0.155	0.09	1	chr13-51590790-51591854	2
0.120324856002844	0.551323197193684	0.224	0.144	1	chr6-31651525-31653617	2
0.120327177200837	0.465191104507619	0.282	0.198	1	chr16-88808843-88813198	2
0.120344281978981	0.506588873169364	0.294	0.198	1	chr6-37257165-37258484	2
0.120454560475193	0.669618638228601	0.188	0.117	1	chr17-56867634-56869085	2
0.120492506378759	0.454355739434074	0.2	0.117	1	chr1-11011744-11013657	2
0.120728523064195	0.620809754801254	0.216	0.144	1	chr16-591768-594289	2
0.120876126470941	0.62377187692759	0.167	0.099	1	chr20-47317436-47320420	2
0.120884091950086	0.673017965920648	0.2	0.135	1	chr6-39923119-39925035	2
0.121069828560313	0.414765879565313	0.302	0.198	1	chr17-29176134-29181105	2
0.121256399662488	0.399517712121837	0.253	0.162	1	chr1-28437280-28438658	2
0.121310405600036	0.64273815174919	0.167	0.099	1	chr9-128946653-128948953	2
0.121450583767928	0.391867124542439	0.282	0.189	1	chr8-144136325-144138902	2
0.121558476151641	0.586674135067719	0.18	0.108	1	chr1-223732427-223734983	2
0.121558476151641	0.616877072081419	0.18	0.108	1	chr9-114980750-114982050	2
0.121708070658049	0.48013666257618	0.245	0.162	1	chr3-161220546-161222108	2
0.121918290767763	0.344142320672919	0.437	0.342	1	chr8-100719422-100723582	2
0.121918537118248	0.448137971230826	0.302	0.207	1	chr5-36300188-36303044	2
0.12193369387058	0.639375662591788	0.208	0.135	1	chr9-137126888-137130663	2
0.122179599253267	0.53665704702446	0.229	0.144	1	chrY-12660856-12664160	2
0.122602923628726	0.384633871537329	0.367	0.261	1	chr4-76896728-76899625	2
0.12262323236047	0.331385935572949	0.49	0.36	1	chr17-1713704-1718832	2
0.122681247605459	0.417160723671586	0.282	0.189	1	chr7-66739798-66741941	2
0.122727525092275	0.586703171162545	0.188	0.117	1	chr1-27830050-27831967	2
0.12277329688019	0.364857323847824	0.433	0.333	1	chr9-5626752-5630765	2
0.12308830732279	0.52640301932876	0.204	0.126	1	chr6-39114178-39115734	2
0.123203289973338	0.392615680550866	0.351	0.243	1	chr1-217629158-217632126	2
0.123242720524581	0.495023125760464	0.192	0.117	1	chr3-66481507-66483949	2
0.123304714575534	0.442953931571867	0.298	0.207	1	chr14-92724154-92726951	2
0.123537717009616	0.605001218601573	0.196	0.126	1	chr10-131960656-131964646	2
0.123809700576542	0.408349066832462	0.322	0.225	1	chr1-228081119-228086087	2
0.123927500265597	0.697225008218871	0.155	0.09	1	chr2-98306899-98308619	2
0.123934869181429	0.500538634247853	0.253	0.171	1	chr6-10403261-10405767	2
0.124384616314907	0.574166959152405	0.167	0.099	1	chr22-10960790-10962136	2
0.124442655444027	0.368615558636624	0.388	0.279	1	chr4-10005358-10008991	2
0.124553404478085	0.275652121572027	0.494	0.351	1	chr12-120193318-120202517	2
0.124696686605196	0.520490603134199	0.245	0.162	1	chrX-10082554-10084453	2
0.124845259907044	0.658492391599021	0.155	0.09	1	chr2-84472136-84474948	2
0.124945992592009	0.643039810310175	0.176	0.108	1	chr3-56782229-56784537	2
0.124957686793899	0.479841703355454	0.224	0.144	1	chr1-110003533-110008004	2
0.124962182402723	0.529403315246616	0.196	0.117	1	chr9-122365827-122367015	2
0.124973112759947	0.619145714235155	0.18	0.108	1	chr1-8525172-8526604	2
0.125252233324936	0.488134502159053	0.286	0.189	1	chr1-175191313-175193610	2
0.125379162083537	0.515236384325281	0.196	0.117	1	chr14-44449055-44450538	2
0.125401740712055	0.570705636499317	0.22	0.144	1	chr5-69233957-69235935	2
0.125597309245477	0.392015973903193	0.347	0.261	1	chr1-171484718-171487120	2
0.125637622919523	0.401302333141452	0.306	0.216	1	chr12-88034846-88037060	2
0.125720596235075	0.648983517545635	0.167	0.099	1	chr11-64245044-64247830	2
0.125768310497995	0.719415646226325	0.155	0.09	1	chr9-116364748-116365844	2
0.125771543334565	0.329240956656529	0.384	0.279	1	chr2-218395591-218401730	2
0.125975868831167	0.665736281510991	0.184	0.117	1	chr15-70762181-70764404	2
0.12616839884883	0.619717999000762	0.167	0.099	1	chr4-65998575-65999906	2
0.126272713907556	0.613701423518455	0.18	0.108	1	chr21-36989455-36990786	2
0.126307479055679	0.377547393568042	0.392	0.279	1	chr12-123382866-123385403	2
0.126415895553163	0.36023399996759	0.347	0.243	1	chr1-108961849-108964139	2
0.126448396948038	0.315014829786829	0.518	0.423	1	chr22-46040296-46065534	2
0.126579903858806	0.314895926392409	0.429	0.315	1	chr5-157730939-157732325	2
0.126652003000982	0.689352360345422	0.163	0.099	1	chr18-49813437-49814675	2
0.126658110403533	0.496947611472917	0.261	0.171	1	chr12-123387511-123391072	2
0.126876675376828	0.436009878634326	0.208	0.126	1	chr11-62508046-62509045	2
0.127019939297402	0.504074563357373	0.192	0.117	1	chr1-235630112-235631395	2
0.127031218485045	0.5644777136217	0.2	0.126	1	chr2-65429823-65433265	2
0.127373703201017	0.27942732109544	0.535	0.396	1	chr1-244450360-244452896	2
0.127434073863859	0.374599479651232	0.363	0.252	1	chr19-38834893-38839694	2
0.127556793612753	0.770657580583492	0.159	0.099	1	chr1-107528833-107530966	2
0.127802797053678	0.535430542287014	0.188	0.117	1	chr3-30517851-30519308	2
0.127963604896232	0.479256018318464	0.233	0.153	1	chr15-48329974-48332570	2
0.127972041642293	0.623788081185104	0.167	0.099	1	chr1-167898824-167900074	2
0.127980771099881	0.344614247250872	0.408	0.297	1	chr16-56930914-56935881	2
0.128018142831804	0.627980163850383	0.163	0.099	1	chr21-16585963-16589560	2
0.128021857804949	0.554105886035897	0.18	0.108	1	chr7-149144140-149145983	2
0.128180646122847	0.71937510360774	0.151	0.09	1	chr10-6198901-6199824	2
0.128232574381772	0.532307631390883	0.212	0.135	1	chr1-162497337-162498855	2
0.128232574381772	0.552429568440088	0.212	0.135	1	chr6-135269432-135271737	2
0.128383268044583	0.457631784596945	0.237	0.153	1	chr11-118263090-118265065	2
0.128476060233895	0.604744245826285	0.163	0.099	1	chr3-179070834-179072476	2
0.12852268515951	0.512593148058618	0.224	0.144	1	chr7-127843274-127846369	2
0.128664262433864	0.572529490248903	0.188	0.117	1	chr9-2297937-2299978	2
0.128860662045813	0.409911470150444	0.306	0.207	1	chr20-32203507-32208885	2
0.12891222780725	0.30150340941357	0.437	0.306	1	chr7-66994433-66997507	2
0.128959383267152	0.414872763877419	0.322	0.225	1	chr6-99513912-99516531	2
0.129098160298813	0.516554245522488	0.229	0.153	1	chr3-180988715-180990468	2
0.12913141690494	0.74015206772663	0.151	0.09	1	chr8-1946029-1947599	2
0.129231028724617	0.393439989449526	0.286	0.189	1	chr20-53863656-53868155	2
0.129315498628285	0.6584855904602	0.171	0.108	1	chr2-237858227-237862805	2
0.129337882576769	0.57067776868291	0.167	0.099	1	chr3-119574639-119576210	2
0.129485532494841	0.339649244526746	0.371	0.27	1	chr1-201695014-201697615	2
0.129530355394546	0.583738084891566	0.188	0.117	1	chr1-166489457-166490681	2
0.129803758433655	0.362674625286776	0.412	0.315	1	chr1-148333547-148335654	2
0.129987981137668	0.646640525664506	0.155	0.09	1	chr2-113817897-113819087	2
0.130064107607105	0.441842322359237	0.245	0.162	1	chr17-14300397-14303131	2
0.130087656761737	0.734754611526926	0.151	0.09	1	chr6-149845173-149848156	2
0.130144365929879	0.501330522642256	0.171	0.099	1	chr17-82697943-82699529	2
0.130207137768741	0.518020675590889	0.265	0.189	1	chr13-27423884-27426780	2
0.130220279086116	0.457722060898388	0.302	0.225	1	chr12-56686375-56689528	2
0.130320470533526	0.622682349552191	0.163	0.099	1	chr4-41442429-41444229	2
0.13034995025194	0.484246921175552	0.253	0.171	1	chr7-91565262-91566779	2
0.130466784230968	0.596056924844248	0.208	0.135	1	chr20-25176673-25179607	2
0.13056142314566	0.478274342296438	0.278	0.189	1	chr16-46972185-46974732	2
0.130567833132905	0.717928935528647	0.151	0.09	1	chr2-241734071-241735900	2
0.130668037302674	0.308524348157675	0.486	0.36	1	chr5-178203714-178216561	2
0.130715018232991	0.606801107230263	0.167	0.099	1	chr1-77446930-77448542	2
0.130940443042656	0.608497477415023	0.155	0.09	1	chr17-21256647-21257563	2
0.131091272072681	0.59177104604023	0.196	0.126	1	chr2-169823962-169825418	2
0.131184290338402	0.492188795028815	0.265	0.18	1	chr9-137024494-137029930	2
0.13125034802933	0.649804095755882	0.163	0.099	1	chr10-100912279-100913801	2
0.131296014841522	0.428331870471327	0.306	0.216	1	chr9-114586734-114589353	2
0.131307135385899	0.444220806279947	0.278	0.189	1	chr1-179585879-179587139	2
0.131499634563354	0.320391401677043	0.298	0.198	1	chr8-56072982-56075437	2
0.131532309810034	0.643151722302903	0.151	0.09	1	chr8-79914016-79915509	2
0.131537657305524	0.601817876555368	0.212	0.135	1	chr12-123632720-123634909	2
0.131602382528375	0.274983683398343	0.486	0.36	1	chr3-136193355-136197938	2
0.131730746140288	0.530390182483307	0.237	0.162	1	chr11-134033351-134035782	2
0.131879538978993	0.564802344097042	0.204	0.135	1	chr1-67629214-67630340	2
0.13207767506502	0.594006695262519	0.184	0.117	1	chr1-151762655-151764358	2
0.13207767506502	0.621422011159497	0.184	0.117	1	chr12-1593273-1595427	2
0.132120990854425	0.409813365218427	0.355	0.261	1	chr1-234372807-234374412	2
0.132284965329026	0.516658996568001	0.253	0.171	1	chr1-172294680-172296866	2
0.132520927273151	0.431992749413753	0.257	0.171	1	chr1-64965433-64967771	2
0.132702586945542	0.420591306447383	0.302	0.207	1	chr8-75406793-75409290	2
0.132861594969705	0.663750968869066	0.155	0.09	1	chr10-131996442-131998730	2
0.1329210272789	0.435773516385983	0.249	0.162	1	chr5-6632045-6634417	2
0.132932671823324	0.455388960945724	0.282	0.198	1	chr1-161082808-161085683	2
0.13312552718349	0.668507977008953	0.163	0.099	1	chr18-77254774-77256632	2
0.1334778205568	0.661439434522422	0.151	0.09	1	chr6-41920478-41922629	2
0.13350499339209	0.504802474008502	0.204	0.126	1	chr1-151836149-151837575	2
0.133528411131106	0.511175305065125	0.229	0.153	1	chr5-55600164-55602053	2
0.133687192351402	0.573590549740796	0.196	0.126	1	chr14-102138711-102141223	2
0.133828716772709	0.488858835388644	0.2	0.126	1	chr1-161439784-161441096	2
0.133830319221327	0.625328783409034	0.155	0.09	1	chr12-99984156-99985867	2
0.13386372613905	0.461704865776246	0.265	0.18	1	chr1-43969406-43970826	2
0.133875360804562	0.650404226949313	0.171	0.108	1	chr1-232305004-232307048	2
0.134059851083987	0.365916121333079	0.367	0.27	1	chr6-33390921-33392846	2
0.134133604768285	0.468070643379092	0.273	0.18	1	chr1-185044841-185047409	2
0.134238481331986	0.336354645660506	0.367	0.261	1	chr7-149872455-149875654	2
0.134262727645919	0.534829537875218	0.2	0.126	1	chr2-120012310-120013961	2
0.134307651790382	0.309094236079495	0.457	0.36	1	chr3-39148572-39154801	2
0.1343167258793	0.643331638002162	0.155	0.09	1	chr12-387647-390172	2
0.134354409453622	0.37311898355224	0.302	0.207	1	chr1-203325011-203328240	2
0.13453748372459	0.415162725449297	0.347	0.279	1	chr2-2660738-2664385	2
0.134545469956451	0.668894104632689	0.163	0.099	1	chr1-1347281-1350130	2
0.134761810191456	0.580721664565803	0.184	0.117	1	chr8-143983779-143987057	2
0.13522753650418	0.469113940497482	0.286	0.207	1	chr20-29079566-29081057	2
0.135440737277668	0.440852954274096	0.31	0.225	1	chr13-49791026-49793745	2
0.135445524730948	0.702768593614717	0.151	0.09	1	chr2-26766999-26770108	2
0.135530361100929	0.39732180042725	0.327	0.234	1	chr1-44798326-44800830	2
0.135707733815872	0.342909045783152	0.343	0.234	1	chr1-118100555-118102451	2
0.135784149452086	0.613993644172443	0.155	0.09	1	chr5-140362903-140363817	2
0.136105219329811	0.524820819961314	0.245	0.171	1	chr9-37799826-37802179	2
0.136219229258011	0.335006406176269	0.318	0.216	1	chr13-95675777-95678438	2
0.136276032229733	0.639636810143974	0.155	0.09	1	chr3-72627853-72629602	2
0.136322706553428	0.537060444095327	0.196	0.126	1	chr2-86254514-86255652	2
0.136359950052806	0.431643459693122	0.29	0.198	1	chr3-128384874-128386339	2
0.136449126179071	0.452835853143001	0.2	0.126	1	chr16-69186369-69188788	2
0.1364569057983	0.643609881605581	0.163	0.099	1	chr11-38460469-38461611	2
0.136568055394927	0.517641343620765	0.237	0.162	1	chr1-42845982-42847332	2
0.136635836901327	0.37738355419237	0.355	0.261	1	chr8-119207788-119210892	2
0.136650535411416	0.610447426702361	0.176	0.108	1	chr1-155139169-155140999	2
0.136796759993383	0.490716708946003	0.216	0.135	1	chr6-42889896-42891524	2
0.136820781779492	0.449414937314367	0.245	0.162	1	chr17-82266807-82271336	2
0.137051566857	0.58286828494284	0.18	0.108	1	chr15-85910213-85911526	2
0.137238670610229	0.4199106517862	0.261	0.171	1	chr20-49045583-49047989	2
0.137263922822921	0.562940941730268	0.155	0.09	1	chr7-98294378-98296548	2
0.137657168238067	0.497609022465355	0.229	0.153	1	chr1-27143589-27145767	2
0.137691311304991	0.431137057954802	0.286	0.198	1	chr10-96585367-96588543	2
0.137695490007285	0.33990902560953	0.384	0.27	1	chr5-132865657-132869155	2
0.13785781383441	0.498119627656968	0.204	0.126	1	chr5-139658627-139660794	2
0.137868017976865	0.631942872799974	0.18	0.117	1	chr12-22045915-22047346	2
0.137989435663093	0.692030424778289	0.159	0.099	1	chr1-161884425-161886183	2
0.138005584281615	0.308564334036637	0.42	0.315	1	chr10-42637203-42639174	2
0.138047510339264	0.513153608479458	0.224	0.153	1	chr2-73983250-73986010	2
0.138053043432742	0.496008028936844	0.237	0.153	1	chr22-28817913-28820108	2
0.138415987199266	0.47853711899333	0.224	0.144	1	chr1-27154497-27156060	2
0.138441437794328	0.565296138148296	0.188	0.117	1	chr6-43515784-43518944	2
0.138471303199253	0.284166736639385	0.437	0.315	1	chr6-154731636-154735219	2
0.138494607981701	0.494778776300342	0.233	0.144	1	chr9-107737918-107741023	2
0.138942828859661	0.671617125012242	0.151	0.09	1	chr6-39724450-39725951	2
0.138946981130395	0.409329977084995	0.278	0.189	1	chr7-66843824-66845966	2
0.138969555876213	0.683876114801425	0.159	0.099	1	chr8-144471847-144475014	2
0.139184768552893	0.526607843308639	0.204	0.126	1	chr9-136051109-136053701	2
0.139271463596459	0.470546672262884	0.273	0.189	1	chr9-4333309-4335221	2
0.13933777538538	0.482025121342328	0.278	0.189	1	chr17-50706758-50709390	2
0.139448070182462	0.63300958149355	0.151	0.09	1	chr3-175150467-175151771	2
0.139467916578794	0.381086505630802	0.278	0.18	1	chr9-74951366-74953605	2
0.13951023654472	0.644856947176266	0.171	0.108	1	chr1-179814259-179816672	2
0.13951023654472	0.62917392726715	0.171	0.108	1	chr6-119347663-119351334	2
0.139629265423021	0.451255814577918	0.204	0.126	1	chr11-9384279-9385873	2
0.13975074480353	0.487211989479978	0.233	0.153	1	chr8-95020212-95022132	2
0.139774531631539	0.519606184236986	0.29	0.207	1	chr17-64081654-64084819	2
0.13986141644705	0.379003101703082	0.273	0.189	1	chr6-42448984-42453608	2
0.139936232355656	0.294582657131857	0.416	0.297	1	chr1-84502928-84507349	2
0.139993082419733	0.479085442746765	0.241	0.162	1	chr12-62933175-62935741	2
0.140107581592707	0.431512300122092	0.314	0.225	1	chr9-128881004-128883572	2
0.140181255796251	0.495461469867033	0.229	0.153	1	chr2-135049720-135053235	2
0.140377570164412	0.452707615883035	0.229	0.144	1	chr19-40432916-40434734	2
0.140466878171508	0.682647983370236	0.171	0.108	1	chr6-36984815-36987562	2
0.140556065438682	0.422928638064956	0.237	0.153	1	chr7-100014919-100018184	2
0.140955045888132	0.607040606702813	0.184	0.117	1	chr1-11272450-11274274	2
0.141178290035741	0.298932702941166	0.457	0.36	1	chr5-163436526-163441395	2
0.141621559321557	0.383561590040906	0.322	0.225	1	chr2-152173809-152176719	2
0.141791749127428	0.450151077598845	0.322	0.234	1	chr7-135210286-135212811	2
0.141850080735751	0.581828225707313	0.176	0.108	1	chr6-166954830-166957424	2
0.141994740729656	0.415689714908177	0.363	0.261	1	chr9-110254793-110258237	2
0.142273689032185	0.445604557720816	0.224	0.144	1	chr5-110737996-110739828	2
0.142342345729189	0.474834526040147	0.204	0.135	1	chr3-13479059-13481132	2
0.142346977985165	0.450749997821026	0.286	0.198	1	chr4-185208692-185212051	2
0.142509266934777	0.628679002484757	0.151	0.09	1	chr1-33010706-33012271	2
0.142602371025915	0.537061858111448	0.188	0.117	1	chr17-60170500-60171892	2
0.142963900949082	0.56735840042959	0.192	0.126	1	chr14-55411226-55414181	2
0.143158139856813	0.341572391441382	0.465	0.378	1	chr6-132811971-132821612	2
0.143521216051308	0.460466477099005	0.249	0.171	1	chr1-116569804-116571695	2
0.143540972825866	0.587975263916679	0.151	0.09	1	chr5-69517009-69520282	2
0.143541049756255	0.708802175237888	0.151	0.09	1	chr2-137975036-137976237	2
0.14356650141101	0.321930419673992	0.392	0.279	1	chr19-12937573-12947440	2
0.143626076137284	0.585545071727953	0.167	0.099	1	chr1-28881737-28882759	2
0.143922112740326	0.355398477000207	0.388	0.288	1	chr1-211674860-211676373	2
0.143949793615407	0.427233641544873	0.253	0.171	1	chr7-76392506-76394306	2
0.144093546096002	0.545708689902778	0.273	0.198	1	chr3-14369518-14372688	2
0.144146931806679	0.470805035214586	0.249	0.171	1	chr1-109547725-109549503	2
0.144428934587571	0.363797121391843	0.327	0.225	1	chr1-28647591-28649579	2
0.144495410089447	0.421990089930846	0.278	0.189	1	chr5-138337237-138339783	2
0.144578552718462	0.609796649508329	0.151	0.09	1	chr8-98361469-98362484	2
0.144600234051071	0.534085708203821	0.204	0.135	1	chrX-107729320-107732678	2
0.144730124803938	0.32127460145124	0.359	0.252	1	chr1-47332628-47335311	2
0.144822998803014	0.326497878520549	0.433	0.351	1	chr18-79678119-79682372	2
0.14487607878552	0.290819793495242	0.367	0.261	1	chr7-107890434-107892481	2
0.145232380453467	0.335927017683344	0.314	0.234	1	chr1-46718317-46720323	2
0.145237174148107	0.558596714405073	0.176	0.108	1	chr5-68544018-68545535	2
0.145330787569259	0.459317588502187	0.224	0.144	1	chr2-120472957-120474561	2
0.145429220610551	0.524295597923752	0.188	0.117	1	chr14-20332146-20333816	2
0.145430788442589	0.330802208082926	0.416	0.315	1	chr1-36223073-36225912	2
0.145498858435583	0.4609977843145	0.261	0.18	1	chr14-93183841-93185765	2
0.145621792629822	0.591791353117808	0.151	0.09	1	chr10-34813778-34816182	2
0.145657519497539	0.565095538899495	0.216	0.144	1	chr7-25963651-25966065	2
0.145921607828802	0.545746345973367	0.184	0.117	1	chr11-2778165-2779838	2
0.146145569174569	0.59307972096708	0.151	0.09	1	chr8-144372475-144375358	2
0.146213419235239	0.454737797362953	0.224	0.144	1	chr6-108944770-108948797	2
0.146312934640656	0.571067030224792	0.171	0.108	1	chr19-18588133-18591110	2
0.146313003523503	0.612325340451488	0.171	0.108	1	chr13-24201975-24204391	2
0.146322264536186	0.484844215957495	0.192	0.117	1	chr17-81721372-81724577	2
0.146380914863043	0.471167023173658	0.188	0.117	1	chr1-156709333-156710590	2
0.146583999624518	0.359499915900915	0.4	0.306	1	chr6-30611187-30618835	2
0.146719988574324	0.446093784720716	0.286	0.198	1	chr5-77029838-77031786	2
0.146837547435769	0.530457199828946	0.163	0.099	1	chr22-39531954-39533328	2
0.147122157800636	0.593707064290491	0.2	0.135	1	chr10-33508857-33510373	2
0.147197445868914	0.665886210778297	0.151	0.09	1	chr9-88075812-88077288	2
0.147486614485152	0.396224511690106	0.257	0.171	1	chr12-6936490-6939547	2
0.14754937141816	0.567920744620543	0.224	0.153	1	chr1-27601195-27604665	2
0.147737474282226	0.518671479754244	0.196	0.126	1	chr1-114345981-114347164	2
0.147807255313506	0.598924640650709	0.204	0.135	1	chr14-93331771-93334080	2
0.147855727705787	0.396865398259484	0.335	0.252	1	chr1-206895110-206896834	2
0.147944518766205	0.358407079191658	0.318	0.216	1	chr3-9932407-9934758	2
0.14803337914908	0.591967995814167	0.159	0.099	1	chr21-45072970-45075574	2
0.148201531606182	0.368713139390834	0.269	0.18	1	chr6-15948868-15950687	2
0.14825510121856	0.658198978065962	0.151	0.09	1	chr6-15089419-15090690	2
0.148333186725424	0.589781759119897	0.184	0.117	1	chr1-174989512-174991204	2
0.148372724434098	0.29877064818359	0.408	0.297	1	chr8-101203767-101207818	2
0.148409324323537	0.497824460767014	0.265	0.189	1	chr2-95206651-95208137	2
0.148465506997275	0.60689789538946	0.188	0.126	1	chr4-44448340-44449640	2
0.148607253190395	0.343376143348797	0.392	0.279	1	chr6-2764293-2766835	2
0.148735046765052	0.435900992932388	0.265	0.18	1	chr2-101251399-101254515	2
0.148786101065041	0.671183993717832	0.151	0.09	1	chr1-120850213-120851538	2
0.148786101065041	0.62612562594322	0.151	0.09	1	chr14-75535550-75536604	2
0.148805648447459	0.538298199794778	0.216	0.144	1	chr10-114937714-114939678	2
0.148817118936826	0.625757397175904	0.18	0.117	1	chr10-5070971-5072526	2
0.148882907215708	0.515064529945414	0.224	0.153	1	chr1-200414789-200417664	2
0.149134924904886	0.298659468906247	0.563	0.45	1	chr1-198155196-198160654	2
0.149191369307527	0.35749057591748	0.339	0.243	1	chr6-142844492-142846951	2
0.149227765738129	0.481379626782906	0.249	0.171	1	chr5-52987541-52990553	2
0.149318551777075	0.585289780440204	0.151	0.09	1	chr7-131109454-131112111	2
0.149664992861547	0.346016015444534	0.322	0.225	1	chr16-68743999-68746147	2
0.149783592016818	0.45916891701787	0.265	0.18	1	chr1-161097235-161099646	2
0.149852455412081	0.612058485861119	0.151	0.09	1	chr6-87472300-87474061	2
0.150149380124974	0.356844068108751	0.396	0.288	1	chr15-84715209-84717259	2
0.15057108136852	0.327045571910462	0.465	0.351	1	chr4-112230506-112232922	2
0.150582762313936	0.547300642761893	0.196	0.126	1	chr1-60572735-60574428	2
0.150609397557353	0.389423198969917	0.302	0.216	1	chr7-75526621-75528815	2
0.150722955708774	0.516110251966397	0.188	0.117	1	chr12-111684988-111687733	2
0.150880427508824	0.693261960921692	0.151	0.099	1	chr9-95312743-95313652	2
0.150895798997894	0.362364721381699	0.355	0.261	1	chr18-11980110-11982698	2
0.150908208406627	0.452274132566137	0.212	0.135	1	chr6-30325245-30327850	2
0.150947234009618	0.595630929587094	0.163	0.099	1	chr19-8220065-8222137	2
0.151085930842728	0.497374305299175	0.216	0.144	1	chr11-128496113-128498038	2
0.151209778268953	0.503676088768171	0.167	0.099	1	chr1-16366754-16368691	2
0.151341697282546	0.38613545534102	0.331	0.243	1	chr6-112086398-112088408	2
0.151438984795394	0.434617353281578	0.282	0.198	1	chr21-39182411-39184719	2
0.151540416999029	0.43923201704807	0.196	0.126	1	chr10-29408934-29410774	2
0.15160102388958	0.293783760167978	0.522	0.414	1	chr3-121748499-121750929	2
0.151722916956224	0.345791354060851	0.412	0.315	1	chr1-201113506-201115342	2
0.151760384986485	0.583473618787254	0.184	0.117	1	chr4-154549587-154550943	2
0.151833849271966	0.55200717008007	0.171	0.108	1	chr17-65633647-65635253	2
0.151907610038706	0.415207477909559	0.233	0.153	1	chr9-32383951-32385513	2
0.15208822349563	0.46629777456061	0.294	0.216	1	chr14-21382896-21385014	2
0.152090741248433	0.425344844852651	0.192	0.117	1	chr6-52663563-52665122	2
0.152174169652316	0.524991396787639	0.208	0.135	1	chr1-201500245-201502953	2
0.152253441941737	0.506064146492485	0.233	0.162	1	chr3-148990960-148992938	2
0.152437872413397	0.564274060623676	0.192	0.126	1	chr8-85106419-85108314	2
0.152683947849399	0.629823584961976	0.184	0.126	1	chrX-139931837-139933968	2
0.152750576440193	0.561752845655642	0.184	0.117	1	chr3-45088250-45089522	2
0.152761885394493	0.624510330842057	0.2	0.135	1	chr18-48615417-48617450	2
0.15285446473645	0.550364573626528	0.171	0.108	1	chr15-66762925-66764408	2
0.152902850455889	0.667531798453266	0.155	0.099	1	chr7-54987115-54989450	2
0.152985587402158	0.451633509459606	0.196	0.126	1	chr17-55420546-55422608	2
0.153095717626975	0.358495116594118	0.314	0.216	1	chr4-37647776-37649518	2
0.153095717626975	0.36522309015345	0.314	0.216	1	chr5-150356887-150359018	2
0.153313150846375	0.446147199150448	0.253	0.171	1	chr1-205477367-205478610	2
0.153478161080971	0.629466817010813	0.167	0.108	1	chr2-9950800-9952431	2
0.153486124474217	0.34565709047522	0.318	0.216	1	chr18-810741-813378	2
0.15362858755084	0.334995576090399	0.412	0.297	1	chr1-156281175-156285110	2
0.15372057668676	0.5154511679826	0.176	0.108	1	chr2-216497894-216500228	2
0.153783812322276	0.26274712765733	0.478	0.36	1	chr1-70410180-70412522	2
0.153954843278682	0.561663990617415	0.196	0.126	1	chr14-75254157-75255671	2
0.154004233203391	0.431334723525898	0.249	0.171	1	chr16-20763187-20764834	2
0.15406091679242	0.485513144964986	0.208	0.135	1	chr10-5944122-5945294	2
0.154282837217359	0.634347878196042	0.18	0.117	1	chr1-231277494-231279228	2
0.154352149215047	0.37689941299885	0.367	0.27	1	chr2-182714514-182717107	2
0.154399867697647	0.468261054484942	0.273	0.198	1	chr4-13626431-13628992	2
0.154928759594719	0.56689891278379	0.196	0.126	1	chr16-81313632-81316415	2
0.154928759594719	0.527118964403204	0.196	0.126	1	chr20-63978424-63981732	2
0.155010932458437	0.475542912389831	0.208	0.135	1	chr6-17599818-17601759	2
0.155023841072948	0.391769336148572	0.302	0.207	1	chr8-128176332-128177853	2
0.15504408659436	0.463133892988661	0.22	0.144	1	chr6-37102041-37104095	2
0.15507106543916	0.428478053803444	0.286	0.207	1	chr9-34645912-34647654	2
0.15529278850945	0.591468107690574	0.18	0.117	1	chr11-108571077-108572636	2
0.155390003706642	0.579138752628674	0.159	0.099	1	chr13-24922101-24923785	2
0.155578784848221	0.417678142639613	0.298	0.207	1	chr1-205210401-205212180	2
0.155750649167015	0.550825271362556	0.184	0.117	1	chr19-18446399-18447628	2
0.155815573262752	0.409569037408589	0.29	0.207	1	chr7-50669260-50682556	2
0.155864306219111	0.523821069021471	0.192	0.126	1	chr5-55232849-55235676	2
0.155908516194062	0.437999181782458	0.286	0.207	1	chr2-84515771-84517071	2
0.156307751138899	0.596117993230196	0.18	0.117	1	chr5-159510250-159512466	2
0.156519052359413	0.430097332540255	0.314	0.225	1	chr17-66661079-66663767	2
0.156778970812952	0.59535946391118	0.188	0.126	1	chr3-187808431-187810181	2
0.156817115611205	0.574468394075601	0.18	0.117	1	chr1-112934196-112937911	2
0.156817115611205	0.561196306029899	0.18	0.117	1	chr10-101042363-101043783	2
0.156926345932705	0.592457203757246	0.151	0.09	1	chr15-29438106-29439500	2
0.15700193355605	0.574060512210133	0.159	0.099	1	chr14-29723753-29725553	2
0.157131500631285	0.618680882983862	0.167	0.108	1	chr17-29566730-29569626	2
0.15715716241814	0.390634875850607	0.306	0.216	1	chr2-108448049-108450366	2
0.157275324977409	0.549955063331966	0.163	0.099	1	chr9-127607497-127609091	2
0.157275324977409	0.565617046063003	0.163	0.099	1	chr15-70320253-70322291	2
0.157282305735752	0.39187159195812	0.265	0.18	1	chr1-219173383-219175563	2
0.157321273445316	0.52116586044058	0.176	0.108	1	chr2-53786136-53788264	2
0.157350543547413	0.492350560530098	0.192	0.126	1	chr1-231240224-231243393	2
0.157782699839383	0.298281583100966	0.314	0.207	1	chr10-37856268-37858773	2
0.157807754149448	0.413330036724264	0.269	0.189	1	chr1-84572728-84575012	2
0.158035978883425	0.593221868350993	0.171	0.108	1	chr12-122749317-122750609	2
0.158085761381532	0.494140251132502	0.253	0.18	1	chr1-63772658-63775249	2
0.158086580181849	0.438269304835198	0.216	0.144	1	chr13-52011142-52012722	2
0.158143317121916	0.539692250353948	0.233	0.162	1	chr1-111448135-111450321	2
0.158250614593552	0.428485107187457	0.241	0.162	1	chr4-151540572-151542778	2
0.158492196787894	0.478483752832791	0.241	0.171	1	chr1-6600362-6603543	2
0.158533873709287	0.50281620340369	0.22	0.153	1	chr2-208013442-208016177	2
0.158561360259267	0.555627487704854	0.171	0.108	1	chr7-6270748-6273986	2
0.158593310263445	0.285032245870658	0.506	0.396	1	chr1-200668589-200671228	2
0.158795227419926	0.54617553627662	0.184	0.117	1	chr4-108167309-108169640	2
0.158824475168126	0.570034808666208	0.171	0.108	1	chr8-128141773-128143641	2
0.158870114976825	0.452964664994902	0.257	0.18	1	chr7-139133008-139134540	2
0.158888328755676	0.493275241130574	0.163	0.099	1	chr17-713831-716193	2
0.159285477712803	0.366664702049229	0.331	0.243	1	chr1-212487788-212489540	2
0.159346491331749	0.470072105638949	0.249	0.171	1	chr18-2570491-2572474	2
0.159431913296174	0.423404059912891	0.212	0.135	1	chr1-205320829-205322320	2
0.15984986757201	0.484982635244474	0.257	0.189	1	chr3-47281280-47284095	2
0.159895091952611	0.382764299705201	0.318	0.234	1	chr1-197619044-197621377	2
0.159939941934686	0.365905091822236	0.282	0.189	1	chr1-229624523-229627372	2
0.160205543502093	0.432274337496322	0.257	0.18	1	chr2-20465560-20467804	2
0.160210757846794	0.476388899011776	0.188	0.117	1	chr12-31077957-31079274	2
0.160250336517843	0.42572503783405	0.249	0.171	1	chr14-59360926-59362055	2
0.160275380329254	0.586094943729495	0.151	0.09	1	chr6-131257086-131259606	2
0.160286318513683	0.316932060609754	0.457	0.351	1	chr6-154508300-154512306	2
0.160334308724729	0.562178151930397	0.184	0.117	1	chr12-27703562-27704501	2
0.160346255075867	0.416467094095228	0.2	0.126	1	chr17-22310533-22311715	2
0.160458151850188	0.515019989518232	0.176	0.108	1	chr1-181104316-181106207	2
0.160538010005922	0.386846522921646	0.327	0.234	1	chr5-56908996-56911007	2
0.160687848290808	0.519572831144001	0.204	0.135	1	chrX-107825524-107827600	2
0.160741066923787	0.529650138309397	0.233	0.171	1	chr5-160925802-160927636	2
0.160804674197328	0.520081452018254	0.208	0.135	1	chr3-133077173-133078566	2
0.160812360047571	0.533066861979438	0.159	0.099	1	chr17-49360137-49363137	2
0.160850379793077	0.567421327156129	0.167	0.108	1	chr11-94736504-94738337	2
0.161206413947111	0.365154928736475	0.396	0.315	1	chr13-94548392-94550670	2
0.161235242499767	0.449529929734209	0.188	0.117	1	chr1-116909463-116912473	2
0.161374603339817	0.52581365764	0.208	0.144	1	chr14-94080049-94082057	2
0.161403648373291	0.56377741720962	0.151	0.09	1	chr5-51382670-51384203	2
0.161435087157036	0.437385745020007	0.245	0.171	1	chr5-16615360-16617586	2
0.161617558353212	0.6426181834212	0.155	0.099	1	chr1-64897653-64898987	2
0.161729084880975	0.369472966031869	0.331	0.243	1	chr16-3400366-3402114	2
0.16177654284479	0.563212812326433	0.229	0.162	1	chr1-109099605-109101915	2
0.16182144021454	0.289466192014391	0.4	0.288	1	chr9-33164758-33168160	2
0.161940941869122	0.318396671801315	0.429	0.333	1	chr9-110206279-110208696	2
0.162127770669463	0.522186232206822	0.192	0.126	1	chr1-151546938-151549784	2
0.162144056253109	0.515817257224972	0.184	0.117	1	chr2-134491279-134492717	2
0.162278358408579	0.478212348550638	0.208	0.135	1	chr1-45802608-45805004	2
0.162304953097718	0.436836703371924	0.261	0.18	1	chr1-226308212-226310124	2
0.162313715022784	0.398572528988579	0.298	0.207	1	chr6-71419507-71421629	2
0.162501101556437	0.332114329509992	0.363	0.261	1	chr12-750806-755506	2
0.162537904071714	0.532301354349522	0.151	0.09	1	chr22-46374700-46375854	2
0.162623085473555	0.390584253666511	0.22	0.144	1	chr9-11063286-11065610	2
0.162781135499652	0.37822116450802	0.188	0.117	1	chr8-73173966-73174979	2
0.162979434801744	0.51520551934959	0.257	0.189	1	chr14-37587272-37593299	2
0.163020894302258	0.645914906811919	0.159	0.099	1	chr1-48246474-48247527	2
0.163020894302258	0.498828113535877	0.159	0.099	1	chr2-121355222-121356645	2
0.163093819166437	0.425709891061814	0.229	0.153	1	chr1-150486822-150488026	2
0.163093819166437	0.433719564625826	0.229	0.153	1	chrX-1451728-1454791	2
0.163250703978422	0.287531668661457	0.567	0.468	1	chr1-155077084-155086485	2
0.163266461544632	0.445381235426904	0.208	0.135	1	chr12-96398832-96401828	2
0.163349442482866	0.511089209145055	0.171	0.108	1	chr2-95401827-95403716	2
0.163361137188014	0.434758558398841	0.253	0.171	1	chr7-158704377-158705989	2
0.163861827118419	0.447305856093493	0.216	0.144	1	chr2-218281487-218287668	2
0.164133702907808	0.624046531731092	0.159	0.099	1	chr6-70566295-70567755	2
0.164317640012801	0.52966744889924	0.216	0.153	1	chr3-159786822-159788346	2
0.164403373699111	0.531622742693803	0.188	0.126	1	chr6-75933515-75935571	2
0.164416407531075	0.652553810739064	0.155	0.099	1	chr17-49707204-49708918	2
0.164910001150573	0.419182275887033	0.286	0.207	1	chr5-132829297-132832055	2
0.164969456762309	0.539620528763888	0.171	0.108	1	chr2-36597036-36598639	2
0.165019206546736	0.542942269297787	0.184	0.117	1	chr3-129673032-129674897	2
0.165174767250709	0.426053235812117	0.257	0.18	1	chr10-79264475-79265856	2
0.165217208603939	0.597949817637786	0.176	0.117	1	chr17-2592797-2595117	2
0.165667883141755	0.459444244148829	0.204	0.135	1	chr1-35030740-35032522	2
0.165667883141755	0.513699044492119	0.204	0.135	1	chr12-133036801-133038166	2
0.165946685525905	0.385243192995439	0.314	0.216	1	chr9-124220457-124221740	2
0.165952631047459	0.505162027581855	0.196	0.126	1	chr8-95085119-95086659	2
0.16597675150659	0.498564744830119	0.151	0.09	1	chr2-237691527-237694064	2
0.166060011232502	0.517650420156238	0.208	0.144	1	chr10-112716738-112717842	2
0.166082209680561	0.276974096776344	0.486	0.369	1	chr3-129438642-129442106	2
0.16609477760674	0.448231005355898	0.224	0.153	1	chr6-82876927-82878195	2
0.166232769197509	0.321955871704212	0.371	0.27	1	chr1-145280331-145282649	2
0.166277898823775	0.572962885152777	0.167	0.108	1	chr12-50763034-50765885	2
0.166314568956845	0.500133823014006	0.216	0.144	1	chr16-4846151-4848736	2
0.166383581610868	0.449200446572439	0.261	0.18	1	chr6-166997456-167000072	2
0.166449589630543	0.389627877094108	0.282	0.198	1	chr5-72955206-72957437	2
0.166760556990831	0.435941006223971	0.208	0.135	1	chr20-50929247-50932422	2
0.167007334664044	0.430647485660521	0.22	0.144	1	chr9-13139327-13142505	2
0.167068738824944	0.530548065438041	0.2	0.135	1	chr6-135180346-135182950	2
0.167120503720481	0.373292110659026	0.331	0.243	1	chr4-174282688-174285074	2
0.16720346307191	0.436830868431997	0.278	0.198	1	chr9-120792482-120794263	2
0.16720346307191	0.442482340042433	0.278	0.198	1	chr12-118370306-118373759	2
0.16720346307191	0.38643371019292	0.278	0.198	1	chr19-5718249-5721239	2
0.167651514917227	0.453589201542513	0.278	0.198	1	chr9-34650999-34653469	2
0.167692094093155	0.47906598750553	0.204	0.135	1	chr4-37007435-37008927	2
0.167813483493785	0.287696306503961	0.449	0.351	1	chr1-37689426-37693197	2
0.167823031304265	0.648777823003709	0.155	0.099	1	chr5-78509947-78511889	2
0.168090092117769	0.442100837788235	0.249	0.171	1	chr15-89128388-89130856	2
0.168127575169805	0.272894171029217	0.298	0.198	1	chr7-5045245-5046785	2
0.16847076244617	0.4117767254803	0.245	0.162	1	chr6-143157889-143159490	2
0.168501513963889	0.462333631718519	0.233	0.162	1	chrX-65533541-65535489	2
0.168784870563532	0.453120027321776	0.253	0.18	1	chr10-78033240-78036971	2
0.168849761522927	0.36775022509577	0.278	0.189	1	chr1-14497468-14500526	2
0.168938455411862	0.392124598102645	0.269	0.189	1	chr12-93569298-93572309	2
0.169331546020301	0.351727933126441	0.29	0.198	1	chr2-105037203-105039231	2
0.169538720974888	0.357933525977333	0.314	0.225	1	chr1-61741478-61744215	2
0.169690891146978	0.268837064224684	0.339	0.234	1	chr17-28317889-28320089	2
0.169708183729206	0.358735213476062	0.298	0.207	1	chr1-222814319-222816377	2
0.169859150051157	0.413091277676472	0.253	0.171	1	chr16-89343595-89347400	2
0.169961140339436	0.379638404893692	0.237	0.162	1	chr3-108221508-108223441	2
0.169979136251274	0.419431723060063	0.22	0.144	1	chr1-212432172-212433765	2
0.170075328125208	0.469063188322555	0.184	0.117	1	chr5-150409621-150411709	2
0.170150630317386	0.530958746670828	0.2	0.135	1	chr8-102809971-102811441	2
0.170248410204092	0.502239765610091	0.204	0.135	1	chr5-1109664-1112451	2
0.170342506784017	0.376294914945627	0.294	0.207	1	chr1-146376193-146378316	2
0.170506450159795	0.60194632045427	0.18	0.117	1	chr16-19067034-19068602	2
0.170585941586227	0.453971276494792	0.212	0.144	1	chr9-137021718-137023741	2
0.170696632551032	0.324530895510387	0.314	0.216	1	chr4-88822682-88824063	2
0.170837177470401	0.312248459649062	0.371	0.261	1	chr9-134354492-134363947	2
0.171279073772721	0.492742880697343	0.204	0.135	1	chr8-129549783-129552731	2
0.171358772374237	0.362137173807477	0.331	0.243	1	chr2-42132419-42134003	2
0.171479820362175	0.401212707873517	0.22	0.144	1	chr1-54763757-54765366	2
0.171489927131779	0.492246628402285	0.224	0.153	1	chr6-37169172-37172806	2
0.171506845436464	0.549891558922993	0.159	0.099	1	chr10-43605756-43607427	2
0.171595379339333	0.487781104029778	0.18	0.117	1	chr14-92963328-92965218	2
0.171796154159885	0.510231459727422	0.204	0.135	1	chr17-16213270-16216333	2
0.172036295535971	0.426028331437128	0.318	0.243	1	chr5-10440916-10443094	2
0.172084118156504	0.554525969181022	0.159	0.099	1	chr4-54658216-54660095	2
0.172355428555664	0.414674298177882	0.249	0.171	1	chr1-32071839-32073759	2
0.172479129584176	0.394393800604124	0.29	0.198	1	chr1-100265405-100267390	2
0.172689646127167	0.566850099766163	0.18	0.117	1	chr3-174936313-174939288	2
0.172737948730707	0.514332964480502	0.216	0.153	1	chr16-19395690-19397863	2
0.172751259681524	0.519079104743537	0.2	0.135	1	chr7-149741522-149745478	2
0.172785787568874	0.486430817499891	0.253	0.18	1	chr1-150970813-150975281	2
0.173034102827383	0.378833514234453	0.273	0.189	1	chr1-37930952-37932633	2
0.173243022927613	0.541698746311479	0.159	0.099	1	chr3-73297739-73299812	2
0.173305298460683	0.28921246151424	0.416	0.324	1	chr9-19229579-19234016	2
0.173537151351132	0.51357697293656	0.2	0.135	1	chr5-172983010-172985090	2
0.173552031335952	0.413499938974427	0.269	0.189	1	chr2-230066687-230069445	2
0.173601216581437	0.495774790507376	0.184	0.117	1	chr16-1419721-1422536	2
0.173723883906345	0.367417304795675	0.331	0.243	1	chr2-10119843-10123258	2
0.174063628430185	0.35277152904205	0.327	0.234	1	chr7-128862199-128864270	2
0.174205972420179	0.257857963329785	0.392	0.279	1	chr10-130109434-130112038	2
0.174348522332774	0.380288101126496	0.273	0.198	1	chr7-149205410-149206922	2
0.174350331980471	0.261316895241107	0.294	0.198	1	chr1-53219546-53221539	2
0.174384369921374	0.386409140581411	0.294	0.207	1	chr1-225453591-225455216	2
0.174700029129808	0.280839886964901	0.482	0.387	1	chr1-87327571-87332678	2
0.175246678351019	0.54105545052329	0.167	0.108	1	chr6-149749190-149751455	2
0.175274875014486	0.417336650077855	0.298	0.225	1	chr12-6234808-6236395	2
0.175402833656252	0.393806939690686	0.196	0.126	1	chr2-97645064-97646789	2
0.175491610857086	0.521043752029922	0.192	0.126	1	chr2-85615668-85617016	2
0.17557831691483	0.548900870079906	0.159	0.099	1	chr6-31877011-31880778	2
0.175938485167055	0.457954552400515	0.257	0.18	1	chr5-151079868-151082594	2
0.176000865339932	0.462544259282729	0.224	0.153	1	chr1-161176474-161178222	2
0.176031987204802	0.327052193393515	0.331	0.225	1	chr5-149580808-149584159	2
0.176216852652168	0.445341687198645	0.212	0.144	1	chr3-192851450-192852690	2
0.176326342672279	0.733149995694596	0.151	0.099	1	chr7-66640365-66641742	2
0.176571135924998	0.613972189387706	0.155	0.099	1	chr6-34791143-34793556	2
0.1765966585084	0.405229986245	0.233	0.153	1	chr4-76147252-76149339	2
0.17666025525384	0.636092783616914	0.163	0.108	1	chr3-37853181-37854505	2
0.17695777543642	0.290288116027125	0.514	0.414	1	chr5-98927068-98930408	2
0.177056524334263	0.293588223668818	0.396	0.288	1	chr4-48014552-48017893	2
0.177067450305297	0.335131566464027	0.412	0.306	1	chr1-151510275-151514959	2
0.177380152536453	0.429956074968623	0.257	0.18	1	chr1-203795075-203796834	2
0.177462255768751	0.330825105792613	0.314	0.225	1	chr15-43509802-43512009	2
0.17756672206334	0.350381478440557	0.302	0.207	1	chr5-81850680-81852469	2
0.177745898492609	0.359793392925857	0.367	0.27	1	chr9-15551783-15553878	2
0.177947151653227	0.440117704663703	0.269	0.198	1	chr2-48313882-48316416	2
0.178033893227576	0.48627431429775	0.224	0.153	1	chr19-1393746-1396957	2
0.178238996465527	0.535379684048493	0.18	0.117	1	chr6-26473405-26475451	2
0.178305270449238	0.407293772294365	0.282	0.198	1	chr9-69645065-69646214	2
0.178339250852573	0.432932908011498	0.229	0.153	1	chr14-60222506-60223391	2
0.178421478055392	0.548244600946009	0.176	0.117	1	chr13-48302714-48304853	2
0.178791722995245	0.413895408252358	0.265	0.189	1	chr20-50761298-50764592	2
0.178960379369979	0.60893836536312	0.155	0.099	1	chr3-20095891-20097599	2
0.179045248890761	0.42886358674056	0.245	0.171	1	chr12-6777869-6780517	2
0.179119770367407	0.382697358566002	0.233	0.153	1	chr1-155044343-155045685	2
0.179282128252422	0.539162309405779	0.167	0.108	1	chr6-79170490-79171590	2
0.179355738087732	0.350326845486298	0.343	0.252	1	chr14-35341078-35342957	2
0.179364618484947	0.495848780965613	0.18	0.117	1	chr16-85621191-85623173	2
0.179377588507528	0.505266413507979	0.188	0.126	1	chr7-6588512-6591238	2
0.179448884432689	0.31171130273181	0.322	0.225	1	chr3-37241955-37245437	2
0.179653839832307	0.523556990198349	0.188	0.126	1	chr5-35187579-35188942	2
0.179785167864465	0.349516720200419	0.286	0.198	1	chr5-81299320-81302610	2
0.17982337403863	0.651621111531463	0.159	0.108	1	chr9-128275059-128277336	2
0.17986421629105	0.515799675941296	0.167	0.108	1	chr6-131807224-131808749	2
0.180450441872953	0.271514585726815	0.437	0.342	1	chr12-104285752-104290708	2
0.180599695026217	0.457574762534483	0.224	0.153	1	chr16-78098767-78100579	2
0.180617005892058	0.316549874906752	0.314	0.225	1	chr5-131671203-131673820	2
0.18065822094913	0.351651237597093	0.245	0.162	1	chr12-71839188-71840943	2
0.180765229703673	0.435645762843687	0.208	0.135	1	chr12-110500798-110502751	2
0.180816231332545	0.394294292857212	0.184	0.117	1	chr5-150783008-150784169	2
0.180953852626198	0.532491166828046	0.216	0.153	1	chr14-64703821-64707241	2
0.181062948484928	0.521716025165331	0.18	0.117	1	chr6-3258417-3260283	2
0.181128343052402	0.382490147832307	0.282	0.198	1	chr9-19550132-19553824	2
0.18124599737986	0.2731609460719	0.441	0.315	1	chr1-154417264-154421162	2
0.181343306108225	0.610493936922282	0.163	0.108	1	chr20-32819348-32821103	2
0.181431379772349	0.414244207798394	0.176	0.108	1	chr1-67759754-67761595	2
0.181557714740778	0.328110016736237	0.42	0.333	1	chr5-32231882-32234979	2
0.181757928562083	0.437935210455471	0.253	0.189	1	chr1-39901232-39902845	2
0.181815787960921	0.425729422109059	0.2	0.135	1	chr10-132570693-132573056	2
0.181865599415321	0.311062565990592	0.355	0.243	1	chr1-65065987-65069095	2
0.182016497690661	0.250246255863797	0.506	0.396	1	chr9-15305420-15308013	2
0.182392300536364	0.653514665370746	0.151	0.099	1	chr1-151398904-151400466	2
0.18255964153977	0.28492096418048	0.376	0.27	1	chr6-33248009-33250586	2
0.182592934063515	0.276593590147751	0.461	0.36	1	chr15-96329415-96337693	2
0.182725028071616	0.474041849900276	0.159	0.099	1	chrX-16869054-16871745	2
0.182741562993844	0.402750214505632	0.257	0.18	1	chr21-32611082-32613877	2
0.182773187615874	0.548071567334378	0.18	0.117	1	chr6-142444337-142446082	2
0.182773187615874	0.518992021505265	0.18	0.117	1	chr9-89179488-89181006	2
0.182773187615874	0.504535764957139	0.18	0.117	1	chr12-48779580-48782289	2
0.182914316092072	0.320895208936242	0.29	0.207	1	chr16-81444237-81449196	2
0.182954557713255	0.46048753329319	0.229	0.162	1	chr16-56643055-56644255	2
0.183028739943111	0.338944642083685	0.282	0.198	1	chr3-149400911-149402552	2
0.183595210521948	0.440802312091392	0.171	0.108	1	chr2-101109783-101110989	2
0.183633316140229	0.642450021118192	0.155	0.108	1	chr10-79423973-79425424	2
0.184093187539725	0.406929739707668	0.29	0.216	1	chr7-76045445-76049614	2
0.184312853409318	0.282571899524628	0.384	0.288	1	chr16-13919214-13921653	2
0.184915608628213	0.556317481101266	0.163	0.108	1	chr14-70358551-70360212	2
0.184979577741096	0.455028088010501	0.22	0.153	1	chr2-55163121-55165458	2
0.185357288679573	0.35098973386357	0.396	0.306	1	chr2-164839839-164844014	2
0.18542496593982	0.35922421102617	0.282	0.198	1	chr19-16495755-16497269	2
0.18542916072948	0.344144119448975	0.392	0.306	1	chr2-200810032-200813270	2
0.185562035718091	0.405004141809709	0.229	0.153	1	chr15-80058771-80061090	2
0.186117872058868	0.55766934264215	0.163	0.108	1	chr17-40316549-40318899	2
0.186117872058868	0.592449080029834	0.163	0.108	1	chr19-39444659-39446220	2
0.18622953887297	0.548942091162267	0.18	0.117	1	chr1-47030571-47031912	2
0.186267492925277	0.404711375401686	0.212	0.144	1	chr12-11884944-11886725	2
0.186360131479731	0.557194193607584	0.167	0.108	1	chr20-51744197-51745095	2
0.186478263718877	0.554164293251794	0.176	0.117	1	chr7-23473494-23474966	2
0.186478263718877	0.562442846174384	0.176	0.117	1	chr7-76291126-76292689	2
0.186479455929243	0.421156774881732	0.241	0.171	1	chr1-40530925-40533253	2
0.186548101209644	0.386545891586423	0.171	0.108	1	chr2-171158833-171161883	2
0.186588281892501	0.453387028608052	0.229	0.162	1	chr14-102507919-102511283	2
0.186721165964314	0.532428869047553	0.163	0.108	1	chr17-7560266-7562844	2
0.186810263159838	0.519799623269631	0.18	0.117	1	chr16-54657169-54658231	2
0.186928812552935	0.39747454349163	0.196	0.126	1	chr7-156639599-156641678	2
0.186994999702924	0.302593644943053	0.461	0.369	1	chr16-67243542-67249373	2
0.187027027947022	0.371571933064445	0.302	0.216	1	chr4-6749117-6752257	2
0.18705768395002	0.382554396831198	0.233	0.162	1	chr3-54353376-54357742	2
0.18709244044254	0.275205261423433	0.384	0.297	1	chr3-184565297-184569735	2
0.187438408430471	0.375441949519165	0.261	0.18	1	chr17-81507175-81513627	2
0.187512123467044	0.58317362616633	0.155	0.099	1	chr2-189835690-189837240	2
0.187650826612474	0.540858031695134	0.176	0.117	1	chr13-29537834-29540524	2
0.187892412149032	0.462045067708759	0.212	0.144	1	chr12-96093486-96094858	2
0.187895202024799	0.314994813183405	0.294	0.207	1	chr1-1162192-1166239	2
0.187970399386472	0.429995287412239	0.257	0.18	1	chr22-42613816-42616137	2
0.188235124072319	0.46644164922929	0.192	0.126	1	chr2-190407607-190409346	2
0.188374498898337	0.387786766352309	0.29	0.216	1	chr12-10211960-10214864	2
0.188432744600154	0.419260025909273	0.245	0.18	1	chr14-49867539-49869101	2
0.188436369880876	0.457545906503751	0.212	0.144	1	chr1-38985903-38987315	2
0.188759244529209	0.388132255288254	0.278	0.198	1	chr12-69738194-69740457	2
0.189036745707485	0.536039832778543	0.151	0.09	1	chr17-45277131-45278913	2
0.189053217933928	0.434452851700154	0.241	0.171	1	chr16-87777462-87779736	2
0.189463587751223	0.451746274404114	0.159	0.099	1	chr19-35005939-35007235	2
0.189528843827953	0.44437284862184	0.224	0.153	1	chr9-135499097-135501711	2
0.189665141443072	0.388187025081289	0.306	0.225	1	chr2-181891113-181893419	2
0.189843158665904	0.473351593635888	0.233	0.171	1	chr7-131326825-131329624	2
0.189946411288393	0.476845281817492	0.192	0.126	1	chr3-48989115-48991568	2
0.190090022972045	0.419494119433619	0.241	0.171	1	chr9-137268345-137270549	2
0.191192202893899	0.49733958162628	0.167	0.108	1	chr7-12403057-12404838	2
0.191228495212404	0.493232338257244	0.2	0.135	1	chr6-30646382-30648458	2
0.1913056675982	0.336532006425491	0.273	0.189	1	chr17-30599334-30601675	2
0.19154531236153	0.379645059118745	0.282	0.207	1	chr16-88758479-88764090	2
0.191566379213799	0.36345417274058	0.306	0.225	1	chr1-215539319-215541041	2
0.1917583524606	0.465091559237635	0.184	0.117	1	chr20-50509605-50511505	2
0.19177241374044	0.3797251563524	0.257	0.18	1	chr14-103384485-103387369	2
0.191799977482081	0.343817194007485	0.253	0.171	1	chr5-138752217-138754796	2
0.192532341461312	0.487090901303279	0.155	0.099	1	chr18-31241200-31242752	2
0.192602843013079	0.359475969200485	0.241	0.162	1	chr5-132226849-132228464	2
0.192756747802491	0.466418002628575	0.224	0.153	1	chr6-57046194-57047130	2
0.192807560481916	0.32277905091779	0.208	0.135	1	chr22-17158090-17160426	2
0.192807624885841	0.378283603557182	0.208	0.135	1	chr7-8637272-8638676	2
0.192823980144646	0.476354823641849	0.192	0.126	1	chr12-75329645-75330707	2
0.192949766267722	0.406240434235365	0.269	0.189	1	chr7-152025130-152026804	2
0.193000384703961	0.503445374192024	0.188	0.126	1	chr3-157070192-157071485	2
0.193084030801192	0.449462441335535	0.253	0.18	1	chr1-32331272-32336726	2
0.193166750047695	0.554449803806395	0.155	0.099	1	chr12-123695885-123697153	2
0.193254161654149	0.5014359084334	0.208	0.144	1	chr5-74326780-74329033	2
0.193254161654149	0.448459829203771	0.208	0.144	1	chr14-61490842-61492875	2
0.193255064473705	0.312701294490795	0.412	0.324	1	chr4-151408012-151410780	2
0.193286729892493	0.408395388938812	0.18	0.117	1	chr2-127810013-127812002	2
0.193388695106297	0.397514191848207	0.233	0.162	1	chr2-180367332-180369217	2
0.193449246140316	0.468434712904275	0.204	0.135	1	chr6-37499289-37500476	2
0.193784852046953	0.33733810147294	0.327	0.243	1	chr3-196286682-196288644	2
0.194197326815993	0.453703926324805	0.176	0.117	1	chr19-45691620-45693736	2
0.194314926185733	0.544249376437545	0.184	0.126	1	chr3-195257774-195260880	2
0.194338288571321	0.41489784482419	0.257	0.18	1	chr12-101406201-101409416	2
0.194440171621011	0.488708735510581	0.155	0.099	1	chr1-237799570-237800321	2
0.194440171621011	0.524888586279763	0.155	0.099	1	chr15-67914478-67916285	2
0.194468842730219	0.590452142935805	0.171	0.117	1	chr20-62141415-62144877	2
0.194582266756586	0.390648668797303	0.204	0.135	1	chr6-119077515-119079582	2
0.194583281233622	0.32575927824165	0.351	0.261	1	chr3-119239105-119242117	2
0.194742305443159	0.272404003645689	0.286	0.189	1	chr16-9090196-9093554	2
0.194841683672177	0.346558542837368	0.335	0.252	1	chr12-98592604-98596078	2
0.195250029913462	0.328877451943297	0.286	0.207	1	chr1-96865235-96866723	2
0.19531950006618	0.543066891593506	0.163	0.108	1	chr1-150320993-150322739	2
0.195498554495324	0.291196847324922	0.445	0.333	1	chr1-213014603-213016556	2
0.195666426254037	0.345445423101739	0.298	0.225	1	chr4-146520498-146523248	2
0.1957197424535	0.534311149268058	0.155	0.099	1	chr6-13327678-13329206	2
0.195866592999363	0.35136901557832	0.351	0.252	1	chr21-36155262-36158666	2
0.195944596734885	0.534825185619558	0.163	0.108	1	chr12-14364912-14366518	2
0.195956112501405	0.321829761352879	0.253	0.171	1	chr7-92244744-92247338	2
0.196013620909392	0.373239466346208	0.298	0.216	1	chr16-4691159-4697236	2
0.196166305559073	0.416239248910254	0.29	0.216	1	chr8-66924215-66926154	2
0.196361837587701	0.526997510957281	0.155	0.099	1	chr16-70561101-70562219	2
0.196383538016968	0.47854518265706	0.159	0.099	1	chr15-48177294-48178769	2
0.196466290635677	0.34776601669647	0.31	0.225	1	chr2-159137131-159141165	2
0.196668016295419	0.367118946392411	0.273	0.198	1	chr1-67561449-67562458	2
0.196883053802239	0.372641521369753	0.233	0.162	1	chr4-145481029-145483819	2
0.19692926801082	0.392803090633105	0.257	0.18	1	chr1-1066975-1070118	2
0.197227812039134	0.521873767497124	0.176	0.117	1	chr3-101868064-101869275	2
0.197275985167879	0.385885931877601	0.265	0.18	1	chr1-234309196-234310573	2
0.197650654722082	0.439502104649193	0.155	0.099	1	chr19-1604709-1606607	2
0.197696028223191	0.455423032903007	0.233	0.162	1	chr2-191013031-191015040	2
0.197759058161116	0.328569314440018	0.286	0.198	1	chr5-141865453-141867458	2
0.197964361367264	0.337751101018616	0.335	0.243	1	chr3-111978391-111980044	2
0.198084102077708	0.372298025373156	0.192	0.126	1	chr6-116667744-116669148	2
0.198099440441799	0.399457033685877	0.18	0.117	1	chr12-132188958-132191476	2
0.198249788757215	0.492463741151781	0.216	0.153	1	chr14-67599393-67600747	2
0.198290504170008	0.439380698995257	0.253	0.18	1	chr1-219278751-219280414	2
0.198300194072896	0.424449577411516	0.188	0.126	1	chr1-175231870-175233038	2
0.198363691623671	0.36382384610964	0.302	0.216	1	chr1-31787773-31789819	2
0.198459645163202	0.546431586406505	0.163	0.108	1	chr5-49599293-49602819	2
0.198459645163202	0.52209936045771	0.163	0.108	1	chr10-129689142-129691690	2
0.198472244163975	0.321014402533137	0.314	0.225	1	chr15-68816738-68822597	2
0.198693381516393	0.290611315086272	0.4	0.315	1	chr10-74175847-74177728	2
0.198710820637362	0.530819583023929	0.192	0.135	1	chr14-93135078-93136497	2
0.198757949129216	0.554891413876701	0.171	0.117	1	chr6-83051339-83052540	2
0.198971937069292	0.368641972278001	0.298	0.216	1	chr1-233326665-233328600	2
0.199182915757127	0.266351418214134	0.449	0.324	1	chr7-30025727-30030306	2
0.199351178096997	0.301189799108942	0.302	0.216	1	chr1-222464567-222466166	2
0.199595469666108	0.559172931111289	0.155	0.099	1	chr1-228043067-228044000	2
0.19964846619447	0.386113841320327	0.245	0.171	1	chr5-32442821-32445687	2
0.199678423372434	0.508248158760286	0.184	0.126	1	chr12-130818085-130819566	2
0.199869093297026	0.45668416051198	0.167	0.108	1	chr20-53737501-53739911	2
0.200129189249197	0.33913260777673	0.212	0.144	1	chr17-17732045-17733640	2
0.200141941948823	0.280893664190558	0.412	0.342	1	chr14-68789185-68796595	2
0.200258969102485	0.376975006565423	0.265	0.189	1	chr6-156685822-156688136	2
0.200280978244374	0.496310469383967	0.184	0.126	1	chr20-62641713-62645577	2
0.200431006656212	0.570366640552386	0.18	0.126	1	chr1-85200011-85204308	2
0.200646279419761	0.371351882324071	0.327	0.252	1	chr14-105465424-105469880	2
0.200652429252431	0.386784153471203	0.229	0.153	1	chr14-99578403-99580663	2
0.20081348997705	0.270981876631954	0.433	0.333	1	chr8-144521421-144529722	2
0.200899756128233	0.482954396958873	0.155	0.099	1	chr11-15649710-15650903	2
0.200962195430608	0.346334362522916	0.298	0.216	1	chr6-111550983-111553636	2
0.200994968741	0.468377194607921	0.2	0.135	1	chr12-104137048-104139073	2
0.201058008677214	0.436387455447605	0.216	0.153	1	chr7-74635223-74636748	2
0.20108437878074	0.253787427006909	0.514	0.423	1	chr12-45989247-45992590	2
0.201211416956209	0.412686607066665	0.171	0.108	1	chr2-96769573-96770550	2
0.201269829237914	0.333499155989776	0.212	0.144	1	chr6-28939466-28942292	2
0.201301474582773	0.345427399098603	0.278	0.198	1	chr5-32144078-32146433	2
0.201353195162505	0.291307673106277	0.31	0.225	1	chr5-78359670-78362615	2
0.201445230481037	0.335098870798479	0.322	0.243	1	chr2-118087511-118089920	2
0.201665116375183	0.501188304245171	0.192	0.135	1	chr18-11989567-11990667	2
0.201766080254225	0.470661421577748	0.18	0.117	1	chr16-82328895-82330701	2
0.201892046512202	0.5109610688365	0.188	0.126	1	chr1-151611202-151613039	2
0.201930945708697	0.285498258720358	0.318	0.225	1	chr3-97971117-97972945	2
0.201962298199427	0.387756559041554	0.196	0.126	1	chr15-51829347-51830877	2
0.202181614589868	0.370855986547666	0.159	0.099	1	chr7-25454969-25457544	2
0.202247305020062	0.469138533734168	0.192	0.126	1	chr1-52926812-52928467	2
0.202769662256685	0.495748871915966	0.176	0.117	1	chr1-40449524-40450907	2
0.203192676283319	0.324882050208077	0.388	0.288	1	chr1-43365766-43369086	2
0.203244727630267	0.35064784608326	0.224	0.153	1	chr10-112390908-112392161	2
0.203313670801881	0.483908262548588	0.184	0.126	1	chr5-17951124-17952662	2
0.203617847633933	0.397595491155922	0.18	0.117	1	chr14-64112741-64113883	2
0.203734886395847	0.371799858995296	0.171	0.108	1	chr4-40524384-40526639	2
0.203822134889409	0.507229239150784	0.2	0.144	1	chr1-62706860-62708443	2
0.204012524453228	0.43098204636175	0.196	0.135	1	chrX-129651895-129656310	2
0.204039006529443	0.517745280628743	0.159	0.108	1	chr18-27057084-27058386	2
0.20418765712068	0.49237913312997	0.155	0.099	1	chr7-77479185-77480141	2
0.204313863795961	0.465522328266083	0.167	0.108	1	chr13-30486114-30487314	2
0.204372320703995	0.2551256911044	0.371	0.279	1	chr1-88682786-88685626	2
0.204395839157528	0.324636448857126	0.314	0.234	1	chr1-114669111-114672010	2
0.204579104846368	0.335691851972586	0.371	0.288	1	chr5-79234869-79238142	2
0.204641920668257	0.459097259747862	0.176	0.117	1	chr7-100022338-100024496	2
0.205310860588148	0.298350669729493	0.371	0.279	1	chr8-140463638-140465514	2
0.20538781406444	0.424633681783788	0.269	0.198	1	chr4-176318418-176321475	2
0.205497581505391	0.557378380006348	0.163	0.108	1	chr10-99930411-99931959	2
0.205497581505391	0.525384409034693	0.163	0.108	1	chr12-401096-402700	2
0.205511348033759	0.569324444955362	0.151	0.099	1	chr7-46932052-46934073	2
0.205531098264996	0.451710749528378	0.188	0.126	1	chr9-128078406-128079698	2
0.205995600936069	0.556091956726481	0.159	0.108	1	chr10-3102176-3103734	2
0.206182632691097	0.624540263199451	0.151	0.099	1	chr1-58884605-58886656	2
0.206185734975415	0.452132956750786	0.216	0.153	1	chr19-5789794-5791689	2
0.206240620627738	0.465006942383506	0.167	0.108	1	chr9-110188687-110189840	2
0.206347305831436	0.400146535954395	0.351	0.261	1	chr7-90766442-90768629	2
0.206393601057091	0.274813513904821	0.441	0.378	1	chr1-225921467-225925105	2
0.206404271775532	0.498824629133821	0.208	0.144	1	chr16-645032-650890	2
0.206650818136368	0.575425707574994	0.159	0.108	1	chr16-85010114-85012325	2
0.206796457348524	0.462855866127484	0.163	0.108	1	chr15-68227997-68230489	2
0.206855508464633	0.573285385617913	0.151	0.099	1	chr17-50684420-50685382	2
0.207152485026814	0.280372206348712	0.261	0.18	1	chr4-145096740-145099626	2
0.207157779063429	0.423871693362828	0.176	0.117	1	chr15-40955626-40958849	2
0.207813171081314	0.451205179585079	0.229	0.162	1	chr1-93877982-93880353	2
0.207919550248155	0.351425744761628	0.253	0.18	1	chr2-210169756-210172457	2
0.208042442290505	0.368037674774231	0.298	0.216	1	chr3-42488777-42491103	2
0.208184602262527	0.436950806720772	0.155	0.099	1	chr18-12701863-12704214	2
0.208542594131723	0.273533107910898	0.388	0.288	1	chr1-180631263-180632989	2
0.20870666969231	0.284401564208993	0.416	0.333	1	chr1-205748326-205751013	2
0.208823725142219	0.289968002200275	0.273	0.189	1	chr5-140174409-140176340	2
0.208847920286453	0.459019751378681	0.233	0.171	1	chr12-8025989-8027612	2
0.20885623740794	0.564486642040098	0.155	0.099	1	chr4-1008663-1012899	2
0.208883696500723	0.565606515253806	0.151	0.099	1	chr10-59965034-59966133	2
0.209072981369607	0.528116360316989	0.18	0.126	1	chr17-64261944-64264110	2
0.209140673209506	0.529982997741842	0.171	0.117	1	chr6-151067513-151068679	2
0.209247316053529	0.502286772050178	0.18	0.117	1	chr4-56409028-56411055	2
0.209270991348378	0.481732172728675	0.204	0.144	1	chr4-82676827-82678242	2
0.209286816954019	0.615006782339466	0.159	0.108	1	chr14-103920354-103922078	2
0.209412066591582	0.468579519601502	0.163	0.108	1	chr1-998901-1002422	2
0.20943634639469	0.445610071520579	0.159	0.099	1	chr7-6842251-6843521	2
0.209461400823764	0.538874476737097	0.171	0.117	1	chr9-134282901-134284726	2
0.209483334616675	0.290116656482262	0.384	0.297	1	chr7-123533868-123535670	2
0.209823112290587	0.297712224968447	0.359	0.261	1	chr7-149194837-149198252	2
0.209879704367084	0.404959903533515	0.18	0.117	1	chr14-75427645-75431658	2
0.209879704367084	0.566343190557619	0.176	0.126	1	chr12-79414014-79416499	2
0.209976066106906	0.453629251584321	0.212	0.144	1	chr3-3798795-3802230	2
0.20997849138802	0.476617967713742	0.212	0.153	1	chr2-109612907-109614889	2
0.210174326562449	0.348774466822917	0.273	0.198	1	chr5-16464707-16467771	2
0.210469652851617	0.390052783038664	0.233	0.162	1	chr16-11255247-11257866	2
0.210690992024925	0.411892201946621	0.269	0.198	1	chr5-149546020-149547615	2
0.210787630178237	0.440582605260956	0.167	0.108	1	chr1-148432445-148433569	2
0.210945219528997	0.456273082102486	0.22	0.162	1	chr1-27772602-27774401	2
0.210993677753827	0.253603319420328	0.384	0.288	1	chr3-120681969-120686286	2
0.211382439549131	0.443296946223765	0.192	0.126	1	chr1-21621697-21627236	2
0.211907188543788	0.340768016912972	0.257	0.18	1	chr6-89078982-89084044	2
0.212237969539988	0.495046790278354	0.155	0.099	1	chr16-89686316-89688147	2
0.212256677435227	0.427753328232914	0.176	0.117	1	chr8-73975423-73977059	2
0.212335492326613	0.402622045304673	0.2	0.135	1	chr3-120660879-120662664	2
0.212544412857167	0.448640957883066	0.224	0.162	1	chr6-148341905-148344364	2
0.212682094866452	0.376162558505176	0.261	0.189	1	chr13-21175443-21178040	2
0.212715163940892	0.515717457865974	0.163	0.108	1	chr6-12007503-12009658	2
0.212715163940892	0.52923002333108	0.163	0.108	1	chr17-42666749-42668615	2
0.212757631610435	0.274072719766095	0.359	0.27	1	chr2-200962572-200964646	2
0.212813715199207	0.409544045634745	0.245	0.171	1	chr7-32668272-32669775	2
0.21285930425914	0.353997176531655	0.253	0.18	1	chr12-62602223-62604130	2
0.212977567654948	0.32869963840835	0.29	0.216	1	chr1-145956713-145958627	2
0.212993873652404	0.293025953909727	0.433	0.333	1	chr4-39637229-39640323	2
0.21324273175149	0.436479705976476	0.184	0.126	1	chr5-136132131-136134359	2
0.213515562964982	0.443623262647232	0.212	0.153	1	chr16-28821964-28825198	2
0.21351774892297	0.437520412312156	0.208	0.144	1	chr17-42577097-42579083	2
0.213519321032999	0.355632181023294	0.249	0.18	1	chr9-37119694-37121435	2
0.213527220751274	0.409738150744722	0.229	0.162	1	chr8-123979316-123981047	2
0.213527220751274	0.420299480596468	0.229	0.162	1	chr8-143333720-143335672	2
0.213545450836258	0.485791585438176	0.176	0.117	1	chr16-424009-426948	2
0.213545450836258	0.514440100340154	0.176	0.117	1	chr18-41954627-41956164	2
0.213702988157266	0.452939979885231	0.224	0.162	1	chr15-60373518-60375555	2
0.213950429234687	0.444722975394303	0.233	0.171	1	chr5-172419755-172421442	2
0.21408275520005	0.257818398620963	0.335	0.243	1	chr3-186782385-186791811	2
0.214167542437853	0.405880710247594	0.2	0.135	1	chr5-121960943-121963461	2
0.214345192040643	0.418094427153708	0.18	0.117	1	chr1-159957742-159958763	2
0.214345192040643	0.424123775080529	0.18	0.117	1	chr12-2957909-2960901	2
0.214640314721105	0.48448410297807	0.171	0.117	1	chr7-21128065-21129395	2
0.214675669159136	0.461964013968128	0.204	0.144	1	chr10-80498301-80500051	2
0.214675669159136	0.483482573256988	0.204	0.144	1	chr15-55740783-55743846	2
0.214931489666326	0.476283873182271	0.196	0.135	1	chr16-56551578-56552895	2
0.215395225981763	0.311707308268421	0.2	0.135	1	chr9-127770833-127772076	2
0.215467749171243	0.421662009113178	0.188	0.126	1	chr3-42128214-42131249	2
0.215550217750608	0.461291837985994	0.196	0.135	1	chr10-124418188-124419525	2
0.215659082909451	0.424051071184241	0.155	0.099	1	chr16-89837077-89838685	2
0.215729381118117	0.265565322730833	0.184	0.117	1	chr20-18566583-18568310	2
0.21584427774036	0.389444563127822	0.229	0.162	1	chr1-151326449-151328636	2
0.215949346355968	0.568176862196769	0.171	0.117	1	chr13-113216018-113217202	2
0.21635361401461	0.303398915825137	0.298	0.216	1	chr3-142999623-143003146	2
0.216499398142377	0.415738153982772	0.204	0.144	1	chr1-26620018-26621840	2
0.216531698677743	0.343399902576557	0.212	0.144	1	chr3-185796120-185797576	2
0.216728340772957	0.498313129380296	0.163	0.108	1	chr17-81909746-81912180	2
0.216757637523539	0.283580436400396	0.318	0.234	1	chr8-133849990-133852811	2
0.217206037277494	0.412794084073173	0.224	0.162	1	chr10-74150121-74152157	2
0.217336493063049	0.520957437606129	0.18	0.126	1	chr17-35567372-35568950	2
0.217414097648783	0.390706508488573	0.196	0.135	1	chr4-44725374-44727464	2
0.217512439242469	0.403371469653318	0.22	0.153	1	chr1-153122561-153123598	2
0.217544559403872	0.503285547262084	0.192	0.135	1	chr1-67748478-67750711	2
0.217669476417013	0.350271964401611	0.224	0.153	1	chr12-57771202-57773506	2
0.217797994888814	0.309210145882565	0.371	0.279	1	chr4-185395268-185397871	2
0.217839035418049	0.598055734264346	0.151	0.099	1	chr6-7541056-7543520	2
0.217858503602789	0.371721198128039	0.196	0.126	1	chr8-106044967-106046995	2
0.218100607032986	0.471859097165396	0.176	0.117	1	chr1-200028584-200029880	2
0.218115758636222	0.438755735818033	0.245	0.18	1	chr3-184144216-184145861	2
0.218323714532979	0.419535525589173	0.188	0.126	1	chr2-27427927-27430809	2
0.218336502885569	0.455546094255179	0.184	0.126	1	chr9-108963194-108964188	2
0.2187033721938	0.390710153963824	0.22	0.153	1	chr16-68528365-68530880	2
0.218704457715205	0.502156216924527	0.159	0.108	1	chr17-37716673-37718448	2
0.218755237501997	0.462865984626659	0.163	0.108	1	chr5-107217367-107219599	2
0.218757002214979	0.36280786379049	0.176	0.117	1	chr4-9150793-9154139	2
0.219011155337487	0.35397678915523	0.253	0.18	1	chr1-206585873-206588144	2
0.2194331103069	0.462254099769813	0.192	0.135	1	chr21-33324161-33326052	2
0.219623408571885	0.274557179458313	0.351	0.261	1	chr1-86912477-86916090	2
0.219944282201536	0.5184518235198	0.151	0.099	1	chr18-73188971-73190894	2
0.220044178727297	0.352795929888951	0.224	0.153	1	chr19-36331266-36332714	2
0.220114044785734	0.444135072173835	0.163	0.108	1	chr1-46197569-46199550	2
0.220156644708374	0.448864723965829	0.224	0.162	1	chr12-48104338-48106831	2
0.220186660959826	0.408259905898089	0.18	0.117	1	chr3-124551636-124553515	2
0.220515106694815	0.480862659998677	0.155	0.099	1	chr1-211698219-211699155	2
0.220627855740488	0.282784848976309	0.412	0.333	1	chr7-108568065-108571237	2
0.220774445910648	0.393509691213378	0.167	0.108	1	chr11-66743092-66745793	2
0.220827082202628	0.396303831578288	0.253	0.189	1	chr9-121199963-121202708	2
0.221036328751063	0.558406931414188	0.167	0.117	1	chr17-39926362-39928877	2
0.221228649450264	0.489371279742324	0.18	0.126	1	chr1-226869949-226871982	2
0.221326269352032	0.445967879124659	0.212	0.153	1	chr16-74605859-74607852	2
0.221355866462241	0.546019029339629	0.151	0.099	1	chr6-29964505-29966698	2
0.221355866462241	0.529142331163547	0.151	0.099	1	chr17-7557801-7559478	2
0.221478547874464	0.451873005088103	0.233	0.171	1	chr6-169700396-169703312	2
0.222037424008157	0.445753921786778	0.204	0.144	1	chr2-20650165-20652049	2
0.222310860663852	0.457513165998813	0.208	0.153	1	chr6-56369962-56371052	2
0.222398364159236	0.353138531887929	0.294	0.216	1	chr5-139650630-139656643	2
0.222497043403626	0.371617206314655	0.188	0.126	1	chr20-31710649-31713338	2
0.222671292727226	0.342843951479052	0.261	0.189	1	chr3-69089950-69094415	2
0.222773931422056	0.481454814712613	0.151	0.099	1	chr6-34597431-34599499	2
0.22290850774459	0.3394550308297	0.22	0.153	1	chr1-32741044-32744423	2
0.222956127501425	0.269705711501751	0.494	0.396	1	chr8-140456277-140460904	2
0.222986827121638	0.339037422349448	0.265	0.189	1	chr18-51029341-51031562	2
0.223434187519878	0.405506387806769	0.249	0.18	1	chr2-203533955-203536244	2
0.223498872840668	0.36661518243093	0.2	0.135	1	chrX-109536323-109538393	2
0.223668988704231	0.297067951094442	0.257	0.18	1	chr5-94110563-94112245	2
0.223851022230242	0.435081657647312	0.18	0.126	1	chr14-101809290-101811002	2
0.224240494923315	0.346353109075796	0.257	0.18	1	chr1-42338622-42341384	2
0.224347432078811	0.404369620506421	0.196	0.135	1	chr2-102206346-102207454	2
0.224376123190046	0.306766384823192	0.31	0.243	1	chr1-109151014-109152965	2
0.224380586362462	0.27914614542742	0.273	0.189	1	chr9-89440062-89442079	2
0.224561505031652	0.261599124798426	0.367	0.279	1	chr1-54015860-54017109	2
0.224913201501858	0.499050674719223	0.151	0.099	1	chr2-24918812-24921587	2
0.225073367003069	0.266605100115362	0.457	0.378	1	chr3-39405820-39417996	2
0.225294192133473	0.284892677458552	0.29	0.216	1	chr1-67879796-67881050	2
0.225443272815118	0.313146096937595	0.294	0.225	1	chr1-231527720-231529353	2
0.225629542372107	0.472739867189306	0.151	0.099	1	chr4-78644657-78646722	2
0.225717414463423	0.530605311847925	0.196	0.144	1	chr7-101321073-101322742	2
0.225763684768821	0.409929877863265	0.208	0.144	1	chr14-37197170-37198885	2
0.225950600008863	0.464424649884353	0.171	0.117	1	chr16-48622892-48624107	2
0.22641438907077	0.404256111213694	0.204	0.144	1	chr10-24465296-24467503	2
0.226707702840093	0.25183264367037	0.384	0.279	1	chr12-120228037-120232589	2
0.226799333321921	0.434082004179945	0.184	0.126	1	chr3-11476947-11482250	2
0.227044660474833	0.418481939645414	0.204	0.144	1	chr5-71600838-71602111	2
0.227352903706226	0.421628119461178	0.237	0.171	1	chr5-73495665-73499574	2
0.227695772364421	0.453342021086496	0.163	0.108	1	chrX-76172371-76174071	2
0.227831471172747	0.528153625281298	0.167	0.117	1	chr1-63980534-63981692	2
0.228175931241168	0.268403000300787	0.51	0.414	1	chr2-197497985-197502741	2
0.228306894133481	0.274841979166292	0.453	0.351	1	chr1-61076041-61084174	2
0.228399710806488	0.378767199016898	0.22	0.153	1	chrX-2608535-2610661	2
0.228511191533427	0.528131260880953	0.151	0.099	1	chr11-48088180-48089387	2
0.228641619689038	0.308232352786698	0.31	0.243	1	chr5-1384836-1387901	2
0.228672571336939	0.475078746533974	0.171	0.117	1	chr6-148885784-148888120	2
0.228773631920235	0.41407898879397	0.176	0.117	1	chr15-48962615-48964457	2
0.229128470626977	0.523581040829851	0.159	0.108	1	chr13-94595354-94596902	2
0.229689011875306	0.365156295773399	0.188	0.126	1	chr5-122844216-122848140	2
0.229795441957028	0.409759049978232	0.163	0.108	1	chr2-54115013-54116228	2
0.229962143779928	0.321291021422318	0.327	0.252	1	chr9-98255042-98258077	2
0.230748159206008	0.451245311702359	0.216	0.153	1	chr16-2015037-2016707	2
0.230783178408248	0.477302229142555	0.184	0.126	1	chr1-90850984-90852305	2
0.230815534019664	0.413124438817402	0.176	0.117	1	chr8-81103971-81105003	2
0.230870921825499	0.40441670598969	0.22	0.153	1	chr6-142146682-142147800	2
0.231053455426785	0.320458636885114	0.384	0.306	1	chr16-58024449-58028907	2
0.231117170918918	0.381285184402639	0.208	0.144	1	chr17-17280093-17281922	2
0.231255021517276	0.522419488637237	0.159	0.108	1	chr22-31055257-31056167	2
0.231491682442711	0.30767286837477	0.22	0.153	1	chr17-11996584-11998201	2
0.231530343937792	0.49933213848305	0.176	0.126	1	chr14-102948943-102950664	2
0.23159991914518	0.370052440593074	0.249	0.18	1	chr6-122494106-122495703	2
0.231609526561826	0.327876754076673	0.282	0.207	1	chr6-125985348-125987602	2
0.231966977781892	0.49670678685227	0.159	0.108	1	chr6-30060409-30062474	2
0.23197931807368	0.526203233704586	0.167	0.117	1	chr3-123089202-123090963	2
0.23197931807368	0.506134143521469	0.167	0.117	1	chr6-27019048-27020824	2
0.232107761982994	0.491350749238187	0.171	0.117	1	chr20-58906674-58908589	2
0.23237908538643	0.280305760411123	0.327	0.234	1	chr12-56220490-56222851	2
0.232497764520562	0.539911973899921	0.163	0.117	1	chr8-108247867-108249529	2
0.232816135496346	0.31528013166138	0.224	0.153	1	chr16-30874292-30877269	2
0.233325346088385	0.513678326507611	0.163	0.108	1	chr21-34072833-34075443	2
0.233395555405548	0.486707600082386	0.159	0.108	1	chr2-86562364-86564102	2
0.233427781215243	0.438842496153088	0.233	0.171	1	chr1-53237582-53239656	2
0.233492044065126	0.428185972566287	0.171	0.117	1	chr7-122304159-122306210	2
0.233616954042204	0.470199263360092	0.151	0.099	1	chr7-30616059-30618612	2
0.233762350333732	0.362047545272483	0.339	0.279	1	chr1-52364430-52366967	2
0.233890744030573	0.322237228258807	0.359	0.279	1	chr7-66653703-66655829	2
0.234036015349668	0.451574720655777	0.163	0.108	1	chr7-1568879-1571264	2
0.234140839683832	0.435707485822528	0.184	0.126	1	chr8-123536599-123538807	2
0.234266544389672	0.294202321963141	0.322	0.243	1	chr7-150367064-150371927	2
0.234326583204922	0.323554848661098	0.331	0.252	1	chr1-38011833-38013780	2
0.23444383627195	0.356951440760574	0.257	0.189	1	chr12-52191716-52192886	2
0.234455747200343	0.283450905598999	0.241	0.171	1	chr7-74172224-74176020	2
0.234629008017726	0.401688758717855	0.208	0.144	1	chr6-43149472-43151161	2
0.234705638884339	0.377745392765885	0.204	0.144	1	chr7-98616717-98620577	2
0.23471988509224	0.42315368681154	0.224	0.162	1	chr12-12611208-12612879	2
0.234816504732493	0.408773614619766	0.184	0.126	1	chr3-149282554-149284242	2
0.234830359871729	0.472528299258553	0.159	0.108	1	chr2-236166988-236168910	2
0.234938117740915	0.415072797451529	0.176	0.117	1	chr1-32107469-32109757	2
0.235075905630888	0.386072977849692	0.2	0.135	1	chr3-150149194-150151054	2
0.235258803646837	0.341262258090157	0.237	0.162	1	chr8-100486091-100488562	2
0.235371031669362	0.398070828996187	0.196	0.135	1	chr17-57016360-57017398	2
0.235396664681525	0.467972909841992	0.2	0.144	1	chr15-23564686-23567367	2
0.235550099658785	0.54564650765431	0.159	0.108	1	chr16-3642361-3643674	2
0.236031213501289	0.423609310330546	0.196	0.135	1	chr1-116202834-116204045	2
0.236048589167095	0.444367373697423	0.2	0.144	1	chr10-56360631-56362411	2
0.236171974249578	0.445064734373991	0.184	0.126	1	chr1-110355740-110357063	2
0.236244557110919	0.330435268163253	0.314	0.234	1	chr12-53052167-53055011	2
0.236387982363819	0.359488925481141	0.2	0.135	1	chr20-48945356-48946605	2
0.236485220900688	0.417346269554591	0.233	0.171	1	chr8-94240792-94243093	2
0.236692704088754	0.426516721745118	0.196	0.135	1	chr7-107044038-107047403	2
0.236692704088754	0.430818662937501	0.196	0.135	1	chr17-75204527-75207366	2
0.236733586627742	0.408842185555613	0.249	0.189	1	chr6-118650353-118652324	2
0.237119020085706	0.29706458857213	0.322	0.234	1	chr15-69159843-69161842	2
0.2373130993316	0.385917635510401	0.151	0.099	1	chr7-131555382-131557384	2
0.2373130993316	0.460612800569638	0.151	0.099	1	chr10-4849404-4850740	2
0.237655887645769	0.431127793194896	0.261	0.198	1	chr6-113969454-113972317	2
0.237674230677553	0.35784896084301	0.253	0.189	1	chr4-106314500-106317457	2
0.237678279110851	0.404521647489674	0.216	0.153	1	chr12-122110767-122112551	2
0.237686157933782	0.29938877275248	0.261	0.189	1	chr6-143773554-143775840	2
0.237917061996981	0.280840347977797	0.327	0.243	1	chr1-202045716-202047732	2
0.238162897463846	0.273863557884603	0.253	0.171	1	chr11-31369173-31370424	2
0.238215248623631	0.342344672584642	0.318	0.243	1	chr12-56078597-56082520	2
0.238215539232328	0.454349287075663	0.184	0.126	1	chr7-140923330-140925495	2
0.238583998013695	0.390259680358407	0.257	0.189	1	chr2-232549563-232551768	2
0.238674728581904	0.389405502800051	0.245	0.18	1	chr7-2353381-2357694	2
0.238689975089216	0.444611864392555	0.208	0.153	1	chr1-13798720-13802251	2
0.23872889777121	0.308821731161225	0.355	0.27	1	chr1-26691992-26694198	2
0.238880065204787	0.556380873535322	0.163	0.117	1	chr6-73394184-73395700	2
0.239053077402276	0.400580892049234	0.163	0.108	1	chr3-141951929-141953507	2
0.239087673550572	0.469110934151534	0.171	0.117	1	chr5-154394034-154396186	2
0.239096776195932	0.343606836257797	0.306	0.243	1	chr6-159725826-159729009	2
0.239361358154582	0.489652313630207	0.18	0.126	1	chr14-91829005-91831893	2
0.239593567478064	0.390435406831121	0.216	0.153	1	chr10-114820984-114824586	2
0.239634002655216	0.417061309949545	0.237	0.18	1	chr5-90908695-90912693	2
0.240418428059556	0.293337360056364	0.318	0.243	1	chr18-49485989-49489202	2
0.240964412822039	0.312377227642965	0.29	0.216	1	chr1-160260683-160263404	2
0.241149532295871	0.477356107031627	0.167	0.117	1	chr10-59361839-59363518	2
0.241179100206729	0.509324972740419	0.176	0.126	1	chr1-228173529-228175353	2
0.241317631059652	0.415126753445475	0.237	0.171	1	chr2-169714887-169717735	2
0.241887430298194	0.380662022900898	0.204	0.144	1	chr12-60709732-60711635	2
0.242013553518303	0.269996755294317	0.347	0.27	1	chr16-68736742-68743446	2
0.242031831925624	0.376607757385018	0.196	0.135	1	chr7-94003447-94005064	2
0.242134370029871	0.457587216692767	0.18	0.126	1	chr6-30488962-30490509	2
0.242173558329089	0.370882094896771	0.257	0.189	1	chr2-196170060-196172343	2
0.242185854805369	0.518990843567979	0.155	0.108	1	chr3-10815561-10816858	2
0.242421811340639	0.386371165491583	0.208	0.144	1	chr6-52576351-52577850	2
0.242547906392384	0.380557436486516	0.204	0.144	1	chr7-6729259-6730759	2
0.242580275000363	0.496901129821381	0.176	0.126	1	chr2-2613009-2614253	2
0.242682836484211	0.43261684272234	0.163	0.108	1	chr10-71376694-71378057	2
0.242691049417614	0.439364290897141	0.196	0.144	1	chr2-235007278-235009399	2
0.24271389110966	0.351815367773033	0.294	0.225	1	chr6-36027219-36029900	2
0.242775492771938	0.368908538162565	0.257	0.189	1	chr9-137172137-137175246	2
0.243032317991685	0.42338528022629	0.184	0.126	1	chr6-36905747-36908410	2
0.243185864726245	0.344532206144985	0.188	0.126	1	chr16-9364451-9366131	2
0.243339067936852	0.387321041389465	0.176	0.117	1	chr12-10673381-10674748	2
0.243777478504435	0.294006544200734	0.392	0.324	1	chr1-41043981-41047235	2
0.243875041761072	0.412290247533682	0.188	0.126	1	chr12-56448497-56449928	2
0.243971417471407	0.40048685009687	0.2	0.144	1	chr11-129315449-129316616	2
0.244018694207012	0.41430583392373	0.212	0.153	1	chr12-123711438-123714280	2
0.244032931955002	0.453248756896356	0.196	0.144	1	chr4-27094265-27095602	2
0.244116609948743	0.468521168563784	0.224	0.171	1	chr5-93579929-93586241	2
0.244480476380738	0.331661071796046	0.224	0.162	1	chr10-79086152-79088903	2
0.244816974738692	0.271401906461723	0.4	0.306	1	chr1-153966309-153969337	2
0.244817225942366	0.32151893602088	0.224	0.153	1	chr1-228902652-228904231	2
0.244879203335021	0.379767212122795	0.163	0.108	1	chr6-130018085-130021539	2
0.245061060701426	0.407349184621355	0.192	0.135	1	chr22-17084102-17085742	2
0.245117470212289	0.371554628882612	0.184	0.126	1	chr8-121097101-121098091	2
0.245357239178337	0.304098489671678	0.273	0.198	1	chr1-61141405-61144369	2
0.245466924900506	0.483999856987766	0.167	0.117	1	chr4-138897561-138898811	2
0.245471891986414	0.477450128103064	0.176	0.117	1	chr1-32208382-32209833	2
0.245495060286604	0.382631164274338	0.171	0.117	1	chr9-93342077-93343085	2
0.245692087115445	0.310494293634143	0.265	0.189	1	chr12-50400114-50402950	2
0.245772457888915	0.323619311362485	0.327	0.261	1	chr8-108442751-108444652	2
0.245910828205427	0.537471394887133	0.155	0.108	1	chr6-89940211-89942017	2
0.246363834926042	0.278006010052965	0.261	0.189	1	chr1-67571973-67573799	2
0.246387286439769	0.355758823461941	0.269	0.198	1	chr16-81598509-81603328	2
0.246387438474298	0.348970659526067	0.273	0.207	1	chr1-8411762-8413377	2
0.246389609624783	0.257749055002527	0.42	0.324	1	chr16-67561154-67564732	2
0.246767463937104	0.322326632574347	0.241	0.171	1	chr9-131544980-131547302	2
0.246818111617372	0.285180920826327	0.18	0.117	1	chr2-173230069-173231927	2
0.247091938981275	0.397219440129115	0.233	0.171	1	chr6-108847696-108849234	2
0.247116023730814	0.390344372958405	0.192	0.135	1	chr9-132353972-132355709	2
0.247215142289577	0.39443430293657	0.184	0.126	1	chr7-97116296-97118694	2
0.247278694094184	0.496300241729269	0.159	0.108	1	chr12-120473807-120475149	2
0.24739472248626	0.285855615945747	0.241	0.171	1	chr17-4709517-4711271	2
0.247410409172999	0.448775641596072	0.196	0.144	1	chr7-90226806-90230689	2
0.247422398076717	0.283541617832712	0.192	0.126	1	chr2-237662253-237663458	2
0.247854075342192	0.423172723087715	0.208	0.153	1	chr1-33348295-33351252	2
0.248023096560417	0.33062902309914	0.241	0.171	1	chr12-31958567-31960748	2
0.248108313651016	0.322348391948891	0.306	0.243	1	chr1-46401445-46402926	2
0.248240205462215	0.312743918245141	0.257	0.189	1	chr7-135147168-135149128	2
0.248496676223042	0.368032543614724	0.29	0.225	1	chr9-26945453-26947989	2
0.248562069465874	0.341137523796953	0.249	0.18	1	chr6-26203949-26206710	2
0.248875351188871	0.388260600115867	0.278	0.207	1	chr17-28570317-28573063	2
0.249183024886047	0.412078381024358	0.192	0.135	1	chr6-42959859-42961681	2
0.249417751769318	0.465788669880607	0.151	0.099	1	chr17-49100870-49102056	2
0.249874703461262	0.388503934517752	0.192	0.135	1	chr7-123556837-123558560	2
0.249876430531424	0.414771884692845	0.18	0.126	1	chr3-24139422-24142327	2
0.249876430531424	0.451852018261771	0.18	0.126	1	chr4-150077700-150079229	2
0.25027367137378	0.460015257274987	0.159	0.108	1	chr1-10474479-10476293	2
0.250325291716454	0.382141288306497	0.241	0.18	1	chr6-53347154-53350460	2
0.250404845715733	0.287514223826556	0.347	0.279	1	chr17-7854947-7859082	2
0.250572643760001	0.387148193166972	0.204	0.144	1	chr1-12615085-12618580	2
0.250588734241833	0.469570818501658	0.18	0.126	1	chr17-65559706-65562352	2
0.250602450460705	0.336351598694189	0.212	0.153	1	chr1-147598920-147601237	2
0.251107542540788	0.466924610995886	0.176	0.126	1	chr18-12599199-12600329	2
0.251552866649532	0.267695538053206	0.261	0.189	1	chr6-32127615-32130974	2
0.251700765373862	0.378009468545127	0.237	0.171	1	chr16-30747393-30749091	2
0.251948909644421	0.415060085161205	0.176	0.117	1	chr1-116580583-116581966	2
0.252013169179206	0.504495940533551	0.163	0.117	1	chr1-119617675-119619017	2
0.252017591498522	0.441486894546224	0.18	0.126	1	chr4-113645290-113647045	2
0.252021928792433	0.432524988799649	0.171	0.117	1	chr3-169764169-169765715	2
0.252602309942463	0.273271999093601	0.355	0.288	1	chr17-28383804-28385924	2
0.252607466445438	0.353675164102494	0.204	0.144	1	chr11-18383239-18384997	2
0.252675866952441	0.407984104959274	0.176	0.117	1	chr11-19828746-19830012	2
0.253073219633796	0.268304592031847	0.343	0.252	1	chr17-7258610-7265218	2
0.253134285865834	0.304350365707958	0.314	0.234	1	chr1-212949852-212951577	2
0.253231263504069	0.252656920008952	0.486	0.414	1	chr8-109333315-109335422	2
0.25344236090847	0.316155332496475	0.229	0.162	1	chr3-169661777-169664040	2
0.253615442333882	0.340070438938706	0.302	0.225	1	chr7-128454982-128457870	2
0.253856583619691	0.297863998167702	0.249	0.171	1	chr6-108155351-108157305	2
0.253942795338377	0.321437487807888	0.237	0.171	1	chr1-223711886-223713484	2
0.253971800084511	0.407380094522873	0.216	0.153	1	chr1-235006642-235007524	2
0.254184441238637	0.282499797026016	0.331	0.252	1	chr12-122525775-122528061	2
0.254632907373868	0.319513823046106	0.22	0.153	1	chr12-1690369-1691852	2
0.254846976802472	0.417926369185833	0.151	0.099	1	chr3-171966755-171967894	2
0.255006498470463	0.47586977466888	0.167	0.117	1	chr7-134965981-134967530	2
0.255014105177231	0.565072800808827	0.155	0.108	1	chr1-201877585-201878748	2
0.255284241090128	0.394138464930666	0.212	0.153	1	chr1-155193170-155195771	2
0.255338434666474	0.29113465211248	0.204	0.144	1	chr3-185282319-185283966	2
0.255338434666474	0.413028258414418	0.204	0.144	1	chr6-36681982-36683637	2
0.255448721904011	0.479512621087728	0.176	0.126	1	chr22-45742625-45744729	2
0.255598306399927	0.383371587721345	0.176	0.117	1	chr6-87589334-87590681	2
0.255810929511808	0.296794046464609	0.208	0.144	1	chr1-111619092-111621035	2
0.256242940382165	0.289825829946487	0.318	0.243	1	chr10-80452585-80455838	2
0.256392564475845	0.292498266048452	0.253	0.18	1	chr4-69983626-69984840	2
0.256973883180943	0.286397244430402	0.351	0.279	1	chr1-145989904-145997434	2
0.257326079803429	0.474413047804528	0.155	0.108	1	chr1-91744693-91746403	2
0.257587611770722	0.411236770064185	0.2	0.144	1	chr16-48383489-48386294	2
0.257754548915735	0.346571117399353	0.261	0.189	1	chr9-37079075-37080706	2
0.257862782461065	0.358526941122004	0.208	0.144	1	chr13-33284837-33286310	2
0.257871650023091	0.453516560069923	0.159	0.108	1	chr16-79770113-79771111	2
0.257891952872156	0.3965591411738	0.184	0.126	1	chr14-59968548-59970207	2
0.257911924785357	0.376882533356495	0.22	0.162	1	chr9-94629887-94633335	2
0.257926068405172	0.36149221253689	0.253	0.189	1	chr10-61922896-61924685	2
0.25808806277404	0.291700750186665	0.2	0.135	1	chr2-27085377-27087518	2
0.258099960151225	0.518728930697892	0.155	0.108	1	chr20-38961559-38963387	2
0.258229186381877	0.487772231876485	0.233	0.189	1	chr2-197433567-197436534	2
0.258659225498435	0.25875134516131	0.445	0.396	1	chr1-225777016-225779487	2
0.258670135055848	0.371348473861979	0.216	0.153	1	chr9-136362509-136364375	2
0.258743326055594	0.477356036447077	0.167	0.117	1	chr2-118321372-118322668	2
0.258818055456478	0.314492133620264	0.224	0.162	1	chr3-155743409-155746409	2
0.259113495905842	0.403768770885944	0.163	0.108	1	chr3-185537212-185538063	2
0.259119381171518	0.34045908136565	0.237	0.171	1	chr4-128385220-128387957	2
0.25937927383173	0.278103719915966	0.278	0.198	1	chr1-246775043-246776842	2
0.259410243689962	0.46605072201082	0.159	0.108	1	chr2-209368293-209369725	2
0.259841794332242	0.461333239629923	0.176	0.126	1	chr3-183294975-183296238	2
0.259994430371277	0.409251561155124	0.208	0.153	1	chr17-72406828-72408278	2
0.260217680526654	0.272901184345651	0.273	0.198	1	chr4-76305494-76307765	2
0.260252607505258	0.421219121411319	0.22	0.162	1	chr10-78964522-78965990	2
0.260303064972958	0.318548021939649	0.273	0.207	1	chr1-99849277-99851097	2
0.260424870446897	0.315170938643283	0.237	0.171	1	chr1-33255186-33258557	2
0.260708335935232	0.308648560020665	0.31	0.243	1	chr4-673136-685350	2
0.260710005640444	0.392436542275381	0.18	0.126	1	chr2-241101034-241103708	2
0.260828058927009	0.35830483658482	0.188	0.126	1	chr1-204477435-204480563	2
0.260924047278123	0.426715850672324	0.22	0.162	1	chr17-19647014-19649518	2
0.260955183540212	0.397812065040087	0.159	0.108	1	chr11-45993207-45995549	2
0.261665525086535	0.320179663542803	0.269	0.198	1	chr16-24538725-24541271	2
0.261730035012027	0.446958260873017	0.159	0.108	1	chr3-50327782-50329140	2
0.261838780045563	0.368768997855505	0.192	0.135	1	chr6-70666942-70669801	2
0.262014294119592	0.358240576245365	0.22	0.153	1	chr9-136885535-136887672	2
0.262057583247804	0.254150202881246	0.359	0.279	1	chr5-31530806-31534976	2
0.262079242087501	0.277383979530466	0.273	0.198	1	chr1-37988977-37990784	2
0.26209881653079	0.326210161733714	0.294	0.225	1	chr4-145178842-145181602	2
0.262653396790263	0.336578285095826	0.314	0.252	1	chr6-166381312-166384295	2
0.262777125758642	0.487492556862854	0.155	0.108	1	chr1-47962875-47964367	2
0.262956772358961	0.25021240061263	0.31	0.234	1	chr2-172555133-172557307	2
0.263146069397494	0.365704187821266	0.241	0.18	1	chr15-89136360-89138318	2
0.263288950269307	0.283294857854046	0.388	0.306	1	chr8-67061218-67065537	2
0.263366803858978	0.308614042148031	0.188	0.126	1	chr8-98291435-98295142	2
0.263715187492379	0.329110954411498	0.184	0.126	1	chr2-27080986-27081849	2
0.263715187492379	0.394863143835781	0.184	0.126	1	chr6-136643607-136644962	2
0.263960346905845	0.287614135341331	0.224	0.153	1	chr1-164659403-164660902	2
0.264020984024132	0.331709651110415	0.273	0.207	1	chr1-223844723-223847296	2
0.264038369359796	0.398201445593028	0.167	0.117	1	chr2-158885156-158886416	2
0.264393574262261	0.284536067765434	0.22	0.153	1	chr3-100040674-100043424	2
0.264589839006654	0.408284324111213	0.2	0.144	1	chr16-15093072-15094956	2
0.265058139064752	0.333943928456458	0.204	0.144	1	chr1-15846957-15850738	2
0.26513310884366	0.399275959393834	0.18	0.126	1	chr21-14699367-14700978	2
0.265186024832869	0.305641880584813	0.224	0.162	1	chr5-16572543-16575928	2
0.265207955014536	0.262517214766743	0.298	0.207	1	chr10-133435-138042	2
0.265436242009752	0.440152468397686	0.171	0.117	1	chr6-170224580-170226800	2
0.265950643436868	0.398298885052441	0.151	0.099	1	chr3-124771836-124773005	2
0.266719211376364	0.490301574610823	0.155	0.108	1	chr16-54540333-54541564	2
0.266928710266972	0.430016087869201	0.196	0.144	1	chr19-40279923-40281652	2
0.267097436133844	0.39987976150225	0.167	0.117	1	chr1-55693921-55695169	2
0.2671985127869	0.433782045171729	0.159	0.108	1	chr13-112770729-112773457	2
0.267219180422669	0.311803312331429	0.224	0.162	1	chr16-87950472-87952601	2
0.267293291433948	0.269586062383193	0.343	0.261	1	chr7-767419-769651	2
0.267600808344637	0.256952701112301	0.355	0.279	1	chr7-36152229-36154555	2
0.267659321002612	0.253213283425027	0.376	0.297	1	chr16-66693977-66697764	2
0.267704357665266	0.404990802322735	0.22	0.162	1	chr1-6197858-6200399	2
0.267865996009548	0.440316297409639	0.167	0.117	1	chr12-112106819-112109863	2
0.267865996009548	0.446325764809495	0.167	0.117	1	chr14-68255260-68256545	2
0.268139714536884	0.377318406041626	0.2	0.144	1	chr20-29877734-29879410	2
0.268379935199388	0.350939711943058	0.245	0.18	1	chr16-15672169-15673833	2
0.268482706017574	0.318610536410114	0.171	0.117	1	chr17-19268242-19271276	2
0.268482786477198	0.343377252488811	0.171	0.117	1	chr1-54370140-54372569	2
0.268482786477198	0.411062255018403	0.171	0.117	1	chr18-24013962-24015813	2
0.268539171898874	0.275266177037726	0.261	0.189	1	chr14-67694242-67697641	2
0.268998622505563	0.279972496337053	0.208	0.144	1	chr1-2048258-2051214	2
0.26911518895467	0.253969940484649	0.314	0.243	1	chr9-136839659-136844352	2
0.269289355588345	0.313553663434201	0.298	0.225	1	chr1-204442683-204444155	2
0.269697980127126	0.312497972293458	0.245	0.18	1	chr3-158643976-158645282	2
0.26990203186511	0.494513520519456	0.155	0.108	1	chr6-31900695-31902971	2
0.270007220311045	0.377628312304095	0.273	0.216	1	chr12-53803702-53805297	2
0.270484021734912	0.304336450866511	0.371	0.306	1	chr8-109642542-109645597	2
0.270515909640015	0.301110095783462	0.298	0.225	1	chr12-69359092-69360811	2
0.270701791017754	0.505175704977713	0.155	0.108	1	chr5-125408382-125411839	2
0.271006053491797	0.438844424070858	0.188	0.135	1	chr8-122785497-122786750	2
0.271006053491797	0.413753792001151	0.188	0.135	1	chr18-50193734-50195753	2
0.271027759488712	0.283371761192984	0.392	0.315	1	chr17-64144703-64149233	2
0.271440416691688	0.281053123976033	0.412	0.342	1	chr21-33640863-33644143	2
0.271726217774388	0.379029841171782	0.237	0.18	1	chr9-33472996-33474961	2
0.271803894896274	0.366549852699862	0.224	0.171	1	chr1-107056206-107057908	2
0.271811348682001	0.384671692768884	0.176	0.126	1	chr19-50328276-50330061	2
0.271832644626394	0.424532182642523	0.208	0.153	1	chr6-30212470-30214871	2
0.271832644626394	0.362509629933482	0.208	0.153	1	chr7-104205757-104208786	2
0.271947899939109	0.420358206159145	0.159	0.108	1	chr3-150268419-150269471	2
0.272442582221811	0.424541713744433	0.2	0.144	1	chr1-218379934-218381317	2
0.272442582221811	0.403480341564617	0.2	0.144	1	chr17-46266251-46267920	2
0.273111753741682	0.320818138959508	0.294	0.225	1	chr21-42495276-42497190	2
0.27316429522556	0.325944829514906	0.2	0.144	1	chr6-170305740-170307899	2
0.273443684174893	0.380567187578616	0.282	0.216	1	chr12-45215154-45218311	2
0.273595731628876	0.273363202135322	0.392	0.306	1	chr1-27724906-27726870	2
0.273910982592332	0.334436652017371	0.163	0.108	1	chr3-126472050-126473265	2
0.273917061237885	0.449201929796081	0.155	0.108	1	chr7-108613088-108615046	2
0.273917061237885	0.478140075761698	0.155	0.108	1	chr22-41842847-41845767	2
0.273959459986462	0.447821588586646	0.208	0.153	1	chr12-63779334-63780758	2
0.274271089538693	0.301765238821937	0.249	0.18	1	chr1-5597046-5599160	2
0.274346072554442	0.334147685865335	0.245	0.18	1	chr1-72281947-72284813	2
0.274893073224908	0.350164430235522	0.18	0.126	1	chr20-62227525-62229159	2
0.275184116981753	0.267777423359768	0.335	0.243	1	chr5-154937027-154938845	2
0.275330317973039	0.326849194048294	0.306	0.243	1	chr5-74638104-74642614	2
0.27537896621991	0.261357731091659	0.282	0.207	1	chr6-156719386-156721734	2
0.275601438261249	0.263861251571204	0.298	0.216	1	chr19-19319695-19322246	2
0.275628065012327	0.420390269894225	0.176	0.126	1	chr12-131710276-131712122	2
0.275632151071494	0.356835078260203	0.184	0.126	1	chr6-139230147-139231400	2
0.276388971205024	0.355167924121084	0.184	0.126	1	chr10-121572560-121574073	2
0.276413795082171	0.374055555925382	0.192	0.135	1	chr12-8037967-8039509	2
0.276413795082171	0.409116041914226	0.192	0.135	1	chr21-33587718-33589511	2
0.276446055483817	0.392610002313411	0.233	0.18	1	chr9-86054037-86055629	2
0.276545144769409	0.283806652205767	0.265	0.198	1	chr12-15881640-15883854	2
0.276619671431211	0.389284774400519	0.224	0.171	1	chr16-52494521-52497902	2
0.276706086463258	0.316711219690861	0.298	0.225	1	chr4-98259619-98262720	2
0.276792463044542	0.408991819901354	0.2	0.144	1	chr4-148007106-148008339	2
0.277164941707494	0.455068022158635	0.176	0.126	1	chr7-23272781-23273791	2
0.277199468992119	0.359709445910216	0.204	0.144	1	chrX-119756096-119759267	2
0.277696924486382	0.43814857546291	0.188	0.135	1	chr20-32775676-32778885	2
0.277719115724602	0.27653978400099	0.29	0.216	1	chr13-75548736-75550859	2
0.277995641412357	0.392202899791312	0.167	0.117	1	chr5-138491160-138492698	2
0.278373465856692	0.335896308109368	0.245	0.18	1	chr6-148191120-148192692	2
0.278746586035014	0.299871946470127	0.261	0.198	1	chr17-72182275-72184045	2
0.278785506008939	0.414183758457079	0.167	0.117	1	chr9-92664301-92667095	2
0.278914001822754	0.384575101079209	0.196	0.144	1	chr1-115676038-115677529	2
0.278984989067776	0.390134505215241	0.2	0.144	1	chr17-75269833-75273383	2
0.278985059502577	0.387648976105688	0.2	0.144	1	chr6-34656255-34659546	2
0.27904859004113	0.375468202457871	0.245	0.18	1	chr11-11841024-11843716	2
0.279198932530257	0.370352201465233	0.188	0.135	1	chr1-212228123-212230940	2
0.279576895944194	0.479011891487469	0.167	0.117	1	chr6-99393161-99394828	2
0.279952004507501	0.446756735512701	0.188	0.135	1	chr20-4684937-4687861	2
0.280211881345339	0.330474344076274	0.22	0.162	1	chr2-233853640-233856089	2
0.280769459124574	0.290378207765998	0.29	0.225	1	chr5-94617511-94619560	2
0.280954655245549	0.307365316932352	0.257	0.198	1	chr19-1256549-1263050	2
0.281039006735513	0.299850460526195	0.212	0.153	1	chr5-169583010-169584871	2
0.281369677186322	0.450316035016832	0.163	0.117	1	chr5-137075046-137076558	2
0.281387915225344	0.436373001241555	0.171	0.126	1	chr9-115116275-115119439	2
0.281543079689886	0.274718216048499	0.302	0.225	1	chr1-28369202-28371261	2
0.28162572193475	0.329393575256817	0.22	0.162	1	chr8-144290107-144293365	2
0.281722418756918	0.385558061415404	0.29	0.225	1	chr2-186485162-186487468	2
0.281893235804362	0.325506222911177	0.294	0.225	1	chr6-145962974-145965246	2
0.282435555970239	0.384654788675296	0.159	0.108	1	chr8-48253652-48255345	2
0.282523068274507	0.322326866271703	0.249	0.189	1	chr14-24215143-24216577	2
0.282665577143416	0.353567959432807	0.2	0.144	1	chr5-178729724-178731269	2
0.283163195660129	0.270067578437261	0.294	0.225	1	chr14-63852424-63854603	2
0.283296794991281	0.516680457477392	0.151	0.108	1	chr1-16913365-16914898	2
0.283719003408683	0.45242130181423	0.155	0.108	1	chr9-134406069-134407858	2
0.283738058341393	0.375540174623178	0.188	0.135	1	chr6-7312110-7314072	2
0.284073059214363	0.420934969755313	0.159	0.108	1	chr1-54153415-54154497	2
0.284081748738485	0.288624794537952	0.314	0.243	1	chr1-146051213-146053095	2
0.284291228624876	0.463762955518333	0.184	0.135	1	chr17-19726935-19729456	2
0.284929229297457	0.480042069908632	0.171	0.126	1	chr9-13277938-13280280	2
0.284929229297457	0.439967528540615	0.171	0.126	1	chr12-110038627-110039967	2
0.28500589171593	0.288905091736472	0.241	0.171	1	chr5-180595255-180597429	2
0.285375470225436	0.413606037016194	0.155	0.108	1	chr5-1161287-1162550	2
0.285399162353146	0.283411514637671	0.237	0.171	1	chr10-102398983-102400292	2
0.285494272361668	0.394911763492397	0.208	0.153	1	chr14-91087080-91088891	2
0.285532758381624	0.304041573086568	0.196	0.135	1	chr1-168121206-168122720	2
0.285962977303015	0.397092463436484	0.167	0.117	1	chr11-126585478-126586513	2
0.286095892224838	0.321650308034328	0.237	0.171	1	chr6-18464920-18466276	2
0.286424970448037	0.336462481951064	0.265	0.198	1	chr1-52032399-52034236	2
0.286455934545083	0.279284621454257	0.18	0.126	1	chr1-119372370-119375087	2
0.286455934545083	0.404396351931254	0.18	0.126	1	chr6-17392984-17394797	2
0.286712220837497	0.424095278781669	0.22	0.171	1	chr2-161307661-161309173	2
0.287134079880983	0.328017071642185	0.224	0.171	1	chr8-96234520-96236273	2
0.287296843963212	0.460248731242163	0.176	0.126	1	chr10-102506828-102509879	2
0.287693078350435	0.378533477359225	0.208	0.153	1	chr3-197002395-197004636	2
0.287709759789061	0.285864847466736	0.278	0.207	1	chr6-41784483-41788419	2
0.287837385597272	0.268811908587159	0.347	0.27	1	chr3-94062058-94064292	2
0.287849900113221	0.290310782778239	0.42	0.333	1	chr6-3355047-3358260	2
0.287872408268858	0.40483944194744	0.155	0.108	1	chr19-1590355-1594076	2
0.288140417258809	0.298621071014387	0.224	0.162	1	chr7-73737749-73739730	2
0.288326893762366	0.424433346659158	0.188	0.135	1	chr1-167910472-167912617	2
0.288382974083571	0.391414841584612	0.167	0.117	1	chr17-45050144-45052682	2
0.288781821672096	0.357630384619629	0.265	0.207	1	chr7-134890369-134892450	2
0.2889259352409	0.284920691020218	0.294	0.225	1	chr16-4623983-4626109	2
0.289277231864501	0.273896107082559	0.327	0.252	1	chr5-64767178-64769772	2
0.289466158518819	0.416186097801965	0.163	0.117	1	chr10-131900114-131902322	2
0.289770587353313	0.317413466972458	0.265	0.198	1	chr6-7417458-7419796	2
0.28999597905716	0.334328413859716	0.192	0.135	1	chr9-134046581-134047795	2
0.290124967665928	0.336482902196238	0.2	0.144	1	chr5-180291146-180294113	2
0.290348452795199	0.312744943630231	0.278	0.207	1	chr3-130848778-130852089	2
0.290501775456778	0.39787481418652	0.196	0.144	1	chr6-75735382-75736671	2
0.290571790805675	0.401982119580023	0.216	0.171	1	chr17-50718870-50721883	2
0.290687249729178	0.341583655906714	0.159	0.108	1	chr15-89497930-89499258	2
0.290945538945481	0.301727450736092	0.257	0.189	1	chr1-161158514-161160445	2
0.291171767739335	0.36207425954299	0.18	0.126	1	chr1-9588170-9590715	2
0.291231640301445	0.250856041693221	0.249	0.18	1	chr1-153633263-153635287	2
0.291521249549827	0.292777908779592	0.159	0.108	1	chr1-147083996-147085445	2
0.291962786465877	0.338995457764571	0.18	0.126	1	chr2-171686984-171688688	2
0.29211679022882	0.269435503612467	0.233	0.171	1	chr6-105402117-105404057	2
0.292224911851501	0.308191269363545	0.241	0.18	1	chr15-100600751-100603473	2
0.292281196849109	0.29716234600498	0.339	0.261	1	chr17-41687693-41690255	2
0.29240378483143	0.324097704970268	0.273	0.207	1	chr13-100673321-100675731	2
0.29244690421349	0.373450528302776	0.167	0.117	1	chr17-68246942-68248881	2
0.292704702324622	0.317103872356333	0.212	0.153	1	chr4-150722530-150723644	2
0.292704702324622	0.267123367629169	0.212	0.153	1	chr10-101693275-101695733	2
0.292748260648506	0.462748672519014	0.163	0.117	1	chr3-66762800-66763971	2
0.292854763160214	0.434112543720778	0.176	0.126	1	chr11-47354765-47355943	2
0.292910377268317	0.454538017796644	0.155	0.108	1	chr3-24137637-24138860	2
0.293039902719751	0.294089235608556	0.241	0.171	1	chr10-13298994-13300595	2
0.293070909269839	0.285718496895021	0.261	0.189	1	chr16-68777916-68780461	2
0.293572675016489	0.332067565366875	0.163	0.117	1	chr5-135012975-135015406	2
0.293930988495467	0.2522504081342	0.229	0.162	1	chr12-120234407-120236342	2
0.294455910761385	0.401699289628009	0.176	0.126	1	chr12-57751077-57753236	2
0.294806423413689	0.298128820970716	0.241	0.171	1	chr2-84969205-84973559	2
0.294821883403637	0.280165721994398	0.261	0.198	1	chr1-220088643-220090792	2
0.294907050457376	0.315968375671896	0.282	0.207	1	chr3-73541305-73544182	2
0.29514128991344	0.355488330853639	0.18	0.126	1	chr13-50319147-50321077	2
0.295226172342498	0.402680423429463	0.163	0.117	1	chr9-101448965-101449964	2
0.295257951714629	0.360017524578028	0.233	0.18	1	chr7-44633197-44635476	2
0.295298506463239	0.299161053680047	0.22	0.162	1	chr13-27449151-27452122	2
0.295451426317785	0.371996421515461	0.155	0.108	1	chr6-154852179-154853513	2
0.295674558771656	0.270205139009532	0.278	0.207	1	chr12-8912650-8917129	2
0.295869717083216	0.352702855356146	0.237	0.18	1	chr6-4020606-4022923	2
0.295939524137231	0.319560538841295	0.18	0.126	1	chr1-98429650-98430726	2
0.296086694218236	0.33630743158059	0.229	0.171	1	chr17-41965077-41967599	2
0.296682581456843	0.346263071854686	0.216	0.162	1	chr13-79237468-79238698	2
0.296731729767357	0.276288597141512	0.294	0.225	1	chr17-81710027-81714603	2
0.296739202167717	0.31827669285051	0.18	0.126	1	chr14-105019799-105022245	2
0.296869076236185	0.345543973858718	0.188	0.135	1	chrX-17736529-17738742	2
0.296871075940167	0.415910925481127	0.2	0.153	1	chr12-110581237-110584017	2
0.297374159627377	0.349933560550246	0.167	0.117	1	chr17-48759034-48761227	2
0.297540324221472	0.32953488382905	0.18	0.126	1	chr12-56266240-56268060	2
0.297599092546389	0.362834386734855	0.29	0.225	1	chrX-1390351-1393743	2
0.297696609614562	0.478005729767097	0.151	0.108	1	chrX-120485314-120486660	2
0.297864431570919	0.253169364229875	0.241	0.18	1	chr12-53005567-53008104	2
0.298011814135461	0.314889889340406	0.204	0.144	1	chr1-84406325-84408648	2
0.29820927094776	0.291014772637575	0.249	0.18	1	chr1-43357808-43359566	2
0.298470816354909	0.295908587881288	0.351	0.279	1	chr1-202340722-202342790	2
0.298545827136862	0.338262441492497	0.314	0.261	1	chr16-11741736-11743986	2
0.298909840480215	0.255160817909724	0.269	0.198	1	chr1-77779057-77780595	2
0.298919140180991	0.326172937643167	0.196	0.144	1	chr2-11154515-11156238	2
0.299321684600194	0.417247297857291	0.192	0.144	1	chr4-1191574-1193332	2
0.299407570959741	0.314289501240245	0.212	0.153	1	chr16-30060298-30061838	2
0.299552167106148	0.385808372317776	0.233	0.18	1	chr10-14877280-14880232	2
0.299705727320737	0.284297236125888	0.229	0.171	1	chr1-31064633-31066383	2
0.299719223409688	0.463789597539174	0.155	0.108	1	chr11-96242852-96243904	2
0.299805317587621	0.450951980817941	0.163	0.117	1	chr10-69449482-69450424	2
0.299820780917452	0.303578839206646	0.245	0.18	1	chr12-115871206-115873911	2
0.29985847871339	0.406247875917428	0.167	0.117	1	chr12-132827505-132829639	2
0.299911827539109	0.261819763877987	0.237	0.171	1	chr6-138986678-138989758	2
0.300212419786883	0.414417413657896	0.171	0.126	1	chr8-109575344-109577708	2
0.300544296147002	0.37396846474955	0.204	0.153	1	chr1-97920455-97921764	2
0.300711282809703	0.326486493426178	0.241	0.18	1	chr7-130204189-130206065	2
0.301062459485349	0.441887542380369	0.163	0.117	1	chr14-36319950-36321339	2
0.301579562151836	0.274859671620637	0.31	0.234	1	chr1-151368038-151373385	2
0.301654666238492	0.37441028525375	0.159	0.108	1	chr9-104967743-104969443	2
0.301883737836666	0.316747590745874	0.208	0.153	1	chrX-132488253-132490512	2
0.301947395585229	0.375542327123334	0.22	0.171	1	chr18-70132070-70133752	2
0.302232420701538	0.487307139137231	0.159	0.117	1	chr4-25312194-25313990	2
0.302509576840035	0.559164097337401	0.155	0.117	1	chr8-53903060-53904051	2
0.302674607303053	0.41025101389727	0.171	0.126	1	chr1-202553375-202555222	2
0.302860202671856	0.275255434084897	0.302	0.234	1	chr1-155561876-155564845	2
0.303162922390879	0.380126372285609	0.155	0.108	1	chr12-112408532-112410073	2
0.303587094040128	0.401519756319842	0.163	0.117	1	chr16-12898586-12900616	2
0.303656329638254	0.265679471120948	0.286	0.216	1	chr6-127265879-127268830	2
0.303765699482093	0.434080137311222	0.151	0.108	1	chr11-65556942-65561086	2
0.30377196687193	0.437436823899029	0.18	0.135	1	chr19-47509258-47513227	2
0.304029684342756	0.390607714082012	0.167	0.117	1	chr16-14095973-14098448	2
0.304105444555028	0.290172028476448	0.257	0.189	1	chr7-65373477-65374577	2
0.30443175608803	0.408505962786543	0.163	0.117	1	chr13-25286459-25288111	2
0.304568361564459	0.262502103676296	0.322	0.252	1	chr5-60698343-60701100	2
0.304868858037857	0.392076551141911	0.212	0.171	1	chr12-116954632-116956496	2
0.305084138262619	0.260521146960232	0.298	0.225	1	chr3-150602204-150604644	2
0.305574845163834	0.256792868478303	0.351	0.27	1	chr1-51328895-51332029	2
0.305605972919513	0.286750957494367	0.192	0.135	1	chr16-88452495-88456429	2
0.305653160352396	0.301741365296724	0.22	0.162	1	chr1-178541888-178543616	2
0.305917503541563	0.334850408760975	0.237	0.18	1	chr2-241880900-241883397	2
0.306401882058294	0.321322649705065	0.22	0.162	1	chr15-39152727-39154772	2
0.306711206556287	0.35494379065591	0.196	0.144	1	chr4-37720507-37722693	2
0.306801340564354	0.323203908725169	0.233	0.18	1	chr19-11737630-11739625	2
0.306974404677515	0.294991032608419	0.212	0.153	1	chr10-5583355-5584511	2
0.306998320594732	0.30588920185547	0.2	0.144	1	chr12-70552765-70554395	2
0.307119593071255	0.336018737524259	0.184	0.135	1	chr17-78183806-78185775	2
0.307266490203544	0.328167625913329	0.18	0.126	1	chr4-76250997-76252306	2
0.307266490203544	0.292711758723335	0.18	0.126	1	chr8-54134409-54136058	2
0.307394267616168	0.269213818156467	0.167	0.117	1	chr1-31412687-31415243	2
0.307446928689302	0.353807941911955	0.204	0.153	1	chr9-72314557-72316457	2
0.307476099095969	0.371529625612462	0.176	0.126	1	chr12-6567095-6569600	2
0.307597341892981	0.302468232388791	0.253	0.189	1	chr7-23105023-23107710	2
0.307927848402259	0.38740826562199	0.184	0.135	1	chr17-50546627-50548119	2
0.307963470609036	0.405341415640798	0.192	0.144	1	chr1-155276876-155278947	2
0.30821813017808	0.323020006529154	0.224	0.171	1	chrY-12904358-12906379	2
0.308411293623893	0.312314944839891	0.245	0.18	1	chr4-48375210-48376625	2
0.308524484031652	0.266350038835489	0.355	0.279	1	chr8-94967460-94968890	2
0.30856385873301	0.276519768358448	0.2	0.144	1	chr5-138352214-138355343	2
0.30911216541406	0.285827105696444	0.347	0.288	1	chrX-47215619-47219979	2
0.309348604140587	0.342682546908015	0.2	0.144	1	chr12-94677358-94678539	2
0.310036298410228	0.311194865417338	0.212	0.153	1	chr5-138559625-138560808	2
0.310052153263486	0.258305673554694	0.294	0.225	1	chr15-72473114-72475846	2
0.310361052333064	0.387138117267039	0.184	0.135	1	chr1-42081166-42082377	2
0.310388045965568	0.395417952695577	0.163	0.117	1	chr17-37106062-37108171	2
0.310400393424075	0.439233987658845	0.184	0.144	1	chrX-55717073-55718627	2
0.310453618410054	0.2547266187468	0.388	0.315	1	chr6-165833903-165836151	2
0.310789808837516	0.376799045748041	0.176	0.126	1	chr2-213150317-213152728	2
0.311082371645067	0.348085525706323	0.208	0.153	1	chr3-194112149-194113424	2
0.311121538084603	0.325229478694673	0.249	0.189	1	chr2-73069133-73072098	2
0.311146469015125	0.406824842415979	0.192	0.144	1	chr14-77760136-77762019	2
0.311182265521722	0.25371609080366	0.282	0.207	1	chr6-37244281-37245596	2
0.311245182401393	0.372624092805979	0.163	0.117	1	chr16-67641637-67643047	2
0.311450469448999	0.331313450122174	0.196	0.144	1	chr10-103191876-103194638	2
0.311817243098139	0.40937357794969	0.171	0.126	1	chr7-137953203-137954949	2
0.311886823276414	0.450124067992145	0.155	0.108	1	chr17-54813772-54814994	2
0.312426537911115	0.328978384016405	0.265	0.207	1	chr16-31141412-31143263	2
0.312657326237883	0.417834126997591	0.171	0.126	1	chr2-37670636-37673047	2
0.312863020763506	0.416222998425188	0.233	0.189	1	chr15-89149406-89151965	2
0.313467814973763	0.407059590697981	0.151	0.108	1	chr12-28189821-28192145	2
0.313825652859895	0.262895371982084	0.298	0.225	1	chr4-109814578-109816539	2
0.313866270096646	0.358348565502474	0.18	0.126	1	chr7-812470-814059	2
0.314020297918025	0.413680842735574	0.188	0.144	1	chr1-83901418-83902377	2
0.314189247838787	0.380153143638631	0.208	0.153	1	chr11-67301853-67304574	2
0.31419711792074	0.290649185219834	0.167	0.117	1	chr20-62406608-62408189	2
0.31487871982761	0.329939402500727	0.2	0.144	1	chr16-66406231-66407482	2
0.315054383639243	0.32232420084556	0.167	0.117	1	chr1-112698387-112702097	2
0.315104163418258	0.287395114550273	0.216	0.153	1	chr1-64474284-64475417	2
0.315186512273555	0.409268189344511	0.171	0.126	1	chr10-50469457-50471966	2
0.315436551317895	0.316335677290834	0.196	0.144	1	chr1-156019834-156021445	2
0.315474081965655	0.351603408507474	0.2	0.153	1	chr4-2929555-2932103	2
0.315488506972047	0.320926872680695	0.253	0.189	1	chr10-21172191-21175687	2
0.315530680396372	0.301861672782353	0.18	0.126	1	chr7-130440523-130441981	2
0.315773544119165	0.332207200183365	0.261	0.198	1	chr20-3767003-3769233	2
0.316006087655858	0.404047544352333	0.159	0.117	1	chr8-91040009-91041796	2
0.316271356906935	0.333733489024557	0.216	0.162	1	chr2-135875350-135877041	2
0.316462714702277	0.253761952628002	0.29	0.225	1	chr2-27376282-27381856	2
0.316773521856418	0.353616569608778	0.167	0.117	1	chr17-7314571-7316452	2
0.317268538480968	0.323885870381337	0.2	0.144	1	chrX-48736634-48738155	2
0.317512256340895	0.259821272494855	0.327	0.252	1	chr19-10332180-10335453	2
0.317544162530888	0.280631661501138	0.29	0.234	1	chr12-122887342-122889407	2
0.317674589482078	0.308864392848904	0.237	0.18	1	chr6-138571254-138573240	2
0.317729103906884	0.424411757698794	0.171	0.126	1	chr17-59220001-59222283	2
0.318067780735323	0.437257229568267	0.196	0.153	1	chr12-12695660-12697331	2
0.318086569014861	0.292198955848411	0.265	0.207	1	chr18-449142-450047	2
0.318101443687029	0.299814191559434	0.208	0.153	1	chrX-75273390-75275227	2
0.318277917311501	0.277393515005695	0.331	0.27	1	chr21-36186337-36189294	2
0.318327670479257	0.267988753643133	0.322	0.252	1	chr4-6779121-6784146	2
0.318375740695581	0.308389397744982	0.282	0.225	1	chr1-85707259-85709187	2
0.318918991222514	0.254224615586403	0.294	0.225	1	chr21-45511591-45514535	2
0.319182770408482	0.333355018959436	0.204	0.153	1	chr12-122077995-122080953	2
0.319210038202745	0.273740522331856	0.233	0.171	1	chr6-31958387-31959760	2
0.319369593445407	0.315896169280141	0.188	0.135	1	chr10-47383831-47385087	2
0.319391110341735	0.334326345157959	0.184	0.135	1	chr8-140096492-140097589	2
0.319626615861904	0.297903020407392	0.265	0.198	1	chr12-68807197-68809452	2
0.319746930535867	0.411547687859982	0.151	0.108	1	chr14-56579209-56580548	2
0.32000735093396	0.34539047816944	0.22	0.171	1	chr3-3126119-3128376	2
0.320194122673934	0.271071402550636	0.343	0.27	1	chr2-88690697-88692919	2
0.320230225649202	0.357579878333148	0.167	0.117	1	chr21-44516963-44518542	2
0.320558632080108	0.282202449195511	0.18	0.126	1	chr17-1627500-1630400	2
0.320776635478616	0.3846480315448	0.163	0.117	1	chr8-68853418-68854996	2
0.320825223554323	0.399967183904941	0.192	0.144	1	chr8-80151546-80153594	2
0.320909741143336	0.316271514610618	0.216	0.162	1	chr17-60077582-60080045	2
0.32103908100868	0.382440451214947	0.18	0.135	1	chr1-46756271-46758441	2
0.321051227042881	0.33700906463993	0.184	0.135	1	chr16-67109243-67111862	2
0.32124475259095	0.369650202093061	0.216	0.171	1	chr6-36593302-36596423	2
0.321254081624887	0.327565572869319	0.208	0.153	1	chr2-168963996-168965016	2
0.321862320764658	0.251426716784887	0.278	0.207	1	chr18-23133624-23136593	2
0.322246189368278	0.295646548056833	0.18	0.126	1	chr1-35717654-35719508	2
0.322483801401066	0.295546138806752	0.318	0.252	1	chr8-93739327-93741633	2
0.32252990619986	0.387097341439698	0.163	0.117	1	chr13-20524981-20526987	2
0.322573692687979	0.386550333044207	0.224	0.171	1	chr16-4679018-4681536	2
0.322716372599274	0.409148744442587	0.18	0.135	1	chr19-49361165-49364285	2
0.322890912041967	0.351138951091718	0.2	0.144	1	chr5-133483371-133484378	2
0.323159030555924	0.286235824165536	0.204	0.153	1	chr7-100705008-100707332	2
0.323275326581581	0.383485273335458	0.192	0.144	1	chr2-109644093-109645532	2
0.323275326581581	0.348567604769745	0.192	0.144	1	chr16-67480177-67481946	2
0.323416249358474	0.287666747664263	0.278	0.216	1	chr5-95553639-95556536	2
0.323761531621902	0.289084622953513	0.294	0.225	1	chr1-40979180-40983560	2
0.324427057178483	0.316011815203854	0.208	0.153	1	chr2-203013948-203015663	2
0.324808841609795	0.341053603487285	0.216	0.162	1	chr2-95333486-95334693	2
0.324820692518399	0.476513686337282	0.159	0.117	1	chr4-37452799-37454701	2
0.324879604448456	0.284996479285563	0.224	0.171	1	chr6-98946698-98948583	2
0.325279948730844	0.352205533893895	0.155	0.108	1	chr2-120347601-120349326	2
0.325437311158571	0.373467069350297	0.171	0.126	1	chr3-27720693-27722803	2
0.325650619774081	0.311753944691175	0.224	0.171	1	chr9-136481674-136485976	2
0.326338574107128	0.270494903577588	0.167	0.117	1	chr3-168877702-168879005	2
0.326672061192633	0.338373577750804	0.2	0.153	1	chr3-182284234-182285539	2
0.326820133656452	0.27938204821472	0.208	0.153	1	chr13-48232383-48234311	2
0.326933018096657	0.281096084562682	0.31	0.243	1	chr7-51313601-51317906	2
0.327770709132054	0.42624532147741	0.176	0.135	1	chr4-41471321-41472551	2
0.327859295705519	0.274834933543568	0.22	0.162	1	chr9-115494341-115496085	2
0.327859295705519	0.303132790793442	0.22	0.162	1	chr12-47244522-47248247	2
0.327940136686868	0.451014883564955	0.151	0.108	1	chr19-58394331-58396556	2
0.328002822275987	0.319166502977904	0.155	0.108	1	chr3-19888406-19889948	2
0.328033520216081	0.320884823695697	0.171	0.126	1	chr8-115987285-115988776	2
0.328506710502902	0.39731786617985	0.188	0.135	1	chr10-15037258-15038451	2
0.328591378160933	0.339600442490491	0.184	0.135	1	chr12-130870574-130873308	2
0.328658355784312	0.275720052749947	0.241	0.18	1	chr17-83050626-83054124	2
0.328779810132317	0.387156939473439	0.204	0.153	1	chr16-1342379-1344113	2
0.329185647361631	0.456421793399467	0.167	0.126	1	chr16-87924213-87926080	2
0.329434942320238	0.351017225918069	0.176	0.126	1	chr2-231960967-231962691	2
0.329528290099251	0.366612744239076	0.216	0.162	1	chr4-172962195-172963357	2
0.329717294067666	0.273491076879795	0.278	0.207	1	chr7-149837732-149839496	2
0.330057676327118	0.271091704265507	0.294	0.225	1	chr16-75554967-75556941	2
0.330319096198667	0.29336923549045	0.216	0.162	1	chr2-231713394-231715822	2
0.330397318945301	0.309153819483812	0.204	0.153	1	chr21-45554463-45556546	2
0.331034883087422	0.278561999831643	0.2	0.144	1	chr17-59370973-59373142	2
0.331165171072995	0.376713449070922	0.176	0.126	1	chr16-2266531-2270151	2
0.331489539326905	0.257177710895708	0.367	0.297	1	chr8-86513890-86515994	2
0.331541631895195	0.321124019202837	0.233	0.18	1	chr1-88677904-88679109	2
0.33162490280868	0.402221861476554	0.151	0.108	1	chr17-61356306-61357244	2
0.331979117442734	0.318542907652042	0.184	0.135	1	chr1-53898637-53900120	2
0.332015777424649	0.271847286156625	0.237	0.18	1	chr10-132306601-132308940	2
0.332139853725102	0.353115780917	0.188	0.144	1	chr6-144329802-144331939	2
0.332160898009916	0.269406949947607	0.286	0.225	1	chr16-58732540-58734855	2
0.333180528646184	0.407368145735222	0.163	0.117	1	chrX-2676848-2680425	2
0.333197360335358	0.404014716642599	0.192	0.144	1	chr6-150865086-150866936	2
0.333585465688972	0.415738717093783	0.167	0.126	1	chr3-131501707-131503638	2
0.333585465688972	0.385745463576981	0.167	0.126	1	chr6-111600202-111603332	2
0.333681420821302	0.325953098045892	0.184	0.135	1	chr1-27567864-27570881	2
0.333797003120592	0.329713753740427	0.298	0.243	1	chr6-100880386-100882454	2
0.333935807899206	0.316600297242807	0.269	0.216	1	chr6-7144918-7147445	2
0.334053718175834	0.291380313546803	0.273	0.216	1	chr17-75778593-75781622	2
0.334143443837345	0.392749306188187	0.171	0.126	1	chr3-142723515-142724827	2
0.334221257967464	0.284742491969058	0.282	0.216	1	chr6-28895231-28898758	2
0.334302682780851	0.297687564584641	0.167	0.117	1	chr2-168889848-168890833	2
0.33469980295354	0.42391579921031	0.159	0.117	1	chr1-32321289-32322450	2
0.33469980295354	0.376130405053022	0.159	0.117	1	chr11-8720397-8722460	2
0.334977456313634	0.321635806469238	0.163	0.117	1	chr5-33549622-33550781	2
0.335280690935606	0.318274282944033	0.204	0.153	1	chr5-179622285-179625559	2
0.335477856205456	0.312032876453421	0.18	0.135	1	chr4-158170307-158173891	2
0.33560740730186	0.384295478960747	0.159	0.117	1	chrX-37348644-37350644	2
0.336377614152962	0.289974130032648	0.224	0.162	1	chr5-149124818-149126264	2
0.336780615801762	0.31703430883779	0.163	0.117	1	chr12-109097285-109099171	2
0.336784302504997	0.344971507958811	0.171	0.126	1	chr2-74382969-74383946	2
0.336784302504997	0.363596993333621	0.171	0.126	1	chr6-133837496-133838612	2
0.337202032389937	0.34746634987939	0.151	0.108	1	chr14-101759936-101762518	2
0.337695369968243	0.263991318331787	0.273	0.216	1	chr4-10172566-10175245	2
0.338137382341984	0.421129132661276	0.151	0.108	1	chr3-11271829-11273547	2
0.33817741930796	0.309176810748623	0.237	0.18	1	chr7-101084786-101086401	2
0.339906151256366	0.258410805463413	0.265	0.207	1	chr4-158824267-158827903	2
0.339972260326727	0.370099341657735	0.155	0.108	1	chr12-54378741-54380261	2
0.340219913842566	0.260613249287021	0.253	0.198	1	chr6-31862233-31864369	2
0.340378475856829	0.358561593931785	0.188	0.135	1	chr7-151694594-151695852	2
0.340405623200276	0.290810554734534	0.163	0.117	1	chr15-62505669-62506971	2
0.340802134268315	0.292457827232478	0.249	0.189	1	chr2-224268198-224269340	2
0.340943079439313	0.257981581386059	0.212	0.153	1	chr1-38872556-38874206	2
0.341215474461075	0.36365404598487	0.171	0.126	1	chr1-38990310-38992830	2
0.341215474461075	0.418775547303028	0.171	0.126	1	chr19-41859097-41861497	2
0.341315767050902	0.362053565867064	0.163	0.117	1	chr1-172443260-172444640	2
0.341315767050902	0.354299595687562	0.163	0.117	1	chr20-44746857-44748119	2
0.3414186500414	0.275744067885167	0.208	0.153	1	chr12-132776448-132778205	2
0.341753675341966	0.304657385682246	0.216	0.171	1	chr17-41771914-41774075	2
0.341838259212488	0.337230167542261	0.155	0.108	1	chr5-58069404-58070698	2
0.342998347134547	0.357624020600354	0.171	0.126	1	chr1-6624623-6626270	2
0.3434814208185	0.256806545725609	0.257	0.198	1	chr8-69832945-69835500	2
0.343982039568429	0.278701429314422	0.314	0.252	1	chr3-121834021-121835933	2
0.344273012377511	0.281102889308953	0.196	0.144	1	chr2-180006255-180007785	2
0.344359059588533	0.332757132630689	0.22	0.171	1	chr5-134873530-134876456	2
0.344416920350116	0.268462205504458	0.286	0.216	1	chr14-73784167-73788234	2
0.34457712127744	0.258545110429185	0.22	0.162	1	chr1-160204892-160207111	2
0.345186130336774	0.317617321043824	0.204	0.153	1	chr19-13951757-13953725	2
0.345889824563549	0.372009156977187	0.163	0.117	1	chr15-74816701-74817977	2
0.345969735112248	0.326899369988289	0.22	0.171	1	chr2-232300014-232301895	2
0.3466220699862	0.399494944143119	0.159	0.117	1	chr4-98573524-98574622	2
0.346627755067745	0.278605937903124	0.184	0.135	1	chr14-91276046-91278152	2
0.347146512817601	0.289809029248705	0.233	0.18	1	chr4-128460917-128462100	2
0.347210832965794	0.378646771708666	0.212	0.171	1	chr3-122563648-122565393	2
0.347457489536921	0.325865511109556	0.188	0.144	1	chr3-113147951-113149065	2
0.347518860930666	0.290385460399989	0.212	0.153	1	chr3-124886207-124887937	2
0.347582385450451	0.383625154902929	0.151	0.108	1	chr6-37353515-37355647	2
0.347878140776716	0.290640056616417	0.294	0.234	1	chr3-72316705-72319340	2
0.348321444752902	0.355865621802557	0.188	0.144	1	chr6-32837774-32839329	2
0.348652918549457	0.359042362398575	0.163	0.117	1	chr3-45779848-45781389	2
0.348799126375275	0.255906253192435	0.286	0.225	1	chr12-29380139-29382304	2
0.349272262235739	0.2655013076759	0.249	0.189	1	chr2-74471099-74473409	2
0.34928517897487	0.331257762166856	0.171	0.126	1	chr10-119667386-119671686	2
0.349304776526888	0.328327151949214	0.192	0.144	1	chr17-75010678-75014242	2
0.349333445257054	0.26709675344507	0.224	0.171	1	chr12-56332991-56334918	2
0.350836802686944	0.283953701847888	0.208	0.162	1	chrX-40092936-40100729	2
0.351312286512028	0.35904265680839	0.212	0.171	1	chr12-67647512-67649983	2
0.351798291318047	0.357014580076986	0.204	0.162	1	chr3-80695697-80698018	2
0.351984194485222	0.380779371433829	0.163	0.126	1	chr1-1872584-1874091	2
0.352102349807573	0.390306412948169	0.18	0.135	1	chr16-31476528-31478560	2
0.353392880622306	0.388897406343788	0.167	0.126	1	chr19-35867997-35870355	2
0.353581482691315	0.252091898840542	0.261	0.198	1	chr3-9897418-9899740	2
0.353661486915269	0.28656566935673	0.184	0.135	1	chr1-204127214-204130869	2
0.353661486915269	0.280552877452117	0.184	0.135	1	chr9-122912304-122914011	2
0.353830579589566	0.392427205857882	0.163	0.126	1	chr4-25860817-25863468	2
0.353897955733915	0.28104348190643	0.208	0.153	1	chr11-59011555-59013535	2
0.353997349870911	0.314194049619698	0.212	0.162	1	chr18-22466004-22467355	2
0.354191974170548	0.256557930492394	0.257	0.198	1	chr1-155061042-155065349	2
0.35453540287159	0.292021062953851	0.196	0.144	1	chr11-61626405-61628773	2
0.355433919093718	0.28438942918445	0.184	0.135	1	chr1-70204681-70207361	2
0.355759578501081	0.283176225364951	0.241	0.189	1	chr3-50600614-50603215	2
0.355829097177938	0.293406092974408	0.224	0.171	1	chr2-73385066-73386796	2
0.356559119013182	0.332594278001756	0.171	0.126	1	chr5-132426730-132430266	2
0.357673106952764	0.269952748386855	0.22	0.162	1	chr16-4368640-4369894	2
0.357686516720949	0.256321246942993	0.286	0.225	1	chr12-89524133-89526694	2
0.357808743553478	0.254744714010653	0.188	0.135	1	chrX-120559780-120562059	2
0.357938174485496	0.306240475492269	0.216	0.162	1	chr8-58030267-58032507	2
0.357977657492301	0.311675283544255	0.192	0.144	1	chr1-111507391-111508951	2
0.358202398517601	0.293900825570177	0.22	0.171	1	chr3-53253712-53256513	2
0.358473661185132	0.266026787853523	0.322	0.261	1	chr10-102064665-102067091	2
0.358659162667033	0.392552702294261	0.155	0.117	1	chr19-19487620-19490998	2
0.359027471173671	0.302128342312983	0.22	0.171	1	chr12-121625817-121627773	2
0.359437577307317	0.256477707471733	0.31	0.243	1	chr9-124940178-124942526	2
0.359534768469818	0.301133055797919	0.204	0.153	1	chr5-134173956-134178358	2
0.359728358177246	0.325189658860189	0.192	0.144	1	chr3-9913329-9914842	2
0.359759948166316	0.295512250058114	0.159	0.117	1	chr17-74210094-74214144	2
0.359759948166316	0.38349955731635	0.159	0.117	1	chrX-136496324-136498294	2
0.359819036995208	0.287122936569959	0.208	0.153	1	chr18-57796415-57797871	2
0.35984808045674	0.339123101681841	0.167	0.126	1	chr4-37628702-37629659	2
0.360231627585274	0.340993729245449	0.171	0.126	1	chr4-4289061-4291360	2
0.360405991358691	0.280298039482013	0.257	0.198	1	chr14-20989428-20991026	2
0.360534530703447	0.27244996875941	0.241	0.189	1	chr3-57555238-57558037	2
0.361058016290085	0.25927179587974	0.18	0.135	1	chr19-16469798-16472610	2
0.36152213702684	0.27731733199326	0.208	0.153	1	chr7-75914158-75916314	2
0.361608185631237	0.260369970156173	0.229	0.171	1	chr1-110234793-110236677	2
0.361661997996153	0.381935497425044	0.159	0.117	1	chr1-52551508-52554063	2
0.362249513141821	0.310937580731226	0.237	0.189	1	chr6-137587672-137589905	2
0.362396784072158	0.294064937589056	0.233	0.18	1	chr8-60677871-60680924	2
0.363245860073255	0.285845137014561	0.192	0.144	1	chr6-110681016-110682975	2
0.363457155292233	0.312229764138496	0.208	0.162	1	chr1-111139169-111141114	2
0.363772335715776	0.310199671823189	0.18	0.135	1	chr1-33659444-33661077	2
0.364019907729311	0.355596667285464	0.151	0.108	1	chr1-64915633-64916590	2
0.365588953002479	0.326149126940104	0.18	0.135	1	chr7-128403879-128406755	2
0.366155884528016	0.250753425963453	0.241	0.189	1	chrX-67542930-67548399	2
0.366675289794511	0.324996158635346	0.196	0.153	1	chr12-32106111-32108417	2
0.367672982323303	0.373010881735619	0.188	0.144	1	chr2-20617143-20618790	2
0.368211889579283	0.271972542092688	0.249	0.189	1	chr9-14198340-14199847	2
0.368319058674165	0.268095093853135	0.212	0.162	1	chr6-135053978-135055598	2
0.368610020475208	0.321500314869717	0.176	0.135	1	chr21-39312031-39314994	2
0.368945505605694	0.300356015390343	0.151	0.108	1	chr7-2554096-2556314	2
0.368945505605694	0.335581760310913	0.151	0.108	1	chr10-18610085-18611946	2
0.369047199607996	0.274252101439274	0.224	0.171	1	chr2-63840234-63843112	2
0.369216002993616	0.28348503283068	0.245	0.189	1	chr2-95525407-95527705	2
0.369333063782144	0.37189470124719	0.159	0.117	1	chr3-65412095-65413250	2
0.369531620741382	0.366011364196593	0.176	0.135	1	chr9-36419314-36420899	2
0.369854438016966	0.255404859103632	0.253	0.207	1	chr3-197959325-197961440	2
0.369949127150232	0.289611030359613	0.278	0.225	1	chr6-18386147-18389763	2
0.37030269441656	0.268795622404198	0.208	0.162	1	chr12-101944842-101946518	2
0.37045290552653	0.281454945333837	0.171	0.126	1	chr4-158722072-158724080	2
0.37045465199833	0.376812244014745	0.176	0.135	1	chr1-9900087-9902012	2
0.370454987248399	0.26473064762657	0.265	0.207	1	chr12-8948584-8951311	2
0.371203850168457	0.255488608553676	0.31	0.243	1	chr13-49935350-49937449	2
0.371243448773519	0.279836690373954	0.188	0.135	1	chr17-4997079-4999133	2
0.372031318087604	0.354893130278954	0.167	0.126	1	chr10-35335578-35338056	2
0.372240331305632	0.260333439747575	0.257	0.198	1	chr5-159518045-159519686	2
0.372720611008721	0.257076538823154	0.29	0.243	1	chr3-58646053-58648390	2
0.372911905466016	0.31032383606897	0.18	0.135	1	chr6-107113866-107116147	2
0.372978965278257	0.274425172502532	0.167	0.126	1	chr5-134370543-134372814	2
0.37306473995192	0.322303996117522	0.188	0.144	1	chr8-100680531-100682164	2
0.373206252229845	0.317115113766629	0.159	0.117	1	chr1-68111519-68113163	2
0.373912349371257	0.329629884500323	0.151	0.108	1	chr6-154474611-154475719	2
0.373912349371257	0.28357453141644	0.151	0.108	1	chr9-127545103-127546509	2
0.374039407208765	0.268139428770632	0.29	0.234	1	chr4-70992324-70994561	2
0.374738545725806	0.290548714326002	0.196	0.144	1	chr19-32580397-32582317	2
0.375091253856223	0.317521576128346	0.176	0.135	1	chrX-38800785-38802098	2
0.375152243000915	0.32540463898575	0.159	0.117	1	chr16-12802694-12804372	2
0.375778886197145	0.305486330736577	0.188	0.144	1	chr5-149937104-149940115	2
0.377225418570378	0.288571320005149	0.233	0.18	1	chr7-1530225-1534452	2
0.377426342495866	0.265107914129457	0.286	0.225	1	chr1-151056147-151060194	2
0.377530025760447	0.2767909662791	0.192	0.144	1	chr9-15276080-15278225	2
0.377530025760447	0.327278417205118	0.192	0.144	1	chr15-56364794-56366454	2
0.378323427685317	0.275500147217357	0.196	0.144	1	chr1-43171233-43173139	2
0.378433112211903	0.315560561042763	0.2	0.153	1	chr7-116861943-116863926	2
0.378505191504044	0.320547091475612	0.188	0.144	1	chr3-172203537-172205555	2
0.379075929616495	0.360452486122312	0.155	0.117	1	chr13-83730178-83731702	2
0.379416659332827	0.333901042069316	0.188	0.144	1	chr1-6489466-6491594	2
0.379455300947806	0.255008083136129	0.253	0.207	1	chr1-220906443-220907703	2
0.380211529689566	0.349929252953123	0.2	0.153	1	chr3-190589963-190591812	2
0.38023883796534	0.350524618098702	0.237	0.189	1	chr14-67439904-67441237	2
0.380852380266221	0.257962495808082	0.171	0.126	1	chr3-39180126-39181471	2
0.380942319578379	0.294930025218217	0.163	0.117	1	chr9-32164740-32165859	2
0.381257990257354	0.258722409351962	0.18	0.135	1	chr12-57487371-57489560	2
0.38157492409779	0.259514853596475	0.167	0.126	1	chr3-152941636-152943684	2
0.382049905641893	0.366935606445606	0.155	0.117	1	chr4-80072356-80073703	2
0.382284174006911	0.287644634326867	0.171	0.126	1	chr6-8063485-8065187	2
0.382762276218065	0.264385615357587	0.171	0.126	1	chr12-93467000-93468422	2
0.382974643996897	0.266836901010368	0.192	0.144	1	chr5-168268717-168270596	2
0.383527023131589	0.333570306010341	0.176	0.135	1	chr3-154323364-154325402	2
0.383783740192624	0.303348754221757	0.2	0.153	1	chr8-116471627-116474079	2
0.384171531143842	0.277481707722852	0.249	0.198	1	chr4-121822700-121825346	2
0.384357280382512	0.299694816904005	0.216	0.171	1	chr2-121754847-121756994	2
0.385039482058215	0.273340643990535	0.269	0.216	1	chr6-157198180-157199409	2
0.385434058080891	0.342521264450698	0.167	0.126	1	chr10-99731638-99733163	2
0.385577524156364	0.292936176146554	0.2	0.153	1	chr5-31638255-31639878	2
0.386037395227883	0.340172655446869	0.155	0.117	1	chr19-16719203-16720293	2
0.386264392129022	0.279453191085439	0.196	0.153	1	chr19-3982774-3988416	2
0.386630976354004	0.263042461395365	0.192	0.144	1	chr5-73564559-73566402	2
0.387038224483621	0.322245587106678	0.155	0.117	1	chr1-85137057-85138247	2
0.387038224483621	0.346719885592667	0.155	0.117	1	chrX-49921933-49923914	2
0.390025083604309	0.293227892116399	0.212	0.162	1	chr6-138691462-138693933	2
0.390291376229578	0.340840604186423	0.167	0.126	1	chr10-73591144-73593159	2
0.391945212719229	0.270434955136675	0.159	0.117	1	chr15-100928739-100930157	2
0.392077959080591	0.298719275040632	0.176	0.135	1	chr15-34986693-34989176	2
0.392234972700952	0.325971933509968	0.212	0.171	1	chr1-219958459-219959998	2
0.393021830479096	0.374632616043677	0.163	0.126	1	chr3-122651119-122652629	2
0.393743580533678	0.293002026000914	0.269	0.225	1	chr18-50280761-50283101	2
0.394953774508322	0.324683485873706	0.176	0.135	1	chr17-7250854-7253118	2
0.395176604793079	0.329820783001757	0.192	0.153	1	chr17-46971659-46974705	2
0.395185715848844	0.316541864577462	0.167	0.126	1	chr3-73520587-73521785	2
0.395375855004995	0.289713860884981	0.196	0.153	1	chr2-234632406-234634520	2
0.395782487896612	0.269386785901508	0.208	0.162	1	chr12-68609894-68612040	2
0.396444817520262	0.287962685735351	0.278	0.234	1	chr12-71754141-71756491	2
0.397145770738675	0.319025740639301	0.184	0.144	1	chr1-18901807-18903743	2
0.397979375236063	0.324110666775263	0.159	0.117	1	chr14-81684376-81685581	2
0.398134421417928	0.339947104177003	0.196	0.153	1	chr17-78144063-78145654	2
0.39917125047409	0.319033512071391	0.155	0.117	1	chr3-11910507-11911735	2
0.399250210070251	0.270252079272752	0.18	0.135	1	chr3-159763146-159765783	2
0.399809058136841	0.284971707053399	0.188	0.144	1	chr1-55214454-55216106	2
0.399809058136841	0.282434373856245	0.188	0.144	1	chr8-132919437-132921735	2
0.399952948157166	0.263980838334352	0.229	0.18	1	chr2-18559400-18561234	2
0.399966676000345	0.359918773247881	0.163	0.126	1	chr3-32501801-32503268	2
0.400192564577456	0.387400278148691	0.155	0.117	1	chr13-51124968-51126230	2
0.40074353544429	0.33205741166493	0.176	0.135	1	chr2-99488403-99490988	2
0.400964785455584	0.357745312855542	0.163	0.126	1	chr6-35258728-35260633	2
0.401173402246716	0.313888940155164	0.18	0.135	1	chr5-74765914-74768344	2
0.401416281127842	0.291663054889939	0.261	0.216	1	chr2-235025928-235028363	2
0.401821232607539	0.2621615719385	0.286	0.225	1	chr7-135661645-135663503	2
0.40183049521117	0.282453864113807	0.196	0.153	1	chr14-73850900-73853165	2
0.40183049521117	0.279151685033419	0.196	0.153	1	chr16-30394713-30396673	2
0.401951053300598	0.27943028516278	0.2	0.153	1	chr5-37378707-37379916	2
0.401964308997638	0.385019794108064	0.163	0.126	1	chr14-67532515-67534192	2
0.40253367753233	0.300265507721594	0.204	0.162	1	chr3-183291017-183292379	2
0.402640028103936	0.267401182898452	0.188	0.144	1	chr1-26786056-26789655	2
0.402640028103936	0.272595604488182	0.188	0.144	1	chr12-95942227-95943900	2
0.403050356562963	0.277393647968182	0.159	0.117	1	chr3-72306579-72308171	2
0.403968076639477	0.298724817491567	0.163	0.126	1	chr9-96048155-96049969	2
0.404069179046523	0.274682482452375	0.159	0.117	1	chr17-47850257-47851675	2
0.404293502627521	0.374082873140031	0.155	0.117	1	chr5-10759772-10761767	2
0.404719971118986	0.292940534591727	0.2	0.153	1	chr7-100118421-100120641	2
0.404881575276324	0.289870052732667	0.282	0.225	1	chr10-13345853-13350508	2
0.405322652455384	0.355158637399978	0.155	0.117	1	chr1-205774872-205776002	2
0.407082548089676	0.322801694576452	0.167	0.126	1	chr6-1088177-1089412	2
0.407385643190157	0.34348249569381	0.155	0.117	1	chr1-200038953-200040479	2
0.407385643190157	0.303431992913392	0.155	0.117	1	chr19-7902107-7905139	2
0.407562310819	0.260788241155354	0.176	0.135	1	chr11-3892863-3895593	2
0.40799334235608	0.357657348611588	0.163	0.126	1	chr19-40569991-40571397	2
0.408347950472841	0.287625693813766	0.196	0.153	1	chr1-201153443-201155184	2
0.408419481963462	0.324427916465074	0.155	0.117	1	chr20-54148713-54149768	2
0.409085918624617	0.348142224248404	0.167	0.126	1	chr5-150945914-150947214	2
0.409735517473112	0.353220366261892	0.18	0.144	1	chr13-27270276-27273012	2
0.410219931032367	0.260351264547255	0.184	0.135	1	chr14-24298839-24300895	2
0.410491840897657	0.316177511093526	0.155	0.117	1	chr15-66496873-66499180	2
0.410715455871891	0.368676893063648	0.151	0.117	1	chr15-70289102-70290145	2
0.411489615414548	0.296051970174623	0.176	0.135	1	chr15-79811221-79812989	2
0.412286014388292	0.271634137117687	0.224	0.171	1	chr6-7138801-7142096	2
0.412424556422906	0.319727592912274	0.184	0.144	1	chr4-184968396-184969455	2
0.412474939313338	0.277148353721979	0.176	0.135	1	chr16-83898071-83900263	2
0.413461660400696	0.305964462875417	0.176	0.135	1	chr11-78098702-78101557	2
0.413863173223438	0.357372009772868	0.151	0.117	1	chr4-48726079-48727199	2
0.414113060876788	0.276571555637765	0.171	0.126	1	chr12-1795177-1796740	2
0.414479923297886	0.277254435293283	0.204	0.162	1	chr17-62063896-62066553	2
0.414614595011971	0.253979314119285	0.171	0.126	1	chr1-205913188-205915018	2
0.414974569222295	0.332446476063625	0.2	0.162	1	chr2-206083457-206087304	2
0.415116642782648	0.265825884639473	0.171	0.126	1	chr3-24379521-24380748	2
0.415699994295329	0.296604798122511	0.155	0.117	1	chr7-33043509-33045511	2
0.415798392844049	0.303840652011577	0.192	0.153	1	chr14-69150980-69153833	2
0.415969560334614	0.313505949118777	0.151	0.117	1	chr3-48846661-48848400	2
0.416160732610522	0.281773849616926	0.273	0.234	1	chr6-106324641-106326302	2
0.416379334527709	0.314173473518951	0.196	0.162	1	chrX-118205422-118208824	2
0.416746288305735	0.267327323942293	0.155	0.117	1	chr15-48682682-48684794	2
0.417025122983591	0.344252875825569	0.151	0.117	1	chr1-161421659-161422652	2
0.418843530278919	0.316370604682153	0.155	0.117	1	chr1-185477355-185479108	2
0.418907859910498	0.268947488682145	0.188	0.144	1	chr8-132774743-132776385	2
0.419052303045245	0.335277859830323	0.171	0.135	1	chr1-193767378-193768698	2
0.419411272731626	0.284382668628848	0.176	0.135	1	chr21-38804899-38806863	2
0.419655503190521	0.283382690545369	0.204	0.153	1	chr7-29684262-29686134	2
0.42020127268789	0.325754845894122	0.151	0.117	1	chr12-57725816-57728162	2
0.420208898722582	0.377122513640155	0.163	0.135	1	chr6-135932376-135933482	2
0.420572281448775	0.270411650900522	0.192	0.153	1	chr11-43311401-43313573	2
0.420631990428065	0.28911245953889	0.22	0.171	1	chr14-38329080-38330601	2
0.420681129141922	0.320348955481084	0.184	0.144	1	chr2-180257026-180259407	2
0.420946969504955	0.265824268039074	0.155	0.117	1	chr13-50909302-50911408	2
0.421126432251231	0.269667311983965	0.229	0.18	1	chr8-95024267-95026146	2
0.421405609118256	0.295276777931357	0.176	0.135	1	chr6-106628578-106630752	2
0.42177448038233	0.25780772902923	0.216	0.171	1	chr12-66129694-66131701	2
0.422066104105999	0.297951850492493	0.171	0.135	1	chr6-29976202-29977604	2
0.422404859962152	0.296902055351825	0.176	0.135	1	chr17-67637575-67638737	2
0.423299524721551	0.301184478366785	0.163	0.126	1	chr12-21437191-21438566	2
0.424767548210027	0.272132023014822	0.159	0.117	1	chr10-43573293-43575196	2
0.425172400362178	0.279866588539999	0.155	0.117	1	chr9-100425809-100428234	2
0.425365443656068	0.307216110872495	0.163	0.126	1	chr1-161313695-161315353	2
0.425365443656068	0.327968016998875	0.163	0.126	1	chr4-112296804-112298199	2
0.426252667653451	0.25514332779863	0.253	0.207	1	chr7-24978896-24982302	2
0.4264157228171	0.26103019789167	0.176	0.135	1	chr2-127884575-127887433	2
0.426633333833296	0.262489838629793	0.204	0.162	1	chr7-75485331-75486872	2
0.427294371831778	0.285270943134047	0.155	0.117	1	chr14-25658525-25661110	2
0.427294371831778	0.254660869740809	0.155	0.117	1	chr16-87391282-87393657	2
0.427387809967076	0.340764903831911	0.18	0.144	1	chr1-201280776-201282900	2
0.42942250023073	0.276130430101646	0.155	0.117	1	chr4-139900824-139903014	2
0.430201267904766	0.263760231940837	0.196	0.153	1	chr12-121802509-121805485	2
0.430301171159854	0.253603921464954	0.249	0.207	1	chr1-112618015-112620651	2
0.430488869984309	0.34546257003422	0.155	0.117	1	chr18-59402202-59403113	2
0.431187427189216	0.259041512126511	0.192	0.153	1	chr3-170180019-170182079	2
0.431556774992633	0.30063641647154	0.155	0.117	1	chr1-85550642-85551836	2
0.431671127222778	0.275040803734295	0.208	0.162	1	chr8-19312323-19314846	2
0.432998009809892	0.295187363187358	0.184	0.144	1	chr1-228212815-228214255	2
0.433047186158162	0.291851430511663	0.151	0.117	1	chr2-230712112-230714542	2
0.433378937758799	0.263282270019409	0.233	0.189	1	chr9-127965057-127967174	2
0.433487922476208	0.253591638690631	0.176	0.135	1	chr6-28863256-28864945	2
0.433580644062385	0.31210824328595	0.167	0.126	1	chr9-91422117-91424762	2
0.433940757289101	0.349282871557034	0.167	0.135	1	chrX-71184336-71185764	2
0.435210048434051	0.338481139017106	0.151	0.117	1	chr20-36950699-36952446	2
0.435632589732778	0.286747528335003	0.229	0.189	1	chr10-51698619-51700888	2
0.436293813098219	0.373932287478284	0.151	0.117	1	chr11-1261222-1263345	2
0.436293813098219	0.289520321663283	0.151	0.117	1	chr12-2876311-2878456	2
0.436472943690799	0.292304809868223	0.261	0.216	1	chr10-95655373-95657589	2
0.436914752754248	0.315190132926653	0.159	0.126	1	chr3-11641358-11644379	2
0.437042393174913	0.250685101763705	0.192	0.153	1	chr2-118012741-118014867	2
0.437374393521537	0.346453007804767	0.196	0.162	1	chr6-31970570-31973444	2
0.437806971055344	0.251487251027782	0.241	0.189	1	chr17-48100109-48102123	2
0.43819161889001	0.269077071185048	0.269	0.225	1	chr17-18313724-18316070	2
0.438983427508358	0.251733367179104	0.184	0.144	1	chr6-149894906-149896314	2
0.438983427508358	0.258338927986947	0.184	0.144	1	chr15-43791597-43793521	2
0.440150228442629	0.306829506163623	0.167	0.135	1	chrX-16946055-16947663	2
0.440888389922243	0.251850488983646	0.196	0.153	1	chr20-10505080-10509290	2
0.442866712577867	0.313541702766487	0.22	0.18	1	chr12-6214801-6217328	2
0.442999972338467	0.261282176163947	0.184	0.144	1	chr15-100206066-100207822	2
0.443866565286655	0.279998920704822	0.229	0.18	1	chr8-119831876-119833719	2
0.444552400423575	0.307252175278315	0.171	0.135	1	chrX-154799098-154801363	2
0.445433360204968	0.327188201593651	0.159	0.126	1	chr11-126543638-126545586	2
0.44650480190245	0.355406455494611	0.159	0.126	1	chr8-74405693-74406905	2
0.447195180723068	0.256199110777118	0.167	0.126	1	chr7-5822397-5823827	2
0.44741040612551	0.255299958199684	0.163	0.126	1	chr20-54207431-54209150	2
0.447833984621986	0.251417460776599	0.176	0.135	1	chr12-111596951-111600482	2
0.44854348392924	0.250314497040335	0.269	0.225	1	chr5-142981397-142983259	2
0.448637054660967	0.275938637126854	0.204	0.162	1	chr1-160341995-160344267	2
0.448850909944642	0.259550097706477	0.155	0.117	1	chr12-132489553-132492762	2
0.449389454068615	0.271000240898612	0.229	0.189	1	chr5-151022799-151024378	2
0.449987302529458	0.316521430160952	0.188	0.153	1	chr10-122062683-122063862	2
0.451039994353825	0.253134649807626	0.155	0.117	1	chr7-40985119-40987058	2
0.451630072331099	0.254393321188455	0.233	0.189	1	chr3-158801194-158802931	2
0.453844341663246	0.322622933609879	0.151	0.117	1	chr10-114279452-114280731	2
0.453944769670462	0.267145977971829	0.171	0.135	1	chr3-188771801-188773525	2
0.454045842807806	0.329942657263879	0.159	0.126	1	chr1-2194375-2195836	2
0.454045842807806	0.293626250501544	0.159	0.126	1	chr10-12874560-12875714	2
0.455015513366533	0.271608643199365	0.188	0.153	1	chr16-67429695-67432657	2
0.455847393857114	0.262321854162086	0.245	0.207	1	chr20-49914240-49917350	2
0.455894922945364	0.303194390274873	0.167	0.135	1	chr14-103692742-103694227	2
0.456065813912156	0.288944570919764	0.151	0.117	1	chr3-11539071-11540410	2
0.456151399325143	0.264792616087416	0.176	0.135	1	chr1-40373189-40375207	2
0.456231773544662	0.267478860718693	0.2	0.162	1	chr1-59856298-59857743	2
0.459409460607308	0.302072312621535	0.151	0.117	1	chr13-75704543-75705617	2
0.460207999276717	0.305874990927447	0.184	0.153	1	chr11-124673020-124674614	2
0.460566353908796	0.317651609667459	0.159	0.126	1	chr14-100213577-100215134	2
0.461333274962471	0.294869341694755	0.253	0.216	1	chr4-139665254-139668548	2
0.46334951267896	0.322696651567887	0.167	0.135	1	chr12-49366263-49368718	2
0.466669265793313	0.258117260311616	0.176	0.135	1	chr17-19361835-19363447	2
0.467264442458628	0.285872814587895	0.151	0.117	1	chr3-49804842-49806201	2
0.468768656643084	0.255960784600093	0.155	0.117	1	chr4-38673066-38676022	2
0.469522324327922	0.27215792353584	0.151	0.117	1	chr12-51082627-51084016	2
0.472356460672067	0.254782907016702	0.18	0.144	1	chr19-50383373-50385767	2
0.472655525745126	0.301444769424247	0.159	0.126	1	chr3-196968229-196971589	2
0.475199917544153	0.341258679809112	0.167	0.135	1	chr16-30417152-30419035	2
0.475678229521782	0.285008618056271	0.184	0.153	1	chr19-18321935-18324222	2
0.478460474524558	0.288266218642142	0.167	0.135	1	chr2-196231940-196234123	2
0.479743392615546	0.265026260992903	0.18	0.144	1	chr7-65080615-65081818	2
0.479851275631736	0.293286420697286	0.184	0.153	1	chr2-219244863-219246347	2
0.480831264262102	0.286410964330821	0.155	0.126	1	chr3-128584110-128585020	2
0.481958359194808	0.319868311916347	0.155	0.126	1	chr16-30948099-30950794	2
0.48267521271212	0.267682684792998	0.159	0.126	1	chr12-1830295-1831732	2
0.484201433050691	0.279960627091667	0.212	0.18	1	chr16-89410390-89411683	2
0.48491737958987	0.250251545612754	0.159	0.126	1	chr1-22413858-22414968	2
0.485495182580754	0.303540656420529	0.151	0.117	1	chr5-136040675-136041780	2
0.488378035326979	0.286929904465922	0.151	0.117	1	chr15-65516923-65518258	2
0.490547396026323	0.259399557849569	0.159	0.126	1	chr1-150267843-150269587	2
0.495594909230649	0.275454786010598	0.155	0.126	1	chr19-9818135-9820206	2
0.495782527839223	0.255989706032174	0.18	0.144	1	chr19-12783692-12787407	2
0.495782527839223	0.250920426343831	0.18	0.144	1	chrX-38326077-38328096	2
0.498467156607203	0.323828500514922	0.171	0.144	1	chr1-43934342-43937318	2
0.500185779819133	0.271387313986854	0.155	0.126	1	chr4-94332921-94335512	2
0.501628333242737	0.254387678316667	0.204	0.171	1	chr17-44946895-44948335	2
0.503643681115192	0.258567138012926	0.155	0.126	1	chr3-55526118-55527199	2
0.504799113079902	0.262227749255529	0.155	0.126	1	chr1-182686663-182688188	2
0.507018588777804	0.267726072748043	0.216	0.18	1	chr1-33472005-33473353	2
0.508273774217844	0.254518140847101	0.155	0.126	1	chr1-67189895-67191637	2
0.510600443663222	0.305512241914618	0.167	0.135	1	chr1-10032215-10035249	2
0.510694443920452	0.251499692040069	0.184	0.153	1	chr5-79173136-79174424	2
0.514092632355221	0.251418305562758	0.155	0.126	1	chr5-178895425-178896777	2
0.516364324671015	0.27549355554419	0.176	0.144	1	chr14-92792800-92795412	2
0.516429839805739	0.308393215871425	0.155	0.126	1	chr19-12680695-12682353	2
0.517600505646842	0.256804654625941	0.155	0.126	1	chr3-127628326-127630642	2
0.523389093085583	0.312554735240519	0.163	0.135	1	chr2-30807002-30808002	2
0.524653229419907	0.269502556509027	0.155	0.126	1	chr17-13181542-13183363	2
0.529158180626475	0.271217796729262	0.163	0.135	1	chr10-122504125-122505366	2
0.530514505421686	0.281354448445236	0.2	0.171	1	chr1-214280476-214282525	2
0.54339270147162	0.254478279100261	0.151	0.126	1	chr6-148257257-148259701	2
0.545481917932827	0.252362022341274	0.163	0.135	1	chr15-40340049-40341405	2
0.546657389799236	0.262489883643144	0.163	0.135	1	chr11-8809499-8811411	2
0.54703042943284	0.28352632022151	0.151	0.126	1	chr1-178655491-178657900	2
0.560839096694088	0.25088472700201	0.216	0.189	1	chr5-112160261-112162074	2
0.561302091297485	0.28865211219535	0.192	0.162	1	chr16-29310512-29312030	2
0.569106587621987	0.260486814568012	0.151	0.126	1	chr17-7241112-7243702	2
0.582099121086878	0.291562724768457	0.167	0.144	1	chr19-2494472-2496316	2
0.582803771646917	0.267671440988629	0.151	0.126	1	chr3-47802107-47804286	2
0.598599325464863	0.250166373198856	0.224	0.198	1	chr5-69188617-69190666	2
0.602629751522143	0.252698645473346	0.188	0.162	1	chr6-109008585-109011176	2
0.776511396762699	0.251379528103095	0.163	0.153	1	chr11-574818-578900	2
