p_val	avg_log2FC	pct.1	pct.2	p_val_adj	gene	cluster
2.20039975053809e-13	2.80498870690671	0.509	0.096	4.20923269879433e-08	chr1-235072983-235075989	3
1.32194368729906e-10	3.81059185382837	0.358	0.035	2.52879895718186e-05	chr1-240595483-240598738	3
3.97397901419035e-10	1.3305893651279	0.685	0.357	7.60198341540528e-05	chr1-234956838-234964911	3
6.46328519166218e-10	3.7522471404911	0.339	0.035	0.000123638767745382	chr1-202106870-202109160	3
1.31177186178373e-08	2.34693319238829	0.4	0.104	0.00250934086528058	chr1-229886826-229889976	3
1.9073508431516e-08	2.07865030402267	0.418	0.113	0.00364864772189842	chr8-144498322-144504619	3
2.31265039281057e-08	1.98406672782217	0.43	0.139	0.00442396144242306	chr1-226944283-226947333	3
3.89084566574998e-08	0.865202441385345	0.776	0.565	0.00744295430783976	chr1-155123709-155137365	3
5.89575834400082e-08	12.1438432761702	0.224	0	0.0112782319665729	chr11-3041382-3044477	3
6.88069688197636e-08	3.16293831208698	0.297	0.043	0.0131623602934079	chr1-54272636-54275868	3
7.43110939760473e-08	3.49144290495787	0.273	0.026	0.014215266411054	chr4-183987156-183990082	3
8.33408693047941e-08	1.40843839113115	0.552	0.304	0.0159426082527913	chr1-206684373-206694759	3
9.53203135069528e-08	1.94641375044386	0.43	0.165	0.018234204051999	chr1-207807156-207814549	3
1.08492939908155e-07	3.51823485369875	0.267	0.026	0.0207540484467906	chr16-75243802-75246325	3
1.61234240154094e-07	3.80436729417714	0.248	0.017	0.0308431427360373	chr10-43025691-43028889	3
2.29602327271587e-07	3.64748298695438	0.255	0.026	0.043921547593091	chr1-1157278-1159120	3
2.36055463205325e-07	12.7513543684681	0.206	0	0.0451559937783995	chr10-133364454-133366030	3
3.07705789333978e-07	2.84101378200807	0.291	0.052	0.058862271264854	chr7-2522317-2524871	3
3.72729335048611e-07	12.5062797901963	0.2	0	0.0713008854187891	chr1-107597217-107599906	3
3.9758763011268e-07	2.10751884936514	0.358	0.104	0.0760561281147749	chr12-124421632-124423962	3
4.19339805840827e-07	4.6543859125143	0.218	0.009	0.0802171888185152	chr1-228829808-228831584	3
4.5717805425013e-07	2.46517571632104	0.309	0.061	0.0874554187097244	chr1-230158089-230160161	3
5.07876121151935e-07	3.33727570904225	0.248	0.026	0.0971536547196383	chr12-124678977-124680444	3
7.92435663687372e-07	3.17008600394497	0.255	0.035	0.151588187849412	chr16-2081596-2083047	3
8.33767271664862e-07	4.89551425671052	0.206	0.009	0.159494676465858	chr17-66975307-66979103	3
9.21719127075291e-07	12.1810954075077	0.188	0	0.176319338694741	chr3-18841196-18844376	3
9.21719127075291e-07	12.2280870682975	0.188	0	0.176319338694741	chr9-1200375-1201759	3
9.36801118628573e-07	3.35356076182541	0.242	0.026	0.179204433186934	chr4-20882115-20884480	3
1.09627377472477e-06	3.35404828629706	0.236	0.026	0.2097105954622	chr1-177274361-177277083	3
1.10207001843667e-06	4.1917740370576	0.218	0.017	0.210819382106825	chr6-41712232-41714063	3
1.16532258666389e-06	3.33946053016515	0.236	0.026	0.222919218893282	chr5-171436503-171437943	3
1.25026680022818e-06	2.45784169567912	0.297	0.07	0.23916853728285	chr1-232377343-232379921	3
1.30023598670884e-06	3.8515655483694	0.218	0.017	0.248727342841482	chr12-122840642-122843037	3
1.44365966036778e-06	12.082489108424	0.182	0	0.276163431070393	chr19-38003103-38005329	3
1.45747404795223e-06	3.00281813488967	0.248	0.035	0.278806040528975	chr1-107680397-107684757	3
1.67807916000635e-06	2.85487175856937	0.255	0.043	0.321006474834256	chr1-37604956-37606804	3
1.71584769295054e-06	3.30145901769229	0.23	0.026	0.32823136857528	chr3-194312092-194314303	3
1.73117952222088e-06	2.61915054286078	0.267	0.043	0.331164255523721	chr1-236147386-236151687	3
2.03249860134875e-06	5.1417037542402	0.194	0.009	0.388804787446407	chr10-28938521-28941133	3
2.25528928417537e-06	12.0964924488977	0.176	0	0.431423308327044	chr1-246007958-246009299	3
2.25528928417537e-06	12.1072271526354	0.176	0	0.431423308327044	chr11-119683486-119685249	3
2.25999414155447e-06	3.60099081279805	0.224	0.026	0.43232331931452	chr16-11296378-11298437	3
3.16549049718648e-06	3.95471673533499	0.206	0.017	0.60553933916879	chr11-58922305-58925243	3
3.22131785231287e-06	2.46930216342193	0.261	0.043	0.616218777240339	chr14-35335230-35337713	3
3.31808150268631e-06	2.87264978522046	0.248	0.043	0.634729082974875	chr1-148387938-148389422	3
3.51425978555562e-06	12.0464444352809	0.17	0	0.672256811418077	chr1-65072290-65074287	3
3.51425978555562e-06	11.8748402303687	0.17	0	0.672256811418077	chr16-85637385-85640630	3
3.51425978555562e-06	12.384045115791	0.17	0	0.672256811418077	chr22-33539894-33540998	3
3.5982628778777e-06	1.88184562297279	0.345	0.104	0.688326098960736	chr1-234973347-234976032	3
4.59190527409263e-06	1.01915651836534	0.588	0.365	0.878403927502275	chr6-73511670-73522485	3
4.7021520992522e-06	2.90414110620883	0.242	0.043	0.899493483674351	chr8-138788827-138792802	3
5.07343520181118e-06	3.85961861763021	0.2	0.017	0.970517713495268	chr1-218459252-218461022	3
5.09957911674844e-06	4.74212372656294	0.182	0.009	0.975518887559276	chr5-91365343-91375321	3
5.14258090237277e-06	2.79769103616686	0.242	0.043	0.983744871138498	chr1-179090422-179093145	3
5.46240522807941e-06	11.9405276953902	0.164	0	1	chr2-26000516-26003432	3
5.46240522807941e-06	11.9824770775507	0.164	0	1	chr16-31112447-31115060	3
5.67251164442693e-06	1.61090849971196	0.382	0.157	1	chr1-225879600-225883670	3
6.21329409830779e-06	2.70485508852385	0.242	0.043	1	chr1-161013128-161014647	3
6.38005906393497e-06	2.52825369286778	0.255	0.052	1	chr1-9835303-9836969	3
7.21955923786351e-06	2.38741767150409	0.267	0.061	1	chr1-241615147-241616964	3
8.46989840675909e-06	12.1092675219567	0.158	0	1	chr5-149153539-149154694	3
8.46989840675909e-06	12.1422829434212	0.158	0	1	chr10-132630861-132632678	3
8.91474603647999e-06	1.61606306608816	0.394	0.165	1	chr1-234530736-234535030	3
9.29810357348003e-06	3.33656684562758	0.206	0.026	1	chr5-134505642-134507182	3
1.02141012720393e-05	4.34233564761042	0.188	0.017	1	chr1-169128528-169137890	3
1.07847439701375e-05	2.14414597632644	0.279	0.07	1	chr1-219554942-219556537	3
1.13304508222172e-05	2.47407022276489	0.248	0.052	1	chr9-107748829-107751356	3
1.14146616830555e-05	3.6848505631422	0.188	0.017	1	chr2-240368449-240370678	3
1.18118481925889e-05	2.23020481412889	0.273	0.07	1	chr14-103126595-103129776	3
1.31022009267074e-05	12.0860956957591	0.152	0	1	chr2-99661026-99663485	3
1.31022009267074e-05	11.8150534827676	0.152	0	1	chr12-2113025-2114606	3
1.31022009267074e-05	12.0624237516706	0.152	0	1	chr20-62178410-62179554	3
1.33931735237476e-05	2.00857187774517	0.297	0.087	1	chr14-90511824-90514677	3
1.35186039315656e-05	1.5812074106952	0.37	0.139	1	chr1-5597046-5599160	3
1.42318707073523e-05	3.54988803179318	0.188	0.017	1	chr18-12009398-12013862	3
1.43805755439823e-05	2.0235091458337	0.285	0.078	1	chr1-226697047-226699233	3
1.50560452770854e-05	2.35375622256898	0.248	0.052	1	chr12-109914079-109916250	3
1.55621111032885e-05	4.27783342066567	0.17	0.009	1	chr10-69327221-69328764	3
1.77168289193998e-05	2.17129087235268	0.273	0.078	1	chr1-107592321-107595124	3
1.82505276968218e-05	1.57877535609781	0.376	0.165	1	chr1-229269538-229272867	3
1.8981385076001e-05	2.80644267939414	0.212	0.035	1	chr1-117231407-117233179	3
1.90435990311699e-05	3.77520443128151	0.182	0.017	1	chr13-112901392-112904078	3
1.94100211204537e-05	3.01678821242077	0.2	0.026	1	chr1-107140960-107143125	3
2.03086462053659e-05	2.59051880378712	0.218	0.035	1	chr8-135513919-135516615	3
2.04861888611133e-05	3.5505234213133	0.182	0.017	1	chr8-138672338-138673981	3
2.05100648425643e-05	4.49770950834866	0.164	0.009	1	chr1-225746362-225747494	3
2.2821557554806e-05	3.23799715655026	0.194	0.026	1	chr10-133158836-133164521	3
2.33737325659699e-05	0.533298268956955	0.818	0.73	1	chr1-234598963-234614380	3
2.39277133477398e-05	4.21460527464097	0.164	0.009	1	chr5-179836132-179842954	3
2.48591991299948e-05	3.3346259121416	0.182	0.017	1	chr18-37564710-37566929	3
2.54618555814581e-05	2.30395763556045	0.248	0.061	1	chr2-119240187-119241775	3
2.66127648549788e-05	1.63441026823788	0.327	0.113	1	chr6-56540920-56543487	3
2.90747557161636e-05	3.74349420931422	0.176	0.017	1	chr1-207844711-207846394	3
2.9478363693975e-05	1.64160343189094	0.321	0.104	1	chr16-15575557-15578260	3
3.41705112325347e-05	1.86219889683755	0.285	0.087	1	chr6-81751940-81754504	3
3.55658995066923e-05	1.46005462767962	0.37	0.148	1	chr1-183804136-183806649	3
3.57800513028189e-05	3.34905512958199	0.188	0.026	1	chr1-33985426-33987160	3
3.81948947098121e-05	1.88427219316764	0.285	0.087	1	chr1-210327916-210330279	3
3.87681903447843e-05	4.26393586477662	0.17	0.017	1	chr1-222659643-222668317	3
3.87681903447843e-05	4.01813155759122	0.17	0.017	1	chr5-139103695-139105536	3
3.97183254575681e-05	3.68341262072947	0.17	0.017	1	chr1-175519923-175522013	3
4.42935425122897e-05	1.25471735921273	0.436	0.226	1	chr6-85592737-85595182	3
4.75558866734547e-05	1.22255113574013	0.418	0.2	1	chr2-156331554-156335963	3
4.88343204310558e-05	4.45240055176075	0.152	0.009	1	chr6-104413682-104415943	3
4.94614369151765e-05	4.34456347355133	0.152	0.009	1	chr1-67711653-67714494	3
5.20470665728363e-05	4.23411612412553	0.152	0.009	1	chr3-138468298-138469808	3
5.26556700605792e-05	1.85361482373007	0.273	0.078	1	chr1-226813792-226815933	3
5.55509509364136e-05	2.56198811986036	0.212	0.043	1	chr1-225823415-225827067	3
5.7928588819769e-05	1.32479514972095	0.382	0.165	1	chr1-236141000-236145578	3
5.98341328168353e-05	3.8469922705275	0.152	0.009	1	chr4-25896664-25898011	3
6.05350574897797e-05	3.0036490063811	0.182	0.026	1	chr20-6707142-6709360	3
6.40873599330388e-05	1.4250709453829	0.37	0.157	1	chr6-82246292-82248838	3
6.89208821311345e-05	2.58219807954021	0.206	0.043	1	chr12-91817132-91819567	3
7.01179634168026e-05	1.82841952964015	0.285	0.096	1	chr13-44401441-44406218	3
7.49361591364633e-05	2.57655319770613	0.206	0.043	1	chr18-50404142-50406720	3
8.41111714792025e-05	2.64176645519594	0.194	0.035	1	chr6-53011570-53014451	3
8.74405411294777e-05	2.19636173384879	0.23	0.061	1	chr9-89675229-89677153	3
8.77966152908995e-05	2.50579006924843	0.194	0.035	1	chr2-224022795-224023967	3
8.8011373802714e-05	0.68058630794299	0.697	0.504	1	chr1-169104657-169127526	3
9.03351179763491e-05	2.38859146964378	0.206	0.043	1	chr1-117267406-117269713	3
9.10518920953696e-05	3.03504344584546	0.176	0.026	1	chr12-119178283-119180101	3
9.71500447813278e-05	3.62624507790173	0.158	0.017	1	chr17-81854628-81856741	3
0.000109083373478565	0.847935265783361	0.564	0.4	1	chr1-209800538-209807170	3
0.000115395770912018	2.23729694216967	0.224	0.061	1	chrX-136046201-136048257	3
0.000117716470337847	2.20638383542898	0.236	0.07	1	chr1-217076183-217079144	3
0.000122955647561532	1.78792345668035	0.285	0.104	1	chr1-211541330-211543818	3
0.000124503707479741	3.07969507536947	0.158	0.017	1	chr1-6519309-6520819	3
0.00013042978936723	1.4379875223262	0.333	0.139	1	chr16-75108647-75112094	3
0.00013059868981871	3.10667658758237	0.17	0.026	1	chr2-234690122-234693029	3
0.000135900185785584	2.64309586448161	0.176	0.026	1	chr3-194096784-194098726	3
0.000140359592402774	1.78134114617682	0.273	0.096	1	chr4-140236827-140239182	3
0.00014215595493246	1.70290751796101	0.285	0.104	1	chr1-68495367-68497909	3
0.000142606906792438	2.11063789425713	0.224	0.061	1	chr5-2200162-2201544	3
0.000150212094293711	2.71955077484247	0.182	0.035	1	chr1-23742797-23745954	3
0.000150374672195812	3.58082703456809	0.152	0.017	1	chr22-43293000-43294549	3
0.000151152243952332	1.53650869512865	0.291	0.104	1	chr1-181742285-181744853	3
0.000152901786547769	1.96906733009761	0.236	0.07	1	chr6-47477226-47479423	3
0.000157175872884035	2.87385974305249	0.158	0.017	1	chr8-109602505-109605380	3
0.000170939855727591	1.35863044426336	0.352	0.165	1	chr1-46171016-46175661	3
0.000171120831932546	3.43147194953862	0.152	0.017	1	chr1-19596187-19597919	3
0.000176935948176877	2.0957113990412	0.212	0.052	1	chr1-93962676-93966397	3
0.000179311051503537	3.24072471697749	0.152	0.017	1	chr1-18480010-18481256	3
0.000186244048914245	2.4845295447189	0.194	0.043	1	chr5-22648098-22650839	3
0.000188140456800129	2.4477215999982	0.194	0.043	1	chr1-3126477-3128279	3
0.000188963664243528	3.17461162460429	0.152	0.017	1	chr1-197994390-197996003	3
0.000189549953489853	2.02424749504118	0.224	0.061	1	chr10-69684053-69686951	3
0.000193939159020949	2.43277806438241	0.194	0.043	1	chr3-50264407-50272095	3
0.000203070123058339	2.50221146971457	0.17	0.026	1	chr6-3363055-3365614	3
0.000216835517666572	1.80061612635843	0.248	0.078	1	chr11-131895760-131898472	3
0.0002214617492924	1.71695248564746	0.242	0.07	1	chr5-124659710-124663377	3
0.000224039237170455	1.79811608904199	0.255	0.087	1	chr3-186974357-186977916	3
0.000224700662552218	2.22870867993748	0.206	0.052	1	chr1-204882069-204884197	3
0.000227807209033922	2.30897178169794	0.194	0.043	1	chr6-41577633-41579450	3
0.000238105912022162	1.94559079568473	0.23	0.07	1	chr3-56810779-56814153	3
0.000242020228974507	2.54119953895944	0.188	0.043	1	chr3-194984678-194985928	3
0.000252591836353238	1.6851137550082	0.273	0.104	1	chr1-223737327-223741426	3
0.000261979397461237	1.42572330316831	0.315	0.139	1	chr1-226675154-226678090	3
0.000262109227550862	1.62959855959959	0.261	0.087	1	chr1-230750644-230753225	3
0.000269937873069654	3.06283582021617	0.158	0.026	1	chr1-223429300-223430998	3
0.000276733409745664	1.85932690402544	0.242	0.078	1	chr1-201494053-201496935	3
0.000276850580618657	1.61602279713572	0.279	0.113	1	chr1-181117145-181118569	3
0.000280500332045977	2.58722150379367	0.164	0.026	1	chr6-80456914-80458176	3
0.000283511929555974	2.14841568328357	0.194	0.043	1	chr2-237059573-237062258	3
0.000310716799904917	0.94747668074215	0.491	0.339	1	chr1-226132433-226136239	3
0.000322587512475688	1.93694604964558	0.218	0.061	1	chr1-113253267-113256831	3
0.000323562757566935	1.50935041529215	0.279	0.104	1	chr1-10665610-10670704	3
0.000328323799743934	1.61630723310768	0.279	0.113	1	chr8-101391518-101394336	3
0.000336513603569141	2.26151642534876	0.188	0.043	1	chr1-202409990-202412648	3
0.000341651384699495	1.98947437274663	0.212	0.061	1	chr1-225719952-225721358	3
0.000344290423739906	1.10596864004357	0.382	0.183	1	chr1-180229005-180232419	3
0.00035092894640103	2.81350714712321	0.158	0.026	1	chr1-162371696-162374524	3
0.000355459106976707	1.44047392206288	0.303	0.13	1	chr1-230823925-230826300	3
0.000368535962765516	2.48742265921907	0.182	0.043	1	chr7-96793670-96795495	3
0.000378527777135292	2.71695947528254	0.158	0.026	1	chr10-5488109-5489277	3
0.000390614939260791	1.98104095889059	0.2	0.052	1	chr9-122374770-122377382	3
0.000392733103720539	2.1557014275467	0.206	0.061	1	chr6-52917843-52919965	3
0.000399469309721654	2.64110622768559	0.158	0.026	1	chr3-13506934-13509790	3
0.000407168457274416	1.45919400408597	0.291	0.122	1	chr7-151875044-151877950	3
0.00040895295541256	1.50839441014683	0.279	0.104	1	chr12-123061823-123065003	3
0.000415066558315831	2.40358013047714	0.182	0.043	1	chr18-21183364-21185323	3
0.000421489341986465	2.63682072427086	0.158	0.026	1	chr12-53824943-53825997	3
0.000448101934066395	2.85602789710045	0.152	0.026	1	chr1-24704982-24706174	3
0.000454226558619861	2.39331600481241	0.158	0.026	1	chr4-1038461-1040645	3
0.000471401914324781	2.00641299190213	0.2	0.052	1	chr6-110595873-110599282	3
0.000471638935955943	2.28371906975568	0.182	0.043	1	chr15-42023942-42025775	3
0.000472278382863413	1.76669696932468	0.224	0.07	1	chr1-154784530-154785627	3
0.00048567739717795	2.22329886579692	0.182	0.043	1	chr12-101894402-101895501	3
0.000490582784839949	1.36080435489018	0.291	0.122	1	chr1-212146611-212148332	3
0.00049159902271405	2.67061433061184	0.176	0.043	1	chr12-107317900-107320822	3
0.000494639374642453	1.21860583811408	0.339	0.165	1	chr3-177357167-177360933	3
0.000515034178066842	2.58163631393327	0.164	0.035	1	chr4-153064315-153066010	3
0.000515558677449307	2.77996230794083	0.152	0.026	1	chr1-210464100-210465231	3
0.00051594043546245	1.6131961750275	0.255	0.096	1	chr1-2480228-2481869	3
0.000525871249971795	1.55801446696381	0.279	0.122	1	chr5-91024015-91029174	3
0.000527350766597914	1.18153611946461	0.339	0.157	1	chr9-109475134-109478402	3
0.000531117620273443	2.58049253727923	0.164	0.035	1	chr1-107625443-107627445	3
0.000541120832585719	1.97694653164562	0.206	0.061	1	chr1-164611422-164613839	3
0.000551787748671473	1.54813717966998	0.267	0.104	1	chr5-174720854-174726047	3
0.000582219994048737	2.55318181846218	0.164	0.035	1	chr12-120100127-120103062	3
0.000594827824560346	2.20042796086878	0.17	0.035	1	chr6-82363164-82365785	3
0.000595752018271492	2.00190495062015	0.194	0.052	1	chr7-141287723-141289538	3
0.000598840382728663	1.18186150724319	0.358	0.174	1	chr1-225874878-225876405	3
0.000602986790206457	1.29277683574556	0.345	0.183	1	chr1-227727533-227732315	3
0.000605111021956903	2.52047255992407	0.152	0.026	1	chr9-2465708-2467317	3
0.000610729643291045	1.72795661819498	0.23	0.078	1	chr2-172084324-172086002	3
0.000629648628687912	1.00295447311429	0.442	0.261	1	chr8-144513836-144518897	3
0.000630034460489609	0.908881354228449	0.473	0.278	1	chr6-85640857-85645272	3
0.00066869170407206	1.51320592033898	0.255	0.096	1	chr1-6204861-6207120	3
0.000674362813068661	1.75954668865243	0.218	0.07	1	chr7-30252998-30255745	3
0.000679513557953821	1.48637255508937	0.255	0.096	1	chr1-1343391-1346537	3
0.00068532468558659	2.15969816476437	0.176	0.043	1	chr14-91889129-91890446	3
0.000698156499143984	2.07004911176256	0.188	0.052	1	chr16-75238014-75241427	3
0.00071223911740542	1.52461036692077	0.261	0.104	1	chr1-210051866-210052858	3
0.000712285156275288	2.24413598160732	0.176	0.043	1	chr9-2426748-2428233	3
0.000712601196699866	2.29608029614626	0.164	0.035	1	chr16-69179187-69180381	3
0.000718499583532849	1.70406700157312	0.236	0.087	1	chr1-225815777-225818688	3
0.000733455683203354	1.57091456035758	0.236	0.078	1	chr5-123035251-123037579	3
0.000749191360345248	2.3841121132582	0.164	0.035	1	chr1-213380826-213382499	3
0.00076111390101852	1.68438649628949	0.236	0.087	1	chr1-202056444-202057810	3
0.00077280265701297	2.35343970707627	0.17	0.043	1	chr1-27562626-27564732	3
0.000784057353626641	2.15066311344514	0.176	0.043	1	chr15-60373518-60375555	3
0.000799194288991158	2.17993346364385	0.176	0.043	1	chr1-150020997-150022912	3
0.000807477640380855	1.50243863649805	0.261	0.104	1	chr2-217896878-217900845	3
0.000810036824549895	1.26323887941607	0.321	0.165	1	chr3-11600130-11603273	3
0.000811382654172976	2.18456802116122	0.164	0.035	1	chr2-152471375-152474491	3
0.000835788959064377	2.47913477345706	0.158	0.035	1	chr17-73288299-73290484	3
0.000835862508677037	1.92220600773898	0.2	0.061	1	chr10-93465533-93467037	3
0.000839721333094238	1.44166212424144	0.273	0.122	1	chr1-226185198-226187346	3
0.000861378730787748	2.51887588286538	0.158	0.035	1	chr3-148600772-148602954	3
0.00086249467590968	2.12330539797134	0.176	0.043	1	chr1-118116179-118119565	3
0.00086249467590968	2.10869898762752	0.176	0.043	1	chr6-152301264-152302712	3
0.000865527370487979	1.4686103409983	0.273	0.122	1	chr3-128384874-128386339	3
0.000919282556772697	2.29109704780331	0.17	0.043	1	chr18-79062485-79063559	3
0.00092303143741064	1.83878408533622	0.218	0.078	1	chr6-45376878-45378818	3
0.00093321297213182	2.40293784691071	0.158	0.035	1	chr18-79933676-79935212	3
0.000937057169672643	2.23548645138853	0.17	0.043	1	chr1-220390781-220392200	3
0.000942755893016235	1.66537498865846	0.23	0.087	1	chr1-184024648-184025955	3
0.000952018958188441	2.32513248844557	0.158	0.035	1	chr9-122365827-122367015	3
0.000954407908430575	1.92076262164567	0.188	0.052	1	chr7-33043509-33045511	3
0.000955149727383045	2.28328869351644	0.17	0.043	1	chr10-29589833-29592104	3
0.000963882038192622	1.59661669820475	0.236	0.087	1	chr13-80339744-80342001	3
0.000978110156003195	1.54163132074278	0.248	0.104	1	chr5-68395701-68397329	3
0.00100058041426213	2.33149884232849	0.158	0.035	1	chr9-99259078-99260199	3
0.00102557647373178	1.59090711413284	0.242	0.096	1	chr8-81841271-81843114	3
0.0010477736248114	1.63305338701826	0.23	0.087	1	chr1-202045716-202047732	3
0.00106286117987711	1.54615840041924	0.248	0.096	1	chr5-91125543-91129038	3
0.00106826048018379	1.58522340571397	0.218	0.07	1	chr6-43246446-43247892	3
0.00108152229447722	1.72543833610387	0.218	0.078	1	chr10-104304580-104306876	3
0.0010833130045977	1.84968467747557	0.188	0.052	1	chr8-101231592-101234590	3
0.00108608217058822	1.97198958986548	0.194	0.061	1	chr17-74430078-74432770	3
0.00109114275807019	2.11312756071981	0.17	0.043	1	chr20-58610879-58613063	3
0.00113777560185794	2.15436716369403	0.158	0.035	1	chr12-131455837-131457635	3
0.00114664337113162	1.76371682391315	0.206	0.07	1	chr12-26124581-26127021	3
0.00118661786467641	1.40726000747718	0.261	0.104	1	chr1-179287247-179289616	3
0.00118919559124852	1.31310501850787	0.303	0.157	1	chr1-234542045-234546269	3
0.00119077458931526	1.98633640773963	0.182	0.052	1	chr5-150509969-150513074	3
0.00119901302167666	2.06403292405786	0.17	0.043	1	chr17-55451996-55453381	3
0.00120761256536515	2.48960946827549	0.164	0.043	1	chr20-43557463-43560053	3
0.00121866076204032	2.04794418345825	0.158	0.035	1	chr1-25565366-25567524	3
0.00123324584683344	2.06811058418383	0.17	0.043	1	chr3-133077173-133078566	3
0.00124798339575229	1.7775037924973	0.206	0.07	1	chr12-6450782-6453085	3
0.00125202108496318	1.34861525943938	0.285	0.13	1	chr1-208202561-208204547	3
0.00126036071214579	1.88819749104601	0.194	0.061	1	chr6-38974332-38976391	3
0.00127527136211628	1.67914728054324	0.218	0.078	1	chr6-33730793-33733218	3
0.00127626640410604	1.43160819922601	0.261	0.113	1	chr1-190477356-190479970	3
0.00128029431956726	1.99703142243141	0.17	0.043	1	chr1-218379934-218381317	3
0.00134143418505901	1.97618754393398	0.17	0.043	1	chr10-124092703-124094082	3
0.00134347890645164	1.97091317610512	0.176	0.052	1	chr1-226875505-226876541	3
0.00134571390023107	0.83490340808874	0.461	0.287	1	chr16-75249763-75255644	3
0.00136023685221931	2.07730122951649	0.188	0.061	1	chr6-170224580-170226800	3
0.00141850235053695	1.99062611493302	0.176	0.052	1	chr1-219296134-219298396	3
0.00143444431237032	1.48989147260621	0.224	0.078	1	chr1-115713114-115715481	3
0.00148637143717213	2.07756397505102	0.164	0.043	1	chr1-160314877-160316232	3
0.00150107401426605	2.09223466907354	0.152	0.035	1	chr10-119667386-119671686	3
0.00151322752734484	1.65618647210378	0.206	0.07	1	chr16-70750484-70752428	3
0.00151545988796657	1.3193991312518	0.297	0.148	1	chr1-46516081-46517953	3
0.00153736543442983	1.73352323879599	0.194	0.061	1	chr18-70132070-70133752	3
0.00154205530530324	1.05287634238739	0.358	0.191	1	chr3-13110590-13113220	3
0.00154569309859999	2.18773109291195	0.152	0.035	1	chr9-10612328-10613516	3
0.00155920649436166	1.63596434641348	0.188	0.052	1	chr1-58577062-58579170	3
0.00157736779112969	1.72237776978731	0.194	0.061	1	chr6-21885147-21888167	3
0.00160708591278365	2.22096536303358	0.152	0.035	1	chr14-23129567-23131315	3
0.00163681190120199	1.5325673678227	0.218	0.087	1	chr9-89755629-89757640	3
0.00164637049423366	1.66562044808378	0.212	0.078	1	chr3-194002694-194004173	3
0.00166681973805657	1.39127800349408	0.261	0.113	1	chr6-39088169-39094010	3
0.00167235210844342	1.40690418794382	0.242	0.096	1	chr1-230863079-230864702	3
0.00167446128029305	1.63310248057502	0.194	0.061	1	chr1-210373168-210375086	3
0.00168921458838841	1.33985987444345	0.273	0.13	1	chr13-97221598-97226492	3
0.00170052341319873	1.67399513040894	0.212	0.078	1	chr10-5465758-5467523	3
0.00170494019506816	1.77637912666578	0.206	0.078	1	chr3-111737179-111740270	3
0.00172511036321399	2.05432569349225	0.164	0.043	1	chr1-93666380-93668121	3
0.00182095032479718	1.14169790771956	0.358	0.2	1	chr6-79233308-79235306	3
0.00188366557735081	1.43394899783336	0.248	0.104	1	chr7-128476168-128477666	3
0.00189880334340729	1.29333811750557	0.255	0.104	1	chr13-44758538-44760868	3
0.0019121156149812	2.04602446350253	0.152	0.035	1	chr7-2715215-2718091	3
0.00193052853289825	2.05972344449698	0.152	0.035	1	chr12-2799167-2801530	3
0.00193106517747422	1.13454160832647	0.327	0.183	1	chr1-16622757-16625343	3
0.00194535867857703	1.63488191493668	0.2	0.07	1	chr1-216764805-216767808	3
0.00195312530523681	1.55760153600313	0.206	0.07	1	chr12-110246680-110248868	3
0.00196649298280606	2.01203629684256	0.17	0.052	1	chr7-137953203-137954949	3
0.00199669718032494	1.57197227044706	0.212	0.078	1	chr1-214280476-214282525	3
0.00199669718032494	1.56299219874528	0.212	0.078	1	chr2-101237747-101241116	3
0.00199868637661015	1.32879380459675	0.248	0.104	1	chr12-70643352-70646472	3
0.00207174796723917	1.62589840358475	0.224	0.096	1	chr17-72501227-72503382	3
0.0021304307298294	1.93394165864501	0.164	0.043	1	chr16-89319866-89321645	3
0.0021353847505656	2.22187374800615	0.158	0.043	1	chr12-49292453-49294123	3
0.00224624962831376	1.99345705689125	0.17	0.052	1	chr10-75244393-75246331	3
0.00226208572901369	1.40404014809	0.224	0.087	1	chr1-205352130-205355635	3
0.00228804334691725	1.51857591142943	0.224	0.096	1	chr7-108093969-108096271	3
0.0023177392573271	1.86763310928031	0.182	0.061	1	chr1-229891128-229893585	3
0.00238889747735591	1.95948946189875	0.17	0.052	1	chr5-74156618-74157764	3
0.00239255697113846	1.25524057860805	0.255	0.113	1	chr3-11476947-11482250	3
0.00242427318675579	1.44712225781791	0.248	0.113	1	chr1-46401445-46402926	3
0.00243096255868669	0.97653571897505	0.37	0.217	1	chr6-43626824-43630713	3
0.00244777668684625	1.70974112992137	0.206	0.078	1	chr6-106910874-106914343	3
0.00245364800618504	1.47888495873389	0.23	0.096	1	chr6-37514557-37517991	3
0.00245863980563407	0.779021131876622	0.497	0.374	1	chr8-143870999-143879158	3
0.00251549239801674	0.860683294078117	0.4	0.261	1	chr1-9161254-9165945	3
0.00254011152113563	1.69840991604658	0.176	0.052	1	chr6-79544780-79545582	3
0.00254112861056971	1.92024927429928	0.158	0.043	1	chr3-133473812-133475788	3
0.00256208796072858	1.72203518368116	0.176	0.052	1	chr6-43926333-43928263	3
0.00256432069584248	1.93077285971807	0.158	0.043	1	chr7-157136190-157137211	3
0.00256803340717135	1.42580254999888	0.248	0.113	1	chr20-36480007-36482813	3
0.00258648769585506	1.80709272536767	0.182	0.061	1	chr1-67554980-67556912	3
0.00265242196550021	1.80923802872666	0.182	0.061	1	chr10-132047904-132048959	3
0.00269602081325773	0.980236668604077	0.358	0.2	1	chr6-144215347-144217673	3
0.00271988914953271	1.7099665816307	0.182	0.061	1	chr1-107571407-107574152	3
0.00272372504688388	1.1952915906754	0.309	0.174	1	chr1-209825563-209828763	3
0.00274660675330162	1.88730588912522	0.17	0.052	1	chr9-120841992-120843947	3
0.00277759617420126	0.760230303776028	0.412	0.243	1	chr6-3375574-3384189	3
0.00278436476964355	1.90208426285558	0.188	0.07	1	chr17-79305626-79307645	3
0.00280711901593333	1.90105108988592	0.158	0.043	1	chr12-3122224-3124175	3
0.00280807593370467	0.956032097088498	0.345	0.191	1	chr1-6958484-6961184	3
0.00284370604525665	1.40449751431728	0.212	0.078	1	chr1-64474284-64475417	3
0.00290881860326092	1.50798454577899	0.218	0.087	1	chr7-69780245-69782231	3
0.00294323528187948	1.78422094702299	0.17	0.052	1	chr9-19550132-19553824	3
0.00296869683891918	1.73208703438972	0.17	0.052	1	chr2-27216916-27218512	3
0.00298090038477951	1.68558905294067	0.182	0.061	1	chr17-74767284-74773891	3
0.00300120525836091	2.21199458583606	0.152	0.043	1	chr6-129500808-129502326	3
0.00307261418715905	1.36199754534306	0.242	0.104	1	chr7-75611216-75612593	3
0.00309840972444374	2.01458899876625	0.164	0.052	1	chr8-140276019-140277312	3
0.00313090254481032	1.08943875449564	0.291	0.139	1	chr10-120392099-120393583	3
0.00316902553461911	2.02815210150905	0.152	0.043	1	chr3-55489940-55492941	3
0.0031848175004227	1.38963294535479	0.218	0.087	1	chr8-119831876-119833719	3
0.00320454368679971	1.57096043934874	0.194	0.07	1	chr18-34492553-34494485	3
0.00320705797299066	1.67214974993238	0.17	0.052	1	chr14-91382649-91384216	3
0.00323459188798981	1.71404169383795	0.17	0.052	1	chr1-95640472-95642622	3
0.00329222166324647	2.00310577899914	0.164	0.052	1	chr8-127061777-127063179	3
0.00334959019983431	1.91459955903395	0.164	0.052	1	chr2-10039547-10041150	3
0.00337551973908062	1.66906158819997	0.17	0.052	1	chr2-71066953-71069371	3
0.00340666252735744	1.19330277666232	0.279	0.139	1	chr19-1393746-1396957	3
0.00342359514559954	1.45632991410078	0.206	0.078	1	chr1-15322474-15324025	3
0.00343681764324623	2.02944089922972	0.152	0.043	1	chr15-39152727-39154772	3
0.00343683296738948	1.97890425583804	0.152	0.043	1	chr12-74390902-74393803	3
0.00343735122932732	1.93990900047955	0.164	0.052	1	chr1-205542990-205544326	3
0.00348989695331952	1.18029250697714	0.285	0.148	1	chr1-235078548-235080508	3
0.00353057998866942	2.01959101926793	0.152	0.043	1	chr18-48928720-48931295	3
0.00356234228296522	1.96597726109407	0.152	0.043	1	chr6-71393207-71394627	3
0.00358750499380621	0.802375488138348	0.436	0.313	1	chr10-132516260-132520947	3
0.00359436431287893	1.93488854256452	0.152	0.043	1	chr1-200090261-200092017	3
0.00365032321997494	1.84196451289949	0.164	0.052	1	chr17-39631114-39633533	3
0.00371120964992633	1.1908276787828	0.273	0.13	1	chr1-109099605-109101915	3
0.0037133388817965	1.86922908658991	0.164	0.052	1	chr17-50949496-50951339	3
0.00372508739479172	1.93802611510027	0.152	0.043	1	chr1-41152007-41154292	3
0.00381097355980854	1.63040560074984	0.188	0.07	1	chr7-34747422-34749052	3
0.00389456326253461	1.89133370944306	0.152	0.043	1	chr5-177524631-177525734	3
0.00393094825173377	0.85971967637086	0.424	0.296	1	chr1-236522233-236525228	3
0.00394930505789486	1.34098234323312	0.236	0.104	1	chr7-151246830-151250302	3
0.00398561474413095	1.03079306809871	0.327	0.183	1	chr1-45566439-45570532	3
0.00405286814500757	1.57915618729399	0.206	0.087	1	chr7-2477357-2479591	3
0.00405463939533447	1.49099164477708	0.2	0.078	1	chr9-109420507-109424116	3
0.00409266863981349	1.70458231421883	0.176	0.061	1	chr2-168963996-168965016	3
0.00409266863981349	1.71741990847251	0.176	0.061	1	chr8-134690938-134693625	3
0.00414360295031945	1.86028132798634	0.152	0.043	1	chr8-136529951-136531976	3
0.00418038667703422	1.47924980403755	0.2	0.078	1	chr17-10797559-10801029	3
0.00418998544774331	1.58224945481395	0.188	0.07	1	chr6-149840187-149841431	3
0.00419749670107339	0.898490783777816	0.376	0.217	1	chr1-246582198-246585815	3
0.00420218842922307	0.787860826917091	0.442	0.296	1	chr1-154404465-154409423	3
0.00421838362756006	1.70746877560154	0.164	0.052	1	chr1-10685585-10688432	3
0.00426632981581855	1.26763702236377	0.242	0.113	1	chr1-16947535-16949515	3
0.00427700755778306	1.44833461930294	0.2	0.078	1	chr5-90908695-90912693	3
0.00439337325137541	1.33663556507945	0.248	0.122	1	chr1-162018464-162022259	3
0.00443926140335199	1.60921571367384	0.176	0.061	1	chr4-183904695-183906529	3
0.0044659216914533	1.21529105360909	0.23	0.096	1	chr5-44538339-44540008	3
0.00453272973407601	1.49406433061111	0.206	0.087	1	chr3-155736359-155738778	3
0.00468924352317728	1.53064885429718	0.194	0.078	1	chr3-140022104-140024620	3
0.00468935677505371	1.36852014566845	0.218	0.096	1	chr13-20901741-20903505	3
0.00470333272441732	0.986035328001925	0.303	0.157	1	chr1-224356339-224358460	3
0.00473867479770878	1.42218356008193	0.206	0.087	1	chr1-225841774-225851818	3
0.00483356291492254	1.31003983112179	0.212	0.087	1	chr1-9241795-9243290	3
0.00486194611901395	1.40846691641252	0.224	0.104	1	chr2-104754701-104756414	3
0.0049640365746263	1.80680918173966	0.158	0.052	1	chr1-6427091-6428593	3
0.00505459799819026	1.66610249420122	0.182	0.07	1	chr1-102836690-102838672	3
0.00506349830573226	1.45430013538354	0.206	0.087	1	chr1-220708948-220711883	3
0.00509755452795387	1.47948290608749	0.194	0.078	1	chr9-93201005-93202795	3
0.00529426055928641	1.23737900424009	0.236	0.104	1	chr1-223711886-223713484	3
0.00537385011086511	1.42771458079395	0.194	0.078	1	chr5-59275156-59277388	3
0.00537732518603927	1.70708378772652	0.17	0.061	1	chr6-87700422-87703033	3
0.00539092394586459	0.852857378061135	0.364	0.209	1	chr1-180157019-180158892	3
0.00542008006596009	1.21832985802324	0.242	0.113	1	chr1-172358025-172361281	3
0.00549019654133613	1.77797927788157	0.158	0.052	1	chr3-119257018-119259340	3
0.00553794254309134	1.79072825572262	0.164	0.061	1	chr3-141411977-141413661	3
0.00559771995363435	1.65882582058796	0.17	0.061	1	chr4-169200330-169204419	3
0.00564127893134866	1.32422912112323	0.242	0.122	1	chr15-77496720-77498558	3
0.00566100083043875	1.35343291272618	0.212	0.096	1	chr6-7240749-7243904	3
0.00572390940294352	1.73237021713213	0.158	0.052	1	chr1-200371710-200374607	3
0.00576788679244306	1.56294080702167	0.182	0.07	1	chr6-39228750-39230186	3
0.00580101420848252	1.38235422795939	0.188	0.07	1	chr6-79630623-79632255	3
0.00580311808758584	1.07436863972548	0.273	0.139	1	chr1-11483656-11486656	3
0.00583755680122754	2.00053407963861	0.152	0.052	1	chr12-58977380-58980481	3
0.00585244842142207	1.21253010027782	0.23	0.104	1	chr1-228130518-228132158	3
0.00588908255172316	1.07371695411014	0.297	0.165	1	chr4-6687731-6690611	3
0.0059172990084341	1.72637290440846	0.158	0.052	1	chr10-104491765-104493836	3
0.00594845657433822	1.1714335463548	0.279	0.157	1	chr4-65240884-65243060	3
0.00603722016987428	1.86901988282992	0.152	0.052	1	chr12-56291233-56292354	3
0.00611655774999228	1.7267244969496	0.158	0.052	1	chr2-200376378-200379355	3
0.0061367930096609	1.41096051839661	0.2	0.087	1	chr1-172975967-172977720	3
0.00618535871686005	1.28922397117148	0.255	0.139	1	chr1-44806452-44808605	3
0.0063324429615646	1.4140646588557	0.194	0.078	1	chr19-35448919-35450239	3
0.00648021818020589	1.71597281292637	0.176	0.07	1	chr16-58031050-58033803	3
0.00655541478285776	1.30529915984594	0.224	0.104	1	chr2-233288424-233290944	3
0.00657364537593253	1.3109877343639	0.206	0.087	1	chr6-110949480-110953169	3
0.00659824143936931	1.4298769406417	0.2	0.087	1	chr1-200038953-200040479	3
0.00660791028522419	1.24549569242843	0.236	0.113	1	chr9-117399732-117402297	3
0.00662269284385946	0.641935666452463	0.521	0.383	1	chr10-101815799-101819930	3
0.00671634276220639	1.21440948711912	0.255	0.13	1	chr1-220335308-220337986	3
0.00672466412166207	0.975546479929758	0.333	0.209	1	chr1-206711904-206715594	3
0.00673456015504606	1.58377062858128	0.176	0.07	1	chr2-69828907-69830928	3
0.00677433929130069	0.854664459117868	0.358	0.217	1	chr6-5456904-5458997	3
0.00680812920263191	1.29157353133054	0.23	0.113	1	chr1-32772257-32777034	3
0.00683948190481858	1.53221748913617	0.188	0.078	1	chr13-112693261-112695751	3
0.00684577371024992	1.18760076216646	0.23	0.104	1	chr3-139533751-139536030	3
0.00688085448994136	1.74038302298351	0.164	0.061	1	chr1-68172994-68174518	3
0.00689356196125459	0.885993886388163	0.37	0.226	1	chr1-206555236-206560716	3
0.00693158325583753	0.838747866296517	0.37	0.226	1	chr1-234996875-234998910	3
0.00695618192512273	1.81805037875495	0.152	0.052	1	chr1-10803791-10805030	3
0.0070938840149942	0.612202954494278	0.497	0.348	1	chr1-226121217-226125830	3
0.00713081208903345	1.75771186715248	0.152	0.052	1	chr17-74442523-74444987	3
0.00715946745715289	1.70877927249451	0.164	0.061	1	chr1-228070725-228076847	3
0.00721507897139446	1.62507622246144	0.176	0.07	1	chr1-220299961-220301267	3
0.00726077804600075	1.2258850752704	0.224	0.104	1	chr6-84026317-84028492	3
0.00726280313787877	1.27140287706665	0.206	0.087	1	chr9-96040347-96041653	3
0.00745768185699229	0.83010958948919	0.339	0.191	1	chr1-204285612-204288733	3
0.00747347132527531	1.44077749950061	0.188	0.078	1	chr6-57171746-57174463	3
0.0076163393449539	1.20659235403788	0.218	0.096	1	chr5-118637571-118639138	3
0.007626055996547	1.26766815171276	0.23	0.113	1	chr9-109922568-109924293	3
0.00763998693215689	1.43290577077637	0.188	0.078	1	chr1-208476154-208477554	3
0.0077292710335967	0.971305477548823	0.261	0.122	1	chr19-1213362-1215880	3
0.00789125417226998	1.02654129874219	0.303	0.174	1	chr7-83161773-83163964	3
0.00791297710273493	0.966602313526993	0.285	0.148	1	chr7-20329186-20331370	3
0.00800390965681964	1.36852921554691	0.2	0.087	1	chr8-143983779-143987057	3
0.00806703080634796	1.2348096248136	0.236	0.122	1	chr3-40689763-40692044	3
0.0081755866222218	1.36249761787142	0.2	0.087	1	chr3-15101598-15103610	3
0.00818407508290713	1.55201868248985	0.164	0.061	1	chr4-185513360-185514578	3
0.00819679012450155	1.69165396296043	0.152	0.052	1	chr1-1328317-1335089	3
0.00823354035789691	1.3112196244569	0.2	0.087	1	chr1-150980947-150982928	3
0.00826372246245667	1.59009266935626	0.152	0.052	1	chr1-87448768-87449988	3
0.00833114341602819	1.62260588687247	0.152	0.052	1	chr19-49688814-49691365	3
0.00835585436442363	1.35989624857984	0.194	0.078	1	chr6-43509185-43511034	3
0.00847126679016936	0.974738982287585	0.291	0.165	1	chr1-107737718-107740203	3
0.00847521874421875	1.19970344241636	0.23	0.113	1	chr1-53237582-53239656	3
0.0085379137656243	1.27544169854511	0.194	0.078	1	chr9-137048513-137051025	3
0.00865873165975512	0.943457548177671	0.321	0.191	1	chr1-119765148-119769670	3
0.00879397778077964	1.1266362979695	0.248	0.13	1	chr1-58814963-58817103	3
0.0088847569789335	1.12659450736196	0.236	0.113	1	chr1-64965433-64967771	3
0.00890658759436514	0.850507917398496	0.321	0.191	1	chr6-109690081-109691988	3
0.00891512826761719	1.55180148002826	0.164	0.061	1	chr1-50023220-50024463	3
0.00893817715525235	1.15398257907257	0.224	0.104	1	chr3-9897418-9899740	3
0.00894538829002605	0.871534688833448	0.358	0.243	1	chr1-10673385-10678311	3
0.00903290556350097	1.60326172624246	0.152	0.052	1	chr3-175150467-175151771	3
0.00907297184686331	1.42237964518969	0.182	0.078	1	chr14-103710742-103713308	3
0.0091950931875416	1.39864844160866	0.164	0.061	1	chr5-135134268-135136577	3
0.00927571096284175	1.0245724517542	0.267	0.139	1	chr1-42845982-42847332	3
0.0093021265143573	1.1121836713148	0.194	0.078	1	chr9-78310161-78313718	3
0.00932016811956605	1.41601713194133	0.176	0.07	1	chr16-73009790-73011057	3
0.00938963202996104	1.42308218565119	0.176	0.07	1	chr8-126562398-126565070	3
0.00947883329663082	1.5991935198168	0.152	0.052	1	chr1-206707829-206710821	3
0.0094788662411379	1.60309398853966	0.152	0.052	1	chr5-155085087-155086462	3
0.00951347852770619	1.31811179340129	0.224	0.113	1	chr16-67206218-67209682	3
0.00955507276285316	1.531405175309	0.152	0.052	1	chr7-7321372-7322298	3
0.00964685579540459	0.577413632517028	0.539	0.4	1	chr1-209782958-209788861	3
0.00967287216360564	0.689290173226901	0.418	0.296	1	chr1-148333547-148335654	3
0.00974802334805588	0.64619420843375	0.442	0.313	1	chr6-63570154-63574856	3
0.0100400588715885	0.911219598098858	0.352	0.235	1	chr2-2660738-2664385	3
0.0100413527968981	1.40968786241823	0.182	0.078	1	chr20-767943-769270	3
0.0101112358006033	1.56143311467701	0.158	0.061	1	chr17-34915873-34918116	3
0.0101846562601977	1.55297362919326	0.152	0.052	1	chr5-18744971-18746740	3
0.0102132784503186	0.930453623126145	0.291	0.165	1	chr16-70745480-70749914	3
0.0102622253890743	1.23810341455487	0.206	0.096	1	chr1-58698917-58700546	3
0.0103477125983738	1.50816520323055	0.152	0.052	1	chr1-234261830-234263373	3
0.0103484181493895	1.56633086085118	0.158	0.061	1	chr1-112687659-112689293	3
0.010399065088738	1.22428368947099	0.218	0.104	1	chr7-139430282-139432360	3
0.0104088940041002	1.39216293310154	0.182	0.078	1	chr1-1132190-1133786	3
0.0105087294344389	1.0853455798902	0.242	0.13	1	chr1-161082808-161085683	3
0.0105357737863823	0.899041162902589	0.291	0.157	1	chr1-113928305-113932491	3
0.0105592306747417	1.35811842916818	0.182	0.078	1	chr4-140019153-140021421	3
0.0105905390077965	1.56458218265032	0.158	0.061	1	chr10-44910660-44912204	3
0.0106373618479685	1.41563901686756	0.188	0.087	1	chr1-230380537-230382398	3
0.0106584648995663	0.938550050004311	0.303	0.183	1	chr1-212790416-212792938	3
0.010669509819239	1.30428094697333	0.236	0.13	1	chr12-75510703-75512272	3
0.0107655605884879	1.33472887740497	0.152	0.052	1	chr10-49418553-49419626	3
0.0107894194393287	0.833876570555879	0.333	0.2	1	chr1-7571949-7575158	3
0.0108003378638369	1.1274460016002	0.248	0.13	1	chr10-89373104-89375200	3
0.0108628312476417	1.36929034657948	0.206	0.104	1	chr2-230219376-230220794	3
0.01093520697807	0.966749997117489	0.297	0.174	1	chr6-53651089-53652853	3
0.0110185337584314	0.840766871507562	0.37	0.243	1	chr4-991761-994600	3
0.0111020587183498	1.46137458505625	0.17	0.07	1	chr12-93019455-93021047	3
0.0111834985294053	1.25214605145682	0.188	0.078	1	chr15-45634219-45636129	3
0.0113325505042685	0.94918370893844	0.273	0.139	1	chr21-34887699-34890484	3
0.011433845617187	1.43256477177281	0.17	0.07	1	chr1-20696193-20697516	3
0.0116884317942195	1.35172802991128	0.17	0.07	1	chr1-178536538-178537884	3
0.011698938974433	1.58543726387697	0.158	0.061	1	chr10-110433395-110434402	3
0.0117315865828827	0.924820377094227	0.279	0.157	1	chr4-10018543-10020167	3
0.0117328779584773	1.36359003776682	0.194	0.087	1	chr12-111993121-111995418	3
0.0117883176161395	1.4842930937442	0.158	0.061	1	chr8-140096492-140097589	3
0.0119170832602991	1.3320560548391	0.182	0.078	1	chr12-112418183-112420063	3
0.0120602939300635	0.999087717971845	0.285	0.174	1	chr9-113564329-113567190	3
0.0120748258288467	1.47144598787484	0.176	0.078	1	chr12-124827526-124829694	3
0.012258249414652	1.31870338835214	0.182	0.078	1	chr12-112106819-112109863	3
0.0122850377590184	1.27058653350764	0.212	0.104	1	chr11-72012075-72016172	3
0.0123435192614795	0.74405582718262	0.382	0.235	1	chr10-132417989-132422232	3
0.0124580392548388	1.5601652033326	0.164	0.07	1	chr9-137592351-137593682	3
0.0124635442284383	0.965139757212558	0.303	0.183	1	chr1-63592702-63594839	3
0.0124717845270997	0.820688415403012	0.339	0.2	1	chr16-75263261-75267032	3
0.0125433928127545	1.20513325812673	0.206	0.096	1	chr14-55101801-55104072	3
0.0126080408525355	1.30608943016166	0.182	0.078	1	chr1-227761948-227763073	3
0.0126235836865059	0.901048539382682	0.285	0.165	1	chr6-137217838-137220170	3
0.012696857728687	1.34948597549067	0.182	0.078	1	chr3-56466813-56469002	3
0.012696857728687	1.29672579782329	0.182	0.078	1	chr3-66481507-66483949	3
0.0129611128281656	1.64518536073648	0.152	0.061	1	chr6-47459805-47461077	3
0.0134147673272989	0.835941311246858	0.327	0.209	1	chr1-229507428-229509514	3
0.0134254668378869	0.889925049923682	0.291	0.165	1	chr8-96493111-96495971	3
0.0137030623215405	1.04092790176748	0.23	0.122	1	chr1-212087612-212089193	3
0.013714108200351	1.3519660679518	0.17	0.07	1	chr2-32627558-32628749	3
0.0137781654030518	1.41874771817074	0.194	0.096	1	chr14-88792016-88793653	3
0.0137807602455036	0.93353638245032	0.242	0.122	1	chr8-128427563-128430444	3
0.01400564799988	1.51063318605614	0.164	0.07	1	chr2-26766999-26770108	3
0.0140324687460898	0.942326273411127	0.23	0.113	1	chr6-53547172-53548846	3
0.0140717066762493	0.65324822706028	0.418	0.296	1	chr16-89559344-89566732	3
0.0142037460809962	0.956528388508259	0.273	0.157	1	chr1-206520082-206522539	3
0.0142095088104763	1.28080477717512	0.188	0.087	1	chr5-35197648-35199052	3
0.0142156051906336	1.31280346059954	0.17	0.07	1	chr9-124657814-124659825	3
0.0143295291583239	1.17501769580234	0.2	0.096	1	chr3-45598816-45600793	3
0.0143348899860661	1.36734599242044	0.158	0.061	1	chr17-17709080-17711739	3
0.0144070748754091	1.33415838253298	0.176	0.078	1	chr3-44861185-44862920	3
0.0147415242158278	0.915110690381105	0.297	0.183	1	chr1-51328895-51332029	3
0.0147670010123394	1.33340702624833	0.158	0.061	1	chr3-186841415-186843673	3
0.0147810674339278	1.20620251792227	0.218	0.113	1	chr2-178072282-178073652	3
0.0148150402804676	1.32913958599386	0.176	0.078	1	chr6-40163902-40165168	3
0.0148387057371888	1.36845733510013	0.17	0.07	1	chr1-223871969-223873549	3
0.014986741516247	0.876515153535153	0.327	0.209	1	chr1-165768204-165770211	3
0.0150516893513217	1.26257668899499	0.17	0.07	1	chr2-86254514-86255652	3
0.0151002633523129	1.25275452553892	0.188	0.087	1	chr8-144471847-144475014	3
0.0151276318823003	1.31046840772725	0.176	0.078	1	chr6-157144159-157146321	3
0.0152994873281183	1.16757513236149	0.2	0.096	1	chr17-1484319-1486463	3
0.0153361185316116	1.134730131883	0.212	0.104	1	chrX-7131380-7133118	3
0.0153392397119302	1.39425689254802	0.176	0.078	1	chr7-87627545-87629608	3
0.0153762136464403	1.26026098225763	0.17	0.07	1	chr1-40267263-40268740	3
0.015689917988511	1.05881121640623	0.218	0.104	1	chr1-112460740-112463186	3
0.0157064466903557	0.841117666677447	0.321	0.2	1	chr1-204072617-204075298	3
0.0158553110194949	1.21663245268786	0.206	0.104	1	chr1-231235738-231237293	3
0.0158847904751159	0.95644178639943	0.242	0.13	1	chr10-73885966-73889511	3
0.0158847904751159	1.03194672359308	0.242	0.13	1	chr11-1302254-1304856	3
0.0160051842321669	1.57200930126167	0.152	0.061	1	chr16-23070822-23073564	3
0.0160396959873894	0.786267175456207	0.309	0.183	1	chr12-103954353-103958026	3
0.0160643606793592	1.07360239015831	0.23	0.122	1	chr6-17392984-17394797	3
0.0161473386081651	1.20148977843556	0.188	0.087	1	chr9-104810259-104812203	3
0.0161771157893772	1.31187873645759	0.164	0.07	1	chr1-12597580-12598518	3
0.0165772100806877	1.1371643599203	0.206	0.104	1	chr7-157355477-157356746	3
0.0166104422300037	1.53731001767222	0.152	0.061	1	chr1-201500245-201502953	3
0.0166644487744647	1.31341555010693	0.176	0.078	1	chr1-202085444-202088601	3
0.0167338775991088	1.43289291038783	0.152	0.061	1	chr19-3097197-3099421	3
0.0168382813436529	1.38761231678936	0.182	0.087	1	chr7-73821992-73823738	3
0.0168790448100992	0.695847038244136	0.352	0.209	1	chr2-235025928-235028363	3
0.0169511480718489	1.11008180606851	0.236	0.13	1	chr6-7138801-7142096	3
0.0169831664605175	1.44485182376327	0.152	0.061	1	chr19-29389030-29390351	3
0.0170107533050171	1.27962388485898	0.194	0.096	1	chr1-116242395-116244470	3
0.0170546478237391	0.877338941548451	0.321	0.209	1	chr1-169367046-169369035	3
0.0171827391984751	0.881986625382782	0.279	0.165	1	chr3-174954490-174957789	3
0.017235708383605	1.47205394497738	0.152	0.061	1	chr6-148885784-148888120	3
0.0172472379714209	1.35460489442958	0.164	0.07	1	chr1-200477233-200478652	3
0.0173520946490171	1.04955241000563	0.206	0.096	1	chr1-206112428-206113772	3
0.0174933072715122	1.29871812058295	0.164	0.07	1	chr10-123912174-123914484	3
0.0176087851821644	1.19997978996978	0.158	0.061	1	chr9-124077679-124079662	3
0.017685977749137	1.1854062472846	0.194	0.096	1	chr11-2201854-2203193	3
0.0177369506312653	1.1557910587046	0.158	0.061	1	chr2-173230069-173231927	3
0.0178345817969632	1.11688336292342	0.212	0.104	1	chr6-52670397-52671912	3
0.0179664769888774	1.34496591242791	0.176	0.078	1	chr7-41955447-41957333	3
0.0179946949913071	1.25957772422655	0.164	0.07	1	chr1-110003533-110008004	3
0.0180254200162494	0.899436563000563	0.279	0.157	1	chr6-32893832-32895648	3
0.0182255318771642	0.97019175924406	0.23	0.122	1	chr3-131501707-131503638	3
0.0183652982747656	1.2927434765976	0.182	0.087	1	chr7-17094551-17095756	3
0.0184440637125127	1.02801195762111	0.23	0.122	1	chr10-7232988-7234538	3
0.0185216780859638	0.760901851777047	0.339	0.209	1	chr1-45010149-45013172	3
0.0185316662137496	1.48500933674169	0.158	0.07	1	chr1-159867115-159868558	3
0.0188002279000948	0.864188884825926	0.267	0.148	1	chr12-104956776-104959987	3
0.0188189293288954	0.898392951933328	0.255	0.139	1	chr1-224112958-224115183	3
0.0189766379474443	1.01689100427923	0.212	0.104	1	chr15-31352024-31354542	3
0.0189807531208755	0.983572768027046	0.248	0.139	1	chr10-112810581-112812765	3
0.0191911182179611	1.13377303072074	0.212	0.113	1	chr3-43417977-43419421	3
0.0194005425920495	1.29841969796335	0.188	0.096	1	chr18-48615417-48617450	3
0.0195906523802195	0.860058854172996	0.297	0.183	1	chr3-179652092-179654673	3
0.019741773462821	1.08457063459885	0.218	0.113	1	chr7-132224731-132227022	3
0.0197522598919358	1.46664240340547	0.158	0.07	1	chr12-94059337-94060628	3
0.0197611638527921	1.09767146688355	0.206	0.104	1	chr1-54015860-54017109	3
0.0197891765792358	0.729132440160698	0.358	0.235	1	chr10-63627851-63631321	3
0.0197992394121598	0.974426652638149	0.224	0.113	1	chr1-228837643-228839108	3
0.0198503661417579	0.925156129278542	0.291	0.191	1	chr10-69374730-69376487	3
0.0199728990263855	0.892283451889867	0.255	0.139	1	chr2-200746072-200749138	3
0.0199815688615653	1.0645717227006	0.194	0.096	1	chr6-35359721-35361187	3
0.0200927376356964	1.35434953421308	0.152	0.061	1	chr6-3397632-3399994	3
0.0202385395733429	1.26249671347974	0.152	0.061	1	chr6-150514648-150515844	3
0.0203312594969514	1.10218603034539	0.188	0.087	1	chr2-202237165-202239066	3
0.020695942933302	0.665111348492241	0.4	0.296	1	chr1-204409135-204412726	3
0.0209976714059741	0.581913249847107	0.461	0.365	1	chr1-244833765-244842498	3
0.0210663854195251	0.983071823344435	0.2	0.096	1	chr7-157689562-157691442	3
0.0212977530138302	0.675113535263442	0.382	0.287	1	chr9-124867743-124873283	3
0.0214385569648263	1.23257389687559	0.152	0.061	1	chr4-138897561-138898811	3
0.0214642500817507	0.766487877873049	0.327	0.2	1	chr6-30913208-30915944	3
0.021468946950283	0.703595039002426	0.352	0.226	1	chr1-111738116-111740204	3
0.0214830084200138	1.13141802058863	0.2	0.104	1	chr3-47394021-47395576	3
0.0215171789136667	0.567808555273464	0.467	0.374	1	chr1-227786071-227789243	3
0.0215576697825902	0.614314498835645	0.4	0.313	1	chr8-85219472-85221656	3
0.0215710885075077	1.19979264061517	0.164	0.07	1	chr18-12599199-12600329	3
0.0216164839137247	1.18702892743837	0.2	0.104	1	chr2-42132419-42134003	3
0.0217814152354556	0.684618396794347	0.37	0.27	1	chr1-228099259-228105593	3
0.0219428807677358	1.35552381784554	0.158	0.07	1	chr17-50934965-50936495	3
0.0220740557730627	1.25832842778728	0.17	0.078	1	chr1-25031819-25033685	3
0.0221273372600583	1.04458916599295	0.218	0.113	1	chr1-41432070-41433352	3
0.0223930205011412	0.62603516165404	0.418	0.296	1	chr1-92783520-92785956	3
0.022870728377023	1.03150629445564	0.176	0.078	1	chr2-99474766-99476309	3
0.0228740653244209	1.0840955373993	0.242	0.148	1	chr6-42116814-42119238	3
0.0228883099773306	0.761901659441997	0.242	0.13	1	chr5-154037912-154039677	3
0.0230244174284878	0.791132774556644	0.315	0.2	1	chr17-54899645-54903996	3
0.0233392258275619	0.766587279962927	0.309	0.191	1	chr1-155933142-155935359	3
0.0234667871453844	0.849763084514784	0.267	0.157	1	chr1-67645417-67647810	3
0.023512249356515	0.64775794615423	0.406	0.304	1	chr1-180501413-180503859	3
0.0236863520723903	1.29343597670755	0.164	0.078	1	chr4-105585143-105588099	3
0.0237069578619849	1.13851234279402	0.2	0.104	1	chr16-70714558-70716839	3
0.0239462077910961	1.03063355298606	0.236	0.139	1	chr8-90000319-90002280	3
0.0240045754705135	0.35589987773988	0.733	0.67	1	chr1-248837029-248840094	3
0.0240047310746404	0.877046722802458	0.23	0.122	1	chr1-182615765-182618469	3
0.0240052846206995	0.825476129824798	0.279	0.165	1	chr1-13798720-13802251	3
0.0241751739063709	1.32012339898576	0.158	0.07	1	chr6-28586318-28588146	3
0.0242783817521438	1.02731082257516	0.212	0.113	1	chr3-46970141-46971508	3
0.0242783817521438	1.11419097256802	0.212	0.113	1	chr7-30172357-30174082	3
0.0243310510811024	1.32996268016962	0.164	0.078	1	chr7-117123112-117125241	3
0.0244210094789405	0.748892983530402	0.352	0.243	1	chr1-41514189-41516742	3
0.0244259387995386	1.03577473643036	0.218	0.122	1	chr17-70855055-70857058	3
0.0244379314181261	1.17212427882402	0.194	0.096	1	chr5-160922975-160924773	3
0.024485417228774	1.28604318021751	0.182	0.096	1	chr1-168733994-168738259	3
0.0245681294815931	1.00499931936479	0.212	0.113	1	chr6-75600655-75603944	3
0.0248245048822394	1.34687472110395	0.164	0.078	1	chr9-131608226-131610691	3
0.0248609602978958	0.958830985473774	0.212	0.113	1	chr1-10679056-10683397	3
0.0249423046589354	1.16509726611887	0.182	0.087	1	chr9-92664301-92667095	3
0.025051445216037	1.13223145757295	0.194	0.096	1	chr9-35078926-35080725	3
0.0251019803453671	1.09939886352915	0.182	0.087	1	chr17-50690969-50693843	3
0.0251048890324258	1.56368106537742	0.152	0.07	1	chr1-236398285-236400676	3
0.0253631717102082	1.01924165478696	0.194	0.096	1	chr4-123554908-123556187	3
0.025409759849657	0.887308306987641	0.279	0.174	1	chr9-34072115-34074753	3
0.0255357341411434	1.00013562906446	0.206	0.104	1	chr6-111550983-111553636	3
0.0256893884517433	1.0570192984649	0.206	0.104	1	chr1-47477433-47478856	3
0.025755778649538	0.953144921679744	0.236	0.139	1	chr6-43427090-43429111	3
0.0258810708591238	1.27030818939863	0.176	0.087	1	chr10-128420394-128423017	3
0.0259494376780288	0.904471725323263	0.242	0.139	1	chr2-191415009-191416698	3
0.0261193973227273	0.81745944601662	0.297	0.2	1	chr4-37825331-37829119	3
0.0262349934646635	1.19195678380766	0.194	0.104	1	chr1-84271118-84273310	3
0.0262426976463267	1.26263449364078	0.158	0.07	1	chr6-136643607-136644962	3
0.0262446873225461	1.14650072860812	0.182	0.087	1	chr1-32321289-32322450	3
0.0264216932515129	1.28944038721227	0.158	0.07	1	chr3-155664707-155665803	3
0.0264216932515129	1.21644840188688	0.158	0.07	1	chr6-27187636-27189314	3
0.0264264489420798	0.926256454217191	0.248	0.148	1	chr3-58163618-58166298	3
0.0270833727722147	1.42987279668653	0.152	0.07	1	chr1-33341900-33343266	3
0.0271035256031362	1.08131272758762	0.206	0.113	1	chr4-6749117-6752257	3
0.0272477233021294	1.30332048023808	0.182	0.096	1	chr2-36597036-36598639	3
0.0273297323187124	0.905461252149565	0.224	0.122	1	chr16-11496876-11498111	3
0.0273408842321333	0.869618511414089	0.218	0.113	1	chr1-32195002-32201411	3
0.02746369319939	0.863092242290288	0.291	0.191	1	chr1-246775043-246776842	3
0.027501886544883	0.89964284281438	0.273	0.174	1	chr1-86501888-86506249	3
0.0275179714320845	1.17862825879961	0.158	0.07	1	chr2-109690439-109692727	3
0.0276293264486701	0.659199550005099	0.388	0.278	1	chr1-220271556-220273316	3
0.0278099371232378	1.00941923247005	0.194	0.096	1	chr18-12701863-12704214	3
0.0278356507513693	0.991965096448071	0.236	0.139	1	chr6-43058967-43060753	3
0.0280343684750397	0.80538830291429	0.279	0.174	1	chr1-204416839-204419701	3
0.0282339945694286	0.963527409360887	0.224	0.13	1	chr1-246506247-246507984	3
0.0282602859781495	0.634719463094315	0.4	0.313	1	chr1-247330460-247337703	3
0.0283409912813621	1.19640287135686	0.164	0.078	1	chr13-99191358-99193043	3
0.0285888683908969	1.00482752808302	0.2	0.104	1	chr10-32103755-32106683	3
0.0288106009061279	0.928969175155648	0.273	0.174	1	chr1-236603555-236605381	3
0.0288625360863538	0.850316211975016	0.261	0.157	1	chr12-52906847-52908840	3
0.0290260338071351	1.1934336929002	0.176	0.087	1	chr6-110414698-110416227	3
0.0290260338071351	1.15624279418598	0.176	0.087	1	chr12-123250484-123252115	3
0.029291945397279	0.872200475556177	0.279	0.183	1	chr6-108259937-108262073	3
0.0293157496848192	0.823178620490532	0.291	0.191	1	chr1-32715636-32717459	3
0.0296692891131416	1.19535857541259	0.164	0.078	1	chr6-34414834-34417243	3
0.0299789877337376	1.08233788565264	0.212	0.122	1	chr16-73015159-73017869	3
0.0300469544873184	0.897349722238069	0.218	0.122	1	chr1-155037913-155039587	3
0.0301155745513126	0.96821326449487	0.23	0.13	1	chr7-135557313-135559191	3
0.0303494624729652	0.76266263038542	0.285	0.174	1	chr1-212949852-212951577	3
0.0304520910953542	1.24360996980705	0.164	0.078	1	chr1-160159298-160160556	3
0.0306608264768947	1.11317098167215	0.188	0.096	1	chr13-25286459-25288111	3
0.0312237977821878	0.982185628536346	0.224	0.13	1	chr7-2157053-2158401	3
0.0313282731078674	0.845163144965884	0.242	0.139	1	chr2-156340372-156343820	3
0.0315569386632156	1.00931266849215	0.212	0.122	1	chr6-131649545-131653399	3
0.0316430645401306	1.01845676094348	0.17	0.078	1	chr7-38304797-38306828	3
0.0317084594293482	0.878274406169822	0.255	0.157	1	chr1-222589118-222590783	3
0.0317750502069751	0.556739428507322	0.436	0.313	1	chr1-77975584-77980472	3
0.0318718597744302	1.31729197606747	0.152	0.07	1	chr1-21251553-21252776	3
0.0319166809481934	0.70367305392627	0.339	0.217	1	chr1-220747322-220749400	3
0.0320098259418556	0.893636254494575	0.242	0.139	1	chr12-49841638-49843625	3
0.0322092650071082	0.507532175722071	0.448	0.322	1	chr5-179817925-179834397	3
0.0323862631263161	0.669200481652947	0.358	0.252	1	chr1-205563540-205566639	3
0.0325156906662567	0.994733559235782	0.218	0.122	1	chr16-68777916-68780461	3
0.0326537609535157	0.822242355203576	0.279	0.174	1	chr1-178031217-178035349	3
0.0326611565430544	0.59595009634834	0.4	0.313	1	chr1-225777016-225779487	3
0.0328376982084728	0.824359537395669	0.309	0.217	1	chr2-158455978-158459878	3
0.0329078037815217	1.25581174830553	0.164	0.078	1	chr4-157996036-157998306	3
0.0329412850555043	0.975879406690834	0.2	0.104	1	chr1-153122561-153123598	3
0.0329993081734081	0.95773456214972	0.224	0.13	1	chr6-71287119-71289911	3
0.0330251026544955	0.866076850111195	0.23	0.139	1	chr4-2811497-2813261	3
0.0331198930895184	1.1587658383309	0.164	0.078	1	chr6-153563248-153565340	3
0.0333233696033418	1.19880179163295	0.17	0.087	1	chr1-230713599-230714928	3
0.0333279585597895	1.31543266927932	0.158	0.078	1	chr22-50182255-50184588	3
0.0334517938096297	0.483612836701945	0.509	0.426	1	chr1-174020283-174024338	3
0.0335193339006007	0.64961908815995	0.303	0.191	1	chr8-124199581-124200850	3
0.0336069136054739	1.01639946143622	0.206	0.113	1	chr4-25299264-25300906	3
0.0337172597603581	1.18401878608778	0.188	0.104	1	chr1-248923120-248925358	3
0.0338000448707939	0.755287425645298	0.248	0.148	1	chr5-43513996-43516107	3
0.0338460098216857	1.28621634277675	0.152	0.07	1	chr6-38859754-38862512	3
0.0339550280357282	1.12477761094419	0.17	0.087	1	chr1-67578334-67580485	3
0.0341055079540506	0.953184658430654	0.224	0.13	1	chr6-43515784-43518944	3
0.0342252815345679	0.893654795069117	0.236	0.139	1	chr11-6566303-6569338	3
0.0342986376123078	1.17600952680347	0.152	0.07	1	chr5-102754491-102756451	3
0.0343564456761688	0.724062067283252	0.315	0.209	1	chr1-41498356-41501333	3
0.0344530552867068	0.801084432756449	0.261	0.157	1	chr13-27423884-27426780	3
0.0344625645110556	0.814114877726591	0.255	0.157	1	chr6-52419670-52421299	3
0.034576673811315	0.76067691656108	0.309	0.209	1	chr2-219248743-219250770	3
0.03473776908946	1.05787232608742	0.194	0.104	1	chr7-98616717-98620577	3
0.0350818979634547	1.03749993039351	0.164	0.078	1	chr8-121097101-121098091	3
0.0354688174570126	1.12673981699464	0.17	0.087	1	chr1-162212966-162214384	3
0.0356876787199216	1.26172911278771	0.152	0.07	1	chr16-80613469-80614700	3
0.0357105115517876	0.853695212189644	0.248	0.148	1	chr1-109282511-109284090	3
0.0357575753269465	1.10190021041816	0.164	0.078	1	chr1-228380367-228382055	3
0.0365345747845859	0.873591186580701	0.261	0.174	1	chr3-58025318-58027293	3
0.037145050456136	0.960387359708357	0.188	0.096	1	chr1-99326487-99328352	3
0.0373686029900096	1.23210710270977	0.152	0.07	1	chr10-79904281-79905823	3
0.0374239424754616	1.18341095824748	0.158	0.078	1	chr1-229578653-229579882	3
0.0374893873635835	1.08287404257823	0.188	0.104	1	chr17-12730418-12731803	3
0.0375871929793474	0.794611883011159	0.242	0.148	1	chr1-112618015-112620651	3
0.0376635435846137	1.24345109056466	0.158	0.078	1	chr8-129549783-129552731	3
0.038148905222632	0.483906424214352	0.497	0.409	1	chr1-198155196-198160654	3
0.0382810395286064	0.64438671326439	0.4	0.313	1	chr6-85671969-85680735	3
0.0383308160398484	0.998182908954282	0.164	0.078	1	chr14-67940172-67942628	3
0.0384826890998711	0.964967835623832	0.188	0.096	1	chr12-16346842-16349675	3
0.0385594341811773	0.5303112312921	0.455	0.339	1	chr1-201169946-201172664	3
0.0385809623344502	0.690728517625446	0.327	0.235	1	chr9-109329022-109332050	3
0.0388625820959113	1.08683537247245	0.152	0.07	1	chr16-83926390-83927555	3
0.0390282933581168	0.935004518893026	0.212	0.122	1	chr21-39379936-39381457	3
0.0393665849141852	0.792541017157543	0.261	0.165	1	chr2-156435336-156437582	3
0.0394600117495549	0.88422736321291	0.212	0.122	1	chr1-8407609-8409648	3
0.0394820427446343	0.972742157825038	0.182	0.096	1	chr6-35495925-35498362	3
0.0396281055837807	1.12005011135515	0.17	0.087	1	chr4-108167309-108169640	3
0.0397674551933392	1.09605809897383	0.176	0.096	1	chr1-12595579-12596917	3
0.0398722245507641	1.0322252271016	0.206	0.122	1	chr4-1191574-1193332	3
0.0398722245507641	1.06381292050755	0.206	0.122	1	chr7-135147168-135149128	3
0.0398792861279052	1.16745941690028	0.158	0.078	1	chr1-221203219-221204865	3
0.0402504815265857	0.938688864753912	0.23	0.139	1	chr9-83537885-83539321	3
0.0406113494546474	0.656055357325998	0.394	0.296	1	chr1-36223073-36225912	3
0.040899008900795	1.13329206457068	0.158	0.078	1	chr1-206507062-206510259	3
0.0410716664941878	0.72127144871156	0.297	0.2	1	chr7-139230520-139232652	3
0.0412118482768305	0.815625971237022	0.218	0.122	1	chr5-77086376-77088514	3
0.0412146064240003	1.20191134954138	0.176	0.096	1	chr8-132674791-132677601	3
0.0412146812601524	1.09757533111533	0.176	0.096	1	chr13-113928477-113929991	3
0.0412218123589853	1.09922718100365	0.194	0.113	1	chr20-50761298-50764592	3
0.0414432880685174	0.969347095277322	0.224	0.139	1	chr11-65491395-65495006	3
0.0417496393357289	0.731454492491488	0.285	0.183	1	chr1-71079513-71082206	3
0.0418780395302794	0.964888057932433	0.182	0.096	1	chr10-5546481-5549304	3
0.0422674266191321	0.880003396271489	0.194	0.104	1	chr6-46169541-46171944	3
0.0424545514157401	1.08061853477455	0.176	0.096	1	chr6-15089419-15090690	3
0.0425083163555312	0.92899510524819	0.194	0.104	1	chr2-200258067-200260516	3
0.0425635735199396	0.878911769704702	0.206	0.113	1	chr1-31170395-31171450	3
0.0426204071462227	1.00212975249929	0.182	0.096	1	chr7-100247060-100248293	3
0.0427421076878767	0.933257356177174	0.218	0.13	1	chr6-15026437-15027642	3
0.0427752282970621	0.968393803714257	0.224	0.139	1	chr1-197619044-197621377	3
0.0429657947392097	0.716445650214606	0.285	0.183	1	chr10-6162516-6165690	3
0.0430362098024276	0.911912916145606	0.206	0.113	1	chr6-108706793-108708215	3
0.043299838991265	0.89227190065415	0.236	0.148	1	chr6-134173873-134176210	3
0.0435681941716759	1.01065762724393	0.188	0.104	1	chr2-169798238-169800109	3
0.0436264913664951	1.28292620127786	0.152	0.078	1	chr2-121699266-121700741	3
0.0437688767826009	0.842898743799444	0.267	0.174	1	chr1-168803174-168804619	3
0.0437935847925813	0.717928797473001	0.303	0.209	1	chr1-151830493-151833389	3
0.0438024065293126	0.687700993145891	0.23	0.122	1	chr3-27368801-27369924	3
0.0438177262262421	1.01302056718038	0.188	0.104	1	chr8-116324454-116325543	3
0.0440637216642348	0.958875095471059	0.2	0.113	1	chr6-131807224-131808749	3
0.0441942172136859	0.961325826867108	0.17	0.087	1	chr6-42959859-42961681	3
0.0443141244020156	0.760014571848549	0.279	0.183	1	chr1-215539319-215541041	3
0.0444549700872624	0.894576438205214	0.23	0.139	1	chr3-128725536-128730019	3
0.0445961718680131	0.756854205647111	0.2	0.104	1	chr19-49855166-49862146	3
0.044640969741111	0.642710792992231	0.297	0.191	1	chr7-151921843-151926645	3
0.0450835604163947	0.992772673890902	0.188	0.104	1	chr13-112885342-112886564	3
0.0451101334959079	0.964425804268474	0.236	0.148	1	chr1-145926572-145928961	3
0.045385829059557	0.804326157144327	0.23	0.139	1	chr6-73460833-73463303	3
0.0455111483575253	0.459377891803025	0.424	0.304	1	chr7-107742790-107744829	3
0.0456631460460537	1.13058510105161	0.164	0.087	1	chr5-132426730-132430266	3
0.0459933171942229	0.738527397221006	0.255	0.157	1	chr6-27176537-27178906	3
0.0460951586126371	0.980750554215073	0.176	0.096	1	chr20-51749594-51751009	3
0.046643126042102	0.973428872309091	0.188	0.104	1	chr1-39394244-39396124	3
0.0471103231143891	0.682555139144993	0.273	0.174	1	chr1-211513710-211516187	3
0.0472285227089684	0.957555391055386	0.206	0.122	1	chr12-12349311-12351609	3
0.0473902894131217	0.626123884105279	0.339	0.235	1	chr1-225833872-225837627	3
0.047489245130077	0.732288051769845	0.291	0.191	1	chr1-225809544-225814050	3
0.0477615778393387	1.02638350976977	0.17	0.087	1	chr2-216664756-216667072	3
0.04792073744505	0.843940856096188	0.261	0.174	1	chr8-86507504-86509368	3
0.048291124331276	1.05388854096641	0.176	0.096	1	chr6-37353515-37355647	3
0.0487209647651176	0.903711499968424	0.224	0.139	1	chrX-1379368-1389740	3
0.0487863897476864	1.05214852070494	0.164	0.087	1	chr2-239221368-239224403	3
0.0489164325501946	0.536699607414852	0.339	0.217	1	chr3-37241955-37245437	3
0.0489168872650668	0.81943777692092	0.255	0.165	1	chr6-154343343-154344809	3
0.0489728213916452	1.05695168251909	0.158	0.078	1	chr1-222681539-222686760	3
0.0493791060003499	0.726201861866758	0.267	0.174	1	chr4-185142520-185144143	3
0.0494153738566247	0.72809070995312	0.279	0.183	1	chr6-116252626-116256214	3
0.049545903143581	0.929680334582933	0.194	0.113	1	chr8-58065537-58068548	3
0.0497077319480976	0.996537589515985	0.176	0.096	1	chr1-35450823-35452822	3
0.0500347086701603	0.812064402035614	0.23	0.139	1	chr3-4564731-4567390	3
0.0505743066366367	0.96758687668414	0.176	0.096	1	chr10-126838104-126840160	3
0.0508263587885969	0.66984111309071	0.224	0.13	1	chr16-31450858-31455784	3
0.0509478649417838	1.007094118819	0.2	0.122	1	chr14-90507992-90511066	3
0.050991375685556	1.23726661064159	0.152	0.078	1	chr12-106342297-106343555	3
0.0516177792227103	0.844547698759115	0.224	0.13	1	chr2-202032975-202035159	3
0.0517386049710457	0.957561870345315	0.182	0.104	1	chr10-11874259-11876652	3
0.051937894749092	0.912740435053189	0.212	0.13	1	chr12-121711567-121713396	3
0.0520776068034294	0.838435573031499	0.224	0.139	1	chr6-57088782-57090606	3
0.0521195550292112	0.878711960750166	0.248	0.165	1	chr7-88225957-88227811	3
0.0522613308763693	1.13473648033343	0.152	0.078	1	chr16-52724885-52726381	3
0.0525584664788881	0.707074463551592	0.261	0.165	1	chr12-66168396-66170517	3
0.0527552732653814	0.883344906949586	0.188	0.104	1	chr3-71025213-71027644	3
0.0527552732653814	0.984791478830191	0.188	0.104	1	chr7-97971141-97972992	3
0.0528225265122942	0.668964857520204	0.303	0.191	1	chr1-100036964-100039621	3
0.0530189720172891	1.07412021296973	0.164	0.087	1	chr18-70288487-70290511	3
0.0531601325818198	0.653734962249669	0.352	0.252	1	chr2-152173809-152176719	3
0.0531658543071953	0.735196069522483	0.285	0.2	1	chr7-156639599-156641678	3
0.0532082177178733	1.00136026349095	0.182	0.104	1	chr20-31710649-31713338	3
0.0533856171258234	0.61959625320602	0.345	0.261	1	chr10-3851142-3854736	3
0.0537719686085054	1.01309934350247	0.194	0.113	1	chr3-9148978-9150725	3
0.0542378123583785	0.863863534251208	0.224	0.139	1	chr8-71058446-71060177	3
0.0542955584819062	0.68574338184402	0.339	0.27	1	chr10-103395287-103397868	3
0.0543491944645139	0.905138476612674	0.17	0.087	1	chr15-41876415-41878845	3
0.0546031316503868	1.0210326364564	0.164	0.087	1	chr6-38795462-38798248	3
0.0555736420634978	0.826238558873723	0.212	0.122	1	chr2-223835547-223838404	3
0.055577904389772	0.742494244018855	0.267	0.183	1	chr12-57545956-57547718	3
0.0556508983430418	0.693164643049497	0.309	0.217	1	chr16-87852952-87856896	3
0.055851794383703	0.921798342504281	0.212	0.13	1	chr1-25817880-25822227	3
0.0558530631149211	0.656837190981312	0.327	0.252	1	chr1-202810184-202812961	3
0.0565642948380921	1.04427383152624	0.182	0.104	1	chr3-69930076-69931326	3
0.0566174240650818	0.748607418489172	0.261	0.174	1	chr9-37485215-37487789	3
0.0566374983791319	0.640190064926976	0.297	0.2	1	chr6-31651525-31653617	3
0.0566381920283398	0.803456807444724	0.279	0.2	1	chr6-63635066-63637238	3
0.0568780380109168	0.955500509128698	0.182	0.104	1	chr3-184318842-184320665	3
0.0571294970067699	0.817028912453655	0.236	0.157	1	chr1-159915513-159918035	3
0.0571516979291378	0.785093192490963	0.261	0.174	1	chr16-80899798-80901153	3
0.0573062488897631	0.971858620416581	0.218	0.139	1	chr1-183159492-183160691	3
0.0575291314640885	0.614933246591592	0.309	0.226	1	chr1-40530925-40533253	3
0.0576085692852158	1.14134437714305	0.152	0.078	1	chr1-46756271-46758441	3
0.0578331847949244	0.570376786219326	0.345	0.243	1	chr1-114669111-114672010	3
0.057864289418181	0.665412403340297	0.327	0.243	1	chr6-53793236-53796773	3
0.0578793720754109	0.899683502903554	0.2	0.122	1	chr12-122062472-122064410	3
0.0579573512125413	1.06083214426386	0.152	0.078	1	chr13-48975052-48977592	3
0.0579727017244333	0.96621653217213	0.176	0.096	1	chr10-32980041-32982336	3
0.0580769361278447	0.6186488907224	0.345	0.243	1	chr1-45749821-45751355	3
0.0580782281221896	0.716748210699399	0.255	0.157	1	chr6-42745020-42749485	3
0.0582275612492555	0.929876602949581	0.164	0.087	1	chr17-59370973-59373142	3
0.058307886252213	0.987574316240406	0.152	0.078	1	chr13-48000139-48001908	3
0.0588318010538198	1.16772782136776	0.158	0.087	1	chr9-110188687-110189840	3
0.0589577791480707	0.979004927634554	0.176	0.096	1	chr1-18598775-18600048	3
0.0590142410690123	1.05201464930998	0.152	0.078	1	chr15-79811221-79812989	3
0.0590492643651275	0.577939066577122	0.406	0.322	1	chr7-16644014-16647257	3
0.059080870701703	1.02694540527694	0.188	0.113	1	chr1-111919729-111921244	3
0.0592159238322201	0.879795887396298	0.23	0.157	1	chr1-223732427-223734983	3
0.0597665775686334	0.974543629318168	0.182	0.104	1	chr6-84226921-84228583	3
0.059826889285184	0.693584791571762	0.255	0.165	1	chr3-134381466-134382692	3
0.0599014547971928	0.777014183204945	0.248	0.165	1	chr3-184144216-184145861	3
0.0599266899405451	0.72272580181198	0.218	0.13	1	chr6-39923119-39925035	3
0.0599399202464425	1.02418201328149	0.164	0.087	1	chr4-8198077-8200091	3
0.0599399202464425	0.924838837189466	0.164	0.087	1	chr22-37500866-37503073	3
0.0599729665490374	0.889453295169102	0.236	0.157	1	chr2-183123423-183126285	3
0.060409144263753	0.786735670073639	0.242	0.157	1	chr1-226986852-226989716	3
0.0609343582270213	1.09063162957174	0.158	0.087	1	chr1-165597655-165599049	3
0.0610888848767253	0.983198512817551	0.182	0.104	1	chr8-128176332-128177853	3
0.0612938501067177	0.777958193323872	0.261	0.174	1	chr3-129224583-129227267	3
0.061648791442061	1.10696619572324	0.158	0.087	1	chr3-87358831-87360496	3
0.0619442203522754	0.764522688396385	0.285	0.209	1	chr8-98043887-98047089	3
0.0620515865528932	0.46307608382858	0.424	0.339	1	chr4-6268910-6272469	3
0.062165038497761	0.656750696198323	0.273	0.183	1	chr17-80277367-80280452	3
0.0622729457778769	0.900911936650667	0.2	0.122	1	chr1-175168797-175170196	3
0.0623069131367842	0.654774333013082	0.345	0.296	1	chr17-75556711-75560476	3
0.062316374912798	0.667298427823721	0.236	0.148	1	chr7-54757731-54760484	3
0.0623284591755598	0.687182368477551	0.309	0.217	1	chr11-65786227-65793889	3
0.062345465426582	0.429590128988073	0.503	0.426	1	chr1-37689426-37693197	3
0.0626277762736359	0.57130466180732	0.382	0.304	1	chr1-40039075-40041744	3
0.062813483215344	0.846529600173887	0.212	0.13	1	chr3-110879584-110881786	3
0.0628867025694223	0.896656308712379	0.206	0.13	1	chr1-205774872-205776002	3
0.0630212757846205	0.938392929791534	0.212	0.139	1	chr1-201459985-201462084	3
0.0633595815828079	1.00339054759178	0.17	0.096	1	chr9-7327979-7329173	3
0.0633814075636305	0.6930498773383	0.285	0.191	1	chr1-58618260-58621705	3
0.0633921008028606	0.751144840907739	0.248	0.165	1	chr1-226701743-226705079	3
0.0641965031150468	0.676912496424457	0.333	0.252	1	chr14-22885749-22888276	3
0.0642955215496912	0.770413415320049	0.218	0.13	1	chr1-6157044-6158692	3
0.0650688351934081	0.659476498444026	0.285	0.2	1	chr4-24581839-24585185	3
0.0652081289781627	0.633239582529101	0.303	0.217	1	chr1-161116976-161120425	3
0.0653096276422284	1.0416291745214	0.152	0.078	1	chr6-1678469-1680497	3
0.0655445131849153	0.793644075805837	0.224	0.139	1	chr1-184482751-184485356	3
0.0662467071438999	0.757300751171801	0.218	0.13	1	chr12-8037967-8039509	3
0.0663071947473379	0.622005377660185	0.309	0.226	1	chr1-226669828-226673024	3
0.0666226535017353	0.901576126513014	0.182	0.104	1	chr16-52494521-52497902	3
0.066847161291954	0.996980260079707	0.158	0.087	1	chr6-49462564-49463983	3
0.0668911716327295	0.844928207028509	0.218	0.139	1	chr13-110506704-110508579	3
0.0676184165639934	1.00558125031522	0.158	0.087	1	chr1-146386982-146388052	3
0.0680067808764676	1.05789946013528	0.158	0.087	1	chr8-58410790-58412814	3
0.0681125280706551	0.912202386264099	0.17	0.096	1	chr3-124551636-124553515	3
0.0685645698745976	0.636520052834485	0.242	0.148	1	chr5-172658883-172661051	3
0.0685648067888611	0.986523631469537	0.188	0.113	1	chr14-89654032-89655895	3
0.0685935162633569	0.754502215564552	0.236	0.148	1	chr7-36945346-36946968	3
0.0693087997047023	0.68448933953364	0.267	0.174	1	chr3-155743409-155746409	3
0.0696513130689354	0.904833982339725	0.188	0.113	1	chr16-89837077-89838685	3
0.069725311234254	0.53102063853222	0.339	0.235	1	chr6-43769188-43775365	3
0.0699033790570334	0.457018515613508	0.467	0.383	1	chr1-207052346-207053991	3
0.0699219779913225	0.841108657177287	0.206	0.13	1	chr6-9139661-9141581	3
0.0699229304352085	0.892123983114968	0.164	0.087	1	chr10-62373645-62375535	3
0.0703756606204425	0.950427785233008	0.158	0.087	1	chr6-28124051-28125335	3
0.0705685903357295	0.644204816560864	0.333	0.252	1	chr12-93440033-93443322	3
0.070639057645557	0.975984349868697	0.182	0.113	1	chr10-128683613-128685721	3
0.0707769793343837	0.99371026923464	0.158	0.087	1	chr2-101696888-101699947	3
0.0707769793343837	1.01224445610698	0.158	0.087	1	chr13-113216018-113217202	3
0.0708275348735084	0.770414531346547	0.212	0.13	1	chr2-218444182-218445997	3
0.0709009322305067	0.933112384109784	0.152	0.078	1	chr16-21263438-21266157	3
0.0711399883762523	0.578833888903181	0.279	0.183	1	chr3-98900777-98902615	3
0.071480171958966	0.58561846965089	0.297	0.209	1	chr18-23259437-23261386	3
0.0716643923370767	0.738728132990012	0.255	0.174	1	chr2-219386914-219389191	3
0.071797370019419	0.884761360823195	0.182	0.104	1	chr2-162317682-162319365	3
0.0718858016434418	0.851721295153095	0.212	0.13	1	chr2-15591078-15592847	3
0.071888893819743	0.853526803941691	0.2	0.122	1	chr5-168825606-168827105	3
0.0723512911917217	0.722766265204334	0.206	0.122	1	chr3-11508509-11510770	3
0.0723947751002759	0.850155536222348	0.212	0.139	1	chr21-33324161-33326052	3
0.0725824775645244	0.638219540587844	0.315	0.235	1	chr6-33322438-33324063	3
0.0732757462736547	0.493361120048714	0.412	0.322	1	chr7-108568065-108571237	3
0.0739483579143471	0.480300794498622	0.418	0.339	1	chr10-60724630-60736066	3
0.0739857702253774	1.04961618347293	0.164	0.096	1	chr12-80935757-80938033	3
0.0741731345322177	0.806394037250187	0.194	0.113	1	chr1-76751041-76753580	3
0.0741837426641309	0.753920887931981	0.206	0.122	1	chr2-232300014-232301895	3
0.074394206119364	0.983477714815933	0.164	0.096	1	chr6-3825177-3826876	3
0.0745039138880682	0.854849941249245	0.23	0.157	1	chr5-16572543-16575928	3
0.0748903271410761	0.609743650071089	0.285	0.191	1	chr1-94068211-94070712	3
0.0754295372768113	0.663968286940428	0.23	0.148	1	chr8-94240792-94243093	3
0.0756553704548672	0.866383302958081	0.255	0.174	1	chr7-27344477-27348170	3
0.0756871629411602	0.839595573285475	0.188	0.113	1	chr17-46971659-46974705	3
0.0760793726945282	0.875500543272907	0.206	0.13	1	chr12-70552765-70554395	3
0.0762303867255634	1.19525011868579	0.152	0.087	1	chr19-39480231-39482038	3
0.076235777253742	0.637416995946135	0.303	0.226	1	chr1-1781486-1783819	3
0.0765016586262356	0.721943406208524	0.23	0.148	1	chr3-161220546-161222108	3
0.0765950625960006	0.805558900232112	0.158	0.087	1	chr1-23018727-23021330	3
0.0765950625960006	0.915294048095864	0.158	0.087	1	chr16-80540143-80541455	3
0.0767473486928653	0.843055829723323	0.212	0.139	1	chr3-100103059-100105711	3
0.0768214598584145	0.872183370367679	0.17	0.096	1	chr3-157498856-157500594	3
0.0769561156726856	0.734132746862496	0.248	0.165	1	chr6-98946698-98948583	3
0.0776174269833755	0.796796841326075	0.224	0.148	1	chr7-155916978-155919860	3
0.0776562843282024	0.900017532817989	0.17	0.096	1	chr1-53014497-53015962	3
0.0777507050959882	0.705161691730728	0.212	0.13	1	chr12-53803702-53805297	3
0.0780092641210477	0.673676639133824	0.248	0.165	1	chr1-204442683-204444155	3
0.0783661112888559	0.578917524581444	0.364	0.296	1	chr1-23366584-23371121	3
0.0789845921459131	0.994881186140478	0.17	0.104	1	chr12-47818933-47821217	3
0.0792235827779598	0.671252635322152	0.267	0.174	1	chr7-50701544-50726131	3
0.0794766257279361	0.813281657334063	0.2	0.122	1	chr8-81685627-81686895	3
0.0800917818903197	0.632218937929999	0.297	0.217	1	chr1-153976245-153978785	3
0.0804363531206777	0.642631654130803	0.212	0.13	1	chr6-76416556-76419320	3
0.080744791550643	0.983383946462046	0.164	0.096	1	chr2-55281759-55283034	3
0.08091504873641	0.643908435985297	0.23	0.148	1	chr2-169478990-169480315	3
0.0809850615953638	0.785494557301401	0.158	0.087	1	chr7-143262866-143264434	3
0.0814605150918682	0.763633932345929	0.242	0.165	1	chr6-122398970-122400887	3
0.081941902046152	0.835912536121124	0.17	0.096	1	chr2-231785938-231787295	3
0.0822814334939479	0.763016350535778	0.2	0.122	1	chr6-96836141-96838162	3
0.0825611169726322	0.797568286033273	0.188	0.113	1	chr6-3912616-3914494	3
0.0830393602152397	0.891562762297617	0.194	0.122	1	chr9-38031319-38033324	3
0.0832371995807395	0.855198049211077	0.176	0.104	1	chr3-182978930-182981343	3
0.0832643603744951	0.795611493728349	0.17	0.096	1	chr3-9913329-9914842	3
0.0832817212597217	1.06767531772964	0.17	0.104	1	chr11-117177616-117180071	3
0.0841083022210135	0.592683351364804	0.285	0.209	1	chr7-95434129-95435703	3
0.0841813925435034	0.67083988189318	0.255	0.174	1	chr1-160283824-160285676	3
0.0846969217248695	0.781245389727053	0.206	0.13	1	chr3-172515051-172517784	3
0.0849519866880259	0.781081742945452	0.2	0.13	1	chr4-139739828-139741430	3
0.0849888709757049	0.867942771670796	0.176	0.104	1	chr8-116471627-116474079	3
0.0850147627450517	0.693480750624357	0.236	0.148	1	chr6-134014581-134018214	3
0.0852421544758916	0.631333564994414	0.242	0.157	1	chr18-46332688-46334532	3
0.0855771637385893	0.830115593960477	0.158	0.087	1	chr4-8533781-8535040	3
0.085676201089887	0.964793255808706	0.164	0.096	1	chr17-50903656-50905827	3
0.0866186721697893	0.810504024427421	0.2	0.13	1	chr6-15661758-15663548	3
0.0867135094188278	1.06412160098054	0.158	0.096	1	chr3-355554-357879	3
0.0867249089928997	0.995621574983597	0.152	0.087	1	chr1-42379804-42381450	3
0.0867790554838714	0.733570969311121	0.23	0.157	1	chr6-97282232-97283930	3
0.086903866722176	0.615344688303369	0.279	0.191	1	chr6-291044-293860	3
0.087206421465578	1.05959079565284	0.152	0.087	1	chr16-87635242-87636989	3
0.087206421465578	0.949856144780875	0.152	0.087	1	chr17-37067215-37068653	3
0.0873224886660831	0.829784338499727	0.212	0.139	1	chr1-70204681-70207361	3
0.0873927243809683	0.698455702295224	0.261	0.183	1	chr2-236823200-236826150	3
0.0874790974168281	0.502042874498946	0.297	0.2	1	chr19-1097650-1099960	3
0.0877159876450093	0.539936795747868	0.255	0.165	1	chr4-169069580-169071494	3
0.087797877592542	0.789436990338137	0.17	0.096	1	chr1-112698387-112702097	3
0.0878859336618314	0.838786915413952	0.2	0.13	1	chr1-21621697-21627236	3
0.087996836456684	0.915580255940394	0.164	0.096	1	chr8-75406793-75409290	3
0.088125943124781	0.880229763331891	0.176	0.104	1	chr16-87391282-87393657	3
0.0884669917845869	0.928210553338963	0.164	0.096	1	chr1-155974356-155980081	3
0.088540512956568	0.538648843448293	0.364	0.296	1	chr1-235864993-235868151	3
0.0889391698141493	0.892861491512091	0.164	0.096	1	chr1-244718948-244720602	3
0.0894986788748363	0.865191189720429	0.176	0.104	1	chr5-149149853-149153022	3
0.0897809692625284	0.421344767639582	0.4	0.304	1	chr1-109424748-109427885	3
0.0898018220922319	0.544737051575666	0.358	0.278	1	chr6-165833903-165836151	3
0.089863496874973	0.941977769597275	0.194	0.13	1	chr2-208013442-208016177	3
0.0903678970116585	0.896766200862249	0.164	0.096	1	chr1-223363400-223365053	3
0.0905492446839389	0.966325792216072	0.17	0.104	1	chr6-137587672-137589905	3
0.0908691967361707	0.858534265934143	0.158	0.087	1	chr5-65035060-65036197	3
0.0919540620153598	0.55275231447431	0.267	0.183	1	chr1-84297097-84303766	3
0.092345782300177	0.617157045878762	0.267	0.183	1	chr3-79017328-79020413	3
0.092922210156126	0.83607695410061	0.17	0.104	1	chr2-180367332-180369217	3
0.0929599142177927	0.714126803641635	0.2	0.122	1	chr4-105551678-105553833	3
0.0932807320952852	0.887786497247675	0.164	0.096	1	chr8-74349818-74351099	3
0.0934081974809164	0.759130602938973	0.242	0.174	1	chr1-226478575-226481745	3
0.0935085445238697	0.583513010292627	0.303	0.226	1	chr1-229058099-229060778	3
0.0936433127440367	0.72661719043104	0.206	0.13	1	chr12-132505225-132507912	3
0.0939158812536834	0.51944983708175	0.376	0.304	1	chr1-233326665-233328600	3
0.0939905238441065	0.722668175398226	0.218	0.148	1	chr10-110501021-110504910	3
0.094190632537149	0.50498567864024	0.297	0.2	1	chr6-42563396-42566327	3
0.0948640631653159	0.596340227852362	0.261	0.174	1	chr1-12615085-12618580	3
0.09515274119339	0.664829790571358	0.224	0.148	1	chr1-206895110-206896834	3
0.0952080344168619	0.920823707047091	0.152	0.087	1	chr9-80073979-80075107	3
0.0959198857989882	0.728205101863079	0.188	0.113	1	chr17-78396425-78398198	3
0.096049418431985	0.862853277545726	0.182	0.113	1	chr12-3076379-3078509	3
0.0964911857036273	0.563160208779671	0.279	0.191	1	chr2-159285654-159287571	3
0.0965102195792972	1.00496550377759	0.158	0.096	1	chr2-137975036-137976237	3
0.0965279873153217	0.795314592555304	0.182	0.113	1	chr3-71129585-71134505	3
0.0966651207235546	0.761363009637842	0.194	0.122	1	chr12-105234389-105236685	3
0.0967718631116428	0.913659635370625	0.152	0.087	1	chr9-2297937-2299978	3
0.0972976814029644	0.8630450473614	0.152	0.087	1	chr5-180825473-180826822	3
0.0977748241160898	0.496758940072283	0.382	0.304	1	chr6-156776300-156781006	3
0.0978114888761858	0.516454393008339	0.352	0.252	1	chr12-96034457-96036511	3
0.0981316352787634	0.290507213107826	0.636	0.574	1	chr1-207821882-207829207	3
0.0983561688025534	0.889685557779291	0.152	0.087	1	chr9-105064029-105065870	3
0.0985596649479977	0.901606680423981	0.176	0.113	1	chr4-158722072-158724080	3
0.0991667365230285	0.583727493691219	0.321	0.243	1	chr4-22514277-22517145	3
0.0994238324916262	0.928806606155769	0.152	0.087	1	chr5-190268-191848	3
0.0994238324916262	0.883320006554566	0.152	0.087	1	chr19-18274239-18276158	3
0.099588321931029	0.626816195699544	0.285	0.209	1	chr1-63366908-63368561	3
0.0999114262842657	0.617856591990482	0.248	0.165	1	chr16-85514173-85516506	3
0.100852682177156	0.964224378284236	0.17	0.104	1	chr9-104975875-104978289	3
0.100974296625234	0.605327057166925	0.291	0.217	1	chr1-184789957-184794743	3
0.101046405857154	0.891793168438569	0.176	0.113	1	chr1-151546938-151549784	3
0.101090532746323	0.511188360989092	0.285	0.2	1	chr12-19128473-19131610	3
0.101396693030298	0.375462665598713	0.545	0.461	1	chr1-228484939-228491495	3
0.101448639079754	0.602123610866306	0.236	0.157	1	chr3-160048630-160050503	3
0.101701127064958	0.736943344690151	0.158	0.087	1	chr2-18991337-18992388	3
0.101874896923726	0.800733253229386	0.2	0.13	1	chr1-202034270-202035696	3
0.102191974981931	0.614874141340318	0.291	0.217	1	chr1-206634188-206636352	3
0.102233344390312	0.570871514531375	0.297	0.217	1	chr8-127090084-127094235	3
0.102398019265485	0.895103369532185	0.17	0.104	1	chr3-146160079-146162100	3
0.102642505687561	0.749294143335034	0.176	0.104	1	chr12-111756380-111759167	3
0.102853569129806	0.917243238061655	0.2	0.139	1	chr6-37102041-37104095	3
0.102917298331529	0.855631466654029	0.17	0.104	1	chr12-109864038-109865550	3
0.102983994030944	0.370208144589589	0.43	0.348	1	chr3-48086620-48090235	3
0.103262061260048	0.652512774424472	0.255	0.183	1	chr19-4387744-4392112	3
0.103329197861615	0.73217871853961	0.158	0.087	1	chr12-26100768-26102001	3
0.103831689224376	0.611222125279361	0.248	0.174	1	chr1-209652527-209654458	3
0.104349231867818	0.57553416084196	0.273	0.191	1	chr5-131671203-131673820	3
0.104450881284817	0.840952877983368	0.188	0.122	1	chr8-143731272-143734849	3
0.104899453116403	0.64242265768793	0.291	0.226	1	chr12-115871206-115873911	3
0.105266963463628	0.716931199202443	0.2	0.13	1	chr11-118620699-118623692	3
0.105707339004496	0.571287267609583	0.309	0.243	1	chr5-141968468-141970974	3
0.105984960063147	0.724183475513998	0.255	0.191	1	chr4-169658164-169660883	3
0.106844740390062	0.426764850536787	0.418	0.357	1	chr1-215566471-215571349	3
0.106886702031944	0.76876609259781	0.248	0.183	1	chr3-132659037-132661730	3
0.106949421814697	0.574887429701512	0.321	0.27	1	chr1-224431980-224436634	3
0.107147286903225	0.850707408862794	0.17	0.104	1	chr8-144354066-144355571	3
0.107218655596302	0.93019739356565	0.176	0.113	1	chr1-59921129-59922969	3
0.107547161279382	0.753129878946718	0.182	0.113	1	chr2-3348492-3349986	3
0.10804881122855	0.592436032113694	0.267	0.191	1	chr12-75390492-75391765	3
0.108124584960198	0.39217220973109	0.485	0.443	1	chr1-1431568-1437431	3
0.108768599205546	0.855751699008735	0.17	0.104	1	chr9-69104741-69105887	3
0.108807472692773	0.769273700304369	0.176	0.113	1	chr1-94252125-94254886	3
0.108876537101635	0.726614476018663	0.152	0.087	1	chr14-63437689-63438833	3
0.109313328831265	0.813983174723815	0.17	0.104	1	chr13-99605911-99607287	3
0.109456287235407	0.588310710737602	0.279	0.2	1	chr12-6228323-6233783	3
0.109653737316683	0.740924124201614	0.182	0.113	1	chr9-99905730-99907755	3
0.11046937822401	0.435225658630709	0.412	0.348	1	chr1-204492605-204495516	3
0.111047699554589	0.689088670144621	0.218	0.148	1	chr1-19310903-19313192	3
0.111200895665653	0.724226011213875	0.152	0.087	1	chr5-42811269-42812671	3
0.11123670225832	0.676220184365526	0.164	0.096	1	chr5-155545869-155547022	3
0.11125496895778	0.702348695126693	0.182	0.113	1	chr6-7107365-7109974	3
0.11125496895778	0.749056157353528	0.182	0.113	1	chr6-166556363-166558497	3
0.111691075935119	0.8871566686012	0.158	0.096	1	chr9-81393651-81395649	3
0.111746621269147	0.651731033770342	0.224	0.148	1	chr1-93877982-93880353	3
0.112069401899167	0.776679808344138	0.17	0.104	1	chr7-100022338-100024496	3
0.11218379287631	0.732164008535113	0.188	0.122	1	chr6-75848066-75850900	3
0.112278903831312	0.58376573167677	0.273	0.191	1	chr6-107956553-107958949	3
0.112392916111613	0.402912496017059	0.412	0.348	1	chr5-13943590-13947088	3
0.112396077537443	0.715134913887715	0.224	0.157	1	chr6-41920478-41922629	3
0.112438423982198	0.580015126539311	0.273	0.2	1	chr2-169693504-169696354	3
0.112475161302489	0.500377244985089	0.364	0.296	1	chr6-52503041-52505206	3
0.112570179175199	0.366452954418704	0.491	0.426	1	chr1-185155814-185159134	3
0.112705284592678	0.502759519458403	0.261	0.174	1	chr6-27019048-27020824	3
0.113245288362918	0.545289431172129	0.315	0.235	1	chr1-43357808-43359566	3
0.113376503798643	0.752815463748354	0.194	0.13	1	chr6-139027708-139029935	3
0.113606355855256	0.667368205151202	0.194	0.122	1	chr2-212905450-212906562	3
0.113891446451623	0.686613316635814	0.176	0.104	1	chr3-64150332-64152603	3
0.114049416616851	0.608674183906292	0.242	0.165	1	chr2-197514888-197517138	3
0.114070274940218	0.381796217959772	0.473	0.374	1	chr1-67684517-67687500	3
0.114180897956101	0.482446644713091	0.376	0.304	1	chr1-161044446-161046852	3
0.114422116644994	1.06122907284722	0.152	0.096	1	chr5-158593079-158595680	3
0.114500924686686	0.521010656595439	0.333	0.287	1	chr15-63500566-63507079	3
0.114590316203106	0.817940355215609	0.158	0.096	1	chr2-96786786-96789505	3
0.114976805952852	0.283014787770749	0.515	0.409	1	chr9-2014334-2018688	3
0.115362584399795	0.773822204224195	0.152	0.087	1	chr12-120537556-120541108	3
0.115400656329522	0.492449654719225	0.303	0.217	1	chr10-104336794-104340893	3
0.115537854541024	0.918246904031495	0.182	0.122	1	chr10-102431457-102433176	3
0.116016943604868	0.652754827245483	0.236	0.165	1	chr1-56569297-56571364	3
0.116157366182491	0.366420036967444	0.424	0.357	1	chr1-2583414-2588109	3
0.116486209329592	0.696505947312372	0.218	0.157	1	chr20-40414312-40416722	3
0.116520551654044	0.550281151088804	0.279	0.209	1	chr1-43990443-43992984	3
0.116586732217576	0.676958784180596	0.212	0.139	1	chr2-120551395-120553667	3
0.116675684015009	0.47487440461912	0.418	0.348	1	chr3-155869404-155872531	3
0.116999365269337	0.601128591801269	0.236	0.157	1	chr12-7128339-7131597	3
0.117007504766602	0.718575588769408	0.164	0.096	1	chr8-128027280-128028881	3
0.11716988196085	0.604621447222855	0.309	0.243	1	chr7-129054020-129055850	3
0.117224219309689	0.572173099234588	0.261	0.183	1	chr1-197773181-197776605	3
0.117630746909698	0.624265342662852	0.242	0.174	1	chr14-89184467-89187395	3
0.117795113892756	0.774065060590259	0.152	0.087	1	chr4-140037345-140038939	3
0.117882447402534	0.658645418944104	0.224	0.157	1	chr13-94601233-94602812	3
0.118121894941068	0.594619566331786	0.242	0.174	1	chr12-49264045-49266193	3
0.118182236173206	0.6447427236505	0.279	0.217	1	chr1-213050636-213052840	3
0.118409491326774	0.789321612350155	0.152	0.087	1	chr1-180125992-180128492	3
0.118678028122609	0.606927708130272	0.212	0.139	1	chr3-128333986-128336577	3
0.118748356444564	0.956789622945801	0.158	0.096	1	chr19-30663753-30665206	3
0.119107727265146	0.59106468832947	0.291	0.217	1	chr2-121035563-121037297	3
0.119327995151413	0.89818579176697	0.164	0.104	1	chr17-21200226-21201788	3
0.119610143461857	0.627525563317655	0.206	0.13	1	chr6-109336046-109337535	3
0.120250533475983	0.663702164994479	0.23	0.157	1	chr1-44985374-44987371	3
0.120283962361149	0.670267736819469	0.2	0.13	1	chr1-168750762-168753057	3
0.120503621985704	0.36470332145211	0.418	0.348	1	chr1-185315382-185318276	3
0.120667279935138	0.734129155103543	0.17	0.104	1	chr12-57534916-57537047	3
0.120966117691095	0.717228963305911	0.182	0.113	1	chr5-142740229-142741382	3
0.121218083725839	0.477034386490126	0.291	0.209	1	chr1-59295745-59297645	3
0.121652674164197	0.448533130886099	0.394	0.33	1	chr1-247103326-247104988	3
0.12179013263886	0.753473112887585	0.158	0.096	1	chr5-59316707-59318555	3
0.122127055548012	0.443130647317269	0.364	0.278	1	chr1-178724532-178728163	3
0.122312492239669	0.838264023777771	0.164	0.104	1	chr2-101079611-101081095	3
0.122344327786356	0.552708675182441	0.352	0.287	1	chr6-157379606-157383224	3
0.122618928905171	0.740031751520505	0.188	0.122	1	chr1-29682296-29683657	3
0.123023767125395	0.776524470885777	0.158	0.096	1	chr1-63547260-63548699	3
0.12336895430205	0.740411602660262	0.176	0.113	1	chr3-75640881-75642006	3
0.124104892517785	0.700099650482393	0.224	0.157	1	chr3-127541339-127543277	3
0.124692314383611	0.730810887299338	0.152	0.087	1	chr7-123824381-123825252	3
0.124820309775628	0.482865134124296	0.255	0.183	1	chr6-79536304-79538336	3
0.125334633262035	0.721178941138322	0.152	0.087	1	chr2-70257239-70259100	3
0.125678318975238	0.630470359981298	0.212	0.139	1	chr1-32107469-32109757	3
0.125714754175427	0.598323486862495	0.273	0.209	1	chr7-74252885-74255437	3
0.125738357010558	0.713954705640452	0.176	0.113	1	chr12-95102641-95103867	3
0.126078568415578	0.711062748566615	0.236	0.174	1	chr7-87933529-87935282	3
0.12617781635129	0.557190745479119	0.236	0.165	1	chr1-246165741-246167245	3
0.126205535868554	0.490651288249701	0.279	0.2	1	chr12-42323777-42327247	3
0.12648441843406	0.539501195951477	0.279	0.209	1	chr1-83998327-83999917	3
0.126540077824297	0.792946191783555	0.194	0.13	1	chr6-47308076-47310514	3
0.126760201480686	0.635885189163863	0.255	0.2	1	chr20-25232738-25235909	3
0.126956478026491	0.427611597354069	0.424	0.374	1	chr1-225771838-225773984	3
0.127240373988996	0.625699502483966	0.242	0.174	1	chr10-129466216-129468291	3
0.127250809327344	0.525227415175272	0.224	0.148	1	chr5-150699895-150701884	3
0.127338582020668	0.70440126737423	0.206	0.148	1	chr1-197914711-197917780	3
0.127418461856303	0.773496633901841	0.158	0.096	1	chr1-108199308-108201392	3
0.127432469983242	0.378952364010609	0.485	0.426	1	chr1-66923855-66926345	3
0.127472757657041	0.521778428521825	0.327	0.261	1	chr8-89756606-89759985	3
0.127541057558865	0.707256704145855	0.212	0.148	1	chr1-168919940-168921513	3
0.12759422889989	0.613591053783018	0.23	0.157	1	chr1-115641432-115643519	3
0.127615181191839	0.644725213097684	0.248	0.183	1	chr3-5121905-5124370	3
0.128167866516165	0.454028383609696	0.376	0.304	1	chr1-75723252-75726507	3
0.128265969802152	0.695872738463406	0.194	0.13	1	chr8-135456501-135458510	3
0.128300012497314	0.674283619808858	0.182	0.113	1	chr14-53151487-53153926	3
0.128684610907675	0.757115337671425	0.182	0.122	1	chr7-155223524-155225146	3
0.128889171222691	0.563301307773816	0.224	0.148	1	chr4-2929555-2932103	3
0.129149814273551	0.733141124546331	0.17	0.104	1	chr6-157186880-157188545	3
0.129163799400327	0.734592310781493	0.218	0.157	1	chr7-2860142-2861424	3
0.129266780010962	0.437839374610281	0.364	0.304	1	chr8-133215140-133218262	3
0.129347511253744	0.609833595453213	0.218	0.148	1	chr2-234951437-234955490	3
0.129713230406888	0.770654394067204	0.164	0.104	1	chr1-211829884-211831310	3
0.129713230406888	0.836128478732397	0.164	0.104	1	chr6-42781716-42784575	3
0.129766409408676	0.68891715962959	0.212	0.148	1	chr1-207049640-207051810	3
0.129880636320409	0.842664965386808	0.182	0.122	1	chr1-233714123-233715699	3
0.129902866615228	0.564574588584303	0.218	0.148	1	chr4-41611003-41613186	3
0.130450184641536	0.545910608706607	0.279	0.209	1	chr8-109583418-109586885	3
0.130682929154959	0.475027340574371	0.285	0.209	1	chr2-55615404-55619198	3
0.13159815218015	0.636014154806813	0.261	0.209	1	chr12-110500798-110502751	3
0.131608777298429	0.616907393763094	0.194	0.122	1	chr10-1448172-1449179	3
0.131912174787028	0.541954732137728	0.242	0.165	1	chr2-128304434-128307017	3
0.132289120426177	0.678073304019867	0.17	0.104	1	chr4-72567368-72570480	3
0.132402139674825	0.597321242211468	0.261	0.191	1	chr1-215635941-215637792	3
0.132437155033856	0.799696999557192	0.176	0.113	1	chr1-185044841-185047409	3
0.132678393896208	0.432053172908002	0.394	0.322	1	chr6-155313537-155315755	3
0.132722212833219	0.557038329447528	0.273	0.209	1	chr1-220731745-220733682	3
0.133907259944794	0.774199189519518	0.158	0.096	1	chr12-123074735-123076640	3
0.133938253557829	0.625262358237425	0.2	0.13	1	chr1-48471671-48472974	3
0.134188188865338	0.770645626094494	0.164	0.104	1	chr1-37939694-37941255	3
0.134188188865338	0.814987874847798	0.164	0.104	1	chr13-23488266-23489124	3
0.134200884104004	0.683317351073079	0.17	0.104	1	chr4-120869160-120870918	3
0.134311250328626	0.786175331407835	0.176	0.113	1	chr4-146174849-146176729	3
0.134688835940375	0.585445741886083	0.255	0.183	1	chr1-33348295-33351252	3
0.134837099237306	0.815557785591629	0.164	0.104	1	chr10-22320207-22322616	3
0.135305732042656	0.848091973284064	0.152	0.096	1	chrX-138886387-138887486	3
0.135661181015671	0.815393299820059	0.176	0.122	1	chr13-112759352-112762568	3
0.135892142005093	0.675464494610638	0.218	0.157	1	chr1-161158514-161160445	3
0.135903296925324	0.548466834804143	0.236	0.165	1	chr11-6925620-6927886	3
0.135990626147193	0.765267803074005	0.182	0.122	1	chr2-20550670-20552056	3
0.136126619289081	0.656432844756977	0.224	0.165	1	chr11-121477798-121480280	3
0.136142193026379	0.778394366596497	0.164	0.104	1	chr10-24465296-24467503	3
0.136573237351252	0.723103934494772	0.158	0.096	1	chr18-79540251-79541395	3
0.137258929851548	0.701846777861088	0.224	0.165	1	chr6-132512388-132513846	3
0.137315619158264	0.644378221733229	0.224	0.157	1	chr1-175191313-175193610	3
0.137456869059798	0.7838445282995	0.164	0.104	1	chr16-87870223-87872958	3
0.137457017381306	0.744950997183244	0.164	0.104	1	chr2-237478704-237480497	3
0.1374802275751	0.753232565198364	0.176	0.113	1	chr3-29609055-29610116	3
0.138025378791783	0.851119282000976	0.152	0.096	1	chr1-23726654-23728335	3
0.138393806608113	0.657276970154971	0.194	0.13	1	chr9-35517710-35519731	3
0.138657868219087	0.409687033280081	0.418	0.374	1	chr1-225921467-225925105	3
0.138711829788582	0.86548893173452	0.152	0.096	1	chr6-24359625-24360714	3
0.138744706871545	0.633826457713615	0.17	0.104	1	chr5-113487362-113489364	3
0.138781611943744	0.77323086531592	0.164	0.104	1	chr14-23305779-23307764	3
0.13887448473617	0.637405740918111	0.261	0.2	1	chr6-71419507-71421629	3
0.139263909771813	0.433271156734182	0.382	0.313	1	chr1-45499334-45502539	3
0.139336566879087	0.417726414287238	0.424	0.365	1	chr1-222617377-222624018	3
0.139940166106913	0.64913711607138	0.218	0.157	1	chr5-170861528-170863335	3
0.140119754080818	0.522325604265574	0.255	0.183	1	chr6-80105978-80107409	3
0.140398019969818	0.760628287216677	0.182	0.122	1	chr10-3482022-3483218	3
0.140439418433982	0.53312487967236	0.309	0.243	1	chr7-55963922-55967588	3
0.140457364954075	0.480894304082833	0.321	0.252	1	chr1-234372807-234374412	3
0.141036516176713	0.727647510282148	0.182	0.122	1	chr4-1725981-1728774	3
0.141175106743456	0.658339433021939	0.194	0.13	1	chr12-123632720-123634909	3
0.141366827983285	0.556042122285143	0.242	0.174	1	chr2-3574708-3576472	3
0.141677242130933	0.689169710884193	0.182	0.122	1	chr5-38659849-38660862	3
0.142013262219248	0.739170822867856	0.176	0.113	1	chr1-67759754-67761595	3
0.142478272739387	0.660242664464866	0.236	0.174	1	chr6-7973524-7976460	3
0.142484942742953	0.576477350367308	0.248	0.174	1	chr12-31072805-31074963	3
0.142701921784997	0.55875058811286	0.236	0.165	1	chr6-8434705-8436306	3
0.143217080536026	0.594025067971544	0.206	0.139	1	chr7-155456596-155459392	3
0.143590837626194	0.797217432055275	0.152	0.096	1	chr4-42708321-42710919	3
0.143611309615218	0.419245098843858	0.333	0.243	1	chr5-140690477-140692837	3
0.143794024678129	0.560875934912332	0.218	0.148	1	chr8-119982237-119983793	3
0.14394404386573	0.689437536956696	0.2	0.139	1	chrX-15492415-15494081	3
0.144004379303865	0.669398960825266	0.279	0.243	1	chr6-73652517-73655434	3
0.144004470355199	0.551043719410338	0.291	0.226	1	chr9-89999032-90000731	3
0.144279498714738	0.685583898555664	0.206	0.148	1	chr2-207407315-207409886	3
0.144396632547102	0.577784351875879	0.218	0.148	1	chr6-149544450-149546833	3
0.144520390028639	0.489176104291445	0.321	0.252	1	chr3-11769644-11771745	3
0.144817170900648	0.65104385719505	0.158	0.096	1	chr1-109397367-109399792	3
0.144885360406248	0.819146350141423	0.158	0.104	1	chr1-47558252-47560123	3
0.145679779423735	0.43579105958606	0.303	0.235	1	chr4-146520498-146523248	3
0.145689368271141	0.565661132240111	0.206	0.139	1	chr6-52576351-52577850	3
0.145721700804949	0.834371059280709	0.152	0.096	1	chr1-38950716-38951777	3
0.145817802873348	0.677308016929968	0.2	0.139	1	chr6-70666942-70669801	3
0.145906159988103	0.645895630570635	0.194	0.13	1	chr6-80527177-80528650	3
0.145989339402246	0.670649724520101	0.176	0.113	1	chr1-179585879-179587139	3
0.146121811091348	0.539307227374919	0.303	0.252	1	chr6-136821876-136823668	3
0.146185428245238	0.56102409712908	0.279	0.209	1	chr5-180828765-180833157	3
0.146865854458231	0.448447649015395	0.352	0.296	1	chr1-32758018-32763841	3
0.146936548778318	0.731279300204227	0.164	0.104	1	chr7-74501223-74503337	3
0.147187879170765	0.64694769909004	0.194	0.13	1	chr9-113463224-113466298	3
0.147282785620567	0.74622839075256	0.17	0.113	1	chr1-116202834-116204045	3
0.147309045656629	0.875745129238926	0.176	0.122	1	chr6-83067308-83069328	3
0.147632330763662	0.688360054694331	0.164	0.104	1	chr5-32887003-32889633	3
0.147876688319021	0.771847796152474	0.152	0.096	1	chr5-157914368-157916349	3
0.148208052124312	0.698450777892962	0.182	0.122	1	chr1-151739459-151740963	3
0.148248868440064	0.508649761012608	0.273	0.2	1	chr5-140321394-140324835	3
0.148313781197836	0.625350610513983	0.218	0.157	1	chr14-68306528-68308299	3
0.148330628021186	0.738175615805341	0.164	0.104	1	chr19-16541080-16543606	3
0.148404401519354	0.383422778667503	0.321	0.235	1	chr1-145858184-145861056	3
0.148422969480058	0.595790841698571	0.248	0.183	1	chr8-127329857-127331151	3
0.148616647176813	0.697362141773884	0.206	0.148	1	chr6-96923719-96925507	3
0.149025465335425	0.56840671858141	0.188	0.122	1	chr19-33024274-33027207	3
0.149102688069551	0.454063901101506	0.327	0.261	1	chr5-178230517-178233408	3
0.149126904582001	0.610691735633667	0.194	0.13	1	chr1-10774048-10777152	3
0.149247998338489	0.400839962145197	0.455	0.417	1	chr6-138226674-138233227	3
0.149326819553307	0.776442185866622	0.152	0.096	1	chr6-119347663-119351334	3
0.149541384713122	0.685630339738916	0.182	0.122	1	chrX-91434395-91435772	3
0.149676045231762	0.470862732880125	0.267	0.191	1	chr1-20784629-20788412	3
0.149777516702112	0.632768969376757	0.194	0.13	1	chr3-169966097-169967805	3
0.149966722726843	0.39803258854329	0.303	0.217	1	chr3-49015760-49019173	3
0.150050065331207	0.615482724514113	0.176	0.113	1	chr3-192851450-192852690	3
0.15005469354534	0.519755714567497	0.285	0.217	1	chr1-15615563-15619261	3
0.150094034321698	0.722019553264469	0.188	0.13	1	chr1-219173383-219175563	3
0.150505620645124	0.675421443343964	0.206	0.148	1	chr5-32329070-32332344	3
0.150521462793449	0.624050269198749	0.158	0.096	1	chr13-21296879-21299604	3
0.150735148368943	0.7062897412712	0.176	0.113	1	chr3-72152242-72153697	3
0.150872019647637	0.508937354352431	0.315	0.27	1	chr6-11229404-11233650	3
0.151413118700615	0.760653281780381	0.17	0.113	1	chr18-75070336-75071702	3
0.151522330576374	0.719221889298869	0.152	0.096	1	chr3-196168552-196169611	3
0.151563712353303	0.550259707811715	0.236	0.165	1	chr20-58888052-58893063	3
0.151742346593701	0.613246310989939	0.194	0.13	1	chr2-135049720-135053235	3
0.152235480942665	0.640567798090624	0.182	0.122	1	chr10-76033130-76034317	3
0.152302664382085	0.348033989992369	0.527	0.539	1	chr1-220784438-220788357	3
0.152305572850974	0.542865298900379	0.273	0.217	1	chr14-95338957-95341004	3
0.153437982232226	0.360958846726553	0.424	0.33	1	chr4-184745562-184751442	3
0.153499946823601	0.668383171306661	0.2	0.139	1	chr3-138113274-138116344	3
0.153708163541685	0.625535732700263	0.212	0.148	1	chr7-96709024-96710385	3
0.15374234330752	0.728656172300789	0.152	0.096	1	chr17-17684809-17686987	3
0.154271005595506	0.529417263861866	0.23	0.165	1	chrX-132488253-132490512	3
0.154655044049444	0.398622367497651	0.382	0.322	1	chr1-222710299-222714469	3
0.155060596363935	0.639072565956769	0.194	0.13	1	chr1-41860319-41863324	3
0.155236032564478	0.729060293580527	0.152	0.096	1	chr4-37720507-37722693	3
0.155281291290311	0.490505834099077	0.279	0.217	1	chr1-27601195-27604665	3
0.15545297621996	0.70952745550496	0.164	0.104	1	chr2-45823349-45824507	3
0.155631102462986	0.761861391218357	0.17	0.113	1	chr1-7770607-7772463	3
0.155986996765655	0.753535787249746	0.152	0.096	1	chr12-121672038-121673639	3
0.156129907226678	0.58560606156497	0.23	0.165	1	chr1-911121-922402	3
0.15645829318816	0.566155703831033	0.236	0.165	1	chr1-180173437-180175130	3
0.15674071412573	0.742264086190123	0.152	0.096	1	chr16-67641637-67643047	3
0.156768139316451	0.603339084963787	0.23	0.174	1	chr12-132621939-132624401	3
0.157918784954217	0.49739897422235	0.352	0.278	1	chr9-19048189-19050750	3
0.158121168488428	0.614948663715256	0.2	0.139	1	chr1-12380270-12382017	3
0.158569643762986	0.512209415442389	0.303	0.252	1	chr6-75283539-75285854	3
0.158663826964609	0.561049218955381	0.267	0.2	1	chr6-149453665-149455579	3
0.159104184116738	0.489718164775071	0.285	0.217	1	chr3-42488777-42491103	3
0.159110108018188	0.697473173220186	0.164	0.104	1	chr1-156692135-156694976	3
0.159265767156653	0.549352198244209	0.23	0.165	1	chr1-109180642-109182282	3
0.159321382172938	0.533219997765128	0.261	0.191	1	chr4-103018611-103020388	3
0.159531539567961	0.64287579817696	0.188	0.13	1	chr1-193767378-193768698	3
0.159783216085381	0.795897603175515	0.152	0.096	1	chr6-167906700-167907485	3
0.159834698998165	0.637573330821713	0.182	0.122	1	chr1-19010029-19011833	3
0.159842028895439	0.60590397296588	0.236	0.174	1	chr16-2085189-2090713	3
0.159859483091817	0.609739703841377	0.176	0.113	1	chr12-101617945-101620958	3
0.159892234793897	0.640454566532407	0.23	0.174	1	chr10-21172191-21175687	3
0.159937674061967	0.716437575041498	0.17	0.113	1	chr11-118868605-118871142	3
0.160046023050775	0.794014487731725	0.158	0.104	1	chr9-119801297-119803349	3
0.160664113475669	0.706040539508673	0.17	0.113	1	chr14-91113552-91116544	3
0.160834105657901	0.316805255946669	0.394	0.304	1	chr1-88682786-88685626	3
0.160995560598939	0.527520565487585	0.242	0.174	1	chr16-50591245-50593135	3
0.161335422674698	0.66800944720954	0.164	0.104	1	chr22-28817913-28820108	3
0.161424889580962	0.354522176473778	0.473	0.435	1	chr1-9908907-9911528	3
0.161726010630444	0.579749293348079	0.236	0.174	1	chr7-151459321-151460976	3
0.162013944224559	0.578171373461204	0.273	0.209	1	chr3-10010439-10011784	3
0.162082393793462	0.593092332709032	0.164	0.104	1	chr14-102045961-102047061	3
0.162858391626878	0.74089716373954	0.17	0.113	1	chrX-130165082-130167188	3
0.163425813233255	0.471171941273229	0.279	0.217	1	chr1-3794845-3797523	3
0.163446895173491	0.383328992338883	0.352	0.287	1	chr2-236569209-236586359	3
0.163594818212168	0.71160686634516	0.17	0.113	1	chr4-69983626-69984840	3
0.163826534783004	0.74890143508317	0.158	0.104	1	chr3-138328680-138330287	3
0.164063598172874	0.514355978843242	0.267	0.2	1	chr4-185424921-185426715	3
0.16445960895977	0.667313425281436	0.194	0.139	1	chr1-206469402-206471448	3
0.164735237025778	0.703108101339433	0.176	0.122	1	chr10-103792688-103795028	3
0.165075197037965	0.68680413915754	0.17	0.113	1	chr1-234107108-234108340	3
0.165128288403435	0.808925586595922	0.164	0.113	1	chr19-52094542-52096233	3
0.165214747541002	0.691833523454279	0.152	0.096	1	chr10-114179503-114181117	3
0.165467766956013	0.393736321300038	0.358	0.287	1	chr10-112360339-112363529	3
0.165594871078058	0.651074569103453	0.2	0.139	1	chr7-47978461-47979933	3
0.165626592004567	0.729296355732243	0.2	0.148	1	chr12-15788151-15790257	3
0.165831350506824	0.657543060109691	0.188	0.13	1	chr6-69795887-69797655	3
0.165866793657298	0.394056869693949	0.4	0.339	1	chr2-195656267-195660712	3
0.166001892167698	0.669356802133274	0.152	0.096	1	chr1-177584991-177586338	3
0.166034170306159	0.542925140570132	0.248	0.191	1	chr6-13486184-13488305	3
0.166262821123075	0.640428723110339	0.182	0.122	1	chr10-104300303-104301461	3
0.166294417070126	0.474076391144177	0.224	0.157	1	chr1-16205851-16207439	3
0.166791854264912	0.75931695829347	0.152	0.096	1	chr17-14205710-14206836	3
0.166899090268801	0.705165083622242	0.158	0.104	1	chr8-103298168-103299988	3
0.167584638642513	0.642316030923212	0.152	0.096	1	chr19-24052751-24055085	3
0.167661870927439	0.725612135550533	0.176	0.122	1	chr2-75152990-75155043	3
0.167700031751078	0.714222920999489	0.182	0.13	1	chr6-31794144-31796525	3
0.16845151622686	0.709519877215572	0.158	0.104	1	chr3-4466372-4467769	3
0.168462199724321	0.525292891083057	0.261	0.2	1	chrX-154540597-154543653	3
0.16848331388356	0.350758428264394	0.339	0.252	1	chr1-43536010-43538405	3
0.168647083143074	0.599476511293375	0.176	0.113	1	chr3-14143840-14145837	3
0.168663098874328	0.492990835345156	0.273	0.209	1	chr6-18386147-18389763	3
0.169053923255058	0.488908916353578	0.327	0.27	1	chr1-217629158-217632126	3
0.169178693375984	0.712271812470479	0.152	0.096	1	chr4-37661922-37663763	3
0.169178693375984	0.705412330517994	0.152	0.096	1	chr12-109722963-109724378	3
0.169315597537222	0.566418795704556	0.224	0.165	1	chr7-2732589-2733796	3
0.169368619534158	0.744124898945528	0.194	0.139	1	chr7-127583668-127586175	3
0.169429345119151	0.544517506619294	0.236	0.174	1	chr7-25949622-25952039	3
0.169605033922404	0.600117474373524	0.212	0.148	1	chr17-1480383-1483032	3
0.169781898925951	0.577240708082265	0.2	0.139	1	chr8-144426519-144430128	3
0.169882347857351	0.634709570104225	0.176	0.122	1	chr6-40395069-40397499	3
0.171195067710526	0.613354016420806	0.2	0.139	1	chrX-40580056-40581723	3
0.171284421429112	0.594790928621089	0.255	0.209	1	chr1-119779261-119780877	3
0.171362668960595	0.378456384453852	0.358	0.296	1	chr7-149194837-149198252	3
0.171654597759892	0.471708368085252	0.224	0.157	1	chr14-42192515-42194299	3
0.172999743191976	0.521282571764957	0.273	0.209	1	chr10-64573126-64575191	3
0.173382715126722	0.624169977439133	0.236	0.174	1	chr17-17876618-17878789	3
0.173557516174264	0.737661381487416	0.182	0.13	1	chr6-138571254-138573240	3
0.174231041942469	0.380658667350307	0.345	0.287	1	chr4-186722780-186727547	3
0.174327399773892	0.272820107089739	0.564	0.496	1	chr1-235502181-235506615	3
0.17476970269614	0.736933677553874	0.158	0.104	1	chr2-120469440-120471158	3
0.174923706705728	0.41065782412074	0.321	0.261	1	chr1-23554320-23560086	3
0.174944357313031	0.678791794076913	0.17	0.113	1	chr5-44001038-44003621	3
0.175429095338299	0.52007204352303	0.291	0.235	1	chr7-131326825-131329624	3
0.175515267536031	0.457603674614745	0.321	0.261	1	chr1-229624523-229627372	3
0.175571752290472	0.678069146557137	0.158	0.104	1	chr1-47030571-47031912	3
0.175840643756667	0.668339753898707	0.194	0.139	1	chr9-109012060-109014075	3
0.176376544294592	0.771442693791047	0.158	0.104	1	chr17-40176224-40177936	3
0.176676013055452	0.709439936214467	0.176	0.122	1	chr1-235082973-235084570	3
0.177126987551278	0.565308128722842	0.218	0.157	1	chr1-52140859-52143235	3
0.177443188754282	0.663503617212291	0.176	0.122	1	chr13-112725200-112728282	3
0.177593126077408	0.339362309555911	0.376	0.304	1	chr6-3355047-3358260	3
0.178370837954047	0.29389066993803	0.461	0.4	1	chr3-93979357-93980948	3
0.178471152139042	0.602129601410655	0.212	0.157	1	chr7-151917528-151919255	3
0.1784989225234	0.354172924378876	0.479	0.443	1	chr1-183469798-183473562	3
0.178499904032009	0.442561866841357	0.358	0.304	1	chr1-154417264-154421162	3
0.178831351291287	0.429777934956542	0.303	0.235	1	chr1-47436350-47438376	3
0.178984978181712	0.727732058528684	0.176	0.122	1	chr3-37594575-37596200	3
0.179060203415172	0.512118115677647	0.333	0.278	1	chr1-224929135-224930877	3
0.179088793793571	0.456454588708606	0.23	0.165	1	chr3-48471470-48473873	3
0.179088793793571	0.580003078138892	0.23	0.165	1	chr13-20566232-20568340	3
0.179125273835213	0.741464930713622	0.194	0.148	1	chr7-116780457-116781816	3
0.179348295005109	0.451866118488021	0.327	0.261	1	chr4-15681000-15683282	3
0.180468681830334	0.598439831173325	0.182	0.122	1	chr1-156851504-156853396	3
0.18065686248332	0.594039632509735	0.152	0.096	1	chr10-74206284-74207506	3
0.18078369941153	0.417720681318921	0.37	0.304	1	chr1-7960397-7962356	3
0.180970698353013	0.427908124820608	0.248	0.183	1	chr16-69725556-69727488	3
0.181000612624477	0.577786514906697	0.194	0.139	1	chr1-3942395-3943549	3
0.181315321782721	0.798077934170246	0.17	0.122	1	chr12-110344079-110345947	3
0.181316310990671	0.68409514821746	0.176	0.122	1	chr22-40651328-40652832	3
0.181465926975954	0.809272111339603	0.164	0.113	1	chr1-243487131-243489063	3
0.181976806537178	0.462970849186871	0.327	0.27	1	chr1-93446462-93449843	3
0.18198256545268	0.602224097903847	0.242	0.191	1	chrX-108090572-108092659	3
0.182179751931394	0.410591417558657	0.273	0.2	1	chr1-207315797-207317383	3
0.182818922404802	0.699885812791076	0.194	0.148	1	chr6-107027695-107029278	3
0.182830787286071	0.608861793009438	0.17	0.113	1	chr1-94321458-94323160	3
0.183877823874619	0.540356384750777	0.267	0.217	1	chr21-36698036-36702019	3
0.184173828008708	0.503284536716365	0.188	0.122	1	chr12-132188958-132191476	3
0.18420518517698	0.563367626884862	0.212	0.157	1	chr2-96887514-96889223	3
0.184459713850242	0.725589438325247	0.176	0.122	1	chr7-87423643-87424883	3
0.185073973706855	0.452658017273078	0.297	0.243	1	chr5-32231882-32234979	3
0.185379486447521	0.647833735079808	0.224	0.174	1	chr1-39025643-39027729	3
0.185411455691285	0.704233941651659	0.158	0.104	1	chr1-202134445-202135997	3
0.185411455691285	0.630651039653451	0.158	0.104	1	chr14-81535385-81537888	3
0.185723222442467	0.535480735262183	0.164	0.104	1	chr6-3402372-3404150	3
0.185842618189571	0.505282396234618	0.279	0.217	1	chr6-96896648-96899525	3
0.186058093654246	0.605235054959489	0.17	0.113	1	chr12-76558532-76560500	3
0.186092918696966	0.733150608116113	0.17	0.122	1	chr4-153248601-153250272	3
0.186390694328871	0.551653247882001	0.218	0.157	1	chr12-76346965-76349194	3
0.186712717282828	0.593182880051324	0.182	0.122	1	chr8-85106419-85108314	3
0.187034403328596	0.572649124472382	0.194	0.139	1	chr6-40996149-40999951	3
0.187090304420727	0.646652422875835	0.158	0.104	1	chr5-96702371-96704307	3
0.18733785854537	0.419786464289901	0.333	0.27	1	chr1-100132174-100134011	3
0.187835663447748	0.456004578411225	0.273	0.209	1	chr1-36373473-36375348	3
0.187933926763624	0.675732657794926	0.158	0.104	1	chr16-31476528-31478560	3
0.189058743212767	0.554571218247799	0.164	0.104	1	chr7-38908413-38909500	3
0.190276615365144	0.52616907821501	0.242	0.183	1	chr12-74536990-74540402	3
0.190375060150754	0.482427443173747	0.2	0.139	1	chr1-228212815-228214255	3
0.190867208784274	0.627464886709077	0.176	0.122	1	chr1-234893826-234895045	3
0.191806878810332	0.623605785786261	0.17	0.113	1	chr1-43545215-43546789	3
0.19230594174158	0.537997046492672	0.182	0.122	1	chr6-150004384-150005987	3
0.193054679857156	0.58661936272455	0.158	0.104	1	chr4-20787755-20790204	3
0.193466344085065	0.562598963191952	0.23	0.183	1	chr1-42657304-42659581	3
0.193473137804317	0.551378236315699	0.17	0.113	1	chr14-81399780-81401447	3
0.193797277679618	0.408972657578196	0.37	0.33	1	chr1-227945111-227948967	3
0.193918011322917	0.632082810968408	0.158	0.104	1	chr1-182317225-182318728	3
0.193998527466302	0.554063014000823	0.194	0.139	1	chr6-169750954-169753260	3
0.194038483801619	0.43000838851189	0.285	0.217	1	chr1-37930952-37932633	3
0.194188148397928	0.513172946249182	0.236	0.174	1	chr1-1079250-1080714	3
0.194207918931991	0.35220429699674	0.461	0.417	1	chr1-112704134-112707986	3
0.194472669302979	0.486003909562269	0.273	0.226	1	chr5-134647617-134649958	3
0.194503222227234	0.605831823543565	0.188	0.13	1	chr9-110089133-110090669	3
0.194522263371721	0.514205868062269	0.206	0.148	1	chr6-11434004-11435526	3
0.194568634573258	0.437092763382951	0.267	0.209	1	chr3-158570444-158571935	3
0.194697121382845	0.68021921375112	0.164	0.113	1	chr1-49346238-49347803	3
0.194954229637017	0.654779082893816	0.176	0.122	1	chr3-52770084-52771721	3
0.195036306393157	0.533336969424814	0.255	0.2	1	chr1-78003227-78006129	3
0.195164788162371	0.600850963383708	0.242	0.191	1	chr17-47955248-47958888	3
0.195255490558284	0.472890915319437	0.267	0.209	1	chr3-121228645-121233412	3
0.195290023198652	0.551588490824433	0.206	0.148	1	chr3-45966944-45968982	3
0.195454134669802	0.448574778765877	0.309	0.243	1	chr5-1879779-1884439	3
0.195571635985923	0.543424420248021	0.194	0.139	1	chr4-6673003-6675332	3
0.196080062254674	0.496899502098262	0.224	0.165	1	chr3-48738920-48741154	3
0.196220960499863	0.740240670132814	0.152	0.104	1	chr1-32611784-32612906	3
0.196240829249236	0.471492488470227	0.273	0.217	1	chr3-196711447-196713585	3
0.19639954836332	0.71912076030099	0.164	0.113	1	chr1-206585873-206588144	3
0.196606886721538	0.633099638433393	0.176	0.122	1	chr8-141153540-141154810	3
0.196686128838402	0.526722852686524	0.23	0.174	1	chr6-33787611-33789648	3
0.196753266582996	0.319715084911322	0.43	0.348	1	chr6-116570579-116573299	3
0.197129326392257	0.683318887356724	0.2	0.148	1	chr7-98877633-98880487	3
0.197702232151517	0.638431730399971	0.182	0.13	1	chr7-69653916-69655630	3
0.198021376785436	0.491243543393286	0.182	0.122	1	chr2-3379271-3380739	3
0.198045739060712	0.355333104766438	0.406	0.357	1	chr1-224502145-224504469	3
0.199134985341402	0.615740712956883	0.212	0.157	1	chr12-6612573-6614629	3
0.199193784842788	0.452237659857843	0.23	0.165	1	chr17-50093992-50096408	3
0.19968034105841	0.509941717222165	0.248	0.191	1	chr2-233480045-233482844	3
0.199916524525698	0.372621251641281	0.43	0.383	1	chr4-139553937-139558216	3
0.200163214943661	0.609262644648386	0.182	0.13	1	chr19-37931618-37932899	3
0.200664037137422	0.424529270566779	0.206	0.139	1	chr1-175022404-175024083	3
0.200896288889003	0.726373172809368	0.188	0.139	1	chr7-23298656-23300255	3
0.200983162352071	0.670185554506302	0.17	0.122	1	chr6-149845173-149848156	3
0.20112909970746	0.523037157285002	0.23	0.174	1	chr2-231056319-231060134	3
0.201383220531642	0.471542013709329	0.297	0.243	1	chr1-233613289-233616304	3
0.201797676640364	0.589022188408317	0.188	0.13	1	chr1-221230022-221231277	3
0.201815832870871	0.60229026833672	0.158	0.104	1	chr12-54032219-54034440	3
0.201816249835898	0.64569401777704	0.182	0.13	1	chr10-43648027-43649573	3
0.201957598893	0.546383155887708	0.194	0.139	1	chr8-66924215-66926154	3
0.202939248198931	0.73665064544086	0.194	0.148	1	chr9-133133351-133134570	3
0.203044587613002	0.509206859759548	0.279	0.217	1	chr3-127303860-127305093	3
0.203320141438871	0.631921113135893	0.176	0.122	1	chr4-28313263-28315498	3
0.203939878672947	0.436250557791079	0.279	0.226	1	chr11-86954451-86956938	3
0.204087105503261	0.446491656793065	0.297	0.243	1	chr10-122018378-122022333	3
0.204195493894093	0.688475141354173	0.164	0.113	1	chr6-116059546-116061409	3
0.204407033575089	0.683385418592893	0.17	0.122	1	chr6-34695040-34697577	3
0.204563799458023	0.497730064252966	0.212	0.157	1	chr6-145266617-145268004	3
0.204676997066935	0.53198883768224	0.206	0.148	1	chr7-157336205-157338582	3
0.204947808812026	0.486166967645302	0.248	0.183	1	chr21-15729168-15733079	3
0.205143082676721	0.415127640045053	0.291	0.217	1	chr1-109213360-109216983	3
0.205269592675111	0.720923354594627	0.17	0.122	1	chr6-42889896-42891524	3
0.205569057427474	0.412707946797582	0.242	0.174	1	chr12-121753610-121755671	3
0.206035687327379	0.442521151936831	0.309	0.252	1	chr13-29922910-29926208	3
0.206134651936269	0.583799006665967	0.212	0.157	1	chr9-34650999-34653469	3
0.206435128890391	0.573200994323798	0.194	0.139	1	chr9-34124856-34127441	3
0.206635680386144	0.672242792029434	0.188	0.139	1	chr10-96513151-96514732	3
0.207182143997023	0.581682766464073	0.152	0.096	1	chr9-96048155-96049969	3
0.207235760444963	0.419942195709297	0.267	0.2	1	chr1-231527720-231529353	3
0.208527923848921	0.678938929834362	0.182	0.13	1	chr12-50724134-50726251	3
0.209030775590561	0.620058490695511	0.158	0.104	1	chr5-16588019-16590202	3
0.209098207975321	0.70239657097499	0.158	0.113	1	chr1-107534586-107537074	3
0.209823094400326	0.550018998382012	0.182	0.122	1	chr1-200619712-200621623	3
0.210152101045128	0.549529970707474	0.194	0.139	1	chr2-121754847-121756994	3
0.210338883039338	0.549717496589446	0.242	0.183	1	chr17-35241912-35244227	3
0.210712827231648	0.657306685722585	0.152	0.104	1	chr1-154185964-154187534	3
0.210962175301695	0.46015909396797	0.297	0.243	1	chr1-161201062-161203223	3
0.211005787396479	0.568741683696275	0.23	0.174	1	chr3-130848778-130852089	3
0.211085906482101	0.633589429217753	0.182	0.13	1	chrX-75273390-75275227	3
0.211114677321482	0.6094815586235	0.206	0.148	1	chr6-53347154-53350460	3
0.211515883463569	0.320930897556931	0.43	0.374	1	chr1-46300398-46305837	3
0.211643620869731	0.68083570104597	0.152	0.104	1	chr11-75476136-75477819	3
0.212108703010161	0.593632593236668	0.23	0.183	1	chr2-241506773-241509750	3
0.212577382852515	0.706052085797154	0.152	0.104	1	chr6-89351189-89353338	3
0.212577382852515	0.673146886728481	0.152	0.104	1	chr11-111730737-111731928	3
0.212608013144804	0.471743302548378	0.279	0.217	1	chr7-76045445-76049614	3
0.212654096123992	0.592297594113046	0.206	0.157	1	chr19-32372606-32374745	3
0.212707535296908	0.568153797217611	0.158	0.104	1	chr12-121132406-121133715	3
0.212746596291448	0.45475021066774	0.206	0.148	1	chr1-204515724-204517263	3
0.212979867871102	0.495673763352331	0.285	0.235	1	chr12-105106552-105108641	3
0.213111800830396	0.363657070920826	0.327	0.252	1	chr6-75746014-75750917	3
0.213119004159024	0.634587617888522	0.164	0.113	1	chr4-44448340-44449640	3
0.213514116559366	0.742641878769336	0.152	0.104	1	chr1-66929528-66931224	3
0.213514116559366	0.649036532266424	0.152	0.104	1	chr6-82876927-82878195	3
0.213832630046915	0.269112501259102	0.491	0.443	1	chr1-244450360-244452896	3
0.214119732597902	0.468390396866792	0.212	0.157	1	chr6-51472416-51474996	3
0.214430174081722	0.454383197543211	0.236	0.174	1	chr11-2256289-2257940	3
0.215039931370124	0.384784901231088	0.194	0.13	1	chr3-150703488-150704503	3
0.216029712587817	0.499881504538526	0.194	0.139	1	chr4-112112498-112114193	3
0.216109273096428	0.50005407428934	0.17	0.113	1	chr19-8220065-8222137	3
0.217290835234094	0.710740498693479	0.152	0.104	1	chr1-158177234-158178508	3
0.217608594316437	0.608147094903895	0.188	0.139	1	chr3-53879759-53882666	3
0.217692957373344	0.473348133939034	0.273	0.226	1	chr12-98592604-98596078	3
0.217954598129828	0.453585884515772	0.261	0.2	1	chr12-27709716-27711983	3
0.218018522171976	0.565301424921431	0.182	0.13	1	chr1-145998098-146000324	3
0.218191367288601	0.496763836546518	0.2	0.148	1	chr1-156060471-156062349	3
0.218194912248228	0.527845899812167	0.212	0.157	1	chr1-58941645-58943624	3
0.21827522469438	0.74878207989113	0.158	0.113	1	chr14-68172014-68174330	3
0.218838521820102	0.521627797282948	0.23	0.174	1	chr3-87225714-87228700	3
0.218931832434433	0.362103992868873	0.352	0.278	1	chr6-27471717-27474125	3
0.21899723335789	0.454009009939968	0.273	0.217	1	chr7-1558226-1560325	3
0.219161730019911	0.399153913389303	0.279	0.217	1	chr6-43170286-43172982	3
0.219295672194796	0.576645241811883	0.224	0.174	1	chr2-18559400-18561234	3
0.221067544146029	0.60580953651309	0.188	0.139	1	chr6-46129007-46130648	3
0.22111536451763	0.640312170982121	0.152	0.104	1	chr6-30206553-30208523	3
0.22111536451763	0.680715918618394	0.152	0.104	1	chr12-47705169-47707221	3
0.22125040731468	0.607117805078847	0.17	0.122	1	chr2-75646142-75648190	3
0.221282832878214	0.33344880037525	0.37	0.304	1	chr3-134484160-134487740	3
0.221397938587963	0.520494399753386	0.255	0.2	1	chr3-49718716-49721596	3
0.22173291504724	0.497315663372257	0.176	0.122	1	chr1-150567430-150569273	3
0.222047765274738	0.392507872585787	0.267	0.2	1	chr7-134986024-134987506	3
0.222433574857373	0.58117285877751	0.182	0.13	1	chr1-27141075-27142943	3
0.22282959168599	0.367290268028993	0.321	0.261	1	chr1-30823303-30825077	3
0.223045621746602	0.668063590188767	0.152	0.104	1	chr3-37853181-37854505	3
0.223098873291248	0.363664471649415	0.236	0.174	1	chr3-61560336-61563148	3
0.223347005109134	0.496728346414983	0.279	0.226	1	chr7-90766442-90768629	3
0.223804705340211	0.367884519904932	0.382	0.339	1	chr1-183021761-183025153	3
0.223993363925372	0.50065001135638	0.212	0.157	1	chr11-2375096-2378495	3
0.224458047598666	0.530413152018238	0.176	0.122	1	chr11-65556942-65561086	3
0.225308041667101	0.476430036900681	0.236	0.183	1	chr17-29928875-29931797	3
0.225676815476971	0.373105389858338	0.291	0.226	1	chr1-74732430-74734510	3
0.225726191312575	0.451098454674225	0.273	0.217	1	chr5-119451977-119453717	3
0.225866438849247	0.475369739762741	0.261	0.209	1	chr1-77758191-77760374	3
0.226239271403259	0.722551561519994	0.164	0.122	1	chr1-62706860-62708443	3
0.226658977050269	0.416134796396428	0.242	0.183	1	chr5-56908996-56911007	3
0.227026704262196	0.607640435713176	0.164	0.113	1	chr13-23374904-23376194	3
0.227241350356801	0.415879592880969	0.273	0.217	1	chr1-108691203-108693827	3
0.227512365710199	0.419840616040725	0.285	0.226	1	chr10-12194520-12197656	3
0.227549447679693	0.433240774460869	0.188	0.13	1	chr1-213986495-213988960	3
0.227587691263484	0.502275825511285	0.255	0.2	1	chr12-1605077-1608633	3
0.227738156589898	0.643585982310785	0.158	0.113	1	chr6-37696949-37699426	3
0.228204061111945	0.284829974656303	0.461	0.4	1	chr12-113220440-113223705	3
0.228717339127412	0.383334253665473	0.345	0.304	1	chr1-155561876-155564845	3
0.2296174875782	0.393305495895414	0.303	0.235	1	chr6-44245370-44249623	3
0.22985585245242	0.396295390898195	0.315	0.261	1	chr4-13482986-13485342	3
0.229901162440006	0.450165060349367	0.212	0.157	1	chr18-36186503-36189262	3
0.230404684541138	0.47130733969098	0.273	0.226	1	chr6-144094577-144096451	3
0.230527798044269	0.474751304668599	0.285	0.235	1	chr18-50280761-50283101	3
0.230754097824806	0.495960630593605	0.212	0.157	1	chr6-128519383-128521527	3
0.230778504542172	0.366085272891419	0.255	0.191	1	chr6-27250809-27252470	3
0.231056106058121	0.559232642813122	0.206	0.157	1	chr6-163412957-163417188	3
0.231099658000793	0.414096573156082	0.297	0.243	1	chr7-107890434-107892481	3
0.232097922012693	0.436902571607084	0.218	0.157	1	chr1-36088288-36090178	3
0.232629453758706	0.469216786847631	0.23	0.174	1	chr5-50440211-50442149	3
0.232877804522103	0.622814352770875	0.152	0.104	1	chr1-55693921-55695169	3
0.234065439992839	0.294618292250129	0.333	0.27	1	chr2-182714514-182717107	3
0.234533865415238	0.697282460083278	0.158	0.113	1	chr1-51616722-51617930	3
0.234880582718513	0.604504458095755	0.152	0.104	1	chr2-171893570-171894922	3
0.234955529345966	0.382255640024946	0.212	0.148	1	chr9-95425734-95427454	3
0.235175428041139	0.544269805558988	0.194	0.148	1	chr1-21633727-21635403	3
0.235675731125167	0.569406057882769	0.164	0.113	1	chr10-118341653-118342982	3
0.235962107074703	0.444957732997539	0.23	0.174	1	chr1-8024867-8027190	3
0.236172910618999	0.512217187366044	0.194	0.139	1	chr3-184017152-184018668	3
0.236544254280588	0.457580227240814	0.285	0.243	1	chr12-55926113-55928666	3
0.236564469208433	0.504682556151949	0.224	0.174	1	chr3-139343541-139345263	3
0.236703626236202	0.664783031859976	0.164	0.122	1	chr2-20465560-20467804	3
0.237101962477231	0.514004629918932	0.255	0.2	1	chr19-29675163-29679380	3
0.237866696811546	0.604002580770803	0.194	0.148	1	chr16-74605859-74607852	3
0.238036530802797	0.575759436102749	0.188	0.139	1	chr7-98135752-98138039	3
0.238328054601938	0.459185060134285	0.206	0.148	1	chr4-7033710-7035537	3
0.238364297353608	0.453602254409028	0.236	0.183	1	chr9-120570945-120573018	3
0.238870826009921	0.413806520033954	0.248	0.191	1	chr15-90046528-90048861	3
0.238895150425239	0.495570709929495	0.194	0.139	1	chr8-131903356-131905329	3
0.239342795374122	0.372957153453109	0.37	0.322	1	chr5-146446649-146449590	3
0.239395607562546	0.45318870189483	0.176	0.122	1	chr1-17437501-17442297	3
0.23969465309749	0.3039133848096	0.376	0.313	1	chr2-20446624-20451574	3
0.239874994963349	0.530766079738018	0.188	0.139	1	chr9-111597726-111600255	3
0.240024654997952	0.267781156469764	0.358	0.287	1	chr1-12018810-12020534	3
0.240110105676249	0.64268272742873	0.176	0.13	1	chr16-73070191-73072089	3
0.240175231756973	0.44227918555528	0.23	0.174	1	chr16-84115890-84118009	3
0.240961995833303	0.593493267196051	0.152	0.104	1	chr5-139642577-139644603	3
0.240998604427426	0.599258695185166	0.17	0.122	1	chr14-30621085-30623009	3
0.241260818986003	0.359600771249863	0.436	0.426	1	chr1-228081119-228086087	3
0.241569749079147	0.638341831906168	0.164	0.113	1	chr14-105397449-105399724	3
0.24196901277021	0.539884275470302	0.17	0.122	1	chr4-705198-706410	3
0.242047324875194	0.485128463250666	0.212	0.157	1	chr16-81598509-81603328	3
0.242254259905342	0.388851376025718	0.339	0.287	1	chr1-11261811-11263437	3
0.24247480356622	0.648433126480376	0.158	0.113	1	chr17-82238418-82240840	3
0.243575648877256	0.402033839673821	0.297	0.261	1	chr2-203238367-203240263	3
0.24427168999847	0.342082397973941	0.388	0.339	1	chr1-220044791-220047300	3
0.245077375751758	0.558404307622536	0.152	0.104	1	chr8-106059485-106061074	3
0.245279712337484	0.303609848752086	0.497	0.452	1	chr1-36382994-36387481	3
0.24543212710595	0.453369174985021	0.23	0.183	1	chr5-169141931-169143479	3
0.245449902646273	0.529692990092952	0.188	0.139	1	chr6-42217182-42218434	3
0.245479949579171	0.454002715145944	0.248	0.191	1	chr5-122844216-122848140	3
0.245816900430664	0.336797849450961	0.333	0.27	1	chr3-195269703-195272310	3
0.246107435402996	0.35526187364235	0.309	0.261	1	chr1-197145579-197147416	3
0.246376240660595	0.492756621537677	0.242	0.191	1	chr5-16735366-16737052	3
0.246409508754493	0.568176751454448	0.2	0.157	1	chr17-20008739-20011178	3
0.246932618271348	0.511897310606154	0.206	0.157	1	chr18-56650078-56652431	3
0.247025997568511	0.408398100076049	0.23	0.174	1	chr3-149376642-149379284	3
0.247153456083109	0.609817625669703	0.152	0.104	1	chr3-139915968-139917323	3
0.248634517375586	0.399102750375622	0.297	0.243	1	chr16-57618278-57622987	3
0.249304840194575	0.48602626998622	0.182	0.13	1	chr2-230712112-230714542	3
0.249854423055098	0.358664227851398	0.509	0.487	1	chr1-211257029-211261667	3
0.250602957397137	0.583616893520733	0.158	0.113	1	chr1-44404875-44406763	3
0.250607278087162	0.358847841186614	0.352	0.296	1	chr1-247006877-247008561	3
0.250696389063205	0.609847328945767	0.176	0.13	1	chr3-30904107-30906343	3
0.251489113724443	0.386305906199059	0.309	0.261	1	chr19-55639003-55644767	3
0.252089950319657	0.330680812025366	0.388	0.339	1	chr1-179080865-179083524	3
0.252314843471235	0.430627712605061	0.242	0.191	1	chr1-16235934-16238338	3
0.252826468000012	0.556944412365498	0.2	0.157	1	chr3-42507014-42508322	3
0.252838257733446	0.442606621293571	0.194	0.139	1	chr14-94080049-94082057	3
0.253046307110795	0.335053473825977	0.352	0.287	1	chr12-56722051-56726056	3
0.253182170084281	0.530226879766037	0.182	0.13	1	chr2-65055578-65057885	3
0.253308579831583	0.515393230393015	0.206	0.157	1	chr11-10899269-10901094	3
0.253699511634624	0.619187219271972	0.158	0.113	1	chr6-158059856-158061519	3
0.253699511634624	0.616623701745077	0.158	0.113	1	chr9-98848107-98849218	3
0.254012474209388	0.428828173720897	0.23	0.174	1	chr19-36007786-36010152	3
0.254597391145354	0.534775181877555	0.218	0.174	1	chr16-89343595-89347400	3
0.25473759114761	0.585873442126235	0.158	0.113	1	chr1-10108113-10110002	3
0.25473759114761	0.668500490254243	0.158	0.113	1	chr6-692155-693616	3
0.254966085925436	0.506404490084269	0.23	0.183	1	chr7-104982398-104985088	3
0.255267559718425	0.428161239997418	0.255	0.2	1	chr1-56578122-56579986	3
0.255585453352389	0.412363297641815	0.267	0.2	1	chr1-217088997-217090748	3
0.255663958833113	0.424735970295788	0.224	0.174	1	chr2-98907934-98910305	3
0.255843972228285	0.551809278047837	0.17	0.122	1	chr2-226791165-226792760	3
0.255912876041893	0.327842375888592	0.406	0.348	1	chr1-84502928-84507349	3
0.256298785393756	0.434412530929835	0.236	0.183	1	chr1-25996904-25998868	3
0.256606114887183	0.553706160243031	0.176	0.13	1	chr5-55437699-55439437	3
0.256606114887183	0.607933983393803	0.176	0.13	1	chr13-114064091-114065920	3
0.256952912389158	0.36047496115346	0.327	0.261	1	chr3-53890764-53892782	3
0.257341460024667	0.359306289390294	0.321	0.27	1	chr4-788408-795118	3
0.257480709869551	0.597386533143418	0.2	0.157	1	chr9-136857685-136861332	3
0.258021165670035	0.343568092974482	0.37	0.296	1	chr8-67061218-67065537	3
0.258791969596551	0.53597971358314	0.152	0.104	1	chr9-116686212-116688217	3
0.258909015859878	0.718910434439003	0.152	0.113	1	chr3-188163914-188164880	3
0.259383757415924	0.515330001702619	0.23	0.183	1	chr7-87219199-87221552	3
0.259535266956989	0.478017512679298	0.194	0.139	1	chr1-156599647-156602253	3
0.259907845143754	0.546773938273535	0.17	0.122	1	chr9-122912304-122914011	3
0.259972285790524	0.605316229985265	0.158	0.113	1	chr14-93084557-93087083	3
0.260019243383407	0.439581143561066	0.212	0.165	1	chr1-18463988-18465285	3
0.260970489466713	0.463175473799917	0.242	0.191	1	chr6-53064380-53069206	3
0.261028097014215	0.595921306477877	0.158	0.113	1	chr11-102279491-102280888	3
0.261443256660213	0.687408782065686	0.164	0.13	1	chr6-72182284-72183443	3
0.261687535760439	0.46447317201001	0.242	0.2	1	chr3-112404975-112411000	3
0.261934080718259	0.650540207187236	0.182	0.139	1	chr1-162497337-162498855	3
0.262745285898904	0.536694972695861	0.218	0.174	1	chr6-83859207-83860611	3
0.262970891313678	0.420057064315334	0.255	0.2	1	chr1-23958686-23960674	3
0.263058609640147	0.425250012202917	0.182	0.13	1	chr1-201373784-201382780	3
0.26311684998025	0.525825828122087	0.152	0.104	1	chr13-113012935-113015069	3
0.263389244960344	0.497870639275841	0.224	0.183	1	chr21-32611082-32613877	3
0.26362220219217	0.56060688126229	0.176	0.13	1	chr5-160399038-160400644	3
0.263952148263162	0.458905172051129	0.273	0.235	1	chr6-5259476-5262589	3
0.2640161870082	0.530348949822275	0.17	0.122	1	chr12-21437191-21438566	3
0.26420582040328	0.538621328164382	0.152	0.104	1	chr1-221620287-221622024	3
0.264635202285891	0.598001572203511	0.176	0.13	1	chr7-12403057-12404838	3
0.265280974651186	0.598063523945466	0.158	0.113	1	chr12-31077957-31079274	3
0.265500830882771	0.552645060204274	0.218	0.174	1	chr11-134033351-134035782	3
0.265590796189355	0.473333911494708	0.212	0.165	1	chr18-46468106-46470282	3
0.265917089572123	0.601410007938133	0.164	0.122	1	chr8-90035952-90037707	3
0.266087065032078	0.51382303027203	0.17	0.122	1	chr10-26696677-26699258	3
0.266337160554228	0.318191127764243	0.37	0.33	1	chr7-66994433-66997507	3
0.266669243265183	0.588971703730057	0.176	0.13	1	chr8-40054201-40055898	3
0.267126686010563	0.496035101251331	0.17	0.122	1	chr17-1995574-1998654	3
0.26830628304789	0.389713981300897	0.164	0.113	1	chr12-8031905-8033541	3
0.268325166151601	0.411764615674866	0.194	0.139	1	chr7-76108056-76109721	3
0.268362070008105	0.447383683189803	0.224	0.174	1	chr2-218710450-218711931	3
0.268377425643	0.442224514737462	0.23	0.183	1	chr20-58650560-58653236	3
0.268501793419615	0.536625827788133	0.158	0.113	1	chr5-134366531-134367684	3
0.268670425305488	0.378478957214401	0.358	0.322	1	chr1-203860192-203862718	3
0.268892360938194	0.536997849243011	0.2	0.157	1	chr7-131555382-131557384	3
0.269074879269429	0.529597477019691	0.164	0.122	1	chr1-229171528-229172704	3
0.269116683251758	0.372721167464973	0.273	0.226	1	chr4-184812479-184818232	3
0.26948220285993	0.378820139248895	0.321	0.278	1	chr12-56644667-56646773	3
0.269829345476763	0.418920046005115	0.242	0.191	1	chr10-73601097-73602722	3
0.269998553348563	0.305755823678748	0.242	0.183	1	chr1-99849277-99851097	3
0.270133404417678	0.603812040546075	0.164	0.122	1	chrX-132022489-132024496	3
0.270296134968657	0.466930577801552	0.212	0.165	1	chr7-98085502-98087036	3
0.270804880217123	0.492921997752408	0.152	0.104	1	chr7-27174930-27175930	3
0.270804880217123	0.493511660554885	0.152	0.104	1	chr10-130189826-130191002	3
0.270804880217123	0.525647176852511	0.152	0.104	1	chr12-68405268-68406834	3
0.270917617018602	0.360744192702931	0.273	0.217	1	chr4-184824080-184827370	3
0.271749368006304	0.542933267009763	0.158	0.113	1	chr14-38329080-38330601	3
0.271798719456345	0.557053798387909	0.2	0.157	1	chr1-168225130-168226942	3
0.272014527200856	0.283716845385003	0.382	0.348	1	chr1-1398003-1403187	3
0.272145952258167	0.40986711761348	0.321	0.287	1	chr1-117118606-117122803	3
0.272837845463514	0.574771518266268	0.158	0.113	1	chr13-112990229-112991427	3
0.273013902807964	0.308287698489383	0.315	0.252	1	chr5-61161630-61164282	3
0.273783804307175	0.490804396364984	0.218	0.165	1	chr17-68246942-68248881	3
0.273820991488078	0.382962577420332	0.339	0.304	1	chr14-24091885-24096177	3
0.274799025985065	0.520203424280857	0.224	0.191	1	chr1-77779057-77780595	3
0.274912810920253	0.536853760201916	0.176	0.13	1	chr12-120528436-120530317	3
0.275147604367791	0.338321739063454	0.291	0.235	1	chr2-134118193-134121829	3
0.275481077140165	0.435483836948559	0.303	0.27	1	chr21-25733269-25736822	3
0.276052915483631	0.433148698982558	0.248	0.2	1	chrX-40151665-40155488	3
0.276979132198839	0.433510743297268	0.212	0.165	1	chr1-72281947-72284813	3
0.277000602968114	0.496411693001685	0.176	0.13	1	chr1-230680627-230683409	3
0.27803027653797	0.378660781351135	0.261	0.209	1	chr4-26583314-26584775	3
0.278366378059031	0.404734166415382	0.182	0.13	1	chr7-141071064-141073754	3
0.278515246598259	0.463841349211989	0.23	0.183	1	chr6-138691462-138693933	3
0.27883567473688	0.48153714736643	0.188	0.148	1	chr3-71541195-71543665	3
0.278971040919132	0.439701197538012	0.206	0.157	1	chr2-227324417-227326526	3
0.279431307784431	0.549635060615143	0.158	0.113	1	chr6-27518119-27519916	3
0.280152502811795	0.537105879128303	0.176	0.13	1	chr5-112160261-112162074	3
0.280540662953284	0.546055629252891	0.158	0.113	1	chr3-126654163-126655695	3
0.280848129663119	0.440643064264893	0.212	0.165	1	chr10-102853789-102855001	3
0.280848129663119	0.485629814654225	0.212	0.165	1	chrX-81119955-81122504	3
0.280873956036607	0.569309712476884	0.164	0.122	1	chr6-116667744-116669148	3
0.280873956036607	0.576313288137562	0.164	0.122	1	chr7-151250930-151252891	3
0.281171299759509	0.509743899799848	0.23	0.191	1	chr10-131960656-131964646	3
0.281771461717709	0.333190292862443	0.297	0.252	1	chr6-53111594-53114182	3
0.281872758901597	0.522437555652349	0.194	0.148	1	chr18-59549379-59550838	3
0.281927898523856	0.468319227685427	0.206	0.157	1	chr6-117674612-117676541	3
0.281974910207143	0.511808869039336	0.17	0.122	1	chr6-26222668-26224639	3
0.282968492267172	0.54215036637993	0.17	0.13	1	chr1-246596739-246598270	3
0.283515440895584	0.425854343313293	0.164	0.113	1	chr19-6238042-6240100	3
0.283937838744976	0.540600841024916	0.188	0.148	1	chr1-9384306-9386107	3
0.284640976672634	0.419006827829195	0.2	0.157	1	chr3-75784641-75786158	3
0.284843439491936	0.342257033722165	0.339	0.287	1	chr1-223844723-223847296	3
0.28487551225339	0.333358465240881	0.285	0.235	1	chr3-179347176-179349141	3
0.285250285722483	0.544008394739767	0.164	0.122	1	chr9-119868239-119869435	3
0.28545963426071	0.49560444835897	0.176	0.13	1	chr2-120066502-120068213	3
0.285944840244305	0.513393361211688	0.194	0.148	1	chrX-55160060-55162106	3
0.286049882497028	0.571372147129569	0.224	0.191	1	chr19-21396713-21397916	3
0.286076170421124	0.312542492849562	0.388	0.348	1	chr6-33296871-33300493	3
0.286443926521868	0.289312282109182	0.303	0.235	1	chr16-73052207-73059556	3
0.286587772726035	0.462227650676879	0.255	0.209	1	chr1-109262938-109264362	3
0.28696637844764	0.38869660284227	0.309	0.278	1	chr1-154426991-154430618	3
0.286975202808097	0.35757475851083	0.364	0.33	1	chr2-173963196-173966713	3
0.287029291922108	0.546926742433234	0.188	0.148	1	chr20-52190517-52192867	3
0.287411005854948	0.489920233368848	0.17	0.122	1	chr4-150077700-150079229	3
0.287773231720953	0.327831216573437	0.376	0.313	1	chr3-51387482-51392842	3
0.288047423971478	0.412351830905779	0.285	0.243	1	chr3-48634494-48636224	3
0.288064806800024	0.49029942061868	0.188	0.148	1	chr5-125175282-125176929	3
0.288301380762679	0.339001016917609	0.321	0.278	1	chr1-94782882-94784524	3
0.288562636158475	0.56227067559855	0.164	0.122	1	chr18-22044014-22045859	3
0.28892168145856	0.441666149067177	0.285	0.243	1	chr8-104588048-104590744	3
0.289523140540632	0.561567004049588	0.158	0.113	1	chr10-60171336-60173138	3
0.289664559035225	0.302565822331925	0.376	0.322	1	chr3-174438372-174442610	3
0.289753973283354	0.48986122791403	0.176	0.13	1	chr19-17243455-17247252	3
0.289868381105893	0.466079733609467	0.23	0.183	1	chr14-24187760-24189625	3
0.289887302572646	0.272585291417436	0.303	0.252	1	chr9-109117828-109120592	3
0.290005137303374	0.348625007745405	0.345	0.322	1	chr5-62402519-62405249	3
0.290517013008956	0.441964104672536	0.224	0.183	1	chr4-48602162-48605206	3
0.29067555560442	0.39529803290616	0.285	0.243	1	chr15-69467381-69469495	3
0.290680546120023	0.48464538845719	0.212	0.165	1	chr1-36463325-36465084	3
0.290680546120023	0.439726650362514	0.212	0.165	1	chr5-142981397-142983259	3
0.290706391217396	0.415340576697677	0.17	0.122	1	chr7-158739668-158741658	3
0.291086652781223	0.364257818506994	0.236	0.183	1	chr12-102119159-102121794	3
0.291275746677535	0.46413037948134	0.152	0.104	1	chr19-45369985-45371213	3
0.291327455431967	0.429859457658144	0.279	0.235	1	chr6-42928441-42930777	3
0.291336687804711	0.465413503573898	0.261	0.226	1	chr10-102064665-102067091	3
0.291969419636364	0.473659522652165	0.224	0.183	1	chr11-60903758-60907218	3
0.29307782915044	0.418342038014688	0.224	0.174	1	chr12-10363804-10367428	3
0.293326311973908	0.588396838542134	0.152	0.113	1	chr16-81644950-81646082	3
0.293708376182526	0.348020240132561	0.309	0.252	1	chr1-52402837-52405596	3
0.294091597502683	0.475650662175702	0.176	0.13	1	chr1-9606445-9607740	3
0.294102186515391	0.569130293448517	0.206	0.165	1	chr6-44252153-44258236	3
0.29414062944274	0.558143533342695	0.164	0.122	1	chr1-61141405-61144369	3
0.294443401391701	0.475619466434015	0.23	0.191	1	chr6-104858766-104860647	3
0.294901181189483	0.476866768770461	0.182	0.139	1	chr10-510247-511937	3
0.295140759016487	0.505740139682337	0.218	0.174	1	chr1-63772658-63775249	3
0.295251755315696	0.467326240494552	0.194	0.148	1	chr17-81991232-81993065	3
0.29544208755867	0.383957840026455	0.297	0.27	1	chr1-93584121-93586018	3
0.295660204663116	0.417084802430131	0.23	0.183	1	chr2-191013031-191015040	3
0.295980078489753	0.379696759039026	0.285	0.243	1	chr6-166997456-167000072	3
0.29609837483322	0.275192786129972	0.442	0.383	1	chr16-46882192-46888000	3
0.296254982284589	0.493941571386199	0.17	0.122	1	chr5-131311812-131313554	3
0.296316653288616	0.455327575354036	0.248	0.209	1	chr6-36441058-36444742	3
0.296512077528684	0.452987205780667	0.188	0.139	1	chr6-95576486-95578548	3
0.296632990116149	0.373292673063083	0.23	0.183	1	chr7-74083014-74086008	3
0.296980623849323	0.389055471965677	0.261	0.217	1	chr4-105472900-105474618	3
0.297142108753271	0.392620659264658	0.152	0.104	1	chr16-85490931-85493012	3
0.297521660027227	0.352032879956817	0.182	0.13	1	chr3-15063947-15065841	3
0.297887615242603	0.438953906554541	0.2	0.157	1	chr6-34545033-34548306	3
0.298472550024587	0.490438624980633	0.176	0.13	1	chr4-11622943-11624897	3
0.29864975218798	0.419556704526719	0.188	0.139	1	chr6-29976202-29977604	3
0.298912111894956	0.357350897883088	0.358	0.322	1	chr1-35189746-35194524	3
0.298991541190522	0.317146511933817	0.418	0.374	1	chr1-52054181-52058879	3
0.299218686543697	0.406042232479823	0.2	0.148	1	chr1-100265405-100267390	3
0.299295722724407	0.363944308813052	0.267	0.209	1	chr9-14321751-14323362	3
0.299943216694879	0.350586797518755	0.285	0.235	1	chr11-119360675-119362055	3
0.300391087762248	0.271845520615144	0.315	0.261	1	chr10-37856268-37858773	3
0.300475328681524	0.583213422706036	0.17	0.13	1	chr7-94003447-94005064	3
0.300790417871229	0.555636412700023	0.194	0.157	1	chr6-125985348-125987602	3
0.300853845448149	0.314549712230303	0.321	0.27	1	chr1-226127185-226128898	3
0.301529004971553	0.489897265425812	0.224	0.191	1	chr6-41779349-41781773	3
0.301786720382937	0.461624699397152	0.176	0.13	1	chr1-204213427-204214862	3
0.302376283937234	0.362986860126873	0.315	0.27	1	chr1-58903056-58904597	3
0.302685128250976	0.564009389459314	0.152	0.113	1	chr17-73564503-73565644	3
0.302685128250976	0.615678949210483	0.152	0.113	1	chrX-19989975-19991726	3
0.303329000252558	0.390995375356887	0.236	0.191	1	chr10-17642986-17645062	3
0.303868791505698	0.656326214869103	0.152	0.113	1	chr2-212537004-212539552	3
0.305188385430958	0.5233707060242	0.194	0.165	1	chr2-232234766-232236859	3
0.305431705255241	0.282030245684195	0.503	0.504	1	chr1-207750519-207756523	3
0.305512213813594	0.510812492426124	0.164	0.122	1	chr1-233294846-233296392	3
0.305655817401424	0.554427614173977	0.158	0.122	1	chr19-12783692-12787407	3
0.305664249480862	0.507034312198654	0.218	0.174	1	chr6-133951761-133954386	3
0.305988070234745	0.446929052580886	0.297	0.27	1	chr8-143615991-143618753	3
0.306240962294293	0.430877255726295	0.2	0.157	1	chr3-56782229-56784537	3
0.306469460321969	0.409747831453612	0.273	0.226	1	chr18-54827962-54830675	3
0.30702934107861	0.333650297066864	0.267	0.217	1	chr16-2124005-2129096	3
0.307106789396046	0.322915850347211	0.339	0.296	1	chr6-116277931-116281048	3
0.307214550910117	0.345443708279929	0.285	0.235	1	chr8-102107338-102109287	3
0.307295942455821	0.489699714492678	0.2	0.157	1	chr14-75831158-75833364	3
0.30760076782411	0.332581629704217	0.261	0.2	1	chr1-212487788-212489540	3
0.307877132389571	0.312882998125343	0.327	0.296	1	chr1-1347281-1350130	3
0.307918265366289	0.501945059756128	0.2	0.165	1	chr1-16913365-16914898	3
0.308079021561839	0.38157451036445	0.255	0.209	1	chr1-202957139-202959572	3
0.308269300967668	0.438639284461066	0.224	0.183	1	chr1-206539744-206541389	3
0.308543619668963	0.370996517325863	0.291	0.252	1	chr8-108442751-108444652	3
0.308607862897562	0.408576918786806	0.285	0.243	1	chr14-21510396-21511992	3
0.308676924196338	0.444559428802269	0.248	0.209	1	chr1-1470307-1473446	3
0.309110423951275	0.378813290773205	0.303	0.261	1	chr1-197200162-197202446	3
0.310141428948292	0.465956611669556	0.164	0.122	1	chr1-204087441-204089884	3
0.310872276132071	0.417596016725839	0.2	0.148	1	chr12-66129694-66131701	3
0.311776211977394	0.531461449693458	0.17	0.13	1	chr16-81313632-81316415	3
0.314069583589773	0.537113055997384	0.17	0.13	1	chr3-23575725-23577455	3
0.314468125275691	0.457514730990738	0.194	0.148	1	chr1-31704339-31706751	3
0.314468125275691	0.400408207119248	0.194	0.148	1	chr7-149261255-149263260	3
0.314748112593834	0.425604818294343	0.2	0.157	1	chr6-108294282-108295829	3
0.314816721831971	0.505994116721496	0.164	0.122	1	chr1-37793607-37795960	3
0.315284460853589	0.2609352424067	0.333	0.287	1	chr1-117570641-117572818	3
0.315874377490025	0.488938466059409	0.152	0.113	1	chr2-180691661-180696926	3
0.315874377490025	0.57813960183763	0.152	0.113	1	chr8-73612268-73613563	3
0.316384716878325	0.43577429813061	0.224	0.183	1	chr14-92105140-92107262	3
0.316659094053807	0.330019582114597	0.248	0.191	1	chr10-68073931-68075868	3
0.316860906797943	0.425270893881603	0.182	0.139	1	chr6-3499613-3502615	3
0.31717165057599	0.54444552179722	0.164	0.122	1	chr14-75126052-75128054	3
0.317530394398649	0.47513702408212	0.17	0.13	1	chr16-77414559-77415629	3
0.318147082711243	0.367128758892254	0.303	0.261	1	chr2-219497561-219499342	3
0.318413578933104	0.337821238065318	0.255	0.2	1	chr1-61724206-61725880	3
0.318575862141011	0.36029194656469	0.23	0.183	1	chr1-98660859-98663374	3
0.318733850558567	0.480991908810629	0.212	0.174	1	chr10-17199207-17202138	3
0.319191482573661	0.478173288388638	0.188	0.148	1	chr5-178859434-178860752	3
0.31953597495103	0.535121908028663	0.152	0.113	1	chr1-161037663-161039789	3
0.320139319360659	0.280408735229415	0.327	0.296	1	chr8-78665258-78666991	3
0.322527371389601	0.403350268121178	0.285	0.243	1	chr16-69328710-69331303	3
0.323353755961174	0.501402198046728	0.17	0.13	1	chr5-139658627-139660794	3
0.32340914342729	0.396957517024437	0.2	0.157	1	chr10-97583739-97585495	3
0.324065907483077	0.311043734541881	0.345	0.296	1	chr1-108746093-108747824	3
0.324485728958611	0.286235507547819	0.224	0.174	1	chr7-100544613-100548400	3
0.324485728958611	0.506905648675513	0.218	0.183	1	chr6-44236890-44238730	3
0.325359672232798	0.353761088368721	0.285	0.243	1	chr12-92928119-92931021	3
0.325410250904337	0.399410040266224	0.267	0.235	1	chr3-131025758-131027663	3
0.325899496073601	0.340016980171772	0.285	0.235	1	chr8-80029076-80030881	3
0.32609948111104	0.488339493734481	0.2	0.165	1	chr17-64496002-64499196	3
0.326685437253022	0.513836218316055	0.194	0.157	1	chr13-48232383-48234311	3
0.327084086257683	0.499148691177048	0.182	0.139	1	chr6-111604219-111607305	3
0.328033497257896	0.29303280969883	0.37	0.33	1	chr3-128079572-128086152	3
0.328033497257896	0.379008154029002	0.364	0.339	1	chr5-128081515-128084687	3
0.328128675650544	0.313412756749203	0.339	0.296	1	chr2-218269379-218271756	3
0.329109191297377	0.463688712752609	0.248	0.217	1	chr2-74843983-74846644	3
0.329119113027553	0.476158141777401	0.164	0.122	1	chr1-171141004-171143414	3
0.329344580124504	0.436678119074142	0.212	0.174	1	chr1-228734829-228736827	3
0.330136462652177	0.31405986853504	0.297	0.252	1	chr6-18154249-18156593	3
0.330183593197067	0.32232123643137	0.315	0.27	1	chr1-201113506-201115342	3
0.330329697176178	0.416032218098799	0.164	0.122	1	chr1-248730439-248731683	3
0.330448133618985	0.322281170204388	0.327	0.287	1	chr4-184802657-184809094	3
0.331107439824118	0.303859502497109	0.315	0.27	1	chr1-147171094-147173273	3
0.331445292109541	0.274873655552948	0.152	0.104	1	chr7-103446893-103448286	3
0.33194103213803	0.463688987505978	0.152	0.113	1	chr2-237581451-237582956	3
0.332379196650947	0.398377660343977	0.248	0.209	1	chr3-152268052-152270842	3
0.332504134634069	0.517757585823958	0.218	0.191	1	chr12-132827505-132829639	3
0.332692609024894	0.490221230415041	0.188	0.148	1	chr3-59049311-59050640	3
0.333125851244076	0.363501629431365	0.315	0.287	1	chr2-170928369-170930939	3
0.333206474643615	0.560352332733687	0.158	0.122	1	chr6-29632185-29633906	3
0.333231882820501	0.422412280002624	0.206	0.157	1	chr2-237966184-237967959	3
0.333598364261714	0.3785782435889	0.23	0.191	1	chr5-179804721-179807893	3
0.334442422918446	0.428321528022848	0.352	0.33	1	chr7-50745691-50794203	3
0.335133108772661	0.343047460462721	0.267	0.226	1	chr1-108961849-108964139	3
0.335404757921685	0.56617670509707	0.182	0.148	1	chr1-11934120-11935391	3
0.335569265027555	0.441759357592371	0.2	0.157	1	chr12-47752844-47756085	3
0.335722441023418	0.512486287182795	0.152	0.113	1	chr8-100680531-100682164	3
0.336119950048316	0.564409749258056	0.206	0.174	1	chrX-96684089-96686667	3
0.336124689597698	0.472585018184996	0.188	0.148	1	chr6-46651773-46653779	3
0.33642578685465	0.453424312326804	0.164	0.122	1	chr1-94246732-94248495	3
0.336989049302842	0.503151852026412	0.152	0.113	1	chr7-127843274-127846369	3
0.33762040058859	0.397119211347078	0.309	0.278	1	chr1-84689253-84691865	3
0.338258725926191	0.514426830044034	0.152	0.113	1	chr12-120263704-120266369	3
0.338418151422303	0.384452233589198	0.352	0.313	1	chr3-40451382-40454031	3
0.338657324090515	0.29884905787798	0.176	0.13	1	chr16-31712167-31714836	3
0.338863406315483	0.328039213693797	0.212	0.165	1	chr6-43575151-43577405	3
0.339362988596072	0.352483861130164	0.224	0.174	1	chr3-113513746-113516540	3
0.339398135333088	0.291211554736616	0.291	0.252	1	chr2-70140836-70143968	3
0.339401544054602	0.527120609975775	0.158	0.122	1	chr7-77684903-77686034	3
0.339907584878119	0.460970162837538	0.23	0.191	1	chr1-99969254-99971223	3
0.34056525662846	0.36022762879214	0.273	0.235	1	chr19-37593554-37595764	3
0.340736107268151	0.42845826291611	0.188	0.148	1	chr7-101321073-101322742	3
0.340736107268151	0.40399346872131	0.188	0.148	1	chr12-11728876-11731227	3
0.340966510968938	0.379825020676804	0.23	0.191	1	chr4-16222749-16228811	3
0.341044421020342	0.44446280389433	0.182	0.139	1	chr6-12007503-12009658	3
0.341217707421865	0.504191037700372	0.182	0.148	1	chr6-41733696-41736333	3
0.341296382688857	0.291590526700154	0.394	0.357	1	chr10-35640284-35643640	3
0.34207611050542	0.453352342978607	0.261	0.226	1	chr9-133333670-133336925	3
0.343719778413037	0.387742887149366	0.224	0.183	1	chr17-60077582-60080045	3
0.344221135588106	0.548595003792026	0.188	0.148	1	chr7-107563077-107564845	3
0.344800965296627	0.417275436695578	0.194	0.148	1	chr7-812470-814059	3
0.344899438319576	0.327121548591164	0.158	0.113	1	chr1-109493361-109494750	3
0.345696177029279	0.375117992336591	0.248	0.209	1	chr4-686668-689992	3
0.345883171292715	0.394882650246155	0.224	0.183	1	chr3-39051377-39052986	3
0.346389987747098	0.506712747074278	0.2	0.174	1	chr1-26959166-26961320	3
0.346502336604391	0.403091556995871	0.236	0.2	1	chr1-225997931-226000199	3
0.346557081428685	0.457553175913474	0.188	0.148	1	chr17-59963753-59965519	3
0.347774719274866	0.34203439235953	0.248	0.209	1	chr6-4017319-4019484	3
0.348090991824699	0.285224791932573	0.242	0.191	1	chr6-108847696-108849234	3
0.348108541435198	0.342620503599358	0.358	0.33	1	chr18-36827927-36830539	3
0.348401204471102	0.278005632742014	0.364	0.339	1	chr18-62185898-62188989	3
0.349181166310297	0.494500492214128	0.176	0.139	1	chr7-22672782-22674021	3
0.349181166310297	0.468979093170689	0.176	0.139	1	chr9-124220457-124221740	3
0.349785677633842	0.315620881070437	0.309	0.261	1	chr12-48955946-48958440	3
0.35009016509423	0.412745761659746	0.164	0.122	1	chr18-267235-269319	3
0.350390338398663	0.502901722077708	0.176	0.139	1	chr6-53060479-53062816	3
0.351244356360522	0.396238342118065	0.212	0.174	1	chr6-159691247-159694685	3
0.351244356360522	0.408672118003036	0.212	0.174	1	chr12-120234407-120236342	3
0.351259173493962	0.350106765966546	0.188	0.148	1	chr17-30970452-30972085	3
0.351259173493962	0.409745745619267	0.188	0.148	1	chr17-78933271-78934991	3
0.351569022892082	0.400978259541915	0.248	0.217	1	chr9-104746969-104749011	3
0.351787045122397	0.345566998485431	0.194	0.148	1	chr6-17599818-17601759	3
0.35248269094506	0.552076007993916	0.164	0.13	1	chr2-45649447-45652135	3
0.353563061599672	0.409088540705518	0.218	0.183	1	chr1-114580984-114582379	3
0.353733898982661	0.416341784836131	0.152	0.113	1	chr4-961684-964342	3
0.354190221696442	0.382586346503374	0.236	0.191	1	chr9-129035970-129037542	3
0.355154633598373	0.426117964800882	0.194	0.157	1	chr6-143842594-143844329	3
0.356240936846353	0.319985149289132	0.273	0.226	1	chr4-169009206-169011020	3
0.356717596072987	0.289195525019276	0.23	0.183	1	chr1-45348010-45350070	3
0.356927325951459	0.26126646607637	0.339	0.304	1	chr1-201954711-201956955	3
0.358379698933373	0.339760612030972	0.345	0.313	1	chr1-156470431-156472797	3
0.358584862588025	0.348486313235276	0.285	0.243	1	chr5-139272608-139277035	3
0.358676665432592	0.299043954971328	0.248	0.2	1	chr1-151839151-151840922	3
0.359340903795848	0.379572273252472	0.236	0.2	1	chr3-194852731-194855546	3
0.3593734697948	0.538127759576696	0.17	0.139	1	chr1-47926306-47927895	3
0.359609736244896	0.454772302348786	0.206	0.174	1	chr21-36319589-36322331	3
0.35974467433823	0.41355721836427	0.17	0.13	1	chr9-129320118-129322760	3
0.360694823544469	0.281679703394097	0.303	0.243	1	chr9-136051109-136053701	3
0.361899416536659	0.430661002809209	0.206	0.174	1	chr1-225453591-225455216	3
0.362689133465855	0.355715581616775	0.182	0.139	1	chr6-168196099-168197248	3
0.362912076748377	0.272304981387278	0.303	0.261	1	chr12-56686375-56689528	3
0.363408563014691	0.351319162780224	0.297	0.27	1	chr9-137126888-137130663	3
0.363690586746061	0.390777962959634	0.23	0.191	1	chr3-188947452-188949156	3
0.364232288203027	0.325401756867323	0.339	0.296	1	chr1-1272013-1274615	3
0.364329333962766	0.540631212556012	0.152	0.122	1	chr6-158643744-158645604	3
0.364397173282438	0.391618624233908	0.188	0.148	1	chr4-24596699-24598795	3
0.364776241891589	0.392421199629494	0.255	0.217	1	chr13-27449151-27452122	3
0.365084665052716	0.457614374341575	0.23	0.2	1	chr5-154937027-154938845	3
0.365629209882828	0.420749898584833	0.152	0.113	1	chr6-31399211-31401807	3
0.36633098675501	0.535087155945798	0.182	0.148	1	chr8-102685133-102686654	3
0.366999206854816	0.393740742082422	0.218	0.183	1	chr13-21175443-21178040	3
0.367000400837786	0.350537596045748	0.206	0.165	1	chr7-99464826-99466678	3
0.367320317851222	0.403211699875957	0.17	0.13	1	chr2-18800033-18801209	3
0.367692449660133	0.498774851214435	0.164	0.13	1	chr17-78973945-78976135	3
0.367952932190326	0.357615827006712	0.303	0.278	1	chr12-6276838-6280732	3
0.368438665671209	0.361574244958429	0.327	0.296	1	chr6-145734438-145737304	3
0.368464768235691	0.371714580240504	0.261	0.217	1	chr1-28580215-28582696	3
0.369120424357392	0.398487221602182	0.224	0.183	1	chr6-126053230-126055627	3
0.369336715051209	0.414605821244355	0.206	0.165	1	chr12-49322174-49323676	3
0.369689925522341	0.262809689535143	0.327	0.278	1	chr4-118834805-118837188	3
0.370097136453446	0.390029443027358	0.176	0.139	1	chr13-98482515-98485515	3
0.370157476522207	0.437707514176817	0.158	0.122	1	chr2-45938344-45940459	3
0.370584615916163	0.290423385686314	0.164	0.122	1	chr2-171158833-171161883	3
0.371289919352495	0.499602730269423	0.17	0.139	1	chr1-197485340-197487486	3
0.371471095741213	0.367730821649728	0.23	0.191	1	chr2-237730289-237736165	3
0.371557839476782	0.591193258100362	0.164	0.13	1	chr3-101512022-101513793	3
0.373447145126348	0.387628015628932	0.297	0.278	1	chr14-99553781-99556519	3
0.373553189865734	0.301574865832331	0.273	0.217	1	chr12-15881640-15883854	3
0.373708702415949	0.425282937774691	0.17	0.13	1	chr11-18062760-18064458	3
0.373789495518199	0.338851587371528	0.2	0.157	1	chr12-56487217-56488943	3
0.375399696906298	0.305542956381885	0.309	0.278	1	chr12-120228037-120232589	3
0.375482462602467	0.339397505165584	0.261	0.209	1	chr3-125373752-125376599	3
0.376189341554585	0.302973153284189	0.2	0.157	1	chr13-42271170-42272961	3
0.376283192962035	0.381429483652853	0.17	0.13	1	chr5-159518045-159519686	3
0.376326355978468	0.458060054781165	0.2	0.165	1	chr2-165792985-165795413	3
0.377282332414536	0.396249816516176	0.218	0.183	1	chr1-228107801-228110501	3
0.377595989823134	0.422285059171006	0.236	0.209	1	chr1-201504367-201508003	3
0.378033965025272	0.27315992533666	0.376	0.357	1	chr14-105465424-105469880	3
0.378108968262541	0.433180960386725	0.158	0.122	1	chr21-37563106-37564956	3
0.378222317115968	0.292605322061311	0.224	0.183	1	chr1-234917733-234919909	3
0.379203113211515	0.253244280983623	0.448	0.426	1	chr1-248857175-248860279	3
0.380522371950736	0.309351024733229	0.297	0.261	1	chr6-7234624-7237231	3
0.380549984470198	0.298256907409003	0.273	0.235	1	chr3-88148667-88150810	3
0.381321637068603	0.285460972531298	0.291	0.243	1	chr14-57609142-57612709	3
0.381393045863181	0.348995609420429	0.236	0.2	1	chr3-45841120-45844050	3
0.381710816038274	0.52136236956536	0.152	0.122	1	chr2-16739802-16740994	3
0.381710816038274	0.492403400679144	0.152	0.122	1	chr9-122809017-122811077	3
0.381872992777899	0.395700553422762	0.152	0.113	1	chr1-153626747-153628017	3
0.382767151399087	0.465539506199516	0.17	0.13	1	chr1-1872584-1874091	3
0.382936509534169	0.295949153623243	0.273	0.226	1	chr10-119024874-119027350	3
0.383068602150767	0.522605179841332	0.152	0.122	1	chr16-67922279-67924874	3
0.383071173216092	0.397512124891923	0.218	0.183	1	chr12-6383325-6385506	3
0.383697268638239	0.394087157841067	0.182	0.148	1	chrX-16869054-16871745	3
0.384037058196324	0.418508577934972	0.176	0.139	1	chr2-218671094-218672751	3
0.384047261714809	0.360433560235923	0.188	0.148	1	chr9-83816829-83818419	3
0.384771077715756	0.349954587569146	0.236	0.2	1	chr17-78735425-78737415	3
0.384781178303552	0.359827473630258	0.267	0.226	1	chr19-4342272-4344157	3
0.385587223242297	0.421572210672961	0.182	0.148	1	chr17-82241361-82244783	3
0.385945392273361	0.463827693167105	0.164	0.13	1	chr2-191357907-191359149	3
0.386401856676143	0.428288659282637	0.261	0.235	1	chr1-117590162-117592893	3
0.3864341553082	0.521889254215873	0.158	0.13	1	chr2-224268198-224269340	3
0.387270011554677	0.440048793158149	0.164	0.13	1	chr11-34167370-34169990	3
0.38749201574435	0.299193917760881	0.285	0.243	1	chr16-72092698-72094680	3
0.388529094763477	0.471803924671745	0.152	0.122	1	chr6-139264874-139266249	3
0.388735156638786	0.280932904234491	0.242	0.191	1	chr2-42359139-42362605	3
0.389557772624559	0.480670753507917	0.194	0.165	1	chr3-50600614-50603215	3
0.389687359683641	0.360940008338667	0.255	0.217	1	chr2-183078163-183079829	3
0.390231729442782	0.436381277246025	0.158	0.122	1	chr2-101001588-101003768	3
0.390373333014873	0.339230532040592	0.273	0.243	1	chr6-8101301-8103291	3
0.390412140173038	0.327650492661026	0.333	0.296	1	chr7-93231280-93233050	3
0.391423224551678	0.375941294476979	0.2	0.165	1	chr19-52048249-52049794	3
0.391732650177934	0.373416586726064	0.212	0.174	1	chr12-115324902-115326631	3
0.392419071726914	0.254107688779512	0.339	0.287	1	chr5-172858689-172861779	3
0.392929594366243	0.38582111606775	0.212	0.174	1	chr3-50163603-50168888	3
0.393290058523321	0.306215786690167	0.303	0.278	1	chr1-45303052-45305176	3
0.395054660537441	0.385866175957434	0.194	0.157	1	chrX-54639116-54641364	3
0.395379877391619	0.322242835146852	0.188	0.148	1	chr19-21141626-21142707	3
0.395847504245748	0.350086159407734	0.17	0.139	1	chr6-157198180-157199409	3
0.395847504245748	0.522475524175523	0.17	0.139	1	chr11-1261222-1263345	3
0.396984608139408	0.395158232127719	0.176	0.139	1	chr6-146904557-146906303	3
0.397226846204844	0.509075457445171	0.158	0.13	1	chr7-45690348-45692253	3
0.397615986204136	0.256168709956458	0.23	0.183	1	chr19-4454790-4458372	3
0.397966467604699	0.409143280186947	0.164	0.13	1	chr2-239108647-239110800	3
0.398089203401485	0.4594969558392	0.2	0.174	1	chr14-61524069-61528036	3
0.398180904899156	0.350501532414244	0.2	0.165	1	chr1-27934528-27936003	3
0.398332710021141	0.269126634926073	0.364	0.33	1	chr6-109093653-109096461	3
0.398605714248572	0.28358211986138	0.17	0.13	1	chr2-62293264-62294398	3
0.399767823852093	0.415888897250263	0.206	0.174	1	chr1-225412419-225414108	3
0.399841242199285	0.497009807849135	0.182	0.157	1	chr4-163165280-163167548	3
0.400167882879488	0.37187543760253	0.23	0.2	1	chr1-31412687-31415243	3
0.400761577876214	0.355765394592142	0.218	0.183	1	chr2-197433567-197436534	3
0.401033565246468	0.321431731269562	0.273	0.235	1	chr14-35045008-35047332	3
0.401894638198467	0.427912577912458	0.188	0.157	1	chr7-4774561-4776535	3
0.402584333033303	0.345173453374914	0.261	0.226	1	chr18-68714157-68716015	3
0.402789332300236	0.267526334832644	0.152	0.113	1	chr4-56742252-56744304	3
0.403009141250578	0.401115860383887	0.206	0.165	1	chr12-132493164-132496260	3
0.404063663033701	0.555776499602105	0.158	0.13	1	chr10-124791103-124792778	3
0.40471302193692	0.428293474403853	0.212	0.183	1	chr1-230867415-230869486	3
0.405449844174688	0.367236203878603	0.182	0.148	1	chr13-50357007-50358845	3
0.40610444474123	0.427166135476212	0.164	0.13	1	chr21-44299340-44301169	3
0.40637120875794	0.346911275005755	0.267	0.235	1	chr4-120065758-120068237	3
0.406389777308036	0.393200198052722	0.194	0.157	1	chr12-62259125-62261520	3
0.406474467272185	0.433060197212893	0.17	0.139	1	chr5-16615360-16617586	3
0.406722893357677	0.370393530041971	0.206	0.165	1	chr12-106985552-106988303	3
0.406751949166589	0.43788358711294	0.182	0.148	1	chr19-54207692-54210718	3
0.408358573642334	0.390989805079078	0.206	0.174	1	chr6-26473405-26475451	3
0.408839031376194	0.421474433626631	0.164	0.13	1	chr1-16895805-16897604	3
0.408859658646418	0.344159574636201	0.176	0.139	1	chr5-140340347-140342194	3
0.409210033619134	0.311239350231326	0.206	0.165	1	chr1-112673303-112675900	3
0.409389137013992	0.414370537511507	0.2	0.165	1	chr1-234309196-234310573	3
0.409502353454724	0.312609237883551	0.188	0.148	1	chr9-112064649-112066786	3
0.410086823080897	0.298588009004108	0.267	0.226	1	chr9-75228821-75230927	3
0.410151326612567	0.563840753785281	0.182	0.157	1	chr7-66681308-66683147	3
0.41050307404726	0.425199194910247	0.17	0.139	1	chr1-40449524-40450907	3
0.410686536169825	0.266197564712673	0.315	0.278	1	chr3-28240586-28242539	3
0.410696976199749	0.318757556951012	0.248	0.217	1	chr8-86513890-86515994	3
0.410953991647005	0.371421230350038	0.158	0.122	1	chr19-10193779-10195563	3
0.411645552844769	0.360737703769577	0.242	0.209	1	chr16-74295731-74298958	3
0.411794998501682	0.430798452673222	0.176	0.148	1	chr1-51567241-51570630	3
0.411851196558633	0.413238414602233	0.17	0.139	1	chrX-119870315-119872876	3
0.411900543506625	0.256698284393547	0.376	0.348	1	chr6-131627530-131632212	3
0.411905106511104	0.355372880201878	0.2	0.165	1	chr2-70084800-70090084	3
0.412101910282001	0.354163627298452	0.188	0.148	1	chr5-154682131-154683882	3
0.412943751287301	0.3979501675747	0.236	0.209	1	chr3-13894986-13897001	3
0.413973149301781	0.268547057613726	0.242	0.209	1	chr12-57428924-57431636	3
0.414115713295769	0.298198103359565	0.242	0.2	1	chr1-155206585-155209864	3
0.414561597285913	0.315072970817351	0.206	0.174	1	chr6-105402117-105404057	3
0.414564228966269	0.316086481829718	0.321	0.296	1	chr1-117928386-117931264	3
0.414807330735097	0.258197162840468	0.236	0.2	1	chr1-99644547-99646728	3
0.415147916149583	0.444280520120267	0.158	0.13	1	chr1-168121206-168122720	3
0.415698819195597	0.37316999142168	0.212	0.183	1	chr1-182788503-182790425	3
0.415723275475942	0.368289865516391	0.164	0.13	1	chr10-123742882-123745261	3
0.415970411077613	0.30099749607443	0.315	0.278	1	chr6-154508300-154512306	3
0.416725553032018	0.281059709897514	0.206	0.165	1	chr3-9969478-9971871	3
0.4171473874936	0.479812041157155	0.194	0.165	1	chr10-116741821-116743622	3
0.417612842551444	0.300197178980496	0.248	0.217	1	chr1-74197461-74199264	3
0.417710371335905	0.346578096870351	0.321	0.296	1	chr6-147202081-147205253	3
0.418240332937565	0.304565461562107	0.176	0.139	1	chr2-96637404-96638913	3
0.418547870241223	0.38271865515742	0.261	0.235	1	chr1-211381926-211383850	3
0.418811941641434	0.340065876827749	0.394	0.4	1	chr1-93845474-93848713	3
0.419209378587519	0.324472589448326	0.194	0.157	1	chr20-31942126-31944467	3
0.419405849277237	0.296765318083322	0.309	0.296	1	chr1-201307372-201311253	3
0.41978824192903	0.420109665120101	0.176	0.148	1	chr1-151762655-151764358	3
0.419819517464297	0.318642339313214	0.212	0.174	1	chr1-161176474-161178222	3
0.419959073311808	0.2661010163451	0.188	0.148	1	chr16-46918499-46922761	3
0.420290717208683	0.368174468881891	0.23	0.191	1	chr1-201888025-201889428	3
0.420777307125184	0.288224798249022	0.248	0.209	1	chr14-92039143-92041598	3
0.421488201791284	0.302860605373868	0.303	0.27	1	chr8-133248969-133250723	3
0.422060305207998	0.328682542303229	0.2	0.165	1	chr3-4522912-4525108	3
0.422556441653697	0.406916776017419	0.188	0.157	1	chr7-159139732-159142187	3
0.422730381571285	0.473203978975391	0.17	0.139	1	chr1-204127214-204130869	3
0.423237632167739	0.314531251816747	0.182	0.148	1	chr1-23799334-23802099	3
0.423339943779122	0.317304490750923	0.2	0.165	1	chr3-28018250-28020684	3
0.424195008848306	0.280554302174844	0.327	0.296	1	chr7-134315001-134318041	3
0.424992450931093	0.489965987332147	0.158	0.13	1	chr2-32945776-32948085	3
0.425097438785922	0.395939819963119	0.212	0.191	1	chr6-19804060-19805495	3
0.425473182777618	0.296183005226241	0.248	0.209	1	chr3-48300321-48302322	3
0.425473182777618	0.35726066138016	0.242	0.217	1	chr12-123583226-123585882	3
0.42634358272453	0.317341315238093	0.23	0.191	1	chr9-63816752-63818557	3
0.426402805006804	0.36004523578678	0.261	0.226	1	chr3-23112432-23116496	3
0.426557427434838	0.315465830673369	0.158	0.122	1	chr7-112159941-112163062	3
0.428065052287651	0.498506150443482	0.152	0.122	1	chr6-12331286-12332598	3
0.428322804218639	0.332999946344723	0.194	0.157	1	chr8-80872990-80875254	3
0.428481155047195	0.377949520700657	0.2	0.165	1	chr21-17818204-17820491	3
0.428597086272427	0.350419042794768	0.206	0.183	1	chr18-73188971-73190894	3
0.429252938987915	0.448782089645814	0.158	0.13	1	chr18-66320017-66321846	3
0.430199513615217	0.268792225079243	0.248	0.209	1	chr5-60944271-60946549	3
0.430331223528279	0.305617027660436	0.236	0.2	1	chr7-149064800-149066452	3
0.430613719088317	0.302479090351372	0.182	0.148	1	chr4-44725374-44727464	3
0.430654924966139	0.251191275635045	0.364	0.322	1	chr1-111754736-111756950	3
0.43171903063488	0.25062100935892	0.267	0.226	1	chr9-72575918-72579740	3
0.431979601011611	0.381730738017096	0.242	0.217	1	chr1-38872556-38874206	3
0.432107003457212	0.471137672902023	0.158	0.13	1	chr3-46404857-46406321	3
0.432125689625403	0.294848013981154	0.309	0.27	1	chr1-178092864-178095136	3
0.432574063829913	0.253183850988057	0.248	0.209	1	chr1-223142324-223144176	3
0.433538147821593	0.44636745779375	0.158	0.13	1	chr2-127810013-127812002	3
0.433764178675629	0.332249223660478	0.248	0.209	1	chr1-214515822-214517561	3
0.433848854791838	0.264852248532419	0.358	0.322	1	chr6-27892124-27895964	3
0.434956184169609	0.317839677607559	0.242	0.217	1	chr12-57771202-57773506	3
0.434958472774301	0.262815062856592	0.2	0.165	1	chr17-52418746-52420249	3
0.436045571329357	0.533146026467727	0.176	0.148	1	chr17-19647014-19649518	3
0.436307809832256	0.369137776513985	0.218	0.191	1	chr20-25039402-25040939	3
0.436583336017392	0.30297898062416	0.255	0.217	1	chr4-6639619-6643686	3
0.436618411419599	0.284976680024973	0.37	0.357	1	chr1-201395879-201401412	3
0.437203612847008	0.297145291016523	0.23	0.2	1	chr15-89164028-89166082	3
0.438722487478712	0.325990873488474	0.267	0.243	1	chr1-31643804-31645835	3
0.438842156540635	0.285422181974288	0.218	0.183	1	chr7-36036406-36038613	3
0.438842156540635	0.256418187180274	0.218	0.183	1	chr14-20412271-20414135	3
0.438871842869228	0.31164260253733	0.2	0.165	1	chr16-67226457-67227739	3
0.438951181166329	0.298682313202322	0.255	0.217	1	chr12-45215154-45218311	3
0.438951181166329	0.275326511432962	0.255	0.217	1	chr16-19715457-19719210	3
0.439265012133246	0.423985554665961	0.273	0.243	1	chr6-79076212-79080133	3
0.439777013358165	0.399286479275814	0.152	0.122	1	chr9-136409494-136411377	3
0.440554633398405	0.416457944786385	0.194	0.165	1	chr2-131104005-131107035	3
0.441055565595642	0.30810398534102	0.206	0.165	1	chr12-110613356-110614866	3
0.441544296184611	0.460880596327548	0.176	0.148	1	chr7-6270748-6273986	3
0.442563745666083	0.297033963637995	0.291	0.261	1	chr7-141737097-141739179	3
0.44280536468415	0.284617198617699	0.2	0.165	1	chr5-6377353-6379299	3
0.442924670572962	0.28544584238047	0.345	0.322	1	chr1-47313072-47315148	3
0.443632607678965	0.450834494413913	0.158	0.13	1	chr4-38563739-38566696	3
0.443663128247006	0.396916129117672	0.2	0.174	1	chr17-78127089-78129457	3
0.44372635132131	0.341948732176458	0.236	0.2	1	chr10-132444722-132449682	3
0.444332332814341	0.268590597519102	0.176	0.139	1	chrX-7147087-7148976	3
0.445694270368934	0.392539231302898	0.176	0.148	1	chr14-35533013-35535656	3
0.445694270368934	0.421667584170555	0.176	0.148	1	chr18-31497540-31499649	3
0.446816712522913	0.334753884331246	0.164	0.13	1	chr7-6952962-6954458	3
0.446979796208756	0.274225607728669	0.248	0.209	1	chr14-22588770-22590298	3
0.44700359439012	0.474633681699766	0.164	0.139	1	chr17-30905609-30907380	3
0.447563485445926	0.414544730596609	0.188	0.165	1	chr3-3798795-3802230	3
0.448680388489855	0.421329433487152	0.152	0.122	1	chr2-233565560-233567119	3
0.449460633071076	0.436082739662043	0.158	0.13	1	chr10-81040514-81042277	3
0.450005277362039	0.30026034172804	0.224	0.191	1	chr1-33149511-33151555	3
0.450648439443817	0.264452243672766	0.394	0.391	1	chr7-157006971-157012420	3
0.451023451053171	0.312016227444219	0.261	0.226	1	chr2-219277430-219280323	3
0.452053492201323	0.294146350196527	0.23	0.2	1	chr3-98592591-98594391	3
0.453170167736327	0.352197066017091	0.152	0.122	1	chr2-108785893-108787554	3
0.453859998363225	0.510121354124098	0.158	0.13	1	chr1-207796921-207802285	3
0.45392476113831	0.265680684509275	0.291	0.261	1	chr1-27913967-27915251	3
0.453984890197396	0.368953401629442	0.218	0.191	1	chr6-112086398-112088408	3
0.454672377634824	0.389556982005583	0.152	0.122	1	chr12-48118519-48120164	3
0.455203621708827	0.275078131257724	0.261	0.226	1	chr12-22543245-22545134	3
0.455268379324838	0.43761024902865	0.176	0.157	1	chr1-228902652-228904231	3
0.455623671028075	0.284226690252513	0.17	0.13	1	chr5-95842888-95844549	3
0.455698696853098	0.411816626579084	0.182	0.157	1	chr8-141391245-141394882	3
0.455698696853098	0.442318630506004	0.182	0.157	1	chr8-143382241-143387081	3
0.456004738623785	0.328155901481301	0.303	0.278	1	chr10-132306601-132308940	3
0.457468243572709	0.430063016339768	0.242	0.226	1	chr6-106324641-106326302	3
0.457915801985067	0.256715771475353	0.345	0.322	1	chr1-117058456-117061323	3
0.458517683823708	0.493532177800776	0.164	0.139	1	chr4-168479848-168481593	3
0.459763419504855	0.392712323277941	0.158	0.13	1	chr3-11553012-11554709	3
0.460013080725457	0.29148653095822	0.255	0.226	1	chr12-95858348-95860480	3
0.461099546532016	0.382449857231475	0.176	0.148	1	chr16-20763187-20764834	3
0.461225019504163	0.29424337410671	0.255	0.226	1	chr1-43969406-43970826	3
0.461245963203455	0.372093042794595	0.158	0.13	1	chr1-44327398-44329177	3
0.461245963203455	0.41361646751863	0.158	0.13	1	chr7-132471321-132473213	3
0.461421974750392	0.496069486089374	0.164	0.139	1	chr1-43552055-43553647	3
0.461816601319792	0.328997877705358	0.255	0.235	1	chr5-76384049-76389298	3
0.462108736448173	0.383013480684459	0.17	0.139	1	chr14-55411226-55414181	3
0.46237059194356	0.285922279260394	0.236	0.2	1	chr4-151540572-151542778	3
0.462514631458771	0.359839910158546	0.176	0.148	1	chr4-102734797-102737793	3
0.462731174289726	0.399065369504604	0.158	0.13	1	chr12-131710276-131712122	3
0.46293143746279	0.327588242622043	0.188	0.157	1	chr19-14549924-14551912	3
0.463744324552883	0.463767721453756	0.152	0.122	1	chr19-32361969-32364438	3
0.465090222463136	0.328895447254275	0.236	0.209	1	chr14-74881254-74883464	3
0.465266057330927	0.323438940772949	0.152	0.122	1	chr1-150548379-150549639	3
0.465441551059992	0.269969231149002	0.248	0.217	1	chr4-109727812-109731090	3
0.466161355352558	0.294597204430036	0.273	0.243	1	chr1-229842910-229846132	3
0.466774388226725	0.370189699748115	0.176	0.148	1	chr1-37513179-37515566	3
0.468084938114982	0.301513721856682	0.279	0.252	1	chr19-19319695-19322246	3
0.468317833681517	0.383068659662289	0.152	0.122	1	chr6-110516660-110518696	3
0.468472700190162	0.383693540471164	0.188	0.157	1	chr5-10288214-10290023	3
0.468757913874997	0.266351218718576	0.333	0.296	1	chr7-150367064-150371927	3
0.469091692639609	0.326625933754382	0.242	0.217	1	chr4-68347897-68350784	3
0.469626275265007	0.363536430865016	0.176	0.148	1	chr13-49996387-49998599	3
0.471010484578612	0.298640855955683	0.23	0.2	1	chr6-75242352-75244784	3
0.471568638945447	0.326500523550468	0.2	0.174	1	chr21-36059436-36061226	3
0.471723689396322	0.270774889354559	0.164	0.13	1	chr1-50977465-50978793	3
0.473105222198002	0.451089942332952	0.152	0.13	1	chr19-16719203-16720293	3
0.473212263315427	0.287219778575729	0.164	0.13	1	chr1-32204792-32206626	3
0.473724647293479	0.293422251849861	0.17	0.139	1	chr6-148341905-148344364	3
0.473861314325356	0.381537134448382	0.261	0.235	1	chr14-23152753-23155921	3
0.473922106570912	0.349301021376804	0.176	0.148	1	chr6-30060409-30062474	3
0.474454503834816	0.277488956646847	0.152	0.122	1	chr16-89300202-89302542	3
0.474454503834816	0.272641688749967	0.152	0.122	1	chr21-33403207-33405679	3
0.475250251711231	0.355310358204348	0.182	0.157	1	chrX-74420035-74421897	3
0.475392388028818	0.386424147695389	0.206	0.183	1	chr2-112541433-112543843	3
0.475982796849845	0.340070912184629	0.218	0.191	1	chr5-1152223-1153933	3
0.476450313723645	0.296901522501782	0.236	0.209	1	chr12-120580356-120582093	3
0.477039511139108	0.377304925111204	0.194	0.165	1	chr1-224453579-224455295	3
0.478071822016744	0.388921579597635	0.206	0.183	1	chr6-42448984-42453608	3
0.478080427539265	0.405720530442925	0.182	0.157	1	chr7-139133008-139134540	3
0.47859911967832	0.287270481743136	0.352	0.339	1	chr9-15305420-15308013	3
0.479067909428716	0.423652542494149	0.188	0.165	1	chr5-37667716-37669210	3
0.479085839436365	0.273599523166351	0.152	0.122	1	chr12-47995677-47997969	3
0.479243355616037	0.380574588930893	0.158	0.13	1	chr3-183291017-183292379	3
0.479265697793789	0.421740447480906	0.176	0.157	1	chr14-93004896-93007721	3
0.47959226168965	0.314331180333616	0.17	0.139	1	chr6-17986634-17988799	3
0.48036236874118	0.262810954518378	0.248	0.217	1	chr16-81444237-81449196	3
0.480464596983271	0.396435165758409	0.188	0.165	1	chr5-168314433-168317649	3
0.480635084888334	0.286839643404864	0.152	0.122	1	chrY-13478282-13480464	3
0.48091979217826	0.367520751075932	0.182	0.157	1	chr7-101153905-101158015	3
0.48091979217826	0.415412813798902	0.182	0.157	1	chr16-58683915-58685611	3
0.481015046379681	0.263163119381009	0.388	0.365	1	chr1-166838255-166841588	3
0.481547621688674	0.354496715645771	0.236	0.209	1	chr1-230641924-230643921	3
0.481574382044341	0.287177307516198	0.218	0.183	1	chr17-54967476-54970175	3
0.481863500570298	0.415977909394658	0.188	0.165	1	chr4-122921670-122924031	3
0.482826569688215	0.3212405194558	0.236	0.209	1	chr2-226835006-226838410	3
0.482851899785634	0.479755079496655	0.176	0.157	1	chr14-100304770-100308549	3
0.482896901023078	0.295607875919311	0.248	0.209	1	chr20-41134976-41138746	3
0.48297063076898	0.301222912359255	0.267	0.252	1	chr6-24402356-24404098	3
0.483661444330917	0.278305031675977	0.206	0.174	1	chr1-160204892-160207111	3
0.48374174731931	0.361573029822776	0.152	0.122	1	chr3-12544121-12546157	3
0.483801862266681	0.394527366259918	0.158	0.13	1	chr11-1297630-1299786	3
0.483898832926109	0.335571388429038	0.188	0.157	1	chr6-31877011-31880778	3
0.48392275308803	0.48762405649405	0.194	0.174	1	chr11-27201159-27202650	3
0.484029188279967	0.397357673215956	0.176	0.148	1	chr11-61698849-61701947	3
0.48423502761224	0.35760396562694	0.218	0.183	1	chr9-19102075-19103509	3
0.484687183740299	0.326160521073946	0.261	0.243	1	chr1-229341243-229343496	3
0.485189664603854	0.341807494131923	0.2	0.174	1	chr17-46266251-46267920	3
0.485207676884982	0.283547022482493	0.218	0.191	1	chr3-37985061-37987982	3
0.485207795812865	0.287561275950417	0.218	0.191	1	chr10-94401974-94404274	3
0.485366218461102	0.318279061723536	0.194	0.165	1	chr13-24510733-24513257	3
0.486563388207752	0.340550281674052	0.2	0.174	1	chr3-100334068-100335883	3
0.486982195570296	0.306299625918641	0.17	0.139	1	chr5-169049752-169051593	3
0.487363346709109	0.351141359082752	0.17	0.148	1	chr3-172561563-172564097	3
0.48775124546063	0.282638710749425	0.206	0.174	1	chr11-128496113-128498038	3
0.488949511156853	0.283912843869522	0.224	0.2	1	chr12-101695649-101704100	3
0.4890901029269	0.267946855368566	0.248	0.226	1	chr6-99519816-99522357	3
0.489252668631119	0.28136872488558	0.212	0.183	1	chr1-64744076-64746393	3
0.489580144248368	0.289044847511479	0.218	0.183	1	chr6-89078982-89084044	3
0.490920863741225	0.313119069584702	0.224	0.2	1	chr6-153001789-153004067	3
0.492368538836456	0.338970863885196	0.182	0.157	1	chr6-156932671-156934849	3
0.492796992580442	0.314356846862744	0.164	0.13	1	chr3-44970235-44971755	3
0.493266124732229	0.380627466956239	0.17	0.148	1	chr3-58646053-58648390	3
0.493308948513094	0.291091467826371	0.212	0.183	1	chr7-139690826-139693556	3
0.493741815093421	0.33123377437519	0.23	0.209	1	chr5-41868829-41871133	3
0.494849699021073	0.351119252793146	0.2	0.174	1	chr2-73111170-73113897	3
0.495040687393327	0.403805531654883	0.194	0.174	1	chr7-64902689-64904090	3
0.496300385688298	0.321800762076973	0.255	0.235	1	chr5-150904296-150905660	3
0.497063605445896	0.365690055118766	0.164	0.139	1	chr6-33203821-33205671	3
0.498147251632919	0.443673058325557	0.182	0.157	1	chr4-5709144-5712138	3
0.499596431400828	0.316165567094496	0.188	0.157	1	chr10-73167522-73169040	3
0.500125190926911	0.30411315845655	0.194	0.165	1	chr17-2994914-2997931	3
0.500698110562482	0.377377702252929	0.17	0.148	1	chr13-112905587-112906915	3
0.500715801434822	0.352293224080004	0.158	0.13	1	chr4-20699443-20701228	3
0.500910170125183	0.420924603502699	0.152	0.13	1	chr21-17512187-17514283	3
0.501619712984014	0.390492959371083	0.164	0.139	1	chr6-57316280-57318116	3
0.502253031722734	0.280265229289167	0.194	0.165	1	chr2-168454650-168458309	3
0.502559758487745	0.299171133236676	0.345	0.33	1	chr6-117481929-117484635	3
0.503210835723787	0.295318552981359	0.2	0.174	1	chr18-26744967-26747791	3
0.504172544361959	0.40422639404929	0.218	0.209	1	chr6-125956387-125958516	3
0.504669356578219	0.39365086049666	0.164	0.139	1	chr17-63519503-63521190	3
0.504772167526829	0.252565879883792	0.242	0.209	1	chr9-120579394-120580782	3
0.504845715668107	0.340312666749906	0.261	0.235	1	chr1-211674860-211676373	3
0.505185631332495	0.317920557605943	0.17	0.148	1	chr8-124538000-124540042	3
0.505608913992871	0.34498718625262	0.248	0.226	1	chr1-85707259-85709187	3
0.50572625762192	0.333500789064697	0.279	0.27	1	chr8-101436674-101439147	3
0.505790268700609	0.259616598023786	0.152	0.122	1	chr17-78716652-78718986	3
0.506059436681293	0.305050112905155	0.267	0.243	1	chr1-151326449-151328636	3
0.506059436681293	0.317066240979645	0.267	0.243	1	chr17-74748026-74752073	3
0.50668616609491	0.396511120770069	0.17	0.148	1	chr19-47509258-47513227	3
0.506882521793111	0.377788095563167	0.182	0.157	1	chr1-181250329-181251957	3
0.508008744087517	0.2993292887174	0.218	0.191	1	chr6-35414639-35416132	3
0.508057258900084	0.305818402209842	0.279	0.261	1	chr1-2390184-2393952	3
0.508535525620487	0.392980336738669	0.212	0.191	1	chr1-9428437-9429670	3
0.508826109322711	0.341641142404167	0.2	0.174	1	chr2-127857283-127858801	3
0.509379841445126	0.283783873169044	0.194	0.165	1	chr5-95758521-95760969	3
0.510072012434639	0.362234872028978	0.158	0.13	1	chr1-110234793-110236677	3
0.510144165282524	0.299935294979186	0.218	0.2	1	chr3-11641358-11644379	3
0.510214059722481	0.287358392684152	0.255	0.235	1	chr2-219251655-219254799	3
0.510214059722481	0.297817925136736	0.255	0.235	1	chr19-1039521-1041571	3
0.510367312399552	0.362763881424091	0.152	0.13	1	chr7-6403514-6404868	3
0.511952531219044	0.442523987465379	0.152	0.13	1	chr3-49276339-49277948	3
0.512336018915077	0.355284786416703	0.164	0.139	1	chr2-86562364-86564102	3
0.512336018915077	0.344002152519129	0.164	0.139	1	chr9-105557522-105558902	3
0.512638259927273	0.306659198691803	0.188	0.157	1	chr6-149316574-149318385	3
0.51271165463673	0.384277875216025	0.17	0.148	1	chr1-246300421-246302196	3
0.51280235460888	0.411375740056922	0.176	0.157	1	chr3-52470871-52472730	3
0.514820327536952	0.340042710634647	0.218	0.191	1	chr10-117374112-117376829	3
0.514981580158689	0.346478298526882	0.261	0.235	1	chr8-124490373-124492887	3
0.515039361088893	0.307874423340696	0.176	0.148	1	chr1-28886592-28888461	3
0.515042093892625	0.265018323682865	0.273	0.243	1	chr5-55711209-55713164	3
0.515738342856017	0.39402556065878	0.17	0.148	1	chr17-39573303-39574481	3
0.51609232753755	0.250152263436893	0.188	0.165	1	chr2-47174732-47177573	3
0.517545402953351	0.324927315264872	0.188	0.165	1	chr7-100269255-100272917	3
0.517599825165313	0.374035067540705	0.2	0.183	1	chr1-223704955-223708435	3
0.517990296996688	0.291387697178868	0.297	0.278	1	chr3-50566930-50570256	3
0.518287090700918	0.304089855693784	0.218	0.2	1	chr12-6321676-6324148	3
0.518287170136807	0.267872209260744	0.224	0.2	1	chr1-146051213-146053095	3
0.519552141334596	0.311271418060812	0.176	0.148	1	chr1-96508190-96511684	3
0.52006297561203	0.325482686199278	0.164	0.139	1	chr2-71275957-71278229	3
0.520295697607058	0.391167145786381	0.17	0.148	1	chr15-78208844-78210844	3
0.520706083451435	0.258493688642969	0.236	0.209	1	chr1-182588038-182589801	3
0.520939998297405	0.263579735979261	0.23	0.2	1	chr7-75526621-75528815	3
0.520998645891426	0.330027971453792	0.224	0.2	1	chr10-104328341-104332875	3
0.521102086716968	0.326477047135137	0.158	0.13	1	chr3-133661199-133662800	3
0.521615546431429	0.345503084467876	0.164	0.139	1	chr17-41929801-41931134	3
0.522306989877914	0.361961884851715	0.212	0.191	1	chr7-101251674-101253086	3
0.522687776921999	0.28285965040503	0.158	0.13	1	chr3-121545006-121547319	3
0.522962011938856	0.284963422309632	0.242	0.217	1	chr1-116569804-116571695	3
0.523358062976663	0.301441707929149	0.273	0.252	1	chr3-111673947-111677225	3
0.523451604351919	0.286494381888497	0.206	0.183	1	chr16-89430404-89432523	3
0.523641364026371	0.373097811718831	0.224	0.209	1	chr6-156685822-156688136	3
0.524275941924214	0.329693558072509	0.158	0.13	1	chr9-131405925-131409901	3
0.524378232833878	0.398968631015385	0.182	0.165	1	chr8-99012337-99014129	3
0.527199699207174	0.314544270968967	0.218	0.191	1	chr14-38866039-38870081	3
0.527798474988758	0.260598584399611	0.261	0.235	1	chr1-222814319-222816377	3
0.528584388903303	0.268389100254101	0.218	0.191	1	chr3-187749785-187751227	3
0.529055229468829	0.303930770660683	0.158	0.13	1	chr7-105672978-105674444	3
0.529414010937236	0.381844038967703	0.164	0.139	1	chr13-40788819-40790666	3
0.529505433455901	0.256280713972031	0.321	0.304	1	chr3-81760255-81762355	3
0.532253691368505	0.255987505942694	0.158	0.13	1	chr5-71600838-71602111	3
0.532284968477863	0.399477505548607	0.176	0.157	1	chr16-84998823-85002629	3
0.532549915390799	0.315007484934182	0.164	0.139	1	chr4-147731324-147734398	3
0.532584535587455	0.25233323896949	0.17	0.139	1	chr8-128090578-128092506	3
0.53258950231202	0.328564443089848	0.242	0.226	1	chr2-27355498-27357815	3
0.533856586106196	0.254525744608697	0.158	0.13	1	chr10-91908123-91909799	3
0.534173186707249	0.265109670670573	0.285	0.261	1	chr1-171740980-171743909	3
0.534740747594746	0.255553873387819	0.176	0.148	1	chr1-203316039-203318180	3
0.535315219637618	0.3440649539603	0.176	0.157	1	chr7-141648479-141650808	3
0.536240990342077	0.250018937449815	0.242	0.217	1	chr5-139650630-139656643	3
0.536693259256728	0.254729876721833	0.382	0.383	1	chr6-111481476-111485053	3
0.537673964070084	0.286744270072599	0.212	0.191	1	chr1-12477764-12479237	3
0.53880322133232	0.383651480866936	0.158	0.139	1	chr4-165206613-165208625	3
0.540292453750634	0.448434770383462	0.152	0.139	1	chr8-120204071-120205528	3
0.540484835002342	0.252640301677629	0.206	0.183	1	chr1-156193374-156194855	3
0.54199847002133	0.442220596792773	0.158	0.139	1	chr18-35289257-35290923	3
0.542567619982841	0.352440385812194	0.188	0.165	1	chr9-33816323-33818957	3
0.542928692896105	0.379045094423314	0.176	0.157	1	chr2-197309843-197311871	3
0.542928692896105	0.33999703715113	0.176	0.157	1	chr17-35567372-35568950	3
0.543350418362588	0.296553212077638	0.206	0.183	1	chr2-85353412-85355816	3
0.544457835091735	0.393827192741958	0.176	0.157	1	chr2-19989029-19990809	3
0.545186830959772	0.365248946041214	0.164	0.139	1	chr3-66448847-66451273	3
0.54520314363829	0.353826660884482	0.158	0.139	1	chr5-179606761-179614210	3
0.54524304294034	0.317093206748936	0.194	0.174	1	chr1-182227770-182229235	3
0.545907373890139	0.314952315436555	0.218	0.2	1	chr13-21603319-21604699	3
0.545939704276246	0.30141737321796	0.23	0.209	1	chr13-26221280-26223102	3
0.545989114576912	0.422138997076549	0.176	0.157	1	chr9-4333309-4335221	3
0.546150614534877	0.260696091207902	0.212	0.191	1	chr2-28894066-28896072	3
0.546667421300625	0.313024457055282	0.261	0.235	1	chr4-56465503-56469145	3
0.547307309863326	0.314340519713251	0.218	0.2	1	chr12-124836874-124839129	3
0.54752252619534	0.373054403836764	0.176	0.157	1	chr9-69645065-69646214	3
0.547641092966031	0.367224094774327	0.2	0.183	1	chr14-39169228-39171310	3
0.548069107526479	0.357023008645751	0.17	0.148	1	chr2-37924657-37926063	3
0.549092848815622	0.344400890885549	0.2	0.183	1	chr8-72778452-72779600	3
0.549449618674464	0.287283230368799	0.267	0.243	1	chr2-199457115-199460896	3
0.549633290529117	0.290954439212932	0.17	0.148	1	chr8-57854797-57856440	3
0.551444036678066	0.253590783182269	0.23	0.209	1	chr1-241639236-241641551	3
0.551501059170612	0.275034239600795	0.248	0.226	1	chr1-11272450-11274274	3
0.551540772149753	0.301739349603998	0.188	0.165	1	chr10-127012433-127014130	3
0.55325575069012	0.369719843600538	0.158	0.139	1	chr16-14300583-14303206	3
0.554051732299163	0.334514297487973	0.152	0.13	1	chr7-87058942-87060328	3
0.554692980972289	0.274440754294633	0.212	0.191	1	chr1-220689830-220691719	3
0.554761213393156	0.299409114180075	0.164	0.139	1	chr7-73741696-73743979	3
0.554913605860277	0.276671901449961	0.158	0.13	1	chr19-44112765-44114025	3
0.555304069962338	0.267829722680023	0.273	0.252	1	chr1-235295502-235296725	3
0.557843047036123	0.265395033192286	0.2	0.183	1	chr12-53046413-53050340	3
0.558362587497356	0.27372862812727	0.23	0.209	1	chr2-190318250-190320331	3
0.559064338109139	0.310368771195485	0.17	0.148	1	chr9-20356165-20358823	3
0.559073691693264	0.324344249368102	0.188	0.165	1	chr7-32489533-32491320	3
0.559209837983804	0.300794264752634	0.188	0.174	1	chr3-97821158-97823163	3
0.559739529827765	0.321811152129285	0.158	0.139	1	chr10-132265187-132266474	3
0.562822798013975	0.2743891406024	0.218	0.2	1	chr5-127956861-127961334	3
0.5629951817571	0.364384610710038	0.158	0.139	1	chr1-43284761-43286269	3
0.564529270304409	0.339618482644454	0.176	0.157	1	chr10-73251583-73253669	3
0.566417746039222	0.26580220416547	0.158	0.13	1	chrX-69109196-69110661	3
0.566656216898199	0.294289072478264	0.188	0.165	1	chr15-68277016-68279249	3
0.567653576447496	0.349170170943365	0.164	0.139	1	chr2-120012310-120013961	3
0.567866225790924	0.280397127554199	0.261	0.243	1	chr1-173714248-173716200	3
0.569009468117659	0.252775075884876	0.152	0.13	1	chr16-81580666-81582230	3
0.569275152232649	0.291530102788905	0.164	0.139	1	chr1-162929854-162932139	3
0.569757380923188	0.349802104497769	0.164	0.148	1	chr4-165378437-165379705	3
0.571135536491393	0.404265103283646	0.182	0.165	1	chr8-81643318-81644977	3
0.571229278573082	0.27715296784029	0.188	0.165	1	chr9-37799826-37802179	3
0.572342759504636	0.314239188891201	0.176	0.157	1	chr2-216738663-216741584	3
0.572575748262347	0.30302169948044	0.2	0.183	1	chr7-107505821-107507394	3
0.572921431844006	0.32314462799409	0.236	0.226	1	chr6-142844492-142846951	3
0.574955212999935	0.32105744940546	0.17	0.148	1	chr7-66113997-66115872	3
0.574955212999935	0.270597898530165	0.17	0.148	1	chr10-92848001-92849887	3
0.575683406245056	0.339003248707844	0.194	0.183	1	chr6-41940737-41942518	3
0.576108357587878	0.255696929509081	0.158	0.139	1	chr1-26704628-26707022	3
0.577055377231494	0.292147898894587	0.176	0.157	1	chr10-23094793-23097445	3
0.577401832896991	0.293169252950695	0.152	0.13	1	chr6-28335114-28336903	3
0.57795598656625	0.256197111021915	0.23	0.209	1	chr12-100572931-100575007	3
0.579087274950508	0.269258284976835	0.152	0.13	1	chr4-986176-988645	3
0.581062694808604	0.363814316038676	0.158	0.139	1	chr7-128530393-128532616	3
0.581428550549983	0.28806109304541	0.218	0.2	1	chr10-122154061-122157028	3
0.581687578993745	0.2551162782706	0.2	0.174	1	chr3-9945216-9947872	3
0.581961878401668	0.313790419391974	0.182	0.165	1	chr7-36289698-36292462	3
0.582166849148442	0.27567125449914	0.212	0.191	1	chr5-43482681-43484991	3
0.582166953364502	0.254799060213818	0.212	0.191	1	chr15-48329974-48332570	3
0.582718560033817	0.320168203356443	0.158	0.139	1	chr5-147309979-147311163	3
0.584157412241052	0.309396689623197	0.152	0.13	1	chr1-205274743-205275866	3
0.584244642754711	0.279353369164274	0.206	0.183	1	chr16-8796685-8798970	3
0.585643033955754	0.265411299145458	0.352	0.348	1	chr10-102116893-102122390	3
0.586036879386801	0.323315272068154	0.158	0.139	1	chr9-84061298-84063109	3
0.586204408118762	0.276674383863094	0.17	0.148	1	chr3-170180019-170182079	3
0.586204408118762	0.314234046669617	0.17	0.148	1	chr10-122655769-122658143	3
0.586630911380216	0.394037594549385	0.182	0.165	1	chr12-130818085-130819566	3
0.588191104579106	0.314052331354217	0.182	0.165	1	chr6-33312159-33315116	3
0.588624269568487	0.300605805823316	0.267	0.27	1	chr14-35341078-35342957	3
0.59074832075211	0.25815766436621	0.2	0.174	1	chr12-108855615-108858420	3
0.591126019341451	0.338866652545462	0.188	0.174	1	chr6-37257165-37258484	3
0.592653246694366	0.304868926086036	0.152	0.13	1	chr17-72683427-72684989	3
0.593134250911907	0.377376581760253	0.152	0.139	1	chr12-51984320-51985792	3
0.593487118506181	0.328146687994967	0.212	0.2	1	chr6-170583713-170585839	3
0.594370794963669	0.307832894987147	0.158	0.139	1	chr2-130836117-130837701	3
0.594370794963669	0.33773160189378	0.158	0.139	1	chrX-154017662-154020671	3
0.594783433846751	0.261650239831669	0.194	0.174	1	chr4-68904466-68906911	3
0.595399072768212	0.250207769096275	0.212	0.191	1	chr12-12611208-12612879	3
0.59604405731035	0.312341218675058	0.158	0.139	1	chrX-48736634-48738155	3
0.596086320152909	0.286324816050076	0.176	0.157	1	chr1-8525172-8526604	3
0.596086320152909	0.298961336315642	0.176	0.157	1	chr17-46922436-46923803	3
0.597393077477298	0.272266810028001	0.218	0.2	1	chr2-219159815-219161342	3
0.597719463137281	0.284775493909272	0.158	0.139	1	chr2-171999064-172001366	3
0.597777789402721	0.303662442538792	0.152	0.13	1	chr10-71212015-71213806	3
0.597777789402721	0.281928155671725	0.152	0.13	1	chr16-69395981-69397641	3
0.598709859594119	0.262097546604747	0.236	0.217	1	chr1-153658106-153660123	3
0.598846751613342	0.306327252919777	0.188	0.174	1	chr7-50066830-50070301	3
0.600803795894052	0.295548689027706	0.23	0.217	1	chr7-129501084-129503637	3
0.602492932176232	0.315643853178367	0.176	0.157	1	chr14-20989428-20991026	3
0.606145076796398	0.318078293644738	0.261	0.252	1	chr11-57798747-57801340	3
0.606289757930567	0.299181467258051	0.267	0.261	1	chr1-62783327-62785137	3
0.60691249692524	0.291024644158098	0.248	0.235	1	chr16-11255247-11257866	3
0.607022378229838	0.279513865189392	0.206	0.191	1	chr7-139775512-139779090	3
0.608238179593127	0.296801898323384	0.206	0.183	1	chr20-63214713-63217947	3
0.608431131907111	0.275179351685035	0.188	0.165	1	chr1-152109128-152112456	3
0.609851813801725	0.278508670851654	0.285	0.278	1	chr11-126113087-126116727	3
0.611540635596717	0.260112065128798	0.152	0.13	1	chr9-35489163-35490460	3
0.61182058041994	0.365971837065582	0.182	0.165	1	chr11-10540197-10542120	3
0.613794292310333	0.269768406720694	0.206	0.191	1	chr8-81110753-81112682	3
0.617876872426489	0.288642842907145	0.236	0.226	1	chr6-43013014-43015022	3
0.618088789161589	0.278213502223724	0.224	0.209	1	chr20-50019160-50020672	3
0.619691547171363	0.294905224802774	0.158	0.139	1	chr6-142146682-142147800	3
0.624643428440633	0.280369981990728	0.188	0.174	1	chr5-55822598-55825331	3
0.625631820553342	0.270564644496755	0.164	0.148	1	chr1-218163759-218165828	3
0.626522364188716	0.29643987146347	0.158	0.139	1	chr19-35898295-35901083	3
0.626898513053839	0.265924977113068	0.224	0.209	1	chr4-183658240-183660864	3
0.628990991892299	0.288818672606262	0.164	0.148	1	chr6-89637851-89639285	3
0.630793289695745	0.27915905235785	0.236	0.226	1	chrX-155215607-155217433	3
0.632577510728281	0.370047654481831	0.23	0.217	1	chr19-58326460-58328122	3
0.633347733568711	0.295760540805715	0.188	0.174	1	chr9-32383951-32385513	3
0.6357323656959	0.317341218740152	0.164	0.148	1	chr5-77490970-77493010	3
0.636828785331847	0.270533962187277	0.158	0.139	1	chr5-179912131-179914776	3
0.641035949808247	0.259111599547358	0.182	0.174	1	chr12-120533905-120535662	3
0.641170370170103	0.276596659758383	0.273	0.252	1	chr4-138239407-138243803	3
0.641565774302076	0.297376159508022	0.176	0.157	1	chr6-166954830-166957424	3
0.643765976582604	0.307187061942912	0.224	0.217	1	chr6-24665136-24668028	3
0.646472473300403	0.31076758803762	0.152	0.139	1	chr5-108100840-108102308	3
0.647555341533161	0.334053366851865	0.242	0.235	1	chr16-72995184-72997668	3
0.647764310733591	0.351723196911869	0.17	0.157	1	chr15-90314987-90316843	3
0.648810188327041	0.295202776302948	0.212	0.2	1	chr6-2970507-2972389	3
0.649303825036213	0.279352821582112	0.188	0.174	1	chr2-84458370-84460474	3
0.651496896982021	0.268752250249293	0.176	0.157	1	chrX-154489610-154491461	3
0.655906413905044	0.250890868879438	0.158	0.139	1	chr12-104063598-104066110	3
0.657823593146015	0.315707901146478	0.17	0.157	1	chrX-41921464-41924808	3
0.657848750694445	0.259108932858336	0.164	0.148	1	chr6-110981569-110983034	3
0.661403943987265	0.266401248773489	0.218	0.209	1	chr3-54353376-54357742	3
0.66661805033695	0.295221999633418	0.206	0.2	1	chr12-31658345-31660351	3
0.667638352877985	0.252140152228463	0.152	0.139	1	chr1-117146780-117149036	3
0.667638352877985	0.312231985260167	0.152	0.139	1	chr14-59360926-59362055	3
0.667857952875783	0.271422812017933	0.242	0.235	1	chr6-129708796-129710922	3
0.669414467224425	0.294994503287043	0.152	0.139	1	chr2-20223029-20226081	3
0.676426387603909	0.255043123582667	0.17	0.157	1	chr16-77721884-77723486	3
0.676537348236719	0.281199863499043	0.152	0.139	1	chr5-178120647-178122211	3
0.676800447135257	0.281274133696423	0.164	0.148	1	chr9-104967743-104969443	3
0.678364270126447	0.281578118588623	0.194	0.174	1	chr14-22955502-22957707	3
0.681840035255011	0.262529492870916	0.273	0.261	1	chr7-4743782-4746601	3
0.683689287818376	0.269570614182797	0.152	0.139	1	chr14-104825988-104828117	3
0.685481747037294	0.286094488647035	0.152	0.139	1	chr6-69593985-69595164	3
0.686658149800095	0.257299432801367	0.17	0.157	1	chr6-41652789-41653975	3
0.687225633305591	0.271989335750894	0.164	0.148	1	chr4-132343986-132345937	3
0.688369102304356	0.31002171783134	0.17	0.157	1	chr4-6470028-6473090	3
0.690550275249813	0.256459544993891	0.188	0.183	1	chr1-114345981-114347164	3
0.690973406142838	0.292746547140655	0.176	0.165	1	chr1-162166945-162169057	3
0.693350341223562	0.366205800659701	0.224	0.217	1	chr13-102595884-102598645	3
0.694320931625265	0.253094468049412	0.242	0.235	1	chr1-179365097-179366759	3
0.707355552633541	0.346088649296319	0.164	0.157	1	chr12-120445634-120447402	3
0.712576210980523	0.258485817359625	0.152	0.139	1	chr7-44043716-44045813	3
0.712684077930183	0.253680250438154	0.158	0.148	1	chr7-30428733-30431210	3
0.717851165596477	0.303049120667016	0.164	0.157	1	chr10-48287276-48288930	3
0.71815529055978	0.275865644197587	0.236	0.235	1	chr21-32770540-32773350	3
0.719864811901106	0.263737925446613	0.152	0.139	1	chr6-21588257-21589702	3
0.721617853298558	0.259672007306651	0.158	0.148	1	chr5-95821757-95823404	3
0.725091440241936	0.250875219137233	0.188	0.183	1	chr6-29964505-29966698	3
0.72612461030219	0.25279917674183	0.17	0.165	1	chr19-52689297-52691267	3
0.730929414899717	0.256943759133917	0.2	0.191	1	chr14-37171605-37173241	3
0.735461894747627	0.274190184227496	0.164	0.157	1	chr6-150865086-150866936	3
0.737660546713438	0.273161485036487	0.285	0.287	1	chr10-102449188-102451955	3
0.73923700552982	0.273681733929833	0.2	0.2	1	chr6-41545299-41547764	3
0.745903113361025	0.274685870454904	0.212	0.209	1	chr5-154712197-154714999	3
0.748010763107432	0.26865837795847	0.255	0.261	1	chr7-76379491-76380882	3
0.753666067511759	0.317707577338532	0.158	0.157	1	chr1-179929727-179932485	3
0.759542980568688	0.288126099098625	0.158	0.148	1	chr4-127632146-127633581	3
0.766429844958814	0.260107872865066	0.152	0.148	1	chr9-94258653-94260005	3
0.771720341649911	0.341138596730293	0.158	0.157	1	chr2-94207634-94209559	3
0.771882232328171	0.251431767172845	0.2	0.2	1	chr7-92832477-92834292	3
0.79472291910641	0.280809117483636	0.206	0.2	1	chrX-54999353-55000804	3
0.803143870828431	0.28289101218611	0.218	0.217	1	chr3-120907696-120910087	3
0.82159930032541	0.259941933068802	0.2	0.2	1	chr1-155276876-155278947	3
0.822904381529882	0.256269694683036	0.158	0.157	1	chr18-2570491-2572474	3
0.825503827289016	0.32518255206637	0.17	0.174	1	chr1-1073541-1075086	3
0.829688751214785	0.256976656093354	0.188	0.191	1	chr16-11850498-11852797	3
0.852052409850682	0.262641597152519	0.176	0.183	1	chr7-6705829-6707510	3
