p_val	avg_log2FC	pct.1	pct.2	p_val_adj	gene	cluster
1.27198080967812e-07	4.15101679098685	0.537	0.021	0.0243322297006567	chr1-240595483-240598738	5
2.11659242993563e-06	4.70554048135385	0.439	0.021	0.404891432292107	chr1-202106870-202109160	5
4.66800064983305e-06	3.20592182797638	0.488	0.064	0.892960516309164	chr5-91024015-91029174	5
3.57374076123651e-05	12.9975275596715	0.317	0	1	chr7-44257415-44260140	5
4.62835444829446e-05	2.2282461881109	0.537	0.128	1	chr1-46171016-46175661	5
6.18431156586021e-05	3.27894378835692	0.39	0.043	1	chr1-150267843-150269587	5
7.90751492303483e-05	12.7471237534775	0.293	0	1	chr1-72692869-72694344	5
9.75407662046936e-05	3.35199548470832	0.366	0.043	1	chr6-53614623-53616765	5
0.000156298651470728	2.18979082796699	0.488	0.128	1	chr1-235072983-235075989	5
0.000167820129779128	2.92456465788659	0.366	0.043	1	chr1-162371696-162374524	5
0.000172513055811905	12.7405549590598	0.268	0	1	chr9-12784404-12785926	5
0.000172513055811905	12.7396990244897	0.268	0	1	chr11-119683486-119685249	5
0.000172513055811905	12.6606605178959	0.268	0	1	chr12-30970312-30971553	5
0.000176927004831624	3.92034830648003	0.341	0.043	1	chr5-179836132-179842954	5
0.000196615167385194	1.62799338592582	0.585	0.191	1	chr1-227945111-227948967	5
0.000261862876107796	3.43107034435164	0.341	0.043	1	chr8-127052166-127054286	5
0.000296368417543273	4.06830772408325	0.293	0.021	1	chr16-4868927-4871073	5
0.000306096085447612	1.4452823276845	0.634	0.213	1	chr1-181021334-181023698	5
0.000312271322642346	4.23222647605544	0.293	0.021	1	chr8-138788827-138792802	5
0.000332990459988126	2.98859639269453	0.341	0.043	1	chr1-59392867-59394296	5
0.000359588470093723	2.56566103354287	0.39	0.064	1	chr1-93962676-93966397	5
0.000371401113726464	13.3928744909181	0.244	0	1	chr1-68384067-68384965	5
0.000371401113726464	12.5300179342497	0.244	0	1	chr5-103443993-103446054	5
0.000371401113726464	12.9384652177656	0.244	0	1	chr18-23521831-23527465	5
0.0003841208761912	2.14407803370693	0.439	0.106	1	chr12-110246680-110248868	5
0.000399867000232647	2.03319842147361	0.463	0.106	1	chr1-45566439-45570532	5
0.000423254904287032	2.30934423456607	0.415	0.085	1	chr4-105551678-105553833	5
0.000448046556380419	3.72708183489798	0.293	0.021	1	chr6-57287883-57288858	5
0.000462101619697692	1.81828236564789	0.512	0.149	1	chr1-229886826-229889976	5
0.000464037944959739	2.00045206204823	0.463	0.128	1	chr1-241615147-241616964	5
0.000471433779526273	3.63676641021898	0.293	0.021	1	chr12-26124581-26127021	5
0.000482682014324838	1.98618225847736	0.463	0.128	1	chr1-226813792-226815933	5
0.000525690938165684	1.44190867287186	0.634	0.234	1	chr8-101203767-101207818	5
0.000528966235830409	2.55098022329448	0.366	0.064	1	chr8-127329857-127331151	5
0.000541960548912881	2.2640164370429	0.39	0.085	1	chr6-43052877-43054348	5
0.000589681286246216	2.35050215354948	0.39	0.085	1	chr1-172498889-172500583	5
0.000684210036589404	1.5244638147586	0.61	0.191	1	chr1-26529295-26533008	5
0.000789833373796021	12.6496042614978	0.22	0	1	chr5-11903631-11904920	5
0.000789833373796021	12.9380528532257	0.22	0	1	chr5-101364319-101365011	5
0.000789833373796021	12.1426810477837	0.22	0	1	chr6-30596865-30602776	5
0.000789833373796021	12.6022612470427	0.22	0	1	chr6-167760777-167762702	5
0.000789833373796021	12.076629848545	0.22	0	1	chr11-3041382-3044477	5
0.000789833373796021	12.2510391054978	0.22	0	1	chr11-58922305-58925243	5
0.000789833373796021	12.6789694533577	0.22	0	1	chr12-123140687-123142543	5
0.000789833373796021	12.634260366054	0.22	0	1	chr16-10079836-10081906	5
0.000789833373796021	12.2261337762554	0.22	0	1	chr17-16285620-16287158	5
0.000928738753010964	2.05167285149593	0.415	0.106	1	chr6-100880386-100882454	5
0.000983642230569339	3.45438600659028	0.268	0.021	1	chr1-15846957-15850738	5
0.00098696692470076	2.76282672672949	0.317	0.043	1	chr12-107485281-107487983	5
0.001008479320184	2.16591320822517	0.39	0.085	1	chr12-119178283-119180101	5
0.00103387635747224	3.48125805915398	0.268	0.021	1	chr12-109484710-109486050	5
0.00108647561230864	3.43668954254263	0.268	0.021	1	chr9-37417684-37419020	5
0.00112014085257099	1.85864890683449	0.439	0.106	1	chr6-83859207-83860611	5
0.00112888512860625	1.94503655639434	0.415	0.106	1	chr1-207807156-207814549	5
0.00114786870808205	3.18453065076919	0.293	0.043	1	chr5-43017409-43019902	5
0.00128926147579871	1.60976117095777	0.537	0.213	1	chr1-206684373-206694759	5
0.00137916136347113	2.96562685109957	0.293	0.043	1	chr1-167697315-167698732	5
0.00139151298743937	2.4601163121398	0.317	0.064	1	chr16-27560191-27561427	5
0.00140501599525537	1.8866504011059	0.439	0.128	1	chr6-116277931-116281048	5
0.00143061460544976	3.92380177936567	0.244	0.021	1	chr22-34236231-34237058	5
0.00144978097643262	2.21473391281426	0.366	0.085	1	chr9-107748829-107751356	5
0.00150434958843731	3.73034969072634	0.244	0.021	1	chr7-2522317-2524871	5
0.00150434958843731	3.61246402806116	0.244	0.021	1	chr14-57613278-57614712	5
0.00150434958843731	3.7935491590062	0.244	0.021	1	chr16-75238014-75241427	5
0.00151027399807145	2.90688980818052	0.293	0.043	1	chr5-109454458-109456405	5
0.00151027399807145	2.84244748119044	0.293	0.043	1	chr6-110595873-110599282	5
0.00151461985910988	1.92767607810502	0.415	0.128	1	chr5-670341-675146	5
0.00158005054911507	2.79593455760237	0.293	0.043	1	chr1-169128528-169137890	5
0.00158157157727129	3.69435114797224	0.244	0.021	1	chr6-38754928-38756302	5
0.00158157157727129	3.65711647800453	0.244	0.021	1	chr6-82363164-82365785	5
0.00160035561724524	1.9943674797857	0.39	0.106	1	chr19-38003103-38005329	5
0.00166117157385305	13.1843849661135	0.195	0	1	chr1-14108897-14109413	5
0.00166117157385305	12.4728279829837	0.195	0	1	chr1-28416525-28418049	5
0.00166117157385305	12.0216711570515	0.195	0	1	chr1-33985426-33987160	5
0.00166117157385305	12.2913969092834	0.195	0	1	chr1-107597217-107599906	5
0.00166117157385305	12.293805454339	0.195	0	1	chr1-159970279-159971746	5
0.00166117157385305	12.1207481628528	0.195	0	1	chr1-174799282-174800651	5
0.00166117157385305	12.2000711866063	0.195	0	1	chr1-174874988-174875954	5
0.00166117157385305	12.7326051807568	0.195	0	1	chr1-220450962-220452015	5
0.00166117157385305	12.4432228255878	0.195	0	1	chr1-226664125-226665411	5
0.00166117157385305	12.6146100500996	0.195	0	1	chr3-54053092-54054185	5
0.00166117157385305	12.4286756519313	0.195	0	1	chr4-48254075-48255785	5
0.00166117157385305	12.3246802471683	0.195	0	1	chr6-4577128-4578077	5
0.00166117157385305	12.829756835714	0.195	0	1	chr6-39425684-39426567	5
0.00166117157385305	12.7091258861676	0.195	0	1	chr6-42226801-42228011	5
0.00166117157385305	12.7509316848169	0.195	0	1	chr6-43786642-43788501	5
0.00166117157385305	12.5801017399536	0.195	0	1	chr6-45606991-45609081	5
0.00166117157385305	12.1934805729462	0.195	0	1	chr6-150025075-150026246	5
0.00166117157385305	12.1650291975391	0.195	0	1	chr7-2195510-2197340	5
0.00166117157385305	12.8101147455702	0.195	0	1	chr7-67654302-67655004	5
0.00166117157385305	13.2718397157764	0.195	0	1	chr8-118439711-118440194	5
0.00166117157385305	12.5663373936587	0.195	0	1	chr8-136020322-136021041	5
0.00166117157385305	12.2999185801166	0.195	0	1	chr10-78804556-78805917	5
0.00166117157385305	12.2772233046981	0.195	0	1	chr10-97553352-97554122	5
0.00166117157385305	12.5934214279414	0.195	0	1	chr11-116472375-116473446	5
0.00166117157385305	12.4113945041054	0.195	0	1	chr14-104735823-104736984	5
0.00166117157385305	12.2585468568147	0.195	0	1	chr17-81854628-81856741	5
0.00166117157385305	12.2124139257505	0.195	0	1	chr19-4448569-4450078	5
0.00166117157385305	12.1869700777039	0.195	0	1	chr21-40350649-40351665	5
0.00166117157385305	11.9653959566792	0.195	0	1	chrX-47193118-47194590	5
0.00166117157385305	12.2126184922419	0.195	0	1	chrX-153966017-153969114	5
0.00174707300726133	3.70005785743616	0.244	0.021	1	chr1-975725-976859	5
0.00180757631865453	2.6635334075133	0.293	0.043	1	chr17-16485995-16487335	5
0.00188987005348578	2.72397922899407	0.293	0.043	1	chr4-76526209-76527267	5
0.00192836646667065	3.55286236236732	0.244	0.021	1	chr2-200376378-200379355	5
0.00192836646667065	3.54598946093026	0.244	0.021	1	chr8-10333845-10335977	5
0.00192836646667065	3.6809270974715	0.244	0.021	1	chr15-75023192-75024417	5
0.0019567801646757	0.975032738072326	0.756	0.404	1	chr1-173860180-173870945	5
0.00196091297010206	1.74519853252016	0.415	0.128	1	chr1-204285612-204288733	5
0.00202534981842598	3.50329359950993	0.244	0.021	1	chr13-100098345-100100938	5
0.00204927074371819	1.92193953293719	0.39	0.085	1	chr11-9759281-9760450	5
0.00206524089155354	1.59962470041324	0.463	0.149	1	chr1-31170395-31171450	5
0.00212679052691848	3.37149889376458	0.244	0.021	1	chr10-72170146-72171738	5
0.00215783627335276	2.54658921423483	0.293	0.043	1	chr8-143572480-143575270	5
0.00218681717532545	1.79423597801527	0.415	0.128	1	chr1-161152979-161154837	5
0.00219268453069513	2.95559296374278	0.268	0.043	1	chr1-63547260-63548699	5
0.00223287096534669	3.11993639092633	0.244	0.021	1	chr6-36913908-36914916	5
0.00223287096534669	3.44506419809069	0.244	0.021	1	chr20-6711960-6712826	5
0.00223287096534669	3.30323339479053	0.244	0.021	1	chr20-25685404-25687141	5
0.00225462499674647	2.6789985850854	0.293	0.043	1	chr19-19627162-19628660	5
0.00229406763084546	2.80438492837645	0.268	0.043	1	chr6-4357416-4359486	5
0.00231016863919706	2.34582073957116	0.317	0.064	1	chr16-35559606-35561789	5
0.00233217963914601	2.16503027679051	0.341	0.085	1	chr1-232377343-232379921	5
0.00234377983673206	3.04344971458632	0.244	0.021	1	chr1-63555267-63556829	5
0.00246477707095761	1.53052819564721	0.463	0.128	1	chr3-23915644-23922257	5
0.00250982595030167	2.92361473539836	0.268	0.043	1	chr12-57751077-57753236	5
0.00252300630487786	2.11106439438266	0.341	0.085	1	chr9-64014728-64017821	5
0.00262183233074125	2.14659523719331	0.366	0.106	1	chr5-91125543-91129038	5
0.00262452670321095	2.72613348565637	0.268	0.043	1	chr1-56414560-56415826	5
0.00268287225497389	2.16652879904456	0.293	0.043	1	chr3-197394547-197395684	5
0.00272286307679006	2.20463557299025	0.317	0.064	1	chr1-212146611-212148332	5
0.00272286307679006	2.33332214342419	0.317	0.064	1	chr13-97221598-97226492	5
0.00272801701283405	2.06669002372759	0.341	0.085	1	chr1-27959460-27961373	5
0.00286842393698366	2.71889322601846	0.268	0.043	1	chr7-55551958-55553421	5
0.0029535351942842	2.24094597878353	0.317	0.064	1	chr7-101153905-101158015	5
0.00299797742304866	2.71804332938897	0.268	0.043	1	chr9-114504935-114506286	5
0.00301520572233658	1.7487418202193	0.415	0.128	1	chr3-179321524-179325110	5
0.003020969027556	1.85354562101008	0.39	0.106	1	chr19-29664791-29668497	5
0.00302937984377938	1.88055975476777	0.39	0.128	1	chr6-105325792-105328032	5
0.00305409060844954	2.4285643467711	0.293	0.064	1	chr5-35197648-35199052	5
0.00323121609972391	3.55391283537844	0.22	0.021	1	chr7-123767450-123769933	5
0.00323121609972391	3.44866988018474	0.22	0.021	1	chr9-70079542-70081536	5
0.00327322808052394	2.65700731760165	0.268	0.043	1	chr11-19918975-19919820	5
0.00327651600517634	1.85835293598387	0.366	0.106	1	chr5-2750279-2752938	5
0.00330882943612306	2.04144292722485	0.341	0.085	1	chr3-9897418-9899740	5
0.00339332512840598	3.43415253501362	0.22	0.021	1	chr1-244886991-244887950	5
0.00339332512840598	3.5017189090578	0.22	0.021	1	chr3-194270510-194271889	5
0.00339332512840598	3.46349130801901	0.22	0.021	1	chr10-21334820-21335674	5
0.00339332512840598	3.45138343218938	0.22	0.021	1	chr11-71614737-71615711	5
0.00339332512840598	3.46975579955307	0.22	0.021	1	chr15-95556718-95558593	5
0.00339909725744365	1.9356730044056	0.366	0.106	1	chr1-63592702-63594839	5
0.00341931592193534	2.62175937486905	0.268	0.043	1	chr1-153566277-153567139	5
0.00341931592193534	2.58770234834423	0.268	0.043	1	chr13-66657034-66657902	5
0.00345636098849756	2.38838178879484	0.293	0.064	1	chr6-31877011-31880778	5
0.00346037103744046	12.3276934025542	0.171	0	1	chr1-20483776-20487051	5
0.00346037103744046	12.7736661251186	0.171	0	1	chr1-34425685-34426625	5
0.00346037103744046	12.8056850607538	0.171	0	1	chr1-39391784-39392471	5
0.00346037103744046	12.3071563186486	0.171	0	1	chr1-57422090-57425125	5
0.00346037103744046	12.110058499026	0.171	0	1	chr1-108947651-108949154	5
0.00346037103744046	12.3600210174116	0.171	0	1	chr1-165382897-165384380	5
0.00346037103744046	11.7617504484435	0.171	0	1	chr1-203625438-203627399	5
0.00346037103744046	12.0521935048832	0.171	0	1	chr1-206511403-206513490	5
0.00346037103744046	11.9842984363636	0.171	0	1	chr1-221117233-221119448	5
0.00346037103744046	12.8816583741574	0.171	0	1	chr1-229803619-229804291	5
0.00346037103744046	12.0725553692565	0.171	0	1	chr1-240491763-240493935	5
0.00346037103744046	12.2377247939094	0.171	0	1	chr2-168722344-168723288	5
0.00346037103744046	12.2660766914702	0.171	0	1	chr3-99647747-99648880	5
0.00346037103744046	13.2335058917718	0.171	0	1	chr3-140467028-140467429	5
0.00346037103744046	12.6072086728734	0.171	0	1	chr3-170751006-170752375	5
0.00346037103744046	12.3671220934299	0.171	0	1	chr3-188002951-188004409	5
0.00346037103744046	12.2171052344265	0.171	0	1	chr4-4166719-4167492	5
0.00346037103744046	12.0196427192614	0.171	0	1	chr4-57430234-57431395	5
0.00346037103744046	12.2890065741864	0.171	0	1	chr4-130849961-130851826	5
0.00346037103744046	12.4342197337282	0.171	0	1	chr5-2466224-2467329	5
0.00346037103744046	12.3033157919567	0.171	0	1	chr5-34686622-34687330	5
0.00346037103744046	12.0995293114759	0.171	0	1	chr5-41648661-41650201	5
0.00346037103744046	12.4753976529374	0.171	0	1	chr5-88785634-88786599	5
0.00346037103744046	11.8490411283842	0.171	0	1	chr5-136040675-136041780	5
0.00346037103744046	12.4716074254355	0.171	0	1	chr5-142360197-142361229	5
0.00346037103744046	12.8812822079169	0.171	0	1	chr6-13863583-13864228	5
0.00346037103744046	11.9323942944499	0.171	0	1	chr6-15089419-15090690	5
0.00346037103744046	12.2655335507017	0.171	0	1	chr6-69790979-69792747	5
0.00346037103744046	11.8491343097493	0.171	0	1	chr6-73585036-73586984	5
0.00346037103744046	12.3816407385191	0.171	0	1	chr6-151668563-151669573	5
0.00346037103744046	12.3003184087	0.171	0	1	chr6-162058139-162058884	5
0.00346037103744046	12.1108360340102	0.171	0	1	chr7-2873072-2874701	5
0.00346037103744046	12.2485116853003	0.171	0	1	chr7-151676468-151678253	5
0.00346037103744046	12.0468487709946	0.171	0	1	chr7-155860614-155862541	5
0.00346037103744046	12.1969475421525	0.171	0	1	chr8-69604685-69605639	5
0.00346037103744046	11.967390274958	0.171	0	1	chr9-1200375-1201759	5
0.00346037103744046	12.480311372882	0.171	0	1	chr10-4946991-4948262	5
0.00346037103744046	12.3668898455748	0.171	0	1	chr10-127441137-127442909	5
0.00346037103744046	12.012716163292	0.171	0	1	chr11-58843406-58845911	5
0.00346037103744046	12.904761953119	0.171	0	1	chr11-115765835-115766390	5
0.00346037103744046	12.5646200734402	0.171	0	1	chr12-52247031-52248029	5
0.00346037103744046	12.398721960603	0.171	0	1	chr12-82223108-82223912	5
0.00346037103744046	11.9623697355521	0.171	0	1	chr12-93448424-93449490	5
0.00346037103744046	12.0063316433713	0.171	0	1	chr12-121214400-121215695	5
0.00346037103744046	11.8113338013208	0.171	0	1	chr13-21458277-21459932	5
0.00346037103744046	12.4075834848443	0.171	0	1	chr13-31115401-31116269	5
0.00346037103744046	12.1857063398548	0.171	0	1	chr13-110094334-110095337	5
0.00346037103744046	11.6863914590186	0.171	0	1	chr13-112745630-112746803	5
0.00346037103744046	11.8877013170284	0.171	0	1	chr14-23689400-23690560	5
0.00346037103744046	12.0156095881099	0.171	0	1	chr14-29723753-29725553	5
0.00346037103744046	12.4128678104918	0.171	0	1	chr14-33727765-33728755	5
0.00346037103744046	12.58647945751	0.171	0	1	chr14-55938111-55938972	5
0.00346037103744046	12.1947618983066	0.171	0	1	chr15-48507016-48507924	5
0.00346037103744046	12.4833322888671	0.171	0	1	chr16-67703512-67705064	5
0.00346037103744046	12.353282846594	0.171	0	1	chr16-85422130-85423437	5
0.00346037103744046	12.0896395600577	0.171	0	1	chr17-28535333-28537752	5
0.00346037103744046	12.1427886215336	0.171	0	1	chr17-78920589-78922138	5
0.00346037103744046	12.3309909808882	0.171	0	1	chr18-33733143-33733986	5
0.00346037103744046	11.9812482784296	0.171	0	1	chr19-55526078-55526970	5
0.00346037103744046	12.427580998213	0.171	0	1	chr20-31669836-31671209	5
0.00346037103744046	12.2252378650526	0.171	0	1	chr20-41654215-41655337	5
0.00346037103744046	12.004844478445	0.171	0	1	chr20-43237776-43239282	5
0.00346037103744046	11.7790868718031	0.171	0	1	chr20-50957208-50959788	5
0.00346037103744046	12.2013284882972	0.171	0	1	chr21-15121246-15122813	5
0.00346037103744046	12.0257868626559	0.171	0	1	chr21-28770784-28773885	5
0.00346037103744046	12.6590717373906	0.171	0	1	chrY-8327859-8328735	5
0.00348117904451188	1.64869526971137	0.415	0.149	1	chr6-35687325-35689525	5
0.00356280587168201	3.56403420508333	0.22	0.021	1	chr1-243421238-243422489	5
0.00356280587168201	3.43059847211821	0.22	0.021	1	chr2-39119608-39122010	5
0.00356280587168201	3.38725742936929	0.22	0.021	1	chr4-48997436-48999004	5
0.00356280587168201	3.4044140642962	0.22	0.021	1	chr20-43557463-43560053	5
0.00357131567027851	2.57280388200521	0.268	0.043	1	chr1-80593146-80594782	5
0.00360080979145777	2.44349607647435	0.293	0.064	1	chr5-71600838-71602111	5
0.00372943752609964	2.65480814592652	0.268	0.043	1	chr16-90043733-90044842	5
0.00372943752609964	2.53491975510256	0.268	0.043	1	chr21-37563106-37564956	5
0.00373995272739552	3.47733654693366	0.22	0.021	1	chr1-244253730-244254925	5
0.00373995272739552	3.4651455854258	0.22	0.021	1	chr16-89505117-89506623	5
0.00374158644173202	1.4428370846745	0.439	0.17	1	chr17-16213270-16216333	5
0.0037507288039092	2.44035251012436	0.293	0.064	1	chr8-142815425-142816773	5
0.00376715339650913	1.12229857275905	0.61	0.319	1	chr1-220784438-220788357	5
0.00384056679030228	1.58201552096767	0.439	0.149	1	chr6-81751940-81754504	5
0.00392506979760555	3.42186899061244	0.22	0.021	1	chr1-120175594-120176965	5
0.00392506979760555	3.20718299518879	0.22	0.021	1	chr3-153138457-153139348	5
0.00392506979760555	3.35838155926944	0.22	0.021	1	chr7-110908693-110909932	5
0.00392506979760555	3.39511001480164	0.22	0.021	1	chr10-95183117-95184342	5
0.00392506979760555	3.3455053177716	0.22	0.021	1	chr10-100370352-100371679	5
0.00393229356936623	1.86957231111013	0.366	0.106	1	chr5-141968468-141970974	5
0.00398205814277683	1.59856276637391	0.415	0.128	1	chr1-178724532-178728163	5
0.0040002143072231	2.02419029246817	0.341	0.085	1	chr1-1613951-1618186	5
0.0040002143072231	1.96216577006808	0.341	0.085	1	chr16-75243802-75246325	5
0.0040649193508075	2.56457015474965	0.268	0.043	1	chr4-152997662-152998362	5
0.0040649193508075	2.4792989762798	0.268	0.043	1	chr6-57316280-57318116	5
0.00406770959343284	2.29334126489039	0.293	0.064	1	chr1-200483303-200483954	5
0.00410545511751698	1.56044757338574	0.439	0.149	1	chr1-8525172-8526604	5
0.00411847111145563	3.33900603479317	0.22	0.021	1	chr6-104413682-104415943	5
0.00411847111145563	3.3679935711022	0.22	0.021	1	chr8-73419407-73421045	5
0.00415195525755558	1.38185540677954	0.488	0.213	1	chr4-1344293-1349309	5
0.00423514997297992	2.3001759665356	0.293	0.064	1	chr20-25254787-25256958	5
0.00432048084871723	3.25974245565353	0.22	0.021	1	chr3-196192177-196194659	5
0.00432048084871723	3.26804379192458	0.22	0.021	1	chr5-134511057-134512852	5
0.00432048084871723	3.17174302706295	0.22	0.021	1	chr10-43340383-43341229	5
0.00432048084871723	3.34653680123451	0.22	0.021	1	chr17-38674475-38675476	5
0.00432151054191828	1.76969387179662	0.39	0.106	1	chr8-140276019-140277312	5
0.00432443541912387	3.2104084882277	0.244	0.043	1	chr1-6489466-6491594	5
0.00438085926172066	1.8040707215435	0.366	0.106	1	chr12-122887342-122889407	5
0.0043854203913227	1.37672551859368	0.488	0.17	1	chr8-132674791-132677601	5
0.00447557657593522	1.96807063739845	0.341	0.085	1	chr18-35496775-35498452	5
0.00451913894481476	2.69146774118615	0.244	0.043	1	chr3-47788662-47789739	5
0.00453143356377467	3.20796285667939	0.22	0.021	1	chr1-192539327-192540210	5
0.00453143356377467	3.17735160307241	0.22	0.021	1	chr1-199581284-199582474	5
0.00453143356377467	3.27923892416408	0.22	0.021	1	chr2-217045632-217047774	5
0.00453395591672768	1.49817358173034	0.439	0.149	1	chr1-51328895-51332029	5
0.0045519659625456	1.39208856985103	0.463	0.17	1	chr16-31450858-31455784	5
0.00456249042598253	1.53090001857333	0.415	0.149	1	chr5-139635643-139639277	5
0.00458891580048665	2.23128299966921	0.293	0.064	1	chr8-46961908-46963033	5
0.00472175079152235	2.9737138887437	0.244	0.043	1	chr1-216764805-216767808	5
0.00472175079152235	2.76124190450318	0.244	0.043	1	chr12-124421632-124423962	5
0.00475167440980746	3.0126561719074	0.22	0.021	1	chr6-19537908-19539068	5
0.00475167440980746	2.88400995563861	0.22	0.021	1	chr12-120537556-120541108	5
0.00485870244864466	2.0563980276052	0.317	0.085	1	chr4-6687731-6690611	5
0.00496923697895305	2.2024016647899	0.293	0.064	1	chr12-109914079-109916250	5
0.00496923697895305	2.16125299006196	0.293	0.064	1	chr12-123601247-123603472	5
0.00496923697895305	2.15632901648913	0.293	0.064	1	chr18-50404142-50406720	5
0.00505103527317153	1.8184563687761	0.366	0.106	1	chr6-137866318-137867997	5
0.00514627599131452	1.52139128784484	0.39	0.106	1	chr16-4846151-4848736	5
0.00526934803037152	1.19442305165705	0.512	0.255	1	chr6-85671969-85680735	5
0.00537784035063016	2.2101711322732	0.293	0.064	1	chr1-215539319-215541041	5
0.00537784035063016	2.14953087652825	0.293	0.064	1	chr10-79904281-79905823	5
0.00537987415788551	2.55781553259322	0.244	0.043	1	chr21-28538612-28539939	5
0.00553919871502346	1.28827264465068	0.488	0.234	1	chr8-86341278-86345116	5
0.00556405937596459	1.38662629194121	0.415	0.149	1	chr1-15523680-15527841	5
0.00558287264188303	1.50877528512568	0.415	0.128	1	chr3-129159642-129163166	5
0.00559331207141994	2.16475425879608	0.293	0.064	1	chr1-54272636-54275868	5
0.00559331207141994	2.04560048996897	0.293	0.064	1	chr12-54032219-54034440	5
0.00561699789672853	2.80148400313908	0.244	0.043	1	chr5-95641534-95644907	5
0.00564535208497968	1.97740506929755	0.317	0.085	1	chr8-144498322-144504619	5
0.00586351049230946	2.58572263119585	0.244	0.043	1	chr1-6624623-6626270	5
0.00596546334471743	1.61284120105632	0.39	0.149	1	chr20-50929247-50932422	5
0.00600092125221837	0.790912301406801	0.732	0.553	1	chr1-155123709-155137365	5
0.00604777463025788	2.09166308029098	0.293	0.064	1	chr2-101079611-101081095	5
0.00604777463025788	2.14688734661441	0.293	0.064	1	chr9-113480697-113482025	5
0.00611973331254942	2.61189860492818	0.244	0.043	1	chr11-65556942-65561086	5
0.00611973331254942	2.5669187995511	0.244	0.043	1	chr21-45454665-45455929	5
0.00638599649105014	2.53839604816583	0.244	0.043	1	chr1-246617115-246618604	5
0.00638599649105014	2.55533886498779	0.244	0.043	1	chr6-74182554-74183759	5
0.00638599649105014	2.62146369023522	0.244	0.043	1	chr9-113463224-113466298	5
0.00643263795462302	1.24257155616991	0.512	0.213	1	chr1-33126518-33128065	5
0.00652697690295016	3.56738981663177	0.195	0.021	1	chr3-187403554-187404476	5
0.00652697690295016	3.66110239114684	0.195	0.021	1	chr10-11684635-11686283	5
0.00653523751934655	2.06011884555101	0.293	0.064	1	chr4-87219069-87221264	5
0.00653523751934655	2.07810466837317	0.293	0.064	1	chr12-81141103-81143634	5
0.00653523751934655	2.08694086549197	0.293	0.064	1	chr13-48000139-48001908	5
0.0065401315246665	1.67982447676569	0.366	0.128	1	chr7-116861943-116863926	5
0.00666263907296165	2.49813010348507	0.244	0.043	1	chr1-205226935-205228500	5
0.00666263907296165	2.57126419992862	0.244	0.043	1	chr6-170152305-170153667	5
0.00666263907296165	2.58925977007852	0.244	0.043	1	chr17-81701764-81704862	5
0.00675994157014254	1.52882309186331	0.415	0.149	1	chr1-225841774-225851818	5
0.00676835526542715	1.72668947881974	0.341	0.106	1	chr1-202056444-202057810	5
0.00680331529033389	2.18253975018382	0.268	0.064	1	chr7-114084286-114087452	5
0.00684783914498282	3.35154509372134	0.195	0.021	1	chr1-21329113-21330670	5
0.00684783914498282	3.33225954875417	0.195	0.021	1	chr1-111044975-111045982	5
0.00684783914498282	3.47439748001701	0.195	0.021	1	chr1-171126133-171127293	5
0.00684783914498282	3.35304202525739	0.195	0.021	1	chr8-138259499-138262518	5
0.00684783914498282	3.57322862216205	0.195	0.021	1	chr10-114489314-114490211	5
0.00684783914498282	3.50389796851717	0.195	0.021	1	chr12-132489553-132492762	5
0.00684783914498282	3.4192167000274	0.195	0.021	1	chr17-49514983-49516462	5
0.00689064625639514	1.35070619946613	0.439	0.17	1	chr8-128427563-128430444	5
0.00693154572173274	1.72982296535865	0.341	0.085	1	chr19-17214599-17216129	5
0.00695000915942174	2.54143284727092	0.244	0.043	1	chr1-32208382-32209833	5
0.00695000915942174	2.48182166497685	0.244	0.043	1	chr9-97979588-97981460	5
0.00695000915942174	2.46802497202101	0.244	0.043	1	chr14-103879181-103881709	5
0.00705775618840833	2.02373956834875	0.293	0.064	1	chr3-61418217-61419588	5
0.00707732024604707	2.266617361912	0.268	0.064	1	chr1-190477356-190479970	5
0.0071828039277257	3.3399853384674	0.195	0.021	1	chr1-154876690-154878933	5
0.0071828039277257	3.29378546658406	0.195	0.021	1	chr1-234750942-234751952	5
0.0071828039277257	3.35615779559856	0.195	0.021	1	chr2-109644093-109645532	5
0.0071828039277257	3.31386690836377	0.195	0.021	1	chr3-183285556-183286427	5
0.0071828039277257	3.3082249339148	0.195	0.021	1	chr4-150315867-150317021	5
0.0071828039277257	3.29569946019693	0.195	0.021	1	chr4-190020559-190021775	5
0.0071828039277257	3.3977574961304	0.195	0.021	1	chr7-138563449-138565139	5
0.0071828039277257	3.2931084334189	0.195	0.021	1	chr13-83730178-83731702	5
0.0071828039277257	3.287195152853	0.195	0.021	1	chr16-3129029-3130209	5
0.00724846405036652	2.4574778763011	0.244	0.043	1	chr1-85550642-85551836	5
0.00725760824476493	1.8410984158802	0.341	0.106	1	chr1-9835303-9836969	5
0.00725904195967959	1.51112209302688	0.39	0.149	1	chr3-11600130-11603273	5
0.00730247815492891	1.93345384533929	0.317	0.085	1	chr8-135513919-135516615	5
0.00736119335597135	2.20985892974439	0.268	0.064	1	chr3-148600772-148602954	5
0.00753240261929685	3.27934664513837	0.195	0.021	1	chr2-183036934-183039044	5
0.00753240261929685	3.29542298493399	0.195	0.021	1	chr6-39083164-39087389	5
0.00753240261929685	3.32347181647302	0.195	0.021	1	chr9-100411286-100412301	5
0.00753240261929685	3.34699810283553	0.195	0.021	1	chr10-18139888-18142221	5
0.00753240261929685	3.24454501920633	0.195	0.021	1	chr14-53963329-53964132	5
0.00753240261929685	3.23627742335622	0.195	0.021	1	chr16-30804956-30806859	5
0.00753240261929685	3.27677490402593	0.195	0.021	1	chr16-77062868-77064419	5
0.00753240261929685	3.30149393377836	0.195	0.021	1	chr19-33684078-33684865	5
0.00755837038550589	2.40667289122132	0.244	0.043	1	chr10-79423973-79425424	5
0.00777836575770439	1.69195065910781	0.341	0.106	1	chr14-93016539-93020179	5
0.00785014667923962	1.85287610401046	0.317	0.085	1	chr1-211541330-211543818	5
0.00785014667923962	1.88553489862767	0.317	0.085	1	chr9-7327979-7329173	5
0.00785014667923962	1.81189042271538	0.317	0.085	1	chrX-78103395-78105440	5
0.00789718223600359	3.16214338215826	0.195	0.021	1	chr1-47569573-47570459	5
0.00789718223600359	3.21364944975531	0.195	0.021	1	chr1-176374744-176375464	5
0.00789718223600359	3.20338730782134	0.195	0.021	1	chr2-21639570-21640715	5
0.00789718223600359	3.3005184197194	0.195	0.021	1	chr6-11217082-11218279	5
0.00789718223600359	3.22531592545669	0.195	0.021	1	chr10-121069450-121072129	5
0.00790325877919167	1.05416614293691	0.61	0.362	1	chr5-154753351-154758751	5
0.00795976995222478	2.25061897350866	0.268	0.064	1	chr11-34825320-34826486	5
0.00799572829027031	1.65568619143663	0.366	0.128	1	chr21-36319589-36322331	5
0.00806683831608875	1.18055540318783	0.537	0.277	1	chr8-144521421-144529722	5
0.00813754560654951	1.85981779049047	0.317	0.085	1	chr16-67429695-67432657	5
0.00815041328134461	1.28681622374524	0.512	0.255	1	chr1-234956838-234964911	5
0.00821405147737933	2.32722866275538	0.244	0.043	1	chr1-225815777-225818688	5
0.00821405147737933	2.36086495123041	0.244	0.043	1	chr6-86030844-86032596	5
0.00821405147737933	2.4077697937112	0.244	0.043	1	chr18-31684340-31686170	5
0.00825595842786279	1.50550782141369	0.39	0.149	1	chr10-104328341-104332875	5
0.00826472746420872	1.67773829215734	0.366	0.128	1	chr1-51877546-51879840	5
0.00827770569973446	3.05634835076761	0.195	0.021	1	chr2-105454761-105456243	5
0.00827770569973446	3.21884338085214	0.195	0.021	1	chr6-1609233-1611015	5
0.00827770569973446	3.15210877275306	0.195	0.021	1	chr6-44264713-44265943	5
0.00827770569973446	3.31869227157381	0.195	0.021	1	chr11-117907021-117908059	5
0.00827770569973446	3.15279756926714	0.195	0.021	1	chr18-63237443-63238676	5
0.00843432660137119	1.80221955834232	0.317	0.085	1	chr2-27488992-27490475	5
0.00855168960180646	1.33268098085127	0.439	0.17	1	chr1-208242888-208245834	5
0.00856060745120378	2.25405134808637	0.244	0.043	1	chr12-56956873-56958078	5
0.00856986701173666	1.15976780279691	0.488	0.213	1	chr1-234530736-234535030	5
0.00857697305331629	1.46165928697503	0.39	0.17	1	chr4-183987156-183990082	5
0.0086015709235483	2.13403044583306	0.268	0.064	1	chr6-166655088-166656109	5
0.0086015709235483	2.18370611609745	0.268	0.064	1	chr17-13415620-13416630	5
0.00862237581182207	1.66241764713002	0.341	0.106	1	chr1-236147386-236151687	5
0.00867455209008553	3.1111529250484	0.195	0.021	1	chr2-25372888-25374138	5
0.00867455209008553	3.0539564962932	0.195	0.021	1	chr2-170815596-170818122	5
0.00867455209008553	2.95859142425274	0.195	0.021	1	chr6-29752278-29753976	5
0.00867455209008553	3.06964570396173	0.195	0.021	1	chr6-104527580-104528748	5
0.00867455209008553	2.97939780940576	0.195	0.021	1	chr6-123802257-123804231	5
0.00867455209008553	3.15172204651544	0.195	0.021	1	chr8-689486-690602	5
0.00867455209008553	3.03817301910066	0.195	0.021	1	chr8-100457267-100459599	5
0.00867455209008553	3.08339676529539	0.195	0.021	1	chr10-24457621-24458483	5
0.00867455209008553	3.0165358547044	0.195	0.021	1	chr21-46227924-46229973	5
0.00871671750304788	1.74908689540053	0.317	0.106	1	chr1-201153443-201155184	5
0.0088161578446228	1.42308694238666	0.439	0.17	1	chr2-178477835-178481375	5
0.0088577252941075	1.80803872213765	0.293	0.064	1	chr18-35580624-35583854	5
0.00892017756903307	2.36916342223228	0.244	0.043	1	chr20-3221891-3224422	5
0.00892138478518608	1.66570894794933	0.341	0.106	1	chr16-21597722-21600924	5
0.0090883168906673	3.00279690959987	0.195	0.021	1	chr1-29235943-29238057	5
0.0090883168906673	2.98882617151132	0.195	0.021	1	chr7-106064665-106066379	5
0.0090883168906673	2.88252023811477	0.195	0.021	1	chr10-113735660-113737131	5
0.0090883168906673	3.09809071115181	0.195	0.021	1	chr16-84332915-84334055	5
0.0090883168906673	3.01691164183801	0.195	0.021	1	chr20-36573335-36576038	5
0.0090883168906673	2.99402750348986	0.195	0.021	1	chr20-62576736-62578136	5
0.00922962104432477	1.69669762367216	0.341	0.106	1	chr6-57171746-57174463	5
0.00928924269858085	2.19393159765381	0.268	0.064	1	chr1-202085444-202088601	5
0.00928924269858085	2.14207991483221	0.268	0.064	1	chr19-35627981-35629591	5
0.0095089403359272	1.93119037811233	0.293	0.085	1	chr1-164611422-164613839	5
0.00951961222902379	2.997771993954	0.195	0.021	1	chr1-68213872-68215545	5
0.00951961222902379	2.97056200257472	0.195	0.021	1	chr1-220239721-220240460	5
0.00951961222902379	2.73863491504507	0.195	0.021	1	chr5-137305885-137308530	5
0.00951961222902379	2.77314236823024	0.195	0.021	1	chr5-159510250-159512466	5
0.00951961222902379	2.96968641353339	0.195	0.021	1	chr7-1473682-1474651	5
0.00951961222902379	2.77801021235295	0.195	0.021	1	chr7-105268254-105269734	5
0.00951961222902379	2.90614848902174	0.195	0.021	1	chr11-118194207-118195788	5
0.00951961222902379	2.80574934798227	0.195	0.021	1	chr12-98753919-98754679	5
0.00951961222902379	2.85949519745267	0.195	0.021	1	chr14-94598677-94599903	5
0.00951961222902379	2.93308761356301	0.195	0.021	1	chrX-37824478-37825643	5
0.00952840686634617	1.19938828510592	0.512	0.298	1	chr5-179817925-179834397	5
0.00955622597365966	2.56882478064638	0.22	0.043	1	chr3-52693339-52699151	5
0.00965114085687991	2.12613779414551	0.268	0.064	1	chr9-122374770-122377382	5
0.00965114085687991	2.10606045629531	0.268	0.064	1	chr12-6551538-6554913	5
0.00965114085687991	2.08967480383446	0.268	0.064	1	chr12-101617945-101620958	5
0.00973494693279898	1.57660750456156	0.366	0.128	1	chr9-2426748-2428233	5
0.00973494693279898	1.45026601928812	0.366	0.128	1	chr19-39823616-39825258	5
0.00994858401017989	1.45457894055605	0.439	0.17	1	chr8-133849990-133852811	5
0.00996827988083301	2.68255492237523	0.22	0.043	1	chr1-205542990-205544326	5
0.00996827988083301	2.65015374218918	0.22	0.043	1	chr4-46647791-46648631	5
0.00996827988083301	2.66012291788793	0.22	0.043	1	chr6-3397632-3399994	5
0.00996827988083301	2.55299144340988	0.22	0.043	1	chr17-81379000-81380076	5
0.0100069206383225	1.41297911791756	0.415	0.17	1	chr16-66693977-66697764	5
0.0100255552785579	2.10329490806624	0.268	0.064	1	chr7-137953203-137954949	5
0.0100811773205213	2.30223902044885	0.244	0.043	1	chr6-3023543-3025399	5
0.0101665016089369	1.57562778500114	0.341	0.128	1	chr9-117399732-117402297	5
0.010212136057042	1.66507710603926	0.341	0.106	1	chr13-50357007-50358845	5
0.0102985523373512	1.51469855133873	0.39	0.149	1	chr2-191013031-191015040	5
0.0104128519894375	2.07656631214161	0.268	0.064	1	chr1-39142530-39143277	5
0.0104128519894375	2.02666192823058	0.268	0.064	1	chr3-134249522-134251425	5
0.0105919386591934	1.87052534976178	0.293	0.085	1	chr16-67892461-67894282	5
0.0106545696171855	1.40340090098838	0.39	0.17	1	chr8-47958776-47962026	5
0.0108134050861666	2.02473962158956	0.268	0.064	1	chr1-226737903-226740081	5
0.0108134050861666	2.08352866883347	0.268	0.064	1	chr4-68864178-68866456	5
0.0108401532868458	2.49408824701207	0.22	0.043	1	chr5-177524631-177525734	5
0.0108401532868458	2.52074411146787	0.22	0.043	1	chr9-137592351-137593682	5
0.010881131731326	1.35564020927882	0.439	0.17	1	chr8-144785832-144789758	5
0.0109178458132939	1.68564756823653	0.341	0.106	1	chr1-168750762-168753057	5
0.0109178458132939	1.49672503270919	0.341	0.106	1	chr10-19815232-19817949	5
0.0109765821925614	1.93314021756122	0.293	0.085	1	chr3-172561563-172564097	5
0.0110744483233824	1.51950184513406	0.366	0.128	1	chr6-44245370-44249623	5
0.0110744483233824	1.50060984757377	0.366	0.128	1	chr8-101360083-101362320	5
0.0110817347099818	1.24102239199593	0.439	0.191	1	chr6-112086398-112088408	5
0.0110887769179532	1.84753362401772	0.317	0.106	1	chr11-18383239-18384997	5
0.0110887769179532	1.78992750956844	0.317	0.106	1	chr12-122062472-122064410	5
0.0111788537756105	1.78320913833136	0.317	0.085	1	chr19-39401966-39404391	5
0.0112275968161927	1.96341849424857	0.268	0.064	1	chr3-12405449-12406444	5
0.0112916974484449	1.28525470567432	0.415	0.17	1	chr10-72330794-72332902	5
0.0113010012190716	2.43068348340888	0.22	0.043	1	chr1-204087441-204089884	5
0.011373587787487	1.86839218679002	0.293	0.085	1	chr1-19010029-19011833	5
0.0114429369667936	0.954020663752905	0.561	0.34	1	chr3-39405820-39417996	5
0.0117791628683955	2.45778876139254	0.22	0.043	1	chr8-119976418-119979924	5
0.0117791628683955	2.49624859535605	0.22	0.043	1	chr9-101737724-101739418	5
0.0117791628683955	2.50620102680824	0.22	0.043	1	chr11-75441347-75442931	5
0.0117832893682263	1.69852294235821	0.293	0.085	1	chr21-36698036-36702019	5
0.0118037063474816	1.46358860731358	0.366	0.128	1	chr10-119024874-119027350	5
0.0119021799442705	1.17811921377492	0.439	0.213	1	chr16-73046460-73051579	5
0.0119666207260933	1.56965929449571	0.341	0.128	1	chr1-31412687-31415243	5
0.0120196147440949	0.988491357187434	0.537	0.298	1	chr8-133293418-133298766	5
0.0120942040537335	1.24206286119758	0.439	0.191	1	chr1-110963002-110964701	5
0.0120984663787051	1.9614151064023	0.268	0.064	1	chr1-228374494-228375652	5
0.0122751835516021	2.438990601318	0.22	0.043	1	chr1-94863409-94865821	5
0.0122751835516021	2.41822773197428	0.22	0.043	1	chr6-26364278-26365815	5
0.0122751835516021	2.52877477574845	0.22	0.043	1	chr8-85106419-85108314	5
0.0122751835516021	2.48761837265614	0.22	0.043	1	chr10-80195928-80197453	5
0.0122751835516021	2.38584282304756	0.22	0.043	1	chr14-105313450-105316177	5
0.0122751835516021	2.42059426451006	0.22	0.043	1	chr16-87806262-87807726	5
0.0122751835516021	2.45062337442978	0.22	0.043	1	chr21-44427741-44429153	5
0.0123588236369129	1.63280917735339	0.341	0.128	1	chr19-17305170-17306783	5
0.0123952495490879	1.37297318908056	0.39	0.149	1	chr1-226944283-226947333	5
0.0126421496789525	1.80195720900212	0.293	0.085	1	chr6-45376878-45378818	5
0.012644922848162	2.11302455505297	0.244	0.064	1	chr19-16627259-16629911	5
0.0127896212414093	2.43307264968151	0.22	0.043	1	chr2-173570905-173572772	5
0.0127896212414093	2.34794315429194	0.22	0.043	1	chr3-156816592-156818168	5
0.0127896212414093	2.35695313491239	0.22	0.043	1	chr7-12738521-12739190	5
0.0127896212414093	2.44458046828696	0.22	0.043	1	chr12-79547273-79548328	5
0.0127896212414093	2.41494581828328	0.22	0.043	1	chr13-24219994-24221922	5
0.0127896212414093	2.38614319222255	0.22	0.043	1	chr21-32278019-32280118	5
0.0127896212414093	2.37866277424344	0.22	0.043	1	chr21-43864048-43867575	5
0.0128751147563326	1.55502914647187	0.341	0.106	1	chr13-50319147-50321077	5
0.0130286845179081	1.95373337062048	0.268	0.064	1	chr1-1324210-1326382	5
0.0130920099080492	1.86169123291512	0.293	0.085	1	chr4-1725981-1728774	5
0.0133230466764213	2.36294826066217	0.22	0.043	1	chr4-98777842-98779862	5
0.0133230466764213	2.2963221352994	0.22	0.043	1	chr5-34486100-34488175	5
0.0133230466764213	2.37269732346793	0.22	0.043	1	chr6-40906752-40908122	5
0.0133230466764213	2.34668215048749	0.22	0.043	1	chr9-89675229-89677153	5
0.0133230466764213	2.35721860046299	0.22	0.043	1	chr10-123742882-123745261	5
0.0133230466764213	2.24813198806128	0.22	0.043	1	chr16-69565120-69567808	5
0.0135170936119015	1.91680650847469	0.268	0.064	1	chr5-135397683-135399811	5
0.0135170936119015	1.92207627742882	0.268	0.064	1	chr6-52917843-52919965	5
0.0135170936119015	1.85880977659013	0.268	0.064	1	chr7-128403879-128406755	5
0.0135559692189698	1.79957872649041	0.293	0.085	1	chr1-114779748-114781217	5
0.0135613637758489	1.56472925604887	0.317	0.106	1	chr8-143983779-143987057	5
0.013579023240706	1.35705507252265	0.39	0.149	1	chr12-128822871-128825162	5
0.0136052580523534	0.854906375391356	0.683	0.383	1	chr10-28676867-28686146	5
0.0136769432919369	3.48640807736025	0.171	0.021	1	chr6-6225596-6226509	5
0.0136769432919369	3.15187969445134	0.171	0.021	1	chr6-47656034-47656823	5
0.0136769432919369	3.23574194583302	0.171	0.021	1	chr10-24867128-24867639	5
0.0136769432919369	3.45494710925554	0.171	0.021	1	chr12-105020039-105021062	5
0.0136866545122549	1.10004730555299	0.463	0.234	1	chr1-205629787-205633795	5
0.013728969120674	1.90649466607983	0.268	0.085	1	chr2-109350717-109352395	5
0.0138760434641422	2.44053808557799	0.22	0.043	1	chr3-3798795-3802230	5
0.0138760434641422	2.32581128114716	0.22	0.043	1	chr3-124814497-124815422	5
0.0138760434641422	2.46580240731599	0.22	0.043	1	chr3-138468298-138469808	5
0.0138760434641422	2.29840476616837	0.22	0.043	1	chr5-65481390-65484203	5
0.0138760434641422	2.35167538880122	0.22	0.043	1	chr21-43879742-43880971	5
0.0140216100715841	1.93144014097932	0.268	0.064	1	chr1-27601195-27604665	5
0.0141686367782218	2.11955356259724	0.244	0.064	1	chr12-1830295-1831732	5
0.0142031325997826	1.54173865189603	0.317	0.085	1	chr6-96836141-96838162	5
0.0143307119886001	3.07676321920635	0.171	0.021	1	chr1-107225265-107226601	5
0.0143307119886001	3.11887186269551	0.171	0.021	1	chr1-151195285-151196914	5
0.0143307119886001	3.08899702235702	0.171	0.021	1	chr2-231377925-231378920	5
0.0143307119886001	3.1199316803513	0.171	0.021	1	chr3-174333413-174334580	5
0.0143307119886001	3.12084418800784	0.171	0.021	1	chr5-11384222-11385717	5
0.0143307119886001	3.09636680473804	0.171	0.021	1	chr5-128782158-128783070	5
0.0143307119886001	3.15504548907255	0.171	0.021	1	chr5-155192842-155193585	5
0.0143307119886001	3.31366726441834	0.171	0.021	1	chr13-23570067-23571284	5
0.0143307119886001	3.07973039044103	0.171	0.021	1	chr14-101305707-101306772	5
0.0143307119886001	3.19662844534661	0.171	0.021	1	chr18-12009398-12013862	5
0.0143670485592805	1.22152119000607	0.415	0.191	1	chrX-70132200-70134646	5
0.0144492081766823	2.3839452645796	0.22	0.043	1	chr2-3348492-3349986	5
0.0144492081766823	2.29781766479519	0.22	0.043	1	chr5-1227255-1228371	5
0.0144492081766823	2.34739423830017	0.22	0.043	1	chr6-83434148-83434992	5
0.0145276634837832	1.7125353454762	0.293	0.085	1	chr1-40449524-40450907	5
0.0145276634837832	1.73824902862204	0.293	0.085	1	chr1-107571407-107574152	5
0.0145276634837832	1.73375874326593	0.293	0.085	1	chr10-28773350-28774961	5
0.0147113871165257	2.03462153168722	0.244	0.064	1	chr14-58170787-58171925	5
0.0147815665395005	1.22208503301538	0.439	0.191	1	chr7-55963922-55967588	5
0.0147859383337406	1.24484999445642	0.415	0.191	1	chr16-15575557-15578260	5
0.0149862579074792	0.973847985322234	0.585	0.277	1	chr3-69084107-69088609	5
0.0150118926665446	3.19075257111985	0.171	0.021	1	chr1-175590504-175592273	5
0.0150118926665446	3.06823218612527	0.171	0.021	1	chr2-224926228-224928335	5
0.0150118926665446	3.24478525767165	0.171	0.021	1	chr2-225020786-225022975	5
0.0150118926665446	3.1619218227608	0.171	0.021	1	chr3-48598148-48600013	5
0.0150118926665446	3.15798288811689	0.171	0.021	1	chr3-174949171-174950437	5
0.0150118926665446	3.11258976824224	0.171	0.021	1	chr4-41537980-41540018	5
0.0150118926665446	3.09288731299357	0.171	0.021	1	chr6-170279794-170280976	5
0.0150118926665446	3.03901796076099	0.171	0.021	1	chr9-16039291-16041022	5
0.0150118926665446	3.15788907169637	0.171	0.021	1	chr10-27197946-27200336	5
0.0150118926665446	3.05449193906077	0.171	0.021	1	chr10-69450966-69452320	5
0.0150118926665446	3.11034661685874	0.171	0.021	1	chr12-109597445-109598395	5
0.0150118926665446	3.05136039686092	0.171	0.021	1	chr13-96983708-96984675	5
0.0150118926665446	3.06092495985983	0.171	0.021	1	chr14-75458761-75460065	5
0.0150118926665446	3.23169610496391	0.171	0.021	1	chr14-92601892-92602536	5
0.0150118926665446	3.1055448121758	0.171	0.021	1	chr17-2686264-2687829	5
0.0150118926665446	3.18343565199605	0.171	0.021	1	chr17-82636047-82637245	5
0.0150431504387853	2.24569193489657	0.22	0.043	1	chr1-18463988-18465285	5
0.0150431504387853	2.11195386599033	0.22	0.043	1	chr1-32142343-32143547	5
0.0150431504387853	2.24846609286065	0.22	0.043	1	chr1-230380537-230382398	5
0.0150431504387853	2.10042869983233	0.22	0.043	1	chr6-170024859-170027190	5
0.0150807388364288	1.75550627956439	0.268	0.064	1	chr5-77490970-77493010	5
0.0150807388364288	1.82712460118249	0.268	0.064	1	chr12-111756380-111759167	5
0.0154375635277971	1.47255068288466	0.341	0.128	1	chr1-68495367-68497909	5
0.0154375635277971	1.55176294305257	0.341	0.128	1	chr17-10797559-10801029	5
0.0154449973555627	1.13885417414147	0.463	0.213	1	chr3-121834021-121835933	5
0.015560258753658	1.75062029172459	0.293	0.085	1	chr9-33000192-33003202	5
0.0156403245725461	1.26995399599651	0.439	0.191	1	chr9-15551783-15553878	5
0.0156584930078004	2.32221734591889	0.22	0.043	1	chr1-209576436-209577393	5
0.0157214350448804	3.04038058001864	0.171	0.021	1	chr3-50272752-50273537	5
0.0157214350448804	2.97918882239143	0.171	0.021	1	chr4-12410754-12411696	5
0.0157214350448804	3.14462623079685	0.171	0.021	1	chr4-85796380-85797338	5
0.0157214350448804	3.03096936316353	0.171	0.021	1	chr6-1290005-1291376	5
0.0157214350448804	3.04350341327523	0.171	0.021	1	chr6-31185585-31187075	5
0.0157214350448804	2.95835868260674	0.171	0.021	1	chr6-44312729-44313666	5
0.0157214350448804	2.99933150105479	0.171	0.021	1	chr8-89848164-89849718	5
0.0157214350448804	2.96589416689275	0.171	0.021	1	chr8-106608243-106609159	5
0.0157214350448804	3.01466915193223	0.171	0.021	1	chr10-4541156-4541953	5
0.0157214350448804	2.96909124740435	0.171	0.021	1	chr16-57676298-57678488	5
0.0157214350448804	3.01870039030969	0.171	0.021	1	chr16-69481723-69483140	5
0.0157214350448804	3.10683025360313	0.171	0.021	1	chr20-56787494-56788717	5
0.0157214350448804	3.02313150103553	0.171	0.021	1	chr22-47878142-47879102	5
0.0157214350448804	3.03078206501809	0.171	0.021	1	chrX-11477707-11478752	5
0.0157214350448804	3.07670429681673	0.171	0.021	1	chrX-72227447-72228589	5
0.0158521224216895	2.0484992134586	0.244	0.064	1	chr10-28375300-28376414	5
0.0158521224216895	2.08730869812667	0.244	0.064	1	chr13-21175443-21178040	5
0.0158993483319428	1.05841054689299	0.488	0.234	1	chr1-75785264-75791670	5
0.0159284659798956	1.53878221842155	0.341	0.128	1	chr11-129315449-129316616	5
0.0161003705675118	1.63649820703508	0.293	0.085	1	chr2-178072282-178073652	5
0.0161003705675118	1.71978711918211	0.293	0.085	1	chr5-134058543-134060258	5
0.0161260706025869	1.36049819036551	0.366	0.128	1	chr6-157322757-157324407	5
0.0162097052717556	1.80726001322306	0.268	0.064	1	chr20-25225578-25228025	5
0.0162958718452204	2.26170072457088	0.22	0.043	1	chr1-213153346-213155265	5
0.0162958718452204	2.29606045132612	0.22	0.043	1	chr6-3825177-3826876	5
0.0163670926192677	0.719860570962374	0.707	0.489	1	chr1-243253112-243257141	5
0.0164511306749538	2.01024600127104	0.244	0.064	1	chr10-5360007-5361033	5
0.0164603120974744	2.955497805042	0.171	0.021	1	chr1-37752181-37753628	5
0.0164603120974744	2.94946205626501	0.171	0.021	1	chr1-48677075-48678060	5
0.0164603120974744	3.08538984306319	0.171	0.021	1	chr1-67618218-67619522	5
0.0164603120974744	2.99858578507051	0.171	0.021	1	chr1-192489667-192490259	5
0.0164603120974744	3.10127556844941	0.171	0.021	1	chr4-15469191-15470660	5
0.0164603120974744	2.99112660636592	0.171	0.021	1	chr4-101018837-101022045	5
0.0164603120974744	3.06089863724548	0.171	0.021	1	chr5-144549023-144550220	5
0.0164603120974744	3.06548171464969	0.171	0.021	1	chr6-5033489-5035572	5
0.0164603120974744	2.99733094973819	0.171	0.021	1	chr6-56851671-56853012	5
0.0164603120974744	3.08372512369331	0.171	0.021	1	chr7-46286921-46288175	5
0.0164603120974744	2.99917755075093	0.171	0.021	1	chr7-151303194-151305323	5
0.0164603120974744	2.97718483574111	0.171	0.021	1	chr8-98913232-98913974	5
0.0164603120974744	3.02850787509542	0.171	0.021	1	chr12-25333678-25334441	5
0.0164603120974744	3.00662048152144	0.171	0.021	1	chr12-42744314-42745280	5
0.0164603120974744	2.8766671062121	0.171	0.021	1	chr14-51472660-51473896	5
0.0164603120974744	3.00581304721012	0.171	0.021	1	chr16-52862789-52863711	5
0.0164603120974744	2.99117170804354	0.171	0.021	1	chr18-25423354-25425475	5
0.0164603120974744	3.02155720235204	0.171	0.021	1	chrX-71181523-71182689	5
0.0165426735025221	1.15936638611515	0.439	0.191	1	chr5-139373216-139374919	5
0.0166267680535245	1.42598047456081	0.366	0.128	1	chrX-38802601-38807641	5
0.016656893282067	1.72300077297074	0.293	0.085	1	chr4-99087860-99089851	5
0.0167371000183781	1.22373449509853	0.39	0.149	1	chr19-21020091-21021666	5
0.0169516060707953	1.44798899510893	0.341	0.128	1	chr5-180828765-180833157	5
0.0169516060707953	1.35197645640794	0.341	0.128	1	chrX-2608535-2610661	5
0.0169556491590278	1.87214053787931	0.268	0.085	1	chr1-177584991-177586338	5
0.016955936179403	2.18022080818767	0.22	0.043	1	chr14-100302300-100303517	5
0.016955936179403	2.19627762751878	0.22	0.043	1	chr21-40052859-40055011	5
0.0170699314487991	2.05690863962261	0.244	0.064	1	chr5-68592687-68594106	5
0.0170699314487991	2.13703275166298	0.244	0.064	1	chr10-104304580-104306876	5
0.0171620323006151	1.31689761563284	0.39	0.17	1	chr1-41043981-41047235	5
0.0172295201797545	2.98639161157652	0.171	0.021	1	chr1-71049734-71050466	5
0.0172295201797545	2.74631534406006	0.171	0.021	1	chr1-215583068-215584123	5
0.0172295201797545	2.88800691399089	0.171	0.021	1	chr2-190647832-190650411	5
0.0172295201797545	3.00520940074151	0.171	0.021	1	chr5-56097089-56098582	5
0.0172295201797545	2.98991146017483	0.171	0.021	1	chr6-106858558-106859219	5
0.0172295201797545	2.99768041951517	0.171	0.021	1	chr6-134516836-134518061	5
0.0172295201797545	2.97897086982353	0.171	0.021	1	chr6-148885784-148888120	5
0.0172295201797545	2.93570103685374	0.171	0.021	1	chr7-81073232-81074124	5
0.0172295201797545	2.89543733845767	0.171	0.021	1	chr10-114499304-114500494	5
0.0172295201797545	2.88159409913518	0.171	0.021	1	chr12-116658370-116659357	5
0.0172295201797545	2.95944607996565	0.171	0.021	1	chr14-49220291-49221199	5
0.0172295201797545	2.90419800338288	0.171	0.021	1	chr18-25503402-25504130	5
0.0172295201797545	2.93769472588826	0.171	0.021	1	chr18-44802836-44803681	5
0.0172295201797545	2.98299229104663	0.171	0.021	1	chr19-15195198-15196516	5
0.017230236835213	1.79788266817183	0.293	0.085	1	chr1-10665610-10670704	5
0.0172806561100442	0.817841532304037	0.585	0.34	1	chr10-73997209-74000248	5
0.0175537162690971	1.75118381418663	0.268	0.085	1	chr1-84253680-84254454	5
0.0175537162690971	1.8048607795563	0.268	0.085	1	chr6-106628578-106630752	5
0.0176095315366363	1.5055373093332	0.317	0.106	1	chr8-86617976-86619438	5
0.0176095315366363	1.54463627647367	0.317	0.106	1	chrX-7925794-7928154	5
0.0176393485590923	2.13073236508458	0.22	0.043	1	chr8-136529951-136531976	5
0.0176393485590923	2.17104203210482	0.22	0.043	1	chr14-20332146-20333816	5
0.0176393485590923	2.1372569053908	0.22	0.043	1	chr14-93759405-93760809	5
0.0177090613366607	1.99659373150927	0.244	0.064	1	chr8-108759872-108761141	5
0.0177409639962897	1.57134467441542	0.317	0.128	1	chr1-44774428-44782271	5
0.0178208182730246	1.63039518898914	0.293	0.085	1	chr1-220299961-220301267	5
0.0179275443716891	1.71810072522287	0.293	0.106	1	chr6-41712232-41714063	5
0.0179819142518187	1.26206192837707	0.439	0.191	1	chr6-117481929-117484635	5
0.018030079133909	2.89704580417681	0.171	0.021	1	chr1-76006035-76006951	5
0.018030079133909	2.79914410644423	0.171	0.021	1	chr1-209807903-209808734	5
0.018030079133909	2.75503120511483	0.171	0.021	1	chr1-246159736-246162315	5
0.018030079133909	2.83500346095871	0.171	0.021	1	chr2-133886542-133887939	5
0.018030079133909	2.84869381214405	0.171	0.021	1	chr2-135004028-135005559	5
0.018030079133909	2.73855169874029	0.171	0.021	1	chr4-169092458-169093978	5
0.018030079133909	2.7812309948229	0.171	0.021	1	chr5-141591790-141592747	5
0.018030079133909	2.81008724368532	0.171	0.021	1	chr6-48638161-48639582	5
0.018030079133909	2.81932742505614	0.171	0.021	1	chr6-87731697-87732602	5
0.018030079133909	2.79400000961764	0.171	0.021	1	chr6-99308266-99310967	5
0.018030079133909	2.87520740854702	0.171	0.021	1	chr6-143222922-143224502	5
0.018030079133909	2.86433294935569	0.171	0.021	1	chr7-154422919-154424090	5
0.018030079133909	2.86640636118234	0.171	0.021	1	chr8-93518762-93519861	5
0.018030079133909	2.75810085846665	0.171	0.021	1	chr8-102179216-102180031	5
0.018030079133909	2.83011009677611	0.171	0.021	1	chr10-68096906-68097614	5
0.018030079133909	2.89534945678241	0.171	0.021	1	chr11-8707402-8708747	5
0.018030079133909	2.80649339589553	0.171	0.021	1	chr12-48296404-48297308	5
0.018030079133909	2.72720497227092	0.171	0.021	1	chr14-73723419-73724753	5
0.018030079133909	2.88774964506332	0.171	0.021	1	chr17-17680798-17683753	5
0.018030079133909	2.79841524484721	0.171	0.021	1	chr18-49021149-49022418	5
0.018030079133909	2.74271657513379	0.171	0.021	1	chr18-51890643-51891388	5
0.018030079133909	2.89879525422914	0.171	0.021	1	chr21-35050791-35051943	5
0.0183467848973534	2.05553442042161	0.22	0.043	1	chr2-72886622-72888450	5
0.0183690669710837	1.95743492293787	0.244	0.064	1	chr1-32195002-32201411	5
0.0183690669710837	1.96243149090178	0.244	0.064	1	chr1-204416839-204419701	5
0.0183690669710837	1.94838016482929	0.244	0.064	1	chr3-169661777-169664040	5
0.0184290617676123	1.68867072777147	0.293	0.085	1	chr8-97697014-97698514	5
0.0186867519920965	1.14360929422349	0.463	0.213	1	chr3-174438372-174442610	5
0.0188630323714412	2.75298659516256	0.171	0.021	1	chr1-116909463-116912473	5
0.0188630323714412	2.76283736011504	0.171	0.021	1	chr1-174964817-174966742	5
0.0188630323714412	2.83975914271903	0.171	0.021	1	chr1-210464100-210465231	5
0.0188630323714412	2.75598484347207	0.171	0.021	1	chr1-223319276-223320058	5
0.0188630323714412	2.74421628379288	0.171	0.021	1	chr3-46913381-46914356	5
0.0188630323714412	2.48547376953069	0.171	0.021	1	chr3-170310057-170310791	5
0.0188630323714412	2.71524876661557	0.171	0.021	1	chr8-139404659-139406366	5
0.0188630323714412	2.65136768987929	0.171	0.021	1	chr11-70247139-70248511	5
0.0188630323714412	2.75599071782866	0.171	0.021	1	chr13-33675948-33677425	5
0.0188630323714412	2.71190821761024	0.171	0.021	1	chr16-55386569-55387511	5
0.0188630323714412	2.8221147931351	0.171	0.021	1	chr17-19671482-19672674	5
0.0188630323714412	2.71648066716009	0.171	0.021	1	chrX-152860608-152861715	5
0.018950308009725	0.860545026786807	0.537	0.34	1	chr1-215566471-215571349	5
0.0190505050465057	1.93883831860415	0.244	0.064	1	chr8-119654847-119656315	5
0.0190505050465057	1.99141830526259	0.244	0.064	1	chr8-121426508-121427886	5
0.0190505050465057	2.03143305412277	0.244	0.064	1	chr16-327011-328113	5
0.0190505050465057	1.95890394437487	0.244	0.064	1	chr17-56592440-56595044	5
0.0190505050465057	1.97286652624027	0.244	0.064	1	chr17-74430078-74432770	5
0.0190789345055327	1.8792345791237	0.22	0.043	1	chr16-67206218-67209682	5
0.0193093823275564	0.914087409702762	0.561	0.298	1	chr3-39382633-39385063	5
0.0193714211903509	1.24703624089433	0.39	0.149	1	chr1-210327916-210330279	5
0.0194378698929348	0.95391659516134	0.537	0.277	1	chr1-166875156-166877145	5
0.0194564005478039	1.07480090701282	0.463	0.234	1	chr1-9161254-9165945	5
0.0194602562891291	1.71126464297407	0.268	0.085	1	chr9-129607360-129608206	5
0.0197539423352731	1.93467818525038	0.244	0.064	1	chr1-218479807-218481648	5
0.0197539423352731	1.93683684027798	0.244	0.064	1	chr2-159249440-159250875	5
0.0197539423352731	1.93354544800393	0.244	0.064	1	chr4-72567368-72570480	5
0.0197539423352731	1.92553930598908	0.244	0.064	1	chr10-59965034-59966133	5
0.0197539423352731	1.90809074549775	0.244	0.064	1	chr16-57462162-57463615	5
0.0197539423352731	1.83772278148019	0.244	0.064	1	chr19-10927639-10930145	5
0.0198026220411026	2.47115030763949	0.195	0.043	1	chr3-185959555-185960892	5
0.0198026220411026	2.49212396448654	0.195	0.043	1	chr5-95857025-95857894	5
0.0201347866509226	1.88029394514409	0.268	0.085	1	chr2-14287728-14288741	5
0.0201533487202051	1.25301308044609	0.415	0.191	1	chr1-214602435-214604734	5
0.020364113467241	1.5100182089687	0.293	0.085	1	chr10-69684053-69686951	5
0.020364113467241	1.54994974171136	0.293	0.085	1	chr19-51702292-51704939	5
0.0203749132064033	1.419007778175	0.341	0.128	1	chr11-120316349-120317790	5
0.0203820863397881	1.2380347850255	0.39	0.17	1	chr6-96520186-96522877	5
0.020419172397278	1.61453615784481	0.293	0.106	1	chrX-123858651-123861487	5
0.0204799556966554	1.87277441240886	0.244	0.064	1	chr8-97774839-97776385	5
0.0206191066658504	2.40079816166635	0.195	0.043	1	chr1-41860319-41863324	5
0.0206191066658504	2.37704509193594	0.195	0.043	1	chr5-80216686-80218359	5
0.0206191066658504	2.25812653018352	0.195	0.043	1	chr7-99993913-99994825	5
0.0206191066658504	2.36406547832468	0.195	0.043	1	chr10-28938521-28941133	5
0.020794642829915	0.973853248550328	0.463	0.213	1	chr6-30212470-30214871	5
0.0211202034261397	1.31882097488862	0.39	0.149	1	chr7-135557313-135559191	5
0.021123890482547	1.06392437508924	0.488	0.255	1	chr4-37684821-37687667	5
0.0212291320786213	1.90114409865065	0.244	0.064	1	chr2-121754847-121756994	5
0.0212291320786213	1.85186216359375	0.244	0.064	1	chr17-75695749-75698368	5
0.0212937443723307	1.21645373641217	0.415	0.191	1	chr2-182714514-182717107	5
0.0213060974377737	1.59519167476811	0.317	0.106	1	chr8-94967460-94968890	5
0.0214647912354571	2.40127779950118	0.195	0.043	1	chr1-179210592-179211602	5
0.0214647912354571	2.43108037383957	0.195	0.043	1	chr1-205352130-205355635	5
0.0214647912354571	2.52305549242351	0.195	0.043	1	chr3-5972276-5973237	5
0.0214647912354571	2.57363830267208	0.195	0.043	1	chr5-91365343-91375321	5
0.0214647912354571	2.33770020596468	0.195	0.043	1	chr16-87635242-87636989	5
0.021494334384811	1.29375172792883	0.366	0.149	1	chr1-114509660-114512325	5
0.0215452837647535	1.75044453417375	0.268	0.085	1	chr1-233613289-233616304	5
0.0218841494514832	1.08224899079788	0.439	0.213	1	chr17-28317889-28320089	5
0.0220020685121446	1.85178024077138	0.244	0.064	1	chr5-124659710-124663377	5
0.0220020685121446	1.95353534144499	0.244	0.064	1	chr8-41541473-41543835	5
0.0220020685121446	1.82821691357622	0.244	0.064	1	chr10-92238724-92241231	5
0.0220020685121446	1.67591136163955	0.244	0.064	1	chr16-53779941-53781726	5
0.0222340341425354	0.967246079123511	0.488	0.255	1	chr6-39088169-39094010	5
0.0222822486129951	1.74612585192737	0.268	0.085	1	chr1-78003227-78006129	5
0.0222822486129951	1.73487034076452	0.268	0.085	1	chr1-156851504-156853396	5
0.0222822486129951	1.69184208939084	0.268	0.085	1	chr12-80924933-80927107	5
0.0222822486129951	1.75381935444343	0.268	0.085	1	chr12-119876548-119877972	5
0.022302329346155	1.46432278328506	0.341	0.128	1	chr1-206908610-206910227	5
0.022302329346155	1.42966459230444	0.341	0.128	1	chr2-85420410-85422255	5
0.022302329346155	1.24662460238612	0.341	0.128	1	chr8-71058446-71060177	5
0.0223405182234422	2.62115814457684	0.195	0.043	1	chr1-76121453-76122900	5
0.0223405182234422	2.17383523440322	0.195	0.043	1	chr1-227999127-227999989	5
0.0223405182234422	2.40944003886483	0.195	0.043	1	chr6-111534189-111534944	5
0.0223405182234422	2.25886938273649	0.195	0.043	1	chr16-56984271-56985636	5
0.0223685181122232	1.07552228536698	0.439	0.191	1	chr9-26955058-26957325	5
0.0227993720978025	1.82062952811574	0.244	0.064	1	chr1-202712723-202713822	5
0.0227993720978025	1.79764350436648	0.244	0.064	1	chr7-4725014-4726532	5
0.0228502503587036	0.729288312138556	0.707	0.404	1	chr5-1127368-1131472	5
0.0229791163890675	1.28064221167828	0.341	0.128	1	chr6-79536304-79538336	5
0.023004959214173	1.26949985989309	0.366	0.17	1	chr5-131262741-131266065	5
0.0230410362745938	1.60329173822671	0.268	0.085	1	chr6-46169541-46171944	5
0.0232076457667061	1.55191780115792	0.293	0.106	1	chr2-20650165-20652049	5
0.0232184352503863	1.57658926752887	0.293	0.085	1	chr6-131062697-131064018	5
0.023247145942912	2.28566968142108	0.195	0.043	1	chr9-75961944-75962846	5
0.023247145942912	2.48199379659727	0.195	0.043	1	chr13-31945000-31946769	5
0.0233859185320512	0.976860192181277	0.463	0.191	1	chr18-74596566-74599301	5
0.023395726938374	1.41313931228406	0.317	0.106	1	chr12-122110767-122112551	5
0.023395726938374	1.43367840308677	0.317	0.106	1	chr17-44688920-44691656	5
0.0236007900394752	1.14628476067728	0.415	0.213	1	chr1-193103818-193106292	5
0.0236216599844378	1.76026748202159	0.244	0.064	1	chr1-166980404-166981441	5
0.0236216599844378	1.89678965137232	0.244	0.064	1	chr1-208476154-208477554	5
0.0236216599844378	1.85927013973835	0.244	0.064	1	chr8-144443271-144445448	5
0.0236216599844378	1.82472245740179	0.244	0.064	1	chr17-74442523-74444987	5
0.0237441201986636	1.16188845435226	0.415	0.191	1	chr9-89602891-89607431	5
0.0237633097095146	0.975137286785724	0.512	0.255	1	chr4-184745562-184751442	5
0.0238221656057499	1.70056451112057	0.268	0.085	1	chr5-14309405-14310852	5
0.0241218305817088	1.1976694751989	0.366	0.149	1	chr9-33263086-33265628	5
0.0241855485036625	2.26734433644683	0.195	0.043	1	chr2-74833464-74836873	5
0.0241855485036625	2.27448555279472	0.195	0.043	1	chr2-109382729-109383496	5
0.0241855485036625	2.27663931563415	0.195	0.043	1	chr2-150858840-150861033	5
0.0241855485036625	2.34716553797466	0.195	0.043	1	chr4-172981945-172982730	5
0.0241855485036625	2.27391369944673	0.195	0.043	1	chr7-123824381-123825252	5
0.0241855485036625	2.27082219482528	0.195	0.043	1	chr18-46273515-46274733	5
0.0243749134109107	0.930146343428237	0.512	0.277	1	chr1-247330460-247337703	5
0.0243863687261679	1.32063411885047	0.341	0.128	1	chr19-3505108-3507718	5
0.0244680538619523	1.23673746648282	0.39	0.191	1	chr7-26198273-26203181	5
0.0244695593396499	1.78590325490975	0.244	0.064	1	chr1-230823925-230826300	5
0.0244695593396499	1.66567973522643	0.244	0.064	1	chr9-122809017-122811077	5
0.0244695593396499	1.84476913321708	0.244	0.064	1	chr20-18056707-18059372	5
0.0246261633485958	1.65471448301461	0.268	0.085	1	chr14-55578918-55581726	5
0.02477157226522	1.51775380438286	0.293	0.085	1	chr3-58019749-58023066	5
0.0248635606462216	2.0522379045001	0.22	0.064	1	chr11-63680829-63683510	5
0.0251566157529566	2.21127126946588	0.195	0.043	1	chr1-49584681-49585855	5
0.0251566157529566	2.25935233676029	0.195	0.043	1	chr1-158144810-158145998	5
0.0251566157529566	2.46016764834516	0.195	0.043	1	chr6-113642569-113643630	5
0.0251566157529566	2.21576860345732	0.195	0.043	1	chr8-139705507-139706719	5
0.0251566157529566	2.3217978678552	0.195	0.043	1	chr10-43025691-43028889	5
0.0253437073118886	1.65255423094783	0.244	0.064	1	chr1-225746362-225747494	5
0.0253437073118886	1.85023432608637	0.244	0.064	1	chr6-11536918-11538597	5
0.0254535641013603	1.69738107860498	0.268	0.085	1	chr1-208202561-208204547	5
0.0254535641013603	1.5852667708101	0.268	0.085	1	chr2-26242992-26246361	5
0.0254535641013603	1.59483412919085	0.268	0.085	1	chr6-97282232-97283930	5
0.0254535641013603	1.69991175873025	0.268	0.085	1	chr17-21126404-21128105	5
0.0255105979007062	1.52900133177977	0.293	0.106	1	chr1-31154294-31156002	5
0.0255105979007062	1.58881850242625	0.293	0.106	1	chr2-84515771-84517071	5
0.02561023343777	1.01650421520988	0.488	0.277	1	chr12-124912857-124919609	5
0.025647291839795	1.43443518097326	0.317	0.128	1	chr1-223711886-223713484	5
0.025647291839795	1.39804357204723	0.317	0.128	1	chr12-2890079-2891917	5
0.0261612531994713	2.26054488315487	0.195	0.043	1	chr1-27562626-27564732	5
0.0261612531994713	2.18719988839469	0.195	0.043	1	chr2-86631753-86633477	5
0.0261612531994713	2.2435677416571	0.195	0.043	1	chr3-8556949-8557939	5
0.0261612531994713	2.14668241498729	0.195	0.043	1	chr4-9102014-9103521	5
0.0261612531994713	2.20615417897028	0.195	0.043	1	chr8-134753688-134754930	5
0.0262447509839218	1.80683424327351	0.244	0.064	1	chr1-100414516-100415836	5
0.0262447509839218	1.71774914135519	0.244	0.064	1	chr3-149386111-149387495	5
0.0262447509839218	1.55175889238525	0.244	0.064	1	chr12-108855615-108858420	5
0.0262528712509628	0.897074804555357	0.512	0.255	1	chr14-68789185-68796595	5
0.0263049102824609	1.70268131386603	0.268	0.085	1	chr3-160225013-160226492	5
0.0263049102824609	1.64888847698797	0.268	0.085	1	chr6-6007882-6009602	5
0.0263049102824609	1.6630136143214	0.268	0.085	1	chr10-44910660-44912204	5
0.0263209822530941	1.62335055788168	0.293	0.106	1	chr19-30663753-30665206	5
0.0264263261349621	1.43991603628868	0.317	0.128	1	chr8-143290414-143292284	5
0.0264354855461316	1.13009248158303	0.415	0.191	1	chr6-56540920-56543487	5
0.0264714314380066	1.17841271242016	0.39	0.149	1	chr1-236141000-236145578	5
0.0264714314380066	1.25602522044924	0.366	0.17	1	chr1-225425787-225429188	5
0.0267049344558768	1.29342488911078	0.341	0.149	1	chr3-11476947-11482250	5
0.0267276821712021	1.86579139292983	0.22	0.064	1	chr1-199774492-199775211	5
0.0267276821712021	2.01191279681148	0.22	0.064	1	chr8-52918331-52919737	5
0.0267474458265304	0.918436120350933	0.488	0.234	1	chr17-54899645-54903996	5
0.0270233991939768	1.18674521582939	0.366	0.149	1	chr1-184050586-184052749	5
0.0271535166000485	1.53449960819984	0.293	0.106	1	chr8-100558517-100560317	5
0.0271807520883798	1.64808033435409	0.268	0.085	1	chr1-230641924-230643921	5
0.0271807520883798	1.59571723123879	0.268	0.085	1	chr7-65980579-65982882	5
0.0272003819199154	2.03354089173704	0.195	0.043	1	chr1-45507439-45510713	5
0.0272003819199154	2.16633923979453	0.195	0.043	1	chr3-193214097-193215576	5
0.0272003819199154	2.27370309657063	0.195	0.043	1	chr15-42023942-42025775	5
0.0272003819199154	2.05391850653472	0.195	0.043	1	chr16-35598678-35599506	5
0.0272003819199154	2.03449963613954	0.195	0.043	1	chr16-65812934-65814535	5
0.0272003819199154	2.14385967743926	0.195	0.043	1	chr17-37449538-37451220	5
0.0272003819199154	2.17229901842276	0.195	0.043	1	chr17-79796105-79798092	5
0.0272003819199154	2.18066801311985	0.195	0.043	1	chr21-44871913-44874394	5
0.0272697765473533	1.33952428205881	0.293	0.085	1	chr1-27934528-27936003	5
0.0274272872947105	1.0372730866303	0.463	0.255	1	chr6-43626824-43630713	5
0.0274272872947105	1.04082507065169	0.463	0.255	1	chr16-81094953-81097304	5
0.027481263948969	1.31218643174545	0.341	0.149	1	chr2-121035563-121037297	5
0.0277694289167347	1.83808906517327	0.244	0.085	1	chr6-84026317-84028492	5
0.0277942150975149	1.16800207706706	0.366	0.149	1	chr20-36152556-36155400	5
0.0279794867524013	1.18092887281748	0.366	0.17	1	chr9-33289464-33291497	5
0.0280086803394584	1.45237889697885	0.293	0.106	1	chr1-217076183-217079144	5
0.0280086803394584	1.56025966734235	0.293	0.106	1	chr6-35258728-35260633	5
0.0280458985303204	1.46045427314653	0.317	0.128	1	chr7-30428733-30431210	5
0.0280458985303204	1.44674812690027	0.317	0.128	1	chr14-90511824-90514677	5
0.0282271195928526	0.974662254107723	0.463	0.277	1	chr1-2227052-2232326	5
0.028274938447828	2.13132920087326	0.195	0.043	1	chr1-59070315-59072057	5
0.028274938447828	2.05168786404322	0.195	0.043	1	chr1-193111377-193114420	5
0.028274938447828	2.18270995535684	0.195	0.043	1	chr1-197994390-197996003	5
0.028274938447828	2.11887896009318	0.195	0.043	1	chr1-244322296-244323681	5
0.028274938447828	2.14173094222528	0.195	0.043	1	chr3-115645866-115646731	5
0.028274938447828	2.07575662741645	0.195	0.043	1	chr7-151246830-151250302	5
0.028274938447828	2.15094240931817	0.195	0.043	1	chr8-53880713-53882277	5
0.028274938447828	2.11583466219193	0.195	0.043	1	chr8-74048408-74049463	5
0.028274938447828	2.26293644168016	0.195	0.043	1	chr8-92358347-92359549	5
0.028274938447828	2.01599717263574	0.195	0.043	1	chr8-108139412-108140498	5
0.028274938447828	2.05416812436792	0.195	0.043	1	chr12-14384372-14385597	5
0.028274938447828	2.10929015448034	0.195	0.043	1	chr16-85637385-85640630	5
0.028274938447828	2.15694445557151	0.195	0.043	1	chr19-52600574-52602182	5
0.0288869591406706	1.53661100060531	0.293	0.106	1	chr3-146160079-146162100	5
0.0288872846030068	1.54831580354165	0.317	0.128	1	chr2-106559141-106563271	5
0.0288872846030068	1.40380470840235	0.317	0.128	1	chr3-177357167-177360933	5
0.0289331733192294	0.940470216597428	0.512	0.277	1	chr6-30882475-30887037	5
0.0290081619534852	1.48671291448012	0.268	0.085	1	chr18-74281298-74285073	5
0.0290650982582926	1.28972094815189	0.341	0.128	1	chr11-111730737-111731928	5
0.029092479258872	1.28972141922875	0.341	0.149	1	chr22-46035282-46039795	5
0.0291158748144936	1.5788948667836	0.244	0.064	1	chr5-90887344-90889640	5
0.0291802151635332	1.02849196065199	0.439	0.213	1	chr17-41783865-41787559	5
0.0293858746440712	2.0617227115429	0.195	0.043	1	chr9-127237671-127238476	5
0.0293858746440712	2.16644042162262	0.195	0.043	1	chr9-131608226-131610691	5
0.0293858746440712	2.11013506703458	0.195	0.043	1	chr12-67592593-67593916	5
0.0293858746440712	2.10885801373541	0.195	0.043	1	chr12-74390902-74393803	5
0.0293858746440712	2.034924073516	0.195	0.043	1	chr14-49950587-49952828	5
0.0293858746440712	2.09641964095108	0.195	0.043	1	chr15-98779346-98780228	5
0.0293858746440712	2.07221514124649	0.195	0.043	1	chr17-46971659-46974705	5
0.0293858746440712	2.08743303523475	0.195	0.043	1	chr20-57350790-57352032	5
0.0293928642441523	1.19554754117174	0.366	0.149	1	chr1-156122387-156124373	5
0.0295148423847489	1.55438336484947	0.268	0.106	1	chr2-104754701-104756414	5
0.0295610261991601	1.15708450903136	0.366	0.17	1	chr21-46322361-46326440	5
0.0296408342322469	0.902267328410348	0.512	0.277	1	chr7-90402941-90405151	5
0.0296791920554191	0.870445573415313	0.512	0.255	1	chr1-178092864-178095136	5
0.029749765812337	2.07109464483722	0.22	0.064	1	chr1-43530375-43533535	5
0.029749765812337	1.9291516152034	0.22	0.064	1	chr1-220708948-220711883	5
0.0297577295395546	1.05782370088465	0.439	0.255	1	chr2-44167383-44169960	5
0.0297888448969018	1.51392465751521	0.293	0.106	1	chr18-70132070-70133752	5
0.0297888448969018	1.40239362317315	0.293	0.106	1	chrX-75273390-75275227	5
0.0299156749617506	1.23561333891891	0.341	0.128	1	chr1-72281947-72284813	5
0.0299608688268856	1.58308776503994	0.268	0.085	1	chr14-30558258-30560133	5
0.0300102887062911	1.20902209219149	0.39	0.17	1	chr6-13709687-13713428	5
0.0300102887062911	1.1861310509964	0.39	0.17	1	chr16-4957399-4958836	5
0.0303802261105779	1.28248915894516	0.366	0.17	1	chr12-82357325-82360056	5
0.0304165702307674	1.1290118765656	0.366	0.191	1	chr1-46401445-46402926	5
0.0305341575485456	1.80268694249899	0.195	0.043	1	chr1-165597655-165599049	5
0.0305341575485456	1.95630445614782	0.195	0.043	1	chr9-114778968-114779993	5
0.0305341575485456	2.01130147509026	0.195	0.043	1	chr10-78926898-78928032	5
0.0305341575485456	1.97783519556098	0.195	0.043	1	chr14-104588200-104589130	5
0.0305341575485456	2.01368921975443	0.195	0.043	1	chr15-43929661-43930836	5
0.0306354156967062	1.31634521476476	0.317	0.128	1	chr1-168919940-168921513	5
0.0306354156967062	1.37853552795008	0.317	0.128	1	chr5-131671203-131673820	5
0.0306863854805135	1.73755858134371	0.244	0.085	1	chr4-186203202-186205633	5
0.0308203781194924	1.96581267813608	0.22	0.064	1	chr1-12477764-12479237	5
0.0308203781194924	1.95449600703841	0.22	0.064	1	chr1-117146780-117149036	5
0.0308203781194924	1.83092124220013	0.22	0.064	1	chr2-237966184-237967959	5
0.0308203781194924	1.90593358998211	0.22	0.064	1	chr5-112593748-112594863	5
0.0308203781194924	1.93239654053488	0.22	0.064	1	chr8-124447235-124449370	5
0.0308203781194924	1.90256383260696	0.22	0.064	1	chr11-111960562-111961736	5
0.0310699889507329	1.11219404350974	0.366	0.149	1	chr1-231527720-231529353	5
0.0312188532116714	1.22431389386372	0.366	0.17	1	chr6-52724031-52726968	5
0.0312592314739076	0.621949792427893	0.61	0.426	1	chr1-244859872-244865927	5
0.0315430399257174	1.32749629282566	0.317	0.128	1	chr1-68111519-68113163	5
0.0315430399257174	1.28814300213756	0.317	0.128	1	chr7-111560708-111563039	5
0.0317207692126619	2.05076741275927	0.195	0.043	1	chr3-66481507-66483949	5
0.0317207692126619	2.03738266425727	0.195	0.043	1	chr5-5494442-5495277	5
0.0317207692126619	1.99235972033188	0.195	0.043	1	chr6-138087719-138088942	5
0.0317207692126619	1.91987314530547	0.195	0.043	1	chr8-81110753-81112682	5
0.0317207692126619	1.83207136973115	0.195	0.043	1	chr12-132493164-132496260	5
0.0317207692126619	1.9349296511897	0.195	0.043	1	chr16-14629329-14630807	5
0.0317207692126619	1.94155029810071	0.195	0.043	1	chr17-78985933-78988356	5
0.0319239025310106	1.94126737841862	0.22	0.064	1	chr6-113635535-113637369	5
0.0319239025310106	1.89471679881013	0.22	0.064	1	chr8-104616885-104618324	5
0.0319239025310106	1.89509418166766	0.22	0.064	1	chr9-27124818-27125749	5
0.0319471901704335	1.57168309825191	0.268	0.085	1	chr17-55238040-55239435	5
0.0319870064747404	1.15492668013177	0.39	0.191	1	chr3-111923813-111925011	5
0.0323016347323748	1.12427393293554	0.415	0.213	1	chr6-18154249-18156593	5
0.0325969460402813	1.23874840303908	0.341	0.128	1	chr6-37169172-37172806	5
0.0326411550456833	1.5575425760533	0.293	0.106	1	chr3-124551636-124553515	5
0.0326411550456833	1.44303628351506	0.293	0.106	1	chr12-6450782-6453085	5
0.0327740030666438	1.88749659424034	0.244	0.085	1	chr13-24160174-24163213	5
0.0328285900051385	1.19518574603365	0.366	0.149	1	chr19-55257429-55260179	5
0.032946706512118	1.8906662087771	0.195	0.043	1	chr1-197914711-197917780	5
0.032946706512118	2.0067644049938	0.195	0.043	1	chr2-117232030-117233182	5
0.032946706512118	1.95385570150419	0.195	0.043	1	chr2-232884524-232886278	5
0.0329558332237155	1.19557938823087	0.366	0.17	1	chr1-52402837-52405596	5
0.0329819884817905	1.412215762169	0.268	0.085	1	chr17-17684809-17686987	5
0.0330611271959075	1.88020753633658	0.22	0.064	1	chr5-58922188-58923518	5
0.0330611271959075	1.83099828530433	0.22	0.064	1	chr7-100269255-100272917	5
0.0330611271959075	1.89194003927943	0.22	0.064	1	chr9-134807375-134808495	5
0.0330611271959075	1.90559415896657	0.22	0.064	1	chrX-131762445-131764384	5
0.033480245172902	1.28340161508239	0.341	0.149	1	chr1-214215611-214217641	5
0.0336425100830695	1.47509203329258	0.293	0.106	1	chr18-79062485-79063559	5
0.0342129809395382	1.91463419049428	0.195	0.043	1	chr1-15615563-15619261	5
0.0342129809395382	1.91331944694671	0.195	0.043	1	chr3-177622399-177623582	5
0.0342129809395382	2.0467782027456	0.195	0.043	1	chr6-53746326-53747217	5
0.0342129809395382	2.04474561273685	0.195	0.043	1	chr15-31334904-31337218	5
0.0342129809395382	1.97207196531032	0.195	0.043	1	chr16-11400857-11402971	5
0.0342328508794729	1.7950947116355	0.22	0.064	1	chr2-20223029-20226081	5
0.0344055294373761	1.36982668830584	0.317	0.128	1	chr3-142148128-142150009	5
0.0346700228784388	1.48604948296344	0.293	0.106	1	chr16-67191637-67193355	5
0.0346700228784388	1.35827804629682	0.293	0.106	1	chr17-45292803-45295183	5
0.0346717332012503	1.13412308891225	0.366	0.149	1	chr1-225879600-225883670	5
0.0348643196529771	1.03652662311543	0.439	0.191	1	chr3-56810779-56814153	5
0.0348643196529771	1.02911147361638	0.415	0.213	1	chr1-209825563-209828763	5
0.0349820605253497	1.66481924531634	0.244	0.085	1	chr3-173711386-173712625	5
0.0351378748423862	1.42925232930467	0.268	0.085	1	chr9-19403952-19406054	5
0.035407755735447	1.3562917891601	0.317	0.128	1	chr2-28750103-28753986	5
0.035407755735447	1.29885851265696	0.317	0.128	1	chr5-181241188-181244901	5
0.035407755735447	1.3045845417271	0.317	0.128	1	chr17-17691678-17696077	5
0.0354398828081655	1.9384529615551	0.22	0.064	1	chr1-218459252-218461022	5
0.0354398828081655	1.86611126656808	0.22	0.064	1	chr3-72297773-72299711	5
0.0354398828081655	1.81752504484977	0.22	0.064	1	chr5-169439060-169440798	5
0.0354398828081655	1.80202306203841	0.22	0.064	1	chr10-78277759-78278488	5
0.0354398828081655	1.71761815136686	0.22	0.064	1	chr11-47184532-47187105	5
0.0354398828081655	1.86678521245661	0.22	0.064	1	chr16-424009-426948	5
0.0355206183765507	1.9890113692478	0.195	0.043	1	chr3-179546511-179547620	5
0.0355605825768145	1.45196665329596	0.268	0.106	1	chr1-16366754-16368691	5
0.0357161326818404	1.17432316350611	0.366	0.17	1	chr1-25817880-25822227	5
0.0357562619932423	1.0084267942484	0.439	0.191	1	chr4-3954298-3957976	5
0.0363756132751756	1.26233165703295	0.341	0.149	1	chr1-175022404-175024083	5
0.0366830425014529	1.81882586633293	0.22	0.064	1	chr1-204647266-204648034	5
0.0366830425014529	1.77251068668735	0.22	0.064	1	chr4-68904466-68906911	5
0.0366830425014529	1.82041644102562	0.22	0.064	1	chr7-90180054-90182059	5
0.0366830425014529	1.81046694204811	0.22	0.064	1	chr9-109012060-109014075	5
0.0366830425014529	1.72080889736873	0.22	0.064	1	chr10-102398983-102400292	5
0.0366830425014529	1.72185009564173	0.22	0.064	1	chr16-67449267-67450402	5
0.0366830425014529	1.76400738725551	0.22	0.064	1	chr16-90022120-90023568	5
0.0367368253400438	0.476495674011628	0.829	0.702	1	chr1-234598963-234614380	5
0.0372561406568992	1.39598939721552	0.293	0.128	1	chr3-184185275-184187152	5
0.037298890202148	0.702290284027808	0.634	0.34	1	chr16-4612820-4617859	5
0.0373859829583574	0.946299077803087	0.463	0.213	1	chr4-48267758-48270831	5
0.0374129169635582	1.39904500702208	0.268	0.085	1	chr8-109606636-109608456	5
0.0376639275076576	1.27276777676272	0.366	0.17	1	chr19-29675163-29679380	5
0.0377976975012601	1.48939246972282	0.268	0.106	1	chr16-28821964-28825198	5
0.0379631595903698	1.7191910874243	0.22	0.064	1	chr6-28863256-28864945	5
0.0379631595903698	1.76592235385645	0.22	0.064	1	chr8-143354638-143355854	5
0.0379631595903698	1.72409056524767	0.22	0.064	1	chr20-2872456-2874444	5
0.0379631595903698	1.7568297993126	0.22	0.064	1	chrX-149504217-149505846	5
0.0383602288158294	1.09131859025577	0.39	0.191	1	chr10-132536114-132542823	5
0.0384222160120497	1.30686669568284	0.341	0.149	1	chr1-54015860-54017109	5
0.0384222160120497	1.19719487463883	0.341	0.149	1	chr1-219554942-219556537	5
0.0385316801391699	1.59178709938053	0.244	0.085	1	chr1-1832776-1834806	5
0.0385316801391699	1.67244297767281	0.244	0.085	1	chr8-80991515-80992446	5
0.0385316801391699	1.72430089277834	0.244	0.085	1	chr16-81598509-81603328	5
0.0385316801391699	1.58487176019198	0.244	0.085	1	chr17-67717087-67719106	5
0.0385387633948253	0.725773857225298	0.585	0.319	1	chr7-44846839-44849226	5
0.0385387633948253	0.766694856808408	0.561	0.34	1	chr17-50539707-50544137	5
0.0385651620042923	1.30164097969411	0.317	0.128	1	chr1-58903056-58904597	5
0.0385651620042923	1.22249743394325	0.317	0.128	1	chr12-52191716-52192886	5
0.0386510227997171	2.3955397153304	0.171	0.043	1	chr14-54251237-54252990	5
0.0386510227997171	2.23862021482361	0.171	0.043	1	chr16-76650497-76651148	5
0.038960440339787	1.47081240860501	0.268	0.106	1	chr2-10451982-10452971	5
0.0390522962803999	1.31254778785664	0.293	0.106	1	chr1-95233408-95235136	5
0.0390522962803999	1.36840839578245	0.293	0.106	1	chr2-9843017-9844850	5
0.0392810736225759	1.74831483616304	0.22	0.064	1	chr1-27341385-27343930	5
0.0392810736225759	1.66076887996072	0.22	0.064	1	chr1-223081004-223081989	5
0.0392810736225759	1.7634635125637	0.22	0.064	1	chr2-105005107-105006277	5
0.0393534345899554	1.03856729349142	0.415	0.17	1	chr1-234996875-234998910	5
0.0394816997018003	1.18286727949919	0.341	0.149	1	chr1-63772658-63775249	5
0.0397809677000824	1.57210643226068	0.244	0.085	1	chr6-151067513-151068679	5
0.0397809677000824	1.71507729056668	0.244	0.085	1	chr8-101231592-101234590	5
0.0398121355864748	1.51465434814949	0.268	0.085	1	chr1-171313410-171314748	5
0.0401534266425083	1.43982291447447	0.268	0.106	1	chr1-32815616-32819298	5
0.0401719710686506	2.36194612784951	0.171	0.043	1	chr9-4932466-4933881	5
0.0401719710686506	2.17153701550584	0.171	0.043	1	chr14-53793758-53794813	5
0.0402186306419524	1.38184555778241	0.293	0.106	1	chr13-80339744-80342001	5
0.0405658809056873	1.12075377128011	0.341	0.149	1	chr12-69238893-69241026	5
0.0406376338537063	1.7227175825473	0.22	0.064	1	chr1-209652527-209654458	5
0.0406376338537063	1.74457762872026	0.22	0.064	1	chr1-225651501-225653674	5
0.0406376338537063	1.72786509904246	0.22	0.064	1	chr3-32044922-32046132	5
0.0406376338537063	1.7799297053598	0.22	0.064	1	chr4-9834699-9835992	5
0.0406376338537063	1.79963674554966	0.22	0.064	1	chr16-67857316-67858694	5
0.0407400175615834	1.18419651523182	0.366	0.149	1	chr7-53811231-53812628	5
0.0410644589768493	1.55914359856336	0.244	0.085	1	chr1-38990310-38992830	5
0.0410644589768493	1.60602163924564	0.244	0.085	1	chr1-171141004-171143414	5
0.0410644589768493	1.60617732233275	0.244	0.085	1	chr3-188978247-188980672	5
0.0410644589768493	1.51609156778361	0.244	0.085	1	chr6-106910874-106914343	5
0.0411518737058107	1.05956075131978	0.39	0.17	1	chr14-35341078-35342957	5
0.0413772537315604	1.43936048771429	0.268	0.106	1	chr19-12774458-12776153	5
0.0414054525497201	1.08844836396579	0.39	0.191	1	chr1-229220898-229222449	5
0.0414143747553827	1.33283225619077	0.293	0.106	1	chr17-17561019-17562580	5
0.041675196410423	1.12831107844411	0.341	0.149	1	chr1-5597046-5599160	5
0.0417433816474271	2.13564713122047	0.171	0.043	1	chr2-36930756-36931635	5
0.0417433816474271	2.08618997663344	0.171	0.043	1	chr5-118326199-118327743	5
0.0417433816474271	2.23731899438382	0.171	0.043	1	chr9-124855626-124858908	5
0.0417433816474271	2.13117238382221	0.171	0.043	1	chr17-41647619-41649091	5
0.0417433816474271	2.18158575876662	0.171	0.043	1	chr17-74453172-74455021	5
0.0417433816474271	2.07035486039889	0.171	0.043	1	chrX-12993797-12995039	5
0.0418316012034815	1.14306508337132	0.366	0.17	1	chr7-105531400-105533082	5
0.0419587136862435	1.23018869363949	0.317	0.128	1	chr1-149899113-149900922	5
0.0419587136862435	1.19899843091491	0.317	0.128	1	chr18-6728861-6730334	5
0.0420336990248151	1.5900393971736	0.22	0.064	1	chr2-54115013-54116228	5
0.0420336990248151	1.67166451183955	0.22	0.064	1	chr3-72306579-72308171	5
0.0420336990248151	1.70746694512661	0.22	0.064	1	chr5-160209667-160210669	5
0.0420336990248151	1.67021254010309	0.22	0.064	1	chr14-23693822-23695410	5
0.0420336990248151	1.66263936093218	0.22	0.064	1	chr14-47626036-47627302	5
0.0420336990248151	1.60506330466775	0.22	0.064	1	chr18-22223441-22224353	5
0.0422211873319535	1.07217458542045	0.39	0.17	1	chr16-80717962-80719380	5
0.0423828628542979	1.55509704313028	0.244	0.085	1	chr4-138897561-138898811	5
0.0423828628542979	1.4932584428052	0.244	0.085	1	chr7-4641259-4643000	5
0.0423828628542979	1.56219127076424	0.244	0.085	1	chr19-7902107-7905139	5
0.042640089575854	1.29507718876409	0.293	0.106	1	chr1-235159975-235162239	5
0.0428100867606454	1.10304672587839	0.341	0.149	1	chr1-226675154-226678090	5
0.0429526527850907	0.954260822298061	0.415	0.234	1	chr1-71079513-71082206	5
0.0433409178482056	0.857045326077146	0.512	0.255	1	chr1-234723238-234726011	5
0.0433665180450297	2.08898207878179	0.171	0.043	1	chr1-202184369-202185478	5
0.0433665180450297	2.18376980545356	0.171	0.043	1	chr4-40844847-40845917	5
0.0433665180450297	2.09340477667511	0.171	0.043	1	chr4-141349874-141350630	5
0.0433665180450297	2.21991475829361	0.171	0.043	1	chr7-6015463-6016740	5
0.0433665180450297	2.20719167888627	0.171	0.043	1	chr9-130450246-130452759	5
0.0433665180450297	2.25454286182886	0.171	0.043	1	chr10-23399319-23400316	5
0.0433665180450297	2.21450680946527	0.171	0.043	1	chr12-89212134-89213656	5
0.0433665180450297	2.12537986673816	0.171	0.043	1	chr21-41321649-41323246	5
0.0434701371257266	1.70651412366768	0.22	0.064	1	chr1-24501982-24504041	5
0.0434701371257266	1.60364549286891	0.22	0.064	1	chr3-183115620-183116890	5
0.0434701371257266	1.61693579345988	0.22	0.064	1	chr6-106763996-106765369	5
0.0434701371257266	1.63303891387294	0.22	0.064	1	chr13-43878650-43880648	5
0.0435221534634527	1.18702539672788	0.341	0.17	1	chr10-101693275-101695733	5
0.0435473710624	1.03318176051161	0.39	0.191	1	chr22-19120637-19123233	5
0.0437368952857782	1.55758333474112	0.244	0.085	1	chr1-206895110-206896834	5
0.0437368952857782	1.50348286740014	0.244	0.085	1	chr4-185513360-185514578	5
0.0437368952857782	1.54425584801881	0.244	0.085	1	chr12-125340511-125342005	5
0.0437368952857782	1.58417405632497	0.244	0.085	1	chr13-23488266-23489124	5
0.0437368952857782	1.60932648628579	0.244	0.085	1	chr20-50415017-50416441	5
0.0437368952857782	1.53079935959378	0.244	0.085	1	chr21-26842202-26845723	5
0.0438963411759221	1.24068216405988	0.293	0.106	1	chr1-1757932-1760123	5
0.0439198483123941	1.53679807447908	0.268	0.106	1	chr1-168803174-168804619	5
0.0442479605197846	1.35706948597773	0.293	0.128	1	chr2-174247034-174249372	5
0.0442479605197846	1.29817394618351	0.293	0.128	1	chr2-232549563-232551768	5
0.0442479605197846	1.42761002793708	0.293	0.128	1	chr6-15661758-15663548	5
0.0445233414316084	2.06276878356537	0.195	0.064	1	chr5-90892908-90894827	5
0.0445233414316084	1.80153641243912	0.195	0.064	1	chr18-5693568-5694392	5
0.0449478251441163	1.6162398191878	0.22	0.064	1	chr6-160007013-160008573	5
0.0449478251441163	1.73178874558754	0.22	0.064	1	chr7-111527181-111531069	5
0.0449478251441163	1.56993266401169	0.22	0.064	1	chr7-141662666-141664213	5
0.0449478251441163	1.55839872155442	0.22	0.064	1	chr9-125261247-125262771	5
0.045042658758276	2.26435522487896	0.171	0.043	1	chr1-36207164-36208202	5
0.045042658758276	2.25139469981147	0.171	0.043	1	chr1-208450142-208451610	5
0.045042658758276	2.0578561416488	0.171	0.043	1	chr1-211734366-211736819	5
0.045042658758276	2.19705116520381	0.171	0.043	1	chr2-240434557-240436688	5
0.045042658758276	2.14369343935686	0.171	0.043	1	chr5-206039-207027	5
0.045042658758276	1.98833062939977	0.171	0.043	1	chr5-80974756-80975578	5
0.045042658758276	2.08357549442811	0.171	0.043	1	chr6-117795000-117796097	5
0.045042658758276	2.20209400622301	0.171	0.043	1	chr7-158818110-158819165	5
0.045042658758276	2.02264905410005	0.171	0.043	1	chr16-17396031-17398217	5
0.0451272791091345	1.52798619352872	0.244	0.085	1	chr10-109964636-109966024	5
0.0451272791091345	1.44334643324546	0.244	0.085	1	chr13-24074538-24076763	5
0.0451583724788061	1.1022357794314	0.341	0.149	1	chr6-53064380-53069206	5
0.0451583724788061	1.24349418707206	0.341	0.149	1	chr12-66129694-66131701	5
0.0452398387930472	1.37763685499757	0.268	0.106	1	chr7-56073911-56075125	5
0.0452672395634412	1.12243020063436	0.366	0.149	1	chr12-57086836-57089566	5
0.0453743302694706	0.799717105473567	0.512	0.255	1	chr3-128384874-128386339	5
0.0455147798029823	1.39400619200576	0.293	0.128	1	chr4-38871518-38874031	5
0.0455147798029823	1.33022696871096	0.293	0.128	1	chr8-94552727-94554785	5
0.0457821406589051	1.03109760240514	0.39	0.191	1	chr1-46718317-46720323	5
0.0463831701894959	1.07198878189691	0.366	0.17	1	chr1-16622757-16625343	5
0.0464676488001602	1.57981558410795	0.22	0.064	1	chr17-7241112-7243702	5
0.0464676488001602	1.50937119680392	0.22	0.064	1	chr19-40279923-40281652	5
0.0465027438331843	1.22853921155356	0.293	0.106	1	chr17-58218412-58220339	5
0.0465547438528879	1.4787230589653	0.244	0.085	1	chr1-201494053-201496935	5
0.0465547438528879	1.54492543662063	0.244	0.085	1	chr3-134794611-134796901	5
0.046773096777044	2.08583448642081	0.171	0.043	1	chr1-209620321-209622693	5
0.046773096777044	2.1940879672592	0.171	0.043	1	chr2-216114369-216115720	5
0.046773096777044	2.08379958134243	0.171	0.043	1	chr5-386274-387355	5
0.046773096777044	2.0762121619975	0.171	0.043	1	chr5-34585391-34586339	5
0.046773096777044	2.13228725409306	0.171	0.043	1	chr8-42435735-42436850	5
0.046773096777044	2.15413814735579	0.171	0.043	1	chr8-68330233-68332308	5
0.046773096777044	2.0966557177994	0.171	0.043	1	chr9-11312560-11313633	5
0.046773096777044	2.06935674165088	0.171	0.043	1	chr9-81737629-81738284	5
0.046773096777044	2.14971350650066	0.171	0.043	1	chr16-57416801-57419725	5
0.046773096777044	2.03093748081762	0.171	0.043	1	chr19-4006668-4008435	5
0.046773096777044	2.0471365743538	0.171	0.043	1	chr19-53466981-53468448	5
0.046773096777044	2.14230792074492	0.171	0.043	1	chr21-36965186-36967706	5
0.046812027236245	1.24932309892826	0.293	0.128	1	chr1-25429787-25431390	5
0.0468737040891531	1.19281213009397	0.317	0.128	1	chr4-2008553-2010345	5
0.0475840820006551	1.12881855863827	0.366	0.17	1	chr6-3117693-3119571	5
0.0477021530035529	2.01337352799948	0.195	0.064	1	chr7-70693474-70695657	5
0.0477021530035529	1.96567835570154	0.195	0.064	1	chr20-33652936-33655358	5
0.047980303972497	1.40751025628174	0.268	0.106	1	chr10-46546263-46547434	5
0.047980303972497	1.40344324859368	0.268	0.106	1	chr12-88552216-88554809	5
0.0480200255325365	1.45347170711403	0.244	0.085	1	chr18-21183364-21185323	5
0.0480305022665985	1.60288542991377	0.22	0.064	1	chr7-704974-706252	5
0.0480305022665985	1.64747871426215	0.22	0.064	1	chr12-69584935-69586423	5
0.0480305022665985	1.50804575237288	0.22	0.064	1	chr13-73058496-73060032	5
0.0481127559249615	1.01158274870131	0.39	0.191	1	chr1-206555236-206560716	5
0.0481402465733009	1.33290896112892	0.293	0.128	1	chr15-55407283-55409167	5
0.0481754918627594	1.21499271309107	0.317	0.128	1	chr8-114585641-114587078	5
0.0485591390584398	2.04499300720937	0.171	0.043	1	chr1-18480010-18481256	5
0.0485591390584398	2.04110039580586	0.171	0.043	1	chr1-182227770-182229235	5
0.0485591390584398	2.09541387299956	0.171	0.043	1	chr1-228721070-228722523	5
0.0485591390584398	2.1337291344326	0.171	0.043	1	chr2-26766999-26770108	5
0.0485591390584398	1.99729315887836	0.171	0.043	1	chr2-33290976-33292171	5
0.0485591390584398	2.02259005767136	0.171	0.043	1	chr2-37376454-37377538	5
0.0485591390584398	2.13739114003318	0.171	0.043	1	chr2-95303328-95306897	5
0.0485591390584398	2.0505781740032	0.171	0.043	1	chr3-42247265-42248402	5
0.0485591390584398	2.09016794869537	0.171	0.043	1	chr4-20882115-20884480	5
0.0485591390584398	2.1200407176187	0.171	0.043	1	chr5-442180-444158	5
0.0485591390584398	2.13033841666807	0.171	0.043	1	chr8-68828611-68831065	5
0.0485591390584398	2.17485539589107	0.171	0.043	1	chr8-73281324-73283401	5
0.0485591390584398	2.10148804026163	0.171	0.043	1	chr8-100906691-100909364	5
0.0485591390584398	2.12269215036873	0.171	0.043	1	chr11-102316929-102318127	5
0.0485591390584398	1.99547397077505	0.171	0.043	1	chr12-108565821-108566617	5
0.0485591390584398	2.08341786431688	0.171	0.043	1	chr13-110870042-110870974	5
0.0485591390584398	2.10308826032009	0.171	0.043	1	chr14-90757678-90759033	5
0.0485591390584398	2.09867697838435	0.171	0.043	1	chr17-37088331-37089521	5
0.0485591390584398	2.00470514855454	0.171	0.043	1	chr18-78542137-78542912	5
0.0485591390584398	2.10868217962421	0.171	0.043	1	chr19-38731496-38733264	5
0.0485591390584398	2.03788536441965	0.171	0.043	1	chr21-41955734-41956817	5
0.0486380924343322	1.19873292236455	0.317	0.149	1	chr6-96896648-96899525	5
0.048673196286101	0.92200014107033	0.439	0.234	1	chr1-211381926-211383850	5
0.0492365648895908	1.00455182176658	0.415	0.213	1	chr10-68955037-68958450	5
0.0492382087350463	1.30962814272236	0.293	0.106	1	chr1-205774872-205776002	5
0.0493617922940095	1.92955341317167	0.195	0.064	1	chr1-233112377-233113856	5
0.0493617922940095	1.83880161710243	0.195	0.064	1	chr7-517797-520500	5
0.0493707034777031	0.84152574375585	0.439	0.255	1	chr1-37689426-37693197	5
0.0494020332985146	1.40416140915014	0.268	0.106	1	chr1-108559401-108560807	5
0.0495075192261279	1.05906369346273	0.317	0.128	1	chr14-30621085-30623009	5
0.0495238664368847	1.44728759163315	0.244	0.085	1	chr9-136725137-136730275	5
0.0499545305451378	1.24612375586948	0.317	0.149	1	chr3-127303860-127305093	5
0.0499545305451378	1.16080451145691	0.317	0.149	1	chr6-13486184-13488305	5
0.0504021059695711	1.99064233446718	0.171	0.043	1	chr1-14360746-14361514	5
0.0504021059695711	1.9521530424079	0.171	0.043	1	chr1-21638597-21639607	5
0.0504021059695711	1.98542582305213	0.171	0.043	1	chr1-156081896-156083617	5
0.0504021059695711	1.96167018499307	0.171	0.043	1	chr1-209884597-209885140	5
0.0504021059695711	1.97977269629197	0.171	0.043	1	chr2-171158833-171161883	5
0.0504021059695711	2.11609778683439	0.171	0.043	1	chr3-151227647-151228348	5
0.0504021059695711	1.95535376399152	0.171	0.043	1	chr5-95809272-95812559	5
0.0504021059695711	1.99948130466712	0.171	0.043	1	chr5-177478767-177480645	5
0.0504021059695711	2.05519435598588	0.171	0.043	1	chr6-127021821-127023791	5
0.0504021059695711	1.92717136520782	0.171	0.043	1	chr6-150070849-150072901	5
0.0504021059695711	2.11143133008543	0.171	0.043	1	chr7-152673670-152676692	5
0.0504021059695711	2.02373154890518	0.171	0.043	1	chr8-80120039-80123240	5
0.0504021059695711	2.00376676913228	0.171	0.043	1	chr8-115076255-115077160	5
0.0504021059695711	1.99109612170773	0.171	0.043	1	chr8-135253568-135255600	5
0.0504021059695711	2.06149039517105	0.171	0.043	1	chr9-34545836-34548420	5
0.0504021059695711	2.06796553842932	0.171	0.043	1	chr9-104862884-104863911	5
0.0505535207029816	1.0229710779262	0.39	0.213	1	chr1-61076041-61084174	5
0.0507548632954793	1.43452626894754	0.244	0.106	1	chr2-55163121-55165458	5
0.0508589384212351	1.33445439714404	0.268	0.106	1	chr4-139294755-139296358	5
0.0508589384212351	1.35963072965347	0.268	0.106	1	chr6-41779349-41781773	5
0.0508589384212351	1.29613433351937	0.268	0.106	1	chr19-50657684-50659522	5
0.0508703045257382	1.10786522878017	0.317	0.128	1	chr2-203533955-203536244	5
0.0508703045257382	1.14553760017021	0.317	0.128	1	chr17-51119534-51122376	5
0.0508917966035161	1.29738245322706	0.293	0.128	1	chr3-130848778-130852089	5
0.0510670149043262	1.43309435826323	0.244	0.085	1	chr1-223133336-223135712	5
0.0510670149043262	1.4906279486683	0.244	0.085	1	chr1-226109258-226110789	5
0.0510670149043262	1.49349750246182	0.244	0.085	1	chr20-45418764-45420346	5
0.0510670149043262	1.38388241742085	0.244	0.085	1	chr20-62936683-62939794	5
0.0510696070683248	1.78227067604476	0.195	0.064	1	chr5-126369894-126371729	5
0.0510696070683248	1.75828303145898	0.195	0.064	1	chr7-99829122-99830255	5
0.0511120265272386	0.860517412811814	0.463	0.255	1	chr9-136798735-136801801	5
0.0512889158016448	1.5966656727394	0.22	0.064	1	chr20-25047261-25048994	5
0.0513446856572603	1.10302431906499	0.366	0.17	1	chr2-217896878-217900845	5
0.0513446856572603	1.02766279249777	0.366	0.17	1	chr6-4020606-4022923	5
0.051508170864377	1.0964617883913	0.341	0.149	1	chr1-156337127-156339267	5
0.0521785466634115	1.06876941157723	0.341	0.17	1	chr1-160096618-160099633	5
0.0522643696723152	1.1581904986737	0.317	0.128	1	chr1-28437280-28438658	5
0.0523033306986304	1.98955735564198	0.171	0.043	1	chr1-1157278-1159120	5
0.0523033306986304	2.02213233359761	0.171	0.043	1	chr1-1858331-1859986	5
0.0523033306986304	1.9362707692826	0.171	0.043	1	chr1-2194375-2195836	5
0.0523033306986304	1.93012667724478	0.171	0.043	1	chr1-9560792-9562441	5
0.0523033306986304	1.9028052583678	0.171	0.043	1	chr1-93616515-93618149	5
0.0523033306986304	1.92686966418347	0.171	0.043	1	chr1-177255399-177256889	5
0.0523033306986304	1.95085972863315	0.171	0.043	1	chr2-111698656-111699561	5
0.0523033306986304	1.99475334386863	0.171	0.043	1	chr2-126971146-126972632	5
0.0523033306986304	1.92337079930141	0.171	0.043	1	chr2-168963996-168965016	5
0.0523033306986304	1.96760015795705	0.171	0.043	1	chr2-241269721-241273303	5
0.0523033306986304	1.91339461064789	0.171	0.043	1	chr3-73547290-73548416	5
0.0523033306986304	2.01834212017118	0.171	0.043	1	chr4-33481949-33483308	5
0.0523033306986304	1.84810478028412	0.171	0.043	1	chr6-152277556-152278473	5
0.0523033306986304	1.963895613118	0.171	0.043	1	chr6-162442648-162443670	5
0.0523033306986304	1.83550401117763	0.171	0.043	1	chr6-165551901-165553095	5
0.0523033306986304	1.95477146734282	0.171	0.043	1	chr7-28926707-28927599	5
0.0523033306986304	2.008633371278	0.171	0.043	1	chr8-27594821-27597596	5
0.0523033306986304	1.82967241653457	0.171	0.043	1	chr8-64266525-64267554	5
0.0523033306986304	2.04150652654603	0.171	0.043	1	chr12-104131264-104133434	5
0.0523162350221989	1.27025596543988	0.293	0.128	1	chr8-144513836-144518897	5
0.0523389402625621	0.659387364067412	0.561	0.34	1	chr1-209782958-209788861	5
0.0523516587233336	1.38483467769372	0.268	0.106	1	chr1-225874878-225876405	5
0.0526264713663842	1.79918589875516	0.22	0.085	1	chr7-25963651-25966065	5
0.0526502250890083	1.46559109669818	0.244	0.085	1	chr7-103148212-103150127	5
0.0526522433880025	1.00992193715341	0.366	0.17	1	chr1-37988977-37990784	5
0.0530510615109297	0.886986200704818	0.39	0.213	1	chr5-178230517-178233408	5
0.0530737089798755	1.02114455904832	0.39	0.191	1	chr8-73877591-73880066	5
0.0536027129423059	0.974252723920114	0.366	0.191	1	chr2-191677214-191679221	5
0.0536027129423059	1.0218258726058	0.366	0.191	1	chr7-140912747-140913993	5
0.0536902400089751	1.15635292151684	0.317	0.128	1	chr7-12403057-12404838	5
0.0537738605083546	1.22362653248932	0.293	0.128	1	chr5-62411902-62413900	5
0.0538808380899013	1.32487456652272	0.268	0.106	1	chr8-17835711-17837327	5
0.0539875194842058	1.09500273096517	0.366	0.17	1	chr17-29176134-29181105	5
0.0540842837905586	1.19895127293781	0.317	0.149	1	chr12-52906847-52908840	5
0.0542494079154697	1.0344887957167	0.341	0.149	1	chr3-3179025-3180254	5
0.0542494079154697	1.00460056851642	0.341	0.149	1	chr6-89078982-89084044	5
0.0542641586340316	2.00137020625513	0.171	0.043	1	chr1-14955187-14956613	5
0.0542641586340316	1.96228107957805	0.171	0.043	1	chr1-31963944-31964708	5
0.0542641586340316	1.7954917718026	0.171	0.043	1	chr3-124520573-124521743	5
0.0542641586340316	1.90153145615021	0.171	0.043	1	chr5-716607-717761	5
0.0542641586340316	2.03469552960097	0.171	0.043	1	chr6-41936020-41937091	5
0.0542641586340316	1.78299505633448	0.171	0.043	1	chr6-125258991-125259852	5
0.0542641586340316	1.93061259963633	0.171	0.043	1	chr7-39930833-39931872	5
0.0542641586340316	1.86391055562423	0.171	0.043	1	chr7-88357197-88358694	5
0.0542641586340316	1.95923790447254	0.171	0.043	1	chr7-121420862-121421788	5
0.0542641586340316	1.7951469299025	0.171	0.043	1	chr8-130323743-130324578	5
0.0542641586340316	1.88179503664321	0.171	0.043	1	chr10-133158836-133164521	5
0.0542641586340316	1.88233025552701	0.171	0.043	1	chr14-36682755-36684035	5
0.0542641586340316	1.74569499331509	0.171	0.043	1	chr17-50908924-50910064	5
0.0542641586340316	1.95265193563142	0.171	0.043	1	chr18-72899267-72899970	5
0.0542641586340316	1.9910406331908	0.171	0.043	1	chr19-10315042-10316591	5
0.054274256716819	1.46602255207316	0.244	0.085	1	chr18-36296529-36298477	5
0.0543786426073113	1.03826572403888	0.39	0.191	1	chr3-69930076-69931326	5
0.0549375091520894	1.02003006428418	0.366	0.191	1	chr10-73771536-73773977	5
0.0552652361716207	1.2555469294166	0.293	0.128	1	chr9-137021718-137023741	5
0.0553509417469693	0.974114268223633	0.366	0.17	1	chr17-75774878-75777905	5
0.0553815718020762	0.85244565511007	0.439	0.255	1	chr15-76309643-76315058	5
0.0555226689317053	1.31051046119229	0.317	0.149	1	chr1-218284510-218286568	5
0.0558969986644006	0.510748161408888	0.756	0.532	1	chr1-58779452-58786153	5
0.0559398748311429	1.45262884402147	0.244	0.085	1	chr12-120473807-120475149	5
0.056285946711382	1.94949141563594	0.171	0.043	1	chr2-177392206-177393280	5
0.056285946711382	1.82603892931347	0.171	0.043	1	chr3-13496029-13497144	5
0.056285946711382	1.88105503600815	0.171	0.043	1	chr3-133943448-133946799	5
0.056285946711382	1.94371450284361	0.171	0.043	1	chr5-42994454-42995527	5
0.056285946711382	1.9664153027667	0.171	0.043	1	chr8-55631216-55632627	5
0.056285946711382	1.90031192384688	0.171	0.043	1	chr8-75406793-75409290	5
0.056285946711382	1.87688550144963	0.171	0.043	1	chr9-134449448-134450084	5
0.056285946711382	1.94401665248309	0.171	0.043	1	chr9-136409494-136411377	5
0.056285946711382	1.81491081745462	0.171	0.043	1	chr10-93481965-93483251	5
0.056285946711382	1.79043348856411	0.171	0.043	1	chr12-6225499-6227243	5
0.056285946711382	1.82799065357785	0.171	0.043	1	chr12-68405268-68406834	5
0.056285946711382	1.93354172620502	0.171	0.043	1	chr15-63276760-63278314	5
0.056285946711382	1.88855125463845	0.171	0.043	1	chr16-88802742-88805089	5
0.056285946711382	1.8618550292824	0.171	0.043	1	chr18-37668938-37670633	5
0.056285946711382	1.74155813311364	0.171	0.043	1	chr20-25352796-25354764	5
0.056285946711382	1.90143919364925	0.171	0.043	1	chr20-37693311-37694671	5
0.056285946711382	1.86714463176803	0.171	0.043	1	chr22-27373148-27373864	5
0.0564924055716607	1.85482338333903	0.195	0.064	1	chr2-31557748-31559348	5
0.0564924055716607	1.76950025402574	0.195	0.064	1	chr5-149153539-149154694	5
0.0564924055716607	1.67456496048035	0.195	0.064	1	chr6-1761294-1762689	5
0.0564924055716607	1.83307749667091	0.195	0.064	1	chr19-33031856-33033419	5
0.0565220661021874	1.38195569263717	0.22	0.064	1	chrX-22299695-22301209	5
0.0566395139615067	0.989142936167898	0.317	0.128	1	chr19-18321935-18324222	5
0.0567429403289364	1.06997194976029	0.366	0.17	1	chr1-30717689-30719943	5
0.0567692672505552	0.931113705050598	0.415	0.213	1	chr16-68448009-68449392	5
0.0567855791664473	0.852357850769666	0.488	0.277	1	chr7-138000742-138002724	5
0.0570511709089184	1.29685985013615	0.268	0.106	1	chr1-67849960-67851316	5
0.0570511709089184	1.2704827297541	0.268	0.106	1	chr1-100448064-100450269	5
0.0570511709089184	1.28071861216019	0.268	0.106	1	chr6-33425102-33429038	5
0.0571986404479502	0.779173778872599	0.488	0.319	1	chr16-75249763-75255644	5
0.0572506888762295	0.902894860853466	0.439	0.234	1	chr16-30555872-30559046	5
0.0576478495283453	1.31114710334908	0.244	0.085	1	chr5-77775004-77777031	5
0.0580478182235516	0.801292445139815	0.463	0.298	1	chr1-45582993-45585609	5
0.0581639476309187	0.982480227195167	0.366	0.17	1	chr1-160283824-160285676	5
0.0583375780145057	0.867040211132214	0.463	0.277	1	chr21-33640863-33644143	5
0.0583515074081667	1.20441319920666	0.293	0.128	1	chr3-188947452-188949156	5
0.0583700627281174	1.88472475394569	0.171	0.043	1	chr1-46020761-46022028	5
0.0583700627281174	1.87248578759013	0.171	0.043	1	chr1-47558252-47560123	5
0.0583700627281174	1.81640216794654	0.171	0.043	1	chr1-223859815-223860921	5
0.0583700627281174	1.79909443523588	0.171	0.043	1	chr2-133765418-133766454	5
0.0583700627281174	1.91327327463578	0.171	0.043	1	chr3-15796475-15799399	5
0.0583700627281174	1.88954992980933	0.171	0.043	1	chr3-122365240-122366195	5
0.0583700627281174	1.87511098950553	0.171	0.043	1	chr4-23962157-23963157	5
0.0583700627281174	1.89883388327138	0.171	0.043	1	chr6-145904697-145905704	5
0.0583700627281174	1.83309041693171	0.171	0.043	1	chr9-97062162-97063072	5
0.0583700627281174	1.82055506719909	0.171	0.043	1	chr10-131996442-131998730	5
0.0583700627281174	1.87665989280096	0.171	0.043	1	chr16-56194143-56195747	5
0.0583700627281174	1.86527964642232	0.171	0.043	1	chr16-84186229-84187397	5
0.0583700627281174	1.9871702540183	0.171	0.043	1	chr17-43694045-43694882	5
0.0583700627281174	1.63822698387541	0.171	0.043	1	chr18-48928720-48931295	5
0.0583700627281174	1.89590693760107	0.171	0.043	1	chr20-52297189-52297915	5
0.0583700627281174	1.83079865021163	0.171	0.043	1	chr22-36363032-36364256	5
0.0583700627281174	1.80651314175592	0.171	0.043	1	chrY-20574887-20576830	5
0.0584032638472407	1.69580659704813	0.195	0.064	1	chr1-39132398-39133657	5
0.0584032638472407	1.73447340341682	0.195	0.064	1	chr6-131368090-131369308	5
0.0584032638472407	1.6859486325853	0.195	0.064	1	chr7-51647508-51648674	5
0.0586936328777797	1.22400851835222	0.268	0.106	1	chr1-169528088-169529948	5
0.0586936328777797	1.22204004225369	0.268	0.106	1	chr6-34695040-34697577	5
0.0586936328777797	1.24283717975195	0.268	0.106	1	chr9-113993786-113994775	5
0.0591091496194676	0.988709007442889	0.366	0.191	1	chr10-33271906-33274219	5
0.0591091496194676	0.99957563529279	0.366	0.191	1	chr13-100673321-100675731	5
0.0593989556829501	1.27863433452965	0.244	0.085	1	chr1-8004260-8007124	5
0.0593989556829501	1.38337510222879	0.244	0.085	1	chr2-231960967-231962691	5
0.0595968609697893	1.61261496461283	0.22	0.085	1	chr1-32772257-32777034	5
0.060367507120834	1.76971043815441	0.195	0.064	1	chr6-92849186-92850279	5
0.060367507120834	1.69010504390043	0.195	0.064	1	chr7-5354387-5355586	5
0.060367507120834	1.83488591108076	0.195	0.064	1	chr8-140153407-140154616	5
0.060367507120834	1.72981459989272	0.195	0.064	1	chr11-110376602-110377672	5
0.060367507120834	1.66212965649231	0.195	0.064	1	chr17-81909746-81912180	5
0.060367507120834	1.6933756045423	0.195	0.064	1	chr21-32569105-32570246	5
0.060375170522697	1.2519433522555	0.268	0.106	1	chr2-26770727-26773233	5
0.060375170522697	1.2630255261748	0.268	0.106	1	chr4-140236827-140239182	5
0.060375170522697	1.24017791363314	0.268	0.106	1	chr6-125300867-125302497	5
0.060375170522697	1.20123502558924	0.268	0.106	1	chr16-80540143-80541455	5
0.0604608580275055	0.810022125220303	0.439	0.213	1	chr6-37244281-37245596	5
0.0605178846256705	1.91492159660086	0.171	0.043	1	chr1-93664282-93665247	5
0.0605178846256705	1.92532165871686	0.171	0.043	1	chr2-101307719-101309304	5
0.0605178846256705	1.87405067731589	0.171	0.043	1	chr5-108100840-108102308	5
0.0605178846256705	1.8470587642653	0.171	0.043	1	chr6-25655648-25656420	5
0.0605178846256705	1.79299919297599	0.171	0.043	1	chr6-170030423-170032113	5
0.0605178846256705	1.82989315091279	0.171	0.043	1	chr7-55431598-55433698	5
0.0605178846256705	1.91846324495923	0.171	0.043	1	chr8-8288614-8289961	5
0.0605178846256705	1.83755592395196	0.171	0.043	1	chr10-4661511-4663750	5
0.0605178846256705	1.7809056308854	0.171	0.043	1	chr10-95388152-95389213	5
0.0605178846256705	1.89102149512793	0.171	0.043	1	chr11-69891186-69892229	5
0.0605178846256705	1.8529323415852	0.171	0.043	1	chr14-45495255-45496405	5
0.0605178846256705	1.76849783514836	0.171	0.043	1	chr18-57771170-57772991	5
0.0605178846256705	1.69791719536292	0.171	0.043	1	chr19-50908069-50910039	5
0.0605178846256705	1.89742757167879	0.171	0.043	1	chr20-50662981-50663952	5
0.0605178846256705	1.71878657309424	0.171	0.043	1	chrX-101930987-101932488	5
0.0607030278008453	1.02698373708452	0.341	0.17	1	chr20-62385515-62391808	5
0.0608813774858537	1.01847585811015	0.415	0.213	1	chr21-32770540-32773350	5
0.0610947285961336	0.942441235797628	0.366	0.17	1	chr3-81760255-81762355	5
0.0611939726624896	1.30492365855494	0.244	0.085	1	chr1-42816198-42817875	5
0.0611939726624896	1.16762873268422	0.244	0.085	1	chr1-99326487-99328352	5
0.0611939726624896	1.35489978085053	0.244	0.085	1	chr3-194852731-194855546	5
0.0611939726624896	1.20026547939583	0.244	0.085	1	chr4-25312194-25313990	5
0.0612938135696197	0.892614554417864	0.415	0.255	1	chr18-59052772-59056018	5
0.0613152791748491	1.15988962540776	0.317	0.128	1	chr10-78964522-78965990	5
0.061454374969149	1.58209289901743	0.22	0.085	1	chr3-11773929-11774922	5
0.0615827675128307	0.679831446835496	0.61	0.383	1	chr7-108568065-108571237	5
0.0615986227116813	1.16643122947737	0.317	0.149	1	chr9-38016434-38020889	5
0.0616387993060048	1.07336313021964	0.341	0.149	1	chr1-60572735-60574428	5
0.0616387993060048	1.0106304555468	0.341	0.149	1	chr7-108093969-108096271	5
0.0620964472112513	1.4068032846501	0.268	0.106	1	chr14-105465424-105469880	5
0.0623861989231861	1.68900387184677	0.195	0.064	1	chr4-145736058-145737251	5
0.0623861989231861	1.66275465957964	0.195	0.064	1	chr15-36589791-36590436	5
0.0623861989231861	1.62153213595175	0.195	0.064	1	chr15-101613170-101614660	5
0.0627307997390902	1.78332321370289	0.171	0.043	1	chr4-38318532-38320478	5
0.0627307997390902	1.76817218146483	0.171	0.043	1	chr6-6811214-6811822	5
0.0627307997390902	1.81047042110989	0.171	0.043	1	chr11-93570636-93571355	5
0.0627307997390902	1.86628951122543	0.171	0.043	1	chr15-45344592-45345551	5
0.063033684032014	1.33054279578884	0.244	0.085	1	chr1-1723877-1724952	5
0.063033684032014	1.43568868753251	0.244	0.085	1	chr8-143275607-143280193	5
0.063033684032014	1.3316885632906	0.244	0.085	1	chr10-104254278-104257136	5
0.0632483061326928	1.23455001063264	0.293	0.128	1	chr1-231420128-231423091	5
0.0632483061326928	1.16878266696693	0.293	0.128	1	chr6-79544780-79545582	5
0.0633595697471003	1.69545314169077	0.22	0.085	1	chr4-164956518-164957692	5
0.0635403945796069	0.964259780049296	0.366	0.191	1	chr17-22265400-22267653	5
0.0637575879167906	0.972171425201367	0.415	0.213	1	chr7-107890434-107892481	5
0.0637575879167906	0.891750140233913	0.39	0.234	1	chr17-75556711-75560476	5
0.0637891634525199	1.04149406748851	0.341	0.17	1	chr4-81471009-81472835	5
0.0637891634525199	1.03414262370112	0.341	0.17	1	chr6-36678128-36681151	5
0.0638581295496158	1.23144099192738	0.268	0.106	1	chr13-40159557-40160534	5
0.0640942624810304	0.843766558420565	0.39	0.213	1	chr12-55996062-55998101	5
0.0642818755186764	0.962552108645461	0.39	0.191	1	chr5-132829297-132832055	5
0.0644604088668985	1.59371173409628	0.195	0.064	1	chr1-234987043-234988307	5
0.0644604088668985	1.61009780347916	0.195	0.064	1	chr6-47459805-47461077	5
0.0644604088668985	1.65872995808762	0.195	0.064	1	chr6-63527536-63528444	5
0.0644604088668985	1.59355146547729	0.195	0.064	1	chr8-61095460-61096541	5
0.0644604088668985	1.74575212218047	0.195	0.064	1	chr17-80958747-80960688	5
0.064819166507593	1.0003789066813	0.341	0.149	1	chr20-843935-845204	5
0.0648371786885849	1.06706791657751	0.317	0.149	1	chr2-201115741-201119521	5
0.0648371786885849	1.11992115719824	0.317	0.149	1	chr6-13614043-13616404	5
0.0650102040140753	1.81436008132431	0.171	0.043	1	chr3-186220300-186221475	5
0.0650102040140753	1.72831594500407	0.171	0.043	1	chr6-148306680-148308105	5
0.0650102040140753	1.69916432581768	0.171	0.043	1	chr7-78125554-78126385	5
0.0650102040140753	1.85218393884094	0.171	0.043	1	chr7-140506491-140507598	5
0.0650102040140753	1.71412506032541	0.171	0.043	1	chr9-105557522-105558902	5
0.0650102040140753	1.78514793191842	0.171	0.043	1	chr10-64441591-64442441	5
0.0650102040140753	1.61312777319387	0.171	0.043	1	chr17-36485906-36487583	5
0.0650182157118537	1.20416876186418	0.268	0.128	1	chr16-87765034-87766828	5
0.0653133103691474	1.51698781279009	0.22	0.085	1	chr5-10701483-10705692	5
0.0653133103691474	1.45091331199582	0.22	0.085	1	chr12-52926006-52927981	5
0.0653133103691474	1.54020368229194	0.22	0.085	1	chr14-74018014-74020058	5
0.0663304262904696	0.8430453970928	0.537	0.319	1	chr8-73292458-73297578	5
0.0665084002279497	1.03634776813595	0.317	0.149	1	chr1-155175939-155178055	5
0.0665084002279497	1.12795827145856	0.317	0.149	1	chr4-153248601-153250272	5
0.0665912121249455	1.59471534452722	0.195	0.064	1	chr2-169573042-169574226	5
0.0665912121249455	1.6613709637214	0.195	0.064	1	chr4-20809602-20810548	5
0.0665912121249455	1.67265392435675	0.195	0.064	1	chr4-85474511-85475803	5
0.0665912121249455	1.66831638000531	0.195	0.064	1	chr8-81193255-81194804	5
0.0665912121249455	1.71767714263062	0.195	0.064	1	chr13-18211598-18213511	5
0.0665912121249455	1.60819863084432	0.195	0.064	1	chr15-38872908-38874972	5
0.0665912121249455	1.57692695635305	0.195	0.064	1	chrY-12391457-12392902	5
0.0666978480200064	1.20462375836403	0.293	0.128	1	chr2-73111170-73113897	5
0.0666978480200064	1.15067903006506	0.293	0.128	1	chr6-42879012-42880985	5
0.0667451221999197	0.931923590777885	0.39	0.234	1	chr5-129093749-129095953	5
0.0668503433434684	1.37020020417429	0.244	0.085	1	chr6-3912616-3914494	5
0.0668503433434684	1.35475616416168	0.244	0.085	1	chr8-133287390-133288968	5
0.06697020372195	0.916521881629261	0.415	0.234	1	chr1-114754220-114758637	5
0.0670037594615109	1.05053354538003	0.341	0.17	1	chr5-134523819-134528518	5
0.0672522440644317	0.656678278548249	0.537	0.362	1	chr6-63570154-63574856	5
0.0673164658858539	1.50001306485705	0.22	0.085	1	chr19-57849340-57851193	5
0.0675053923659869	1.23890095098452	0.268	0.106	1	chr5-78504264-78505863	5
0.0675053923659869	1.18069879306328	0.268	0.106	1	chr10-35306653-35307779	5
0.0678707804119644	1.50543696679697	0.244	0.106	1	chr1-205013369-205015217	5
0.0678707804119644	1.38746481634938	0.244	0.106	1	chr3-58163618-58166298	5
0.0678707804119644	1.37991928653956	0.244	0.106	1	chr18-22604154-22605560	5
0.0681337206259344	0.993690005542768	0.341	0.149	1	chrX-130902377-130903726	5
0.0684798718420412	1.19618008258378	0.293	0.128	1	chr6-33312159-33315116	5
0.0685561963702386	0.835720024445473	0.439	0.234	1	chrX-53682291-53685016	5
0.0686289337402385	1.34650367765601	0.268	0.128	1	chr7-55886805-55888700	5
0.0687796888900706	1.57708480841035	0.195	0.064	1	chr1-2237158-2240733	5
0.0687796888900706	1.59566708107262	0.195	0.064	1	chr1-22025031-22026533	5
0.0687796888900706	1.58920014225821	0.195	0.064	1	chr1-26470240-26473730	5
0.0687796888900706	1.5204248110867	0.195	0.064	1	chr1-231407500-231408560	5
0.0687796888900706	1.60854425330964	0.195	0.064	1	chr1-241609810-241611803	5
0.0687796888900706	1.59362250113914	0.195	0.064	1	chr2-42562242-42563158	5
0.0687796888900706	1.6012790030793	0.195	0.064	1	chr3-17194835-17196539	5
0.0687796888900706	1.68708493547628	0.195	0.064	1	chr3-30720628-30721880	5
0.0687796888900706	1.53906152217095	0.195	0.064	1	chr5-40446814-40447399	5
0.0687796888900706	1.57279969023691	0.195	0.064	1	chr8-52008173-52008951	5
0.0687796888900706	1.61013686446477	0.195	0.064	1	chr9-75100753-75101606	5
0.0687796888900706	1.51854987392146	0.195	0.064	1	chr10-104491765-104493836	5
0.0687796888900706	1.57317907065736	0.195	0.064	1	chr13-100533037-100534337	5
0.0687796888900706	1.57127655948657	0.195	0.064	1	chrX-150897661-150899918	5
0.0693699089491731	1.45283798721509	0.22	0.085	1	chr2-131091863-131094208	5
0.0693699089491731	1.42944225196888	0.22	0.085	1	chr14-21024120-21025549	5
0.0693923200821337	1.20966809516021	0.268	0.106	1	chr5-31625319-31627212	5
0.0697833684374564	0.791681141080763	0.439	0.277	1	chr18-36065872-36068111	5
0.0698469872803175	0.905124424882268	0.415	0.213	1	chr20-23349528-23351942	5
0.0698721710815028	0.938757176946575	0.366	0.191	1	chr1-53175293-53177431	5
0.0698721710815028	1.08053799069628	0.366	0.191	1	chr1-165768204-165770211	5
0.0699573223102293	1.0381290477248	0.317	0.149	1	chr1-117561880-117563916	5
0.0700430398422994	0.94631897884494	0.415	0.234	1	chr1-41498356-41501333	5
0.0703008469957292	1.14667693258208	0.293	0.128	1	chr17-39737360-39740066	5
0.07035054255549	1.01083105962448	0.341	0.17	1	chr12-3313608-3316058	5
0.0705801465053952	0.87038461656819	0.39	0.191	1	chr7-87933529-87935282	5
0.0708552742081927	1.16216044750714	0.244	0.085	1	chr1-155276876-155278947	5
0.0709532838753116	0.73662847500888	0.463	0.277	1	chr3-51498872-51500875	5
0.0710269238151217	1.53285898694034	0.195	0.064	1	chr1-12597580-12598518	5
0.0710269238151217	1.49819902130083	0.195	0.064	1	chr1-99409087-99411184	5
0.0710269238151217	1.52962846845053	0.195	0.064	1	chr5-112164111-112167653	5
0.0710269238151217	1.57639405245276	0.195	0.064	1	chr16-52564644-52565771	5
0.0710269238151217	1.56593337775786	0.195	0.064	1	chr17-65559706-65562352	5
0.0710269238151217	1.54687260784572	0.195	0.064	1	chr21-42877762-42880295	5
0.0713223474139389	1.19430440738681	0.268	0.106	1	chr5-150409621-150411709	5
0.0714745154163959	1.43361167017544	0.22	0.085	1	chr2-18991337-18992388	5
0.0714745154163959	1.41036725100776	0.22	0.085	1	chr2-108981835-108983253	5
0.0714745154163959	1.42603305824108	0.22	0.085	1	chr2-170769940-170771773	5
0.0716223136867632	0.93872267635363	0.415	0.234	1	chr11-134033351-134035782	5
0.071627204832786	1.22284550099069	0.293	0.149	1	chr14-24309755-24312302	5
0.0718089818441079	1.40935278614292	0.244	0.106	1	chr8-109602505-109605380	5
0.0721613627799493	1.11454474358659	0.293	0.128	1	chr12-13135191-13137180	5
0.0721613627799493	1.1554175860299	0.293	0.128	1	chr12-64835900-64838060	5
0.0723265878365479	0.75466015811667	0.439	0.255	1	chr17-2510835-2512678	5
0.0729303359300662	1.1535938870227	0.244	0.085	1	chr3-14303352-14305366	5
0.0732433386737069	0.825543117509375	0.415	0.255	1	chr12-68331449-68333010	5
0.0732961534621294	1.13299455972524	0.268	0.106	1	chr4-185810637-185812684	5
0.0732961534621294	1.20845685677681	0.268	0.106	1	chr14-66931910-66934303	5
0.0732961534621294	1.09258273291217	0.268	0.106	1	chr15-41876415-41878845	5
0.0733340054344076	1.51028824747171	0.195	0.064	1	chr2-233565560-233567119	5
0.0733340054344076	1.55497911384456	0.195	0.064	1	chr6-70398606-70399849	5
0.0733340054344076	1.4695373487247	0.195	0.064	1	chr7-156949229-156950938	5
0.0733340054344076	1.51064774991984	0.195	0.064	1	chr9-127573928-127575311	5
0.0733340054344076	1.43191513511514	0.195	0.064	1	chr10-29022370-29024150	5
0.0733340054344076	1.55313556389258	0.195	0.064	1	chr13-28545386-28546366	5
0.0733340054344076	1.58471861290833	0.195	0.064	1	chr17-50546627-50548119	5
0.0735516911102344	1.07047123397196	0.317	0.149	1	chr21-15729168-15733079	5
0.0736311639417732	1.4314612764567	0.22	0.085	1	chr1-209822066-209824501	5
0.0736311639417732	1.48964552114294	0.22	0.085	1	chr6-89637851-89639285	5
0.0736311639417732	1.44238402893341	0.22	0.085	1	chr7-107563077-107564845	5
0.0736311639417732	1.40360527351715	0.22	0.085	1	chr9-105064029-105065870	5
0.0736311639417732	1.41666443014833	0.22	0.085	1	chr14-37864685-37866310	5
0.0736311639417732	1.48966026228821	0.22	0.085	1	chr14-89654032-89655895	5
0.0736311639417732	1.44972046017288	0.22	0.085	1	chr16-89971609-89974475	5
0.0736311639417732	1.37725710560351	0.22	0.085	1	chr18-35695407-35696884	5
0.0736311639417732	1.46808857398412	0.22	0.085	1	chr18-80009844-80011003	5
0.0736311639417732	1.46645692728966	0.22	0.085	1	chr19-6065719-6067824	5
0.0740660127239407	0.894999555207591	0.366	0.17	1	chrX-147911130-147912984	5
0.0743525712840991	1.30674330304351	0.268	0.128	1	chr1-119765148-119769670	5
0.0747207746459552	0.849561655707757	0.415	0.213	1	chr10-102712994-102715761	5
0.0751811389524354	0.853617756756753	0.341	0.149	1	chr18-74147136-74149094	5
0.0751811389524354	1.05992103380219	0.317	0.17	1	chr11-9362362-9365025	5
0.0752537258317333	0.938866024598252	0.39	0.213	1	chr14-55101801-55104072	5
0.0753144190349532	1.19700966278646	0.268	0.106	1	chr3-23202367-23204311	5
0.0754047260704711	1.13790205433694	0.317	0.149	1	chr4-6749117-6752257	5
0.0756288864547162	0.918965479019291	0.366	0.213	1	chr3-53890764-53892782	5
0.0756288864547162	0.860406641055147	0.366	0.213	1	chr10-69317202-69320296	5
0.0757020255661849	1.54675954578095	0.195	0.064	1	chr1-41617704-41618709	5
0.0757020255661849	1.48304206564423	0.195	0.064	1	chr1-223024988-223025921	5
0.0757020255661849	1.54722052284123	0.195	0.064	1	chr6-100087819-100088731	5
0.0757020255661849	1.48416400918692	0.195	0.064	1	chr6-135180346-135182950	5
0.0757020255661849	1.51068084056166	0.195	0.064	1	chr14-26841787-26842911	5
0.0757020255661849	1.54938167802839	0.195	0.064	1	chr14-60002759-60004412	5
0.0757020255661849	1.40661144359909	0.195	0.064	1	chr16-71483823-71485094	5
0.0757020255661849	1.52081385489305	0.195	0.064	1	chr17-42019575-42020984	5
0.0757020255661849	1.45577625356239	0.195	0.064	1	chr20-50071026-50071941	5
0.0758407355558836	1.52732316812088	0.22	0.085	1	chr1-200414789-200417664	5
0.0758407355558836	1.52199880245406	0.22	0.085	1	chr3-175338263-175339929	5
0.0758407355558836	1.39747279744744	0.22	0.085	1	chr7-1026309-1030056	5
0.0758407355558836	1.5032839859589	0.22	0.085	1	chr8-22108273-22110358	5
0.0758407355558836	1.42844982990052	0.22	0.085	1	chr9-93342077-93343085	5
0.0758407355558836	1.36184868884249	0.22	0.085	1	chr10-113897948-113898949	5
0.0758407355558836	1.37432219327213	0.22	0.085	1	chr14-23237579-23238494	5
0.0758407355558836	1.44695943692443	0.22	0.085	1	chr17-66275494-66276265	5
0.0758407355558836	1.49364986402864	0.22	0.085	1	chr21-33947301-33948808	5
0.0759324549293409	1.32364701903393	0.244	0.106	1	chr13-35953373-35954096	5
0.076344100068828	0.650996227376229	0.463	0.234	1	chr17-16438077-16446750	5
0.0764058209402395	0.948025816254633	0.39	0.234	1	chr1-46339659-46342466	5
0.076511368988086	0.795743042801698	0.439	0.234	1	chr20-32203507-32208885	5
0.0766832296850283	0.691205225417066	0.488	0.277	1	chr9-33327964-33330794	5
0.0771690493411091	0.761867444163279	0.439	0.255	1	chr7-76045445-76049614	5
0.0772296614199157	1.1046630701142	0.244	0.085	1	chr6-34545033-34548306	5
0.0772296614199157	1.29376881655614	0.244	0.085	1	chr9-92664301-92667095	5
0.0772956945383679	1.00069193217333	0.317	0.149	1	chr16-19715457-19719210	5
0.0773759023871933	0.991647892537125	0.366	0.213	1	chr21-43342859-43345191	5
0.0773778263673117	1.01915181282637	0.268	0.106	1	chr7-131105370-131108677	5
0.0776050855439138	0.854446504056729	0.39	0.17	1	chr13-48037083-48038599	5
0.0776386864904596	0.956561556661772	0.366	0.17	1	chr8-96234520-96236273	5
0.0779860686283965	1.0890703485753	0.293	0.128	1	chr1-151839151-151840922	5
0.0779860686283965	0.970100087274178	0.293	0.128	1	chr6-26054131-26057196	5
0.0781041132328334	1.37228783065129	0.22	0.085	1	chr2-37670636-37673047	5
0.0781041132328334	1.37258704628431	0.22	0.085	1	chr15-92831152-92833346	5
0.0781041132328334	1.43161353346726	0.22	0.085	1	chr22-19176816-19180059	5
0.0781320786964131	1.44009026136795	0.195	0.064	1	chr1-230104375-230105507	5
0.0781320786964131	1.43615370800261	0.195	0.064	1	chr3-34145001-34147414	5
0.0781320786964131	1.45626958953675	0.195	0.064	1	chr3-45210250-45211122	5
0.0781320786964131	1.41769032032792	0.195	0.064	1	chr6-43575151-43577405	5
0.0781320786964131	1.46604731978499	0.195	0.064	1	chr12-52800469-52801619	5
0.0781320786964131	1.42871805625632	0.195	0.064	1	chr17-78359900-78361359	5
0.0785057537729409	0.954286896592448	0.366	0.191	1	chr1-7960397-7962356	5
0.0788783709581258	0.660973459817622	0.585	0.383	1	chr1-70410180-70412522	5
0.0792251224036222	1.12677396480574	0.317	0.149	1	chr1-181742285-181744853	5
0.0792251224036222	1.02070958837922	0.317	0.149	1	chr3-194112149-194113424	5
0.0793204674595151	1.04631906439816	0.341	0.17	1	chr10-123203287-123205511	5
0.0794769703917388	1.08814686718142	0.341	0.191	1	chr6-143842594-143844329	5
0.0794870588326721	1.00297766150379	0.268	0.106	1	chr3-138186173-138188902	5
0.0797085362467638	0.759872564664703	0.439	0.298	1	chr6-30066039-30067850	5
0.079897331317765	0.761094192179127	0.415	0.255	1	chr1-8876566-8881172	5
0.080010667329359	0.94536333037767	0.293	0.128	1	chr6-40996149-40999951	5
0.0802471013105939	1.31444813154894	0.244	0.106	1	chr4-39446526-39449486	5
0.0802471013105939	1.28412227749699	0.244	0.106	1	chr6-26401379-26402794	5
0.080422181445392	1.35356660965915	0.22	0.085	1	chr1-26620018-26621840	5
0.080422181445392	1.40448043654633	0.22	0.085	1	chr1-196360749-196361870	5
0.080422181445392	1.17939806124324	0.22	0.085	1	chr11-72012075-72016172	5
0.080422181445392	1.3450832462441	0.22	0.085	1	chr12-100163265-100164696	5
0.080422181445392	1.41063357041138	0.22	0.085	1	chr17-77449637-77452825	5
0.0804604613856072	1.25137092505427	0.268	0.128	1	chr3-46970141-46971508	5
0.0804604613856072	1.20413040872235	0.268	0.128	1	chr16-70714558-70716839	5
0.0806252613439423	1.49810109770069	0.195	0.064	1	chr1-56375184-56375961	5
0.0806252613439423	1.3431754139969	0.195	0.064	1	chr1-148387938-148389422	5
0.0806252613439423	1.45826932640175	0.195	0.064	1	chr2-73268335-73270316	5
0.0806252613439423	1.29256024593889	0.195	0.064	1	chr4-145618475-145620130	5
0.0806252613439423	1.45168878874494	0.195	0.064	1	chr5-37847596-37848530	5
0.0806252613439423	1.53837394842028	0.195	0.064	1	chr6-3612289-3613190	5
0.0806252613439423	1.56519001664423	0.195	0.064	1	chr14-77302979-77304186	5
0.0806252613439423	1.38016709437502	0.195	0.064	1	chr17-47692897-47695467	5
0.0806252613439423	1.52281034658122	0.195	0.064	1	chr20-62087031-62088927	5
0.081193536159066	1.01606147346194	0.317	0.149	1	chr1-241639236-241641551	5
0.081193536159066	1.03794382388225	0.317	0.149	1	chr4-1208138-1213729	5
0.0812215937489105	0.956379689120869	0.341	0.17	1	chr6-83192416-83195917	5
0.0813504871015144	1.00022614653376	0.341	0.191	1	chr6-143058957-143062251	5
0.0815667758500878	0.602990414034406	0.537	0.298	1	chr5-109688323-109691636	5
0.0816354276903451	0.822208531976867	0.415	0.255	1	chr3-185585321-185587133	5
0.0817332886184944	0.890269092578785	0.244	0.085	1	chr15-69413778-69415276	5
0.0820777717351766	1.02837263506906	0.293	0.128	1	chr10-22315544-22317379	5
0.0823920745885744	0.735922001579246	0.512	0.319	1	chr21-15062557-15066461	5
0.0824779641323082	1.24482225788885	0.244	0.106	1	chr1-9428437-9429670	5
0.0824779641323082	1.26596596154544	0.244	0.106	1	chr1-214515822-214517561	5
0.0824779641323082	1.27527282203829	0.244	0.106	1	chr9-14026843-14028368	5
0.0824779641323082	1.26765049066697	0.244	0.106	1	chrX-136496324-136498294	5
0.0827825824747147	0.516791671135137	0.561	0.447	1	chr1-244450360-244452896	5
0.0827958257081802	1.30428715662029	0.22	0.085	1	chr3-15323240-15326832	5
0.0827958257081802	1.30231178618808	0.22	0.085	1	chr5-160399038-160400644	5
0.0827958257081802	1.34946276381647	0.22	0.085	1	chr9-25673752-25674643	5
0.0827958257081802	1.49336817330775	0.22	0.085	1	chr11-45842929-45844097	5
0.0827958257081802	1.27865835983731	0.22	0.085	1	chr11-66842233-66844608	5
0.0827958257081802	1.40734245716461	0.22	0.085	1	chr17-43020782-43022891	5
0.0827958257081802	1.35800291641102	0.22	0.085	1	chrX-86046365-86048032	5
0.0828127480809626	1.12104417430309	0.317	0.17	1	chr17-51165354-51167793	5
0.0831826714073267	1.4233846083135	0.195	0.064	1	chr1-32406212-32407349	5
0.0831826714073267	1.37418577270852	0.195	0.064	1	chr1-207796921-207802285	5
0.0831826714073267	1.34850461903419	0.195	0.064	1	chr2-210430215-210433108	5
0.0831826714073267	1.32838437225505	0.195	0.064	1	chr8-74488246-74489473	5
0.0831826714073267	1.61522717874587	0.195	0.064	1	chr9-33390744-33392225	5
0.0831826714073267	1.41108868306278	0.195	0.064	1	chr9-123267341-123269607	5
0.0831826714073267	1.44993521489256	0.195	0.064	1	chr21-43331929-43334075	5
0.0832596881443329	1.02197628836274	0.341	0.191	1	chr1-247209494-247211275	5
0.0833188663830908	1.14309831693821	0.293	0.149	1	chr6-52576351-52577850	5
0.0834040764364638	0.813157440625175	0.439	0.234	1	chr1-113810848-113813163	5
0.083845736570555	1.03643566647611	0.268	0.106	1	chr2-86621293-86624493	5
0.0840899082885655	0.891383961631867	0.366	0.191	1	chr17-42386667-42389249	5
0.084187976966863	1.04051480453971	0.293	0.128	1	chr3-47474843-47476547	5
0.084187976966863	1.08583393704904	0.293	0.128	1	chr7-23181238-23183169	5
0.084187976966863	1.06024953876798	0.293	0.128	1	chr10-77835576-77836970	5
0.0846954859463698	0.765749424696709	0.39	0.191	1	chr1-229624523-229627372	5
0.0847543334691254	1.22000632378289	0.268	0.128	1	chr1-16611874-16614121	5
0.0847543334691254	1.09767563189827	0.268	0.128	1	chr7-32489533-32491320	5
0.0847588412269151	1.25960015028046	0.244	0.106	1	chr11-6925620-6927886	5
0.0847588412269151	1.30252931498566	0.244	0.106	1	chr12-125109651-125111843	5
0.0847588412269151	1.21563261892469	0.244	0.106	1	chr22-43293000-43294549	5
0.0848156651169907	0.925248870162509	0.317	0.17	1	chr11-47407223-47409245	5
0.0851243347957191	0.607146748879358	0.512	0.362	1	chr1-45490026-45492001	5
0.0852259321090467	1.29805676797924	0.22	0.085	1	chr3-154323364-154325402	5
0.0852259321090467	1.38578783944544	0.22	0.085	1	chr3-159770106-159771058	5
0.0852259321090467	1.31843674917024	0.22	0.085	1	chr10-60717812-60723635	5
0.0852259321090467	1.30545991814695	0.22	0.085	1	chr21-38906813-38907820	5
0.0858054074934862	1.41169991671032	0.195	0.064	1	chr1-212476861-212478080	5
0.0858054074934862	1.41481091622685	0.195	0.064	1	chr5-66994497-66995673	5
0.0858054074934862	1.40524562913113	0.195	0.064	1	chr6-7107365-7109974	5
0.0858054074934862	1.38071819049191	0.195	0.064	1	chr6-149845173-149848156	5
0.0858054074934862	1.42519920675229	0.195	0.064	1	chr10-126838104-126840160	5
0.0858054074934862	1.37862956342817	0.195	0.064	1	chr10-133277782-133279188	5
0.0858054074934862	1.40504415116013	0.195	0.064	1	chr12-40697579-40698570	5
0.0858054074934862	1.40160309509392	0.195	0.064	1	chr17-82715891-82717587	5
0.0862914374191595	1.75382141480267	0.171	0.064	1	chr5-59542726-59544594	5
0.0868575858802897	0.980097280139495	0.317	0.17	1	chrX-54639116-54641364	5
0.0869697631424118	1.08691304744429	0.268	0.128	1	chr16-35304936-35307664	5
0.087090473727561	1.24913856154923	0.244	0.106	1	chr6-10693590-10695764	5
0.087090473727561	1.27640050581887	0.244	0.106	1	chr6-146904557-146906303	5
0.087090473727561	1.26022827740823	0.244	0.106	1	chr10-5488109-5489277	5
0.087090473727561	1.20852891192189	0.244	0.106	1	chr19-19404931-19407566	5
0.0871477783401934	0.927860005339186	0.341	0.17	1	chr16-56551578-56552895	5
0.0871775450086499	0.834710323478347	0.415	0.213	1	chr3-130110615-130113761	5
0.0871869499560128	0.902847163272289	0.341	0.191	1	chr22-42993730-42997416	5
0.0877133868287842	1.22210572179082	0.22	0.085	1	chr1-1281276-1282548	5
0.0877133868287842	1.23569880768533	0.22	0.085	1	chr1-65169809-65171861	5
0.0877133868287842	1.25990870370758	0.22	0.085	1	chr4-2929555-2932103	5
0.0877133868287842	1.27731163650874	0.22	0.085	1	chr12-49187184-49189536	5
0.0877133868287842	1.30112550807274	0.22	0.085	1	chr16-12880799-12882323	5
0.0877133868287842	1.25143995914775	0.22	0.085	1	chr18-77131052-77133521	5
0.087951109522121	0.722805265483326	0.39	0.213	1	chr1-217629158-217632126	5
0.087951109522121	0.809671938785905	0.39	0.213	1	chr11-61488142-61490805	5
0.0884945682284653	1.41073844825813	0.195	0.064	1	chr1-86780580-86781556	5
0.0884945682284653	1.19206212616677	0.195	0.064	1	chr5-140699837-140701211	5
0.0884945682284653	1.3275301707591	0.195	0.064	1	chr7-17298050-17299394	5
0.0885599786059985	0.850017723335592	0.366	0.213	1	chr3-188152348-188155247	5
0.0885836643206898	0.735386848260383	0.463	0.298	1	chr16-67403801-67405633	5
0.0888969050098529	0.734969315258324	0.415	0.255	1	chr6-138772713-138774807	5
0.0894675900129445	0.999524423699723	0.317	0.149	1	chr10-32377332-32379900	5
0.0894675900129445	0.85379648247266	0.317	0.149	1	chr13-110615004-110618156	5
0.08947360252778	1.19675977920328	0.244	0.106	1	chr6-82876927-82878195	5
0.089719681496136	1.13629418224771	0.293	0.149	1	chr1-84077214-84079203	5
0.0898984966235923	0.875278138697376	0.39	0.213	1	chr8-90000319-90002280	5
0.0902590756493525	1.26273650819267	0.22	0.085	1	chr3-49900109-49901561	5
0.0902590756493525	1.25803623109263	0.22	0.085	1	chr5-133869101-133870996	5
0.0902590756493525	1.27517708122423	0.22	0.085	1	chr7-142853612-142855250	5
0.0902590756493525	1.33413538442756	0.22	0.085	1	chr10-123582059-123584482	5
0.0902590756493525	1.25775215189434	0.22	0.085	1	chr12-87439514-87441006	5
0.0902590756493525	1.2702356861351	0.22	0.085	1	chr17-81328567-81330578	5
0.0902590756493525	1.19478000763351	0.22	0.085	1	chr20-25237521-25238690	5
0.0902590756493525	1.33770315534778	0.22	0.085	1	chr20-47029617-47031611	5
0.0907281881715728	0.551789908549918	0.634	0.468	1	chr12-121793421-121801998	5
0.090744558132752	1.03595299911521	0.268	0.106	1	chr20-41316515-41318366	5
0.0907913308654458	0.785396626274877	0.415	0.255	1	chr12-25249646-25251950	5
0.090843246904982	0.561763674058768	0.634	0.404	1	chr1-161164881-161167662	5
0.09088512539108	0.825220686782128	0.366	0.234	1	chr8-90644482-90646794	5
0.0910604336620112	1.10262911729544	0.317	0.17	1	chr20-44208713-44212005	5
0.0910604336620112	0.941435443856841	0.317	0.17	1	chr20-51766427-51770374	5
0.0912512515505726	1.25453208679717	0.195	0.064	1	chr3-142649765-142650666	5
0.0912512515505726	1.4113661547052	0.195	0.064	1	chr22-28821376-28823917	5
0.0912623683149917	0.888987653136163	0.341	0.191	1	chr6-27250809-27252470	5
0.091540792855377	1.12799829718828	0.268	0.128	1	chr17-60077582-60080045	5
0.091540792855377	1.09975680893725	0.268	0.128	1	chr21-29217684-29219831	5
0.0916388378399814	1.03255495495954	0.317	0.149	1	chr5-168485899-168487726	5
0.091908967909858	1.16041364577777	0.244	0.106	1	chr1-39115642-39118492	5
0.0919244378249769	0.626445427013996	0.488	0.34	1	chr6-79076212-79080133	5
0.0920012515605227	1.67961769592988	0.171	0.064	1	chr18-2281090-2282242	5
0.092030939666342	0.937691531269861	0.366	0.191	1	chr6-53793236-53796773	5
0.0921484211222093	0.632373822856234	0.512	0.298	1	chr20-45339587-45344941	5
0.0925653485881345	0.825849563154665	0.366	0.213	1	chr14-69643013-69644802	5
0.0927402337812311	1.15768277155905	0.293	0.17	1	chr2-26010916-26014119	5
0.0928638834507928	1.31503290740964	0.22	0.085	1	chr1-84996348-84997908	5
0.0928638834507928	1.25358436150114	0.22	0.085	1	chr6-3740780-3743164	5
0.0928638834507928	1.33740808945507	0.22	0.085	1	chr6-28104332-28105663	5
0.0928638834507928	1.27159819910329	0.22	0.085	1	chr6-31776661-31777767	5
0.0928638834507928	1.28079177274356	0.22	0.085	1	chr14-44452185-44454111	5
0.0928638834507928	1.2580727820677	0.22	0.085	1	chr17-72501227-72503382	5
0.0930717081757471	0.977615136398442	0.293	0.128	1	chr4-88522541-88524687	5
0.0930717081757471	0.958600376727726	0.293	0.128	1	chr8-144290107-144293365	5
0.0930717081757471	1.1029053806051	0.293	0.128	1	chr20-58888052-58893063	5
0.093356763825533	0.91087135770253	0.341	0.191	1	chr3-50358323-50360135	5
0.0937538744194471	0.52317391971262	0.585	0.383	1	chr1-164557154-164560087	5
0.0938114734488735	1.49751763507251	0.195	0.085	1	chr1-243487131-243489063	5
0.0938522319717711	0.967032278307896	0.317	0.149	1	chr9-115261689-115263172	5
0.0938973471364708	0.828985673118022	0.39	0.213	1	chr6-149716085-149718903	5
0.0938976645068552	1.15710053368444	0.268	0.128	1	chr1-223737327-223741426	5
0.0939907673985532	0.772029898893158	0.439	0.298	1	chr16-57618278-57622987	5
0.0939910620167008	0.645358781989522	0.488	0.319	1	chr8-80485042-80488131	5
0.0943973091653944	1.17544036132768	0.244	0.106	1	chr1-151457506-151460058	5
0.0943973091653944	1.18830639447388	0.244	0.106	1	chr3-174936313-174939288	5
0.0943973091653944	1.24078798895959	0.244	0.106	1	chr8-62860336-62861604	5
0.0943973091653944	1.19451544640988	0.244	0.106	1	chr16-89343595-89347400	5
0.0943973091653944	1.15139698874058	0.244	0.106	1	chr20-401545-402517	5
0.0943973091653944	1.26478560640459	0.244	0.106	1	chr22-24592088-24595393	5
0.0946775442087152	0.796423229536108	0.439	0.234	1	chr1-161082808-161085683	5
0.0949311692833827	0.786770577009062	0.415	0.234	1	chr5-40754479-40756611	5
0.0949679076768333	1.65634607893585	0.171	0.064	1	chr6-35400882-35403162	5
0.0949679076768333	1.61702172552401	0.171	0.064	1	chr13-32314840-32316505	5
0.0950166817874079	0.778463935848996	0.39	0.234	1	chr5-139272608-139277035	5
0.095247839735628	0.810123785926747	0.439	0.255	1	chr10-7787057-7789888	5
0.0954063403666473	0.945564056719288	0.293	0.128	1	chr6-161373664-161376254	5
0.0955286936970356	1.19793715346565	0.22	0.085	1	chr7-139775512-139779090	5
0.0955286936970356	1.28940309059334	0.22	0.085	1	chr7-143171540-143173001	5
0.0955286936970356	1.24539643172056	0.22	0.085	1	chr19-3057014-3057939	5
0.095949602585615	0.784214736455267	0.39	0.213	1	chr12-52278324-52281467	5
0.0961082974338699	0.983330729031537	0.317	0.149	1	chr5-180860225-180862134	5
0.096302953499904	1.03938405326227	0.268	0.128	1	chr12-19128473-19131610	5
0.0966700424882652	0.697723226127873	0.439	0.234	1	chr3-138914782-138917293	5
0.0969393642081978	1.19491002498237	0.244	0.106	1	chr3-17478459-17479295	5
0.0969393642081978	1.14744582994098	0.244	0.106	1	chr6-139027708-139029935	5
0.0969507730913134	0.758339182585869	0.415	0.234	1	chr1-23554320-23560086	5
0.0977958566723004	0.896354433122996	0.341	0.17	1	chr1-45010149-45013172	5
0.0979265538381979	0.667118239463667	0.488	0.298	1	chr5-32329070-32332344	5
0.0980107167731614	1.62961695490938	0.171	0.064	1	chr8-98291435-98295142	5
0.0980107167731614	1.61402379354808	0.171	0.064	1	chr12-99984156-99985867	5
0.0982543879108205	1.29139776352717	0.22	0.085	1	chr1-1132190-1133786	5
0.0982543879108205	1.21823746554545	0.22	0.085	1	chr1-226669828-226673024	5
0.0982543879108205	1.14253361253472	0.22	0.085	1	chr2-231056319-231060134	5
0.0982543879108205	1.1197891210156	0.22	0.085	1	chr10-11874259-11876652	5
0.0982543879108205	1.06994453938237	0.22	0.085	1	chr14-104815083-104817072	5
0.0982543879108205	1.39001170185804	0.22	0.085	1	chr21-45419786-45422257	5
0.0984075581815452	0.884621878420483	0.317	0.149	1	chr5-159986803-159987863	5
0.0984075581815452	0.92782071853814	0.317	0.149	1	chr6-14758127-14759688	5
0.0987572927905235	1.12892845412409	0.268	0.128	1	chr6-108847696-108849234	5
0.0987572927905235	1.08535728371956	0.268	0.128	1	chr7-98294378-98296548	5
0.0988447663955864	0.831980052250443	0.366	0.213	1	chr1-117590162-117592893	5
0.0988635156647562	1.07404306428436	0.293	0.149	1	chr1-219173383-219175563	5
0.0989900863217941	0.715912103183482	0.537	0.319	1	chr8-144102498-144105699	5
0.0994384670239626	1.48277009973483	0.195	0.085	1	chr17-28380085-28381117	5
0.0995358691796715	1.09677275784066	0.244	0.106	1	chr2-127810013-127812002	5
0.0995358691796715	1.1360332907818	0.244	0.106	1	chr6-53810692-53812159	5
0.0995358691796715	1.16020080620054	0.244	0.106	1	chr7-98616717-98620577	5
0.0995358691796715	1.04851510391449	0.244	0.106	1	chr8-79287574-79290184	5
0.0995358691796715	1.06991508072271	0.244	0.106	1	chr14-35335230-35337713	5
0.0998720932630663	1.02224309421921	0.341	0.191	1	chr12-124827526-124829694	5
0.0999560897444268	0.963964585597542	0.317	0.17	1	chr3-11508509-11510770	5
0.100045389673713	0.850706746023089	0.341	0.17	1	chr18-2654955-2658787	5
0.100161748640911	0.580326376122399	0.39	0.213	1	chr1-11907585-11910365	5
0.100161748640911	0.879632694501976	0.39	0.213	1	chr10-70144745-70147567	5
0.100216191989568	0.896516509533402	0.293	0.128	1	chr2-27211153-27213524	5
0.101041845137963	1.25120732056652	0.22	0.085	1	chr1-94321458-94323160	5
0.101041845137963	1.21338331963479	0.22	0.085	1	chr2-42809146-42811109	5
0.101041845137963	1.22835204463879	0.22	0.085	1	chr7-157136190-157137211	5
0.101041845137963	1.28643550152652	0.22	0.085	1	chr8-48191860-48192808	5
0.101041845137963	1.13265157236249	0.22	0.085	1	chr8-90035952-90037707	5
0.101041845137963	1.06488203646713	0.22	0.085	1	chr10-125822586-125824586	5
0.101041845137963	1.1584582795273	0.22	0.085	1	chr12-124678977-124680444	5
0.101041845137963	1.1626370810786	0.22	0.085	1	chr16-48629991-48631049	5
0.101041845137963	1.13388325466688	0.22	0.085	1	chr17-36600894-36603287	5
0.101041845137963	1.20314223943831	0.22	0.085	1	chr17-40120877-40124900	5
0.101041845137963	1.27667891203141	0.22	0.085	1	chr17-50706758-50709390	5
0.10113091464402	1.68190022169306	0.171	0.064	1	chr2-197184703-197185773	5
0.10113091464402	1.44485490137909	0.171	0.064	1	chr11-67427538-67429355	5
0.10113091464402	1.67853408879453	0.171	0.064	1	chr13-82654808-82655846	5
0.101261313640525	1.0991935914401	0.268	0.128	1	chr1-212979783-212982864	5
0.101261313640525	1.08371054196799	0.268	0.128	1	chr10-69458047-69459630	5
0.101261313640525	0.992578553395411	0.268	0.128	1	chr19-32673759-32676774	5
0.1012620072776	1.01533393616595	0.293	0.149	1	chr3-56466813-56469002	5
0.1012620072776	1.0369636702831	0.293	0.149	1	chr6-28442557-28443916	5
0.101755634323874	0.491086033052035	0.61	0.404	1	chr1-66923855-66926345	5
0.102122744579651	0.872582236923907	0.341	0.191	1	chr9-133459110-133461300	5
0.102187558046848	1.17085697893545	0.244	0.106	1	chr1-13798720-13802251	5
0.102187558046848	1.15406303930252	0.244	0.106	1	chr2-189698252-189699254	5
0.102187558046848	1.18045528587571	0.244	0.106	1	chr11-100719166-100720367	5
0.102187558046848	1.15358118580956	0.244	0.106	1	chr14-68458689-68460077	5
0.102187558046848	1.18028392858657	0.244	0.106	1	chr16-85679797-85681816	5
0.102187558046848	1.09774334664388	0.244	0.106	1	chr17-7850712-7852474	5
0.102351257465033	1.3638402165871	0.195	0.085	1	chr2-101149981-101152000	5
0.102351257465033	1.44278374208258	0.195	0.085	1	chr16-56946417-56949746	5
0.102849354104938	0.717233030276503	0.439	0.234	1	chr8-102410223-102413730	5
0.103137754639474	0.783967920314795	0.317	0.149	1	chr3-141875369-141879128	5
0.103137754639474	0.958449287440116	0.317	0.149	1	chr6-166954830-166957424	5
0.10321632515578	0.754613513095728	0.415	0.234	1	chr9-86126423-86128077	5
0.103302884933521	1.17181874972666	0.22	0.106	1	chr17-77957813-77959989	5
0.103706619016924	0.997744138557238	0.293	0.149	1	chr8-100486091-100488562	5
0.103706619016924	0.96357890389463	0.293	0.149	1	chr10-42769354-42770575	5
0.103706619016924	1.01957014565166	0.293	0.149	1	chr16-31476528-31478560	5
0.10381564530125	1.09393159401459	0.268	0.128	1	chr12-125064566-125066558	5
0.103891941401223	1.25170786687903	0.22	0.085	1	chr3-30606060-30607567	5
0.103891941401223	1.21458153416867	0.22	0.085	1	chr6-110516660-110518696	5
0.103891941401223	1.28297097451132	0.22	0.085	1	chr18-3256599-3257820	5
0.103960572527784	0.750570925086232	0.488	0.277	1	chr8-65643604-65645797	5
0.104329732401797	1.8218743768952	0.171	0.064	1	chr5-115797774-115800415	5
0.104329732401797	1.63450051176991	0.171	0.064	1	chr7-72783629-72784738	5
0.104329732401797	1.57380740632698	0.171	0.064	1	chr12-75720564-75723276	5
0.104329732401797	1.56374683949126	0.171	0.064	1	chrX-65667142-65668369	5
0.104329732401797	1.52049142998092	0.171	0.064	1	chrX-134718207-134718877	5
0.104348115554038	0.966447731401234	0.293	0.17	1	chr8-61053733-61055235	5
0.104520030340705	0.827708114518951	0.39	0.213	1	chr6-113856622-113859520	5
0.10465682739503	0.956020677368465	0.317	0.17	1	chr7-132224731-132227022	5
0.10489516219325	1.12007212456384	0.244	0.106	1	chr1-109180642-109182282	5
0.10489516219325	1.09616379507629	0.244	0.106	1	chr2-74471099-74473409	5
0.10489516219325	1.13632946793392	0.244	0.106	1	chr3-111070913-111072731	5
0.10489516219325	1.28650771198605	0.244	0.106	1	chr6-19465149-19466516	5
0.10489516219325	1.12350179133836	0.244	0.106	1	chr7-150900769-150904705	5
0.105331536402014	1.38390683009196	0.195	0.085	1	chr6-166556363-166558497	5
0.105331536402014	1.32339620051424	0.195	0.085	1	chr21-35256231-35257831	5
0.105459672027743	0.845008920732461	0.366	0.213	1	chr1-42845982-42847332	5
0.105482473011656	0.69478489374251	0.439	0.255	1	chr1-204492605-204495516	5
0.105482473011656	0.62860932593795	0.439	0.255	1	chr2-127105164-127108236	5
0.105598733188208	0.814275105156758	0.415	0.213	1	chr1-152047152-152049366	5
0.106023484235901	0.797894459780278	0.463	0.298	1	chr10-102116893-102122390	5
0.106113688899135	1.27058381604759	0.22	0.106	1	chr6-30646382-30648458	5
0.106197901172726	1.01354436571234	0.293	0.149	1	chr6-63635066-63637238	5
0.10642091469209	1.12424137294771	0.268	0.128	1	chr20-36480007-36482813	5
0.106805549144042	1.17334767156655	0.22	0.085	1	chr1-39158002-39159651	5
0.106805549144042	1.18098310725269	0.22	0.085	1	chr5-15499434-15500942	5
0.106805549144042	1.2009033718885	0.22	0.085	1	chrX-53685928-53687212	5
0.107042274406466	0.894037245314649	0.341	0.17	1	chr2-27320788-27324297	5
0.107072147507886	0.861163410837543	0.317	0.17	1	chr17-39727882-39731068	5
0.107554490851342	0.617154898524943	0.537	0.362	1	chr8-81730902-81733194	5
0.107569287242748	0.769752972963441	0.415	0.234	1	chr1-109983989-109986007	5
0.107569287242748	0.781318035478922	0.415	0.234	1	chr1-226132433-226136239	5
0.107608395496619	1.47810646505829	0.171	0.064	1	chr3-12409058-12411041	5
0.107608395496619	1.49903229954071	0.171	0.064	1	chr9-136718482-136724305	5
0.107608395496619	1.50218847687084	0.171	0.064	1	chr10-117461313-117462502	5
0.107608395496619	1.5230210965933	0.171	0.064	1	chr14-24262972-24264652	5
0.107608395496619	1.45493199276125	0.171	0.064	1	chr15-57382019-57382948	5
0.107608395496619	1.61827399533165	0.171	0.064	1	chr16-29764967-29766219	5
0.10765941000275	1.18273206946359	0.244	0.106	1	chr1-197773181-197776605	5
0.10765941000275	1.0949277750027	0.244	0.106	1	chr13-41960193-41961710	5
0.108380268045603	1.42926432774287	0.195	0.085	1	chr2-10042746-10044731	5
0.108736401812699	0.989090307784386	0.293	0.149	1	chrX-154761702-154764303	5
0.10898480041021	1.22001068477826	0.22	0.106	1	chr17-81298349-81299393	5
0.109077746073927	1.07135569527167	0.268	0.128	1	chr4-4541011-4543356	5
0.109077746073927	1.03963317650365	0.268	0.128	1	chr6-157186880-157188545	5
0.109458883987157	0.875238852595616	0.341	0.17	1	chr5-134873530-134876456	5
0.109531420449217	0.913691686765663	0.317	0.17	1	chr2-37924657-37926063	5
0.109669092464032	0.504281027663273	0.683	0.489	1	chr17-79828461-79840408	5
0.109783536664447	1.11402820762404	0.22	0.085	1	chr1-112673303-112675900	5
0.109783536664447	1.02923550241097	0.22	0.085	1	chr7-1850559-1852399	5
0.109783536664447	1.1992435589055	0.22	0.085	1	chr7-139739727-139741130	5
0.109783536664447	1.16855171253341	0.22	0.085	1	chr14-50762857-50764127	5
0.11008490132564	0.708456897247478	0.415	0.213	1	chrX-63753952-63756069	5
0.110481026436648	1.11479933426514	0.244	0.106	1	chr4-986176-988645	5
0.110481026436648	1.1484628389016	0.244	0.106	1	chr7-76068725-76069929	5
0.110481026436648	1.09796708123468	0.244	0.106	1	chr8-73975423-73977059	5
0.110968122716812	1.55222624053107	0.171	0.064	1	chr1-184789957-184794743	5
0.110968122716812	1.65711139445798	0.171	0.064	1	chr1-225823415-225827067	5
0.110968122716812	1.72921852329476	0.171	0.064	1	chr1-236398285-236400676	5
0.110968122716812	1.42657491814929	0.171	0.064	1	chr3-37689195-37690563	5
0.110968122716812	1.53048551093002	0.171	0.064	1	chr6-46821077-46822454	5
0.110968122716812	1.46999543523881	0.171	0.064	1	chr8-81027981-81030452	5
0.110968122716812	1.5598189421413	0.171	0.064	1	chr9-93312473-93313507	5
0.110968122716812	1.45778335872251	0.171	0.064	1	chr9-137617295-137620229	5
0.110968122716812	1.56311641566521	0.171	0.064	1	chr15-78750483-78751502	5
0.110968122716812	1.44716611489054	0.171	0.064	1	chr19-45090886-45093694	5
0.110968122716812	1.53918555939871	0.171	0.064	1	chrX-9807276-9808348	5
0.111144889304786	0.548683026327383	0.634	0.404	1	chr13-110711412-110716805	5
0.111322666515773	0.972735421982274	0.293	0.149	1	chr21-29024205-29025923	5
0.111498411529255	1.37255369053373	0.195	0.085	1	chr7-87058942-87060328	5
0.111531595321701	0.893937860571516	0.341	0.191	1	chr3-13110590-13113220	5
0.111786760717653	0.991438417198949	0.268	0.128	1	chr3-133894147-133896242	5
0.111786760717653	1.02112834354094	0.268	0.128	1	chr6-43013014-43015022	5
0.111786760717653	1.09458229568612	0.268	0.128	1	chr8-144852092-144853803	5
0.112030378583299	0.735640682273627	0.439	0.255	1	chr20-345225-349677	5
0.112066369028292	0.688026920782306	0.415	0.234	1	chr4-83484136-83485878	5
0.112314568969937	0.657733743521972	0.463	0.255	1	chr7-106283702-106286027	5
0.112314568969937	0.738000923590513	0.439	0.277	1	chr1-2189100-2191019	5
0.112383772393449	0.757642239537531	0.39	0.234	1	chr2-241880900-241883397	5
0.112383772393449	0.704921362286267	0.39	0.234	1	chr6-71419507-71421629	5
0.112407437946991	0.645635919633423	0.488	0.277	1	chr3-127588760-127593100	5
0.112826767539405	1.19587937141781	0.22	0.085	1	chr5-90908695-90912693	5
0.112826767539405	1.25881436658245	0.22	0.085	1	chr10-63664394-63665822	5
0.11283059724721	0.522265625631744	0.537	0.383	1	chr20-33666034-33669355	5
0.113139372419761	0.741088292830227	0.317	0.149	1	chr12-93569298-93572309	5
0.113360732604136	1.00546350976931	0.244	0.106	1	chr2-60880593-60882608	5
0.113687496216374	0.754999983537608	0.39	0.213	1	chr10-32956390-32959426	5
0.113957238101962	0.974076743784322	0.293	0.149	1	chr2-121735440-121737678	5
0.113987576182625	0.843729944325732	0.341	0.191	1	chr6-108587216-108590182	5
0.114410125170612	1.50144235429008	0.171	0.064	1	chr1-193310229-193312223	5
0.114410125170612	1.41333488513996	0.171	0.064	1	chr1-206478002-206480049	5
0.114410125170612	1.34068403481206	0.171	0.064	1	chr3-195033072-195034329	5
0.114410125170612	1.42943168590993	0.171	0.064	1	chr4-56873898-56875206	5
0.114410125170612	1.45721378908492	0.171	0.064	1	chr5-54742325-54743288	5
0.114410125170612	1.43594488526577	0.171	0.064	1	chr5-154940472-154942007	5
0.114410125170612	1.52314047839602	0.171	0.064	1	chr6-38169990-38171077	5
0.114410125170612	1.46657378706082	0.171	0.064	1	chr7-128102343-128107596	5
0.114410125170612	1.48719251976834	0.171	0.064	1	chr7-131284328-131285873	5
0.114410125170612	1.55459382536495	0.171	0.064	1	chr11-3807612-3809729	5
0.114410125170612	1.42496498416498	0.171	0.064	1	chr12-38122792-38125538	5
0.114410125170612	1.48257772559085	0.171	0.064	1	chr12-121132406-121133715	5
0.114410125170612	1.50279063654008	0.171	0.064	1	chr13-32984607-32985673	5
0.114410125170612	1.42640054256082	0.171	0.064	1	chr16-14070276-14072251	5
0.114410125170612	1.42735176794799	0.171	0.064	1	chr17-17709080-17711739	5
0.114410125170612	1.39586417108317	0.171	0.064	1	chr19-18831418-18834779	5
0.114421349663284	0.853793011040485	0.341	0.17	1	chr12-6752064-6754312	5
0.114441569015008	1.07270262027964	0.293	0.17	1	chr1-150980947-150982928	5
0.114548576567905	1.04626172682038	0.268	0.128	1	chr3-15331525-15333103	5
0.114548576567905	0.993720681022603	0.268	0.128	1	chr5-10305723-10308268	5
0.114548576567905	0.956854737131135	0.268	0.128	1	chr6-42959859-42961681	5
0.114548576567905	1.0097902057045	0.268	0.128	1	chr17-47948257-47950886	5
0.114548731652644	0.716384222510663	0.463	0.255	1	chr7-36289698-36292462	5
0.114548731652644	0.732772630295274	0.439	0.277	1	chr5-178203714-178216561	5
0.11468692022097	1.47888594682702	0.195	0.085	1	chr1-168733994-168738259	5
0.11468692022097	1.2873184471568	0.195	0.085	1	chr2-105336824-105338421	5
0.11468692022097	1.32223091285348	0.195	0.085	1	chr7-44618568-44619598	5
0.11468692022097	1.34829946291271	0.195	0.085	1	chr12-106096060-106097429	5
0.11468692022097	1.57213315066168	0.195	0.085	1	chr18-41954627-41956164	5
0.11468692022097	1.38788435830351	0.195	0.085	1	chrX-133414436-133416194	5
0.114720329471344	0.748704152246633	0.39	0.234	1	chr1-32012918-32015452	5
0.11491109280045	1.26760979969933	0.22	0.106	1	chr7-66681308-66683147	5
0.116075558095604	0.749392065020922	0.39	0.213	1	chr5-151079868-151082594	5
0.116299245326407	1.05657450468464	0.244	0.106	1	chr1-150874587-150877441	5
0.116710438964766	0.631315172741722	0.415	0.234	1	chr9-26890713-26893518	5
0.116817720285331	0.654243353706252	0.439	0.277	1	chr5-141848268-141850695	5
0.117094941233343	0.794277271274122	0.39	0.234	1	chr17-47955248-47958888	5
0.117259853741906	0.697377535115783	0.39	0.191	1	chr9-112716912-112718742	5
0.117259853741906	0.791199551816643	0.366	0.213	1	chr16-4371343-4376824	5
0.117363807902171	1.08086368190683	0.268	0.128	1	chr1-225819334-225822813	5
0.117363807902171	1.01084715124419	0.268	0.128	1	chr2-157290265-157291745	5
0.117363807902171	0.975342003632255	0.268	0.128	1	chr6-3138826-3140097	5
0.117363807902171	0.948215859642076	0.268	0.128	1	chr6-16758251-16762119	5
0.117363807902171	1.01341019034407	0.268	0.128	1	chr6-37353515-37355647	5
0.117363807902171	0.952270817585447	0.268	0.128	1	chr14-24215143-24216577	5
0.117363807902171	1.02349541411652	0.268	0.128	1	chr19-52896657-52898174	5
0.117728329552742	0.712791154893882	0.463	0.234	1	chr16-23148316-23150148	5
0.117728329552742	0.746252691727279	0.415	0.277	1	chr9-133029888-133031416	5
0.117935605249889	1.44320530913345	0.171	0.064	1	chr1-151569482-151570481	5
0.117935605249889	1.4762912183269	0.171	0.064	1	chr2-120012310-120013961	5
0.117935605249889	1.54204223038099	0.171	0.064	1	chr3-177410557-177411416	5
0.117935605249889	1.38326040327761	0.171	0.064	1	chr7-11294074-11295591	5
0.117935605249889	1.43872441225041	0.171	0.064	1	chr7-134553438-134555041	5
0.117935605249889	1.43589075261742	0.171	0.064	1	chr8-51982254-51983663	5
0.117935605249889	1.55844774314118	0.171	0.064	1	chr10-34319191-34320406	5
0.117935605249889	1.46899199049205	0.171	0.064	1	chr11-34756803-34758930	5
0.117935605249889	1.40534775341779	0.171	0.064	1	chr14-103628157-103630208	5
0.117935605249889	1.39716735329375	0.171	0.064	1	chr16-11164260-11165136	5
0.117935605249889	1.35622997017908	0.171	0.064	1	chr16-89686316-89688147	5
0.117935605249889	1.44866683015267	0.171	0.064	1	chrX-154478267-154479755	5
0.117946741023993	1.25769694594531	0.195	0.085	1	chr1-1356632-1362614	5
0.117946741023993	1.33959784161394	0.195	0.085	1	chr1-184024648-184025955	5
0.117946741023993	1.30191525538441	0.195	0.085	1	chr1-226308212-226310124	5
0.117946741023993	1.39000142586801	0.195	0.085	1	chr22-37500866-37503073	5
0.117967835171132	1.26880239672193	0.22	0.106	1	chr12-6688459-6690394	5
0.117967835171132	1.13423065462736	0.22	0.106	1	chr18-1269974-1270562	5
0.118251710097575	0.841233965420618	0.341	0.213	1	chr15-72473114-72475846	5
0.118549535859624	1.28759239353678	0.244	0.128	1	chr12-80935757-80938033	5
0.119112386537615	1.12056500382303	0.22	0.085	1	chr5-159877531-159879612	5
0.119112386537615	1.23053997343734	0.22	0.085	1	chr7-127843274-127846369	5
0.119112386537615	1.10584543446935	0.22	0.085	1	chr18-35024872-35027019	5
0.119297276694598	1.04160916245948	0.244	0.106	1	chr2-95164972-95166480	5
0.119297276694598	1.11303150261055	0.244	0.106	1	chr2-169798238-169800109	5
0.119297276694598	1.07877445828658	0.244	0.106	1	chr8-54134409-54136058	5
0.119373457763319	0.896776550992322	0.293	0.149	1	chr10-68987068-68989788	5
0.119507974309045	0.6939223130036	0.39	0.234	1	chr1-167720746-167723302	5
0.119512649372739	0.728353524740663	0.366	0.191	1	chr1-40039075-40041744	5
0.119559195901033	0.847879792556398	0.341	0.17	1	chr1-217088997-217090748	5
0.119739804105032	0.800659238652086	0.366	0.213	1	chr19-55383100-55387247	5
0.120233064985447	0.97477318988077	0.268	0.128	1	chr9-35748234-35750511	5
0.120233064985447	1.02063918888966	0.268	0.128	1	chr12-47752844-47756085	5
0.120233064985447	0.928515558208487	0.268	0.128	1	chr12-93676864-93678522	5
0.120338112200637	0.750550317404608	0.463	0.277	1	chr20-34875533-34877212	5
0.120724094812562	0.49906065064296	0.78	0.596	1	chr1-248837029-248840094	5
0.121088007050843	1.23036709720721	0.22	0.106	1	chr3-195133024-195134741	5
0.121088007050843	1.19735900111236	0.22	0.106	1	chr10-122062683-122063862	5
0.121254750517492	0.637384924933667	0.439	0.255	1	chr3-43620958-43622985	5
0.121278813666885	1.24610933942407	0.195	0.085	1	chr8-101451134-101453913	5
0.121278813666885	1.35578187924234	0.195	0.085	1	chr15-73993946-73995573	5
0.121278813666885	1.39708575698836	0.195	0.085	1	chr20-62065155-62067344	5
0.121513185112502	1.14537262864542	0.244	0.128	1	chr1-26335908-26337206	5
0.121545755576603	1.41623472912524	0.171	0.064	1	chr1-1019033-1021469	5
0.121545755576603	1.43432637785011	0.171	0.064	1	chr1-165861892-165863219	5
0.121545755576603	1.47545467227559	0.171	0.064	1	chr2-100414665-100418382	5
0.121545755576603	1.43457791688642	0.171	0.064	1	chr2-108718846-108720169	5
0.121545755576603	1.46217006941064	0.171	0.064	1	chr2-234980327-234982519	5
0.121545755576603	1.41907008716021	0.171	0.064	1	chr3-97982027-97983157	5
0.121545755576603	1.36488742467126	0.171	0.064	1	chr6-44221063-44222086	5
0.121545755576603	1.41352686751492	0.171	0.064	1	chr9-6395194-6396049	5
0.121545755576603	1.48309131496585	0.171	0.064	1	chr10-69437695-69440307	5
0.121545755576603	1.41490138255108	0.171	0.064	1	chr10-109541849-109542855	5
0.121545755576603	1.37530980094097	0.171	0.064	1	chr12-58034205-58035311	5
0.121545755576603	1.46843990225534	0.171	0.064	1	chr14-25370532-25372395	5
0.121545755576603	1.37891964245667	0.171	0.064	1	chr15-63833073-63834804	5
0.121545755576603	1.50139004058668	0.171	0.064	1	chr17-2392237-2394516	5
0.121545755576603	1.55796144243588	0.171	0.064	1	chr17-44110833-44111756	5
0.121545755576603	1.35799227887968	0.171	0.064	1	chr20-33400498-33402284	5
0.121545755576603	1.40501182973698	0.171	0.064	1	chr21-36835275-36836003	5
0.121611546879517	0.860491583811513	0.341	0.191	1	chr1-12229507-12233014	5
0.122066108306226	0.760926219194135	0.366	0.191	1	chr8-143812936-143817551	5
0.122156175203197	0.971195700764183	0.293	0.149	1	chr1-98660859-98663374	5
0.122156175203197	0.932993533390874	0.293	0.149	1	chr10-35089442-35091121	5
0.122275376411929	0.736906410723958	0.463	0.319	1	chr1-180501413-180503859	5
0.122355533621834	0.992221609784363	0.244	0.106	1	chr5-154937027-154938845	5
0.122448412785475	0.73747606666324	0.415	0.277	1	chr10-38093675-38095356	5
0.122504006313716	0.873739488448207	0.317	0.17	1	chr5-95821757-95823404	5
0.122504006313716	0.906787828653464	0.317	0.17	1	chr6-5003100-5004732	5
0.122504006313716	0.910253650289841	0.317	0.17	1	chr14-23152753-23155921	5
0.122726551672201	0.781862487584295	0.39	0.255	1	chr6-3375574-3384189	5
0.123156953720584	0.897564868728436	0.268	0.128	1	chr1-70751532-70753423	5
0.123156953720584	0.921585973591795	0.268	0.128	1	chr1-111448135-111450321	5
0.123285578364614	0.61434124168572	0.439	0.234	1	chr19-37317033-37318363	5
0.124239649246505	0.825626590651966	0.341	0.191	1	chr9-34374754-34377759	5
0.124240351055515	0.51792414238361	0.634	0.426	1	chr1-221740655-221744015	5
0.124272375004977	1.21098888386533	0.22	0.106	1	chr2-202375484-202377911	5
0.124272375004977	1.19061619586018	0.22	0.106	1	chr20-37852357-37854046	5
0.124272375004977	1.15816172198747	0.22	0.106	1	chrX-37348644-37350644	5
0.124349554321093	0.492284932555782	0.561	0.426	1	chr5-163502749-163507189	5
0.124684069983418	1.25727185941847	0.195	0.085	1	chr19-18328072-18329311	5
0.124745310990975	0.82191047290613	0.366	0.234	1	chr7-74656190-74659247	5
0.124757330953547	0.56978300770902	0.537	0.298	1	chr12-56359671-56361076	5
0.124822783410132	0.740203178262483	0.366	0.213	1	chr20-31568321-31574563	5
0.124989337691358	0.870789293891003	0.293	0.149	1	chr9-124657814-124659825	5
0.124989337691358	0.869839274658635	0.293	0.149	1	chr12-49264045-49266193	5
0.124989337691358	0.9242238201113	0.293	0.149	1	chr12-53937965-53940151	5
0.124989337691358	0.924969552204385	0.293	0.149	1	chr12-120580356-120582093	5
0.125199774691754	0.767174327984044	0.39	0.255	1	chr8-74319926-74323450	5
0.125237114111281	0.87639143644106	0.317	0.17	1	chr10-131960656-131964646	5
0.125237114111281	0.911356798900893	0.317	0.17	1	chr16-30740024-30742329	5
0.125237114111281	0.914669249776375	0.317	0.17	1	chr17-2395516-2397616	5
0.125241757932838	1.39557928046302	0.171	0.064	1	chr1-32933328-32934546	5
0.125241757932838	1.40532223981396	0.171	0.064	1	chr1-119867522-119869010	5
0.125241757932838	1.37673031250183	0.171	0.064	1	chr1-120850213-120851538	5
0.125241757932838	1.37400010111494	0.171	0.064	1	chr1-150255287-150256669	5
0.125241757932838	1.29720526816374	0.171	0.064	1	chr1-181095555-181096640	5
0.125241757932838	1.32196996347887	0.171	0.064	1	chr1-205270507-205271805	5
0.125241757932838	1.35980656144016	0.171	0.064	1	chr2-135073764-135075189	5
0.125241757932838	1.39523313038162	0.171	0.064	1	chr3-129245090-129246393	5
0.125241757932838	1.43628492877809	0.171	0.064	1	chr4-20251380-20253296	5
0.125241757932838	1.37205408701073	0.171	0.064	1	chr5-78546293-78547451	5
0.125241757932838	1.53375533579985	0.171	0.064	1	chr6-89940211-89942017	5
0.125241757932838	1.32592063052612	0.171	0.064	1	chr7-4188778-4189825	5
0.125241757932838	1.38352107764522	0.171	0.064	1	chr7-73612539-73613469	5
0.125241757932838	1.37434692201249	0.171	0.064	1	chr7-107044038-107047403	5
0.125241757932838	1.38670409289653	0.171	0.064	1	chr11-69277290-69278755	5
0.125241757932838	1.404148767717	0.171	0.064	1	chr11-69892714-69895015	5
0.125241757932838	1.37894927845128	0.171	0.064	1	chr12-3299776-3300951	5
0.125241757932838	1.4373734054557	0.171	0.064	1	chr13-50511927-50514103	5
0.125241757932838	1.36475847151701	0.171	0.064	1	chr14-75126052-75128054	5
0.125241757932838	1.36283180523547	0.171	0.064	1	chr15-67914478-67916285	5
0.125241757932838	1.37683823462348	0.171	0.064	1	chrX-150966154-150968255	5
0.125669197890103	1.0032735377454	0.22	0.085	1	chr9-129883915-129886526	5
0.125678912002008	0.567504148149378	0.585	0.383	1	chr1-173823555-173825560	5
0.125739512269777	0.732457685444058	0.415	0.255	1	chr9-4677400-4681190	5
0.125755956352787	0.989077541928288	0.268	0.149	1	chr1-26959166-26961320	5
0.126233648741836	0.868881345787469	0.317	0.191	1	chr9-137188172-137190940	5
0.126450869458851	0.597100673570631	0.415	0.234	1	chr3-140941187-140943650	5
0.126450869458851	0.67558710067255	0.415	0.234	1	chr16-3400366-3402114	5
0.126956220170404	0.68712804910411	0.463	0.319	1	chr1-248905333-248907595	5
0.126981233898184	0.598611698118102	0.39	0.234	1	chr1-86704037-86706454	5
0.1275216989853	1.18574631524728	0.22	0.106	1	chr1-1573186-1576164	5
0.1275216989853	1.18926089001476	0.22	0.106	1	chr7-76310019-76311212	5
0.127614013076199	1.15316953557178	0.244	0.128	1	chr1-215635941-215637792	5
0.127614013076199	1.14773586670203	0.244	0.128	1	chr2-197704542-197707949	5
0.127614013076199	1.07718613746513	0.244	0.128	1	chr3-196739462-196742113	5
0.127614013076199	1.12149547880655	0.244	0.128	1	chr4-112283906-112286760	5
0.127614013076199	1.13816981902973	0.244	0.128	1	chr9-119868239-119869435	5
0.127614013076199	1.09051306832642	0.244	0.128	1	chr17-1454481-1457054	5
0.128017519175853	0.87765370056477	0.317	0.17	1	chr13-99085798-99088569	5
0.128017519175853	0.876254762871518	0.317	0.17	1	chr19-19732291-19733664	5
0.128163433182781	1.22723516767208	0.195	0.085	1	chr1-212558074-212559678	5
0.128163433182781	1.40800379860279	0.195	0.085	1	chr1-218379934-218381317	5
0.128163433182781	1.36918498063649	0.195	0.085	1	chr3-190120306-190121807	5
0.128163433182781	1.26989835025102	0.195	0.085	1	chr4-3409832-3411211	5
0.128163433182781	1.29259354217343	0.195	0.085	1	chr5-49599293-49602819	5
0.128163433182781	1.21483852357221	0.195	0.085	1	chr14-22333461-22335034	5
0.128163433182781	1.31784784171557	0.195	0.085	1	chr15-45166545-45168028	5
0.128163433182781	1.2515675682066	0.195	0.085	1	chr15-72226394-72227335	5
0.128163433182781	1.27136720364686	0.195	0.085	1	chr22-37559881-37564768	5
0.128655523188718	1.0143093800829	0.244	0.106	1	chr4-54658216-54660095	5
0.128655523188718	0.944923040725901	0.244	0.106	1	chr10-77925298-77927375	5
0.128715752363476	0.985307742905789	0.268	0.149	1	chr4-99945600-99948015	5
0.128715752363476	1.091625957945	0.268	0.149	1	chr13-50121097-50126896	5
0.129024782175245	1.39458967874469	0.171	0.064	1	chr1-3668489-3669847	5
0.129024782175245	1.2619594492391	0.171	0.064	1	chr1-12309515-12310926	5
0.129024782175245	1.41427687109652	0.171	0.064	1	chr1-27536282-27537691	5
0.129024782175245	1.38918276036593	0.171	0.064	1	chr3-19484555-19486032	5
0.129024782175245	1.31477929018812	0.171	0.064	1	chr3-47442232-47444569	5
0.129024782175245	1.45626983506339	0.171	0.064	1	chr3-178320122-178321315	5
0.129024782175245	1.41102155570582	0.171	0.064	1	chr6-46989208-46991373	5
0.129024782175245	1.16920077723269	0.171	0.064	1	chr9-6197238-6199056	5
0.129024782175245	1.35996081392824	0.171	0.064	1	chr9-130028123-130029245	5
0.129024782175245	1.30471564276234	0.171	0.064	1	chr11-101217818-101218721	5
0.129024782175245	1.35997038366762	0.171	0.064	1	chr19-7833153-7834074	5
0.129024782175245	1.36166980256081	0.171	0.064	1	chr21-32660566-32661928	5
0.129024782175245	1.38030006721384	0.171	0.064	1	chrX-53320254-53321637	5
0.129024782175245	1.34491487005486	0.171	0.064	1	chrX-129539937-129541376	5
0.129051392529256	1.11382071875867	0.22	0.085	1	chr3-165751480-165754503	5
0.129171025820689	0.919095156883974	0.268	0.128	1	chr1-1431568-1437431	5
0.129171025820689	1.07117870256983	0.268	0.128	1	chr3-178083943-178087912	5
0.129171025820689	0.902563867345073	0.268	0.128	1	chr12-11884944-11886725	5
0.129184926549582	0.552430878989695	0.561	0.34	1	chr6-52503041-52505206	5
0.129628575975108	0.800473437140261	0.341	0.191	1	chr1-159899139-159901714	5
0.130375475662599	0.782954280080148	0.341	0.17	1	chr6-2998172-3000923	5
0.130752474388574	1.09121336090197	0.244	0.128	1	chr7-55951317-55953043	5
0.130752474388574	1.04941041514473	0.244	0.128	1	chr19-41859097-41861497	5
0.130809092770745	0.856924639570956	0.293	0.149	1	chr2-135875350-135877041	5
0.130809092770745	0.918282711540394	0.293	0.149	1	chr12-122077995-122080953	5
0.130809092770745	0.900652594317431	0.293	0.149	1	chr19-36572614-36574525	5
0.130836731797006	1.14343120707301	0.22	0.106	1	chr9-92151642-92152780	5
0.130836731797006	1.09456062834301	0.22	0.106	1	chr13-19781712-19783532	5
0.130836731797006	1.23802458193878	0.22	0.106	1	chr16-27261795-27264557	5
0.131717817110623	1.26739872545963	0.195	0.085	1	chr1-19484259-19487096	5
0.131717817110623	1.26096802821202	0.195	0.085	1	chr3-38114553-38119297	5
0.131717817110623	1.2914308399554	0.195	0.085	1	chr3-187913027-187914917	5
0.131717817110623	1.21884682549943	0.195	0.085	1	chr5-107505506-107506749	5
0.131717817110623	1.26877323204669	0.195	0.085	1	chr10-72320544-72321402	5
0.131717817110623	1.26257355245943	0.195	0.085	1	chr11-2201854-2203193	5
0.131717817110623	1.25106429503963	0.195	0.085	1	chr12-57242276-57244286	5
0.131717817110623	1.21609377364457	0.195	0.085	1	chr17-82417815-82419618	5
0.131717817110623	1.20246799748129	0.195	0.085	1	chr20-63271964-63274765	5
0.131898639655189	0.902535821096305	0.244	0.106	1	chr1-92079752-92081214	5
0.131898639655189	1.00901999550157	0.244	0.106	1	chr2-202237165-202239066	5
0.132162129359533	0.693546058977816	0.39	0.234	1	chr9-122904156-122905860	5
0.132262395977396	0.941648217498001	0.268	0.128	1	chr20-32819348-32821103	5
0.132390240076	0.80994466360828	0.341	0.191	1	chr18-5236908-5239072	5
0.132895985134788	1.24308540610925	0.171	0.064	1	chr1-958361-961849	5
0.132895985134788	1.36719081636173	0.171	0.064	1	chr1-67554980-67556912	5
0.132895985134788	1.33131438240213	0.171	0.064	1	chr1-205061157-205062276	5
0.132895985134788	1.31972335420242	0.171	0.064	1	chr2-173230069-173231927	5
0.132895985134788	1.28283221959897	0.171	0.064	1	chr2-186129576-186130890	5
0.132895985134788	1.29258549063146	0.171	0.064	1	chr3-152834356-152835696	5
0.132895985134788	1.33202011677985	0.171	0.064	1	chr5-88824838-88825404	5
0.132895985134788	1.35462586625118	0.171	0.064	1	chr5-149220559-149222036	5
0.132895985134788	1.26995204773936	0.171	0.064	1	chr6-35449159-35449999	5
0.132895985134788	1.3347179235623	0.171	0.064	1	chr6-79777763-79778790	5
0.132895985134788	1.39244039166775	0.171	0.064	1	chr8-81568572-81570876	5
0.132895985134788	1.36029292294363	0.171	0.064	1	chr8-123921768-123922902	5
0.132895985134788	1.37388338459719	0.171	0.064	1	chr9-120385997-120387331	5
0.132895985134788	1.35820569169588	0.171	0.064	1	chr14-51004289-51005669	5
0.132895985134788	1.32462630956667	0.171	0.064	1	chr15-29469967-29471416	5
0.132895985134788	1.25929375909255	0.171	0.064	1	chr15-85899725-85900595	5
0.132895985134788	1.29576058019443	0.171	0.064	1	chr17-2049151-2051406	5
0.132895985134788	1.27330349290738	0.171	0.064	1	chr17-69500505-69502636	5
0.132895985134788	1.35380112944666	0.171	0.064	1	chr22-50218084-50220056	5
0.133702527075844	0.668016305897736	0.463	0.255	1	chr3-88057818-88060428	5
0.133722074154225	0.81989701395981	0.317	0.17	1	chr12-68609894-68612040	5
0.133796721422034	0.903850417875023	0.293	0.149	1	chr2-37323568-37325734	5
0.133796721422034	0.94623559641166	0.293	0.149	1	chr4-117084670-117086047	5
0.133950478952873	1.07891074126818	0.244	0.128	1	chr2-96637404-96638913	5
0.134087785682741	0.862183522928328	0.341	0.213	1	chr10-92590632-92594370	5
0.134162904190153	0.603725964072894	0.415	0.234	1	chr1-227786071-227789243	5
0.134162904190153	0.739793600847444	0.415	0.234	1	chr3-196080440-196083192	5
0.134218218559883	1.14022295930339	0.22	0.106	1	chr6-9139661-9141581	5
0.134218218559883	1.1491811901925	0.22	0.106	1	chr6-52352131-52353021	5
0.134797443384707	0.954066379920857	0.268	0.149	1	chr17-68246942-68248881	5
0.13520474840117	1.07349174863988	0.244	0.106	1	chr14-102524221-102525769	5
0.135348125501452	1.19431130591838	0.195	0.085	1	chr1-115975798-115977363	5
0.135348125501452	1.24379388633522	0.195	0.085	1	chr2-98607548-98609695	5
0.135348125501452	1.20214480842216	0.195	0.085	1	chr3-124592403-124593484	5
0.135348125501452	1.24066360118254	0.195	0.085	1	chr3-143118879-143121275	5
0.135348125501452	1.21187928900774	0.195	0.085	1	chr5-160421467-160422596	5
0.135348125501452	1.23354805589383	0.195	0.085	1	chr8-108672959-108674013	5
0.135348125501452	1.21332093405256	0.195	0.085	1	chr9-37963709-37964900	5
0.135348125501452	1.21793784913144	0.195	0.085	1	chr9-131502264-131504493	5
0.135348125501452	1.28817605110403	0.195	0.085	1	chr10-3102176-3103734	5
0.135348125501452	1.21528600808425	0.195	0.085	1	chr10-70363883-70365106	5
0.135348125501452	1.20910063938651	0.195	0.085	1	chr12-51429879-51431318	5
0.135348125501452	1.22617066130434	0.195	0.085	1	chr15-63120534-63122979	5
0.135348125501452	1.24334865516996	0.195	0.085	1	chr16-52068151-52071317	5
0.135410770643058	0.908741823305264	0.268	0.128	1	chr4-172962195-172963357	5
0.136192276803812	0.733099192161849	0.439	0.255	1	chr1-50967383-50971222	5
0.136261528205268	0.647524102784358	0.439	0.277	1	chr2-2660738-2664385	5
0.136812872500549	0.726678353272243	0.415	0.234	1	chr10-97399867-97401906	5
0.136836866654068	0.894266881401877	0.293	0.149	1	chr9-99104211-99106220	5
0.136836866654068	0.753530335395121	0.293	0.149	1	chr16-2081596-2083047	5
0.136856509502731	1.33090943756385	0.171	0.064	1	chr1-176559580-176560450	5
0.136856509502731	1.23997065904105	0.171	0.064	1	chr1-221611982-221613089	5
0.136856509502731	1.12607179687313	0.171	0.064	1	chr2-47069375-47070124	5
0.136856509502731	1.33905404957524	0.171	0.064	1	chr3-42116953-42119367	5
0.136856509502731	1.27530413044087	0.171	0.064	1	chr3-150314261-150315325	5
0.136856509502731	1.32253735555975	0.171	0.064	1	chr3-155805404-155806810	5
0.136856509502731	1.2443556715456	0.171	0.064	1	chr5-134591176-134593183	5
0.136856509502731	1.22916284847417	0.171	0.064	1	chr5-139517470-139518754	5
0.136856509502731	1.20799198577012	0.171	0.064	1	chr5-147453031-147454725	5
0.136856509502731	1.23244678151271	0.171	0.064	1	chr5-150458583-150460106	5
0.136856509502731	1.33796704681384	0.171	0.064	1	chr6-156977793-156978524	5
0.136856509502731	1.32558006072042	0.171	0.064	1	chr8-73298570-73300902	5
0.136856509502731	1.28843792610077	0.171	0.064	1	chr8-144356848-144359952	5
0.136856509502731	1.20423574099463	0.171	0.064	1	chr9-2570429-2571576	5
0.136856509502731	1.3205820450891	0.171	0.064	1	chr9-37976421-37977632	5
0.136856509502731	1.2672804365131	0.171	0.064	1	chr9-104975875-104978289	5
0.136856509502731	1.22922871420424	0.171	0.064	1	chr10-126904552-126906447	5
0.136856509502731	1.26265146148077	0.171	0.064	1	chr12-120495357-120497605	5
0.136856509502731	1.25960447421769	0.171	0.064	1	chr13-97141340-97142111	5
0.136856509502731	1.43715522534821	0.171	0.064	1	chr16-11296378-11298437	5
0.136856509502731	1.34539038489376	0.171	0.064	1	chr16-11344842-11346069	5
0.136856509502731	1.25760233733142	0.171	0.064	1	chr17-1995574-1998654	5
0.136856509502731	1.33178516695734	0.171	0.064	1	chr17-9841945-9843039	5
0.136856509502731	1.31587280191726	0.171	0.064	1	chr17-67244235-67246319	5
0.136856509502731	1.2874616797329	0.171	0.064	1	chr17-78352514-78353687	5
0.136856509502731	1.30521249155918	0.171	0.064	1	chr19-36378107-36379670	5
0.136856509502731	1.20213046860631	0.171	0.064	1	chr20-767943-769270	5
0.137104310569888	0.49687055237283	0.659	0.511	1	chr8-133447002-133520787	5
0.137666896163954	1.23498878046833	0.22	0.106	1	chr4-37628702-37629659	5
0.137666896163954	1.02109156313798	0.22	0.106	1	chr4-185566700-185568971	5
0.137666896163954	1.17134333717954	0.22	0.106	1	chr5-178152722-178154566	5
0.137920427917667	0.879582540265606	0.268	0.149	1	chr3-63862707-63865139	5
0.137920427917667	0.878303803515014	0.268	0.149	1	chr3-170355662-170358757	5
0.137920427917667	0.937519476856597	0.268	0.149	1	chr6-27518119-27519916	5
0.138266242008232	0.751859274227653	0.366	0.213	1	chr1-28258532-28262219	5
0.138266242008232	0.75494885147763	0.366	0.213	1	chr18-22168210-22171079	5
0.138616728527796	0.900448770063714	0.268	0.128	1	chr10-103966407-103968467	5
0.138616728527796	0.960908426343057	0.268	0.128	1	chr22-41832294-41834662	5
0.138974629461879	0.784022099189384	0.341	0.17	1	chr19-29714479-29717143	5
0.139055251222959	1.19360127013681	0.195	0.085	1	chr6-12007503-12009658	5
0.139055251222959	1.17010035633624	0.195	0.085	1	chr7-123319616-123320833	5
0.139055251222959	1.09852160121818	0.195	0.085	1	chr7-132471321-132473213	5
0.139055251222959	1.11126201674108	0.195	0.085	1	chr8-108247867-108249529	5
0.139055251222959	1.19726646235397	0.195	0.085	1	chr12-29725807-29727359	5
0.139055251222959	1.17386965096342	0.195	0.085	1	chr15-72782462-72784708	5
0.139055251222959	1.14758040184639	0.195	0.085	1	chrX-23887391-23890156	5
0.139055251222959	1.20629540003087	0.195	0.085	1	chrX-130267786-130269243	5
0.139621334982701	0.794035493158124	0.317	0.17	1	chr7-129610759-129613400	5
0.139716204549769	0.776584019165091	0.341	0.213	1	chr12-89524133-89526694	5
0.139930033751126	0.908622826159614	0.293	0.149	1	chr2-219001547-219003386	5
0.140238607365514	0.726215034147558	0.39	0.234	1	chr6-166381312-166384295	5
0.140449347772418	0.870175962025212	0.317	0.191	1	chr1-234542045-234546269	5
0.140460287890446	0.545413013854166	0.512	0.319	1	chr6-109380933-109385444	5
0.140527613330195	1.15974382391767	0.244	0.128	1	chr4-74116702-74117910	5
0.140527613330195	0.94328665805225	0.244	0.128	1	chr19-21141626-21142707	5
0.14090748270385	1.2587593314318	0.171	0.064	1	chr1-3333706-3336020	5
0.14090748270385	1.29534039057467	0.171	0.064	1	chr3-114623746-114625458	5
0.14090748270385	1.30560315878307	0.171	0.064	1	chr3-192851450-192852690	5
0.14090748270385	1.22063951639058	0.171	0.064	1	chr4-184267662-184268774	5
0.14090748270385	1.26665042004434	0.171	0.064	1	chr5-161857130-161857820	5
0.14090748270385	1.2473310844217	0.171	0.064	1	chr8-141391245-141394882	5
0.14090748270385	1.19493049487357	0.171	0.064	1	chr9-122261210-122262200	5
0.14090748270385	1.14825152224486	0.171	0.064	1	chr9-133116554-133118286	5
0.14090748270385	1.21545586262189	0.171	0.064	1	chr13-25301058-25303204	5
0.14090748270385	1.27394834274149	0.171	0.064	1	chr16-62225595-62226329	5
0.14090748270385	1.29449434501311	0.171	0.064	1	chr20-36050193-36051466	5
0.14090748270385	1.15549573973719	0.171	0.064	1	chr21-16418208-16420799	5
0.14090748270385	1.29177103706743	0.171	0.064	1	chrY-7273062-7276074	5
0.140948995986782	0.839898912133585	0.341	0.191	1	chr3-184710702-184712812	5
0.140948995986782	0.776301434050112	0.341	0.191	1	chr19-506426-508379	5
0.141017444605959	0.637548651458529	0.463	0.298	1	chr5-65623342-65626508	5
0.141084144283854	0.69391734483528	0.366	0.213	1	chr5-43482681-43484991	5
0.141084144283854	0.957681749256215	0.366	0.213	1	chr6-52283990-52285581	5
0.141183492719924	1.08285098319915	0.22	0.106	1	chr1-1776959-1779841	5
0.141183492719924	1.10073525904109	0.22	0.106	1	chr5-149471321-149472476	5
0.141183492719924	1.14517392467417	0.22	0.106	1	chr11-59011555-59013535	5
0.141880841802044	0.897621813973613	0.268	0.128	1	chr1-1066975-1070118	5
0.141880841802044	0.943210917094831	0.268	0.128	1	chr4-105707789-105709645	5
0.141880841802044	0.921163704427868	0.268	0.128	1	chr8-66123735-66124705	5
0.141880841802044	0.922359536958708	0.268	0.128	1	chr9-105693593-105695809	5
0.142176383768761	0.73766415842479	0.39	0.213	1	chrX-112840037-112842186	5
0.142597754676491	0.794095082250792	0.341	0.213	1	chr1-45338856-45341465	5
0.142645105182607	0.777557553931148	0.317	0.17	1	chr19-21081796-21082999	5
0.142840075512825	1.19033281560688	0.195	0.085	1	chr2-222317891-222320296	5
0.142840075512825	1.17503481972114	0.195	0.085	1	chr3-12229212-12230833	5
0.142840075512825	1.1894475349734	0.195	0.085	1	chr6-13732914-13734509	5
0.142840075512825	1.11118427345716	0.195	0.085	1	chr10-95290236-95291552	5
0.142840075512825	1.17044466106717	0.195	0.085	1	chr15-69560941-69563320	5
0.142840075512825	1.2264403013898	0.195	0.085	1	chr17-44123410-44124501	5
0.142840075512825	1.18143486432222	0.195	0.085	1	chr17-78127089-78129457	5
0.142840075512825	1.17467343724378	0.195	0.085	1	chrX-47658345-47659726	5
0.143039324733861	0.876493496134433	0.293	0.17	1	chr2-120222490-120226009	5
0.143039324733861	0.874522247320614	0.293	0.17	1	chr8-135456501-135458510	5
0.14307672236162	0.768306106090195	0.293	0.149	1	chr16-50024563-50026487	5
0.14307672236162	0.740946845304894	0.293	0.149	1	chr20-34823965-34826383	5
0.143434854979851	0.853528987289749	0.317	0.191	1	chr2-199910372-199912722	5
0.143907972925023	1.03002337014371	0.244	0.128	1	chr6-24359625-24360714	5
0.143945984055645	0.805536836866882	0.341	0.234	1	chr1-202379636-202381085	5
0.144768727004849	1.09763487591475	0.22	0.106	1	chr1-234213896-234215698	5
0.144768727004849	1.05829395571267	0.22	0.106	1	chr4-38867150-38869609	5
0.144768727004849	1.1285889593999	0.22	0.106	1	chr6-149544450-149546833	5
0.144768727004849	1.16488576564768	0.22	0.106	1	chr9-89685756-89687657	5
0.144768727004849	1.06092853257283	0.22	0.106	1	chr13-33817653-33819138	5
0.144936151930522	0.573190396604239	0.537	0.383	1	chr9-83978223-83982103	5
0.145050015757866	1.14490993225259	0.171	0.064	1	chr1-175231870-175233038	5
0.145050015757866	1.22160753793042	0.171	0.064	1	chr2-88599742-88600663	5
0.145050015757866	1.31931569997664	0.171	0.064	1	chr3-170045030-170047448	5
0.145050015757866	1.28274036693819	0.171	0.064	1	chr4-6632365-6634015	5
0.145050015757866	1.15221300093649	0.171	0.064	1	chr6-99285723-99286549	5
0.145050015757866	1.15650400378841	0.171	0.064	1	chr7-22672782-22674021	5
0.145050015757866	0.991266560239765	0.171	0.064	1	chr7-23469819-23471963	5
0.145050015757866	1.21456524456128	0.171	0.064	1	chr12-54051112-54053282	5
0.145050015757866	1.25588560039011	0.171	0.064	1	chr16-56627016-56627799	5
0.145090798246607	0.625679065116586	0.488	0.319	1	chr4-118276085-118283294	5
0.145507729105589	0.877858695970816	0.244	0.106	1	chr1-115676038-115677529	5
0.145507729105589	0.909759409751809	0.244	0.106	1	chr4-8421521-8423357	5
0.145524709054952	0.801987706629153	0.341	0.213	1	chr17-81865385-81873206	5
0.14571889209843	0.787308216906486	0.317	0.17	1	chr13-98482515-98485515	5
0.145830370494199	0.698057492111152	0.39	0.234	1	chr7-96793670-96795495	5
0.145830370494199	0.659729580856807	0.39	0.234	1	chr19-38834893-38839694	5
0.146176908718745	0.832105828580903	0.293	0.17	1	chr1-220527355-220529649	5
0.146176908718745	0.887138815062997	0.293	0.17	1	chr7-72878671-72880419	5
0.146176908718745	0.937336400814325	0.293	0.17	1	chr17-14068851-14070307	5
0.146200495187618	0.614660827262954	0.561	0.362	1	chr3-101675453-101678632	5
0.146277426195974	0.815067234500976	0.293	0.149	1	chr3-150149194-150151054	5
0.146277426195974	0.829942502256511	0.293	0.149	1	chr6-26594731-26598264	5
0.146277426195974	0.807177709788832	0.293	0.149	1	chr6-71287119-71289911	5
0.146277426195974	0.902528199153438	0.293	0.149	1	chr16-66549191-66550730	5
0.146277426195974	0.830465006856106	0.293	0.149	1	chr22-23892593-23896107	5
0.146468804079378	0.800392229975209	0.317	0.191	1	chr16-20763187-20764834	5
0.146703467208634	1.19390381317731	0.195	0.085	1	chr1-231235738-231237293	5
0.146703467208634	1.12889076517242	0.195	0.085	1	chr6-16946804-16948189	5
0.146703467208634	1.05678263845702	0.195	0.085	1	chr7-56078765-56080603	5
0.146703467208634	1.16207941531089	0.195	0.085	1	chr9-89179488-89181006	5
0.146703467208634	1.38741419649069	0.195	0.085	1	chr10-117391178-117393210	5
0.146703467208634	1.2412123784056	0.195	0.085	1	chr12-79414014-79416499	5
0.146703467208634	1.17992587916181	0.195	0.085	1	chr12-102060864-102062590	5
0.146703467208634	1.15348621121156	0.195	0.085	1	chr13-24215252-24216399	5
0.146703467208634	1.16733776174824	0.195	0.085	1	chr22-21951753-21953405	5
0.146703467208634	1.10224799582271	0.195	0.085	1	chr22-38167335-38168702	5
0.146852125221909	0.831572354273278	0.341	0.234	1	chr1-151368038-151373385	5
0.147350334489773	1.12500173939407	0.244	0.128	1	chr8-143382241-143387081	5
0.147350334489773	1.1267102462751	0.244	0.128	1	chr11-71205797-71208124	5
0.147624350605861	0.922819187234915	0.268	0.149	1	chr11-131895760-131898472	5
0.148423307903377	0.994782447484494	0.22	0.106	1	chr1-230680627-230683409	5
0.148423307903377	1.11789930186517	0.22	0.106	1	chr6-31834087-31836204	5
0.148423307903377	1.04866227502197	0.22	0.106	1	chr12-121209616-121211192	5
0.148423307903377	1.07861920023393	0.22	0.106	1	chr13-114064091-114065920	5
0.148423307903377	1.06446082914425	0.22	0.106	1	chr17-38351247-38352546	5
0.148423307903377	1.12535249234825	0.22	0.106	1	chr20-63588153-63591027	5
0.148423307903377	1.0504126322492	0.22	0.106	1	chr21-39450678-39452798	5
0.148843131775012	0.73365135456029	0.317	0.17	1	chr2-96206932-96209528	5
0.148843131775012	0.70852594535502	0.317	0.17	1	chr9-137689758-137690759	5
0.148843131775012	0.778244152780861	0.317	0.17	1	chr12-51047475-51049184	5
0.149072465951967	1.06435067502832	0.22	0.128	1	chr17-18362022-18364056	5
0.149285202130174	1.27765319689689	0.171	0.064	1	chr1-43038303-43039986	5
0.149285202130174	1.06579804838189	0.171	0.064	1	chr1-204442683-204444155	5
0.149285202130174	1.15946216188954	0.171	0.064	1	chr2-20625163-20626637	5
0.149285202130174	1.16984465459266	0.171	0.064	1	chr2-135201441-135203799	5
0.149285202130174	1.26251731077464	0.171	0.064	1	chr3-71684523-71685418	5
0.149285202130174	1.27186344898789	0.171	0.064	1	chr3-146189306-146190003	5
0.149285202130174	1.18541210631419	0.171	0.064	1	chr3-190807517-190808424	5
0.149285202130174	1.22164603167478	0.171	0.064	1	chr7-152898935-152900473	5
0.149285202130174	1.19618026764932	0.171	0.064	1	chr9-82560244-82561087	5
0.149285202130174	1.1059849278496	0.171	0.064	1	chr9-99259078-99260199	5
0.149285202130174	1.14611111167718	0.171	0.064	1	chr17-8542646-8543854	5
0.149285202130174	1.30127521671707	0.171	0.064	1	chr17-40074410-40076520	5
0.149285202130174	1.06871207671842	0.171	0.064	1	chr19-14574070-14574821	5
0.149285202130174	1.22310584495347	0.171	0.064	1	chr20-19046969-19048381	5
0.14936689061324	0.806725267786583	0.293	0.17	1	chr1-2081672-2083155	5
0.14936689061324	0.885302994548825	0.293	0.17	1	chr5-157265388-157268640	5
0.149627151222911	0.60429825964621	0.439	0.277	1	chr1-52054181-52058879	5
0.149627151222911	0.639804936377167	0.439	0.277	1	chr16-57244169-57246217	5
0.149802927447022	0.81014668050736	0.366	0.213	1	chr9-34457164-34459249	5
0.149926883734542	0.777306484118229	0.341	0.191	1	chr16-11752570-11755436	5
0.149926883734542	0.749036513403963	0.341	0.191	1	chr20-53621277-53624751	5
0.150646281971493	1.13019444378336	0.195	0.085	1	chr6-11206637-11207907	5
0.150646281971493	1.17744734696382	0.195	0.085	1	chr6-42448984-42453608	5
0.150646281971493	1.14368982970699	0.195	0.085	1	chr7-49479684-49481004	5
0.150646281971493	1.14608113629919	0.195	0.085	1	chr8-141278572-141280383	5
0.150646281971493	1.14682136108326	0.195	0.085	1	chr11-10394263-10395643	5
0.150646281971493	1.05495485551029	0.195	0.085	1	chr12-27703562-27704501	5
0.150646281971493	1.11497136849536	0.195	0.085	1	chr12-113241265-113242724	5
0.150646281971493	1.1211972475003	0.195	0.085	1	chr14-22981635-22983786	5
0.150646281971493	1.10801963030541	0.195	0.085	1	chr15-80988971-80990451	5
0.150646281971493	1.17215620302229	0.195	0.085	1	chr18-36348545-36350680	5
0.150646281971493	1.18409134481078	0.195	0.085	1	chr19-36604346-36606060	5
0.150855293042704	0.900373538159675	0.244	0.128	1	chr11-7596775-7598187	5
0.150972391648411	0.87598966316023	0.268	0.149	1	chr19-18500232-18505695	5
0.152018254674505	0.754750332341143	0.317	0.17	1	chr8-140463638-140465514	5
0.152018254674505	0.80621614376752	0.317	0.17	1	chr19-16469798-16472610	5
0.15202772969145	0.838141144630944	0.268	0.128	1	chr1-8258572-8260279	5
0.15202772969145	0.959665042073018	0.268	0.128	1	chr8-103020359-103021718	5
0.152147933844992	0.970132314221039	0.22	0.106	1	chr1-23018727-23021330	5
0.152147933844992	1.11310024842164	0.22	0.106	1	chr1-51567241-51570630	5
0.152147933844992	1.07250810193858	0.22	0.106	1	chr4-1683247-1685642	5
0.152147933844992	1.03272161925171	0.22	0.106	1	chr5-157858189-157859637	5
0.152147933844992	1.02188777327566	0.22	0.106	1	chr6-138571254-138573240	5
0.152147933844992	1.04190889613836	0.22	0.106	1	chr6-169933212-169935791	5
0.152147933844992	1.09335061589746	0.22	0.106	1	chr7-100406405-100408191	5
0.152147933844992	0.966480279113981	0.22	0.106	1	chr8-143716827-143720364	5
0.152147933844992	1.04605650353832	0.22	0.106	1	chr10-15309760-15311139	5
0.152147933844992	1.07797635076257	0.22	0.106	1	chr11-38460469-38461611	5
0.152147933844992	1.09021251887829	0.22	0.106	1	chr12-106955231-106957346	5
0.152147933844992	1.04651640573686	0.22	0.106	1	chr18-48547633-48549001	5
0.152307012195083	0.679387247183771	0.366	0.234	1	chr16-71722549-71724684	5
0.152416460667711	0.536987681871591	0.463	0.255	1	chr1-117928386-117931264	5
0.15241655911532	0.559381890423291	0.439	0.234	1	chr10-92572709-92575420	5
0.152609724197349	0.871346689088878	0.293	0.17	1	chr1-201373784-201382780	5
0.152609724197349	0.904405382172421	0.293	0.17	1	chr22-17158090-17160426	5
0.15268267343131	0.518926315476756	0.537	0.34	1	chr3-180601020-180603223	5
0.152703481063335	0.708604693086506	0.244	0.106	1	chr12-8081166-8083154	5
0.152842822861566	0.750415047237665	0.293	0.149	1	chr1-99765374-99767473	5
0.152842822861566	0.83766713475928	0.293	0.149	1	chr14-69150980-69153833	5
0.153014496849037	0.760129795652326	0.341	0.191	1	chr20-25309371-25311510	5
0.153541293688726	0.51115924718727	0.512	0.319	1	chr7-66098811-66101042	5
0.153614116572958	1.17054996566378	0.171	0.064	1	chr1-91404068-91405071	5
0.153614116572958	1.05927874220046	0.171	0.064	1	chr3-4741335-4742754	5
0.153614116572958	1.22752431210424	0.171	0.064	1	chr3-13484716-13485963	5
0.153614116572958	1.07007133307798	0.171	0.064	1	chr4-3785903-3787013	5
0.153614116572958	1.13064527318957	0.171	0.064	1	chr4-138334187-138335467	5
0.153614116572958	1.18382881892822	0.171	0.064	1	chr8-128794225-128794999	5
0.153614116572958	1.13889112982522	0.171	0.064	1	chr9-110188687-110189840	5
0.153614116572958	1.12628909767331	0.171	0.064	1	chr17-2994914-2997931	5
0.154377987186936	0.998977904861617	0.268	0.149	1	chr3-158109390-158111356	5
0.154377987186936	0.918504576623453	0.268	0.149	1	chr7-36389238-36392201	5
0.154423434881713	1.0424020105736	0.244	0.128	1	chr4-6695445-6697170	5
0.154423434881713	1.11167591400908	0.244	0.128	1	chr4-48905403-48907440	5
0.154423434881713	1.03777292508332	0.244	0.128	1	chr11-108646653-108648753	5
0.154669361504003	1.10385513475745	0.195	0.085	1	chr1-44282881-44284544	5
0.154669361504003	1.20867855643573	0.195	0.085	1	chr1-115861423-115863132	5
0.154669361504003	1.0989113526868	0.195	0.085	1	chr1-162913063-162914235	5
0.154669361504003	1.10353046846459	0.195	0.085	1	chr4-10655145-10658524	5
0.154669361504003	1.07657549747471	0.195	0.085	1	chr6-16901582-16902377	5
0.154669361504003	1.14266298888289	0.195	0.085	1	chr6-35043991-35045480	5
0.154669361504003	1.14449840457785	0.195	0.085	1	chr6-53060479-53062816	5
0.154669361504003	1.12634688482638	0.195	0.085	1	chr7-70598789-70599702	5
0.154669361504003	1.11742430202925	0.195	0.085	1	chr12-57764530-57767210	5
0.154669361504003	1.11967988469002	0.195	0.085	1	chr15-55992841-55994553	5
0.154669361504003	1.10636053167728	0.195	0.085	1	chr16-12898586-12900616	5
0.154669361504003	1.11865728874052	0.195	0.085	1	chr20-38961559-38963387	5
0.155530042278242	0.734130167243156	0.268	0.128	1	chr1-162018464-162022259	5
0.155530042278242	0.831617784160436	0.268	0.128	1	chr6-33716036-33718554	5
0.155905856925662	0.847810270779753	0.293	0.17	1	chr20-63738718-63741948	5
0.15594329223765	1.13941620617022	0.22	0.106	1	chr3-112404975-112411000	5
0.15594329223765	1.00418796856482	0.22	0.106	1	chr4-108649678-108651838	5
0.15594329223765	1.0579106591002	0.22	0.106	1	chr7-156639599-156641678	5
0.15594329223765	1.09873567781645	0.22	0.106	1	chr17-59370973-59373142	5
0.15594329223765	1.10773280725193	0.22	0.106	1	chr20-44521022-44522770	5
0.157841638677485	0.931724493804665	0.268	0.149	1	chr16-66551344-66553668	5
0.157841638677485	0.886207864681688	0.268	0.149	1	chr21-33914870-33916373	5
0.157962103555089	0.500039247627609	0.537	0.383	1	chr1-6783852-6786420	5
0.158055337151943	0.97355471021743	0.244	0.128	1	chr2-65128829-65131126	5
0.158055337151943	0.905984112181159	0.244	0.128	1	chr5-44538339-44540008	5
0.158055337151943	0.963528926225953	0.244	0.128	1	chr13-99191358-99193043	5
0.158055337151943	0.844807699392542	0.244	0.128	1	chr21-30215550-30216811	5
0.158773532763247	1.0770993347661	0.195	0.085	1	chr1-162497337-162498855	5
0.158773532763247	1.08956730944541	0.195	0.085	1	chr2-86254514-86255652	5
0.158773532763247	1.03974121093939	0.195	0.085	1	chr2-102735860-102737540	5
0.158773532763247	1.12914696157986	0.195	0.085	1	chr2-230222574-230223472	5
0.158773532763247	1.0370722845986	0.195	0.085	1	chr4-140140511-140141962	5
0.158773532763247	1.128025315345	0.195	0.085	1	chr5-14489379-14491374	5
0.158773532763247	1.12032643783745	0.195	0.085	1	chr7-95104430-95105792	5
0.158773532763247	1.07158266129518	0.195	0.085	1	chr9-113150472-113153089	5
0.158773532763247	1.13825160157286	0.195	0.085	1	chr11-44143303-44144880	5
0.158773532763247	1.07062545494666	0.195	0.085	1	chr11-47466530-47468997	5
0.158773532763247	1.13225188922918	0.195	0.085	1	chr13-100088243-100090479	5
0.158773532763247	1.07372951604551	0.195	0.085	1	chr16-12811083-12812417	5
0.158773532763247	1.10386878849935	0.195	0.085	1	chr18-79217841-79219147	5
0.158773532763247	1.11072313329447	0.195	0.085	1	chr20-34515374-34517484	5
0.158773532763247	1.08624513482781	0.195	0.085	1	chr21-38139642-38140956	5
0.159334501903852	0.778029428209992	0.341	0.191	1	chr5-112976027-112977985	5
0.159334501903852	0.775316413157835	0.341	0.191	1	chr11-206101-209791	5
0.159630043071417	0.849032505314193	0.293	0.149	1	chr12-95102641-95103867	5
0.159630043071417	0.787084907727476	0.293	0.149	1	chr21-43928313-43930619	5
0.159735448027496	0.619307255578225	0.415	0.277	1	chr6-83429522-83433079	5
0.159810058898247	1.03881495533442	0.22	0.106	1	chr1-112460740-112463186	5
0.159810058898247	0.968411359690961	0.22	0.106	1	chr2-95525407-95527705	5
0.159810058898247	1.01592823414537	0.22	0.106	1	chr5-133483371-133484378	5
0.159810058898247	1.01662377698849	0.22	0.106	1	chr7-73357185-73359100	5
0.159810058898247	1.02362326842368	0.22	0.106	1	chr10-109922303-109924191	5
0.159810058898247	1.02554017574251	0.22	0.106	1	chr12-124719965-124721379	5
0.159810058898247	1.03981669672637	0.22	0.106	1	chr19-18571063-18573239	5
0.160166853207631	0.665747444675477	0.244	0.106	1	chr6-29632185-29633906	5
0.160166853207631	0.73727093855676	0.244	0.106	1	chr13-21296879-21299604	5
0.160993559960734	0.73883834611432	0.39	0.255	1	chr6-127265879-127268830	5
0.161021910149188	0.565364098576498	0.439	0.277	1	chr17-8117610-8123560	5
0.161363839630432	0.987942996888433	0.268	0.149	1	chr6-39228750-39230186	5
0.161363839630432	0.88010948928878	0.268	0.149	1	chr7-148882699-148885493	5
0.161419918517194	0.709593038988574	0.366	0.234	1	chr8-140999741-141002665	5
0.161751567411317	0.960442822831826	0.244	0.128	1	chr3-43417977-43419421	5
0.162059781626313	0.777683332361458	0.366	0.213	1	chr8-86513890-86515994	5
0.162059781626313	0.677467282776495	0.366	0.213	1	chr19-10332180-10335453	5
0.16255732810109	0.874877447263614	0.171	0.064	1	chr1-202118582-202120228	5
0.16255732810109	1.1374521830479	0.171	0.064	1	chr8-118345280-118347240	5
0.16255732810109	1.15837851143537	0.171	0.064	1	chr9-128270857-128271988	5
0.16255732810109	1.1842810738981	0.171	0.064	1	chr16-68327954-68329078	5
0.162567642603491	0.780647458435853	0.341	0.191	1	chr1-163320852-163322995	5
0.162659776324033	0.873795201743891	0.293	0.17	1	chr1-161116976-161120425	5
0.162659776324033	0.871439454390994	0.293	0.17	1	chr19-1097650-1099960	5
0.162659776324033	0.878130868035992	0.293	0.17	1	chrX-65533541-65535489	5
0.16271790730611	0.708425961713628	0.268	0.128	1	chr1-229058099-229060778	5
0.16271790730611	0.891383878810909	0.268	0.128	1	chr19-9620627-9622945	5
0.16295960716947	1.08429742762624	0.195	0.085	1	chr3-149400911-149402552	5
0.16295960716947	1.07215074022903	0.195	0.085	1	chr3-186930002-186932193	5
0.16295960716947	1.04027050879468	0.195	0.085	1	chr4-42904610-42905738	5
0.16295960716947	1.08282766068694	0.195	0.085	1	chrX-10014552-10015978	5
0.162977959362337	0.545674707241116	0.39	0.213	1	chr1-45499334-45502539	5
0.163107999467498	0.836251052727317	0.293	0.149	1	chr17-17041114-17044030	5
0.163630676701803	0.755875533788374	0.366	0.255	1	chr16-30377218-30379443	5
0.163748897480349	1.01818784209004	0.22	0.106	1	chr1-10793097-10797156	5
0.163748897480349	0.945425128693078	0.22	0.106	1	chr1-43171233-43173139	5
0.163748897480349	1.07655477937991	0.22	0.106	1	chr1-109483191-109484965	5
0.163748897480349	1.05352697274856	0.22	0.106	1	chr1-119686231-119689132	5
0.163748897480349	1.03038248025444	0.22	0.106	1	chr1-177871707-177873956	5
0.163748897480349	1.01036644887482	0.22	0.106	1	chr5-172833567-172836639	5
0.163748897480349	1.03754176944769	0.22	0.106	1	chr5-174720854-174726047	5
0.163748897480349	0.964707683177078	0.22	0.106	1	chr7-66113997-66115872	5
0.163748897480349	0.97151373263654	0.22	0.106	1	chr8-102161804-102163296	5
0.163748897480349	1.06761575737689	0.22	0.106	1	chr16-15641047-15644078	5
0.163748897480349	1.08197916261274	0.22	0.106	1	chr16-67960898-67962293	5
0.164000437264412	0.953086518079019	0.22	0.128	1	chr6-159968258-159970705	5
0.164219863808386	0.601859964533523	0.415	0.255	1	chr4-184802657-184809094	5
0.164219863808386	0.580385662550675	0.415	0.255	1	chr5-79512106-79515353	5
0.164219863808386	0.624063235557629	0.39	0.277	1	chr3-97763704-97765785	5
0.164945075265295	0.753479179718682	0.268	0.149	1	chr6-8063485-8065187	5
0.165512683194288	0.856329820986356	0.244	0.128	1	chr4-99722327-99724676	5
0.165512683194288	0.932324076844357	0.244	0.128	1	chr7-29562810-29565214	5
0.165512683194288	0.95036482204453	0.244	0.128	1	chr10-27099739-27101212	5
0.165512683194288	0.90376859089709	0.244	0.128	1	chr18-34492553-34494485	5
0.165512683194288	0.964225596847435	0.244	0.128	1	chr20-45970732-45973095	5
0.165712519002778	0.800701575075702	0.317	0.191	1	chr1-45303052-45305176	5
0.165712519002778	0.765570318599513	0.317	0.191	1	chr4-186722780-186727547	5
0.16585003166917	0.757897107297714	0.341	0.191	1	chr1-182615765-182618469	5
0.165922939155138	0.551428191288737	0.463	0.298	1	chr9-35070158-35073389	5
0.166118423749109	0.793030394653598	0.293	0.17	1	chr5-55993732-55995869	5
0.166118423749109	0.815042130203476	0.293	0.17	1	chr9-97695941-97698204	5
0.166118423749109	0.825711802170592	0.293	0.17	1	chr10-929937-933261	5
0.166118423749109	0.908324301006254	0.293	0.17	1	chr16-3455778-3460486	5
0.166612006691606	0.471386314055876	0.659	0.468	1	chr1-110335917-110340716	5
0.166642791504945	0.8827699523504	0.293	0.149	1	chr1-156114098-156116468	5
0.166642791504945	0.734500539011308	0.293	0.149	1	chrX-115891835-115894516	5
0.16675024026195	0.664364278133008	0.366	0.255	1	chr6-44252153-44258236	5
0.167228379811145	1.06042105446072	0.195	0.085	1	chr1-3649285-3650443	5
0.167228379811145	1.02696888238087	0.195	0.085	1	chr1-39191222-39192910	5
0.167228379811145	1.06210769043306	0.195	0.085	1	chr1-164659403-164660902	5
0.167228379811145	1.10835748137355	0.195	0.085	1	chr1-230713599-230714928	5
0.167228379811145	0.98852736184979	0.195	0.085	1	chr7-25454969-25457544	5
0.167228379811145	1.07779346920175	0.195	0.085	1	chr17-41211813-41213147	5
0.167275572637315	0.629941094485551	0.366	0.298	1	chr5-68286073-68292841	5
0.16731580730111	0.764806067163233	0.341	0.213	1	chr6-106324641-106326302	5
0.16731580730111	0.670419735157349	0.341	0.213	1	chr9-128097727-128099674	5
0.167720125422592	0.718791167552349	0.366	0.234	1	chr21-33478214-33480819	5
0.167760458899624	1.02573847792613	0.22	0.106	1	chr1-24415196-24416951	5
0.167760458899624	1.03960090547991	0.22	0.106	1	chr1-228837643-228839108	5
0.167760458899624	0.993996619450356	0.22	0.106	1	chr2-113965156-113967605	5
0.167760458899624	1.01402053373277	0.22	0.106	1	chr4-70584030-70585054	5
0.167760458899624	1.02194462966524	0.22	0.106	1	chr7-34747422-34749052	5
0.167760458899624	0.974149184942208	0.22	0.106	1	chr9-109035983-109037180	5
0.167760458899624	0.980512434868084	0.22	0.106	1	chr9-136790504-136792541	5
0.167760458899624	0.965555062591879	0.22	0.106	1	chr12-52115901-52117208	5
0.167760458899624	1.02212003424681	0.22	0.106	1	chr17-32141243-32143824	5
0.167760458899624	0.908435313350715	0.22	0.106	1	chr20-38925707-38927281	5
0.167760458899624	0.923710462418981	0.22	0.106	1	chrX-101622674-101624369	5
0.168017056513978	0.628018104151348	0.463	0.277	1	chr1-74732430-74734510	5
0.168091143302332	0.524568986922909	0.488	0.298	1	chr3-49019936-49026945	5
0.168465183853936	0.615921178389486	0.366	0.213	1	chr6-42563396-42566327	5
0.168741632186696	0.551936803258323	0.415	0.277	1	chr7-87344320-87346554	5
0.16933923157412	0.97914701144442	0.244	0.128	1	chr1-201042632-201043798	5
0.16933923157412	0.94880158296885	0.244	0.128	1	chr2-70292971-70294456	5
0.16933923157412	0.914543808405047	0.244	0.128	1	chr5-111091818-111093670	5
0.16933923157412	0.930128713965944	0.244	0.128	1	chr10-15013178-15014388	5
0.16933923157412	0.889270910954841	0.244	0.128	1	chr12-58876863-58877840	5
0.16933923157412	0.909743657291977	0.244	0.128	1	chr14-67532515-67534192	5
0.16933923157412	0.90737904939532	0.244	0.128	1	chr17-38741348-38744241	5
0.16933923157412	1.07017492583956	0.244	0.128	1	chr20-29079566-29081057	5
0.169632091263022	0.793712368032181	0.293	0.17	1	chr12-64780052-64783066	5
0.169632091263022	0.814063830019966	0.293	0.17	1	chr20-41134976-41138746	5
0.169989420971376	0.58306867646303	0.439	0.277	1	chr7-103073717-103076289	5
0.170234862724039	0.805375126506371	0.293	0.149	1	chr7-45110223-45112643	5
0.170373804868163	0.701264794261869	0.415	0.255	1	chr1-171740980-171743909	5
0.170373804868163	0.67492568402469	0.415	0.255	1	chr4-145178842-145181602	5
0.170437405343792	0.480063060864965	0.512	0.319	1	chr1-9537579-9543056	5
0.170938664721497	0.679853465848594	0.366	0.234	1	chr16-18800116-18802437	5
0.171143775333856	1.19014541721114	0.171	0.085	1	chr17-1029894-1031382	5
0.171580628647151	1.04605101328487	0.195	0.085	1	chr1-53889165-53890636	5
0.171580628647151	1.1018375377754	0.195	0.085	1	chr1-153490014-153491150	5
0.171580628647151	0.864832035490279	0.195	0.085	1	chr3-45966944-45968982	5
0.171580628647151	1.04816769011091	0.195	0.085	1	chr3-194984678-194985928	5
0.171580628647151	1.07672566882435	0.195	0.085	1	chr6-139230147-139231400	5
0.171580628647151	1.0045644705424	0.195	0.085	1	chr7-102463891-102465849	5
0.171580628647151	1.08886587737425	0.195	0.085	1	chr10-93465533-93467037	5
0.171580628647151	1.06307314190165	0.195	0.085	1	chr12-26273667-26275364	5
0.171580628647151	1.02696777696655	0.195	0.085	1	chr14-91290454-91291745	5
0.171580628647151	1.05434093459485	0.195	0.085	1	chr16-58196843-58198678	5
0.171580628647151	1.06377422706856	0.195	0.085	1	chr16-83714782-83716111	5
0.171580628647151	1.04238520031592	0.195	0.085	1	chr19-58406738-58409871	5
0.171738289294504	0.65599430630001	0.366	0.213	1	chr12-50166250-50168089	5
0.171845380757449	0.985348327678532	0.22	0.106	1	chr3-169173009-169174360	5
0.171845380757449	1.038439574915	0.22	0.106	1	chr3-184144216-184145861	5
0.171845380757449	1.01750148732551	0.22	0.106	1	chr4-3436470-3437707	5
0.171845380757449	1.00224405235845	0.22	0.106	1	chr8-101126019-101127479	5
0.171845380757449	0.868885077111613	0.22	0.106	1	chr12-387647-390172	5
0.171845380757449	0.930129580131813	0.22	0.106	1	chr13-113216018-113217202	5
0.171845380757449	0.917405401914097	0.22	0.106	1	chr19-40690134-40691802	5
0.171845380757449	0.840054925018618	0.22	0.106	1	chrX-73213808-73215407	5
0.17190595337486	0.539355218127651	0.488	0.34	1	chr5-123511341-123513651	5
0.172151046912264	0.533783777737221	0.537	0.34	1	chr1-100350927-100355594	5
0.172286547925851	0.828698235076915	0.268	0.149	1	chr3-11641358-11644379	5
0.172286547925851	0.877431257707005	0.268	0.149	1	chr3-184298458-184300108	5
0.172286547925851	0.842435115589081	0.268	0.149	1	chr5-60944271-60946549	5
0.172286547925851	0.900304308789735	0.268	0.149	1	chr6-72182284-72183443	5
0.172286547925851	0.756325623469656	0.268	0.149	1	chr16-55502427-55503588	5
0.172286547925851	0.82599114589712	0.268	0.149	1	chr22-17637536-17640090	5
0.172532687621754	0.834830519261871	0.317	0.191	1	chr1-77779057-77780595	5
0.173123148360236	0.609422906573714	0.39	0.234	1	chr9-2620185-2623217	5
0.173201190470332	0.700054279490981	0.293	0.17	1	chr1-67715318-67718203	5
0.173231748724017	1.02171823409023	0.244	0.128	1	chr2-97645064-97646789	5
0.173231748724017	0.886950537267977	0.244	0.128	1	chr12-28189821-28192145	5
0.173231748724017	0.950174607203096	0.244	0.128	1	chr12-54358098-54359947	5
0.173231748724017	0.911890164174028	0.244	0.128	1	chr20-18287517-18289362	5
0.173231748724017	0.95763261192586	0.244	0.128	1	chr20-62232011-62233771	5
0.173514837681975	0.701211332304712	0.39	0.277	1	chr10-32980041-32982336	5
0.17388464825351	0.799391335663459	0.293	0.149	1	chr1-84832968-84836431	5
0.17388464825351	0.764381201242151	0.293	0.149	1	chr3-72886862-72888799	5
0.17388464825351	0.628127521869802	0.293	0.149	1	chr16-30893227-30895806	5
0.17388464825351	0.84292791796161	0.268	0.17	1	chr7-100022338-100024496	5
0.173965538826293	0.997286069771146	0.244	0.149	1	chr1-184386294-184389244	5
0.1750188943567	0.438401400352124	0.659	0.511	1	chr1-207024162-207034524	5
0.175058758270705	0.719394036344674	0.366	0.213	1	chr3-157174064-157176966	5
0.175058758270705	0.698754656071524	0.366	0.213	1	chr18-23629134-23630285	5
0.17570371367344	0.738146129435029	0.317	0.17	1	chr6-136821876-136823668	5
0.175743090259455	1.35295111688155	0.171	0.085	1	chr1-67571973-67573799	5
0.176004286763142	1.02197147245282	0.22	0.106	1	chr1-230750644-230753225	5
0.176004286763142	0.965461451460797	0.22	0.106	1	chr4-105146228-105148279	5
0.176004286763142	0.941392314267179	0.22	0.106	1	chr5-134647617-134649958	5
0.176004286763142	0.970502061047729	0.22	0.106	1	chr6-30344671-30345812	5
0.176004286763142	0.87619982269738	0.22	0.106	1	chr7-101084786-101086401	5
0.176004286763142	0.952311008290508	0.22	0.106	1	chr16-75305104-75306442	5
0.176004286763142	0.96938616467505	0.22	0.106	1	chrX-132216724-132219779	5
0.176017113706791	1.06531611025891	0.195	0.085	1	chr5-17951124-17952662	5
0.176017113706791	1.03364032510547	0.195	0.085	1	chr5-51810341-51811142	5
0.176017113706791	1.00951117454348	0.195	0.085	1	chr9-133841904-133842885	5
0.176017113706791	1.05480892893234	0.195	0.085	1	chr15-52528424-52529807	5
0.176017113706791	1.0166910864727	0.195	0.085	1	chr15-88466563-88468591	5
0.176017113706791	1.03700983878687	0.195	0.085	1	chr17-55494859-55496818	5
0.176020512684268	0.79093019418085	0.317	0.191	1	chr14-75068330-75070891	5
0.176020512684268	0.736215259273878	0.317	0.191	1	chr17-29291111-29295106	5
0.17604771081533	0.882258650401474	0.268	0.149	1	chr4-13626431-13628992	5
0.17604771081533	0.981592480734732	0.268	0.149	1	chr5-66595729-66598527	5
0.17604771081533	0.925789996506059	0.268	0.149	1	chr12-125633378-125635807	5
0.17604771081533	0.796129909229238	0.268	0.149	1	chr17-7237442-7240177	5
0.17604771081533	0.825005885451116	0.268	0.149	1	chr17-76725524-76727756	5
0.176197527604897	0.517268515117152	0.561	0.362	1	chr1-248825066-248827396	5
0.17634756327818	0.457792328509996	0.659	0.489	1	chr5-172902907-172906891	5
0.176826124955345	0.794505626742234	0.293	0.17	1	chr17-5418177-5421022	5
0.177190759477412	0.894820821504358	0.244	0.128	1	chr18-80147427-80149132	5
0.177190759477412	0.992093759622268	0.244	0.128	1	chr22-40176634-40179338	5
0.177372085332729	0.681673729057937	0.341	0.213	1	chr1-227727533-227732315	5
0.177592574497077	0.680304914897057	0.293	0.149	1	chr14-81535385-81537888	5
0.178426903909668	0.686773539128949	0.366	0.213	1	chr3-196286682-196288644	5
0.178751705661886	0.456783271571964	0.585	0.362	1	chr3-17740509-17743602	5
0.179560643284584	0.624661318605201	0.317	0.191	1	chr1-45520414-45522690	5
0.179869759418138	0.863436122650196	0.268	0.149	1	chr4-3291068-3294157	5
0.179869759418138	0.842317868979247	0.268	0.149	1	chr5-160925802-160927636	5
0.180237786155312	0.828350145518165	0.22	0.106	1	chr1-11272450-11274274	5
0.180237786155312	0.854217770006192	0.22	0.106	1	chr1-48471671-48472974	5
0.180237786155312	0.924091853750019	0.22	0.106	1	chr1-99964722-99966739	5
0.180237786155312	0.913184882295994	0.22	0.106	1	chr3-23740350-23741653	5
0.180237786155312	0.837331317764452	0.22	0.106	1	chr3-195257774-195260880	5
0.180237786155312	0.950188941766273	0.22	0.106	1	chr5-54656072-54656944	5
0.180237786155312	0.906955520097966	0.22	0.106	1	chr12-95002859-95004224	5
0.180237786155312	0.98917389510546	0.22	0.106	1	chr20-31513853-31516153	5
0.180237786155312	0.929758298734652	0.22	0.106	1	chrX-16718946-16720376	5
0.180320282474754	0.455985419747977	0.463	0.277	1	chr12-88034846-88037060	5
0.180433966879739	1.27659149075351	0.171	0.085	1	chr1-107782138-107783211	5
0.180433966879739	1.20893400135075	0.171	0.085	1	chr2-173354195-173356545	5
0.180433966879739	1.3236082691817	0.171	0.085	1	chr7-66684340-66686596	5
0.180507289997621	0.669084777913235	0.293	0.17	1	chr1-32758018-32763841	5
0.180538576288403	0.868013192855162	0.195	0.085	1	chr1-59921129-59922969	5
0.180538576288403	0.9982309356125	0.195	0.085	1	chr1-116109730-116112520	5
0.180538576288403	1.04899152182731	0.195	0.085	1	chr3-27720693-27722803	5
0.180538576288403	1.02726130606385	0.195	0.085	1	chr4-80072356-80073703	5
0.180538576288403	0.903808009046329	0.195	0.085	1	chr12-48156628-48158114	5
0.180538576288403	1.10733895012768	0.195	0.085	1	chr12-118052237-118053103	5
0.180538576288403	1.03199078326063	0.195	0.085	1	chrX-120485314-120486660	5
0.180822286200565	0.714791983871868	0.341	0.213	1	chr12-46370913-46373511	5
0.180871702369428	0.67947567245241	0.366	0.234	1	chr11-63669980-63672222	5
0.181118616728426	0.574285590310808	0.439	0.319	1	chr5-83076532-83078212	5
0.181216776887758	0.917317803273905	0.244	0.128	1	chr2-20231296-20233176	5
0.181216776887758	0.764051405466987	0.244	0.128	1	chr3-157498856-157500594	5
0.181216776887758	0.850614785010913	0.244	0.128	1	chr16-56423682-56426028	5
0.181216776887758	0.875615176824241	0.244	0.128	1	chr18-13500110-13501837	5
0.1813590588197	0.697924354670672	0.293	0.149	1	chr3-179347176-179349141	5
0.1813590588197	0.678966104110259	0.293	0.149	1	chr6-126053230-126055627	5
0.181705140913105	0.515448454169918	0.585	0.362	1	chr1-27724906-27726870	5
0.181705140913105	0.432406418782226	0.537	0.404	1	chr12-71662612-71665678	5
0.182521628296763	0.571766953509977	0.439	0.277	1	chr1-145858184-145861056	5
0.183013066547648	0.608077388024642	0.341	0.191	1	chr5-150356887-150359018	5
0.183013066547648	0.695320572253093	0.341	0.191	1	chr12-34021759-34023121	5
0.183021352953738	0.617355135694121	0.366	0.255	1	chr1-62687123-62689257	5
0.18349815353879	0.49796985517198	0.463	0.277	1	chr4-177440809-177443408	5
0.183753132290541	0.904819180645901	0.268	0.149	1	chr3-188035959-188037640	5
0.183753132290541	0.871392800681611	0.268	0.149	1	chr8-52940535-52942297	5
0.183753132290541	0.739659163955946	0.268	0.149	1	chr16-2702954-2704230	5
0.184276176245802	0.636199856674979	0.366	0.234	1	chr11-34653341-34655598	5
0.184546473122803	0.901730613445269	0.22	0.106	1	chr1-80655750-80656690	5
0.184546473122803	0.940512259050078	0.22	0.106	1	chr7-56009051-56010779	5
0.184546473122803	0.971296202498691	0.22	0.106	1	chr7-80942036-80943747	5
0.184546473122803	0.899798564777739	0.22	0.106	1	chr9-134048852-134050143	5
0.184546473122803	0.968780120643432	0.22	0.106	1	chr16-11534017-11536118	5
0.184546473122803	0.907973486172811	0.22	0.106	1	chr17-4160752-4163193	5
0.184895544347069	0.690911693909849	0.366	0.277	1	chr1-51234918-51238626	5
0.185145738157334	0.857757688985423	0.195	0.085	1	chr5-67214825-67216752	5
0.185145738157334	0.831432366760195	0.195	0.085	1	chr7-94907154-94909118	5
0.185145738157334	0.923748218127327	0.195	0.085	1	chr13-112693261-112695751	5
0.185184509233767	0.689153640234219	0.293	0.149	1	chr7-135661645-135663503	5
0.185217214019719	1.33419670353744	0.171	0.085	1	chr6-27671763-27673212	5
0.185217214019719	1.24180727719289	0.171	0.085	1	chr18-11849990-11852342	5
0.185307446909719	0.673856894043815	0.341	0.234	1	chr13-50080113-50084061	5
0.185310301788153	0.80238836202485	0.244	0.128	1	chr1-151836149-151837575	5
0.185310301788153	0.97345949452675	0.244	0.128	1	chr1-172358025-172361281	5
0.185310301788153	0.845510745594528	0.244	0.128	1	chr2-202032975-202035159	5
0.185784011067929	0.698229973182955	0.268	0.128	1	chr1-28913762-28915848	5
0.186001918318994	0.428395193585713	0.634	0.468	1	chr4-15001059-15005552	5
0.186799211803362	0.71738597290255	0.317	0.191	1	chr12-68686144-68687796	5
0.187698257611378	0.804581157310985	0.268	0.149	1	chr1-46246491-46248766	5
0.187698257611378	0.80403600750714	0.268	0.149	1	chr6-29976202-29977604	5
0.187698257611378	0.821383332025752	0.268	0.149	1	chr20-41649293-41651401	5
0.18787175483417	0.678662688367519	0.341	0.213	1	chr6-144283417-144288014	5
0.188654676656725	1.12267578143881	0.195	0.106	1	chr1-27233793-27235912	5
0.188654676656725	1.17542740964607	0.195	0.106	1	chr8-129751845-129754071	5
0.188654676656725	1.00806196417256	0.195	0.106	1	chrX-31375962-31377496	5
0.188930926225741	0.939929405928045	0.22	0.106	1	chr4-6673003-6675332	5
0.188930926225741	0.959516258849894	0.22	0.106	1	chr4-25865184-25866233	5
0.188930926225741	0.797478537196324	0.22	0.106	1	chr8-81103971-81105003	5
0.188930926225741	0.934004514222942	0.22	0.106	1	chr11-13462317-13464016	5
0.188930926225741	0.96419209182917	0.22	0.106	1	chr16-56611214-56612138	5
0.188930926225741	0.89242198192106	0.22	0.106	1	chr19-39539133-39541312	5
0.188930926225741	0.792131258178668	0.22	0.106	1	chr20-34110243-34113297	5
0.188930926225741	0.957399209107854	0.22	0.106	1	chr22-28783594-28784994	5
0.189038898743125	0.547587823977131	0.439	0.277	1	chr6-116100057-116102175	5
0.189471822351124	0.907141530442457	0.244	0.128	1	chr1-21251553-21252776	5
0.189471822351124	0.899504502726454	0.244	0.128	1	chr1-30461167-30462694	5
0.189471822351124	0.884286495264143	0.244	0.128	1	chr6-17392984-17394797	5
0.189839300744053	0.885860040962743	0.195	0.085	1	chr1-10673385-10678311	5
0.189839300744053	0.99483694390455	0.195	0.085	1	chr12-70365511-70367249	5
0.189852545313527	0.976599893042679	0.244	0.149	1	chr1-168860736-168864722	5
0.189871367358755	0.657377252189873	0.415	0.255	1	chr20-32357294-32360662	5
0.190093616892683	1.09719089565535	0.171	0.085	1	chr1-42146753-42147470	5
0.190093616892683	1.12551728027452	0.171	0.085	1	chr5-134240034-134241290	5
0.190268246267064	0.586474133435165	0.537	0.34	1	chr2-24075671-24078289	5
0.190419654450128	0.767567074327957	0.293	0.191	1	chr6-43926333-43928263	5
0.190419654450128	0.861423157655142	0.293	0.191	1	chr12-70643352-70646472	5
0.192382297553935	0.619220306609517	0.366	0.213	1	chr19-1039521-1041571	5
0.192791850459067	0.943391038414587	0.22	0.128	1	chr18-48407983-48411076	5
0.192816563866948	0.443943106541253	0.537	0.383	1	chr12-56115699-56119975	5
0.193391707817174	0.934931021959201	0.22	0.106	1	chr1-206507062-206510259	5
0.193391707817174	0.932930503895335	0.22	0.106	1	chr5-39716221-39717217	5
0.193391707817174	0.869022367481723	0.22	0.106	1	chr6-26439414-26441117	5
0.193391707817174	0.769831227303573	0.22	0.106	1	chr9-136051109-136053701	5
0.193391707817174	0.803195408939743	0.22	0.106	1	chr17-19268242-19271276	5
0.193923871799884	0.74521029954509	0.317	0.213	1	chr10-89700824-89702633	5
0.194000647364659	0.598014602685814	0.439	0.319	1	chr18-59898935-59901389	5
0.194251096770485	0.715250676799911	0.317	0.191	1	chr17-54967476-54970175	5
0.194614214340931	0.526774464602123	0.415	0.277	1	chr1-151510275-151514959	5
0.194619944343221	1.01940228548353	0.195	0.085	1	chr1-155974356-155980081	5
0.194619944343221	0.865861017544019	0.195	0.085	1	chr6-138187971-138189529	5
0.194619944343221	0.95994758542773	0.195	0.085	1	chr16-66608279-66609354	5
0.194891163488545	0.590029272175872	0.488	0.319	1	chrY-56836391-56845209	5
0.194947442489686	0.59025985389598	0.439	0.298	1	chr17-74756743-74762368	5
0.195063936133706	1.16541419999633	0.171	0.085	1	chr1-35450823-35452822	5
0.195063936133706	1.12875372261194	0.171	0.085	1	chr2-101109783-101110989	5
0.195063936133706	1.18314337845614	0.171	0.085	1	chr2-135049720-135053235	5
0.195063936133706	1.18062930057797	0.171	0.085	1	chr7-128826913-128827845	5
0.195063936133706	1.17320161841316	0.171	0.085	1	chr8-116324454-116325543	5
0.195063936133706	1.1499296047845	0.171	0.085	1	chr19-48810611-48811595	5
0.195775424338372	0.823070757832502	0.268	0.149	1	chr1-100265405-100267390	5
0.195775424338372	0.742582024721895	0.268	0.149	1	chr3-179652092-179654673	5
0.195775424338372	0.802771266690849	0.268	0.149	1	chr7-100118421-100120641	5
0.195775424338372	0.780558665785352	0.268	0.149	1	chr10-103792688-103795028	5
0.195775424338372	0.843458274253684	0.268	0.149	1	chr16-58031050-58033803	5
0.195775424338372	0.816135184620259	0.268	0.149	1	chr16-79599349-79602610	5
0.195801854731112	0.752318805241352	0.293	0.17	1	chr13-51801528-51804827	5
0.195801854731112	0.662869823614435	0.293	0.17	1	chr17-81551263-81554230	5
0.195993302674053	0.618095101058471	0.366	0.213	1	chr2-200746072-200749138	5
0.195993302674053	0.610551562788471	0.366	0.213	1	chr3-10191396-10192755	5
0.195993302674053	0.646386629915982	0.366	0.213	1	chr13-44139911-44142758	5
0.196322945482578	0.497523379130047	0.439	0.255	1	chr19-54135983-54139048	5
0.196565421362797	0.558003058085506	0.39	0.213	1	chrX-153722519-153728493	5
0.196908883440363	0.550639529288536	0.39	0.255	1	chr13-94548392-94550670	5
0.197018590275274	0.684384759681762	0.293	0.149	1	chr2-37083626-37085201	5
0.197664881691837	0.6747938222232	0.341	0.191	1	chr2-233480045-233482844	5
0.197664881691837	0.688510747409126	0.317	0.213	1	chr14-51650757-51653552	5
0.197929363465836	0.883693649706939	0.22	0.106	1	chr1-26305996-26307234	5
0.197929363465836	0.827499794472521	0.22	0.106	1	chr1-77030724-77032526	5
0.197929363465836	0.902761592452017	0.22	0.106	1	chr2-27133346-27135123	5
0.197929363465836	0.908716030316331	0.22	0.106	1	chr3-187742065-187746157	5
0.197932321427411	1.10221408211613	0.195	0.106	1	chr1-205175177-205176019	5
0.197932321427411	0.924659419706197	0.195	0.106	1	chr2-38750242-38752106	5
0.198000737214787	0.80891909829766	0.244	0.128	1	chr3-129398258-129400388	5
0.198000737214787	0.836839575235478	0.244	0.128	1	chr15-42678758-42679903	5
0.19810933982602	0.75868612944473	0.293	0.191	1	chr6-51472416-51474996	5
0.198185838930669	0.91549171919297	0.244	0.149	1	chr2-121699266-121700741	5
0.198185838930669	0.97066490609975	0.244	0.149	1	chr10-101780847-101784268	5
0.198218090431148	0.546439362662263	0.512	0.362	1	chr12-79687827-79693562	5
0.1983129429633	0.609177711897369	0.439	0.298	1	chr8-70666317-70670139	5
0.198823153728465	0.684714233509229	0.341	0.213	1	chr1-198655609-198658480	5
0.199488327314497	0.857954938258742	0.195	0.085	1	chr4-41333630-41334912	5
0.199908267084962	0.791650824138773	0.268	0.149	1	chr6-8082800-8085486	5
0.200128906835389	1.17283452641827	0.171	0.085	1	chr9-96382913-96384224	5
0.200128906835389	1.10019078858614	0.171	0.085	1	chr14-102472082-102473452	5
0.200215529567854	0.470493486837748	0.415	0.255	1	chr14-45249950-45254547	5
0.20044401096702	0.613121291508268	0.39	0.255	1	chr9-26945453-26947989	5
0.201515041075544	0.585098183631886	0.415	0.277	1	chr14-24145847-24148536	5
0.201918871943877	0.742453793399527	0.317	0.191	1	chr20-30579084-30580571	5
0.202012157613195	0.643373959085041	0.366	0.234	1	chr7-1530225-1534452	5
0.202038289234781	0.695892721842451	0.317	0.17	1	chr3-119676007-119678021	5
0.202038289234781	0.672222460501492	0.317	0.17	1	chr17-4142078-4144712	5
0.202038289234781	0.811541729645449	0.293	0.191	1	chr1-92831332-92833442	5
0.202369040605173	0.922675040022588	0.244	0.128	1	chr1-59926213-59927474	5
0.202369040605173	0.819247731303228	0.244	0.128	1	chr10-96270937-96273321	5
0.20245144180234	0.902202983928765	0.244	0.149	1	chr11-3378303-3379591	5
0.20245144180234	0.845503934472199	0.244	0.149	1	chr13-110560589-110562634	5
0.202544421380545	0.838733681086947	0.22	0.106	1	chr1-31054374-31056297	5
0.202544421380545	0.866237173910169	0.22	0.106	1	chr1-196001824-196003321	5
0.202544421380545	0.911113260996284	0.22	0.106	1	chr16-30060298-30061838	5
0.202544421380545	0.871323966875558	0.22	0.106	1	chr22-36528013-36530321	5
0.202575362126132	0.537835509509837	0.341	0.213	1	chr1-96721011-96723083	5
0.202575362126132	0.634413884521495	0.341	0.213	1	chr16-27202897-27204969	5
0.203363840218338	0.700066983062737	0.341	0.234	1	chr11-83192469-83194935	5
0.203796139533923	0.734245603009555	0.293	0.17	1	chr10-97327362-97328795	5
0.203796139533923	0.750168726217323	0.293	0.17	1	chr14-64719847-64722017	5
0.204104464268403	0.734662303999801	0.268	0.149	1	chr4-132343986-132345937	5
0.204104464268403	0.749784571069684	0.268	0.149	1	chr8-73745673-73748196	5
0.204750811353652	0.534897896934299	0.512	0.362	1	chr9-37464420-37466909	5
0.20520983894278	0.751923862392136	0.268	0.17	1	chr16-50591245-50593135	5
0.205289237586881	1.2642624572053	0.171	0.085	1	chr5-61408464-61409970	5
0.205289237586881	1.02565926819092	0.171	0.085	1	chr6-43035109-43036508	5
0.205289237586881	1.11692143451613	0.171	0.085	1	chr7-96949304-96950490	5
0.205289237586881	1.17485451286474	0.171	0.085	1	chr7-132575350-132577691	5
0.205289237586881	1.23640893629511	0.171	0.085	1	chr12-110038627-110039967	5
0.205289237586881	0.961723762794017	0.171	0.085	1	chrX-56945423-56947120	5
0.205703930688821	0.637364210201026	0.366	0.234	1	chr12-124386690-124390060	5
0.206079634595222	0.513104471642363	0.439	0.277	1	chr12-56633572-56638016	5
0.206208652708821	1.02221753956731	0.22	0.128	1	chr9-133346223-133349647	5
0.206208652708821	0.9842079184638	0.22	0.128	1	chr17-41972396-41973673	5
0.20640818438464	0.558354869281218	0.488	0.383	1	chr1-179880899-179883782	5
0.206651809038972	0.534415333649981	0.488	0.34	1	chr1-168178238-168180555	5
0.206651809038972	0.557370209135524	0.488	0.34	1	chr12-120193318-120202517	5
0.206807156963915	0.844107294319558	0.244	0.128	1	chr5-73446853-73449254	5
0.206807156963915	0.781941669094702	0.244	0.128	1	chr5-122844216-122848140	5
0.206807156963915	0.819425799325935	0.244	0.128	1	chr10-91787493-91789241	5
0.206807156963915	0.88108456464267	0.244	0.128	1	chr11-47329277-47332107	5
0.206807156963915	0.839023294420405	0.244	0.128	1	chr17-4364648-4367397	5
0.207123897853718	0.594430256236491	0.366	0.213	1	chr1-201307372-201311253	5
0.207123897853718	0.620247054836491	0.366	0.213	1	chr4-6779121-6784146	5
0.207123897853718	0.649724044756066	0.341	0.234	1	chr3-193592528-193594681	5
0.207237391836765	0.880573625574637	0.22	0.106	1	chr7-1503333-1505100	5
0.207237391836765	0.746911903598658	0.22	0.106	1	chr9-98191576-98193777	5
0.207336553063855	0.596925631641905	0.415	0.255	1	chr16-81644950-81646082	5
0.207539414637052	1.04451465250872	0.195	0.106	1	chr1-228212815-228214255	5
0.207539414637052	1.11786351172808	0.195	0.106	1	chr17-7350919-7352665	5
0.208328632071828	0.459950362830269	0.585	0.404	1	chr1-246930003-246932833	5
0.208364386973459	0.786452560456891	0.268	0.149	1	chr20-51221524-51222843	5
0.208592626431103	0.585131001189481	0.415	0.277	1	chr19-49675585-49678748	5
0.209397090960513	0.79742512487773	0.268	0.17	1	chr2-218567269-218570344	5
0.209444482038384	0.604161199015782	0.366	0.234	1	chr5-88268227-88269912	5
0.209490830360839	0.83753715315287	0.195	0.085	1	chr9-136806899-136809757	5
0.209490830360839	0.796490528515004	0.195	0.085	1	chr17-19506995-19508826	5
0.209804973662836	0.680928102369275	0.317	0.191	1	chr8-109583418-109586885	5
0.210065980272925	0.804529488594894	0.293	0.191	1	chr10-31759035-31761200	5
0.210234034803176	0.676411638583799	0.341	0.213	1	chr1-1162192-1166239	5
0.210234034803176	0.771032426820025	0.341	0.213	1	chr6-165833903-165836151	5
0.21054560951728	1.05560549150008	0.171	0.085	1	chr2-20550670-20552056	5
0.21054560951728	1.07117338510749	0.171	0.085	1	chr3-196754144-196755353	5
0.21054560951728	1.17119345799096	0.171	0.085	1	chr9-2297937-2299978	5
0.21054560951728	1.0414006467387	0.171	0.085	1	chr12-75488565-75490371	5
0.21054560951728	1.09635190103965	0.171	0.085	1	chr12-121236936-121239311	5
0.21054560951728	1.03896863549935	0.171	0.085	1	chr17-3975922-3977884	5
0.21054560951728	1.12864791579014	0.171	0.085	1	chr20-19783733-19785340	5
0.210559603492545	0.482465768254952	0.512	0.404	1	chr19-18191374-18194270	5
0.210609337142728	0.513093306950217	0.61	0.404	1	chr1-100894250-100897286	5
0.210609337142728	0.374039635892896	0.561	0.447	1	chr10-58266585-58270349	5
0.211182570785879	0.867450005180307	0.244	0.149	1	chr5-180493747-180495731	5
0.211315504588081	0.732309683170066	0.244	0.128	1	chr2-7007507-7009305	5
0.211315504588081	0.812435975649805	0.244	0.128	1	chr5-31638255-31639878	5
0.211315504588081	0.822345831273733	0.244	0.128	1	chr6-37791031-37792027	5
0.211315504588081	0.746393883100863	0.244	0.128	1	chr16-2046815-2049061	5
0.211315504588081	0.826144271865918	0.244	0.128	1	chr16-29925036-29927270	5
0.211315504588081	0.757478341394175	0.244	0.128	1	chr19-58498110-58500180	5
0.211326932303663	0.674258941761913	0.39	0.255	1	chr10-67883739-67886601	5
0.211326932303663	0.633337919909384	0.39	0.255	1	chr12-948579-950349	5
0.211326932303663	0.51009683094216	0.39	0.255	1	chr16-5096775-5100231	5
0.212008766605883	0.732190039160847	0.22	0.106	1	chr3-51753713-51755292	5
0.212008766605883	0.711365153992893	0.22	0.106	1	chr4-139739828-139741430	5
0.212008766605883	0.856957692234694	0.22	0.106	1	chr7-159139732-159142187	5
0.212008766605883	0.868603449125974	0.22	0.106	1	chr12-31589526-31591515	5
0.212008766605883	0.890667497759469	0.22	0.106	1	chr14-68191363-68192601	5
0.212025378207409	0.669819422606368	0.293	0.17	1	chr1-228107801-228110501	5
0.212198232963434	0.646683261715714	0.415	0.277	1	chr6-109093653-109096461	5
0.212243303300005	0.430121748743169	0.585	0.426	1	chr3-105867653-105870294	5
0.212467890585241	0.997287716943452	0.195	0.106	1	chr1-18998170-18999830	5
0.212688393832193	0.652652289963236	0.268	0.149	1	chr13-98415824-98417251	5
0.213157110175253	0.556468997526019	0.341	0.191	1	chr5-71454972-71457656	5
0.213157110175253	0.718969115261931	0.341	0.191	1	chr9-34124856-34127441	5
0.213234048407112	0.526337611322214	0.366	0.234	1	chr10-31927056-31930472	5
0.213645877007284	0.728209427794936	0.268	0.17	1	chr1-965780-968684	5
0.213645877007284	0.792261680517613	0.268	0.17	1	chr1-235078548-235080508	5
0.213645877007284	0.794657399661663	0.268	0.17	1	chr2-46913587-46916904	5
0.213645877007284	0.805023202183627	0.268	0.17	1	chr7-30172357-30174082	5
0.213645877007284	0.732481425772333	0.268	0.17	1	chr9-121609446-121610728	5
0.213830618902101	0.667294677588225	0.317	0.191	1	chr1-3623901-3626178	5
0.213830618902101	0.71010278247648	0.317	0.191	1	chr10-69374730-69376487	5
0.214141018546917	0.649563213362776	0.341	0.213	1	chr2-159137131-159141165	5
0.214639570132073	0.554282360270803	0.39	0.277	1	chr1-8700525-8704063	5
0.214901191418086	0.380594436361108	0.561	0.426	1	chr19-14136193-14139031	5
0.215102170307059	0.460401457620785	0.512	0.34	1	chr17-2398812-2402553	5
0.215522200667522	0.961554910783812	0.22	0.128	1	chr8-102107338-102109287	5
0.215522200667522	0.883204173173811	0.22	0.128	1	chr22-47630792-47633266	5
0.215648860674727	0.87142566442118	0.244	0.149	1	chr6-3363055-3365614	5
0.215894486496252	0.729025309474239	0.244	0.128	1	chr7-55180618-55182606	5
0.215894486496252	0.789118912074086	0.244	0.128	1	chr7-127391373-127393694	5
0.215894486496252	0.784739731455383	0.244	0.128	1	chr11-121450919-121453201	5
0.215894486496252	0.785164649068823	0.244	0.128	1	chr16-69186369-69188788	5
0.215898675344532	1.09918798422665	0.171	0.085	1	chr1-37939694-37941255	5
0.215898675344532	1.06662081278125	0.171	0.085	1	chr1-158149370-158150334	5
0.215898675344532	1.13741986334935	0.171	0.085	1	chr1-160159298-160160556	5
0.215898675344532	0.983918192142419	0.171	0.085	1	chr2-118122670-118124835	5
0.215898675344532	1.06942596230905	0.171	0.085	1	chr2-149586891-149588552	5
0.215898675344532	1.08944117752443	0.171	0.085	1	chr2-218448622-218449563	5
0.215898675344532	1.01953597729005	0.171	0.085	1	chr3-18351100-18352582	5
0.215898675344532	1.04951195334767	0.171	0.085	1	chr3-64547921-64549244	5
0.215898675344532	1.15890164849912	0.171	0.085	1	chr4-7365271-7366818	5
0.215898675344532	1.15887321078111	0.171	0.085	1	chr5-11853569-11855428	5
0.215898675344532	1.10312017638303	0.171	0.085	1	chr5-87746878-87747683	5
0.215898675344532	1.21463402001205	0.171	0.085	1	chr6-33710793-33712228	5
0.215898675344532	1.11523376586413	0.171	0.085	1	chr6-110981569-110983034	5
0.215898675344532	1.09564612373522	0.171	0.085	1	chr7-128530393-128532616	5
0.215898675344532	0.969895906135603	0.171	0.085	1	chr13-46796203-46797801	5
0.215898675344532	1.14365723335553	0.171	0.085	1	chr14-93049032-93052732	5
0.215898675344532	1.09641224015914	0.171	0.085	1	chr15-78006524-78008586	5
0.215898675344532	1.04590418002158	0.171	0.085	1	chr17-56698994-56699996	5
0.215898675344532	1.14414133934944	0.171	0.085	1	chr20-5749928-5751338	5
0.216228894929681	0.652468505414533	0.293	0.17	1	chr1-20660510-20662324	5
0.216859018387713	0.832059545390517	0.22	0.106	1	chr1-203025776-203028008	5
0.216859018387713	0.790787021068765	0.22	0.106	1	chr8-121097101-121098091	5
0.216859018387713	0.836104892326374	0.22	0.106	1	chr15-72670487-72671464	5
0.216859018387713	0.770371535950411	0.22	0.106	1	chr18-57796415-57797871	5
0.217076830683069	0.70689632263804	0.268	0.149	1	chr16-68777916-68780461	5
0.217076830683069	0.757634058333185	0.268	0.149	1	chr18-44066056-44067718	5
0.217480349578948	0.991622366867522	0.195	0.106	1	chr19-3335201-3337664	5
0.217480349578948	0.99523598860913	0.195	0.106	1	chr19-35213494-35214729	5
0.217911693314	0.68099657070515	0.317	0.191	1	chr1-202034270-202035696	5
0.217911693314	0.55449521172024	0.317	0.191	1	chr16-2968656-2971419	5
0.217956519039872	0.819034850701886	0.268	0.17	1	chr8-97642972-97646447	5
0.218322051504989	0.758688901366613	0.293	0.191	1	chr1-229269538-229272867	5
0.218706217299557	0.594355237448108	0.366	0.213	1	chr1-101024712-101026941	5
0.218710544170176	0.562612524897788	0.463	0.362	1	chr17-50864803-50868255	5
0.218815709219145	0.599455174416187	0.39	0.255	1	chr12-120228037-120232589	5
0.219010800468589	0.320259688879616	0.39	0.213	1	chr15-90929675-90933071	5
0.220182786528959	0.826145524057215	0.244	0.149	1	chr1-1079250-1080714	5
0.220290992192085	0.85915003758869	0.22	0.128	1	chr9-101448965-101449964	5
0.22049207582519	0.711363416143321	0.293	0.17	1	chr3-93470161-93470993	5
0.22049207582519	0.666406751415515	0.293	0.17	1	chr9-33075886-33077263	5
0.220495232510955	0.541267704201966	0.415	0.298	1	chr2-218395591-218401730	5
0.220544489999484	0.623766418160208	0.244	0.128	1	chr11-62621232-62622779	5
0.220550569420004	0.469456842900323	0.561	0.447	1	chr3-48464968-48470959	5
0.221223944162452	0.620185888272376	0.317	0.213	1	chr2-74957998-74959494	5
0.221349058430926	1.07311338007437	0.171	0.085	1	chr1-207950437-207953511	5
0.221349058430926	1.03960520748817	0.171	0.085	1	chr2-84472136-84474948	5
0.221349058430926	1.03508574776079	0.171	0.085	1	chr2-120290673-120293158	5
0.221349058430926	1.04023429380143	0.171	0.085	1	chr2-233353773-233356120	5
0.221349058430926	1.03975290921176	0.171	0.085	1	chr3-45137626-45139670	5
0.221349058430926	1.14256701552199	0.171	0.085	1	chr5-14109093-14110253	5
0.221349058430926	1.16319361247835	0.171	0.085	1	chr5-79546980-79548770	5
0.221349058430926	1.0587946277093	0.171	0.085	1	chr6-87722913-87723930	5
0.221349058430926	1.03340154435417	0.171	0.085	1	chr6-135921945-135923291	5
0.221349058430926	1.05979875416013	0.171	0.085	1	chr7-112480299-112482659	5
0.221349058430926	1.03041175047274	0.171	0.085	1	chr8-55945446-55946666	5
0.221349058430926	1.13675242763668	0.171	0.085	1	chr9-121736715-121739581	5
0.221349058430926	1.03666488624918	0.171	0.085	1	chr11-17412933-17414333	5
0.221349058430926	1.02264489055353	0.171	0.085	1	chr11-47997889-47999413	5
0.221349058430926	1.07049817018626	0.171	0.085	1	chr11-88544121-88544854	5
0.221349058430926	1.05987029238919	0.171	0.085	1	chr11-102476215-102477498	5
0.221349058430926	1.022062902807	0.171	0.085	1	chr14-67384628-67386567	5
0.221349058430926	1.02658141706328	0.171	0.085	1	chr15-40439830-40441771	5
0.221349058430926	1.00884416250937	0.171	0.085	1	chr16-69173135-69174347	5
0.221349058430926	1.03907584433832	0.171	0.085	1	chr19-10105973-10107627	5
0.221349058430926	1.03843135431348	0.171	0.085	1	chr19-10701004-10702444	5
0.221349058430926	1.02092088802355	0.171	0.085	1	chrX-129651895-129656310	5
0.221530030232188	0.704394074070556	0.268	0.149	1	chr4-48375210-48376625	5
0.221530030232188	0.755279150966856	0.268	0.149	1	chr6-96923719-96925507	5
0.221530030232188	0.681045931165569	0.268	0.149	1	chr14-23055830-23058904	5
0.221788600246812	0.832573780538334	0.22	0.106	1	chr11-76860373-76862138	5
0.222048459448393	0.668336877827578	0.317	0.191	1	chr4-127880098-127882175	5
0.222048459448393	0.613016868803383	0.317	0.191	1	chr6-7541056-7543520	5
0.222080016800711	0.450221017958289	0.488	0.362	1	chr5-36237999-36243071	5
0.222111516568286	0.625136463048198	0.341	0.213	1	chr8-98116211-98118750	5
0.222126232467401	0.491548230575643	0.415	0.255	1	chr21-14382409-14384187	5
0.22253643783842	0.712985498606267	0.293	0.191	1	chr1-162166945-162169057	5
0.222577286525821	0.988888925429087	0.195	0.106	1	chr7-151341050-151343253	5
0.222577286525821	0.895830700550537	0.195	0.106	1	chr7-157355477-157356746	5
0.222577286525821	0.992765030967012	0.195	0.106	1	chr17-2023554-2026475	5
0.222577286525821	1.05556753181825	0.195	0.106	1	chr17-41771914-41774075	5
0.222577286525821	0.943309793685174	0.195	0.106	1	chr17-42623857-42624764	5
0.223937938567485	0.374789055897995	0.561	0.447	1	chr19-2039931-2052931	5
0.224307020683382	0.459708757269186	0.537	0.426	1	chr8-109538898-109541575	5
0.224784694443664	0.774514847514611	0.244	0.149	1	chr5-1109664-1112451	5
0.224784694443664	0.777141398457819	0.244	0.149	1	chr21-33403207-33405679	5
0.22481520615115	0.649761397780906	0.293	0.17	1	chr1-173451643-173453017	5
0.22481520615115	0.692943738371144	0.293	0.17	1	chr14-104687676-104690225	5
0.22481520615115	0.795745343395485	0.293	0.17	1	chr17-17077390-17080684	5
0.224899091344064	0.506146434617462	0.366	0.234	1	chr1-234372807-234374412	5
0.224899091344064	0.57374198669665	0.366	0.234	1	chr12-122097456-122099935	5
0.225135005090302	0.902402146139087	0.22	0.128	1	chr1-7571949-7575158	5
0.225265886275332	0.717587564686377	0.244	0.128	1	chr1-9241795-9243290	5
0.225265886275332	0.756329272460313	0.244	0.128	1	chr5-119273909-119275053	5
0.225265886275332	0.747211294350417	0.244	0.128	1	chr5-149124818-149126264	5
0.225265886275332	0.762648782693778	0.244	0.128	1	chr6-75600655-75603944	5
0.226048311716926	0.761174455412684	0.268	0.149	1	chr1-1917912-1920163	5
0.226048311716926	0.733971531861713	0.268	0.149	1	chr3-124032149-124034422	5
0.226048311716926	0.711569203268589	0.268	0.149	1	chr5-159518045-159519686	5
0.226175499129737	0.577236214438374	0.341	0.213	1	chr1-155687781-155691220	5
0.226175499129737	0.639365572317453	0.341	0.213	1	chr21-36186337-36189294	5
0.226764597865714	1.01665144787102	0.268	0.17	1	chr19-50789329-50805509	5
0.226797945053136	0.763261814323335	0.22	0.106	1	chr6-9467483-9468487	5
0.226897351846335	0.977819514416306	0.171	0.085	1	chr1-180153873-180155961	5
0.226897351846335	1.0392897484208	0.171	0.085	1	chr2-55692682-55694183	5
0.226897351846335	1.08559692871344	0.171	0.085	1	chr5-53030212-53032206	5
0.226897351846335	1.06172154646489	0.171	0.085	1	chr6-720537-722487	5
0.226897351846335	1.05569596166063	0.171	0.085	1	chr10-18178492-18180683	5
0.226897351846335	0.98637289832241	0.171	0.085	1	chr10-124461355-124462542	5
0.226897351846335	1.13855226679664	0.171	0.085	1	chr12-70552765-70554395	5
0.226897351846335	1.02148287138768	0.171	0.085	1	chr13-75759962-75761140	5
0.226897351846335	1.04240845724408	0.171	0.085	1	chr17-29591423-29594581	5
0.226897351846335	1.01959280310623	0.171	0.085	1	chr17-39636618-39638189	5
0.226897351846335	1.03069015414162	0.171	0.085	1	chr19-42396273-42398204	5
0.226897351846335	1.01223598029159	0.171	0.085	1	chr20-25852985-25854734	5
0.226897351846335	1.02750464447139	0.171	0.085	1	chr20-35559587-35562015	5
0.226987670038288	0.343990850204426	0.634	0.511	1	chr1-174998092-175001652	5
0.227683245305692	0.34684662408956	0.707	0.532	1	chr1-185155814-185159134	5
0.227759173385253	0.888351993946682	0.195	0.106	1	chr6-47134533-47136382	5
0.227759173385253	0.903933498714816	0.195	0.106	1	chr6-112042707-112044154	5
0.227759173385253	1.05502115469369	0.195	0.106	1	chr6-149894906-149896314	5
0.227759173385253	0.977855813886674	0.195	0.106	1	chr12-104063598-104066110	5
0.227759173385253	0.95559071247913	0.195	0.106	1	chr12-110449348-110450870	5
0.227759173385253	1.08673933354794	0.195	0.106	1	chr12-122020974-122024397	5
0.227759173385253	0.867301827412942	0.195	0.106	1	chr17-7403226-7405164	5
0.227759173385253	0.914043441950216	0.195	0.106	1	chr20-51022339-51023701	5
0.228845957534282	0.405311063022698	0.512	0.362	1	chr1-193058128-193061424	5
0.228845957534282	0.504167564704782	0.512	0.362	1	chr1-228139342-228143340	5
0.229198559492822	0.672041054368904	0.293	0.17	1	chr1-37930952-37932633	5
0.229198559492822	0.679027876083162	0.293	0.17	1	chr3-128333986-128336577	5
0.229507275776858	0.734766425536063	0.317	0.213	1	chr2-131491042-131494984	5
0.229507275776858	0.545809010455253	0.317	0.213	1	chr8-119207788-119210892	5
0.229798084352388	0.54201855281685	0.39	0.277	1	chr6-52994438-52997256	5
0.229798084352388	0.611664631779474	0.39	0.277	1	chr18-36827927-36830539	5
0.230054623785108	0.849424420031241	0.22	0.128	1	chr22-50182255-50184588	5
0.230059029945339	0.719849669717643	0.244	0.128	1	chr8-76343912-76345823	5
0.230059029945339	0.825098673706963	0.244	0.128	1	chr15-55318310-55319639	5
0.230059029945339	0.585872755788224	0.244	0.128	1	chr19-39444659-39446220	5
0.230231908858667	0.354667500965063	0.634	0.532	1	chr1-155077084-155086485	5
0.230292268009428	0.611093661304499	0.341	0.213	1	chr4-143183626-143187016	5
0.230292268009428	0.599339589743037	0.341	0.213	1	chr10-35126185-35128252	5
0.230398472471626	0.388666765165632	0.634	0.489	1	chr1-154970394-154976530	5
0.230777389125747	0.600723734811579	0.366	0.255	1	chr8-102805816-102808932	5
0.231139235304299	0.701538377522803	0.293	0.191	1	chr1-211469453-211470835	5
0.231139235304299	0.695614823258566	0.293	0.191	1	chr9-113564329-113567190	5
0.231139235304299	0.714017880646557	0.293	0.191	1	chr20-17556751-17559111	5
0.231887464927595	0.783331438662488	0.22	0.106	1	chr9-34633642-34634500	5
0.232544117440335	1.02182372626701	0.171	0.085	1	chr2-85954489-85956059	5
0.232544117440335	1.00456123218263	0.171	0.085	1	chr3-125206917-125208606	5
0.232544117440335	0.966011379515916	0.171	0.085	1	chr3-167813459-167815394	5
0.232544117440335	1.03628839344749	0.171	0.085	1	chr3-177606769-177607686	5
0.232544117440335	1.0594439681674	0.171	0.085	1	chr4-6199997-6201644	5
0.232544117440335	1.04122925379612	0.171	0.085	1	chr4-169014675-169016724	5
0.232544117440335	1.02217606907334	0.171	0.085	1	chr4-184838176-184839347	5
0.232544117440335	0.989511517444134	0.171	0.085	1	chr8-124585787-124586725	5
0.232544117440335	1.052429382356	0.171	0.085	1	chr10-75209529-75211838	5
0.232544117440335	1.01801665251079	0.171	0.085	1	chr11-112073593-112075109	5
0.232544117440335	0.952589696177696	0.171	0.085	1	chr15-80942898-80943941	5
0.232544117440335	1.02393578673414	0.171	0.085	1	chr16-8685588-8686827	5
0.232544117440335	1.0237809765728	0.171	0.085	1	chr16-11640001-11641817	5
0.232544117440335	1.02280005434643	0.171	0.085	1	chr17-42832515-42834086	5
0.232544117440335	1.00483780720327	0.171	0.085	1	chr20-59519142-59519899	5
0.232544117440335	1.0608459812924	0.171	0.085	1	chr21-43788741-43790561	5
0.232924856046848	0.594334633344852	0.366	0.234	1	chr1-32715636-32717459	5
0.232924856046848	0.535133010289766	0.366	0.234	1	chr4-99562809-99564367	5
0.233026458521607	0.938830901356235	0.195	0.106	1	chr6-39724450-39725951	5
0.233026458521607	0.91829103999507	0.195	0.106	1	chr10-88989496-88992208	5
0.233026458521607	0.988580843163336	0.195	0.106	1	chr12-93467000-93468422	5
0.233026458521607	0.970290553526035	0.195	0.106	1	chr12-122834248-122839145	5
0.233026458521607	0.916385126490469	0.195	0.106	1	chr14-91412828-91414074	5
0.233026458521607	0.92348445344353	0.195	0.106	1	chr17-2083462-2085551	5
0.23364239749281	0.660477962530416	0.293	0.17	1	chr2-74481875-74483802	5
0.23364239749281	0.678645948226164	0.293	0.17	1	chr10-1055650-1058541	5
0.23364239749281	0.695340966644365	0.293	0.17	1	chr12-122840642-122843037	5
0.23364239749281	0.685654327057403	0.293	0.17	1	chr17-45583284-45586545	5
0.23364239749281	0.696141961544511	0.293	0.17	1	chr19-10402388-10405008	5
0.233818984148441	0.379804191592591	0.634	0.489	1	chr1-211257029-211261667	5
0.234193765492552	0.843076759230649	0.244	0.149	1	chr1-8411762-8413377	5
0.234193765492552	0.724033765515473	0.244	0.149	1	chr1-202134445-202135997	5
0.234193765492552	0.749785759084889	0.244	0.149	1	chr12-122420854-122423658	5
0.234193765492552	0.881477840103976	0.244	0.149	1	chr21-28884222-28885832	5
0.234326286715704	0.452950804419815	0.439	0.298	1	chr6-139369491-139377258	5
0.234361000334789	0.647064197322508	0.39	0.255	1	chr17-82331477-82335712	5
0.234361000334789	0.527122617221067	0.39	0.255	1	chr19-4471128-4472609	5
0.234361000334789	0.56119658701784	0.39	0.255	1	chr21-42056161-42059470	5
0.234462034701068	0.660821802417141	0.341	0.213	1	chr5-6711666-6715112	5
0.234462034701068	0.599646126410513	0.341	0.213	1	chr16-11496876-11498111	5
0.234462034701068	0.6016748949834	0.341	0.213	1	chr16-87852952-87856896	5
0.234787571921287	0.630285266853145	0.366	0.255	1	chr19-17859285-17867397	5
0.234795382502702	0.608325586959197	0.317	0.191	1	chr12-98643924-98646206	5
0.234795382502702	0.538778954358748	0.317	0.191	1	chr12-120085840-120088173	5
0.234862874148367	0.572101033386172	0.341	0.234	1	chr2-214378163-214379891	5
0.235050213857662	0.84027821668139	0.22	0.128	1	chr2-68466545-68468066	5
0.235050213857662	0.87304482997351	0.22	0.128	1	chr3-59049311-59050640	5
0.235050213857662	0.846453710886817	0.22	0.128	1	chr3-159621564-159623002	5
0.235050213857662	0.977743837168126	0.22	0.128	1	chr12-58919125-58921009	5
0.235515131908595	0.40985220546254	0.512	0.383	1	chr19-27792687-27795238	5
0.23552814272992	0.679685799702759	0.293	0.191	1	chr2-237486726-237490847	5
0.23582365478003	0.756345765427393	0.268	0.17	1	chr5-32442821-32445687	5
0.23582365478003	0.862044371456513	0.268	0.17	1	chr10-119006233-119007833	5
0.23582365478003	0.730267128732862	0.268	0.17	1	chr17-78265293-78267115	5
0.235887076671351	0.796542709365413	0.268	0.191	1	chr3-48300321-48302322	5
0.236541191695685	0.293726521792423	0.561	0.468	1	chr1-183469798-183473562	5
0.236969266805987	0.711181876509467	0.293	0.213	1	chr17-81991232-81993065	5
0.237013051412486	0.544999338365999	0.366	0.234	1	chr5-75716603-75718079	5
0.23705755069309	0.677421493197754	0.22	0.106	1	chr6-108155351-108157305	5
0.238146969582826	0.621828819324749	0.293	0.17	1	chr1-27365170-27367483	5
0.238146969582826	0.666397215487291	0.293	0.17	1	chr10-133307450-133310773	5
0.238146969582826	0.501741537775351	0.293	0.17	1	chr12-7017140-7019631	5
0.238289884924365	0.941756645716607	0.171	0.085	1	chr1-184836396-184839310	5
0.238289884924365	0.955314679145236	0.171	0.085	1	chr1-184973378-184974869	5
0.238289884924365	1.00509297620722	0.171	0.085	1	chr3-15101598-15103610	5
0.238289884924365	1.03879814521624	0.171	0.085	1	chr3-121574284-121575069	5
0.238289884924365	0.939838334263496	0.171	0.085	1	chr5-59316707-59318555	5
0.238289884924365	1.07145422577299	0.171	0.085	1	chr5-138967760-138968502	5
0.238289884924365	1.0230486333213	0.171	0.085	1	chr6-169653717-169655633	5
0.238289884924365	0.957108937600544	0.171	0.085	1	chr8-133358408-133360877	5
0.238289884924365	0.949680983295491	0.171	0.085	1	chr12-63779334-63780758	5
0.238289884924365	1.09394205481607	0.171	0.085	1	chr14-100213577-100215134	5
0.238289884924365	1.03858287340748	0.171	0.085	1	chr15-40097726-40099368	5
0.238289884924365	0.889685042985992	0.171	0.085	1	chr17-19752660-19754335	5
0.238289884924365	0.937158533955174	0.171	0.085	1	chr18-54203609-54206540	5
0.238289884924365	1.00619419412059	0.171	0.085	1	chr21-14027006-14027921	5
0.238289884924365	0.953061942064899	0.171	0.085	1	chr21-16179518-16181368	5
0.238379566064116	0.921035299116517	0.195	0.106	1	chr1-229171528-229172704	5
0.238379566064116	0.912914591291788	0.195	0.106	1	chr2-11154515-11156238	5
0.238379566064116	0.967819731224268	0.195	0.106	1	chr5-134436335-134437848	5
0.238379566064116	0.946865340447874	0.195	0.106	1	chr5-138035829-138036657	5
0.238379566064116	1.02191850576341	0.195	0.106	1	chr6-38859754-38862512	5
0.238379566064116	0.941584338373096	0.195	0.106	1	chr6-138157936-138158696	5
0.238379566064116	0.869742944216365	0.195	0.106	1	chr6-142694711-142697377	5
0.238379566064116	0.947753291522306	0.195	0.106	1	chr7-36128270-36129609	5
0.238379566064116	0.919423746997667	0.195	0.106	1	chr10-71231976-71233208	5
0.238379566064116	0.9133350675415	0.195	0.106	1	chr10-72215317-72217195	5
0.238379566064116	0.965486147409742	0.195	0.106	1	chr16-75096197-75100455	5
0.238685001292255	0.634978382209431	0.341	0.213	1	chr1-197200162-197202446	5
0.239001544364809	0.848433656274503	0.244	0.149	1	chr1-161013128-161014647	5
0.239001544364809	0.772859481582716	0.244	0.149	1	chr14-38329080-38330601	5
0.239001544364809	0.939949377285117	0.244	0.149	1	chr17-38605505-38609053	5
0.239001544364809	0.742750212404007	0.244	0.149	1	chr19-39390137-39392199	5
0.239030861784148	0.577247562873069	0.341	0.234	1	chr9-104746969-104749011	5
0.239861892666045	0.718930363670099	0.244	0.128	1	chr5-14010941-14012380	5
0.239861892666045	0.616529954671988	0.244	0.128	1	chr11-67606233-67607906	5
0.239861892666045	0.801435468844342	0.244	0.128	1	chr15-55740783-55743846	5
0.239861892666045	0.822969822971793	0.244	0.128	1	chr17-8420010-8421019	5
0.239975701211354	0.752705117561465	0.293	0.191	1	chr1-35553740-35559224	5
0.23999663114146	0.607541642068068	0.268	0.149	1	chr1-21781851-21784298	5
0.23999663114146	0.717704411491939	0.268	0.149	1	chr1-246280466-246283464	5
0.23999663114146	0.685893948653157	0.268	0.149	1	chr20-29496631-29498177	5
0.240122121574663	0.826538962863391	0.22	0.128	1	chr1-32107469-32109757	5
0.240122121574663	0.858266176335985	0.22	0.128	1	chr5-149320485-149321537	5
0.240122121574663	1.01068040898976	0.22	0.128	1	chr16-58249357-58250662	5
0.240122121574663	0.830325351435696	0.22	0.128	1	chr17-64128422-64130724	5
0.240447970510894	0.772942364054664	0.268	0.17	1	chr6-52663563-52665122	5
0.240684294593741	0.459688704265033	0.463	0.319	1	chr1-44673229-44675249	5
0.240816495083791	0.653411301787805	0.317	0.234	1	chr4-1869597-1874222	5
0.241359621623212	0.691391219238677	0.293	0.213	1	chr1-155609385-155610475	5
0.241656194047597	0.516005279555727	0.39	0.277	1	chr19-12937573-12947440	5
0.241656194047597	0.495610666917896	0.39	0.277	1	chr20-49045583-49047989	5
0.242420459465292	0.571525838666037	0.39	0.255	1	chr2-151826565-151829101	5
0.242955402178726	0.535835914656434	0.39	0.234	1	chr6-110178463-110181416	5
0.242961360274556	0.534667462237269	0.341	0.213	1	chr6-31664449-31666976	5
0.242961360274556	0.538379417955048	0.341	0.213	1	chr8-143367813-143371094	5
0.242961360274556	0.595627088434326	0.341	0.213	1	chr16-67183010-67185737	5
0.243250759570374	0.57362917686948	0.341	0.234	1	chr4-24470231-24473822	5
0.243250759570374	0.625573641272333	0.341	0.234	1	chr7-140477854-140480202	5
0.243576143346728	0.656402606706535	0.317	0.191	1	chr2-25877254-25879551	5
0.243576143346728	0.554296096784726	0.317	0.191	1	chr6-30719651-30723068	5
0.2438188952742	0.904202396438436	0.195	0.106	1	chr2-180257026-180259407	5
0.2438188952742	0.926727620567658	0.195	0.106	1	chr3-128878221-128880664	5
0.2438188952742	0.888841040497778	0.195	0.106	1	chr3-194439753-194441279	5
0.2438188952742	0.987555271178419	0.195	0.106	1	chr5-56421260-56423332	5
0.2438188952742	0.916494733827941	0.195	0.106	1	chr8-47825453-47827184	5
0.2438188952742	0.931657677871344	0.195	0.106	1	chr8-144471847-144475014	5
0.2438188952742	0.843957659527736	0.195	0.106	1	chr12-69738194-69740457	5
0.2438188952742	0.866186693954238	0.195	0.106	1	chr12-122979500-122982073	5
0.2438188952742	0.90806302309382	0.195	0.106	1	chr16-58021678-58023692	5
0.2438188952742	0.875963349355532	0.195	0.106	1	chr18-31401300-31402667	5
0.2438188952742	1.02617162103625	0.195	0.106	1	chr18-44731446-44733727	5
0.2438188952742	0.927460844408831	0.195	0.106	1	chr19-55279506-55280847	5
0.243878536042577	0.761578402948624	0.244	0.149	1	chr1-2390184-2393952	5
0.243878536042577	0.801918215926096	0.244	0.149	1	chr8-66521567-66523806	5
0.243878536042577	0.772350209056546	0.244	0.149	1	chr8-140197389-140199514	5
0.243878536042577	0.718111059539383	0.244	0.149	1	chr18-12059281-12060873	5
0.244135150965079	0.873502723393855	0.171	0.085	1	chr1-18901807-18903743	5
0.244135150965079	0.976276806982315	0.171	0.085	1	chr1-48915850-48916948	5
0.244135150965079	0.799012495371968	0.171	0.085	1	chr1-178655491-178657900	5
0.244135150965079	0.985896352978221	0.171	0.085	1	chr1-206112428-206113772	5
0.244135150965079	0.944790107585419	0.171	0.085	1	chr1-225508359-225509383	5
0.244135150965079	1.02830340546602	0.171	0.085	1	chr1-226723032-226724553	5
0.244135150965079	0.908109631332891	0.171	0.085	1	chr2-226791165-226792760	5
0.244135150965079	1.00812997995448	0.171	0.085	1	chr3-153305059-153306237	5
0.244135150965079	0.905063359023488	0.171	0.085	1	chr3-183306559-183307716	5
0.244135150965079	0.909055691681555	0.171	0.085	1	chr5-161229991-161231008	5
0.244135150965079	0.990584626421428	0.171	0.085	1	chr6-154675444-154676218	5
0.244135150965079	0.916787950378106	0.171	0.085	1	chr9-90998606-91001819	5
0.244135150965079	0.981498183994135	0.171	0.085	1	chr12-33520660-33521804	5
0.244135150965079	0.970516590104348	0.171	0.085	1	chr12-49827639-49829457	5
0.244135150965079	0.977990160691117	0.171	0.085	1	chr14-105180369-105182013	5
0.244135150965079	0.913790191706889	0.171	0.085	1	chr15-41018308-41019209	5
0.244135150965079	1.01655244262086	0.171	0.085	1	chr16-88015791-88018064	5
0.244135150965079	0.965301322166909	0.171	0.085	1	chr20-34024624-34027900	5
0.244135150965079	1.01301063411768	0.171	0.085	1	chr20-34215551-34216727	5
0.244135150965079	0.967508947344407	0.171	0.085	1	chr20-64255013-64256886	5
0.244135150965079	1.01272662362741	0.171	0.085	1	chr21-41760939-41762321	5
0.244366967533058	0.483364698168042	0.439	0.319	1	chr1-213014603-213016556	5
0.244482130129946	0.668313850245024	0.293	0.191	1	chr10-6162516-6165690	5
0.244778151753206	0.624771818443527	0.268	0.149	1	chr2-43595237-43597047	5
0.244778151753206	0.665464192849288	0.268	0.149	1	chr12-46382518-46384488	5
0.244778151753206	0.570980469786031	0.268	0.149	1	chr16-2603013-2604388	5
0.244778151753206	0.552486780554062	0.268	0.149	1	chr17-4709517-4711271	5
0.244778151753206	0.661170839204482	0.268	0.149	1	chr17-5485667-5487323	5
0.244778151753206	0.61937473065164	0.268	0.149	1	chr17-35567372-35568950	5
0.24511961939578	0.749137380090874	0.317	0.234	1	chr19-8389646-8391337	5
0.245270673421072	0.857322831098672	0.22	0.128	1	chr2-189762097-189763923	5
0.24534097085702	0.601765377237987	0.366	0.234	1	chr21-34887699-34890484	5
0.245663356226734	0.383997441915265	0.537	0.426	1	chr1-161019638-161022393	5
0.245702969565976	0.53154911036351	0.39	0.277	1	chr6-5456904-5458997	5
0.245982549499737	0.531437805509482	0.439	0.298	1	chr16-46829540-46832045	5
0.246468475827875	0.54975882082496	0.439	0.34	1	chr16-85552622-85560138	5
0.246522476487989	0.495942304659209	0.39	0.255	1	chr17-78933271-78934991	5
0.247113381497578	0.546055788852973	0.366	0.255	1	chr11-45921137-45923429	5
0.247291294355565	0.60169261549298	0.341	0.213	1	chr1-219278751-219280414	5
0.247291294355565	0.592049409371123	0.341	0.213	1	chr10-56360631-56362411	5
0.248825007976157	0.746411643304057	0.244	0.149	1	chr1-52551508-52554063	5
0.248825007976157	0.732948071277358	0.244	0.149	1	chr10-62373645-62375535	5
0.248825007976157	0.749500122739261	0.244	0.149	1	chr10-76033130-76034317	5
0.248825007976157	0.681162460081755	0.244	0.149	1	chr13-49690041-49692148	5
0.248825007976157	0.741748579102987	0.244	0.149	1	chr18-3455612-3457839	5
0.249047636928896	0.50266105172398	0.317	0.17	1	chr7-156891940-156894052	5
0.249344819920879	0.862091102326627	0.195	0.106	1	chr1-6553088-6555736	5
0.249344819920879	0.907706576172875	0.195	0.106	1	chr2-237589811-237592070	5
0.249344819920879	0.91504421676385	0.195	0.106	1	chr3-129051779-129055088	5
0.249344819920879	0.895869854029596	0.195	0.106	1	chr5-38636527-38637297	5
0.249344819920879	0.955733041350362	0.195	0.106	1	chr7-43868211-43870093	5
0.249344819920879	0.950298083757719	0.195	0.106	1	chr9-137422285-137424218	5
0.249344819920879	0.930091846902573	0.195	0.106	1	chr10-24465296-24467503	5
0.249344819920879	0.839295601011924	0.195	0.106	1	chr15-45855039-45856674	5
0.249344819920879	0.836742091887773	0.195	0.106	1	chr16-75115907-75117297	5
0.249545291918641	0.371518210756808	0.659	0.489	1	chr1-209800538-209807170	5
0.249626136887128	0.691030990533099	0.268	0.149	1	chr17-45791730-45792694	5
0.249887399265358	0.669862296357936	0.268	0.17	1	chr1-67561449-67562458	5
0.249887399265358	0.691502566896111	0.268	0.17	1	chr2-219175932-219179119	5
0.249887399265358	0.643317722135845	0.268	0.17	1	chr20-41027859-41031893	5
0.249955568212267	0.714370311320004	0.244	0.128	1	chr3-129002574-129006414	5
0.249955568212267	0.721873859170373	0.244	0.128	1	chr7-157150678-157153024	5
0.25008037829006	0.999794583059675	0.171	0.085	1	chr1-26799061-26800692	5
0.25008037829006	0.995184453921147	0.171	0.085	1	chr1-169848864-169850249	5
0.25008037829006	0.983393977448422	0.171	0.085	1	chr1-172975967-172977720	5
0.25008037829006	0.901948085376086	0.171	0.085	1	chr4-1129970-1131568	5
0.25008037829006	0.98789476688424	0.171	0.085	1	chr4-28313263-28315498	5
0.25008037829006	0.947918485973647	0.171	0.085	1	chr4-189792768-189793815	5
0.25008037829006	0.984965271059711	0.171	0.085	1	chr5-78638127-78639362	5
0.25008037829006	0.866212049916108	0.171	0.085	1	chr6-26341421-26342273	5
0.25008037829006	0.922114101634116	0.171	0.085	1	chr6-28586318-28588146	5
0.25008037829006	0.933588025553891	0.171	0.085	1	chr8-19290993-19292168	5
0.25008037829006	0.926802967921734	0.171	0.085	1	chr9-7675927-7677549	5
0.25008037829006	0.976033828087746	0.171	0.085	1	chr9-116355112-116356117	5
0.25008037829006	0.827634210811055	0.171	0.085	1	chr10-119895252-119897583	5
0.25008037829006	0.96071333721996	0.171	0.085	1	chr11-65314117-65316305	5
0.25008037829006	0.83605370815611	0.171	0.085	1	chr12-57008097-57009470	5
0.25008037829006	0.901017398681491	0.171	0.085	1	chr14-68172014-68174330	5
0.250496175638677	0.840675499624645	0.22	0.128	1	chr8-57854797-57856440	5
0.250496175638677	0.819424189868684	0.22	0.128	1	chr22-31661004-31662833	5
0.250936740058685	0.446762401321756	0.585	0.447	1	chr1-184753499-184755838	5
0.251674976273055	0.558985447694124	0.341	0.213	1	chr3-63911442-63915108	5
0.251674976273055	0.617977486896572	0.341	0.213	1	chr5-55822598-55825331	5
0.251846973661311	0.503921161155456	0.341	0.234	1	chr6-160990918-160993232	5
0.252027395990777	0.611831263896204	0.293	0.17	1	chr3-53158977-53163237	5
0.252027395990777	0.600980131117865	0.293	0.17	1	chr5-140556079-140558424	5
0.252585090342277	0.626959884038049	0.317	0.191	1	chr4-15653478-15656126	5
0.253672416877549	0.653890946426074	0.293	0.191	1	chr10-120392099-120393583	5
0.253672416877549	0.633091190227169	0.293	0.191	1	chr12-95858348-95860480	5
0.253672416877549	0.705436671053634	0.293	0.191	1	chr16-75108647-75112094	5
0.253841210805329	0.753647500283844	0.244	0.149	1	chr2-177551856-177553858	5
0.253841210805329	0.77294782468553	0.244	0.149	1	chr3-49118902-49121404	5
0.253841210805329	0.713537548052502	0.244	0.149	1	chr3-73621018-73622839	5
0.253841210805329	0.745268001131058	0.244	0.149	1	chr13-44401441-44406218	5
0.253841210805329	0.77893756063088	0.244	0.149	1	chr17-82028995-82032641	5
0.253872029975253	0.521534923061043	0.366	0.234	1	chr11-73778869-73780263	5
0.25396637999586	0.458321358371121	0.488	0.34	1	chr18-12375331-12378342	5
0.253975720842894	0.501086940299	0.439	0.298	1	chr2-190880014-190882676	5
0.254540818074208	0.584421725528698	0.268	0.149	1	chr14-23953051-23955469	5
0.254702959464553	0.675700411336241	0.268	0.17	1	chr1-236603555-236605381	5
0.254702959464553	0.698196227655558	0.268	0.17	1	chr5-142108257-142111186	5
0.254702959464553	0.701654160388657	0.268	0.17	1	chr16-4424581-4427181	5
0.2548718303114	0.507327321691558	0.39	0.255	1	chr6-159725826-159729009	5
0.254957687665008	0.888191755421414	0.195	0.106	1	chr2-28508037-28508880	5
0.254957687665008	0.840213635371817	0.195	0.106	1	chr5-35889697-35891278	5
0.254957687665008	0.865224130616544	0.195	0.106	1	chr16-82328895-82330701	5
0.254957687665008	0.790233114591559	0.195	0.106	1	chr20-33789162-33790306	5
0.255112159654992	0.660219335211702	0.244	0.128	1	chr4-2932937-2937722	5
0.255112159654992	0.73357088630387	0.244	0.128	1	chr10-13586382-13587964	5
0.255112159654992	0.694713376672242	0.244	0.128	1	chr15-63188845-63189970	5
0.255112159654992	0.703363244888525	0.244	0.128	1	chr15-74373336-74375737	5
0.255578234737676	0.569705222896127	0.39	0.234	1	chr1-1115677-1117092	5
0.255578234737676	0.598647507181143	0.366	0.255	1	chr1-175191313-175193610	5
0.255578234737676	0.499928091960236	0.366	0.255	1	chr8-119982237-119983793	5
0.255798913770993	0.800777073101981	0.22	0.128	1	chr1-27541933-27543387	5
0.255798913770993	0.662249385491336	0.22	0.128	1	chr3-45994641-45996340	5
0.255798913770993	0.816844443657381	0.22	0.128	1	chr4-67711635-67714628	5
0.255798913770993	0.850530306110015	0.22	0.128	1	chr6-27374310-27376180	5
0.255798913770993	0.839028858513004	0.22	0.128	1	chr6-99349165-99350945	5
0.255798913770993	0.756746061013407	0.22	0.128	1	chr16-660330-661778	5
0.255798913770993	0.789622840619818	0.22	0.128	1	chr19-18274239-18276158	5
0.25611256861137	0.633215197088572	0.341	0.213	1	chr14-31090275-31092508	5
0.25611256861137	0.580320877464942	0.341	0.213	1	chr21-42973377-42976138	5
0.256125994807067	0.850794817470557	0.171	0.085	1	chr1-65253768-65255353	5
0.256125994807067	0.970291808347307	0.171	0.085	1	chr1-182731663-182733879	5
0.256125994807067	0.91911314745223	0.171	0.085	1	chr3-24379521-24380748	5
0.256125994807067	0.838382128609063	0.171	0.085	1	chr3-38479554-38480279	5
0.256125994807067	0.92176840169149	0.171	0.085	1	chr3-81676483-81677773	5
0.256125994807067	0.788873076403185	0.171	0.085	1	chr3-113210145-113212588	5
0.256125994807067	0.913251948098002	0.171	0.085	1	chr4-1008663-1012899	5
0.256125994807067	0.88851127361733	0.171	0.085	1	chr6-30672222-30673447	5
0.256125994807067	0.922135656411614	0.171	0.085	1	chr8-111100483-111101403	5
0.256125994807067	0.927299911829594	0.171	0.085	1	chr10-59283145-59286197	5
0.256125994807067	0.964333590381702	0.171	0.085	1	chr11-13042774-13044654	5
0.256125994807067	0.889668285657258	0.171	0.085	1	chr16-46620391-46622038	5
0.256125994807067	0.878106227535876	0.171	0.085	1	chr17-75940410-75941648	5
0.256125994807067	0.910428264258947	0.171	0.085	1	chrX-120468533-120469670	5
0.256209060132574	0.413787574996586	0.488	0.319	1	chr1-146034999-146040713	5
0.256223610252943	0.40238111055641	0.366	0.213	1	chr17-3887526-3893959	5
0.256223610252943	0.656388733356553	0.341	0.234	1	chr1-183634943-183637238	5
0.256777145308352	0.615343771418867	0.293	0.17	1	chr2-3557663-3559127	5
0.257175596154824	0.540346802106069	0.317	0.191	1	chr4-41212551-41217435	5
0.258356652838748	0.573207579065244	0.317	0.17	1	chr20-62793742-62796881	5
0.258356652838748	0.550684629030887	0.293	0.191	1	chr4-140523308-140525143	5
0.258356652838748	0.644602820726669	0.293	0.191	1	chr15-44535912-44538320	5
0.258356652838748	0.651681309663222	0.293	0.191	1	chr19-35264238-35270239	5
0.258760291005175	0.431487420270441	0.561	0.404	1	chr10-110206915-110212779	5
0.258927378009545	0.794707155842684	0.244	0.149	1	chr1-225833872-225837627	5
0.258927378009545	0.746915314151795	0.244	0.149	1	chr3-52218907-52221239	5
0.25952241111279	0.606405117081903	0.268	0.149	1	chr5-33549622-33550781	5
0.25952241111279	0.757883785813782	0.268	0.149	1	chr8-130021535-130022384	5
0.259582691044757	0.656007779046387	0.268	0.17	1	chr5-154178201-154180765	5
0.259582691044757	0.611046290854854	0.268	0.17	1	chr9-92114747-92116139	5
0.259582691044757	0.715041589593786	0.268	0.17	1	chr17-74748026-74752073	5
0.259885389149046	0.51579210353211	0.366	0.255	1	chr14-61694645-61697582	5
0.259926928104157	0.380081788871088	0.512	0.426	1	chr16-3019852-3024986	5
0.260404359147456	0.582703202634742	0.341	0.255	1	chr19-36013466-36015103	5
0.260604223620176	0.572367586264752	0.341	0.213	1	chr4-991761-994600	5
0.260604223620176	0.568846336090962	0.341	0.213	1	chr10-70169703-70171353	5
0.260604223620176	0.521294342213519	0.341	0.213	1	chr14-89415311-89418734	5
0.260657819453032	0.840120369474145	0.195	0.106	1	chr1-39574323-39577382	5
0.260657819453032	0.942758085985466	0.195	0.106	1	chr1-178536538-178537884	5
0.260657819453032	0.876491691050723	0.195	0.106	1	chr3-124878366-124879413	5
0.260657819453032	0.852062861262618	0.195	0.106	1	chr5-58849760-58850737	5
0.260657819453032	0.845847633162863	0.195	0.106	1	chr7-12941407-12944205	5
0.260657819453032	0.805286669873567	0.195	0.106	1	chr9-126804505-126806403	5
0.260657819453032	0.889830333158289	0.195	0.106	1	chr11-61508544-61509736	5
0.261179152214956	0.727873372041155	0.22	0.128	1	chr3-196431011-196433387	5
0.261179152214956	0.788195460623154	0.22	0.128	1	chr5-81850680-81852469	5
0.261179152214956	0.764496905272207	0.22	0.128	1	chr6-4319460-4321513	5
0.261179152214956	0.80538337413601	0.22	0.128	1	chr6-36905747-36908410	5
0.261179152214956	0.6869141921869	0.22	0.128	1	chr16-1308316-1312609	5
0.261179152214956	0.804991800993768	0.22	0.128	1	chr19-57410654-57411853	5
0.261588683522828	0.563264603438087	0.293	0.17	1	chr1-212487788-212489540	5
0.261588683522828	0.572728422079082	0.293	0.17	1	chr6-110414698-110416227	5
0.261588683522828	0.659029595898309	0.293	0.17	1	chr9-115116275-115119439	5
0.261823680270048	0.631905699371146	0.317	0.191	1	chr20-9067312-9069802	5
0.261904919553266	0.419858207341977	0.488	0.404	1	chr1-145989904-145997434	5
0.262272392737992	0.947128974888572	0.171	0.085	1	chr2-71746654-71748571	5
0.262272392737992	0.726362761023918	0.171	0.085	1	chr3-187808431-187810181	5
0.262272392737992	0.92866258646121	0.171	0.085	1	chr4-37720507-37722693	5
0.262272392737992	0.882791702076756	0.171	0.085	1	chr5-59302756-59304606	5
0.262272392737992	0.906166538073031	0.171	0.085	1	chr8-101606588-101608764	5
0.262272392737992	0.832864378566383	0.171	0.085	1	chr10-24033541-24035200	5
0.262272392737992	0.908832809848325	0.171	0.085	1	chr11-85844372-85845007	5
0.262272392737992	0.783877134420914	0.171	0.085	1	chr12-30087997-30089039	5
0.262272392737992	0.915616398589596	0.171	0.085	1	chr13-113842168-113845318	5
0.262272392737992	0.890937366705212	0.171	0.085	1	chr16-56786848-56789872	5
0.262272392737992	0.91758507817298	0.171	0.085	1	chr17-4554256-4556144	5
0.262272392737992	0.840944698111871	0.171	0.085	1	chr19-49613123-49614173	5
0.262272392737992	0.85256319526563	0.171	0.085	1	chr20-36772527-36774697	5
0.262607423747402	0.593726862792901	0.366	0.234	1	chr1-181088045-181090395	5
0.26341584051036	0.507824523418245	0.39	0.255	1	chr1-182838589-182841799	5
0.26341584051036	0.509454555396618	0.39	0.255	1	chr2-148643728-148646525	5
0.263826053760223	0.481377731803471	0.415	0.298	1	chr1-243432788-243435226	5
0.263826053760223	0.508661264979216	0.415	0.298	1	chr19-1406312-1413746	5
0.264083725563389	0.680503870494885	0.244	0.149	1	chr6-27478144-27480176	5
0.264083725563389	0.815777630506993	0.244	0.149	1	chr6-52419670-52421299	5
0.264219030780048	0.425128096816343	0.415	0.319	1	chr5-87411305-87413732	5
0.264219458849958	0.590164058913141	0.463	0.34	1	chr5-123421951-123424342	5
0.264839637024025	0.673254044026829	0.317	0.213	1	chr14-89953673-89957284	5
0.264839637024025	0.623252330011625	0.317	0.213	1	chr19-28863875-28865192	5
0.265582373284498	0.483142096921145	0.366	0.277	1	chr3-69738211-69740699	5
0.266445508920993	0.79950598676068	0.195	0.106	1	chr1-161523449-161524823	5
0.266445508920993	0.841270325631422	0.195	0.106	1	chr1-227995812-227996803	5
0.266445508920993	0.812455011531336	0.195	0.106	1	chr2-176001181-176003026	5
0.266445508920993	0.82647299730372	0.195	0.106	1	chr3-15309567-15311546	5
0.266445508920993	0.801520048657283	0.195	0.106	1	chr3-48846661-48848400	5
0.266445508920993	0.860323338479937	0.195	0.106	1	chr3-186644435-186645399	5
0.266445508920993	0.807151879409661	0.195	0.106	1	chr7-143434320-143435516	5
0.266445508920993	0.820025400812675	0.195	0.106	1	chr9-89755629-89757640	5
0.266445508920993	0.865851909169926	0.195	0.106	1	chr11-65960889-65962679	5
0.266445508920993	0.736680239928461	0.195	0.106	1	chr11-129640770-129643883	5
0.266445508920993	0.828993261747203	0.195	0.106	1	chr15-100889133-100891209	5
0.266445508920993	0.856608411760075	0.195	0.106	1	chr16-75622385-75623845	5
0.266445508920993	0.799955257029616	0.195	0.106	1	chr16-81277253-81278289	5
0.266445508920993	0.828587420890183	0.195	0.106	1	chr17-750933-753078	5
0.266637133779876	0.728794537796939	0.22	0.128	1	chr3-71140932-71142674	5
0.266637133779876	0.781950859600045	0.22	0.128	1	chr4-184968396-184969455	5
0.266637133779876	0.731451500797229	0.22	0.128	1	chr7-106598550-106599710	5
0.266637133779876	0.756939503777685	0.22	0.128	1	chr12-104137048-104139073	5
0.266637133779876	0.764981717369694	0.22	0.128	1	chr15-40068960-40070308	5
0.266637133779876	0.72714472831946	0.22	0.128	1	chr21-34127971-34130785	5
0.267461385618981	0.532206201140546	0.415	0.277	1	chr5-43513996-43516107	5
0.268507485440895	0.461323351886269	0.463	0.319	1	chr8-80083865-80085743	5
0.2685199277687	0.93913928829119	0.171	0.085	1	chr1-48246474-48247527	5
0.2685199277687	0.895302018397094	0.171	0.085	1	chr1-51616722-51617930	5
0.2685199277687	0.786199507780581	0.171	0.085	1	chr1-150567430-150569273	5
0.2685199277687	0.892186624370773	0.171	0.085	1	chr1-181423235-181425545	5
0.2685199277687	0.906465598306919	0.171	0.085	1	chr2-171271827-171272503	5
0.2685199277687	0.883604774967742	0.171	0.085	1	chr4-186078878-186080082	5
0.2685199277687	0.909642149991209	0.171	0.085	1	chr11-102119841-102121759	5
0.2685199277687	0.760442386511927	0.171	0.085	1	chr14-44770289-44772317	5
0.2685199277687	0.783445468578244	0.171	0.085	1	chr14-50944046-50945369	5
0.2685199277687	0.923920242287326	0.171	0.085	1	chr14-68160208-68161713	5
0.2685199277687	0.782683051355924	0.171	0.085	1	chr15-60392488-60393953	5
0.2685199277687	0.985327555256855	0.171	0.085	1	chr17-58513685-58515062	5
0.2685199277687	0.885396572655945	0.171	0.085	1	chr17-76382846-76385066	5
0.2685199277687	0.923988583074618	0.171	0.085	1	chr22-23098166-23100331	5
0.2685199277687	0.867911297110885	0.171	0.085	1	chr22-35380394-35381880	5
0.269310451597612	0.740042519966133	0.244	0.149	1	chr2-18559400-18561234	5
0.269310451597612	0.75881800632173	0.244	0.149	1	chr8-58410790-58412814	5
0.269310451597612	0.63743746831135	0.244	0.149	1	chr12-48104338-48106831	5
0.269310451597612	0.73321655470133	0.244	0.149	1	chr16-3716301-3718402	5
0.269310451597612	0.743921565540846	0.244	0.149	1	chr16-25110710-25112348	5
0.269535402297714	0.719703047055349	0.268	0.17	1	chr6-159691247-159694685	5
0.269535402297714	0.741767530100638	0.268	0.17	1	chr12-6923850-6926743	5
0.269669354782478	0.67162757524006	0.341	0.234	1	chr8-85176408-85178923	5
0.270499973943455	0.45389655492556	0.439	0.298	1	chr17-63621372-63623551	5
0.271023849203914	0.654422690944198	0.244	0.128	1	chr1-11680267-11682692	5
0.271023849203914	0.651146100819919	0.244	0.128	1	chr17-32349113-32351156	5
0.271293181944289	0.532379883748743	0.317	0.191	1	chr9-23824750-23826979	5
0.271293181944289	0.565251252648887	0.317	0.191	1	chr13-44432561-44438337	5
0.271386039169472	0.418841770101621	0.61	0.404	1	chr3-38164259-38166622	5
0.271397795435704	0.520899620309914	0.293	0.17	1	chr7-75611216-75612593	5
0.27163362256425	0.320281265260932	0.537	0.404	1	chr18-62521570-62527876	5
0.27217307925413	0.76646372514056	0.22	0.128	1	chr1-212721065-212722356	5
0.27217307925413	0.713524732976187	0.22	0.128	1	chr3-185537212-185538063	5
0.27217307925413	0.71222807495932	0.22	0.128	1	chr3-194002694-194004173	5
0.27217307925413	0.725555599426998	0.22	0.128	1	chr6-168388270-168389778	5
0.27217307925413	0.77712412645224	0.22	0.128	1	chr15-69451849-69454367	5
0.27217307925413	0.792149606913652	0.22	0.128	1	chr16-67527642-67530248	5
0.272321021809473	0.789215419696129	0.195	0.106	1	chr1-52926812-52928467	5
0.272321021809473	0.826212649100926	0.195	0.106	1	chr1-237470517-237471787	5
0.272321021809473	0.765157660893492	0.195	0.106	1	chr2-18800033-18801209	5
0.272321021809473	0.779804574245214	0.195	0.106	1	chr5-143594811-143596002	5
0.272321021809473	0.874213081293267	0.195	0.106	1	chr7-6384322-6386464	5
0.272321021809473	0.824931958283413	0.195	0.106	1	chr10-12719857-12721309	5
0.272321021809473	0.803632865124039	0.195	0.106	1	chr12-89918012-89920048	5
0.272321021809473	0.835031119619687	0.195	0.106	1	chr13-112689257-112692292	5
0.272321021809473	0.814088927790484	0.195	0.106	1	chr16-22436482-22437766	5
0.272321021809473	0.803204054443497	0.195	0.106	1	chr18-49491284-49492842	5
0.272321021809473	0.858516810573265	0.195	0.106	1	chr21-34072833-34075443	5
0.272400891299852	0.420805260290719	0.463	0.34	1	chr16-67845854-67847969	5
0.272767734534759	0.58343462311432	0.293	0.191	1	chr12-100572931-100575007	5
0.272767734534759	0.624555417538736	0.293	0.191	1	chr13-39036358-39039557	5
0.273107258941971	0.523193238826268	0.366	0.255	1	chr1-148262679-148265313	5
0.273107258941971	0.508430730389648	0.366	0.255	1	chr5-173615220-173617272	5
0.274032594434459	0.498273793159312	0.488	0.34	1	chr6-31824937-31828256	5
0.274607736066083	0.648541177927614	0.244	0.149	1	chr5-139642577-139644603	5
0.274607736066083	0.758638072532506	0.244	0.149	1	chr8-80872990-80875254	5
0.274607736066083	0.834790063072736	0.244	0.149	1	chr14-29888960-29893057	5
0.274607736066083	0.723550203505008	0.244	0.149	1	chr17-50690969-50693843	5
0.274607736066083	0.612681307409952	0.244	0.149	1	chr17-74767284-74773891	5
0.274607736066083	0.759131641768391	0.244	0.149	1	chr19-10896414-10897621	5
0.27486891821592	0.868127301374949	0.171	0.085	1	chr2-6916946-6918146	5
0.27486891821592	0.84179426738218	0.171	0.085	1	chr4-140726733-140728732	5
0.27486891821592	0.736616215304553	0.171	0.085	1	chr5-14715767-14717905	5
0.27486891821592	0.880045899521078	0.171	0.085	1	chr11-61607104-61611367	5
0.27486891821592	0.908428290562027	0.171	0.085	1	chr11-125902320-125903706	5
0.27486891821592	0.832124036788726	0.171	0.085	1	chr13-30673489-30674854	5
0.27486891821592	0.757474584486342	0.171	0.085	1	chr20-3041482-3043241	5
0.27486891821592	0.717983907444941	0.171	0.085	1	chr21-42365969-42367742	5
0.276095887225874	0.47918553365826	0.366	0.234	1	chr1-89523852-89525941	5
0.276095887225874	0.522941374885775	0.366	0.234	1	chr9-36189903-36192326	5
0.276098594286834	0.495022906383262	0.415	0.277	1	chr1-3856143-3858951	5
0.276098594286834	0.450250336758212	0.415	0.277	1	chr12-121351307-121353519	5
0.276114868162863	0.54262659428783	0.317	0.191	1	chr18-51029341-51031562	5
0.276555955763495	0.459455629411727	0.463	0.34	1	chr7-94655961-94659290	5
0.276555955763495	0.495960406647821	0.439	0.362	1	chr4-78055747-78060022	5
0.276752709073266	0.541649248586867	0.317	0.234	1	chr16-46929421-46931599	5
0.277691367087881	0.606576729293576	0.293	0.191	1	chr5-134505642-134507182	5
0.277691367087881	0.670058784593538	0.293	0.191	1	chr8-91069112-91071618	5
0.277691367087881	0.605422721683792	0.293	0.191	1	chr13-51451098-51454379	5
0.277787186980049	0.735618691335155	0.22	0.128	1	chr1-107766445-107768183	5
0.277787186980049	0.652568600791993	0.22	0.128	1	chr9-124220457-124221740	5
0.277787186980049	0.845548465689562	0.22	0.128	1	chr12-56151345-56152977	5
0.277787186980049	0.768223727013321	0.22	0.128	1	chr15-101293089-101296368	5
0.277787186980049	0.799670507425277	0.22	0.128	1	chr19-632426-634566	5
0.277787186980049	0.761182154849102	0.22	0.128	1	chr19-15779398-15781362	5
0.278284595390208	0.751723177267495	0.195	0.106	1	chr1-23451631-23452713	5
0.278284595390208	0.766778079865277	0.195	0.106	1	chr1-164667686-164668953	5
0.278284595390208	0.859969376269498	0.195	0.106	1	chr3-58491112-58493453	5
0.278284595390208	0.812950128459837	0.195	0.106	1	chr3-155736359-155738778	5
0.278284595390208	0.867483054656857	0.195	0.106	1	chr3-184811683-184813302	5
0.278284595390208	0.740154446336759	0.195	0.106	1	chr9-129320118-129322760	5
0.278284595390208	0.770514567585055	0.195	0.106	1	chr15-73051246-73053609	5
0.278284595390208	0.789172184806686	0.195	0.106	1	chr17-58351583-58353376	5
0.278284595390208	0.798154956881404	0.195	0.106	1	chr18-47174531-47176741	5
0.278284595390208	0.79590081586943	0.195	0.106	1	chr21-33229457-33231266	5
0.278287293320427	0.493874034512208	0.39	0.298	1	chr14-20454016-20456216	5
0.27843471103842	0.881586358199924	0.195	0.128	1	chr18-449142-450047	5
0.278897609245048	0.620479816260448	0.341	0.234	1	chr11-121291919-121293813	5
0.278897609245048	0.569124987532514	0.341	0.234	1	chr13-95675777-95678438	5
0.278897609245048	0.612628261953553	0.341	0.234	1	chr16-50152009-50155841	5
0.27911414370511	0.494856982631097	0.341	0.213	1	chr10-91923154-91924848	5
0.27911414370511	0.550335118450243	0.341	0.213	1	chr16-69328710-69331303	5
0.279975740418977	0.75015571956525	0.244	0.149	1	chr1-8024867-8027190	5
0.279975740418977	0.675751154863856	0.244	0.149	1	chr1-33348295-33351252	5
0.279975740418977	0.64204349891788	0.244	0.149	1	chr3-14460316-14462165	5
0.280121650047876	0.682585017632966	0.268	0.149	1	chr16-27723622-27725315	5
0.28025820449044	0.442793342787032	0.463	0.362	1	chr6-131627530-131632212	5
0.280754017680431	0.506897787594182	0.463	0.34	1	chr1-100132174-100134011	5
0.281319644212377	0.712326434598271	0.171	0.085	1	chr2-39123774-39125233	5
0.281319644212377	0.906213254236067	0.171	0.085	1	chr6-104161880-104163053	5
0.281319644212377	0.865821973323158	0.171	0.085	1	chr9-134702726-134703697	5
0.281319644212377	0.943171112192857	0.171	0.085	1	chr17-19651846-19653366	5
0.281319644212377	0.715004886626358	0.171	0.085	1	chr18-11946240-11947927	5
0.282675175964101	0.564443195979563	0.293	0.191	1	chr6-7973524-7976460	5
0.283456396169498	0.616904507929765	0.293	0.213	1	chr11-819000-822901	5
0.283479632437478	0.838828848180194	0.22	0.128	1	chr12-11728876-11731227	5
0.283479632437478	0.67766829668509	0.22	0.128	1	chr12-53674993-53676683	5
0.283691111587108	0.36884693676071	0.61	0.447	1	chr1-228484939-228491495	5
0.283844368600491	0.547924927371734	0.317	0.213	1	chr5-10440916-10443094	5
0.283844368600491	0.611238724194729	0.317	0.213	1	chr20-33992232-33996172	5
0.283878021736784	0.504424140103892	0.341	0.213	1	chr7-155001803-155004989	5
0.284336437905068	0.835071672918687	0.195	0.106	1	chr3-66052917-66054493	5
0.284336437905068	0.763176409060981	0.195	0.106	1	chr3-170814966-170816111	5
0.284336437905068	0.746966591597771	0.195	0.106	1	chr5-122774434-122776297	5
0.284336437905068	0.77869998534799	0.195	0.106	1	chr6-31900695-31902971	5
0.284336437905068	0.793542237831487	0.195	0.106	1	chr6-52929137-52930448	5
0.284336437905068	0.76694758411519	0.195	0.106	1	chr6-136643607-136644962	5
0.284336437905068	0.778229794682221	0.195	0.106	1	chr6-145110131-145112138	5
0.284336437905068	0.650136231656748	0.195	0.106	1	chr11-74988364-74989927	5
0.284336437905068	0.787460861199905	0.195	0.106	1	chr14-44449055-44450538	5
0.284336437905068	0.739913504053906	0.195	0.106	1	chr19-19487620-19490998	5
0.284336437905068	0.66616736579695	0.195	0.106	1	chrX-7147087-7148976	5
0.284924100132446	0.451770784606054	0.415	0.277	1	chr14-24231148-24233845	5
0.284949941572541	0.62435642860123	0.268	0.17	1	chr7-47978461-47979933	5
0.284949941572541	0.620594854942851	0.268	0.17	1	chr13-24510733-24513257	5
0.2849951423062	0.482076563571882	0.488	0.319	1	chr1-201113506-201115342	5
0.285346353724495	0.401621055611727	0.366	0.234	1	chr11-126113087-126116727	5
0.285414607282532	0.661860708221555	0.244	0.149	1	chr1-27567864-27570881	5
0.285414607282532	0.642426753018034	0.244	0.149	1	chr2-189660915-189662396	5
0.285414607282532	0.57880222133645	0.244	0.149	1	chr6-119128956-119130829	5
0.285414607282532	0.627229768208125	0.244	0.149	1	chr10-112390908-112392161	5
0.285414607282532	0.677491762504169	0.244	0.149	1	chr15-60373518-60375555	5
0.285414607282532	0.628674396010771	0.244	0.149	1	chr17-75010678-75014242	5
0.285440467461598	0.458278277787702	0.268	0.149	1	chr4-40055996-40058645	5
0.285551731644603	0.449276897147979	0.439	0.319	1	chr6-5259476-5262589	5
0.285633420240309	0.591994275946581	0.39	0.255	1	chr1-43348144-43350634	5
0.286578687424152	0.612709520086613	0.293	0.17	1	chr10-612509-615108	5
0.286781920034212	0.515172784994143	0.366	0.255	1	chr4-89110362-89112758	5
0.287159967774616	0.528322925618456	0.39	0.298	1	chr8-89756606-89759985	5
0.287159967774616	0.490642226387887	0.39	0.298	1	chr8-101391518-101394336	5
0.287719264895637	0.564878816277852	0.293	0.191	1	chr8-128027280-128028881	5
0.287872346911312	0.835509742867921	0.171	0.085	1	chr1-77834451-77835461	5
0.287872346911312	0.899574414695487	0.171	0.085	1	chr2-23745035-23746361	5
0.287872346911312	0.854500554043916	0.171	0.085	1	chr2-99153935-99156045	5
0.287872346911312	0.756618784100397	0.171	0.085	1	chr5-42750743-42751808	5
0.287872346911312	0.921419982466454	0.171	0.085	1	chr6-87154633-87156767	5
0.287872346911312	0.87013923013515	0.171	0.085	1	chr8-141237185-141238279	5
0.287872346911312	0.778826493042551	0.171	0.085	1	chr11-118564767-118566560	5
0.287872346911312	0.838038789072791	0.171	0.085	1	chr14-102948943-102950664	5
0.287872346911312	0.733828351595715	0.171	0.085	1	chr16-31507439-31509349	5
0.287872346911312	0.739841021164803	0.171	0.085	1	chr17-27383992-27384975	5
0.287872346911312	0.903058611772884	0.171	0.085	1	chr19-35774735-35776151	5
0.287872346911312	0.817430045497358	0.171	0.085	1	chr19-40190442-40192384	5
0.288125316944988	0.75013480450822	0.244	0.17	1	chr1-1306198-1311315	5
0.288338356835417	0.463489311895999	0.366	0.213	1	chr19-14417631-14419861	5
0.288338356835417	0.451629277242942	0.317	0.255	1	chr7-141694594-141698168	5
0.288423559207757	0.553747207780738	0.293	0.213	1	chr11-18321403-18323313	5
0.288736380098836	0.497942782676425	0.317	0.213	1	chr17-50531431-50534988	5
0.289093906745838	0.352122405813409	0.512	0.404	1	chr10-42637203-42639174	5
0.289207314582293	0.393303479687535	0.488	0.383	1	chr7-87150981-87153843	5
0.289250567836463	0.660087294488737	0.22	0.128	1	chr5-80180570-80182713	5
0.289250567836463	0.630318924993854	0.22	0.128	1	chr6-149749190-149751455	5
0.289250567836463	0.678644687342869	0.22	0.128	1	chr14-55026540-55028206	5
0.289250567836463	0.729421750514254	0.22	0.128	1	chr14-90256233-90257678	5
0.289250567836463	0.694038823804672	0.22	0.128	1	chrX-139199852-139201580	5
0.28956386306414	0.463386802592335	0.561	0.468	1	chr12-45725638-45731459	5
0.289789528587072	0.457543698810679	0.439	0.277	1	chr3-11769644-11771745	5
0.290218098243302	0.596801585273863	0.268	0.17	1	chr17-19647014-19649518	5
0.290218098243302	0.562356082152208	0.268	0.17	1	chr20-38108265-38110891	5
0.290476728018112	0.685530911244849	0.195	0.106	1	chr1-85200011-85204308	5
0.290476728018112	0.643005633199417	0.195	0.106	1	chr1-95640472-95642622	5
0.290476728018112	0.809257728032026	0.195	0.106	1	chr1-151972224-151973612	5
0.290476728018112	0.677256087745155	0.195	0.106	1	chr2-16739802-16740994	5
0.290476728018112	0.812275771322244	0.195	0.106	1	chr2-207257597-207259508	5
0.290476728018112	0.761369462938989	0.195	0.106	1	chr5-157914368-157916349	5
0.290476728018112	0.768024627394171	0.195	0.106	1	chr7-6403514-6404868	5
0.290476728018112	0.610366863932248	0.195	0.106	1	chr8-81775067-81777249	5
0.290476728018112	0.788777834089067	0.195	0.106	1	chr9-108472839-108474839	5
0.290476728018112	0.722452378640788	0.195	0.106	1	chr14-59360926-59362055	5
0.290476728018112	0.725436728387084	0.195	0.106	1	chr17-66301658-66303953	5
0.290476728018112	0.688458602905768	0.195	0.106	1	chr19-659416-664113	5
0.290827144292662	0.551392970755801	0.268	0.149	1	chr20-44959205-44961086	5
0.2909244601457	0.682877874526936	0.244	0.149	1	chr6-132797915-132799626	5
0.2909244601457	0.645468357617099	0.244	0.149	1	chr12-76030588-76032750	5
0.290929016517194	0.535946605882923	0.317	0.191	1	chr8-62529283-62530884	5
0.291764045305015	0.524397753690117	0.293	0.17	1	chr6-169700396-169703312	5
0.292420220948468	0.456620579430723	0.341	0.255	1	chr17-28040692-28042383	5
0.292538822209582	0.650602846897382	0.366	0.277	1	chr3-120681969-120686286	5
0.29282372368059	0.564542087312681	0.293	0.191	1	chr10-62267917-62269524	5
0.29282372368059	0.614373556528956	0.293	0.191	1	chr20-53863656-53868155	5
0.29296102396707	0.92857510205444	0.171	0.106	1	chr16-23469541-23470470	5
0.293040735092014	0.389449358675277	0.561	0.426	1	chr7-5522811-5533502	5
0.293138617567682	0.467082416501487	0.341	0.234	1	chr1-9842058-9844734	5
0.293545961117872	0.685947503726791	0.244	0.17	1	chr4-55853091-55854492	5
0.293606805218696	0.332552276938815	0.463	0.34	1	chr12-116736016-116738851	5
0.293684898360908	0.537764095940206	0.317	0.213	1	chr1-11979047-11981363	5
0.293684898360908	0.508529826915598	0.317	0.213	1	chr19-24032867-24035404	5
0.293938472779598	0.402503804042561	0.415	0.277	1	chr4-39976119-39978527	5
0.294321372763064	0.465123473834955	0.463	0.298	1	chr18-32468572-32471701	5
0.294527227711571	0.794940261191326	0.171	0.085	1	chr5-74156618-74157764	5
0.294527227711571	0.802133904206868	0.171	0.085	1	chr6-151024295-151025615	5
0.294527227711571	0.843359074913864	0.171	0.085	1	chr9-128078406-128079698	5
0.294527227711571	0.830118368815852	0.171	0.085	1	chr18-48996699-48998885	5
0.294527227711571	1.06057130721885	0.171	0.085	1	chr22-23105913-23107700	5
0.295100121719542	0.759988212056037	0.22	0.128	1	chr6-111604219-111607305	5
0.295100121719542	0.686991455983611	0.22	0.128	1	chr7-69653916-69655630	5
0.295100121719542	0.691242542827736	0.22	0.128	1	chr9-114223802-114224800	5
0.295100121719542	0.684997293393933	0.22	0.128	1	chr16-66506805-66508934	5
0.295100121719542	0.649812887455474	0.22	0.128	1	chr19-48992084-48994541	5
0.295551412172948	0.697444056455806	0.268	0.17	1	chr6-144094577-144096451	5
0.295551412172948	0.64039384323512	0.268	0.17	1	chr14-60721805-60724785	5
0.295551412172948	0.647856883249972	0.268	0.17	1	chr15-41115169-41117124	5
0.295551412172948	0.619681477860641	0.268	0.17	1	chr16-84115890-84118009	5
0.295551412172948	0.613865101572293	0.268	0.17	1	chr17-1004112-1006734	5
0.295551412172948	0.659575145363031	0.268	0.17	1	chrX-68827689-68830195	5
0.295983728618609	0.559848332973945	0.317	0.191	1	chr7-4973577-4975166	5
0.29614333286971	0.744657705278945	0.22	0.149	1	chr10-37860285-37861534	5
0.296151010920517	0.542657182818135	0.366	0.255	1	chr6-111872474-111874420	5
0.296151010920517	0.489813662136269	0.366	0.255	1	chr7-27661731-27663583	5
0.296151010920517	0.59724707644517	0.341	0.277	1	chr5-37369886-37372216	5
0.296505403054009	0.582689605952342	0.244	0.149	1	chr1-10651764-10653611	5
0.296505403054009	0.665727013796377	0.244	0.149	1	chr1-212790416-212792938	5
0.296505403054009	0.685587375950965	0.244	0.149	1	chr2-218281487-218287668	5
0.296505403054009	0.673251382046418	0.244	0.149	1	chr8-132774743-132776385	5
0.296505403054009	0.582725772781381	0.244	0.149	1	chr9-97411434-97413009	5
0.296505403054009	0.582931334409284	0.244	0.149	1	chr19-37172285-37173308	5
0.296705614281423	0.756679850227184	0.195	0.106	1	chr2-234951437-234955490	5
0.296705614281423	0.659972798077943	0.195	0.106	1	chr5-23506357-23508000	5
0.296705614281423	0.748883707040115	0.195	0.106	1	chr6-14539974-14541556	5
0.296705614281423	0.739941383228912	0.195	0.106	1	chr6-28335114-28336903	5
0.296705614281423	0.588702271987634	0.195	0.106	1	chr7-158739668-158741658	5
0.296705614281423	0.714688657901597	0.195	0.106	1	chr9-25715708-25716917	5
0.296705614281423	0.730310491717321	0.195	0.106	1	chr9-124390298-124391506	5
0.296705614281423	0.74370491395947	0.195	0.106	1	chr11-82695368-82696686	5
0.296705614281423	0.790151434219776	0.195	0.106	1	chr12-53294979-53296357	5
0.296705614281423	0.784565661120915	0.195	0.106	1	chr15-38868213-38868956	5
0.296705614281423	0.749186776505744	0.195	0.106	1	chrX-154017662-154020671	5
0.297986054004014	0.478325025858052	0.39	0.277	1	chr2-208252889-208257912	5
0.297992222122589	0.500862573140584	0.341	0.234	1	chr2-197612278-197616157	5
0.297992222122589	0.518522401136662	0.341	0.234	1	chr4-169069580-169071494	5
0.298463375873787	0.486592548645415	0.463	0.319	1	chr14-77005837-77009446	5
0.298689989505259	0.52460649560359	0.317	0.213	1	chr1-109213360-109216983	5
0.298689989505259	0.54905979571245	0.317	0.213	1	chr3-38346157-38348195	5
0.298689989505259	0.505864818413122	0.317	0.213	1	chr3-177193731-177199448	5
0.298689989505259	0.559524331011311	0.317	0.213	1	chr17-75393156-75396134	5
0.299555452059739	0.52238061409539	0.39	0.255	1	chr1-173714248-173716200	5
0.300949959950475	0.596210446780434	0.268	0.17	1	chr1-96865235-96866723	5
0.300949959950475	0.577648616437813	0.268	0.17	1	chr2-156340372-156343820	5
0.300949959950475	0.554476730594216	0.268	0.17	1	chr5-139293157-139296101	5
0.300949959950475	0.567355775715436	0.268	0.17	1	chr16-88808843-88813198	5
0.300949959950475	0.623693438785251	0.268	0.17	1	chr17-30905609-30907380	5
0.300983209544061	0.544082776435827	0.317	0.234	1	chr5-58582088-58583528	5
0.301028398574078	0.631908847155542	0.22	0.128	1	chr1-206469402-206471448	5
0.301028398574078	0.691832873199384	0.22	0.128	1	chr1-220271556-220273316	5
0.301028398574078	0.754945979669703	0.22	0.128	1	chr6-31717498-31719244	5
0.301028398574078	0.705648991538162	0.22	0.128	1	chr17-49729048-49731143	5
0.301028398574078	0.647773957010982	0.22	0.128	1	chr17-81081962-81085937	5
0.301028398574078	0.655870465053374	0.22	0.128	1	chr18-35971662-35973843	5
0.301284447504404	0.728426352802551	0.171	0.085	1	chr2-109690439-109692727	5
0.301284447504404	0.782412351235383	0.171	0.085	1	chr4-57163458-57164469	5
0.301692525646983	0.356488702558022	0.585	0.426	1	chr16-67173056-67179796	5
0.302028626857196	0.378395013147071	0.488	0.383	1	chr1-154417264-154421162	5
0.302157520310968	0.548145307827749	0.244	0.149	1	chr7-152433577-152437424	5
0.302157520310968	0.631986195760203	0.244	0.149	1	chr8-144077298-144080346	5
0.302157520310968	0.576309732996843	0.244	0.149	1	chr10-86520745-86523789	5
0.302157520310968	0.667166612648666	0.244	0.149	1	chr15-40340049-40341405	5
0.302157520310968	0.679151758943766	0.244	0.149	1	chr16-82541574-82544831	5
0.302403719648573	0.771160969735847	0.195	0.128	1	chr7-94583627-94584982	5
0.302655912671674	0.493271471700721	0.39	0.277	1	chr7-92446867-92449142	5
0.302655912671674	0.47296995413847	0.39	0.277	1	chr8-80029076-80030881	5
0.302899220971588	0.481530537175105	0.341	0.234	1	chr2-219248743-219250770	5
0.302899220971588	0.497859356324689	0.341	0.234	1	chr19-1103347-1108250	5
0.30302321461541	0.735082222997467	0.195	0.106	1	chr2-118084774-118086995	5
0.30302321461541	0.764035742960826	0.195	0.106	1	chr5-144328485-144329972	5
0.30302321461541	0.640816840759215	0.195	0.106	1	chr12-21437191-21438566	5
0.30302321461541	0.570229635534624	0.195	0.106	1	chr15-34366096-34368295	5
0.303142144370636	0.412756480729886	0.415	0.277	1	chr10-24722129-24725428	5
0.303214039127788	0.519340912344301	0.293	0.191	1	chr6-24402356-24404098	5
0.303214039127788	0.61146621758412	0.293	0.191	1	chr6-38795462-38798248	5
0.303214039127788	0.622790525658206	0.293	0.191	1	chr10-49734221-49735532	5
0.30339587315065	0.536387225642373	0.415	0.298	1	chr4-10018543-10020167	5
0.303433466281079	0.377705405289515	0.415	0.319	1	chr1-47332628-47335311	5
0.30375170707176	0.52995127221964	0.317	0.213	1	chr13-36998216-37002001	5
0.30375170707176	0.522884531275825	0.317	0.213	1	chr14-51094677-51095645	5
0.303902897426316	0.470146389695798	0.488	0.34	1	chr19-19661886-19664619	5
0.30572276257023	0.491693514762495	0.366	0.255	1	chr6-75746014-75750917	5
0.305993973563173	0.584566028190058	0.317	0.234	1	chr1-111947878-111949614	5
0.306022277064953	0.865127511870212	0.171	0.106	1	chr1-210232362-210234531	5
0.306022277064953	0.844201709698316	0.171	0.106	1	chr9-90064095-90064764	5
0.306022277064953	0.971119480855291	0.171	0.106	1	chr16-53079945-53081463	5
0.306022277064953	1.07617718737438	0.171	0.106	1	chr17-12789020-12790925	5
0.306413801371521	0.61422053917047	0.268	0.17	1	chr19-4063181-4067203	5
0.306413801371521	0.619681323551011	0.268	0.17	1	chr19-37077599-37079227	5
0.307035478455112	0.694160899832075	0.22	0.128	1	chr1-38985903-38987315	5
0.307035478455112	0.613274245179041	0.22	0.128	1	chr1-162587001-162587963	5
0.307035478455112	0.712799233866565	0.22	0.128	1	chr14-38866039-38870081	5
0.307035478455112	0.541603159895149	0.22	0.128	1	chr19-10118879-10120453	5
0.307035478455112	0.72710155598152	0.22	0.128	1	chr19-50328276-50330061	5
0.307792558713504	0.757106773359094	0.22	0.149	1	chr16-68263741-68266202	5
0.307859653275472	0.52585946671095	0.341	0.234	1	chr16-1419721-1422536	5
0.307859653275472	0.498306748884109	0.341	0.234	1	chr17-20155449-20157094	5
0.307880876187333	0.496713984823489	0.244	0.149	1	chr11-2698872-2701209	5
0.307880876187333	0.656484216563849	0.244	0.149	1	chr12-3872669-3873938	5
0.307880876187333	0.56891116394504	0.244	0.149	1	chr19-10501408-10503374	5
0.308144125943133	0.778227936741978	0.171	0.085	1	chr12-56006705-56008487	5
0.308144125943133	0.561642431511421	0.171	0.085	1	chr13-48975052-48977592	5
0.308144125943133	0.768644258419829	0.171	0.085	1	chr17-74192779-74193907	5
0.308144125943133	0.751130521861018	0.171	0.085	1	chr18-54741905-54743731	5
0.308144125943133	0.758522993431375	0.171	0.085	1	chr19-29389030-29390351	5
0.308519976733223	0.498008237897156	0.341	0.213	1	chr19-6458818-6461038	5
0.308604338774395	0.834566257899724	0.195	0.128	1	chr11-112563894-112565089	5
0.30887009185962	0.51855441426278	0.317	0.213	1	chr1-61182878-61185870	5
0.30887009185962	0.469963163644815	0.317	0.213	1	chr2-181891113-181893419	5
0.308876324857883	0.54057316357336	0.293	0.213	1	chr16-10576959-10581141	5
0.309429615804281	0.633029303278136	0.195	0.106	1	chr3-151085153-151087311	5
0.309429615804281	0.490414375996258	0.195	0.106	1	chr4-182916462-182918512	5
0.309429615804281	0.717780808237696	0.195	0.106	1	chr6-1554137-1555731	5
0.309429615804281	0.590494218011149	0.195	0.106	1	chr13-30420826-30422996	5
0.309429615804281	0.753727475592102	0.195	0.106	1	chr16-69131317-69133572	5
0.309429615804281	0.606591784084892	0.195	0.106	1	chr19-17605616-17606875	5
0.309442040799154	0.387517820350459	0.537	0.426	1	chr8-85219472-85221656	5
0.310169306081878	0.405412722830119	0.39	0.298	1	chr5-36150580-36152953	5
0.310297379560165	0.283567685483683	0.61	0.468	1	chr7-64306278-64308483	5
0.310584730527441	0.382144214323501	0.39	0.234	1	chr3-149968911-149972327	5
0.311753613283826	0.3686450052566	0.512	0.383	1	chr7-87875016-87877818	5
0.311942979209739	0.625422292357652	0.268	0.17	1	chr1-156590918-156592904	5
0.311942979209739	0.60563516059193	0.268	0.17	1	chr1-246165741-246167245	5
0.311942979209739	0.565972102463086	0.268	0.17	1	chr6-99519816-99522357	5
0.311942979209739	0.556905196715044	0.268	0.17	1	chr7-73821992-73823738	5
0.311942979209739	0.602496111729926	0.268	0.17	1	chr16-11756953-11758550	5
0.311942979209739	0.530900422672206	0.268	0.17	1	chr18-54357314-54358882	5
0.312140911454933	0.434455389365248	0.39	0.277	1	chr16-678348-686447	5
0.312695505787775	0.933280737974582	0.171	0.106	1	chr5-16726371-16728485	5
0.312695505787775	1.09184433219531	0.171	0.106	1	chr6-116059546-116061409	5
0.312695505787775	0.935437804579888	0.171	0.106	1	chr12-101406201-101409416	5
0.312873546747528	0.446083774526047	0.341	0.234	1	chr3-65952827-65956391	5
0.313121416619176	0.709578321513821	0.22	0.128	1	chr1-54297457-54299416	5
0.313121416619176	0.621862211339826	0.22	0.128	1	chr1-54487789-54489992	5
0.313121416619176	0.640091202831457	0.22	0.128	1	chr1-184422202-184423625	5
0.313121416619176	0.74656783695987	0.22	0.128	1	chr8-70950996-70952216	5
0.313121416619176	0.647976817226622	0.22	0.128	1	chr19-9826520-9828908	5
0.313235430376406	0.480083860675499	0.537	0.404	1	chr1-244968314-244972788	5
0.313675514638536	0.560004900468223	0.244	0.149	1	chr2-19989029-19990809	5
0.313675514638536	0.594546586299104	0.244	0.149	1	chr4-121822700-121825346	5
0.313675514638536	0.669801752744511	0.244	0.149	1	chr7-151566579-151568430	5
0.313675514638536	0.598267832134309	0.244	0.149	1	chr16-81580666-81582230	5
0.313675514638536	0.652736435042596	0.244	0.149	1	chr19-2475740-2479252	5
0.313675514638536	0.640144486408803	0.244	0.149	1	chrX-155215607-155217433	5
0.313729390986387	0.80348897111373	0.22	0.149	1	chr17-979158-981643	5
0.314045171769573	0.506608499185433	0.317	0.213	1	chr6-44236890-44238730	5
0.314108273462323	0.340078576945197	0.488	0.362	1	chr1-54881035-54888902	5
0.314135793874809	0.6018534095541	0.293	0.213	1	chr16-88452495-88456429	5
0.314343381019348	0.495972978288565	0.366	0.234	1	chr1-204072617-204075298	5
0.314888453308225	0.796720780985936	0.195	0.128	1	chr1-28516974-28519483	5
0.314888453308225	0.760409571730766	0.195	0.128	1	chr14-101072760-101073888	5
0.315106340736802	0.699017145758505	0.171	0.085	1	chr1-75614470-75616321	5
0.315106340736802	0.556913236860684	0.171	0.085	1	chr5-23726490-23727879	5
0.315874676677174	0.615134312390352	0.268	0.191	1	chr1-40530925-40533253	5
0.315924873007361	0.571566585926501	0.195	0.106	1	chr1-150925541-150926905	5
0.315924873007361	0.722642735253069	0.195	0.106	1	chr1-224106390-224107464	5
0.315924873007361	0.59946656726251	0.195	0.106	1	chr3-127628326-127630642	5
0.315924873007361	0.668792543838385	0.195	0.106	1	chr19-52733927-52736093	5
0.315924873007361	0.66427823111403	0.195	0.106	1	chr19-58394331-58396556	5
0.316360883586246	0.442164657299542	0.366	0.277	1	chr5-176646568-176648517	5
0.316787488988028	0.427104958665043	0.317	0.191	1	chr2-201450817-201452735	5
0.317537518994654	0.575620246928328	0.268	0.17	1	chr10-5465758-5467523	5
0.318610036834873	0.307769254296198	0.512	0.34	1	chr1-67684517-67687500	5
0.318761525911177	0.532103286980277	0.341	0.213	1	chr11-65536674-65542133	5
0.318930748044754	0.271847409516335	0.732	0.617	1	chr1-172531587-172534375	5
0.319276961650389	0.472896233092064	0.317	0.213	1	chrX-119870315-119872876	5
0.319286243169512	0.59958537085142	0.22	0.128	1	chr6-26532599-26533712	5
0.319286243169512	0.686928051458564	0.22	0.128	1	chr7-148844-150448	5
0.319286243169512	0.58364664174261	0.22	0.128	1	chr7-101813905-101818089	5
0.319286243169512	0.585325189167238	0.22	0.128	1	chr14-102045961-102047061	5
0.319541459030611	0.512568984986644	0.244	0.149	1	chr2-111944546-111947351	5
0.319541459030611	0.635809038295215	0.244	0.149	1	chr5-140113126-140115304	5
0.319541459030611	0.616646780032117	0.244	0.149	1	chr7-158778509-158780194	5
0.319541459030611	0.609093924487661	0.244	0.149	1	chr8-73147332-73148760	5
0.319541459030611	0.378303542430216	0.244	0.149	1	chr9-89435008-89436174	5
0.319541459030611	0.622917647415014	0.244	0.149	1	chr12-64679410-64680907	5
0.319541459030611	0.617702329882143	0.244	0.149	1	chr20-23637104-23638369	5
0.319703635645159	0.365368165113228	0.537	0.34	1	chr2-197452441-197455227	5
0.319741077318458	0.669362888047016	0.22	0.149	1	chr5-16588019-16590202	5
0.319741077318458	0.600088359620261	0.22	0.149	1	chr9-100425809-100428234	5
0.319741077318458	0.679576240844459	0.22	0.149	1	chr12-1593273-1595427	5
0.319741077318458	0.66391759579012	0.22	0.149	1	chr17-6650542-6652720	5
0.320460948958188	0.515838617771325	0.341	0.277	1	chr10-132516260-132520947	5
0.321256088479362	0.790105731519808	0.195	0.128	1	chr1-117604811-117607516	5
0.321256088479362	0.823800888558008	0.195	0.128	1	chr2-107774972-107776784	5
0.321256088479362	0.765625728890747	0.195	0.128	1	chr2-200405446-200406795	5
0.321256088479362	0.811503383992355	0.195	0.128	1	chr3-180911718-180914025	5
0.321256088479362	0.777462578729905	0.195	0.128	1	chr5-14523151-14524458	5
0.321256088479362	0.720499985473537	0.195	0.128	1	chr10-79410705-79412447	5
0.32167028918051	0.660615172490182	0.244	0.17	1	chr7-6588512-6591238	5
0.321819735477169	0.414923882659733	0.39	0.277	1	chr10-79443493-79447116	5
0.322188021466876	0.481913291572247	0.415	0.298	1	chr14-68937542-68940502	5
0.322509009286931	0.604172112249501	0.195	0.106	1	chr1-201222460-201223520	5
0.322509009286931	0.650997924413093	0.195	0.106	1	chr3-48471470-48473873	5
0.322509009286931	0.58407484849845	0.195	0.106	1	chr7-16667740-16669388	5
0.322509009286931	0.632941395283576	0.195	0.106	1	chr10-97336421-97338490	5
0.322509009286931	0.679988960476796	0.195	0.106	1	chr15-51030339-51031358	5
0.323061770015997	0.408478235634428	0.341	0.234	1	chr3-194870353-194873212	5
0.323197428796242	0.603931277111081	0.268	0.17	1	chr1-111974939-111977580	5
0.323197428796242	0.622127991514858	0.268	0.17	1	chr12-6936490-6939547	5
0.323749067528475	0.451803436658645	0.39	0.255	1	chr1-244833765-244842498	5
0.324207168726257	0.345268386710464	0.463	0.362	1	chr5-131633828-131636646	5
0.324565463149822	0.604544850806441	0.317	0.213	1	chr13-27423884-27426780	5
0.324721466518705	0.542091751673932	0.293	0.191	1	chr17-18855632-18856901	5
0.324721466518705	0.48319866519977	0.293	0.191	1	chr18-57800910-57804216	5
0.325134413466334	0.418879696412749	0.512	0.383	1	chr7-98280283-98285547	5
0.325134413466334	0.314101081647227	0.488	0.404	1	chr3-49092739-49095077	5
0.32547871187491	0.604143929010382	0.244	0.149	1	chr15-74597700-74599291	5
0.325529962713146	0.707163277291636	0.22	0.128	1	chr10-12631128-12632617	5
0.325529962713146	0.613954964924783	0.22	0.128	1	chr14-92747411-92749139	5
0.325529962713146	0.630810436214895	0.22	0.128	1	chr22-18055752-18058365	5
0.325827619923145	0.701970110121885	0.22	0.149	1	chr6-3499613-3502615	5
0.326236578089359	0.461490813797187	0.366	0.277	1	chr4-98994620-98996994	5
0.32632738620634	0.819738594702918	0.171	0.106	1	chr8-48007762-48009519	5
0.326981061841486	0.483331884496372	0.415	0.277	1	chr12-124565677-124569079	5
0.327499606697731	0.676396465314799	0.244	0.17	1	chr17-59327106-59333161	5
0.327707240833526	0.734360034901343	0.195	0.128	1	chr8-143218169-143219437	5
0.327707240833526	0.714748117876864	0.195	0.128	1	chr9-33229162-33230149	5
0.328236096820881	0.435580885113299	0.341	0.234	1	chr3-179603850-179605598	5
0.328922699016441	0.582576859500763	0.268	0.17	1	chr1-31669399-31670811	5
0.328922699016441	0.598582830455411	0.268	0.17	1	chr3-48738920-48741154	5
0.329182015153267	0.676712303311621	0.195	0.106	1	chr15-56918077-56920176	5
0.329182015153267	0.602656986429483	0.195	0.106	1	chr20-31502856-31503800	5
0.329910664570158	0.44463898858943	0.317	0.213	1	chr5-77029838-77031786	5
0.329910664570158	0.525890956515862	0.317	0.213	1	chr7-106659634-106661655	5
0.330249817050613	0.565876250762869	0.293	0.191	1	chr6-75242352-75244784	5
0.330265568540095	0.604517597822308	0.293	0.213	1	chr10-63627851-63631321	5
0.331087366732106	0.301933090651435	0.512	0.362	1	chr1-247103326-247104988	5
0.331248762096374	0.477883591801047	0.366	0.277	1	chr1-47313072-47315148	5
0.331248762096374	0.476689367878826	0.366	0.277	1	chr2-157875037-157877728	5
0.331487254571929	0.598891541005583	0.244	0.149	1	chr2-27441894-27443562	5
0.331487254571929	0.634329124858926	0.244	0.149	1	chr15-90264592-90266873	5
0.331487254571929	0.583762578793344	0.244	0.149	1	chr16-54648574-54650529	5
0.331624229728137	0.388533162815151	0.415	0.319	1	chr12-56644667-56646773	5
0.331852554030244	0.585494915082422	0.22	0.128	1	chr11-107839885-107841195	5
0.331852554030244	0.543425075425535	0.22	0.128	1	chr17-47099474-47100890	5
0.33186301353352	0.398408236718541	0.415	0.298	1	chr7-93231280-93233050	5
0.33186301353352	0.374420433946498	0.415	0.298	1	chr16-81004364-81008665	5
0.332123411360327	0.464490756857064	0.341	0.255	1	chr7-36152229-36154555	5
0.333286013896738	0.808668925585302	0.171	0.106	1	chr5-38845051-38846544	5
0.333286013896738	0.828157907057792	0.171	0.106	1	chr9-27183551-27185784	5
0.333397062989798	0.664993686156102	0.244	0.17	1	chr6-7144918-7147445	5
0.333463878563379	0.455894062719295	0.341	0.234	1	chr1-202887874-202889694	5
0.333463878563379	0.491101593327645	0.341	0.234	1	chr6-27019048-27020824	5
0.333463878563379	0.574234906764871	0.341	0.234	1	chr12-57844270-57847596	5
0.333773429620005	0.412850155052794	0.39	0.255	1	chr22-25109809-25113794	5
0.334047557246061	0.348616361290362	0.439	0.298	1	chr5-10351468-10355667	5
0.334241877855952	0.881897928778502	0.195	0.128	1	chr10-45000971-45002214	5
0.334241877855952	0.701920080018583	0.195	0.128	1	chr12-53220223-53222078	5
0.334713302187839	0.556887870493184	0.268	0.17	1	chr1-35189746-35194524	5
0.334713302187839	0.479730961455362	0.268	0.17	1	chr3-158643976-158645282	5
0.335838731036626	0.521728987055527	0.293	0.191	1	chr3-187749785-187751227	5
0.335838731036626	0.506825449006504	0.293	0.191	1	chr7-124929202-124930473	5
0.335940535485389	0.327141904168431	0.585	0.511	1	chr17-21284010-21288972	5
0.335943848127518	0.6827914245565	0.195	0.106	1	chr2-102206346-102207454	5
0.335943848127518	0.631858564258294	0.195	0.106	1	chr3-49587357-49588505	5
0.335943848127518	0.553874358327026	0.195	0.106	1	chr7-812470-814059	5
0.335943848127518	0.588525308123875	0.195	0.106	1	chr8-145001820-145003819	5
0.335943848127518	0.546720027681366	0.195	0.106	1	chr10-13098863-13100823	5
0.335943848127518	0.574590829819261	0.195	0.106	1	chr19-14080636-14082429	5
0.33621907585358	0.277667162821429	0.585	0.489	1	chr19-38847995-38853235	5
0.336414433364854	0.262211969860844	0.585	0.426	1	chr14-77319978-77322753	5
0.336461257781019	0.295575402453516	0.537	0.489	1	chr1-36382994-36387481	5
0.336770198777599	0.310657542044096	0.415	0.298	1	chr1-2408828-2417895	5
0.336770198777599	0.459821031641811	0.415	0.298	1	chr8-94240792-94243093	5
0.337567047164524	0.661704318181643	0.244	0.149	1	chr3-71724160-71725898	5
0.337567047164524	0.552149565230799	0.244	0.149	1	chr6-167906700-167907485	5
0.337567047164524	0.64582496776356	0.244	0.149	1	chr8-77244185-77245167	5
0.337567047164524	0.555404851948961	0.244	0.149	1	chr12-13100899-13103076	5
0.337567047164524	0.493305248029319	0.244	0.149	1	chr15-63598130-63602102	5
0.338223145979666	0.388917718699069	0.463	0.362	1	chr1-205748326-205751013	5
0.33822516615943	0.710750353312235	0.22	0.149	1	chr19-37505776-37507635	5
0.338253969756191	0.539641304754299	0.22	0.128	1	chr2-9422144-9424653	5
0.338253969756191	0.612892577810424	0.22	0.128	1	chr3-127696077-127698513	5
0.338253969756191	0.649852422423935	0.22	0.128	1	chr7-141071064-141073754	5
0.338374601839827	0.590657416473936	0.268	0.191	1	chr1-231240224-231243393	5
0.338374601839827	0.561294843412563	0.268	0.191	1	chr6-70411466-70414485	5
0.338745083796393	0.465908561960069	0.341	0.234	1	chr8-144476495-144480211	5
0.339362614145295	0.764326734928709	0.244	0.17	1	chr3-37241955-37245437	5
0.340142035138375	0.341634473529196	0.463	0.319	1	chr17-48891359-48893764	5
0.340339687435673	0.788536009223801	0.171	0.106	1	chr3-52454374-52457016	5
0.340339687435673	0.805054990635786	0.171	0.106	1	chr11-61971149-61973449	5
0.340569192779736	0.499856764558661	0.268	0.17	1	chr2-207623855-207626514	5
0.340569192779736	0.578843742181003	0.268	0.17	1	chr7-157138112-157141040	5
0.340569192779736	0.538875095510799	0.268	0.17	1	chr9-33444895-33447874	5
0.340569192779736	0.529056279767681	0.268	0.17	1	chr9-127802258-127804398	5
0.34077105282179	0.537801244929126	0.317	0.213	1	chr1-197145579-197147416	5
0.34077105282179	0.513880054602	0.317	0.213	1	chr2-24122470-24124389	5
0.34077105282179	0.486557001477415	0.317	0.213	1	chr19-35715864-35719389	5
0.340859937609741	0.731866713190071	0.195	0.128	1	chr5-164972029-164973807	5
0.340859937609741	0.865477626864346	0.195	0.128	1	chr9-129138532-129141262	5
0.340859937609741	0.778503203395879	0.195	0.128	1	chr12-55742595-55744403	5
0.341488164399104	0.602024393854221	0.293	0.191	1	chr4-88318143-88321619	5
0.341488164399104	0.587185906640145	0.293	0.191	1	chr12-124836874-124839129	5
0.342569584629423	0.372180673466219	0.341	0.255	1	chr6-138403462-138405400	5
0.342569584629423	0.47291672098152	0.341	0.255	1	chr7-157006971-157012420	5
0.342609476592148	0.611236660127982	0.317	0.234	1	chr11-57798747-57801340	5
0.343718028100841	0.553006087547448	0.244	0.149	1	chr7-74464700-74468163	5
0.343718028100841	0.593084319341395	0.244	0.149	1	chr9-116686212-116688217	5
0.343718028100841	0.588770042753233	0.244	0.149	1	chr17-7035147-7036555	5
0.343718028100841	0.582719643497333	0.244	0.149	1	chr17-30344085-30345981	5
0.344079668883697	0.507620612526753	0.341	0.234	1	chr1-43552055-43553647	5
0.344373634844917	0.377468514144328	0.39	0.298	1	chr14-35120651-35123778	5
0.344536056750091	0.644984885699863	0.22	0.149	1	chr5-147309979-147311163	5
0.344536056750091	0.744196384849011	0.22	0.149	1	chr14-94080049-94082057	5
0.344734136076803	0.691919613692008	0.22	0.128	1	chr6-7725543-7727214	5
0.344734136076803	0.443335584664011	0.22	0.128	1	chr7-27935845-27937602	5
0.344734136076803	0.62884668381036	0.22	0.128	1	chr9-91359627-91362415	5
0.344734136076803	0.498074309644123	0.22	0.128	1	chr10-15167302-15169703	5
0.344734136076803	0.598103256515464	0.22	0.128	1	chr14-24035790-24037317	5
0.344734136076803	0.606670854046713	0.22	0.128	1	chr17-56867634-56869085	5
0.345089588401548	0.374425385685613	0.512	0.362	1	chr10-3851142-3854736	5
0.34521360067697	0.436698411433335	0.366	0.234	1	chr10-119595275-119597871	5
0.345396196452301	0.65213125113944	0.244	0.17	1	chr2-191415009-191416698	5
0.345753634261981	0.426704210763746	0.439	0.319	1	chr9-33157963-33164111	5
0.34626936468067	0.26519224405039	0.659	0.553	1	chr16-30921302-30923928	5
0.346286148297125	0.53378007754791	0.317	0.213	1	chr11-66267023-66269902	5
0.346286148297125	0.564875026545901	0.293	0.234	1	chr8-55878835-55880825	5
0.346490307011814	0.511484116654647	0.268	0.17	1	chr6-29941751-29943116	5
0.346490307011814	0.577307372470912	0.268	0.17	1	chr8-106269238-106271192	5
0.346490307011814	0.543436777930605	0.268	0.17	1	chr10-96831564-96834036	5
0.346490307011814	0.55930676625437	0.268	0.17	1	chr11-47989827-47992000	5
0.346582345213551	0.530830927171572	0.366	0.277	1	chr4-185395268-185397871	5
0.346582345213551	0.342191033981289	0.366	0.277	1	chr19-56118599-56122180	5
0.346723787567213	0.39325639835419	0.415	0.298	1	chr17-36533737-36536177	5
0.34692197186641	0.553211020568976	0.293	0.213	1	chrX-24053503-24055528	5
0.34719805734364	0.365939415442017	0.293	0.191	1	chr1-154426991-154430618	5
0.347423124049203	0.393481106979167	0.512	0.447	1	chr6-85640857-85645272	5
0.347434897438358	0.407463424560825	0.439	0.34	1	chr6-75283539-75285854	5
0.347488299381372	0.775216374130129	0.171	0.106	1	chr2-64644050-64645449	5
0.347488299381372	0.819723040397708	0.171	0.106	1	chr7-44070925-44074357	5
0.347488299381372	0.863968122632493	0.171	0.106	1	chr12-57754234-57756144	5
0.347488299381372	0.874459746383783	0.171	0.106	1	chr16-2054456-2055499	5
0.347488299381372	0.734166169666355	0.171	0.106	1	chr17-28661474-28662954	5
0.347561328389962	0.766340995110038	0.195	0.128	1	chr6-158999028-159001013	5
0.347561328389962	0.745796347917911	0.195	0.128	1	chr17-31842227-31843846	5
0.347870592103183	0.415522162973856	0.341	0.255	1	chr6-157020453-157023483	5
0.348060088762462	0.574648567715868	0.317	0.234	1	chr11-65786227-65793889	5
0.348060088762462	0.456268755869235	0.317	0.234	1	chr12-31658345-31660351	5
0.348060088762462	0.514012196062128	0.317	0.234	1	chr19-39125265-39129128	5
0.348253635796651	0.336057460230552	0.488	0.404	1	chr5-33438900-33443288	5
0.349449444705465	0.408042953868837	0.39	0.298	1	chr1-67830905-67834018	5
0.349467577890597	0.498983314899146	0.317	0.255	1	chr16-15885585-15889293	5
0.349733658046135	0.668150015193232	0.195	0.106	1	chr5-36300188-36303044	5
0.350001204152655	0.611398319184395	0.268	0.191	1	chr3-37594575-37596200	5
0.350921577009304	0.627162014561147	0.22	0.149	1	chr1-153633263-153635287	5
0.350921577009304	0.721092448095951	0.22	0.149	1	chr12-43835173-43837139	5
0.350921577009304	0.658223574768622	0.22	0.149	1	chr13-51995142-51996761	5
0.350921577009304	0.654922406581479	0.22	0.149	1	chr14-51564285-51565649	5
0.351292952437093	0.506995101133995	0.22	0.128	1	chr1-25996904-25998868	5
0.351292952437093	0.566715193845392	0.22	0.128	1	chr2-200258067-200260516	5
0.351292952437093	0.67413106508369	0.22	0.128	1	chr6-21588257-21589702	5
0.351292952437093	0.681318928642864	0.22	0.128	1	chr12-101894402-101895501	5
0.351497726198264	0.626121227282719	0.244	0.17	1	chr16-52724885-52726381	5
0.351770099229062	0.490949480480437	0.415	0.298	1	chr16-29804035-29809504	5
0.351792401032932	0.465954628601751	0.366	0.277	1	chr1-43704225-43708882	5
0.352213805623949	0.304818293468793	0.561	0.489	1	chr5-75335920-75338762	5
0.352476562675622	0.536372333692438	0.268	0.17	1	chr1-93446462-93449843	5
0.352476562675622	0.52485259961359	0.268	0.17	1	chr3-23575725-23577455	5
0.352590905338457	0.594459232529277	0.293	0.213	1	chr1-84572728-84575012	5
0.352968334212454	0.506321001740243	0.293	0.191	1	chr1-226185198-226187346	5
0.352968334212454	0.489623546151619	0.293	0.191	1	chr17-79005033-79006689	5
0.353223467785931	0.4766084152606	0.341	0.255	1	chr11-133955847-133958505	5
0.35356551232443	0.484074137379922	0.317	0.234	1	chr1-170531002-170532976	5
0.35356551232443	0.542753456216658	0.317	0.234	1	chr20-38472109-38473767	5
0.354345928394027	0.65773823389171	0.195	0.128	1	chr1-23343152-23345197	5
0.354345928394027	0.653908937473032	0.195	0.128	1	chr1-151197783-151199685	5
0.354345928394027	0.719473221925373	0.195	0.128	1	chr1-197619044-197621377	5
0.354345928394027	0.765101815878857	0.195	0.128	1	chr7-36032026-36033234	5
0.354345928394027	0.773052821424348	0.195	0.128	1	chr11-72720755-72723165	5
0.354345928394027	0.735618286169178	0.195	0.128	1	chr20-50761298-50764592	5
0.354415932120912	0.376822089188747	0.39	0.255	1	chr2-186589060-186591593	5
0.35473170326625	0.854257386599115	0.171	0.106	1	chr1-36396980-36398582	5
0.35473170326625	0.777558898842291	0.171	0.106	1	chr3-108305283-108306184	5
0.35473170326625	0.734122322742072	0.171	0.106	1	chr9-16213531-16214582	5
0.35473170326625	0.72667366028193	0.171	0.106	1	chr12-6890640-6891753	5
0.355908431856892	0.567946989258806	0.268	0.191	1	chr2-38874997-38876859	5
0.355908431856892	0.518205272932411	0.268	0.191	1	chr11-65100892-65106005	5
0.356136230913148	0.337785508784447	0.463	0.383	1	chr22-46040296-46065534	5
0.356233199471423	0.511069713118982	0.244	0.149	1	chr5-38659849-38660862	5
0.356233199471423	0.466328035728418	0.244	0.149	1	chr14-54565046-54568683	5
0.356338753567007	0.448417416594227	0.341	0.213	1	chr5-138212732-138213936	5
0.356338753567007	0.353687850122228	0.341	0.213	1	chr17-1515331-1517794	5
0.356625388189154	0.435466477883761	0.366	0.255	1	chr12-53320623-53322180	5
0.356761381415849	0.417798484258568	0.195	0.106	1	chr15-34582272-34584503	5
0.357312219601955	0.450360179437292	0.439	0.34	1	chr3-160564125-160566721	5
0.357485809688773	0.423311189693272	0.317	0.213	1	chr3-142223964-142226095	5
0.35766709947892	0.639143568117745	0.244	0.17	1	chr3-9842830-9844724	5
0.35766709947892	0.735447544943494	0.244	0.17	1	chr11-62705152-62707064	5
0.35766709947892	0.60940927808222	0.244	0.17	1	chr12-46267380-46269655	5
0.357930291264	0.639546861733462	0.22	0.128	1	chr12-38138092-38139402	5
0.358527858964078	0.504754110297943	0.268	0.17	1	chr10-50739248-50740820	5
0.358527858964078	0.513379790029285	0.268	0.17	1	chr12-27013330-27015127	5
0.358527858964078	0.512213957733433	0.268	0.17	1	chr20-5695616-5696906	5
0.358734496566218	0.310710413705773	0.439	0.362	1	chr8-143941641-143944440	5
0.358798903344206	0.483956405487407	0.293	0.191	1	chr1-229714518-229715843	5
0.361213585408813	0.680701289385897	0.195	0.128	1	chr3-141191963-141192837	5
0.361213585408813	0.654431083230298	0.195	0.128	1	chr7-116710547-116712270	5
0.361213585408813	0.633831927444353	0.195	0.128	1	chr19-54172364-54173690	5
0.361213585408813	0.647460501452463	0.195	0.128	1	chr21-37071663-37074639	5
0.361994051520615	0.509977050849674	0.366	0.255	1	chr1-145280331-145282649	5
0.362001456903222	0.507742489529959	0.415	0.298	1	chr2-195656267-195660712	5
0.362001456903222	0.406825596375036	0.415	0.298	1	chr5-32172083-32175580	5
0.362069713162519	0.842142222025323	0.171	0.106	1	chr1-111406057-111406941	5
0.362069713162519	0.790158027963178	0.171	0.106	1	chr2-25041025-25043046	5
0.362069713162519	0.755529178135924	0.171	0.106	1	chr3-73623717-73625977	5
0.362069713162519	0.804531935773297	0.171	0.106	1	chr7-2715215-2718091	5
0.362069713162519	0.798335032110897	0.171	0.106	1	chr9-122217421-122218696	5
0.362069713162519	0.776177141950807	0.171	0.106	1	chr12-52032215-52033596	5
0.362069713162519	0.726701782486671	0.171	0.106	1	chr15-78455673-78457831	5
0.362069713162519	0.74521279834997	0.171	0.106	1	chr18-11907867-11909283	5
0.362069713162519	0.841687080982435	0.171	0.106	1	chr18-50193734-50195753	5
0.362069713162519	0.742991691804561	0.171	0.106	1	chrX-40107924-40110180	5
0.362345498134095	0.372382071791014	0.415	0.277	1	chr12-56722051-56726056	5
0.36243407715877	0.438008007706197	0.463	0.362	1	chr1-206711904-206715594	5
0.362597156836312	0.454545013973307	0.244	0.149	1	chr1-182788503-182790425	5
0.363170200652706	0.468291212924503	0.317	0.213	1	chr5-160922975-160924773	5
0.363170200652706	0.431114331626816	0.317	0.213	1	chr6-15948868-15950687	5
0.363170200652706	0.450764454341086	0.317	0.213	1	chr8-86507504-86509368	5
0.363877424005054	0.52045607960402	0.195	0.106	1	chr9-6014838-6016282	5
0.363877424005054	0.567478839956491	0.195	0.106	1	chr13-27270276-27273012	5
0.363904192016493	0.617537227825305	0.244	0.17	1	chr1-248923120-248925358	5
0.363904192016493	0.499521208298033	0.244	0.17	1	chr5-159341337-159342639	5
0.363904192016493	0.553822850122441	0.244	0.17	1	chr10-46028524-46031181	5
0.363904192016493	0.540544755584868	0.244	0.17	1	chr11-12247820-12250209	5
0.363904192016493	0.616590222320496	0.244	0.17	1	chr12-55829055-55830627	5
0.363916014704261	0.687411866664601	0.22	0.149	1	chr7-129433509-129435217	5
0.364084515788821	0.446666515965325	0.341	0.255	1	chr6-132811971-132821612	5
0.364103475809433	0.508400592043921	0.293	0.213	1	chr5-148903977-148906102	5
0.364103475809433	0.523899555619361	0.293	0.213	1	chr9-132353972-132355709	5
0.364644076309207	0.473701341647429	0.268	0.17	1	chr8-143333720-143335672	5
0.364644076309207	0.514467815079801	0.268	0.17	1	chr14-61524069-61528036	5
0.364645997703474	0.491672471964804	0.22	0.128	1	chr14-73850900-73853165	5
0.364645997703474	0.576996455413009	0.22	0.128	1	chr20-38299598-38300652	5
0.364689656940393	0.459693771100619	0.293	0.191	1	chr1-43388123-43390706	5
0.364740456097762	0.484928612399587	0.317	0.234	1	chr1-45348010-45350070	5
0.364740456097762	0.53160673113671	0.317	0.234	1	chr6-28837236-28839701	5
0.365950502431643	0.432628751723709	0.341	0.234	1	chr9-133990394-133994981	5
0.367413074576092	0.36682117476649	0.366	0.255	1	chr19-21396713-21397916	5
0.367910213852279	0.513725786163414	0.268	0.191	1	chr1-224431980-224436634	5
0.368164116515025	0.660292065637661	0.195	0.128	1	chr2-224583757-224586438	5
0.368164116515025	0.650788465956967	0.195	0.128	1	chr11-110429500-110433324	5
0.368164116515025	0.66111511199543	0.195	0.128	1	chr12-56985600-56986351	5
0.368164116515025	0.702450689172531	0.195	0.128	1	chr14-26414896-26416589	5
0.368164116515025	0.730935201357798	0.195	0.128	1	chr19-19191508-19193553	5
0.369031836004499	0.458471304363857	0.244	0.149	1	chr1-27671789-27672968	5
0.369031836004499	0.513876516990552	0.244	0.149	1	chr4-41934513-41936482	5
0.369031836004499	0.610417119196406	0.244	0.149	1	chr6-15026437-15027642	5
0.369502103273265	0.707140237126502	0.171	0.106	1	chr2-231364803-231366048	5
0.369502103273265	0.733667561989556	0.171	0.106	1	chr3-20095891-20097599	5
0.369502103273265	0.70649332810936	0.171	0.106	1	chr4-24973049-24974622	5
0.369502103273265	0.723517027299813	0.171	0.106	1	chr4-67106721-67107825	5
0.369502103273265	0.712419109493586	0.171	0.106	1	chr11-559622-562752	5
0.369502103273265	0.685438854282481	0.171	0.106	1	chr16-27258111-27258920	5
0.369502103273265	0.728858430556857	0.171	0.106	1	chr16-56657285-56658515	5
0.369502103273265	0.673214845492936	0.171	0.106	1	chr17-4703424-4704915	5
0.369592504240525	0.421321038581081	0.341	0.255	1	chr20-63536240-63539587	5
0.369903986449119	0.308202783631762	0.488	0.34	1	chr1-201169946-201172664	5
0.369946895096732	0.503614436938287	0.293	0.213	1	chr1-9126271-9130557	5
0.369946895096732	0.533271388628827	0.293	0.213	1	chr11-18526074-18528085	5
0.369946895096732	0.510672059455066	0.293	0.213	1	chr14-63676422-63679191	5
0.370175643321042	0.28911902070585	0.659	0.574	1	chr6-73511670-73522485	5
0.370524624636587	0.609015779240866	0.22	0.149	1	chr14-75535550-75536604	5
0.370640470938465	0.431499943745082	0.293	0.191	1	chr16-47459747-47462710	5
0.3708250762283	0.496027291108998	0.268	0.17	1	chr8-60677871-60680924	5
0.370899226065458	0.320500235031428	0.512	0.34	1	chr1-170073914-170075457	5
0.370919233177588	0.442746147172599	0.415	0.34	1	chr7-132249456-132252433	5
0.372417282554529	0.345479619305421	0.39	0.319	1	chr22-42089864-42091793	5
0.373791242555222	0.387274521910442	0.488	0.319	1	chr19-8831637-8833427	5
0.374004505167864	0.539012005404605	0.268	0.191	1	chr6-116615717-116617266	5
0.374707559276199	0.466336125304122	0.317	0.213	1	chr15-78872393-78875440	5
0.374707559276199	0.50230782965109	0.317	0.213	1	chr20-51749594-51751009	5
0.375197307809267	0.700564936599284	0.195	0.128	1	chr3-15097920-15099978	5
0.375197307809267	0.629178797733167	0.195	0.128	1	chr9-137300500-137303264	5
0.375197307809267	0.62194604977759	0.195	0.128	1	chr22-23749829-23751729	5
0.375535612918512	0.334625200430653	0.39	0.298	1	chr1-108746093-108747824	5
0.375537064253991	0.538686601296816	0.244	0.149	1	chr3-9351663-9353913	5
0.375537064253991	0.490229915712477	0.244	0.149	1	chr15-89377806-89380455	5
0.375537064253991	0.607665788465055	0.244	0.149	1	chr17-79305626-79307645	5
0.375537064253991	0.534128927857843	0.244	0.149	1	chr19-48203497-48204716	5
0.375848233203938	0.501745072456575	0.293	0.213	1	chr18-46332688-46334532	5
0.376133499142584	0.514839887406761	0.317	0.234	1	chr3-142999623-143003146	5
0.376133499142584	0.382285341868312	0.317	0.234	1	chr6-31862233-31864369	5
0.376133499142584	0.444077650865818	0.317	0.234	1	chr9-112378655-112381038	5
0.376133499142584	0.526372427255982	0.317	0.234	1	chr17-45425004-45426380	5
0.376580934859874	0.525043411800738	0.244	0.17	1	chr1-6197858-6200399	5
0.376580934859874	0.547686875483041	0.244	0.17	1	chr3-169966097-169967805	5
0.376580934859874	0.490421296790292	0.244	0.17	1	chr16-2266531-2270151	5
0.376580934859874	0.548691036568326	0.244	0.17	1	chr20-63625852-63629053	5
0.376651204891824	0.438978917174216	0.293	0.191	1	chr1-61724206-61725880	5
0.376651204891824	0.459644921977749	0.293	0.191	1	chr14-64913719-64915226	5
0.377028607549748	0.736718101008349	0.171	0.106	1	chr1-36463325-36465084	5
0.377028607549748	0.550313590316312	0.171	0.106	1	chr1-84409348-84411454	5
0.377028607549748	0.698574665903513	0.171	0.106	1	chr1-172933583-172934667	5
0.377028607549748	0.725030740362539	0.171	0.106	1	chr2-120469440-120471158	5
0.377028607549748	0.703522343357193	0.171	0.106	1	chr3-19146511-19147596	5
0.377028607549748	0.710698241084193	0.171	0.106	1	chr3-71495816-71496608	5
0.377028607549748	0.690563549859352	0.171	0.106	1	chr3-177809350-177810814	5
0.377028607549748	0.721371217286429	0.171	0.106	1	chr3-184318842-184320665	5
0.377028607549748	0.664525845655312	0.171	0.106	1	chr5-112419309-112420745	5
0.377028607549748	0.723031051180578	0.171	0.106	1	chr6-42217182-42218434	5
0.377028607549748	0.725255805716175	0.171	0.106	1	chr7-141701389-141703238	5
0.377028607549748	0.739058685961536	0.171	0.106	1	chr10-63464649-63466525	5
0.377028607549748	0.684031049070704	0.171	0.106	1	chr16-31700190-31701179	5
0.377028607549748	0.641836645244486	0.171	0.106	1	chr22-41618840-41622266	5
0.377070701178699	0.426476272946762	0.268	0.17	1	chr2-241890484-241893463	5
0.377070701178699	0.384962177352917	0.268	0.17	1	chr14-77799601-77800978	5
0.377165599353009	0.328999903543133	0.585	0.511	1	chr5-96933757-96937513	5
0.377204150262706	0.391306529963123	0.341	0.234	1	chr3-101847916-101850467	5
0.377204150262706	0.4513975963007	0.341	0.234	1	chr19-32372606-32374745	5
0.377207248806437	0.527147485404994	0.22	0.149	1	chr8-116755222-116756416	5
0.377207248806437	0.619427456030478	0.22	0.149	1	chr9-136885535-136887672	5
0.377207248806437	0.580972677764074	0.22	0.149	1	chr14-64703821-64707241	5
0.377207248806437	0.592971546408919	0.22	0.149	1	chr16-15590444-15591519	5
0.377951012281696	0.479584807972987	0.366	0.234	1	chr12-76346965-76349194	5
0.378311756125106	0.571038421984945	0.22	0.128	1	chr1-232321978-232323167	5
0.378401782734075	0.370843495642335	0.366	0.255	1	chr11-17275361-17277737	5
0.380160858640099	0.590462227279809	0.268	0.191	1	chr6-17705316-17707651	5
0.380175011224736	0.526029094809373	0.415	0.362	1	chr4-138909082-138913353	5
0.380560266382929	0.399364542647273	0.317	0.213	1	chr1-205811527-205814214	5
0.380560266382929	0.438728997198185	0.317	0.213	1	chr8-123041377-123043046	5
0.380893660374563	0.361000369334095	0.39	0.298	1	chr17-49760876-49764978	5
0.381807343005144	0.46309580536503	0.293	0.213	1	chr3-9248563-9250342	5
0.381807343005144	0.493857303492887	0.293	0.213	1	chr3-48501963-48505207	5
0.381807343005144	0.466525263443676	0.293	0.213	1	chr7-129143820-129145460	5
0.381911496151188	0.392712129448649	0.317	0.234	1	chr2-173963196-173966713	5
0.381911496151188	0.529439094256222	0.317	0.234	1	chr7-135210286-135212811	5
0.382312914144276	0.691473524193533	0.195	0.128	1	chr8-85278594-85279900	5
0.382312914144276	0.789326943268335	0.195	0.128	1	chr10-1419385-1421491	5
0.382312914144276	0.589876480631638	0.195	0.128	1	chr10-133372257-133374151	5
0.382330280216694	0.349745942196211	0.488	0.404	1	chr7-72827150-72830671	5
0.38242507051042	0.316103423113358	0.61	0.468	1	chr1-45685312-45689344	5
0.382721701856853	0.420039801980047	0.293	0.191	1	chr1-27913967-27915251	5
0.382910126787221	0.47103296342869	0.341	0.234	1	chr1-93584121-93586018	5
0.382910126787221	0.494710792299802	0.317	0.255	1	chr17-40330266-40333070	5
0.383020233241103	0.580636742062777	0.244	0.17	1	chr1-107737718-107740203	5
0.383020233241103	0.60235723603096	0.244	0.17	1	chr1-214439151-214441179	5
0.383020233241103	0.488216573667941	0.244	0.17	1	chr5-140346138-140347787	5
0.383020233241103	0.569186357327428	0.244	0.17	1	chr7-2157053-2158401	5
0.383020233241103	0.54940521866898	0.244	0.17	1	chr9-120935056-120937005	5
0.383380774421398	0.457571335642871	0.268	0.17	1	chr12-56332991-56334918	5
0.383963670941684	0.571428500944239	0.22	0.149	1	chr4-54063590-54065212	5
0.383963670941684	0.602337019790628	0.22	0.149	1	chr4-163332217-163333388	5
0.383963670941684	0.593915421284572	0.22	0.149	1	chr10-44864328-44865567	5
0.383963670941684	0.588242312387607	0.22	0.149	1	chr17-78973945-78976135	5
0.383963670941684	0.557655136319929	0.22	0.149	1	chr18-63476292-63477427	5
0.383971230369678	0.361033115662288	0.366	0.255	1	chr8-79767231-79769483	5
0.384632470338156	0.256931665033066	0.659	0.511	1	chr19-49486894-49497804	5
0.384648919335627	0.726002621551528	0.171	0.106	1	chr1-56516381-56517516	5
0.384648919335627	0.708744554696954	0.171	0.106	1	chr1-203320850-203323082	5
0.384648919335627	0.61442788132811	0.171	0.106	1	chr1-204213427-204214862	5
0.384648919335627	0.804086854247499	0.171	0.106	1	chr3-128070688-128073923	5
0.384648919335627	0.743883696156819	0.171	0.106	1	chr10-47552648-47553845	5
0.384648919335627	0.706978027741031	0.171	0.106	1	chr16-50547863-50548986	5
0.384648919335627	0.769382428940438	0.171	0.106	1	chr19-55656658-55657805	5
0.384648919335627	0.685597661347454	0.171	0.106	1	chr20-33662896-33665059	5
0.384648919335627	0.636752691918365	0.171	0.106	1	chr21-44516963-44518542	5
0.38526135983671	0.440865719154518	0.22	0.128	1	chr12-50763034-50765885	5
0.386298395475282	0.374960835952489	0.39	0.298	1	chr19-58473877-58477405	5
0.386379098490673	0.461254268574615	0.268	0.191	1	chr9-122939945-122942296	5
0.386468794197103	0.481897786932015	0.317	0.213	1	chr12-49129518-49132494	5
0.387558080613605	0.359535258556188	0.415	0.319	1	chr6-32175512-32179077	5
0.387743616633338	0.527912068258086	0.317	0.234	1	chr16-19554828-19556712	5
0.387824061883667	0.445749497749481	0.293	0.213	1	chr1-86395246-86397025	5
0.387824061883667	0.506033415986231	0.293	0.213	1	chr4-40628786-40631468	5
0.388758362959764	0.397386772462934	0.244	0.149	1	chr3-51537888-51539891	5
0.388758362959764	0.547428338051685	0.244	0.149	1	chr3-154223693-154229688	5
0.388758362959764	0.569548877879632	0.244	0.149	1	chrX-51892783-51894801	5
0.388851788287101	0.485619301058993	0.293	0.191	1	chr4-65240884-65243060	5
0.388851788287101	0.49680869873768	0.293	0.191	1	chr6-29649553-29650658	5
0.388851788287101	0.366920482507886	0.293	0.191	1	chr8-144325435-144327720	5
0.388851788287101	0.484901863819776	0.268	0.213	1	chr16-21300189-21302507	5
0.389510658887752	0.58132895852513	0.195	0.128	1	chr1-78176079-78177113	5
0.389510658887752	0.637077477181507	0.195	0.128	1	chr3-14419783-14420925	5
0.389510658887752	0.677503324383802	0.195	0.128	1	chr4-86855399-86856395	5
0.389510658887752	0.673529294641874	0.195	0.128	1	chr9-96654256-96655799	5
0.389510658887752	0.640535147391153	0.195	0.128	1	chr14-24270682-24272817	5
0.389510658887752	0.638852109001925	0.195	0.128	1	chr18-24362663-24363478	5
0.389510658887752	0.765589636036834	0.195	0.128	1	chr19-53394529-53396360	5
0.389510658887752	0.663021850630069	0.195	0.128	1	chr19-57190955-57192523	5
0.389510658887752	0.697442204007264	0.195	0.128	1	chr21-45328513-45330844	5
0.389526546735167	0.555106991847994	0.244	0.17	1	chr10-132064420-132067481	5
0.389526546735167	0.518992056486607	0.244	0.17	1	chr13-44758538-44760868	5
0.389590562658434	0.520037632935175	0.341	0.277	1	chr4-152935091-152938807	5
0.389755099893639	0.386655894745978	0.268	0.17	1	chr4-37825331-37829119	5
0.389755099893639	0.422405070123952	0.268	0.17	1	chr10-13160926-13162201	5
0.390230167435843	0.349696767921263	0.439	0.298	1	chr2-175167037-175169011	5
0.390309721929404	0.284141368280166	0.512	0.404	1	chr8-108442751-108444652	5
0.390793649426492	0.5712098758114	0.22	0.149	1	chr1-1692206-1693439	5
0.390793649426492	0.563391503349725	0.22	0.149	1	chr1-86104669-86105918	5
0.390793649426492	0.522865937128342	0.22	0.149	1	chr3-66729253-66730474	5
0.390793649426492	0.504079967869768	0.22	0.149	1	chr4-691368-694932	5
0.390793649426492	0.566627929820537	0.22	0.149	1	chr4-87521343-87522697	5
0.390793649426492	0.567967280736055	0.22	0.149	1	chr16-46918499-46922761	5
0.390793649426492	0.522677576653834	0.22	0.149	1	chr21-29002286-29004147	5
0.390793649426492	0.55334501829257	0.22	0.149	1	chrX-47143992-47146880	5
0.390793649426492	0.505729368849565	0.22	0.149	1	chrX-53081716-53084435	5
0.391749690609749	0.359830961873145	0.39	0.298	1	chr6-13573587-13575625	5
0.391749690609749	0.407311111243186	0.39	0.298	1	chrX-54042400-54046272	5
0.39184909652939	0.363000161983246	0.415	0.34	1	chr22-36327916-36336849	5
0.392138178023179	0.383449665722125	0.341	0.255	1	chr16-56681642-56683460	5
0.392362691038815	0.671447329310702	0.171	0.106	1	chr1-155244091-155245369	5
0.392362691038815	0.695239326680192	0.171	0.106	1	chr1-165284166-165285207	5
0.392362691038815	0.831430351784484	0.171	0.106	1	chr4-2467883-2470380	5
0.392362691038815	0.721133485413065	0.171	0.106	1	chr4-2907450-2908844	5
0.392362691038815	0.688197692967801	0.171	0.106	1	chr4-59629256-59631450	5
0.392362691038815	0.617397324054346	0.171	0.106	1	chr4-155666377-155669039	5
0.392362691038815	0.645333103772843	0.171	0.106	1	chr5-68417300-68420656	5
0.392362691038815	0.654974735200597	0.171	0.106	1	chr6-38974332-38976391	5
0.392362691038815	0.711644090602606	0.171	0.106	1	chr6-57221106-57223006	5
0.392362691038815	0.689131857447112	0.171	0.106	1	chr9-76255716-76257748	5
0.392362691038815	0.706293205346503	0.171	0.106	1	chr9-99905730-99907755	5
0.392362691038815	0.665692164828511	0.171	0.106	1	chr9-130287395-130289197	5
0.392362691038815	0.671675385506285	0.171	0.106	1	chr11-128496113-128498038	5
0.392362691038815	0.667632475972884	0.171	0.106	1	chr12-116733885-116735353	5
0.392362691038815	0.538767063329665	0.171	0.106	1	chr13-113194959-113197991	5
0.392362691038815	0.674048353032452	0.171	0.106	1	chr15-40955626-40958849	5
0.392362691038815	0.596564272477836	0.171	0.106	1	chr15-90314987-90316843	5
0.392362691038815	0.553701254059318	0.171	0.106	1	chr16-85010114-85012325	5
0.392362691038815	0.775803113982399	0.171	0.106	1	chr17-1188448-1189692	5
0.392362691038815	0.697572172939657	0.171	0.106	1	chr17-18780729-18781697	5
0.392362691038815	0.713463047785104	0.171	0.106	1	chr17-81308943-81309886	5
0.392429960458392	0.351309095190747	0.512	0.383	1	chr1-244046971-244049868	5
0.392432976130026	0.453539189810025	0.317	0.213	1	chr6-3453340-3458469	5
0.392432976130026	0.467798109873458	0.317	0.213	1	chr10-5944122-5945294	5
0.392433867344579	0.387818657941605	0.39	0.255	1	chr4-127781278-127783788	5
0.39265903101651	0.469495358833899	0.268	0.191	1	chr1-151326449-151328636	5
0.392913422144652	0.342499778487813	0.415	0.319	1	chr17-78171277-78177740	5
0.393232141728838	0.297345479410376	0.537	0.426	1	chr12-50109911-50113571	5
0.393629698275086	0.436843172245518	0.317	0.234	1	chr11-111734683-111736530	5
0.394479661448796	0.397159672784746	0.341	0.234	1	chr13-75537134-75538710	5
0.395041273934786	0.459709272992636	0.293	0.191	1	chr5-7876844-7880443	5
0.395041273934786	0.509128443676374	0.293	0.191	1	chr6-32981879-32985601	5
0.395041273934786	0.450227264642426	0.293	0.191	1	chr7-1458370-1461226	5
0.395240894230459	0.384776845761074	0.366	0.277	1	chr6-43170286-43172982	5
0.395240894230459	0.544003672348133	0.366	0.277	1	chr8-98943333-98946437	5
0.395487432020443	0.336936963240936	0.488	0.34	1	chr3-107522288-107526475	5
0.395607827925214	0.345836972064657	0.39	0.34	1	chr1-154404465-154409423	5
0.396099646810905	0.625313329150587	0.244	0.17	1	chr5-139647606-139649884	5
0.396099646810905	0.480299536156176	0.244	0.17	1	chr7-98877633-98880487	5
0.396193462090688	0.461202591994427	0.268	0.17	1	chr2-238059915-238062162	5
0.396193462090688	0.5286244887496	0.244	0.191	1	chr6-40648615-40649591	5
0.396790233700237	0.641147876695993	0.195	0.128	1	chr2-96713822-96716562	5
0.396790233700237	0.71450058379897	0.195	0.128	1	chr5-180595255-180597429	5
0.396790233700237	0.557470455526715	0.195	0.128	1	chr9-32571971-32573721	5
0.396790233700237	0.63593962512311	0.195	0.128	1	chr12-132559332-132562857	5
0.396790233700237	0.677226179928398	0.195	0.128	1	chr14-22432051-22433371	5
0.396790233700237	0.691852063056704	0.195	0.128	1	chr17-66507641-66509838	5
0.396790233700237	0.57515286394767	0.195	0.128	1	chr19-40777102-40779102	5
0.397247407900121	0.426670579579611	0.39	0.298	1	chr12-31322904-31326819	5
0.397696917136151	0.574673243114405	0.22	0.149	1	chr1-76686829-76688179	5
0.397696917136151	0.678761390654006	0.22	0.149	1	chr1-147540270-147543606	5
0.397696917136151	0.579220972909644	0.22	0.149	1	chr3-40096247-40097623	5
0.397696917136151	0.562241101836756	0.22	0.149	1	chr8-47659001-47660936	5
0.397696917136151	0.48324639165728	0.22	0.149	1	chr17-75269833-75273383	5
0.397696917136151	0.614883001133885	0.22	0.149	1	chr20-50165594-50166705	5
0.398153892290978	0.276095017069988	0.512	0.426	1	chr17-8185326-8190803	5
0.39900044448662	0.48667141441713	0.268	0.191	1	chr1-108691203-108693827	5
0.39900044448662	0.552196260884012	0.268	0.191	1	chr7-151917528-151919255	5
0.39900044448662	0.544479165038776	0.268	0.191	1	chr12-31958567-31960748	5
0.39900044448662	0.695427713737333	0.268	0.191	1	chr12-103954353-103958026	5
0.39900044448662	0.462232057314967	0.268	0.191	1	chr19-56090982-56092539	5
0.399569564933633	0.387298564819306	0.317	0.234	1	chr7-23596882-23598994	5
0.40002959841049	0.543914823170068	0.293	0.213	1	chr10-120850576-120852195	5
0.400169533831638	0.636562484271037	0.171	0.106	1	chr1-180614564-180616543	5
0.400169533831638	0.71288021364532	0.171	0.106	1	chr2-127196845-127198325	5
0.400169533831638	0.692456144436921	0.171	0.106	1	chr2-137675248-137676565	5
0.400169533831638	0.567316750264591	0.171	0.106	1	chr3-144104317-144106400	5
0.400169533831638	0.569414011269302	0.171	0.106	1	chr5-42013263-42015246	5
0.400169533831638	0.65800815104915	0.171	0.106	1	chr5-54646410-54647729	5
0.400169533831638	0.61273452033703	0.171	0.106	1	chr5-173139349-173140451	5
0.400169533831638	0.708226904863059	0.171	0.106	1	chr6-39933688-39934899	5
0.400169533831638	0.524311827746148	0.171	0.106	1	chr9-97038726-97039971	5
0.400169533831638	0.62419238144454	0.171	0.106	1	chr11-75767837-75769707	5
0.400169533831638	0.663320569345279	0.171	0.106	1	chr11-102156997-102159363	5
0.400169533831638	0.658830670767564	0.171	0.106	1	chr16-85490931-85493012	5
0.400169533831638	0.635665571286931	0.171	0.106	1	chr16-85752647-85754922	5
0.400169533831638	0.609766515432847	0.171	0.106	1	chrX-53280586-53282643	5
0.400342891081897	0.416212629750021	0.341	0.234	1	chr9-89317365-89320002	5
0.400342891081897	0.355412942612267	0.341	0.234	1	chr16-30525886-30528302	5
0.400563426923571	0.385933390123077	0.39	0.277	1	chr5-68214551-68217389	5
0.40067935459352	0.403657672218872	0.634	0.489	1	chr17-28742750-28751084	5
0.400891234206856	0.466549049490265	0.366	0.277	1	chr3-14651005-14652828	5
0.401289951759729	0.411300413111789	0.293	0.191	1	chr2-202634027-202636770	5
0.401289951759729	0.416500971612316	0.293	0.191	1	chr9-136481674-136485976	5
0.402194919904197	0.291135732710368	0.488	0.383	1	chr9-136847234-136852699	5
0.402689750136769	0.263232270373562	0.463	0.426	1	chr7-50745691-50794203	5
0.402739283680566	0.606257175472533	0.244	0.17	1	chr2-217987716-217989128	5
0.402739283680566	0.53926563871425	0.244	0.17	1	chr19-50024520-50026495	5
0.403366196507385	0.374373741898376	0.463	0.362	1	chr3-100399629-100402885	5
0.403366196507385	0.334412663146915	0.463	0.362	1	chr5-34928870-34931246	5
0.404151298332435	0.594639025966254	0.195	0.128	1	chr3-37348627-37350534	5
0.404151298332435	0.639387819759553	0.195	0.128	1	chr3-189943801-189945247	5
0.404151298332435	0.742661972168461	0.195	0.128	1	chr5-71714295-71715699	5
0.404151298332435	0.653102052187306	0.195	0.128	1	chr5-172983010-172985090	5
0.404151298332435	0.606584099076143	0.195	0.128	1	chr10-71859939-71861360	5
0.404151298332435	0.603713185247915	0.195	0.128	1	chr10-110358935-110359968	5
0.404151298332435	0.628771898240975	0.195	0.128	1	chr14-55411226-55414181	5
0.404151298332435	0.525484858139402	0.195	0.128	1	chr16-89994018-89995528	5
0.404151298332435	0.574734591836117	0.195	0.128	1	chr17-37405957-37407942	5
0.404151298332435	0.581375265467434	0.195	0.128	1	chr19-19202420-19203980	5
0.404673181285995	0.459316948418352	0.22	0.149	1	chr1-15833010-15836670	5
0.404673181285995	0.51333434685943	0.22	0.149	1	chr2-159285654-159287571	5
0.404673181285995	0.546998481365739	0.22	0.149	1	chr7-55515358-55516880	5
0.404673181285995	0.55268436207475	0.22	0.149	1	chr7-149284324-149288127	5
0.404673181285995	0.558813200631472	0.22	0.149	1	chr10-94544472-94547090	5
0.404673181285995	0.603461858500688	0.22	0.149	1	chr11-46699902-46701626	5
0.404673181285995	0.542306912994521	0.22	0.149	1	chr16-65070495-65071436	5
0.405403109047337	0.492963350402544	0.268	0.191	1	chr1-28369202-28371261	5
0.405403109047337	0.470665201866303	0.268	0.191	1	chr1-43269601-43272028	5
0.405403109047337	0.478273449581297	0.268	0.191	1	chr4-761892-767322	5
0.405403109047337	0.462261216574567	0.268	0.191	1	chr6-137217838-137220170	5
0.405403109047337	0.453489331629754	0.268	0.191	1	chr9-128817897-128820510	5
0.405403109047337	0.486484241166592	0.268	0.191	1	chr10-119871451-119873787	5
0.405403109047337	0.468787889518843	0.268	0.191	1	chr11-2990264-2993330	5
0.405403109047337	0.453603021457284	0.268	0.191	1	chr12-105234389-105236685	5
0.405403109047337	0.480549980484434	0.268	0.191	1	chr19-36796929-36798045	5
0.40621801258275	0.377875458783361	0.293	0.213	1	chr10-12068290-12069952	5
0.40621801258275	0.460555793924541	0.293	0.213	1	chr11-3421754-3424879	5
0.406258188061538	0.362734088237742	0.341	0.234	1	chr2-54722728-54725101	5
0.406258188061538	0.423676438813906	0.341	0.234	1	chr2-144331238-144333333	5
0.406258188061538	0.342501500441842	0.341	0.234	1	chr14-39102195-39104060	5
0.406258188061538	0.451615823175757	0.317	0.255	1	chr1-43945564-43948187	5
0.406496604566073	0.423879355871786	0.39	0.34	1	chr7-30025727-30030306	5
0.40658981675204	0.42134906888292	0.366	0.277	1	chr22-21000290-21003339	5
0.406796014750427	0.329455137618241	0.463	0.383	1	chr1-77975584-77980472	5
0.407597597845861	0.512685277139643	0.293	0.191	1	chr1-160260683-160263404	5
0.407597597845861	0.436366640331669	0.293	0.191	1	chr6-41920478-41922629	5
0.407597597845861	0.440748649075641	0.293	0.191	1	chr17-63739804-63743108	5
0.408069017379932	0.60818336748989	0.171	0.106	1	chr1-39394244-39396124	5
0.408069017379932	0.566907500394881	0.171	0.106	1	chr1-44631239-44633152	5
0.408069017379932	0.690626884706952	0.171	0.106	1	chr1-58773123-58774013	5
0.408069017379932	0.659344424322434	0.171	0.106	1	chr1-66331467-66332901	5
0.408069017379932	0.681128035287875	0.171	0.106	1	chr1-228427370-228430787	5
0.408069017379932	0.575071554224009	0.171	0.106	1	chr1-234309196-234310573	5
0.408069017379932	0.75744123795453	0.171	0.106	1	chr4-7124726-7126245	5
0.408069017379932	0.57702205102578	0.171	0.106	1	chr4-40842075-40843744	5
0.408069017379932	0.492922383537004	0.171	0.106	1	chr10-33422557-33424101	5
0.408069017379932	0.651963166478588	0.171	0.106	1	chr12-32115428-32116352	5
0.408069017379932	0.639498527703326	0.171	0.106	1	chr15-74928540-74929409	5
0.408069017379932	0.586729569783941	0.171	0.106	1	chr16-66750452-66752193	5
0.408069017379932	0.647038571121697	0.171	0.106	1	chr17-731664-734089	5
0.408069017379932	0.625171306810187	0.171	0.106	1	chr17-50903656-50905827	5
0.408069017379932	0.638708114645117	0.171	0.106	1	chr18-5628410-5631215	5
0.408069017379932	0.658111442888017	0.171	0.106	1	chr18-14131930-14132901	5
0.408069017379932	0.605894836268392	0.171	0.106	1	chr19-9818135-9820206	5
0.408069017379932	0.687170676533088	0.171	0.106	1	chr21-46188152-46190084	5
0.408670551415765	0.42753239681357	0.463	0.362	1	chr8-144461349-144468291	5
0.409113791920465	0.427962787592466	0.244	0.149	1	chr16-70438431-70439774	5
0.409246492563957	0.342292962164287	0.415	0.319	1	chr1-179953646-179956020	5
0.409445186189215	0.529760869024859	0.244	0.17	1	chr3-75671714-75673443	5
0.409445186189215	0.541203985303572	0.244	0.17	1	chr19-45691620-45693736	5
0.409582729564426	0.335203192902103	0.341	0.255	1	chr1-224356339-224358460	5
0.410313148497876	0.323655157432977	0.415	0.298	1	chr12-98592604-98596078	5
0.411593480442375	0.604229328121794	0.195	0.128	1	chr2-36820289-36822262	5
0.411593480442375	0.663355474930741	0.195	0.128	1	chr2-241354620-241358059	5
0.411593480442375	0.56039890254671	0.195	0.128	1	chr3-59319720-59320998	5
0.411593480442375	0.538848392669015	0.195	0.128	1	chr11-61688005-61689554	5
0.411593480442375	0.512028634231927	0.195	0.128	1	chr19-34994535-34995594	5
0.411593480442375	0.635020940846247	0.195	0.128	1	chr22-37776815-37777870	5
0.411593480442375	0.608656111465479	0.195	0.128	1	chrX-72713423-72715141	5
0.41160987919062	0.420444180134078	0.317	0.234	1	chr1-154219403-154222209	5
0.411722123294653	0.487526455643663	0.22	0.149	1	chr1-245156144-245157203	5
0.411722123294653	0.422636447970659	0.22	0.149	1	chr5-140362903-140363817	5
0.411722123294653	0.498388664356401	0.22	0.149	1	chr6-40395069-40397499	5
0.411722123294653	0.590420263560948	0.22	0.149	1	chr9-129412773-129414901	5
0.411866776636092	0.444946058677367	0.268	0.191	1	chr16-1677705-1680906	5
0.411866776636092	0.454482196161347	0.268	0.191	1	chr19-10898595-10899985	5
0.411873720090609	0.387627023417532	0.39	0.277	1	chr3-88148667-88150810	5
0.412007418177001	0.368837273131174	0.39	0.34	1	chr1-117058456-117061323	5
0.41208819970492	0.301798758816717	0.488	0.362	1	chr6-154508300-154512306	5
0.41208819970492	0.308268646970479	0.463	0.383	1	chr17-63837804-63844235	5
0.412225355270357	0.399301754489346	0.317	0.255	1	chr5-97181865-97184739	5
0.41233646509718	0.33758249841104	0.366	0.277	1	chr1-10209615-10212452	5
0.41233646509718	0.387173763408794	0.366	0.277	1	chr9-136693437-136696603	5
0.41246322873143	0.532883137618322	0.293	0.213	1	chr6-125985348-125987602	5
0.412563602400378	0.369224734516543	0.366	0.255	1	chr6-125197011-125199085	5
0.412675300171315	0.298733077218533	0.488	0.383	1	chr8-102862428-102865844	5
0.413108662671802	0.274855130620989	0.512	0.383	1	chr2-231705990-231712763	5
0.413963971325426	0.481283701098006	0.293	0.191	1	chr2-165792985-165795413	5
0.413963971325426	0.335822523840031	0.293	0.191	1	chr12-10720990-10724515	5
0.413963971325426	0.429895168543009	0.293	0.191	1	chr17-38728659-38734519	5
0.413963971325426	0.484160775624759	0.293	0.191	1	chr17-40316549-40318899	5
0.413963971325426	0.465713649415991	0.293	0.191	1	chr20-63519938-63521931	5
0.413963971325426	0.482071146386996	0.268	0.213	1	chr12-6228323-6233783	5
0.414779360390807	0.352078159622424	0.415	0.319	1	chr2-20446624-20451574	5
0.415498609645868	0.347760981522013	0.341	0.255	1	chr3-87225714-87228700	5
0.415907959186607	0.439261387843963	0.366	0.34	1	chr12-67267947-67270796	5
0.416060669601717	0.619932297461798	0.171	0.106	1	chr1-150649347-150650828	5
0.416060669601717	0.626652460474363	0.171	0.106	1	chr1-233843417-233844371	5
0.416060669601717	0.658556561773672	0.171	0.106	1	chr2-84904671-84906463	5
0.416060669601717	0.630125307767498	0.171	0.106	1	chr2-127083024-127085679	5
0.416060669601717	0.696461249761259	0.171	0.106	1	chr3-4985282-4987516	5
0.416060669601717	0.570982601985778	0.171	0.106	1	chr3-75502374-75504003	5
0.416060669601717	0.618958950106952	0.171	0.106	1	chr6-108752116-108753483	5
0.416060669601717	0.662878317653338	0.171	0.106	1	chr6-170178204-170179685	5
0.416060669601717	0.798481386952235	0.171	0.106	1	chr9-82681530-82682837	5
0.416060669601717	0.598105121672295	0.171	0.106	1	chr9-136398981-136400782	5
0.416060669601717	0.725851599863185	0.171	0.106	1	chr10-43137299-43139428	5
0.416060669601717	0.652943899748804	0.171	0.106	1	chr10-45594064-45595538	5
0.416060669601717	0.574350796202551	0.171	0.106	1	chr10-100285387-100287185	5
0.416060669601717	0.64129772275638	0.171	0.106	1	chr12-47995677-47997969	5
0.416060669601717	0.57959144004811	0.171	0.106	1	chr13-49399527-49402501	5
0.416060669601717	0.61180524137412	0.171	0.106	1	chr19-37718936-37720263	5
0.416060669601717	0.586645304148679	0.171	0.106	1	chr22-44023526-44025274	5
0.416060669601717	0.720116198095673	0.171	0.106	1	chrX-123731339-123733408	5
0.416217061715128	0.491053323249315	0.244	0.17	1	chr1-175470621-175471899	5
0.416842398188381	0.366568496881116	0.317	0.213	1	chr1-207962692-207964793	5
0.416842398188381	0.47008585850629	0.293	0.234	1	chr14-93205933-93208364	5
0.416842398188381	0.414774902058947	0.293	0.234	1	chr19-50510580-50511954	5
0.417599194390329	0.333693753303788	0.39	0.277	1	chr11-22624546-22626528	5
0.417599194390329	0.356830709055523	0.366	0.298	1	chr1-202810184-202812961	5
0.418244182348096	0.34384727084605	0.341	0.234	1	chr1-10722775-10728177	5
0.418391180903864	0.466802538145653	0.268	0.191	1	chr1-225809544-225814050	5
0.418429902295702	0.328820405605496	0.366	0.255	1	chr14-22588770-22590298	5
0.418429902295702	0.385430631041696	0.341	0.277	1	chr1-112953719-112957168	5
0.418765005550944	0.40752803772544	0.293	0.213	1	chr1-234107108-234108340	5
0.418765005550944	0.463088442700697	0.293	0.213	1	chr6-144215347-144217673	5
0.418765005550944	0.463238473443481	0.293	0.213	1	chr7-75878309-75880517	5
0.418765005550944	0.469335671484677	0.293	0.213	1	chr7-100080496-100083073	5
0.418765005550944	0.421572563095419	0.293	0.213	1	chr10-87091647-87096038	5
0.418843398661896	0.512680361501954	0.22	0.149	1	chr1-64474284-64475417	5
0.418843398661896	0.530401608739843	0.22	0.149	1	chr5-154700538-154702273	5
0.418843398661896	0.434980075378664	0.22	0.149	1	chr6-26025257-26027889	5
0.418843398661896	0.56793036113869	0.22	0.149	1	chr6-36195734-36197900	5
0.418843398661896	0.513492902209513	0.22	0.149	1	chr6-107113866-107116147	5
0.418843398661896	0.511485423619625	0.22	0.149	1	chr7-29684262-29686134	5
0.418843398661896	0.477180694959942	0.22	0.149	1	chr9-133133351-133134570	5
0.418843398661896	0.47765020398831	0.22	0.149	1	chr10-987428-989589	5
0.418843398661896	0.434782411397576	0.22	0.149	1	chr11-93541698-93543951	5
0.418843398661896	0.526140554419579	0.22	0.149	1	chr15-62059261-62061256	5
0.418843398661896	0.56331711030392	0.22	0.149	1	chr16-70453782-70455763	5
0.418843398661896	0.52073625739039	0.22	0.149	1	chr22-23278498-23279945	5
0.418996269489973	0.279672212685776	0.439	0.319	1	chr4-2961550-2964673	5
0.418996269489973	0.287265060837666	0.415	0.34	1	chr6-43769188-43775365	5
0.419116375432815	0.570596196863612	0.195	0.128	1	chr1-1012807-1015459	5
0.419116375432815	0.645984271208185	0.195	0.128	1	chr9-131529523-131531793	5
0.419116375432815	0.526213240249432	0.195	0.128	1	chr15-41620494-41622395	5
0.419116375432815	0.5486372005467	0.195	0.128	1	chr17-12730418-12731803	5
0.419116375432815	0.530592416628193	0.195	0.128	1	chrX-322596-326568	5
0.420388814310995	0.350594045543739	0.293	0.191	1	chr15-45036601-45037869	5
0.420388814310995	0.542472595407041	0.268	0.213	1	chr5-172688184-172690120	5
0.421464666473098	0.362757552583426	0.341	0.255	1	chr20-31722092-31724499	5
0.422979345561054	0.408743840117116	0.415	0.362	1	chr1-113072010-113074044	5
0.423029702000643	0.429343595921428	0.244	0.149	1	chr2-110773176-110774416	5
0.423054596081334	0.512987989451587	0.244	0.17	1	chr1-224142482-224143704	5
0.423054596081334	0.476552462278031	0.244	0.17	1	chr1-245997386-245998596	5
0.423054596081334	0.482884356473972	0.244	0.17	1	chr4-168479848-168481593	5
0.423054596081334	0.451159460905883	0.244	0.17	1	chr5-91162197-91163575	5
0.423371301504312	0.341673035580424	0.366	0.298	1	chr16-31128423-31132333	5
0.423685587719536	0.329058136926012	0.463	0.426	1	chr1-207863168-207869848	5
0.423862871290679	0.384400918336752	0.317	0.234	1	chr1-227563056-227564620	5
0.424143976456016	0.624968640927284	0.171	0.106	1	chr1-200090261-200092017	5
0.424143976456016	0.554238503610409	0.171	0.106	1	chr1-225719952-225721358	5
0.424143976456016	0.638946456890213	0.171	0.106	1	chr2-119677698-119680185	5
0.424143976456016	0.61520561610432	0.171	0.106	1	chr3-134308064-134309022	5
0.424143976456016	0.630076730055559	0.171	0.106	1	chr3-159786822-159788346	5
0.424143976456016	0.609512740248151	0.171	0.106	1	chr4-25896664-25898011	5
0.424143976456016	0.472456470723691	0.171	0.106	1	chr4-48328311-48329857	5
0.424143976456016	0.558060872740741	0.171	0.106	1	chr7-76108056-76109721	5
0.424143976456016	0.525064172077283	0.171	0.106	1	chr9-97356892-97359967	5
0.424143976456016	0.606934460490338	0.171	0.106	1	chr10-127906482-127907512	5
0.424143976456016	0.610687763376122	0.171	0.106	1	chr12-93019455-93021047	5
0.424143976456016	0.635584185938951	0.171	0.106	1	chr16-70522940-70525369	5
0.424143976456016	0.594464729667206	0.171	0.106	1	chr20-25861141-25864045	5
0.424143976456016	0.565817677563356	0.171	0.106	1	chr20-59031330-59033189	5
0.424143976456016	0.575826414312181	0.171	0.106	1	chrX-118205422-118208824	5
0.424314445646266	0.352242634807472	0.341	0.234	1	chr3-111737179-111740270	5
0.424976037146426	0.369986853721459	0.268	0.191	1	chr3-128319550-128324278	5
0.424976037146426	0.459870613866074	0.268	0.191	1	chr5-132226849-132228464	5
0.424976037146426	0.398476309472203	0.268	0.191	1	chr7-54757731-54760484	5
0.424976037146426	0.445845080979747	0.268	0.191	1	chr12-108559657-108564123	5
0.424976037146426	0.342644532564545	0.268	0.191	1	chr14-39169228-39171310	5
0.424976037146426	0.458728921781264	0.268	0.191	1	chr16-48622892-48624107	5
0.42512308579936	0.527432742258721	0.293	0.213	1	chr1-156725480-156727149	5
0.42512308579936	0.440478895466445	0.293	0.213	1	chr1-182588038-182589801	5
0.42512308579936	0.44992851585824	0.293	0.213	1	chr17-79991285-79994381	5
0.42603663686133	0.417822034570422	0.22	0.149	1	chr1-156599647-156602253	5
0.42603663686133	0.556172150669657	0.22	0.149	1	chr1-226701743-226705079	5
0.42603663686133	0.531712580128378	0.22	0.149	1	chr3-138113274-138116344	5
0.42603663686133	0.489275458762619	0.22	0.149	1	chr4-56906984-56910905	5
0.42603663686133	0.591136740096434	0.22	0.149	1	chr4-108167309-108169640	5
0.42603663686133	0.459715817723246	0.22	0.149	1	chr11-87173022-87174345	5
0.42603663686133	0.562429279584239	0.22	0.149	1	chr11-94972965-94974162	5
0.42603663686133	0.537981977215429	0.22	0.149	1	chr15-33067882-33069447	5
0.42603663686133	0.477455153781207	0.22	0.149	1	chr17-20008739-20011178	5
0.42603663686133	0.542919307970642	0.22	0.149	1	chr22-11065362-11067724	5
0.426719546309235	0.54847231523047	0.195	0.128	1	chr1-36155325-36157516	5
0.426719546309235	0.453242053322504	0.195	0.128	1	chr4-76949182-76951483	5
0.426719546309235	0.485599573861463	0.195	0.128	1	chr5-68395701-68397329	5
0.426719546309235	0.611058207757459	0.195	0.128	1	chr6-118650353-118652324	5
0.426719546309235	0.640026508330687	0.195	0.128	1	chr9-114980750-114982050	5
0.426719546309235	0.536518247984179	0.195	0.128	1	chr9-129114531-129115625	5
0.426719546309235	0.541030144616083	0.195	0.128	1	chr11-67301853-67304574	5
0.426719546309235	0.506892294790045	0.195	0.128	1	chr16-694942-696404	5
0.426719546309235	0.492784654630173	0.195	0.128	1	chr19-7628632-7630222	5
0.426719546309235	0.598713597129569	0.195	0.128	1	chr20-43656724-43658957	5
0.426871851835418	0.429892496437048	0.268	0.213	1	chr13-102845120-102847975	5
0.429336907432301	0.437023370102292	0.244	0.191	1	chr8-144412626-144414118	5
0.429375617617141	0.355579865317228	0.317	0.213	1	chr7-20329186-20331370	5
0.429375617617141	0.46355131736723	0.317	0.213	1	chr14-75293497-75294765	5
0.429375617617141	0.370967928988761	0.293	0.234	1	chr1-61741478-61744215	5
0.429862866341771	0.350552843080624	0.366	0.277	1	chr9-70257500-70259864	5
0.429957453478504	0.497076355215778	0.244	0.17	1	chr5-40410827-40411959	5
0.429957453478504	0.460629309141327	0.244	0.17	1	chr6-169789397-169791313	5
0.429957453478504	0.494622257585535	0.244	0.17	1	chr10-55409628-55411087	5
0.429957453478504	0.497360076812566	0.244	0.17	1	chr16-30948099-30950794	5
0.430435908188311	0.38644694039713	0.341	0.234	1	chr9-125240446-125242356	5
0.430435908188311	0.385182527693536	0.341	0.234	1	chr21-33324161-33326052	5
0.430435908188311	0.419264899001203	0.317	0.255	1	chr3-125913600-125917514	5
0.430507344635957	0.310695661334307	0.366	0.234	1	chr1-220044791-220047300	5
0.431199551001048	0.329409525128609	0.39	0.298	1	chr18-59357828-59360690	5
0.431308305915111	0.305347736771362	0.439	0.34	1	chr13-19957897-19960785	5
0.431621042244544	0.407243339342358	0.268	0.191	1	chr3-25782343-25784428	5
0.432318381762409	0.559698503591385	0.171	0.106	1	chr1-31548613-31550095	5
0.432318381762409	0.566324202416115	0.171	0.106	1	chr1-150293080-150294840	5
0.432318381762409	0.630988565827595	0.171	0.106	1	chr1-201592955-201594981	5
0.432318381762409	0.558954336496826	0.171	0.106	1	chr2-11746103-11747742	5
0.432318381762409	0.590735150726808	0.171	0.106	1	chr2-97589392-97591187	5
0.432318381762409	0.513911135661646	0.171	0.106	1	chr5-757737-760019	5
0.432318381762409	0.593090510550717	0.171	0.106	1	chr5-133025252-133027006	5
0.432318381762409	0.514810229087902	0.171	0.106	1	chr5-139658627-139660794	5
0.432318381762409	0.635699244602851	0.171	0.106	1	chr6-6820433-6821465	5
0.432318381762409	0.628330643895568	0.171	0.106	1	chr6-148578066-148578827	5
0.432318381762409	0.553302524757944	0.171	0.106	1	chr8-105770133-105771437	5
0.432318381762409	0.530525278497452	0.171	0.106	1	chr9-31848221-31849382	5
0.432318381762409	0.567745238892637	0.171	0.106	1	chr10-69425583-69427556	5
0.432318381762409	0.614917441865223	0.171	0.106	1	chr10-84424453-84425391	5
0.432318381762409	0.567444879173833	0.171	0.106	1	chr10-125719014-125720726	5
0.432318381762409	0.469743283126157	0.171	0.106	1	chr10-129466216-129468291	5
0.432318381762409	0.566408355366776	0.171	0.106	1	chr11-17238136-17239646	5
0.432318381762409	0.532770482608813	0.171	0.106	1	chr11-61949156-61950311	5
0.432318381762409	0.57589516812217	0.171	0.106	1	chr11-77066251-77067600	5
0.432318381762409	0.594082602628105	0.171	0.106	1	chr12-39891138-39892672	5
0.432318381762409	0.602554369683227	0.171	0.106	1	chr16-21511499-21516523	5
0.432318381762409	0.594473654259129	0.171	0.106	1	chr19-57613742-57614807	5
0.432318381762409	0.490266934477718	0.171	0.106	1	chr20-738722-740919	5
0.432318381762409	0.529491154008948	0.171	0.106	1	chr22-46335070-46337188	5
0.432318381762409	0.59334260457621	0.171	0.106	1	chrX-134372695-134374632	5
0.433301441248183	0.510076668314597	0.22	0.149	1	chr5-74765914-74768344	5
0.433301441248183	0.487560738835452	0.22	0.149	1	chr6-27751961-27754526	5
0.433301441248183	0.531053207405235	0.22	0.149	1	chr6-35359721-35361187	5
0.433301441248183	0.500451012375301	0.22	0.149	1	chr15-96325500-96327857	5
0.433301441248183	0.569872641018872	0.22	0.149	1	chr19-8480401-8481495	5
0.433412791799815	0.487513273461623	0.268	0.213	1	chr3-50225786-50228699	5
0.433546410824303	0.395939258988262	0.341	0.255	1	chr1-156470431-156472797	5
0.433546410824303	0.366929698782425	0.341	0.255	1	chr5-126422773-126424310	5
0.433546410824303	0.456478697438478	0.341	0.255	1	chr10-103395287-103397868	5
0.433661486901028	0.305244178039359	0.463	0.383	1	chr1-165629784-165632546	5
0.43440252355877	0.536562367169505	0.195	0.128	1	chr1-6058338-6059499	5
0.43440252355877	0.506508446857526	0.195	0.128	1	chr1-154960512-154963050	5
0.43440252355877	0.460366190584695	0.195	0.128	1	chr3-49856022-49857287	5
0.43440252355877	0.529831818321766	0.195	0.128	1	chr5-17305066-17306884	5
0.43440252355877	0.661841608590676	0.195	0.128	1	chr5-178625643-178627622	5
0.43440252355877	0.537238603068327	0.195	0.128	1	chr14-91534505-91535872	5
0.435723472837413	0.380799903639508	0.317	0.213	1	chr8-96493111-96495971	5
0.435799782087945	0.349088069873346	0.366	0.277	1	chr1-204409135-204412726	5
0.436153863123881	0.364875640091506	0.268	0.17	1	chr9-12774684-12776933	5
0.436326628187737	0.42191061906263	0.317	0.234	1	chr8-100308659-100311387	5
0.436925276399328	0.491779094155374	0.244	0.17	1	chr2-27408247-27410550	5
0.436925276399328	0.46488417984789	0.244	0.17	1	chr2-63587620-63589954	5
0.436925276399328	0.417690489158326	0.244	0.17	1	chr2-240585754-240587872	5
0.436925276399328	0.508878594897694	0.244	0.17	1	chr7-44760610-44762639	5
0.43721892659108	0.505527688621318	0.22	0.17	1	chr16-70800332-70801718	5
0.438007047643489	0.452941354606446	0.293	0.213	1	chr2-99140485-99142493	5
0.438007047643489	0.513356992736822	0.293	0.213	1	chr6-24665136-24668028	5
0.438007047643489	0.418704133473736	0.293	0.213	1	chr8-47260210-47261930	5
0.438007047643489	0.362620148917227	0.293	0.213	1	chr14-75002145-75003892	5
0.438007047643489	0.459630232812272	0.293	0.213	1	chr16-19523538-19525235	5
0.438007047643489	0.443362272132843	0.293	0.213	1	chr20-62121162-62123871	5
0.438325874613216	0.498186725064643	0.268	0.191	1	chr1-3794845-3797523	5
0.438325874613216	0.303440715617007	0.268	0.191	1	chr2-130180377-130183814	5
0.438325874613216	0.424097438655995	0.268	0.191	1	chr6-31399211-31401807	5
0.438325874613216	0.491054663881198	0.268	0.191	1	chr10-14570951-14572753	5
0.439661616922619	0.435169018590734	0.341	0.255	1	chr3-120741835-120744023	5
0.439661616922619	0.359145525401982	0.341	0.255	1	chr7-27344477-27348170	5
0.439844513269983	0.289435450099791	0.512	0.383	1	chr19-6372168-6374182	5
0.440011324929715	0.418240346252895	0.293	0.191	1	chr3-23112432-23116496	5
0.440011324929715	0.402245729757728	0.268	0.213	1	chr5-56057866-56059211	5
0.440011324929715	0.538496639833598	0.268	0.213	1	chr8-93739327-93741633	5
0.440011324929715	0.495311066133414	0.268	0.213	1	chr17-65055304-65057395	5
0.440583287051838	0.590772483485321	0.171	0.106	1	chr1-11934120-11935391	5
0.440583287051838	0.51909449066331	0.171	0.106	1	chr1-38941044-38942370	5
0.440583287051838	0.515658359656408	0.171	0.106	1	chr1-44819024-44820777	5
0.440583287051838	0.542974357080345	0.171	0.106	1	chr2-20438059-20439542	5
0.440583287051838	0.405962492632776	0.171	0.106	1	chr2-61763501-61765012	5
0.440583287051838	0.567683258480988	0.171	0.106	1	chr3-179260845-179261943	5
0.440583287051838	0.46884160509514	0.171	0.106	1	chr4-15145332-15146468	5
0.440583287051838	0.587743806230506	0.171	0.106	1	chr4-82676827-82678242	5
0.440583287051838	0.571730277977313	0.171	0.106	1	chr5-170820886-170822404	5
0.440583287051838	0.572865066418273	0.171	0.106	1	chr6-2931948-2932835	5
0.440583287051838	0.426594785634498	0.171	0.106	1	chr6-126339567-126341092	5
0.440583287051838	0.536215423748155	0.171	0.106	1	chr13-49307922-49309479	5
0.440583287051838	0.509505895918211	0.171	0.106	1	chr15-74816701-74817977	5
0.440583287051838	0.538794374219213	0.171	0.106	1	chr17-64496002-64499196	5
0.440637388982382	0.427429327890271	0.22	0.149	1	chr1-224203207-224206280	5
0.440637388982382	0.555379456381985	0.22	0.149	1	chr3-32179909-32181159	5
0.440637388982382	0.543362185928923	0.22	0.149	1	chr5-119036078-119038502	5
0.440637388982382	0.537295133434211	0.22	0.149	1	chr12-69359092-69360811	5
0.440637388982382	0.411025164738591	0.22	0.149	1	chr14-93135078-93136497	5
0.440637388982382	0.47685445128836	0.22	0.149	1	chr20-37526279-37528719	5
0.44178370842673	0.347654402570766	0.366	0.277	1	chr10-104336794-104340893	5
0.442125115843435	0.520123017647523	0.293	0.234	1	chr1-206202779-206203957	5
0.442125115843435	0.466096074358947	0.293	0.234	1	chr17-37356271-37360412	5
0.442164805050431	0.52510737633998	0.195	0.128	1	chr2-101244131-101245859	5
0.442164805050431	0.538834472527088	0.195	0.128	1	chr4-98657361-98659260	5
0.442164805050431	0.486556583251836	0.195	0.128	1	chr5-55600164-55602053	5
0.442164805050431	0.514124658269862	0.195	0.128	1	chr7-43293853-43294901	5
0.442164805050431	0.667239502852954	0.195	0.128	1	chr9-37902761-37905100	5
0.442164805050431	0.430402093939919	0.195	0.128	1	chr9-127784699-127787172	5
0.442164805050431	0.504941769771968	0.195	0.128	1	chr13-45416540-45419004	5
0.442164805050431	0.586474758784251	0.195	0.128	1	chr14-35807999-35809640	5
0.442164805050431	0.460993648252164	0.195	0.128	1	chr15-78127519-78128567	5
0.442164805050431	0.520430025987699	0.195	0.128	1	chr16-78183778-78185226	5
0.442164805050431	0.604854735488793	0.195	0.128	1	chr17-1559262-1563333	5
0.442164805050431	0.549012906216849	0.195	0.128	1	chr17-7306665-7309419	5
0.442636883778157	0.363403609124431	0.317	0.234	1	chr5-56814256-56817391	5
0.443032794706519	0.54823003597142	0.268	0.17	1	chr21-17512187-17514283	5
0.443957685584556	0.390277588779734	0.244	0.17	1	chr7-75485331-75486872	5
0.445090194160095	0.485759608524837	0.268	0.191	1	chr2-108448049-108450366	5
0.445090194160095	0.448596513045486	0.268	0.191	1	chr12-15881640-15883854	5
0.446921835114525	0.400719290781841	0.39	0.277	1	chr6-73652517-73655434	5
0.446948502981347	0.331493042777158	0.463	0.362	1	chr5-62402519-62405249	5
0.447814399844752	0.451225917870093	0.366	0.277	1	chr7-73555369-73558469	5
0.448044030967169	0.481665774836463	0.22	0.149	1	chr3-53845086-53846974	5
0.448044030967169	0.452197463873956	0.22	0.149	1	chr8-132919437-132921735	5
0.448044030967169	0.447133792109186	0.22	0.149	1	chr9-37079075-37080706	5
0.448044030967169	0.44529627884154	0.22	0.149	1	chr14-103576180-103577482	5
0.448044030967169	0.527833219484555	0.22	0.149	1	chr16-53093802-53094895	5
0.448044030967169	0.481676451796526	0.22	0.149	1	chr16-69395981-69397641	5
0.448044030967169	0.481164888513449	0.22	0.149	1	chr18-41948976-41950072	5
0.448044030967169	0.47815133349307	0.22	0.149	1	chr19-2782519-2783846	5
0.448489120792821	0.344780912540788	0.366	0.255	1	chr4-15149378-15150928	5
0.448580245878342	0.295570201532521	0.317	0.213	1	chr9-109475134-109478402	5
0.44878797415805	0.369883951193246	0.39	0.298	1	chr1-150233432-150236908	5
0.448938051449165	0.586398074438455	0.171	0.106	1	chr1-1889419-1893002	5
0.448938051449165	0.459647972173876	0.171	0.106	1	chr1-21174453-21177420	5
0.448938051449165	0.654524227238591	0.171	0.106	1	chr3-27767830-27769259	5
0.448938051449165	0.54998886638015	0.171	0.106	1	chr3-70737617-70738797	5
0.448938051449165	0.547281978179453	0.171	0.106	1	chr7-27171402-27173892	5
0.448938051449165	0.580314830937021	0.171	0.106	1	chr9-35338236-35340604	5
0.448938051449165	0.533402535191961	0.171	0.106	1	chr9-114910249-114911660	5
0.448938051449165	0.461975109271739	0.171	0.106	1	chr13-30306486-30307954	5
0.448938051449165	0.55672419281655	0.171	0.106	1	chr13-113992176-113993331	5
0.448938051449165	0.538637024286578	0.171	0.106	1	chr17-81682645-81684597	5
0.448938051449165	0.521923317684507	0.171	0.106	1	chr20-14764498-14765626	5
0.448938051449165	0.63690472496246	0.171	0.106	1	chr21-44509393-44511085	5
0.448938051449165	0.570052956318338	0.171	0.106	1	chrX-48890634-48892330	5
0.44899901061472	0.268213521749203	0.317	0.234	1	chr2-171432960-171435331	5
0.44899901061472	0.363819807514093	0.317	0.234	1	chr18-63421336-63423668	5
0.449104920911234	0.409331016214336	0.317	0.255	1	chr1-184482751-184485356	5
0.44975853819614	0.27914207964319	0.488	0.34	1	chr4-673136-685350	5
0.449973328039888	0.534181381452681	0.244	0.191	1	chr1-119779261-119780877	5
0.450005855956893	0.410825828885344	0.195	0.128	1	chr2-61853061-61855611	5
0.450005855956893	0.46922085225958	0.195	0.128	1	chr2-84969205-84973559	5
0.450005855956893	0.51662966893799	0.195	0.128	1	chr2-110105692-110107171	5
0.450005855956893	0.490047519654383	0.195	0.128	1	chr3-183697293-183699302	5
0.450005855956893	0.477501520131189	0.195	0.128	1	chr4-183904695-183906529	5
0.450005855956893	0.514170477938008	0.195	0.128	1	chr5-33641671-33642737	5
0.450005855956893	0.464235732939222	0.195	0.128	1	chr7-25949622-25952039	5
0.450005855956893	0.531930247640572	0.195	0.128	1	chr11-2901556-2903037	5
0.450005855956893	0.45309965418435	0.195	0.128	1	chr16-48609217-48610723	5
0.450005855956893	0.490745562904453	0.195	0.128	1	chr17-50917701-50921152	5
0.450410527432061	0.459114608596844	0.39	0.319	1	chr3-52054973-52058318	5
0.450609251363386	0.388428514685146	0.488	0.383	1	chr15-96329415-96337693	5
0.451054279980841	0.443873152543242	0.244	0.17	1	chr1-99644547-99646728	5
0.451252584530463	0.573992677210018	0.195	0.149	1	chr15-99748973-99750106	5
0.451252584530463	0.65698181423452	0.195	0.149	1	chr18-12407404-12408898	5
0.451678308901439	0.441240947270066	0.22	0.17	1	chr14-67599393-67600747	5
0.451806455520679	0.380924641926613	0.39	0.34	1	chr17-21039685-21044490	5
0.451913642253193	0.422944826778566	0.268	0.191	1	chr10-84195749-84197487	5
0.452459950388006	0.269823877027751	0.585	0.511	1	chr6-118891924-118896973	5
0.453157996608874	0.336928768436024	0.634	0.638	1	chr8-133522116-133576268	5
0.454730084008648	0.326473048909237	0.415	0.319	1	chr19-1247855-1254942	5
0.455088547084458	0.362805424351329	0.317	0.213	1	chr6-136791043-136793575	5
0.455088547084458	0.408271311945947	0.293	0.234	1	chr11-3854573-3856731	5
0.455088547084458	0.38003967531377	0.293	0.234	1	chr12-6276838-6280732	5
0.455428543021726	0.327700222841805	0.341	0.234	1	chr9-4489269-4492050	5
0.455520891803426	0.379005673435477	0.22	0.149	1	chr1-33080395-33081683	5
0.455520891803426	0.516395812189529	0.22	0.149	1	chr4-129095886-129096816	5
0.455520891803426	0.36059828280546	0.22	0.149	1	chr10-14877280-14880232	5
0.455520891803426	0.478476560314319	0.22	0.149	1	chr10-71376694-71378057	5
0.455520891803426	0.480403364314275	0.22	0.149	1	chr12-63843331-63845414	5
0.455520891803426	0.416591633209225	0.22	0.149	1	chr14-24429215-24430822	5
0.455520891803426	0.517576850488512	0.22	0.149	1	chr19-1109130-1114171	5
0.455520891803426	0.408121845191463	0.22	0.149	1	chr19-1452923-1456619	5
0.455520891803426	0.415040052113211	0.22	0.149	1	chr19-19032282-19034928	5
0.455520891803426	0.440057454105993	0.22	0.149	1	chr19-58385477-58388449	5
0.455520891803426	0.404039484107779	0.22	0.149	1	chr20-8131468-8132952	5
0.455520891803426	0.513832729423041	0.22	0.149	1	chrY-15454707-15456932	5
0.45738199158797	0.519860889857271	0.171	0.106	1	chr1-9688718-9689865	5
0.45738199158797	0.53570418258438	0.171	0.106	1	chr1-10387292-10388711	5
0.45738199158797	0.516593978581351	0.171	0.106	1	chr1-109248822-109250582	5
0.45738199158797	0.526537033428879	0.171	0.106	1	chr1-156571176-156573071	5
0.45738199158797	0.732071398488419	0.171	0.106	1	chr1-162131030-162132332	5
0.45738199158797	0.44705238645172	0.171	0.106	1	chr5-22648098-22650839	5
0.45738199158797	0.496542837463663	0.171	0.106	1	chr7-1159784-1161195	5
0.45738199158797	0.514799861044103	0.171	0.106	1	chr9-34428047-34429279	5
0.45738199158797	0.383654916329262	0.171	0.106	1	chr9-86404312-86407533	5
0.45738199158797	0.498526244430142	0.171	0.106	1	chr13-102595884-102598645	5
0.45738199158797	0.509004969789261	0.171	0.106	1	chr15-51924038-51925731	5
0.45738199158797	0.525905617702535	0.171	0.106	1	chr17-47829920-47832249	5
0.45738199158797	0.526910798857835	0.171	0.106	1	chr21-46634831-46636466	5
0.45738199158797	0.528519087383649	0.171	0.106	1	chrX-154489610-154491461	5
0.457747913839164	0.471118767255454	0.293	0.213	1	chr4-6746511-6748271	5
0.457747913839164	0.413244780826623	0.293	0.213	1	chr12-62602223-62604130	5
0.457747913839164	0.434517095666474	0.293	0.213	1	chr16-75515998-75517953	5
0.457925108698182	0.549115496845102	0.195	0.128	1	chr1-27830050-27831967	5
0.457925108698182	0.455131796197923	0.195	0.128	1	chr1-154607111-154609660	5
0.457925108698182	0.529919408328113	0.195	0.128	1	chr3-9715018-9716484	5
0.457925108698182	0.423997510910244	0.195	0.128	1	chr5-154189587-154191535	5
0.457925108698182	0.509396787244244	0.195	0.128	1	chr6-40163902-40165168	5
0.457925108698182	0.463567803213592	0.195	0.128	1	chr9-96449427-96450969	5
0.457925108698182	0.445785422784035	0.195	0.128	1	chr10-79086152-79088903	5
0.457925108698182	0.425632208549416	0.195	0.128	1	chr10-92848001-92849887	5
0.457925108698182	0.484568979661181	0.195	0.128	1	chr13-112759352-112762568	5
0.457925108698182	0.467339047347047	0.195	0.128	1	chr16-17303045-17305357	5
0.457925108698182	0.527964131007732	0.195	0.128	1	chr18-37298785-37300468	5
0.457925108698182	0.479450184429973	0.195	0.128	1	chr20-48945356-48946605	5
0.458214636710519	0.418755550367077	0.244	0.17	1	chr8-9101754-9103516	5
0.458214636710519	0.431316160655623	0.244	0.17	1	chr15-67839109-67841348	5
0.458214636710519	0.474902588912637	0.244	0.17	1	chr16-75148123-75149469	5
0.458795841697978	0.441910060639629	0.268	0.191	1	chr4-3826968-3828715	5
0.458960182586167	0.518107278312384	0.195	0.149	1	chr5-169141931-169143479	5
0.459008218416964	0.521625048102286	0.22	0.17	1	chr9-125188992-125190861	5
0.460015038174623	0.337961665990436	0.366	0.277	1	chr1-161044446-161046852	5
0.460015038174623	0.44547709418174	0.366	0.277	1	chr12-109571697-109574473	5
0.460736326981398	0.373279021006288	0.39	0.298	1	chr6-155313537-155315755	5
0.460847808452429	0.329935256967514	0.366	0.255	1	chr19-58379596-58383010	5
0.460847808452429	0.259636344252823	0.341	0.277	1	chr10-5684002-5686325	5
0.461649688489519	0.399060242544915	0.293	0.234	1	chr2-206158100-206160973	5
0.461877652187762	0.401505536463958	0.317	0.234	1	chr3-58007731-58011778	5
0.461877652187762	0.378980275911892	0.317	0.234	1	chr6-21593242-21597333	5
0.461877652187762	0.422256771531297	0.317	0.234	1	chr16-10978824-10980858	5
0.462261912220201	0.381154884517297	0.39	0.319	1	chr9-129173764-129178871	5
0.463067469759924	0.44559179067686	0.22	0.149	1	chr1-35717654-35719508	5
0.463067469759924	0.497992186998163	0.22	0.149	1	chr4-143381214-143382999	5
0.463067469759924	0.38136886199242	0.22	0.149	1	chr7-36945346-36946968	5
0.463067469759924	0.357403763094974	0.22	0.149	1	chr13-40920701-40922305	5
0.463067469759924	0.491375568430489	0.22	0.149	1	chr13-96052554-96054148	5
0.463067469759924	0.456011375761974	0.22	0.149	1	chr15-90859737-90862017	5
0.463067469759924	0.468367494309777	0.22	0.149	1	chr16-10941421-10943095	5
0.463067469759924	0.50232367082694	0.22	0.149	1	chr19-3434703-3435729	5
0.463067469759924	0.496222494351962	0.22	0.149	1	chr20-62426417-62428165	5
0.464277150684737	0.697408933577953	0.171	0.128	1	chr4-26204341-26205658	5
0.464277150684737	0.663371224286003	0.171	0.128	1	chr12-60709732-60711635	5
0.464611791250807	0.360999896828931	0.341	0.255	1	chr2-26344599-26347774	5
0.465063340528891	0.332242574735371	0.39	0.277	1	chr3-15902845-15905525	5
0.465438311053482	0.424934049459812	0.244	0.17	1	chr20-5949612-5951393	5
0.465438311053482	0.451591363785879	0.244	0.17	1	chr22-32204007-32205731	5
0.465736396723947	0.451210975498257	0.268	0.191	1	chr1-145890690-145893232	5
0.465736396723947	0.405789928015019	0.268	0.191	1	chr1-203006304-203008753	5
0.465736396723947	0.369391069104451	0.268	0.191	1	chr2-96264898-96267575	5
0.465736396723947	0.446279286059587	0.268	0.191	1	chr12-113184298-113186543	5
0.465914381558008	0.570392370702896	0.171	0.106	1	chr1-16247976-16249430	5
0.465914381558008	0.528426204154596	0.171	0.106	1	chr1-16913365-16914898	5
0.465914381558008	0.578052574406046	0.171	0.106	1	chr4-6280262-6283133	5
0.465914381558008	0.552246409382614	0.171	0.106	1	chr5-135857420-135858683	5
0.465914381558008	0.563047336587783	0.171	0.106	1	chr7-44472812-44473783	5
0.465914381558008	0.471010471722677	0.171	0.106	1	chr7-105875843-105877246	5
0.465914381558008	0.521305554440264	0.171	0.106	1	chr7-123410303-123411328	5
0.465914381558008	0.771721207443192	0.171	0.106	1	chr8-26290965-26293910	5
0.465914381558008	0.40166240848278	0.171	0.106	1	chr13-42047307-42049824	5
0.465914381558008	0.463001446213177	0.171	0.106	1	chr13-114234558-114236046	5
0.465914381558008	0.51840739806652	0.171	0.106	1	chr14-81561267-81562606	5
0.465914381558008	0.532607271093313	0.171	0.106	1	chr15-33201517-33202411	5
0.465914381558008	0.564143271767256	0.171	0.106	1	chr16-50602366-50603644	5
0.465914381558008	0.537361310405503	0.171	0.106	1	chr17-7483174-7485451	5
0.465914381558008	0.512341105522906	0.171	0.106	1	chr17-82528462-82529557	5
0.465921962907495	0.520602602813729	0.195	0.128	1	chr1-157197754-157199165	5
0.465921962907495	0.469612558072984	0.195	0.128	1	chr2-241558382-241562584	5
0.465921962907495	0.364801604954193	0.195	0.128	1	chr9-128828818-128830413	5
0.465921962907495	0.386651336778268	0.195	0.128	1	chr17-30707695-30710469	5
0.465921962907495	0.488616991767107	0.195	0.128	1	chr17-61862785-61864288	5
0.465921962907495	0.465721733522667	0.195	0.128	1	chrX-72620305-72621878	5
0.466184436343214	0.325810379178754	0.366	0.277	1	chr17-18181399-18185813	5
0.466404310640832	0.416869267951657	0.244	0.149	1	chr4-3530664-3533165	5
0.466404310640832	0.48137919469337	0.22	0.17	1	chr1-200038953-200040479	5
0.466530572449832	0.314773242597948	0.415	0.319	1	chr1-43365766-43369086	5
0.466741005863893	0.552155227622845	0.195	0.149	1	chr4-52721593-52722977	5
0.466776565300481	0.395515083915472	0.39	0.298	1	chr1-26864188-26866042	5
0.466776565300481	0.307647434787098	0.39	0.298	1	chr6-118933906-118936379	5
0.466827543921548	0.300635789007889	0.488	0.34	1	chr4-82371355-82375687	5
0.466974600709594	0.383156651718654	0.268	0.213	1	chr9-91836392-91839193	5
0.467097843073775	0.398239261374475	0.341	0.277	1	chr11-87036465-87039015	5
0.467452408570237	0.330689447313489	0.488	0.383	1	chr1-182389326-182392642	5
0.468263323999896	0.396036977481856	0.317	0.213	1	chr1-111619092-111621035	5
0.468263323999896	0.30940007625516	0.317	0.213	1	chr7-100335362-100336804	5
0.468263323999896	0.295081898855253	0.317	0.213	1	chr11-823907-828326	5
0.468263323999896	0.393048613296341	0.293	0.234	1	chr9-37799826-37802179	5
0.468263323999896	0.304581971472529	0.293	0.234	1	chr10-17199207-17202138	5
0.468263323999896	0.333604381624866	0.293	0.234	1	chrX-47649776-47651520	5
0.468393518426842	0.466601446633445	0.317	0.234	1	chr3-37173404-37177377	5
0.468393518426842	0.329325710085592	0.317	0.234	1	chr7-21944473-21947702	5
0.468393518426842	0.317486268898036	0.317	0.234	1	chr12-122525775-122528061	5
0.469706914054302	0.254061234764103	0.463	0.362	1	chr9-109315894-109321577	5
0.470683236759644	0.468368816029893	0.22	0.149	1	chr7-233924-236631	5
0.470683236759644	0.421980505731171	0.22	0.149	1	chr16-23640166-23642707	5
0.470683236759644	0.418724031616113	0.22	0.149	1	chr19-33373052-33374920	5
0.470970214372238	0.320537949690861	0.341	0.255	1	chr1-59295745-59297645	5
0.470970214372238	0.280042113217453	0.341	0.255	1	chr1-235127018-235130492	5
0.470970214372238	0.358256665139222	0.341	0.255	1	chr2-112053768-112057516	5
0.47118116911747	0.420392915833064	0.293	0.213	1	chr1-156281175-156285110	5
0.472088733689621	0.288075894887436	0.463	0.34	1	chr8-80170581-80174595	5
0.472724836441231	0.477987387201791	0.244	0.17	1	chr2-98907934-98910305	5
0.472724836441231	0.394249237263274	0.244	0.17	1	chr4-147731324-147734398	5
0.472724836441231	0.479375543315431	0.244	0.17	1	chr6-14210504-14211825	5
0.472724836441231	0.361732652377382	0.244	0.17	1	chr9-32383951-32385513	5
0.472724836441231	0.383014455184317	0.244	0.17	1	chr9-134365629-134368751	5
0.472724836441231	0.42386621335748	0.244	0.17	1	chr22-30309305-30312183	5
0.472734892980788	0.410027288177199	0.268	0.191	1	chr10-510247-511937	5
0.47286048273343	0.29874149269084	0.39	0.298	1	chr7-92588469-92591056	5
0.473855857381505	0.346772122294349	0.293	0.191	1	chr20-34525393-34527143	5
0.473855857381505	0.448992498949483	0.268	0.213	1	chr1-9942279-9944128	5
0.473855857381505	0.418297806305281	0.268	0.213	1	chr2-199457115-199460896	5
0.473855857381505	0.438859487487635	0.268	0.213	1	chr12-57744238-57746124	5
0.473995785419439	0.494006927278327	0.195	0.128	1	chr3-48684792-48688236	5
0.473995785419439	0.514893941706684	0.195	0.128	1	chr7-38304797-38306828	5
0.473995785419439	0.420797586748741	0.195	0.128	1	chr8-119919429-119920907	5
0.473995785419439	0.55510077911046	0.195	0.128	1	chr12-68584221-68585625	5
0.473995785419439	0.373889136302424	0.195	0.128	1	chr16-80899798-80901153	5
0.473995785419439	0.447494321498081	0.195	0.128	1	chr21-39312031-39314994	5
0.47453445288574	0.42936434020276	0.171	0.106	1	chr1-109563053-109564608	5
0.47453445288574	0.425033582272282	0.171	0.106	1	chr5-142874201-142875424	5
0.47453445288574	0.451245641876198	0.171	0.106	1	chr7-142459374-142460393	5
0.47453445288574	0.580557657178778	0.171	0.106	1	chr9-84953956-84954724	5
0.47453445288574	0.403506715255662	0.171	0.106	1	chr10-22654940-22656269	5
0.47453445288574	0.456873138589643	0.171	0.106	1	chr12-103840394-103841751	5
0.47453445288574	0.335761074517684	0.171	0.106	1	chr14-77707018-77709624	5
0.47453445288574	0.462870700356197	0.171	0.106	1	chr17-38703582-38706444	5
0.47453445288574	0.495171484734998	0.171	0.106	1	chr19-1566369-1568786	5
0.474594469603365	0.531457529120147	0.195	0.149	1	chr7-6270748-6273986	5
0.474594469603365	0.603960814290788	0.195	0.149	1	chr19-16659190-16661841	5
0.474697006685644	0.310318863758887	0.341	0.234	1	chr9-96416659-96419691	5
0.474959958911898	0.396628753324997	0.317	0.234	1	chr1-204477435-204480563	5
0.477978490802266	0.366629366082939	0.293	0.213	1	chr1-227733437-227736754	5
0.477978490802266	0.310474772152653	0.293	0.213	1	chr6-30488962-30490509	5
0.477978490802266	0.390122117831549	0.293	0.213	1	chr14-20989428-20991026	5
0.477978490802266	0.341528656549072	0.293	0.213	1	chr19-53520385-53521796	5
0.478367638382355	0.320104730634034	0.22	0.149	1	chr5-177005396-177007478	5
0.478367638382355	0.413793044087394	0.22	0.149	1	chr8-143280678-143282366	5
0.478367638382355	0.406409175443639	0.22	0.149	1	chr13-21139726-21141254	5
0.478367638382355	0.44291954521924	0.22	0.149	1	chr21-30226577-30228723	5
0.478892792404858	0.268323244051305	0.512	0.383	1	chr4-39526169-39529537	5
0.479737773761932	0.329810473190458	0.341	0.277	1	chr10-5811405-5814629	5
0.479790897544191	0.405748397159001	0.268	0.191	1	chr4-145481029-145483819	5
0.480073724463251	0.489616917862224	0.244	0.17	1	chr2-74843983-74846644	5
0.480073724463251	0.391407883890623	0.244	0.17	1	chr5-91279803-91281287	5
0.48036085132454	0.307464522996533	0.39	0.319	1	chr17-81033460-81039500	5
0.480792489479665	0.424793483706744	0.268	0.213	1	chr5-132253708-132255546	5
0.480986002738709	0.65540793373962	0.171	0.128	1	chr1-53196091-53198998	5
0.480986002738709	0.542116893020575	0.171	0.128	1	chr9-14692385-14694043	5
0.480986002738709	0.632914967296642	0.171	0.128	1	chr9-131124457-131126422	5
0.481321975504142	0.341021040639357	0.463	0.362	1	chr10-37975252-37977368	5
0.481393011182411	0.491974455395801	0.22	0.17	1	chr11-46272093-46274722	5
0.481393011182411	0.608195903614653	0.22	0.17	1	chr13-112942551-112944059	5
0.481646617364109	0.449361442530475	0.293	0.234	1	chr1-180229005-180232419	5
0.482145910280891	0.467044109942414	0.195	0.128	1	chr3-22158963-22159794	5
0.482145910280891	0.479280415289593	0.195	0.128	1	chr4-6908756-6911055	5
0.482145910280891	0.463454316882538	0.195	0.128	1	chr6-125201812-125203889	5
0.482145910280891	0.401306986093223	0.195	0.128	1	chr17-2335434-2338348	5
0.482145910280891	0.405276819441898	0.195	0.128	1	chr19-10568141-10569867	5
0.482145910280891	0.420703292273489	0.195	0.128	1	chr20-34578787-34580678	5
0.482519959791788	0.556445530755762	0.195	0.149	1	chr9-72477050-72478890	5
0.483241394548308	0.446601319429177	0.171	0.106	1	chr1-36248199-36249440	5
0.483241394548308	0.364314769580756	0.171	0.106	1	chr1-167910472-167912617	5
0.483241394548308	0.4747611234772	0.171	0.106	1	chr2-237085045-237086513	5
0.483241394548308	0.451808932070786	0.171	0.106	1	chr6-35495925-35498362	5
0.483241394548308	0.412371689906452	0.171	0.106	1	chr6-56683687-56686592	5
0.483829896535939	0.375864825167369	0.341	0.255	1	chr1-146376193-146378316	5
0.483829896535939	0.389132271048724	0.341	0.255	1	chr1-204515724-204517263	5
0.483829896535939	0.318887757185716	0.341	0.255	1	chr18-54827962-54830675	5
0.484545660786298	0.257014350490784	0.415	0.319	1	chr3-169771527-169774511	5
0.4848290778863	0.36653938710502	0.293	0.213	1	chr3-46975936-46977418	5
0.4848290778863	0.317619069572106	0.293	0.213	1	chr6-42745020-42749485	5
0.48558552072382	0.462978232037022	0.244	0.191	1	chr1-46516081-46517953	5
0.486120093883588	0.426026770612974	0.22	0.149	1	chr7-139133008-139134540	5
0.486120093883588	0.457899678501953	0.22	0.149	1	chr19-4712975-4714206	5
0.486120093883588	0.390388951859312	0.22	0.149	1	chr19-7919690-7921947	5
0.486120093883588	0.302698744004764	0.22	0.149	1	chr20-35771592-35772609	5
0.486127025443694	0.289319670620657	0.366	0.255	1	chr19-15417364-15420100	5
0.486903958931414	0.362273694495185	0.268	0.191	1	chr1-78237159-78238365	5
0.486903958931414	0.499172729969217	0.268	0.191	1	chr10-63132683-63134753	5
0.486903958931414	0.457245112344125	0.268	0.191	1	chr16-19520729-19522740	5
0.486903958931414	0.37808380963741	0.268	0.191	1	chr17-82888603-82891591	5
0.487187613171818	0.256723230102523	0.463	0.362	1	chr1-162560137-162562980	5
0.487484464885796	0.286142573930034	0.244	0.17	1	chr1-224328624-224331238	5
0.487484464885796	0.338982892471582	0.244	0.17	1	chr9-95493718-95495228	5
0.487484464885796	0.373966711200508	0.244	0.17	1	chr14-74922308-74923810	5
0.487787304211069	0.395410665350972	0.317	0.255	1	chr2-85594678-85596370	5
0.488243109095997	0.335013721151571	0.317	0.234	1	chr2-152173809-152176719	5
0.48827421592677	0.550703903696252	0.268	0.234	1	chr4-25159436-25162071	5
0.488490391645884	0.305407079261914	0.439	0.319	1	chr10-68330796-68333480	5
0.488984543758933	0.468811993935989	0.22	0.17	1	chr1-223992156-223994125	5
0.488984543758933	0.293810081350575	0.22	0.17	1	chr12-15910403-15912689	5
0.488984543758933	0.445874194965705	0.22	0.17	1	chr22-31247609-31249371	5
0.489461649838535	0.520352295566552	0.171	0.128	1	chr2-226649820-226650647	5
0.489461649838535	0.63728429839879	0.171	0.128	1	chr12-121536500-121539102	5
0.489461649838535	0.646453416018971	0.171	0.128	1	chrX-48539015-48540467	5
0.490371638784718	0.41483595501397	0.195	0.128	1	chr3-141425935-141427096	5
0.490371638784718	0.412727326479058	0.195	0.128	1	chr6-49462564-49463983	5
0.490371638784718	0.437619160772002	0.195	0.128	1	chr11-60880551-60881520	5
0.490371638784718	0.448733748839451	0.195	0.128	1	chr16-4679018-4681536	5
0.490371638784718	0.426973128696093	0.195	0.128	1	chr20-31663819-31665348	5
0.490516833194838	0.542953401426865	0.195	0.149	1	chr1-16235934-16238338	5
0.492034353021272	0.431606282213631	0.171	0.106	1	chr2-69642672-69645377	5
0.492034353021272	0.469842892983482	0.171	0.106	1	chr16-47037297-47038530	5
0.492034353021272	0.492137631999964	0.171	0.106	1	chr17-19866653-19868272	5
0.492034353021272	0.423050132081084	0.171	0.106	1	chr22-29266535-29270845	5
0.492034353021272	0.382622797156702	0.171	0.106	1	chrX-52994722-52996354	5
0.492210694119972	0.36033107485475	0.415	0.362	1	chr19-796524-802894	5
0.492886683261219	0.451832333407656	0.244	0.191	1	chr5-179912131-179914776	5
0.492886683261219	0.337581208630522	0.244	0.191	1	chr8-116802415-116803645	5
0.493939996230137	0.458144321601242	0.22	0.149	1	chr1-28736210-28738542	5
0.493939996230137	0.418046787117666	0.22	0.149	1	chr10-71850084-71851836	5
0.493939996230137	0.400921327776458	0.22	0.149	1	chr16-57264843-57267542	5
0.493939996230137	0.265466898729642	0.22	0.149	1	chr16-88769251-88771541	5
0.493939996230137	0.383082559615013	0.22	0.149	1	chr16-89300202-89302542	5
0.493939996230137	0.4436357857642	0.22	0.149	1	chr17-70855055-70857058	5
0.493939996230137	0.398162195986599	0.22	0.149	1	chr18-656919-659007	5
0.493939996230137	0.396602889622486	0.22	0.149	1	chr19-36771538-36773559	5
0.494073607126639	0.356512790731819	0.268	0.191	1	chr2-219251655-219254799	5
0.494073607126639	0.303178462475454	0.268	0.191	1	chr17-76352848-76354669	5
0.494404776175718	0.263120014694069	0.341	0.234	1	chr7-150377525-150380407	5
0.494404776175718	0.332367431763134	0.317	0.255	1	chr9-97982132-97985486	5
0.494549426275843	0.304246391283777	0.415	0.34	1	chr1-77681391-77684466	5
0.494830142623288	0.365435919127855	0.268	0.213	1	chr1-24744671-24746917	5
0.494956525683189	0.380061208734626	0.244	0.17	1	chr2-30807002-30808002	5
0.494956525683189	0.400066107658239	0.244	0.17	1	chr7-5512833-5514987	5
0.494956525683189	0.402819861218635	0.244	0.17	1	chr7-39565434-39567422	5
0.494956525683189	0.456894982293964	0.244	0.17	1	chr9-124077679-124079662	5
0.494956525683189	0.289305536725292	0.244	0.17	1	chr11-65040426-65042117	5
0.495235356190032	0.323766365078381	0.293	0.234	1	chr3-58035454-58044441	5
0.495235356190032	0.41340694961754	0.293	0.234	1	chr4-25375965-25378342	5
0.495235356190032	0.389779536986129	0.293	0.234	1	chr12-79933261-79936124	5
0.495235356190032	0.371867679754314	0.293	0.234	1	chr16-30956657-30958955	5
0.496640107621843	0.642528083853353	0.22	0.17	1	chr6-111590969-111593529	5
0.496640107621843	0.464948661873515	0.22	0.17	1	chr19-8444275-8446160	5
0.49687772178323	0.341662509435812	0.341	0.255	1	chr5-154444588-154447499	5
0.49687772178323	0.453886759955982	0.341	0.255	1	chr17-35808257-35810742	5
0.497710202975363	0.331958378822511	0.366	0.277	1	chr19-1166204-1170951	5
0.498017058835192	0.560677269774294	0.171	0.128	1	chr1-154991323-154996716	5
0.498584417407061	0.551031965146043	0.195	0.149	1	chr10-20622389-20623808	5
0.498584417407061	0.504352173148688	0.195	0.149	1	chr14-50531543-50534122	5
0.498672239526522	0.394062699777792	0.195	0.128	1	chr6-156955257-156956939	5
0.498688359813889	0.355415599222147	0.293	0.213	1	chr6-1294817-1296987	5
0.498688359813889	0.255540989581596	0.293	0.213	1	chr13-79480584-79482627	5
0.498688359813889	0.304650585921178	0.293	0.213	1	chr17-73091626-73093231	5
0.498839273086522	0.288643029682819	0.39	0.319	1	chr16-56930914-56935881	5
0.50024626646996	0.436724930896341	0.244	0.191	1	chr1-29179840-29183326	5
0.50024626646996	0.327949554772013	0.244	0.191	1	chr2-120066502-120068213	5
0.50024626646996	0.406370591731082	0.244	0.191	1	chr14-88792016-88793653	5
0.50024626646996	0.491329331748336	0.244	0.191	1	chr17-42577097-42579083	5
0.50024626646996	0.368824597603165	0.244	0.191	1	chr19-32580397-32582317	5
0.50024626646996	0.446045345113734	0.244	0.191	1	chr20-25232738-25235909	5
0.500912432360433	0.416833826014503	0.171	0.106	1	chr3-14989872-14991544	5
0.500912432360433	0.461885699396593	0.171	0.106	1	chr7-143323962-143326119	5
0.500912432360433	0.386040593560134	0.171	0.106	1	chr8-796314-799604	5
0.500912432360433	0.373561804341437	0.171	0.106	1	chr8-93927470-93930142	5
0.501069955301472	0.322764775513502	0.317	0.255	1	chr6-32127615-32130974	5
0.501299353616216	0.356515583227898	0.268	0.191	1	chr2-121529773-121532276	5
0.501826712152207	0.427178146561862	0.22	0.149	1	chr1-234477738-234479631	5
0.502105741994902	0.307014019637273	0.293	0.234	1	chr2-172555133-172557307	5
0.502105741994902	0.334785667156686	0.293	0.234	1	chr9-93094810-93097216	5
0.502161487543627	0.289759252155561	0.463	0.383	1	chr14-66506945-66509741	5
0.5024893530817	0.390045759246674	0.244	0.17	1	chr3-39124935-39127363	5
0.5024893530817	0.416603317894	0.244	0.17	1	chr3-128050444-128053491	5
0.5024893530817	0.393846916036116	0.244	0.17	1	chr7-50449385-50451377	5
0.5024893530817	0.413982636918155	0.244	0.17	1	chr7-66739798-66741941	5
0.5024893530817	0.343072801061835	0.244	0.17	1	chr11-4392962-4394223	5
0.5024893530817	0.358730632661124	0.244	0.17	1	chr14-54772943-54774639	5
0.502544932892523	0.321973358307066	0.39	0.277	1	chr5-40678476-40680522	5
0.504148827347161	0.324848826682643	0.366	0.277	1	chr8-106656926-106659158	5
0.50435910533608	0.474262231585439	0.22	0.17	1	chr12-50024761-50026105	5
0.505696170311511	0.300020273033273	0.293	0.213	1	chr1-117365723-117369145	5
0.506651394409003	0.513087468741422	0.171	0.128	1	chr8-91040009-91041796	5
0.506722010921843	0.491622462078279	0.195	0.149	1	chr6-134014581-134018214	5
0.506722010921843	0.387202237181866	0.195	0.149	1	chr17-15699078-15700137	5
0.50704694848459	0.39469371304667	0.195	0.128	1	chr5-58181221-58184074	5
0.50704694848459	0.349065587494479	0.195	0.128	1	chr6-109196030-109197507	5
0.50704694848459	0.500692648323547	0.195	0.128	1	chr9-127607497-127609091	5
0.507663735787634	0.384670970424078	0.244	0.191	1	chr9-112064649-112066786	5
0.507663735787634	0.448079730371924	0.244	0.191	1	chr10-73572338-73578529	5
0.508537684055093	0.349704547172256	0.317	0.234	1	chr9-136117059-136120146	5
0.50858069143383	0.379115886991602	0.268	0.191	1	chr1-54763757-54765366	5
0.50858069143383	0.397267806172774	0.268	0.191	1	chr4-68347897-68350784	5
0.50858069143383	0.297983786653361	0.268	0.191	1	chr16-66879833-66881929	5
0.50858069143383	0.414355999411476	0.268	0.191	1	chr17-50054891-50057053	5
0.50858069143383	0.284240174160653	0.268	0.191	1	chr22-24553530-24556926	5
0.50902622831175	0.300765883128337	0.317	0.213	1	chr16-31116769-31118717	5
0.50902622831175	0.384688696456766	0.268	0.255	1	chr1-234917733-234919909	5
0.509083913465148	0.31989660578904	0.268	0.213	1	chr4-67699983-67701962	5
0.509083913465148	0.385416663218722	0.268	0.213	1	chr10-73729198-73732222	5
0.509083913465148	0.363005612675372	0.268	0.213	1	chr11-6566303-6569338	5
0.509779582212331	0.399675313423748	0.22	0.149	1	chr5-102754491-102756451	5
0.509779582212331	0.37281417902938	0.22	0.149	1	chr7-101321073-101322742	5
0.509779582212331	0.394320242322092	0.22	0.149	1	chr14-88384807-88386488	5
0.509779582212331	0.457712391396209	0.22	0.149	1	chr16-66364107-66365983	5
0.509779582212331	0.320132046862509	0.22	0.149	1	chr16-72989028-72990907	5
0.509874694317967	0.358488128177233	0.171	0.106	1	chr6-5205205-5206594	5
0.51008237161611	0.43389015416706	0.244	0.17	1	chr3-188832161-188833812	5
0.51008237161611	0.333581666890604	0.244	0.17	1	chr10-72353093-72355625	5
0.510110746615137	0.442960483019077	0.341	0.255	1	chr8-124371243-124373531	5
0.510110746615137	0.290770834547708	0.341	0.255	1	chr12-56686375-56689528	5
0.512140915745678	0.38664875026539	0.22	0.17	1	chr8-80726996-80728165	5
0.512140915745678	0.439586535738874	0.22	0.17	1	chr12-122870577-122873643	5
0.514928883221048	0.464442053634507	0.195	0.149	1	chr1-228173529-228175353	5
0.514928883221048	0.515453912918604	0.195	0.149	1	chr3-71541195-71543665	5
0.514928883221048	0.471214146809162	0.195	0.149	1	chr14-74762567-74764609	5
0.514928883221048	0.405149609668146	0.195	0.149	1	chr20-9442082-9443696	5
0.51513853674834	0.382639564078249	0.244	0.191	1	chr1-32741044-32744423	5
0.515363784411657	0.51028200790279	0.171	0.128	1	chr3-167977719-167979044	5
0.515363784411657	0.553743170469802	0.171	0.128	1	chr4-78938418-78940084	5
0.515363784411657	0.581630132739136	0.171	0.128	1	chr11-12692354-12694769	5
0.515363784411657	0.47432175680746	0.171	0.128	1	chr12-56628539-56630883	5
0.515363784411657	0.493521135294718	0.171	0.128	1	chr14-77122875-77124230	5
0.515363784411657	0.540453088053574	0.171	0.128	1	chr19-33292462-33294648	5
0.515390082671382	0.273898548192379	0.415	0.319	1	chr1-85579944-85583071	5
0.515399517006043	0.261200533435258	0.317	0.234	1	chr16-58126596-58130118	5
0.515917095215644	0.384521445601952	0.268	0.191	1	chr1-246582198-246585815	5
0.517734984198986	0.368189048438091	0.244	0.17	1	chr1-43548282-43551007	5
0.517797920891117	0.41128420688272	0.22	0.149	1	chr5-142324350-142325603	5
0.518752172624836	0.325742098890368	0.341	0.277	1	chr3-98900777-98902615	5
0.518752172624836	0.290909163398996	0.341	0.277	1	chr11-59667861-59671127	5
0.519984894054683	0.513238371166958	0.22	0.17	1	chr19-1205251-1208114	5
0.519984894054683	0.447878863839576	0.22	0.17	1	chr19-39832899-39834652	5
0.520644248679043	0.284722069043198	0.585	0.468	1	chr3-183634974-183637573	5
0.52134768978973	0.406836392304797	0.317	0.255	1	chr16-75646530-75649779	5
0.521867815780808	0.31817031642006	0.366	0.298	1	chr18-26089142-26091737	5
0.522309107863136	0.280276168075822	0.317	0.234	1	chr6-30555514-30557971	5
0.522309107863136	0.34108226628208	0.317	0.234	1	chr7-6103859-6106965	5
0.522670095053044	0.561182006264209	0.244	0.191	1	chr9-113220469-113223512	5
0.523015681431522	0.320008539141786	0.293	0.234	1	chr1-113928305-113932491	5
0.523204274884443	0.43236668411411	0.195	0.149	1	chr6-149840187-149841431	5
0.523204274884443	0.487933596990846	0.195	0.149	1	chr20-54070039-54071810	5
0.523204274884443	0.486303274805365	0.195	0.149	1	chrX-102598700-102600678	5
0.523204274884443	0.476004395215013	0.195	0.149	1	chrX-136908867-136910968	5
0.523308021265466	0.336562341826172	0.268	0.191	1	chr3-56682232-56684665	5
0.523308021265466	0.271282197775445	0.268	0.191	1	chr16-48383489-48386294	5
0.523308021265466	0.383889868906179	0.268	0.191	1	chr17-47188195-47189982	5
0.523549881056979	0.323820432063512	0.268	0.213	1	chr6-27806837-27809039	5
0.523549881056979	0.396253493028903	0.268	0.213	1	chr17-18087375-18089369	5
0.524015472519307	0.390987636440797	0.195	0.128	1	chr6-32844115-32845094	5
0.524015472519307	0.398437042743495	0.195	0.128	1	chr11-108664427-108665843	5
0.524015472519307	0.488862963998318	0.195	0.128	1	chr16-25014100-25015984	5
0.524153320012572	0.529551175051375	0.171	0.128	1	chr17-37146783-37148741	5
0.524838274358634	0.352652908389953	0.39	0.34	1	chr7-25861580-25863266	5
0.525446572202755	0.29761121505318	0.244	0.17	1	chr1-148333547-148335654	5
0.525881016689934	0.395073244692265	0.22	0.149	1	chr1-94246732-94248495	5
0.525881016689934	0.345642399091652	0.22	0.149	1	chr3-128347554-128350904	5
0.525881016689934	0.39088812356091	0.22	0.149	1	chr20-35146462-35148203	5
0.52690765301246	0.377279694983285	0.317	0.277	1	chr6-28895231-28898758	5
0.527890371922703	0.427932038161927	0.22	0.17	1	chr14-69397324-69399292	5
0.527890371922703	0.401604354988647	0.22	0.17	1	chr19-36666083-36667714	5
0.5281995852941	0.397991039240222	0.317	0.255	1	chr8-143615991-143618753	5
0.529265997960547	0.346764139331407	0.317	0.234	1	chr3-182792537-182796042	5
0.529265997960547	0.26580998543223	0.317	0.234	1	chr18-12946852-12949105	5
0.529530820596702	0.295891354127343	0.39	0.298	1	chr16-2530869-2533505	5
0.530752907629968	0.392286853760782	0.268	0.191	1	chr14-91871888-91873309	5
0.530752907629968	0.338002728256507	0.268	0.191	1	chr17-81665436-81667576	5
0.53086113876821	0.384902748105813	0.268	0.213	1	chrX-1390351-1393743	5
0.531547397718968	0.430665752496361	0.195	0.149	1	chr1-23726654-23728335	5
0.531547397718968	0.432949495977602	0.195	0.149	1	chr6-42978225-42979951	5
0.531547397718968	0.443037307393835	0.195	0.149	1	chr11-74948454-74950232	5
0.53260759751302	0.314047653634799	0.195	0.128	1	chr1-37594788-37596656	5
0.53301905587362	0.569838321463011	0.171	0.128	1	chr5-1770098-1773291	5
0.53301905587362	0.55961487264792	0.171	0.128	1	chr8-94474422-94475997	5
0.53301905587362	0.528358110027737	0.171	0.128	1	chr10-12605167-12606840	5
0.53301905587362	0.549580513815664	0.171	0.128	1	chr10-124104965-124107222	5
0.53301905587362	0.521183780019057	0.171	0.128	1	chr13-26253600-26255388	5
0.533216495554596	0.277005905388298	0.244	0.17	1	chr1-37497600-37500284	5
0.533216495554596	0.313204165539403	0.244	0.17	1	chr7-92244744-92247338	5
0.533216495554596	0.376990759149025	0.244	0.17	1	chr7-120841915-120842840	5
0.533216495554596	0.346298574000462	0.244	0.17	1	chr8-118951282-118952761	5
0.53402813225057	0.271112253794998	0.22	0.149	1	chr1-227315956-227319421	5
0.53402813225057	0.254536333386782	0.22	0.149	1	chr3-12483364-12485828	5
0.53402813225057	0.34571914233308	0.22	0.149	1	chr16-89872264-89874943	5
0.534237479764456	0.300899545075396	0.293	0.213	1	chr7-135773118-135774999	5
0.534374365871432	0.266892715773222	0.415	0.319	1	chr16-23556570-23558908	5
0.534958781258747	0.314234769630032	0.366	0.298	1	chr5-112860525-112862667	5
0.535856657575164	0.436963095800502	0.22	0.17	1	chr1-109238857-109244656	5
0.535856657575164	0.407901312355097	0.22	0.17	1	chr3-126474339-126477440	5
0.535856657575164	0.459189149792659	0.22	0.17	1	chrX-14028972-14030647	5
0.536034124933847	0.295910471757614	0.39	0.298	1	chr16-75554967-75556941	5
0.536269714700434	0.297754821917331	0.317	0.234	1	chr19-8512041-8514819	5
0.537199924635804	0.298207312193286	0.293	0.234	1	chr5-149357293-149359675	5
0.537199924635804	0.354916176493558	0.293	0.234	1	chr8-123394897-123397088	5
0.537199924635804	0.317799496525504	0.293	0.234	1	chr12-76763440-76765426	5
0.537199924635804	0.353340362677863	0.293	0.234	1	chr13-110705332-110707655	5
0.537256562276091	0.351425372904673	0.171	0.106	1	chr19-13833241-13834626	5
0.537861486766064	0.403556400795865	0.268	0.234	1	chr16-29943497-29944888	5
0.537901087833935	0.383243431227674	0.244	0.191	1	chr5-37378707-37379916	5
0.537901087833935	0.39513593904185	0.244	0.191	1	chr22-20016052-20017490	5
0.538125459979439	0.415868426478553	0.195	0.17	1	chr6-148341905-148344364	5
0.538223851960325	0.409286676463189	0.268	0.213	1	chr6-69593985-69595164	5
0.538251174183981	0.338636596494762	0.268	0.191	1	chr16-67480177-67481946	5
0.539788981581337	0.348329582507381	0.293	0.255	1	chr15-31325407-31329471	5
0.539957434907934	0.400017647246585	0.195	0.149	1	chr1-46197569-46199550	5
0.539957434907934	0.41255191215749	0.195	0.149	1	chr1-47780633-47781925	5
0.539957434907934	0.450594691865043	0.195	0.149	1	chr1-197485340-197487486	5
0.539957434907934	0.427393363189356	0.195	0.149	1	chr3-10114976-10116714	5
0.539957434907934	0.483962474270824	0.195	0.149	1	chr5-54389741-54390555	5
0.539957434907934	0.47884318023172	0.195	0.149	1	chr6-84226921-84228583	5
0.539957434907934	0.451511071613232	0.195	0.149	1	chr10-99658511-99660369	5
0.539957434907934	0.561116378089465	0.195	0.149	1	chr14-81435261-81436999	5
0.539957434907934	0.413793494450299	0.195	0.149	1	chr14-92724154-92726951	5
0.541044092844199	0.303516202160164	0.244	0.17	1	chr2-128090540-128092109	5
0.541044092844199	0.286256172612511	0.244	0.17	1	chr17-2302578-2304509	5
0.541124536229001	0.262249455777885	0.512	0.468	1	chr16-67804743-67807708	5
0.541497794697089	0.347972187424556	0.293	0.213	1	chr1-44806452-44808605	5
0.541497794697089	0.317645250441833	0.293	0.213	1	chr1-114580984-114582379	5
0.541497794697089	0.332509207494201	0.293	0.213	1	chr6-148191120-148192692	5
0.54196001035236	0.341624922554413	0.171	0.128	1	chr1-187837439-187839266	5
0.54196001035236	0.484450743012524	0.171	0.128	1	chr5-138031517-138033954	5
0.54196001035236	0.456408801572073	0.171	0.128	1	chr8-143246293-143248088	5
0.54196001035236	0.535889882481737	0.171	0.128	1	chr10-80498301-80500051	5
0.54196001035236	0.430717087127816	0.171	0.128	1	chr16-23316935-23318171	5
0.54196001035236	0.513874614214626	0.171	0.128	1	chr19-35867997-35870355	5
0.54196001035236	0.572498518432024	0.171	0.128	1	chrY-56873261-56874723	5
0.542238504491924	0.365025092410914	0.22	0.149	1	chr5-55171797-55174056	5
0.542238504491924	0.345292917853239	0.22	0.149	1	chr7-4681534-4684663	5
0.542238504491924	0.300744644211641	0.22	0.149	1	chr14-50666723-50669104	5
0.542238504491924	0.402103952418087	0.22	0.149	1	chr17-21550886-21552055	5
0.542577397240072	0.327119752121713	0.39	0.298	1	chr4-84965198-84967706	5
0.543319771620111	0.284006379011286	0.317	0.234	1	chr7-139107690-139110155	5
0.543382939035573	0.293924717276046	0.39	0.319	1	chr7-101243667-101245613	5
0.543883035928292	0.394439337932178	0.22	0.17	1	chr16-72846975-72849691	5
0.543883035928292	0.413218378521375	0.22	0.17	1	chr17-39631114-39633533	5
0.543982418408085	0.347362419570066	0.341	0.255	1	chr13-30463790-30466593	5
0.544363843092233	0.32659103192707	0.293	0.234	1	chr18-54268853-54270898	5
0.544702858265385	0.305435890885264	0.39	0.383	1	chr6-152982103-152985124	5
0.545146334922778	0.333782409668774	0.268	0.234	1	chr9-126914271-126916042	5
0.54559927533801	0.416048865592517	0.244	0.191	1	chr1-26233499-26235318	5
0.54559927533801	0.399029242267471	0.244	0.191	1	chr1-168391420-168392846	5
0.54559927533801	0.428303955472829	0.244	0.191	1	chr2-216738663-216741584	5
0.54559927533801	0.373273412923339	0.244	0.191	1	chr3-49357296-49359482	5
0.54559927533801	0.377366758184067	0.244	0.191	1	chr6-156685822-156688136	5
0.54559927533801	0.350293173888059	0.244	0.191	1	chr16-73070191-73072089	5
0.545637454263963	0.362070638327649	0.268	0.213	1	chr2-240559467-240562418	5
0.545637454263963	0.454798827939107	0.268	0.213	1	chr21-36155262-36158666	5
0.545637454263963	0.344682525276621	0.268	0.213	1	chr21-38804899-38806863	5
0.5456438343763	0.289906903991382	0.341	0.277	1	chr4-47913121-47915386	5
0.547047268666925	0.285161280345079	0.341	0.298	1	chr8-60516184-60518455	5
0.547430100803334	0.293143560617796	0.317	0.277	1	chr1-42941505-42945557	5
0.548433541180173	0.440876319050976	0.195	0.149	1	chr1-37858803-37860713	5
0.548433541180173	0.377351850561604	0.195	0.149	1	chr1-109618741-109621745	5
0.548433541180173	0.381171960462547	0.195	0.149	1	chr5-137192072-137193239	5
0.548807037836092	0.293095817704151	0.293	0.213	1	chr2-43225375-43228118	5
0.548928681444394	0.359654690990561	0.244	0.17	1	chr10-29589833-29592104	5
0.549026911399727	0.382063942616133	0.317	0.255	1	chr6-109690081-109691988	5
0.549904248438204	0.282330968355923	0.39	0.319	1	chr19-36213855-36216061	5
0.550415668465996	0.323075014345311	0.317	0.234	1	chr2-96143900-96149120	5
0.550511344763764	0.301299007957792	0.22	0.149	1	chr2-85327194-85328858	5
0.550511344763764	0.279000585346462	0.22	0.149	1	chr19-17468472-17470931	5
0.550975165733794	0.433783227773263	0.171	0.128	1	chr1-40257142-40258864	5
0.550975165733794	0.429140885506051	0.171	0.128	1	chr2-202112896-202114423	5
0.550975165733794	0.458909862253553	0.171	0.128	1	chr3-53879759-53882666	5
0.550975165733794	0.462221381083183	0.171	0.128	1	chr5-80967535-80968666	5
0.550975165733794	0.463047130829028	0.171	0.128	1	chr6-56898067-56900259	5
0.550975165733794	0.45839213981652	0.171	0.128	1	chr21-42801431-42802342	5
0.551574930383552	0.338999306438807	0.293	0.234	1	chr4-153464429-153468314	5
0.551574930383552	0.276801707436761	0.293	0.234	1	chr21-42495276-42497190	5
0.552473202355122	0.274921061598864	0.341	0.277	1	chr4-7042046-7047396	5
0.552473202355122	0.256729060899456	0.341	0.277	1	chr15-57505044-57507600	5
0.552892128396087	0.439722690856652	0.22	0.191	1	chr17-78198577-78199678	5
0.553101362605666	0.332127549367375	0.268	0.213	1	chr11-47946605-47948543	5
0.554357728475508	0.314345513029554	0.317	0.277	1	chr19-8306815-8309015	5
0.554900896480868	0.307730507058621	0.366	0.298	1	chr9-104092791-104095330	5
0.556058309814078	0.284206648962191	0.317	0.255	1	chr1-42657304-42659581	5
0.556058309814078	0.258448932494583	0.317	0.255	1	chr20-5111864-5114214	5
0.556164648454547	0.273606907410736	0.293	0.213	1	chr3-58432857-58434478	5
0.556960118070381	0.251692533100955	0.39	0.34	1	chr6-31737682-31740927	5
0.556974842999178	0.41409746627609	0.195	0.149	1	chr1-44293469-44295130	5
0.556974842999178	0.319114345703396	0.195	0.149	1	chr1-206611616-206613023	5
0.556974842999178	0.398297567420318	0.195	0.149	1	chr6-43798472-43801211	5
0.556974842999178	0.41293295157195	0.195	0.149	1	chr8-1779847-1781853	5
0.556974842999178	0.414753969947181	0.195	0.149	1	chr8-80079454-80081816	5
0.556974842999178	0.477851406751753	0.195	0.149	1	chr9-91037015-91038564	5
0.556974842999178	0.42677645197634	0.195	0.149	1	chr9-115978367-115979692	5
0.556974842999178	0.412784834686374	0.195	0.149	1	chr13-77697178-77699692	5
0.556974842999178	0.383534621135529	0.195	0.149	1	chr20-44746857-44748119	5
0.556974842999178	0.45638588500664	0.195	0.149	1	chrX-47128737-47130031	5
0.557065297278644	0.25386662803417	0.463	0.383	1	chr7-100538330-100540588	5
0.557226409002926	0.431878055691735	0.244	0.213	1	chr15-63047693-63049715	5
0.557283708102696	0.275753827294647	0.415	0.34	1	chr21-25733269-25736822	5
0.558832646498101	0.368975240031886	0.293	0.234	1	chr6-36681982-36683637	5
0.558845839017542	0.258669528590112	0.22	0.149	1	chr6-150004384-150005987	5
0.558845839017542	0.341936209551992	0.22	0.149	1	chr15-48177294-48178769	5
0.558845839017542	0.298878490807558	0.22	0.149	1	chr16-69179187-69180381	5
0.559107789597594	0.266018406348969	0.366	0.319	1	chr1-203860192-203862718	5
0.560063468490716	0.452087569386994	0.171	0.128	1	chr1-3746132-3747770	5
0.560063468490716	0.495109737034165	0.171	0.128	1	chr2-102940260-102941317	5
0.560063468490716	0.429120726981736	0.171	0.128	1	chr3-113838330-113839510	5
0.560063468490716	0.516811725539406	0.171	0.128	1	chr5-178895425-178896777	5
0.560063468490716	0.472104888718293	0.171	0.128	1	chr9-4333309-4335221	5
0.560063468490716	0.44804143080899	0.171	0.128	1	chr11-62611523-62614913	5
0.560063468490716	0.399398947187223	0.171	0.128	1	chr17-45576402-45577570	5
0.560063468490716	0.482302253259101	0.171	0.128	1	chr18-46103857-46105430	5
0.560063468490716	0.462545226708217	0.171	0.128	1	chr22-25400501-25401601	5
0.560113094708612	0.340831753732073	0.22	0.17	1	chr1-66929528-66931224	5
0.560113094708612	0.422916334245796	0.22	0.17	1	chr2-177263131-177265735	5
0.560113094708612	0.395366109332992	0.22	0.17	1	chr7-100626263-100627659	5
0.560113094708612	0.350912908840936	0.22	0.17	1	chr9-113056026-113057232	5
0.560113094708612	0.380769613055842	0.22	0.17	1	chr15-42494833-42496296	5
0.560614977313281	0.295795662947916	0.268	0.213	1	chr16-67109243-67111862	5
0.560614977313281	0.35148653927576	0.268	0.213	1	chrX-49041784-49044449	5
0.560654494748558	0.383475980626043	0.415	0.362	1	chr6-110813535-110816521	5
0.560860877956145	0.38818389905275	0.22	0.191	1	chr5-50440211-50442149	5
0.561157769192764	0.37855125795938	0.244	0.191	1	chr2-32164604-32166582	5
0.561157769192764	0.385442366602042	0.244	0.191	1	chr3-149129005-149130602	5
0.561157769192764	0.347553982076257	0.244	0.191	1	chr12-75510703-75512272	5
0.561157769192764	0.392951084191989	0.244	0.191	1	chr16-68071822-68072980	5
0.561157769192764	0.352029489325092	0.244	0.191	1	chr17-76735834-76738902	5
0.563133358969369	0.3890360298666	0.317	0.255	1	chr9-75026849-75029097	5
0.563133358969369	0.291731386057605	0.317	0.255	1	chr13-113207852-113210541	5
0.564865996797694	0.332550819892702	0.244	0.17	1	chr3-128235210-128239523	5
0.56558043877223	0.422842944267786	0.195	0.149	1	chr1-44729032-44731715	5
0.56558043877223	0.479752850002531	0.195	0.149	1	chr1-231336844-231339347	5
0.56558043877223	0.437649438028516	0.195	0.149	1	chr3-14452269-14453613	5
0.56558043877223	0.369185774828899	0.195	0.149	1	chr10-102151437-102154247	5
0.56558043877223	0.308176202047748	0.195	0.149	1	chr12-10100669-10102171	5
0.56558043877223	0.432408831886209	0.195	0.149	1	chr12-12723470-12727038	5
0.56558043877223	0.380649299477829	0.195	0.149	1	chr15-39152727-39154772	5
0.56558043877223	0.483526606390882	0.195	0.149	1	chr20-10505080-10509290	5
0.566136436968803	0.351948580769555	0.293	0.234	1	chr7-56050187-56053032	5
0.566136436968803	0.25893361340991	0.293	0.234	1	chr11-64809547-64811279	5
0.568177682230413	0.303551393088386	0.268	0.213	1	chr1-152109128-152112456	5
0.568177682230413	0.406216586007114	0.268	0.213	1	chr3-71582029-71584735	5
0.568177682230413	0.292607455253201	0.268	0.213	1	chr7-90766442-90768629	5
0.568177682230413	0.397683004163225	0.268	0.213	1	chr10-73494886-73498109	5
0.568315229753651	0.391486071896526	0.22	0.17	1	chr1-45802608-45805004	5
0.568315229753651	0.363637480095397	0.22	0.17	1	chr3-174858403-174860879	5
0.568315229753651	0.367919233204143	0.22	0.17	1	chr21-16585963-16589560	5
0.568394498690732	0.31333602999825	0.366	0.298	1	chr16-67561154-67564732	5
0.568394498690732	0.259012937772628	0.366	0.298	1	chr17-81858297-81862208	5
0.56876580940261	0.353396478354938	0.268	0.191	1	chr1-43545215-43546789	5
0.56876580940261	0.269275830566616	0.268	0.191	1	chr7-98398168-98401873	5
0.568884820343157	0.476406325128766	0.22	0.191	1	chr3-141231198-141232924	5
0.569016712344774	0.301437902157349	0.244	0.191	1	chr1-12018810-12020534	5
0.569016712344774	0.292705218421655	0.244	0.191	1	chr3-168877702-168879005	5
0.569016712344774	0.31929018759259	0.244	0.191	1	chr5-80653797-80655902	5
0.569016712344774	0.354867297835125	0.244	0.191	1	chr16-3609865-3612536	5
0.569016712344774	0.331724460103551	0.244	0.191	1	chr19-17225693-17227380	5
0.56922382957262	0.46115281409498	0.171	0.128	1	chr1-40691243-40693455	5
0.56922382957262	0.480986546722972	0.171	0.128	1	chr1-94819564-94822243	5
0.56922382957262	0.39893403513061	0.171	0.128	1	chr2-231666001-231667003	5
0.56922382957262	0.327369828527242	0.171	0.128	1	chr4-6639619-6643686	5
0.56922382957262	0.471093689678586	0.171	0.128	1	chr7-64313217-64314854	5
0.56922382957262	0.473903058122655	0.171	0.128	1	chr7-149459090-149461275	5
0.56922382957262	0.377775874683948	0.171	0.128	1	chr8-46029028-46030122	5
0.56922382957262	0.411818628609604	0.171	0.128	1	chr10-21516117-21518532	5
0.56922382957262	0.39604456113338	0.171	0.128	1	chr12-53658359-53660406	5
0.56922382957262	0.393469530326696	0.171	0.128	1	chr16-23324388-23325514	5
0.56922382957262	0.386701736366337	0.171	0.128	1	chr16-55692432-55693305	5
0.56922382957262	0.419112981426083	0.171	0.128	1	chr19-47256091-47258167	5
0.56922382957262	0.466700251731778	0.171	0.128	1	chr20-542909-544534	5
0.56922382957262	0.474973524343544	0.171	0.128	1	chr20-14093177-14094319	5
0.56922382957262	0.489454019207817	0.171	0.128	1	chr20-46989810-46991193	5
0.569696511693935	0.29191036423457	0.366	0.34	1	chr1-95071797-95073861	5
0.570251543145771	0.256282789947946	0.317	0.255	1	chr10-38401578-38403710	5
0.571022652054484	0.254915356927776	0.293	0.213	1	chr18-26655806-26657704	5
0.571973190904452	0.255830627627714	0.317	0.234	1	chr8-131903356-131905329	5
0.572917253478416	0.354878657718747	0.244	0.17	1	chr3-44970235-44971755	5
0.572917253478416	0.296410553615827	0.244	0.17	1	chr6-128519383-128521527	5
0.574249399079496	0.381678338514913	0.195	0.149	1	chr3-52470871-52472730	5
0.574249399079496	0.425359747109342	0.195	0.149	1	chr6-131807224-131808749	5
0.574249399079496	0.37215948243081	0.195	0.149	1	chr14-21436701-21438072	5
0.574249399079496	0.447332490320906	0.195	0.149	1	chr19-570805-573723	5
0.574249399079496	0.484246235751049	0.195	0.149	1	chr20-8018702-8020356	5
0.574249399079496	0.25606994106508	0.195	0.149	1	chr21-32392081-32394844	5
0.575199629093855	0.250574879894023	0.366	0.298	1	chr9-130712257-130714010	5
0.575604753827491	0.323289503643098	0.293	0.255	1	chr16-9047190-9048649	5
0.575696407429635	0.329626462969	0.22	0.149	1	chr2-26785400-26786982	5
0.575788844839933	0.380524125205779	0.268	0.213	1	chr6-122398970-122400887	5
0.575878932308234	0.266742419760701	0.39	0.298	1	chr19-36488703-36490579	5
0.57657436708829	0.335694263600458	0.22	0.17	1	chr1-16947535-16949515	5
0.57657436708829	0.406327853080787	0.22	0.17	1	chr3-182738615-182741245	5
0.57657436708829	0.320458337852524	0.22	0.17	1	chr4-4289061-4291360	5
0.57657436708829	0.439791565907706	0.22	0.17	1	chr6-111550983-111553636	5
0.57657436708829	0.31506552996478	0.22	0.17	1	chr7-139690826-139693556	5
0.57657436708829	0.494737570822291	0.22	0.17	1	chr8-65716756-65719784	5
0.57657436708829	0.363168545304471	0.22	0.17	1	chr15-91032712-91033775	5
0.576927845709076	0.445179153113264	0.244	0.191	1	chr5-140690477-140692837	5
0.576927845709076	0.369563602593235	0.244	0.191	1	chr7-131326825-131329624	5
0.576927845709076	0.383893683081414	0.244	0.191	1	chr16-2007424-2010863	5
0.576963199807096	0.395813551442043	0.22	0.191	1	chr5-74326780-74329033	5
0.577412333916644	0.29848140593049	0.317	0.255	1	chr1-63522534-63524636	5
0.577412333916644	0.292277373603303	0.317	0.255	1	chr1-223142324-223144176	5
0.577412333916644	0.259723227048784	0.317	0.255	1	chr3-9969478-9971871	5
0.577768786827142	0.289215226815142	0.366	0.277	1	chr5-140321394-140324835	5
0.578455124723164	0.455657444274671	0.171	0.128	1	chr1-16091080-16091848	5
0.578455124723164	0.467884889776433	0.171	0.128	1	chr1-118116179-118119565	5
0.578455124723164	0.392926757600473	0.171	0.128	1	chr1-228902652-228904231	5
0.578455124723164	0.422005917662281	0.171	0.128	1	chr2-3469754-3471545	5
0.578455124723164	0.400891909139009	0.171	0.128	1	chr6-3711705-3713680	5
0.578455124723164	0.43877277763567	0.171	0.128	1	chr6-31794144-31796525	5
0.578455124723164	0.562661528247645	0.171	0.128	1	chr7-2477357-2479591	5
0.578455124723164	0.346748057664309	0.171	0.128	1	chr8-56027197-56029285	5
0.578455124723164	0.488036112858176	0.171	0.128	1	chr8-108205710-108207453	5
0.578455124723164	0.397832512343301	0.171	0.128	1	chr11-10390068-10391046	5
0.578455124723164	0.441035731433332	0.171	0.128	1	chr18-46915732-46918236	5
0.578455124723164	0.539088309146971	0.171	0.128	1	chr19-38057713-38059264	5
0.580202709765016	0.268231828390012	0.341	0.277	1	chr6-125153292-125156271	5
0.580879951458218	0.309782175669431	0.293	0.234	1	chr20-44909483-44912193	5
0.581231788837316	0.274391558845869	0.341	0.298	1	chr1-33035872-33037382	5
0.582980766923062	0.325024179518505	0.195	0.149	1	chr2-107808431-107810223	5
0.582980766923062	0.382937905106417	0.195	0.149	1	chr5-56950467-56952949	5
0.582980766923062	0.37390837305752	0.195	0.149	1	chr14-91276046-91278152	5
0.582980766923062	0.419223569017054	0.195	0.149	1	chr21-46457498-46459398	5
0.582980766923062	0.508910355568896	0.195	0.149	1	chrX-71282798-71285044	5
0.58344781639651	0.347345372032843	0.268	0.213	1	chr10-102431457-102433176	5
0.584327006989202	0.258192346859139	0.268	0.191	1	chr1-26691992-26694198	5
0.584889677473821	0.327284963891333	0.22	0.17	1	chr14-52706323-52708076	5
0.584889677473821	0.38097210627923	0.22	0.17	1	chr16-66509931-66514188	5
0.584890440214831	0.318923398198802	0.244	0.191	1	chr1-22451485-22453060	5
0.584890440214831	0.338639093195241	0.244	0.191	1	chr1-115713114-115715481	5
0.584890440214831	0.345292634015016	0.244	0.191	1	chr5-172419755-172421442	5
0.584890440214831	0.30240587820823	0.244	0.191	1	chrX-70454266-70456459	5
0.586564288091883	0.277101032885476	0.317	0.234	1	chr7-112422175-112425308	5
0.587756194826105	0.406536660500561	0.171	0.128	1	chr1-8181983-8183106	5
0.587756194826105	0.388446220804443	0.171	0.128	1	chr2-55268444-55270162	5
0.587756194826105	0.434059995327327	0.171	0.128	1	chr5-120463811-120466080	5
0.587756194826105	0.378230484666718	0.171	0.128	1	chr9-20356165-20358823	5
0.587756194826105	0.400332101656081	0.171	0.128	1	chr12-51984320-51985792	5
0.587756194826105	0.45612598813392	0.171	0.128	1	chr17-46107738-46110341	5
0.589181134880929	0.276536151747412	0.244	0.17	1	chr15-41773727-41775371	5
0.589181134880929	0.268761578535951	0.244	0.17	1	chr22-49950819-49955308	5
0.59115393206815	0.303780674317363	0.268	0.213	1	chr8-119767170-119769570	5
0.59115393206815	0.302683242920955	0.268	0.213	1	chr12-52903076-52905631	5
0.59115393206815	0.253934214373061	0.268	0.213	1	chr21-39347812-39350426	5
0.59177355799585	0.377079490925376	0.195	0.149	1	chr1-49346238-49347803	5
0.59177355799585	0.359396104827611	0.195	0.149	1	chr2-201779954-201782005	5
0.59177355799585	0.359448652849195	0.195	0.149	1	chr3-57691996-57693452	5
0.59177355799585	0.357472487487316	0.195	0.149	1	chr3-184259748-184262432	5
0.59177355799585	0.373878528644391	0.195	0.149	1	chr4-101209260-101213162	5
0.59177355799585	0.358473864441083	0.195	0.149	1	chr4-121695637-121697730	5
0.59177355799585	0.375468349109526	0.195	0.149	1	chr4-145936099-145939209	5
0.59177355799585	0.304821367603169	0.195	0.149	1	chr12-110613356-110614866	5
0.59177355799585	0.410218551150088	0.195	0.149	1	chr14-105090215-105094275	5
0.59177355799585	0.340329404827683	0.195	0.149	1	chr18-79711912-79713042	5
0.59177355799585	0.394284733805856	0.195	0.149	1	chr19-2031603-2033077	5
0.591859558601052	0.343166541533359	0.317	0.255	1	chr1-224502145-224504469	5
0.591859558601052	0.297688731147504	0.317	0.255	1	chr7-26863720-26865492	5
0.592181187510852	0.28494305366013	0.268	0.191	1	chr9-120792482-120794263	5
0.592181187510852	0.25019451127334	0.268	0.191	1	chr14-20412271-20414135	5
0.592903748101664	0.345576312489409	0.244	0.191	1	chr1-42455611-42457675	5
0.592903748101664	0.286267453767528	0.244	0.191	1	chr1-109739492-109741217	5
0.592903748101664	0.354599837567338	0.244	0.191	1	chr2-86440476-86443112	5
0.592903748101664	0.308742391990826	0.244	0.191	1	chr7-99407333-99410246	5
0.592903748101664	0.343124758840487	0.244	0.191	1	chr16-4415360-4417228	5
0.592903748101664	0.309651908037559	0.244	0.191	1	chr17-10696815-10698948	5
0.593260309421864	0.404269426017611	0.22	0.17	1	chr12-132083523-132085605	5
0.593260309421864	0.32731084213663	0.22	0.17	1	chr13-27826205-27827464	5
0.59430781362033	0.25571026307215	0.341	0.277	1	chr2-88690697-88692919	5
0.59430781362033	0.295684272209958	0.341	0.277	1	chr16-14632032-14634772	5
0.59430781362033	0.255824954799075	0.341	0.277	1	chr17-64081654-64084819	5
0.595800753102931	0.25365184365208	0.293	0.234	1	chr20-25622368-25625068	5
0.597090944557435	0.314794739360002	0.195	0.17	1	chr10-68526531-68528256	5
0.597125846279624	0.359900526221868	0.171	0.128	1	chr1-1153601-1154421	5
0.597125846279624	0.317119872514509	0.171	0.128	1	chr1-205477367-205478610	5
0.597125846279624	0.397154391666318	0.171	0.128	1	chr2-11669652-11670470	5
0.597125846279624	0.289365074437212	0.171	0.128	1	chr3-42502062-42503403	5
0.597125846279624	0.443035306546474	0.171	0.128	1	chr4-183438049-183439503	5
0.597125846279624	0.348221228364716	0.171	0.128	1	chr6-21824076-21825481	5
0.597125846279624	0.39980377867776	0.171	0.128	1	chr8-106059485-106061074	5
0.597125846279624	0.417906265225553	0.171	0.128	1	chr10-46022932-46023975	5
0.597125846279624	0.460187949862119	0.171	0.128	1	chr10-132444722-132449682	5
0.597125846279624	0.319341618750804	0.171	0.128	1	chr11-65013314-65015013	5
0.597125846279624	0.399123533390591	0.171	0.128	1	chr12-7374415-7375804	5
0.597125846279624	0.341685304677074	0.171	0.128	1	chr12-14513890-14514831	5
0.597125846279624	0.369283009849329	0.171	0.128	1	chr14-101822792-101824274	5
0.597125846279624	0.373571513449504	0.171	0.128	1	chr16-51761168-51763532	5
0.597125846279624	0.411983473928727	0.171	0.128	1	chr17-35586760-35590635	5
0.597125846279624	0.476363970882147	0.171	0.128	1	chr19-3499905-3501269	5
0.597125846279624	0.418429392086154	0.171	0.128	1	chr19-50383373-50385767	5
0.597469560105011	0.306352566674566	0.268	0.234	1	chr1-228099259-228105593	5
0.5989065110867	0.331247535472375	0.268	0.213	1	chr10-50603983-50608238	5
0.599144873048684	0.261210300664126	0.317	0.255	1	chr6-37818310-37821116	5
0.599144873048684	0.370631190970072	0.317	0.255	1	chr15-74613535-74617443	5
0.600626760970342	0.326713627112327	0.195	0.149	1	chr2-85601887-85604152	5
0.600626760970342	0.291016816438002	0.195	0.149	1	chr3-121545006-121547319	5
0.600626760970342	0.258170651894245	0.195	0.149	1	chr5-141865453-141867458	5
0.600626760970342	0.31710742439009	0.195	0.149	1	chr15-22785666-22787639	5
0.600626760970342	0.380561454862732	0.195	0.149	1	chr16-15672169-15673833	5
0.600626760970342	0.359306071113657	0.195	0.149	1	chr19-35040500-35042617	5
0.600626760970342	0.253834135331005	0.195	0.149	1	chr19-35994654-35996091	5
0.600967003103325	0.2577184569705	0.244	0.191	1	chr1-206539744-206541389	5
0.600967003103325	0.423004757498329	0.244	0.191	1	chr2-100290641-100292699	5
0.600967003103325	0.298853502162878	0.244	0.191	1	chr9-113579468-113582177	5
0.600967003103325	0.291287346947831	0.244	0.191	1	chr11-125624642-125627349	5
0.601685389422338	0.393108954462419	0.22	0.17	1	chr2-85353412-85355816	5
0.601685389422338	0.47141363972097	0.22	0.17	1	chr3-52606042-52608820	5
0.601685389422338	0.317667680102991	0.22	0.17	1	chr6-170305740-170307899	5
0.603326100027423	0.301299937720628	0.293	0.234	1	chr1-35768626-35770507	5
0.603326100027423	0.32344991652479	0.293	0.234	1	chr2-17878078-17880535	5
0.603326100027423	0.279676028746725	0.293	0.234	1	chr2-201070762-201072522	5
0.603326100027423	0.324229936527051	0.293	0.234	1	chr3-185796120-185797576	5
0.606470555387695	0.34371684505197	0.317	0.255	1	chr1-10032215-10035249	5
0.606470555387695	0.338553432986856	0.317	0.255	1	chrX-47215619-47219979	5
0.606562851398901	0.353230737057025	0.171	0.128	1	chr1-43235095-43236386	5
0.606562851398901	0.347281005102136	0.171	0.128	1	chr1-53237582-53239656	5
0.606562851398901	0.395274294291548	0.171	0.128	1	chr1-109151014-109152965	5
0.606562851398901	0.449202036965963	0.171	0.128	1	chr1-220630917-220631928	5
0.606562851398901	0.434293341910765	0.171	0.128	1	chr1-222104614-222106006	5
0.606562851398901	0.379983850037133	0.171	0.128	1	chr1-226697047-226699233	5
0.606562851398901	0.370164948430926	0.171	0.128	1	chr2-130850111-130852459	5
0.606562851398901	0.352339310580545	0.171	0.128	1	chr4-45970618-45971765	5
0.606562851398901	0.347451982901341	0.171	0.128	1	chr4-158019725-158021538	5
0.606562851398901	0.466048783073278	0.171	0.128	1	chr5-127875241-127876315	5
0.606562851398901	0.370685950325938	0.171	0.128	1	chr7-151818674-151820125	5
0.606562851398901	0.283402969846983	0.171	0.128	1	chr10-47383831-47385087	5
0.606562851398901	0.382497174752627	0.171	0.128	1	chr10-97447641-97448891	5
0.606562851398901	0.322650985460554	0.171	0.128	1	chr11-47354765-47355943	5
0.606562851398901	0.402621234478812	0.171	0.128	1	chr12-56751126-56752693	5
0.60907942064257	0.314922988879496	0.244	0.191	1	chr1-236514060-236518009	5
0.60907942064257	0.330936492953484	0.244	0.191	1	chr2-42359139-42362605	5
0.60907942064257	0.254187855651308	0.244	0.191	1	chr2-168246046-168248253	5
0.60907942064257	0.279755647811422	0.244	0.191	1	chr8-143738091-143741694	5
0.60907942064257	0.307306419602918	0.244	0.191	1	chr15-49169681-49171412	5
0.609539337807009	0.296345465136728	0.195	0.149	1	chr3-156825617-156827465	5
0.609539337807009	0.29339367992964	0.195	0.149	1	chr8-40054201-40055898	5
0.609539337807009	0.275857742836262	0.195	0.149	1	chr10-78028511-78030370	5
0.609539337807009	0.328297580032148	0.195	0.149	1	chr11-22673842-22675551	5
0.609539337807009	0.33653019200818	0.195	0.149	1	chr15-70762181-70764404	5
0.609539337807009	0.310242097676088	0.195	0.149	1	chr20-38604394-38605597	5
0.609539337807009	0.299125624835495	0.195	0.149	1	chrX-49878348-49881281	5
0.609805259531656	0.277428528449953	0.22	0.191	1	chr1-37807117-37809502	5
0.609805259531656	0.302900131195715	0.22	0.191	1	chr11-74068459-74071753	5
0.610164022185976	0.278899195206291	0.22	0.17	1	chr9-86045443-86047560	5
0.610164022185976	0.303277191132744	0.22	0.17	1	chr16-89170320-89172169	5
0.610164022185976	0.28076342173551	0.22	0.17	1	chr19-49849863-49852370	5
0.610269832521458	0.340430040615489	0.39	0.319	1	chr2-30216699-30218672	5
0.611270049611855	0.344041737862076	0.317	0.277	1	chr14-50230297-50233917	5
0.614548257376689	0.253453635654484	0.268	0.213	1	chr1-161037663-161039789	5
0.614548257376689	0.287084262448934	0.268	0.213	1	chr3-49718716-49721596	5
0.614548257376689	0.266420567833929	0.268	0.213	1	chrX-150567944-150569505	5
0.61606594884679	0.383106091544206	0.171	0.128	1	chr1-62621786-62622514	5
0.61606594884679	0.328361768304132	0.171	0.128	1	chr1-162069139-162071042	5
0.61606594884679	0.29649722616364	0.171	0.128	1	chr1-180125992-180128492	5
0.61606594884679	0.366533990676391	0.171	0.128	1	chr2-216108358-216110753	5
0.61606594884679	0.295458332559037	0.171	0.128	1	chr3-14434039-14435814	5
0.61606594884679	0.38989241327037	0.171	0.128	1	chr3-49428874-49430257	5
0.61606594884679	0.363114562762509	0.171	0.128	1	chr3-128285374-128286884	5
0.61606594884679	0.352622498440116	0.171	0.128	1	chr5-99900141-99901182	5
0.61606594884679	0.291687853049487	0.171	0.128	1	chr6-36984815-36987562	5
0.61606594884679	0.259556735268808	0.171	0.128	1	chr6-87700422-87703033	5
0.61606594884679	0.293224487889077	0.171	0.128	1	chr7-44489756-44491369	5
0.61606594884679	0.341236593961323	0.171	0.128	1	chr8-28700724-28703052	5
0.61606594884679	0.33904972391106	0.171	0.128	1	chr11-118620699-118623692	5
0.61606594884679	0.369516942908077	0.171	0.128	1	chr16-90077011-90078205	5
0.61606594884679	0.31713968914111	0.171	0.128	1	chr18-49730692-49732700	5
0.61651931806735	0.298069980400706	0.439	0.34	1	chr4-139553937-139558216	5
0.616694429105887	0.252133504152344	0.293	0.213	1	chr1-27487855-27491032	5
0.61681717009731	0.261920821094703	0.366	0.298	1	chr4-185208692-185212051	5
0.617240198037171	0.258980626348954	0.244	0.191	1	chr2-190466995-190470684	5
0.617240198037171	0.342537546512863	0.244	0.191	1	chr14-24187760-24189625	5
0.618143777087679	0.25648772000781	0.22	0.191	1	chr10-1726563-1727478	5
0.618143777087679	0.297871321654769	0.22	0.191	1	chr12-11170735-11172591	5
0.618143777087679	0.289191462902309	0.22	0.191	1	chr12-115398065-115399080	5
0.618434989415389	0.289367004568451	0.488	0.426	1	chr10-35640284-35643640	5
0.618503492328632	0.284446978782286	0.293	0.234	1	chr1-24641659-24645721	5
0.618510224082347	0.312097154526444	0.195	0.149	1	chr12-120100127-120103062	5
0.618510224082347	0.32659089901118	0.195	0.149	1	chr20-18587439-18588792	5
0.618695290901283	0.311334010950056	0.22	0.17	1	chr1-77758191-77760374	5
0.618695290901283	0.304715466300941	0.22	0.17	1	chr7-155916978-155919860	5
0.618695290901283	0.335586412713598	0.22	0.17	1	chr8-53903060-53904051	5
0.618695290901283	0.343005023797148	0.22	0.17	1	chr10-31317995-31319802	5
0.618695290901283	0.357434059791008	0.22	0.17	1	chr14-88562351-88564528	5
0.620009218769743	0.31879169395887	0.293	0.255	1	chr6-157198180-157199409	5
0.620009218769743	0.31043254418789	0.293	0.255	1	chr15-90387489-90388999	5
0.620009218769743	0.277015983848048	0.293	0.255	1	chr19-3572058-3574421	5
0.620044710156997	0.304577944676144	0.244	0.213	1	chr2-162343490-162344972	5
0.620044710156997	0.300516288358024	0.244	0.213	1	chr3-171459463-171461637	5
0.621240650306346	0.274187059500428	0.317	0.255	1	chr1-42333679-42336702	5
0.621240650306346	0.288054726267197	0.317	0.255	1	chr9-38619517-38621481	5
0.622435984910411	0.262962757178265	0.268	0.213	1	chr6-104858766-104860647	5
0.622435984910411	0.277415655300543	0.268	0.213	1	chr9-97921778-97924177	5
0.625448514716993	0.256016975104908	0.244	0.191	1	chr7-149237503-149241192	5
0.625448514716993	0.255791929948855	0.244	0.191	1	chr10-68900411-68902296	5
0.625633844092396	0.398240476910515	0.171	0.128	1	chr1-28668000-28670236	5
0.625633844092396	0.293686228422555	0.171	0.128	1	chr2-25617901-25619393	5
0.625633844092396	0.267433474354231	0.171	0.128	1	chr5-149128067-149131462	5
0.625633844092396	0.336002115906177	0.171	0.128	1	chr5-171610457-171611449	5
0.625633844092396	0.364860070366283	0.171	0.128	1	chr9-89664613-89665565	5
0.625633844092396	0.277935494717664	0.171	0.128	1	chr9-124257497-124260177	5
0.625633844092396	0.275034583518242	0.171	0.128	1	chr10-119176695-119179515	5
0.625633844092396	0.293771383242863	0.171	0.128	1	chr13-42271170-42272961	5
0.625633844092396	0.362384276108394	0.171	0.128	1	chr14-91149131-91150389	5
0.625633844092396	0.325712365098761	0.171	0.128	1	chr15-33149833-33151248	5
0.625633844092396	0.415273036327229	0.171	0.128	1	chr17-73564503-73565644	5
0.625633844092396	0.294541732735914	0.171	0.128	1	chr19-17718683-17720629	5
0.625892693947624	0.276733181474896	0.317	0.277	1	chr12-94458521-94461100	5
0.626154219558975	0.374729449045727	0.293	0.234	1	chr17-40098169-40101536	5
0.62690557911309	0.481673892699055	0.171	0.149	1	chr13-33227588-33228979	5
0.627278257505865	0.268793986020984	0.22	0.17	1	chr1-85297211-85299158	5
0.627278257505865	0.257392778191391	0.22	0.17	1	chr1-161529680-161531725	5
0.627278257505865	0.334996271116128	0.22	0.17	1	chr2-46041110-46043056	5
0.627278257505865	0.335925241589791	0.22	0.17	1	chr7-23530300-23532650	5
0.627278257505865	0.271433940019625	0.22	0.17	1	chr8-69763780-69765140	5
0.627278257505865	0.369346914350384	0.22	0.17	1	chr9-33816323-33818957	5
0.627278257505865	0.334395722107195	0.22	0.17	1	chr9-83218393-83220415	5
0.627278257505865	0.35524837025562	0.22	0.17	1	chr12-49059018-49061696	5
0.62753832933636	0.27531133707527	0.195	0.149	1	chr2-99488403-99490988	5
0.62753832933636	0.4967664112403	0.195	0.149	1	chr5-139146705-139150435	5
0.62753832933636	0.330271169761528	0.195	0.149	1	chr7-101077280-101078228	5
0.62753832933636	0.306107303068803	0.195	0.149	1	chr9-129822981-129824565	5
0.62753832933636	0.309001859094492	0.195	0.149	1	chr13-27170493-27172883	5
0.62753832933636	0.31168854642051	0.195	0.149	1	chr17-1489945-1492316	5
0.62753832933636	0.35829784344984	0.195	0.149	1	chr17-57016360-57017398	5
0.62753832933636	0.270533496833823	0.195	0.149	1	chr19-7196975-7198779	5
0.62753832933636	0.332687068317801	0.195	0.149	1	chr20-62227525-62229159	5
0.628109411652207	0.271708411194402	0.244	0.213	1	chr1-222464567-222466166	5
0.628357960050182	0.337803180932729	0.268	0.234	1	chr4-38662993-38665596	5
0.630237941861578	0.264531075734423	0.341	0.277	1	chr15-84980109-84982810	5
0.633703532452059	0.258386558353146	0.244	0.191	1	chr3-42476009-42477575	5
0.633703532452059	0.280294051891946	0.244	0.191	1	chr5-65562524-65564930	5
0.633703532452059	0.29402540709197	0.244	0.191	1	chr6-33417210-33418940	5
0.63496835405871	0.376922484967545	0.22	0.191	1	chr5-134173956-134178358	5
0.63496835405871	0.322959606196258	0.22	0.191	1	chr13-113488657-113492224	5
0.635135593293105	0.323071448307107	0.293	0.255	1	chr8-134711135-134713982	5
0.635265209897333	0.270112115955242	0.171	0.128	1	chr1-1073541-1075086	5
0.635265209897333	0.345101155072191	0.171	0.128	1	chr1-8014892-8018036	5
0.635265209897333	0.319266157111386	0.171	0.128	1	chr2-189673677-189675217	5
0.635265209897333	0.293036498725981	0.171	0.128	1	chr2-209368293-209369725	5
0.635265209897333	0.312328483207791	0.171	0.128	1	chr7-5486510-5488264	5
0.635265209897333	0.348251429585341	0.171	0.128	1	chr7-76293308-76295314	5
0.635265209897333	0.361421868681555	0.171	0.128	1	chr9-107504220-107505415	5
0.635265209897333	0.307915401212542	0.171	0.128	1	chr9-135438339-135439438	5
0.635265209897333	0.370247752274398	0.171	0.128	1	chr12-122752145-122753921	5
0.635265209897333	0.289633132914186	0.171	0.128	1	chr19-6463745-6465356	5
0.635265209897333	0.344213694397045	0.171	0.128	1	chr19-38661718-38662647	5
0.635265209897333	0.334614931110855	0.171	0.128	1	chr22-46660305-46661965	5
0.635911962971998	0.273474741831406	0.22	0.17	1	chr6-163412957-163417188	5
0.635911962971998	0.295281510412163	0.22	0.17	1	chr7-30134285-30136180	5
0.635911962971998	0.268176727511643	0.22	0.17	1	chr9-81716568-81718605	5
0.635911962971998	0.286321553080611	0.22	0.17	1	chr14-91087080-91088891	5
0.636164977101007	0.256663425568647	0.317	0.255	1	chr1-168905571-168907965	5
0.636164977101007	0.295940670795649	0.317	0.255	1	chr6-109439475-109442158	5
0.636185760453528	0.326693264436184	0.268	0.234	1	chr7-32889779-32893285	5
0.636218759256138	0.310256854397661	0.244	0.213	1	chr14-24135385-24137433	5
0.636249292241221	0.468195480181275	0.171	0.149	1	chr9-94258653-94260005	5
0.636249292241221	0.354605184941493	0.171	0.149	1	chr9-104967743-104969443	5
0.636622537439355	0.317941162664198	0.195	0.149	1	chr1-85258766-85260355	5
0.636622537439355	0.301633188723311	0.195	0.149	1	chr5-116084110-116086539	5
0.636622537439355	0.303618521911256	0.195	0.149	1	chr6-34248042-34249713	5
0.636622537439355	0.312184582090509	0.195	0.149	1	chr7-66843824-66845966	5
0.636622537439355	0.344228586898371	0.195	0.149	1	chr7-100478324-100479818	5
0.636622537439355	0.255783829991662	0.195	0.149	1	chr12-55939735-55940894	5
0.636622537439355	0.301686418321149	0.195	0.149	1	chr19-14549924-14551912	5
0.638011025529859	0.26861336405962	0.39	0.319	1	chr7-23012805-23014615	5
0.638109028843391	0.250341927937224	0.366	0.298	1	chr3-66220024-66221993	5
0.641576341092234	0.351407966915609	0.293	0.234	1	chr6-83067308-83069328	5
0.642004395591514	0.258649852789973	0.244	0.191	1	chr14-35331528-35333595	5
0.642004395591514	0.281135638822801	0.244	0.191	1	chr17-28233192-28234895	5
0.642004395591514	0.269457281653981	0.244	0.191	1	chr18-22044014-22045859	5
0.643452604787997	0.316535108349791	0.22	0.191	1	chr7-106058076-106059272	5
0.644219078014131	0.256222119399254	0.39	0.362	1	chr16-22189724-22192565	5
0.644595427606322	0.316415965232956	0.22	0.17	1	chr19-48713186-48714817	5
0.644958686829398	0.278071672272318	0.171	0.128	1	chr1-17437501-17442297	5
0.644958686829398	0.300315485904861	0.171	0.128	1	chr1-25904925-25906907	5
0.644958686829398	0.297109055404179	0.171	0.128	1	chr1-179929727-179932485	5
0.644958686829398	0.287595315238409	0.171	0.128	1	chr5-149546020-149547615	5
0.644958686829398	0.277992565157748	0.171	0.128	1	chr7-26151664-26152788	5
0.644958686829398	0.296182955217213	0.171	0.128	1	chr8-52753782-52755130	5
0.644958686829398	0.287751137260923	0.171	0.128	1	chr9-130041743-130043791	5
0.644958686829398	0.280727533072916	0.171	0.128	1	chr10-21495363-21497653	5
0.644958686829398	0.348773765261438	0.171	0.128	1	chr12-53803702-53805297	5
0.644958686829398	0.321335591071235	0.171	0.128	1	chr14-96204199-96205476	5
0.644958686829398	0.307119828950177	0.171	0.128	1	chr17-18128626-18129716	5
0.644958686829398	0.444028714613158	0.171	0.128	1	chr17-48624936-48626881	5
0.644958686829398	0.263750769155717	0.171	0.128	1	chr19-32923942-32924920	5
0.644958686829398	0.326531905336433	0.171	0.128	1	chr19-50835378-50836686	5
0.644958686829398	0.316156921992459	0.171	0.128	1	chr20-44650983-44653292	5
0.645028325481321	0.270463966976332	0.39	0.319	1	chr11-34628289-34635993	5
0.645651241158994	0.441251069120996	0.171	0.149	1	chr1-145978879-145980182	5
0.645761706977874	0.259148663592523	0.195	0.149	1	chr1-85426889-85428818	5
0.645761706977874	0.264230735722185	0.195	0.149	1	chr1-228086777-228093662	5
0.645761706977874	0.256938844653413	0.195	0.149	1	chr3-189303264-189305832	5
0.645761706977874	0.2888004648608	0.195	0.149	1	chr5-16271747-16272778	5
0.645761706977874	0.315768311040148	0.195	0.149	1	chr13-75802729-75803797	5
0.648103821836146	0.283252135942927	0.317	0.277	1	chr2-200962572-200964646	5
0.649346338179381	0.270483377225594	0.293	0.234	1	chr9-89440062-89442079	5
0.649854568891389	0.316863043409375	0.195	0.17	1	chr20-31879080-31880580	5
0.650350231313386	0.262289803907368	0.244	0.191	1	chr1-150007992-150011460	5
0.650350231313386	0.342270132646922	0.244	0.191	1	chr10-12128895-12130825	5
0.650350231313386	0.286587129959239	0.244	0.191	1	chr16-2829258-2831013	5
0.650415811636334	0.38016590139934	0.293	0.255	1	chr1-233326665-233328600	5
0.651669517481491	0.292498408747644	0.39	0.34	1	chr5-179731787-179734726	5
0.65207738305556	0.28074187578283	0.39	0.319	1	chr1-201982005-201984162	5
0.65256812897696	0.338132795027861	0.244	0.213	1	chr1-203304704-203307391	5
0.65256812897696	0.354655001327972	0.244	0.213	1	chr2-86193848-86196317	5
0.653327651363518	0.257825353271583	0.22	0.17	1	chr5-54295644-54297187	5
0.653327651363518	0.254581905271088	0.22	0.17	1	chr6-4017319-4019484	5
0.653327651363518	0.25712516969932	0.22	0.17	1	chr10-64573126-64575191	5
0.653327651363518	0.254131196137001	0.22	0.17	1	chr11-74397349-74399347	5
0.654415084562438	0.260409758147851	0.268	0.213	1	chr11-235548-237550	5
0.654712883803387	0.352680522363743	0.171	0.128	1	chr1-167682994-167684548	5
0.654712883803387	0.352124827887775	0.171	0.128	1	chr1-181104316-181106207	5
0.654712883803387	0.322801876369892	0.171	0.128	1	chr2-74008875-74011627	5
0.654712883803387	0.287544190157038	0.171	0.128	1	chr3-72316705-72319340	5
0.654712883803387	0.314445053036008	0.171	0.128	1	chr6-33579446-33580769	5
0.654712883803387	0.295602115075727	0.171	0.128	1	chr7-55555472-55556777	5
0.654712883803387	0.310617948755787	0.171	0.128	1	chr8-91107232-91108733	5
0.654954671659543	0.277612128488874	0.195	0.149	1	chr6-38638941-38640635	5
0.654954671659543	0.306240103552478	0.195	0.149	1	chr16-30984363-30986220	5
0.654954671659543	0.426769406767138	0.195	0.149	1	chr22-24270267-24271994	5
0.655932306934128	0.267202281383614	0.293	0.213	1	chr3-10141248-10143185	5
0.65715467331734	0.286345136754155	0.293	0.234	1	chr9-92764078-92766139	5
0.65715467331734	0.362137752277137	0.293	0.234	1	chr10-71212015-71213806	5
0.658740149885035	0.274196946155786	0.244	0.191	1	chr7-45690348-45692253	5
0.658831621522709	0.286801519435656	0.195	0.17	1	chr18-62485752-62486967	5
0.660560368886303	0.303688281267809	0.22	0.191	1	chr1-1781486-1783819	5
0.663088792284376	0.25316904552913	0.317	0.277	1	chr3-66472051-66477565	5
0.663419750794278	0.309227719684918	0.317	0.319	1	chr1-117118606-117122803	5
0.664200240736661	0.33890959838738	0.195	0.149	1	chr4-169756713-169758481	5
0.664200240736661	0.301977664670211	0.195	0.149	1	chr11-62908522-62910068	5
0.664200240736661	0.291861419034699	0.195	0.149	1	chr11-64923728-64925400	5
0.664200240736661	0.287237414413456	0.195	0.149	1	chr13-113980839-113981854	5
0.664200240736661	0.290767071599254	0.195	0.149	1	chr14-24080729-24082049	5
0.664200240736661	0.253050936157136	0.195	0.149	1	chr19-39165941-39168156	5
0.664526378648717	0.25024836050181	0.171	0.128	1	chr3-43285754-43287863	5
0.664526378648717	0.266304351949605	0.171	0.128	1	chr9-96048155-96049969	5
0.664526378648717	0.270665490644276	0.171	0.128	1	chr15-44662351-44664273	5
0.664534467329425	0.262518490855115	0.512	0.447	1	chr3-23944604-23948022	5
0.667173244934177	0.281389278336588	0.244	0.191	1	chr16-53510203-53512146	5
0.667858106025772	0.272211483746483	0.195	0.17	1	chr8-41664787-41666214	5
0.669086135063973	0.376509455075884	0.244	0.213	1	chr2-161159112-161161743	5
0.669086135063973	0.284763419389933	0.244	0.213	1	chr4-169611815-169613779	5
0.669181962685503	0.292428443501158	0.22	0.191	1	chr1-102836690-102838672	5
0.670650578076367	0.3200159141237	0.244	0.234	1	chr14-34460810-34463115	5
0.670934276284267	0.31888388746834	0.22	0.17	1	chr3-136276957-136278494	5
0.670934276284267	0.284473082242573	0.22	0.17	1	chr6-107027695-107029278	5
0.670934276284267	0.302734034600859	0.22	0.17	1	chr7-45977736-45979123	5
0.670934276284267	0.298946293616247	0.22	0.17	1	chr17-82518858-82522537	5
0.672883423969606	0.318742470488667	0.268	0.255	1	chr8-142725259-142728887	5
0.672883423969606	0.285002300033096	0.268	0.255	1	chrX-30887699-30890128	5
0.673497199448261	0.290067560529043	0.195	0.149	1	chr8-140192052-140193102	5
0.673497199448261	0.30880779511628	0.195	0.149	1	chr16-77721884-77723486	5
0.674193669058563	0.553985290954236	0.171	0.149	1	chr9-121121195-121122676	5
0.674397718703513	0.289167918713486	0.171	0.128	1	chr1-11011744-11013657	5
0.674397718703513	0.282029560128577	0.171	0.128	1	chr1-67189895-67191637	5
0.674397718703513	0.260622715250306	0.171	0.128	1	chr3-154059492-154061261	5
0.674397718703513	0.309706452312305	0.171	0.128	1	chr6-28212115-28213447	5
0.674397718703513	0.304055919647255	0.171	0.128	1	chr19-3625863-3627518	5
0.674530982824295	0.304304547246025	0.317	0.298	1	chr4-143512681-143515269	5
0.675648593730351	0.273539785951569	0.244	0.191	1	chr10-12264056-12266407	5
0.676932890741935	0.322830561905564	0.195	0.17	1	chr5-159469463-159470644	5
0.676932890741935	0.42567390296176	0.195	0.17	1	chr19-19617947-19619550	5
0.677406220685486	0.280169588379129	0.244	0.213	1	chr1-94068211-94070712	5
0.677406220685486	0.262069096611671	0.244	0.213	1	chr2-219217501-219219717	5
0.677847388193124	0.35649459896065	0.22	0.191	1	chr1-171342739-171345003	5
0.677847388193124	0.337968545291377	0.22	0.191	1	chr4-48602162-48605206	5
0.677847388193124	0.305094088123036	0.22	0.191	1	chr10-33332136-33337636	5
0.67882696769857	0.29593521353555	0.268	0.213	1	chr16-28291439-28293657	5
0.682844309480408	0.262407018047961	0.195	0.149	1	chrX-54529466-54531310	5
0.683815592531154	0.355876615488038	0.171	0.149	1	chr8-100017645-100018543	5
0.683983700099135	0.280756238987991	0.268	0.234	1	chr3-69012517-69015265	5
0.684165257476695	0.284049474997803	0.244	0.191	1	chr10-59708914-59710730	5
0.684325421434769	0.27764503130429	0.171	0.128	1	chr12-116275739-116278257	5
0.685765848218238	0.346413192119319	0.244	0.213	1	chr12-56220490-56222851	5
0.686054822975525	0.305415490907478	0.195	0.17	1	chr1-6600362-6603543	5
0.686054822975525	0.290019586646191	0.195	0.17	1	chr5-123035251-123037579	5
0.686054822975525	0.371497724650228	0.195	0.17	1	chr9-35078926-35080725	5
0.686054822975525	0.27786329816259	0.195	0.17	1	chr14-75254157-75255671	5
0.686054822975525	0.36365945359658	0.195	0.17	1	chr16-568232-571203	5
0.686555641490715	0.316727671763213	0.22	0.191	1	chr17-75455973-75457606	5
0.688723443118693	0.290519428430147	0.22	0.17	1	chr5-147835028-147836968	5
0.688723443118693	0.269888206326917	0.22	0.17	1	chr17-41810714-41814699	5
0.69207139117106	0.255905684426838	0.366	0.319	1	chr2-200810032-200813270	5
0.69208129195335	0.281000879857343	0.268	0.234	1	chr13-99980030-99984099	5
0.693461522182337	0.251650500387701	0.317	0.277	1	chr4-129091995-129094303	5
0.694307975084168	0.312922357623379	0.171	0.128	1	chr1-155037913-155039587	5
0.694307975084168	0.288096038870487	0.171	0.128	1	chr19-36136381-36137698	5
0.694307975084168	0.272305095051298	0.171	0.128	1	chr22-29387746-29389122	5
0.695222729419194	0.26723813134269	0.195	0.17	1	chr5-57862258-57864007	5
0.695222729419194	0.300545276389261	0.195	0.17	1	chrX-153969549-153973745	5
0.695292814831663	0.287342110745704	0.268	0.213	1	chr6-8101301-8103291	5
0.695292814831663	0.254068444984095	0.268	0.213	1	chr17-3635361-3637375	5
0.695305701603422	0.26925720438396	0.22	0.191	1	chr3-53154842-53157119	5
0.695305701603422	0.264715042496886	0.22	0.191	1	chr5-138491160-138492698	5
0.697683773178986	0.298627059400285	0.22	0.17	1	chr10-49418553-49419626	5
0.702792314270328	0.267916750134286	0.415	0.362	1	chr9-70409739-70414986	5
0.703212893019436	0.37697881167444	0.171	0.149	1	chr10-5070971-5072526	5
0.704343839339125	0.29193339051351	0.171	0.128	1	chr2-209390509-209392456	5
0.704435416594262	0.321573334865678	0.195	0.17	1	chr10-73245856-73248117	5
0.704435416594262	0.315693545423303	0.195	0.17	1	chr19-40603279-40606768	5
0.704435416594262	0.265842235851412	0.195	0.17	1	chrX-135051118-135052720	5
0.704711517291991	0.262450539080516	0.317	0.298	1	chr3-138593305-138595341	5
0.708381707895068	0.324398672646043	0.268	0.234	1	chr5-72264542-72269573	5
0.712927075200133	0.288655166544097	0.22	0.191	1	chr12-100199228-100201884	5
0.712927075200133	0.272046278736571	0.22	0.191	1	chr17-60134755-60136064	5
0.712985442456354	0.381022393906637	0.171	0.149	1	chr3-129248366-129250592	5
0.713691671305798	0.273419922659076	0.195	0.17	1	chr7-55571307-55574717	5
0.713691671305798	0.422793870975987	0.195	0.17	1	chr17-12020311-12021911	5
0.719581504225714	0.255502645192799	0.244	0.213	1	chr2-96335117-96336722	5
0.720911339984978	0.25294244135213	0.293	0.234	1	chr5-131162944-131166192	5
0.721796264652178	0.256884793647966	0.22	0.191	1	chr16-2775975-2779068	5
0.722805332495883	0.279210871056581	0.171	0.149	1	chr3-57014299-57015763	5
0.722805332495883	0.290332814489809	0.171	0.149	1	chr5-61599189-61600673	5
0.722990261112141	0.268336007185203	0.195	0.17	1	chr13-44576183-44578447	5
0.722990261112141	0.287132367482047	0.195	0.17	1	chr18-50373770-50375581	5
0.730703013608921	0.28833686933892	0.22	0.191	1	chr1-14497468-14500526	5
0.730703013608921	0.260366425484747	0.22	0.191	1	chrX-16785557-16787642	5
0.732329934808588	0.321685878026729	0.195	0.17	1	chr7-139430282-139432360	5
0.732329934808588	0.286155292257519	0.195	0.17	1	chr19-17074102-17077293	5
0.732671089579833	0.271349629010524	0.171	0.149	1	chr3-71657788-71658836	5
0.732671089579833	0.306152428481505	0.171	0.149	1	chr10-97632675-97634366	5
0.736566534358008	0.368179170525642	0.293	0.277	1	chr1-2522986-2528650	5
0.73670244162777	0.253984669298662	0.244	0.213	1	chr4-112112498-112114193	5
0.737179991367479	0.258082794025013	0.268	0.255	1	chr11-108466445-108467871	5
0.739646221273322	0.287851113244238	0.22	0.191	1	chr9-6079707-6080915	5
0.741709422924919	0.324308324036818	0.195	0.17	1	chr1-6204861-6207120	5
0.741709422924919	0.251145991998873	0.195	0.17	1	chr4-48126726-48128530	5
0.742581217399195	0.335994744701549	0.171	0.149	1	chr2-197433567-197436534	5
0.742581217399195	0.312024994861007	0.171	0.149	1	chr8-127090084-127094235	5
0.748624772050704	0.25323726104329	0.22	0.191	1	chr7-64793871-64796142	5
0.751127438236454	0.25822536243821	0.195	0.17	1	chr17-28854250-28855483	5
0.752534197566291	0.28833305392345	0.171	0.149	1	chr4-147116871-147119139	5
0.752534197566291	0.268360926956192	0.171	0.149	1	chr6-31734724-31736875	5
0.752534197566291	0.250654586027717	0.171	0.149	1	chr7-341474-343150	5
0.752534197566291	0.27355905710822	0.171	0.149	1	chr7-105939781-105940947	5
0.754017799662239	0.3614951193231	0.244	0.234	1	chr17-41929801-41931134	5
0.76058267628829	0.334614562208232	0.195	0.17	1	chr1-212413657-212415359	5
0.76058267628829	0.25641445555446	0.195	0.17	1	chr9-115494341-115496085	5
0.76058267628829	0.335446435768736	0.195	0.17	1	chrX-47835765-47837188	5
0.76252849030523	0.384677224819373	0.171	0.149	1	chr8-73173966-73174979	5
0.76253384653137	0.279743246517396	0.244	0.234	1	chr19-55475827-55477638	5
0.766683369064196	0.292930286458761	0.22	0.191	1	chr1-16607876-16609022	5
0.768488062048877	0.27357430343403	0.293	0.277	1	chr3-39140453-39142688	5
0.770073815932373	0.299651206112079	0.195	0.17	1	chr10-95906710-95908598	5
0.770073815932373	0.261985208175876	0.195	0.17	1	chr14-92792800-92795412	5
0.770793771374758	0.316294487462796	0.195	0.191	1	chr15-48877576-48878774	5
0.772562535160143	0.283760785033088	0.171	0.149	1	chr7-99464826-99466678	5
0.772562535160143	0.365370761916705	0.171	0.149	1	chr15-51750987-51752727	5
0.772562535160143	0.27250521219967	0.171	0.149	1	chr18-50099635-50100589	5
0.779651497983732	0.303573527634066	0.244	0.234	1	chr15-90901795-90904448	5
0.782634751720663	0.285802575510616	0.171	0.149	1	chr1-69566858-69568810	5
0.782634751720663	0.325388800052838	0.171	0.149	1	chr8-144136325-144138902	5
0.782634751720663	0.27089981598531	0.171	0.149	1	chr19-5131803-5132867	5
0.782634751720663	0.267174047394998	0.171	0.149	1	chrX-110001241-110003568	5
0.789158435248693	0.255086144221381	0.195	0.17	1	chr1-109040554-109042728	5
0.789158435248693	0.26280134582774	0.195	0.17	1	chr9-129166332-129168464	5
0.789423964187363	0.317473646552708	0.195	0.191	1	chr4-48830427-48832121	5
0.789423964187363	0.372493452734272	0.195	0.191	1	chr8-86289646-86291153	5
0.791763389978714	0.253982670860128	0.268	0.234	1	chr6-7389109-7390873	5
0.792743540364086	0.397829719857737	0.171	0.149	1	chr4-86972729-86974396	5
0.81618923631238	0.257877289835521	0.22	0.213	1	chr12-73383269-73385229	5
0.823273070411501	0.2926763235273	0.171	0.149	1	chr19-12800685-12802902	5
0.827698640583852	0.266784365158178	0.195	0.17	1	chr6-138986678-138989758	5
0.949096519766559	0.25387053338945	0.171	0.17	1	chr7-42910913-42912845	5
