p_val	avg_log2FC	pct.1	pct.2	p_val_adj	gene	cluster
2.84702079797124e-15	1.40226498822862	0.759	0.396	5.44617996527111e-10	chr7-50745691-50794203	2
6.87503304975794e-15	1.01540357566092	0.881	0.577	1.3151525722204e-09	chr8-133522116-133576268	2
6.96818788890269e-15	2.39480006590411	0.554	0.135	1.33297253401975e-09	chr1-235072983-235075989	2
7.7853350515217e-13	0.96091071558326	0.86	0.595	1.48928788334579e-07	chr8-133447002-133520787	2
9.65285323633343e-12	1.40802865028955	0.662	0.288	1.84653290699117e-06	chr7-50701544-50726131	2
1.1713730346536e-11	4.75321430538699	0.349	0.018	2.24076633291025e-06	chr1-240595483-240598738	2
4.72349321461836e-11	2.88621565220674	0.403	0.054	9.03575910997205e-06	chr2-217896878-217900845	2
1.02162488632352e-09	5.43332766946243	0.288	0.009	0.000195430711004372	chr11-3041382-3044477	2
1.17014830059227e-09	1.6435207257919	0.532	0.189	0.000223842349013498	chr1-207807156-207814549	2
1.60290632624886e-09	1.23491507709011	0.647	0.324	0.00030662636277345	chr19-12994906-13019374	2
2.12967180979982e-09	12.8630392538793	0.266	0	0.000407393439183846	chr12-101737598-101748884	2
8.20420944942227e-09	2.24061654608391	0.385	0.081	0.00156941604241778	chr1-202106870-202109160	2
1.7096630980367e-08	4.79974112131377	0.259	0.009	0.00327048292675832	chr18-12009398-12013862	2
1.87590234154211e-08	1.71364863890629	0.442	0.162	0.00358848862522957	chr8-61689509-61702623	2
2.20787896453657e-08	3.19676166625958	0.299	0.036	0.00422353998642059	chr1-225815777-225818688	2
2.80416255349594e-08	3.37570721458003	0.284	0.027	0.00536419471508452	chr4-183987156-183990082	2
5.25277118735602e-08	12.4022469214202	0.227	0	0.0100482361151408	chr12-124966730-124968845	2
6.97351843314037e-08	12.2267834032539	0.223	0	0.0133399223514915	chr16-85637385-85640630	2
9.51920408212794e-08	2.63520584349374	0.309	0.054	0.0182096662568658	chr11-72012075-72016172	2
1.12442131173478e-07	1.9501704712024	0.381	0.108	0.0215095050406992	chr1-229886826-229889976	2
1.13669347355812e-07	2.38709744707855	0.327	0.072	0.0217442641330827	chr8-144498322-144504619	2
1.2544259514043e-07	2.02552478367769	0.371	0.099	0.0239964157947934	chr4-72567368-72570480	2
1.61915435312924e-07	12.5608753729498	0.212	0	0.0309734512827504	chr14-81727105-81730268	2
2.21305659236714e-07	3.05133863741922	0.27	0.036	0.0423344447780279	chr1-225841774-225851818	2
2.23587589748827e-07	2.7980076555866	0.284	0.045	0.042770964393412	chr6-81751940-81754504	2
2.82117160139958e-07	12.2222711715694	0.205	0	0.0539673200318132	chr18-49021149-49022418	2
2.84306113534179e-07	3.68715899196501	0.241	0.018	0.0543860536824073	chr6-41712232-41714063	2
3.23129857232273e-07	1.87310220021746	0.371	0.108	0.0618128029093904	chr5-134505642-134507182	2
3.67539575795104e-07	3.14495676434057	0.255	0.027	0.0703081156121487	chr12-6551538-6554913	2
5.18302432413533e-07	3.63429444728658	0.234	0.018	0.0991481455061143	chr8-22103091-22105526	2
5.44118612184589e-07	2.04133515972208	0.331	0.081	0.104086625799239	chr12-101617945-101620958	2
6.77012752147088e-07	3.63634410360002	0.237	0.027	0.129508477409225	chr1-54272636-54275868	2
7.27556297190381e-07	2.86700083818044	0.266	0.045	0.139177154314737	chr1-93962676-93966397	2
1.04127655115415e-06	0.694789654130896	0.781	0.541	0.199189956576482	chr1-234598963-234614380	2
1.05083699466405e-06	2.93593709993347	0.248	0.036	0.201018812057265	chr7-151246830-151250302	2
1.17138053778464e-06	3.55474043401638	0.223	0.018	0.224078068594975	chr17-66975307-66979103	2
1.31131102118399e-06	3.32474111161288	0.23	0.027	0.25084593048637	chr10-133158836-133164521	2
1.44911394305621e-06	12.1755954805193	0.183	0	0.277206802622995	chr17-38462994-38465930	2
1.64078003647105e-06	4.34687261238624	0.201	0.009	0.313871376296693	chr2-240593294-240597194	2
1.89557893800173e-06	12.3734097345669	0.18	0	0.362612877366104	chr1-180165226-180166219	2
1.96096394408825e-06	4.46925278401335	0.198	0.009	0.375120636720417	chr8-61651418-61659471	2
2.10531344021342e-06	3.47330551369135	0.216	0.018	0.402733829232185	chr1-207021227-207023496	2
2.72295020216485e-06	2.16667819867917	0.288	0.063	0.520884035972924	chr12-124421632-124423962	2
3.2323778277735e-06	12.2762065571987	0.173	0	0.618334484186104	chr1-230909896-230910913	2
3.2323778277735e-06	12.1947621573923	0.173	0	0.618334484186104	chr10-77988705-77989960	2
3.2323778277735e-06	12.2856814075773	0.173	0	0.618334484186104	chr12-101749473-101757136	2
3.84590647404718e-06	1.77589038663378	0.331	0.108	0.735698833046381	chr1-225823415-225827067	2
4.47852650462967e-06	1.79883660220619	0.331	0.099	0.856715249176629	chr1-184789957-184794743	2
4.54710186002333e-06	4.83844312967139	0.183	0.009	0.869833303211302	chr17-2686264-2687829	2
5.48710945494713e-06	12.168623850981	0.165	0	1	chr1-165910282-165911588	2
5.48710945494713e-06	12.5463457807038	0.165	0	1	chr8-6833618-6836004	2
5.70937055339927e-06	2.32973757806529	0.255	0.054	1	chr7-50659354-50668701	2
6.88828477105475e-06	3.2287689743467	0.201	0.018	1	chr11-60995859-60997349	2
7.13731994734981e-06	12.1880403476592	0.162	0	1	chr21-31558491-31559787	2
7.69291775530261e-06	1.5771747964216	0.349	0.126	1	chr1-226944283-226947333	2
8.01228573065033e-06	4.19856926842163	0.18	0.009	1	chr6-74182554-74183759	2
9.27375847949858e-06	11.9498229247575	0.158	0	1	chr1-240491763-240493935	2
9.27375847949858e-06	12.0191592567202	0.158	0	1	chr9-1200375-1201759	2
9.27375847949858e-06	11.9918899908362	0.158	0	1	chr19-4448569-4450078	2
1.00368469498387e-05	3.87018305477502	0.187	0.018	1	chr10-28938521-28941133	2
1.03847381920966e-05	3.27732147903467	0.194	0.018	1	chr12-121132406-121133715	2
1.04990168379974e-05	1.88786375635107	0.291	0.081	1	chr7-151921843-151926645	2
1.11408268179432e-05	3.09390636171668	0.205	0.027	1	chr14-64681701-64683078	2
1.16786008879913e-05	4.42366667559113	0.173	0.009	1	chr1-155974356-155980081	2
1.20559280037441e-05	4.38059386988578	0.173	0.009	1	chr16-87806262-87807726	2
1.33120023339618e-05	3.48786906633413	0.187	0.018	1	chr7-26182208-26189391	2
1.35797212947428e-05	3.89086514584546	0.183	0.018	1	chr1-241615147-241616964	2
1.36753007008081e-05	1.35892222776767	0.385	0.162	1	chr11-134033351-134035782	2
1.39819553406078e-05	1.52685697736683	0.342	0.126	1	chr1-234530736-234535030	2
1.49886013428183e-05	3.06266244739793	0.201	0.027	1	chr16-87635242-87636989	2
1.53186549764262e-05	2.9680187901707	0.201	0.027	1	chr10-48522833-48524692	2
1.56067035030132e-05	12.0909567243114	0.151	0	1	chr1-238484638-238486481	2
1.56067035030132e-05	12.1664107356122	0.151	0	1	chr6-168261741-168263414	2
1.56067035030132e-05	12.215844483895	0.151	0	1	chr7-105678521-105679681	2
1.56067035030132e-05	12.2591105461972	0.151	0	1	chr8-133428570-133429666	2
1.56067035030132e-05	12.249795364617	0.151	0	1	chr10-48464745-48466166	2
1.56067035030132e-05	12.1710381339162	0.151	0	1	chr16-5503746-5505002	2
1.58951121165261e-05	2.58847561850125	0.223	0.045	1	chr22-50182255-50184588	2
1.62653183814695e-05	0.833073846554862	0.597	0.369	1	chr1-234956838-234964911	2
1.88664444968988e-05	1.61704173863997	0.317	0.108	1	chr1-202085444-202088601	2
2.06774304743099e-05	4.22038377070963	0.165	0.009	1	chr3-194312092-194314303	2
2.13397352833602e-05	4.21924685507669	0.165	0.009	1	chr12-87439514-87441006	2
2.28141462365865e-05	4.40968582667811	0.162	0.009	1	chr12-8827836-8830161	2
2.37495303938434e-05	2.84992417900062	0.198	0.027	1	chr10-117391178-117393210	2
2.477111227388e-05	3.82963427882574	0.165	0.009	1	chr5-134511057-134512852	2
2.49864174174196e-05	3.38903629946182	0.18	0.018	1	chr10-114499304-114500494	2
2.51219488712764e-05	3.01498092687626	0.194	0.027	1	chr1-201882664-201885958	2
2.93181100023917e-05	4.07931755176842	0.173	0.018	1	chr5-179836132-179842954	2
3.03038490031075e-05	3.36917155669682	0.176	0.018	1	chr12-2113025-2114606	2
3.31869958167119e-05	2.15462561840014	0.241	0.063	1	chr10-44910660-44912204	2
3.36049676969517e-05	2.16829177537612	0.237	0.054	1	chr3-186974357-186977916	2
3.39459562160299e-05	4.23946992946729	0.158	0.009	1	chr7-66859654-66860983	2
3.56551435179464e-05	3.35756015824424	0.183	0.027	1	chr6-110595873-110599282	2
3.64253901474261e-05	4.10021358686138	0.158	0.009	1	chr12-54285429-54289996	2
3.66567284510209e-05	2.57808003197317	0.205	0.036	1	chr17-16285620-16287158	2
3.69992606958143e-05	4.0994558463425	0.158	0.009	1	chr10-42951866-42953108	2
3.80020106445896e-05	4.54749695779244	0.155	0.009	1	chr4-110622682-110623670	2
3.89326912150884e-05	1.39632862699155	0.349	0.144	1	chr16-31450858-31455784	2
4.03890246727537e-05	1.63030780015479	0.288	0.09	1	chr1-205352130-205355635	2
4.14230446916093e-05	0.734273951588276	0.64	0.423	1	chr22-46040296-46065534	2
4.20900657255449e-05	4.20468331246231	0.155	0.009	1	chr8-63085041-63086748	2
4.41145146097589e-05	4.23165129836064	0.155	0.009	1	chr1-175519923-175522013	2
4.4559375528235e-05	3.0221391084095	0.183	0.027	1	chr20-62602377-62603926	2
4.57667808637077e-05	2.30154408056648	0.212	0.045	1	chr17-50949496-50951339	2
4.65930897176923e-05	4.07624639869926	0.155	0.009	1	chr7-68813333-68814560	2
4.99307605065754e-05	3.78921439129355	0.165	0.018	1	chr19-38003103-38005329	2
5.38714980599916e-05	1.38041056573581	0.342	0.135	1	chr16-15575557-15578260	2
6.03976695809691e-05	2.49956970917077	0.198	0.036	1	chr5-172636803-172637801	2
6.09292925971099e-05	1.38502451699254	0.327	0.126	1	chr7-75611216-75612593	2
6.52242046949317e-05	1.47764662664664	0.288	0.09	1	chr1-236147386-236151687	2
7.48835518214038e-05	3.38049787346923	0.162	0.018	1	chr16-28609180-28610878	2
7.5271334723894e-05	1.35031576499939	0.335	0.135	1	chr19-1097650-1099960	2
8.17872631631077e-05	1.80044016563965	0.259	0.081	1	chr16-67206218-67209682	2
8.33148606976376e-05	2.88662754588146	0.176	0.027	1	chr17-76540387-76541475	2
8.46695281458029e-05	2.04309310513873	0.227	0.054	1	chr12-104956776-104959987	2
8.48671783114493e-05	3.34324578782164	0.162	0.018	1	chr10-103618509-103620829	2
8.54702612190941e-05	1.11857013235704	0.417	0.198	1	chr12-101695649-101704100	2
8.75987757707961e-05	0.967500686369378	0.457	0.234	1	chr8-133849990-133852811	2
8.99597986548665e-05	1.69642665179565	0.263	0.081	1	chr11-47329277-47332107	2
8.99918070214207e-05	2.19131238730898	0.209	0.045	1	chr7-106064665-106066379	2
9.09504333448508e-05	1.02266487626401	0.432	0.216	1	chr1-206684373-206694759	2
9.58387205564335e-05	2.88137605286437	0.176	0.027	1	chr12-109914079-109916250	2
0.000105333960310023	2.23338406298993	0.205	0.045	1	chr16-2081596-2083047	2
0.000107948299581453	1.81267821057876	0.248	0.081	1	chr6-108688884-108690232	2
0.000112434570168187	2.65931184167083	0.176	0.027	1	chr10-92756295-92759046	2
0.000115768357756692	0.934430519161422	0.471	0.27	1	chr5-179817925-179834397	2
0.00011692728611867	2.36242618640602	0.191	0.036	1	chr17-74430078-74432770	2
0.000118545471825222	2.27465050324058	0.201	0.045	1	chrX-1379368-1389740	2
0.000120341416069275	3.14338106839444	0.158	0.018	1	chr7-140506491-140507598	2
0.000120719975210214	1.51032850459158	0.288	0.099	1	chr4-140236827-140239182	2
0.000123018777296757	2.81425147364792	0.173	0.027	1	chr3-142973218-142974362	2
0.00012528433193066	1.97850143900715	0.216	0.054	1	chr4-8795461-8796855	2
0.000127275957045107	2.59698896281148	0.176	0.027	1	chr12-124678977-124680444	2
0.000133445600144375	2.34826053611604	0.191	0.036	1	chr10-43025691-43028889	2
0.0001336678430451	2.72453319556546	0.173	0.027	1	chr5-139103695-139105536	2
0.000136012121967031	3.30852540801619	0.155	0.018	1	chr20-23919868-23921506	2
0.000140212263880406	2.75075385034335	0.169	0.027	1	chr4-82042978-82045257	2
0.000145509645433872	1.1012183646468	0.378	0.18	1	chr8-38733470-38736337	2
0.000157233830420403	1.25453129644169	0.32	0.126	1	chr11-6566303-6569338	2
0.000165720637971143	0.960542508138569	0.446	0.234	1	chr11-75426981-75433182	2
0.000167788191233369	2.67749018795713	0.169	0.027	1	chr11-75441347-75442931	2
0.000175505027349063	2.12977040465336	0.198	0.045	1	chr12-120181202-120184330	2
0.000178215916658843	2.24172276737688	0.194	0.045	1	chr12-49292453-49294123	2
0.000183425793440989	1.51530960755865	0.277	0.099	1	chr10-5465758-5467523	2
0.000183831642010036	2.41020915965997	0.18	0.036	1	chr6-44216722-44219394	2
0.000184674904895422	2.64144216808113	0.169	0.027	1	chr6-101665822-101666986	2
0.000185841501716627	1.99941384754289	0.212	0.054	1	chr5-74156618-74157764	2
0.000186395296935841	1.21493340962722	0.356	0.171	1	chr5-93579929-93586241	2
0.000188726098811126	2.30876302856086	0.194	0.045	1	chr22-37559881-37564768	2
0.000193997549118716	2.00120137158582	0.209	0.054	1	chr12-101607764-101609231	2
0.0001991876137372	2.69856375436764	0.165	0.027	1	chr1-228837643-228839108	2
0.000201516898769191	2.27790909572948	0.191	0.045	1	chr1-204920168-204921686	2
0.000208739021908165	2.53647083509904	0.169	0.027	1	chr3-186492304-186496170	2
0.000211520218483458	1.22721133844223	0.327	0.135	1	chr1-180229005-180232419	2
0.000212468542129676	2.36261825422919	0.18	0.036	1	chr5-149159972-149162158	2
0.000228424526925445	2.85157064224138	0.151	0.018	1	chr1-53895253-53897554	2
0.000249037484633597	2.08219805102511	0.194	0.045	1	chr14-67457374-67458706	2
0.000251301003032617	2.68135981498346	0.162	0.027	1	chr2-105408197-105410494	2
0.00025297994326572	1.59316905543219	0.248	0.081	1	chr10-97713048-97715400	2
0.000253021066595552	2.74867326510427	0.162	0.027	1	chr6-129500808-129502326	2
0.000257690085490973	1.10932293504561	0.371	0.18	1	chr6-109336046-109337535	2
0.000263419865737341	2.07524101319285	0.194	0.045	1	chr12-6450782-6453085	2
0.000280183715785922	2.59105530369351	0.162	0.027	1	chr10-79245540-79247441	2
0.000289851578161666	1.95437998765787	0.205	0.054	1	chr14-81365789-81367303	2
0.000299872763856182	2.35803947765908	0.176	0.036	1	chr17-67778922-67779912	2
0.00030526985704548	2.25549327905055	0.183	0.045	1	chr17-15263984-15266142	2
0.000309656482450958	1.84496289446842	0.216	0.063	1	chr1-232377343-232379921	2
0.000310735917689983	1.69031447792134	0.237	0.081	1	chr7-128229336-128232035	2
0.000319739807203163	1.00961609400901	0.388	0.207	1	chr7-50669260-50682556	2
0.000321067121504236	1.4205964170356	0.284	0.108	1	chr1-156851504-156853396	2
0.00032819288974148	2.29235056592094	0.176	0.036	1	chr7-143394662-143396363	2
0.000329235745284643	2.01769674899227	0.198	0.054	1	chr9-107748829-107751356	2
0.000350929255381774	1.72581069878634	0.234	0.081	1	chr11-61688005-61689554	2
0.000362847426501771	1.64532438770767	0.234	0.081	1	chr12-120100127-120103062	2
0.00037818168037997	2.42639462492528	0.169	0.036	1	chr6-53325754-53327563	2
0.000380637813459476	2.42181963355515	0.169	0.036	1	chr7-74042370-74044077	2
0.000381057106448862	1.14681671739717	0.331	0.153	1	chr7-55963922-55967588	2
0.000385642142045971	2.24429190232543	0.173	0.036	1	chr2-43158109-43159594	2
0.000390986701342998	1.6254425842292	0.23	0.072	1	chr12-6312048-6313879	2
0.000392044271953056	1.8965782860888	0.198	0.054	1	chr1-204882069-204884197	2
0.00039472286389409	1.28406200499711	0.295	0.126	1	chr7-6446739-6448879	2
0.00040413636001155	2.6334418127267	0.155	0.027	1	chr1-77467705-77469996	2
0.00041031978655534	1.8412671958226	0.219	0.072	1	chr7-74464700-74468163	2
0.000415476729454835	1.83230431775979	0.201	0.054	1	chr16-58031050-58033803	2
0.000431563314743721	1.48092418344213	0.245	0.081	1	chr21-43725503-43729401	2
0.000436325774330486	1.4027059058171	0.259	0.09	1	chr3-129002574-129006414	2
0.000440946446126715	2.06465154494424	0.183	0.045	1	chr12-47735965-47737979	2
0.00044211821770294	1.99585271077776	0.194	0.054	1	chr7-51039478-51041364	2
0.000447329192064882	1.58800545314052	0.237	0.081	1	chr4-52721593-52722977	2
0.000458251065746006	1.98856262862994	0.194	0.054	1	chr22-43293000-43294549	2
0.000464718741035357	1.5552572385378	0.237	0.081	1	chr16-11296378-11298437	2
0.00046757349089548	2.30382114722422	0.169	0.036	1	chr2-127094011-127095593	2
0.000477643460853918	0.969193978649075	0.41	0.216	1	chr6-83429522-83433079	2
0.000481444091463048	1.83493534495514	0.201	0.054	1	chr1-172498889-172500583	2
0.000497375180694655	2.52333103210308	0.155	0.027	1	chr16-11640001-11641817	2
0.000515781134636698	1.78342343317277	0.209	0.063	1	chr22-37500866-37503073	2
0.00051825640518499	2.19188265098732	0.176	0.045	1	chr1-10665610-10670704	2
0.000519606804838484	2.10454669656294	0.18	0.045	1	chr9-101028132-101030242	2
0.00054353196710682	1.74620888116954	0.212	0.063	1	chr5-159877531-159879612	2
0.000558007799801256	1.94681962367351	0.191	0.054	1	chr8-129751845-129754071	2
0.000569318117690731	2.43890595563619	0.151	0.027	1	chr16-85305830-85306895	2
0.000584719778215953	2.16863669220064	0.165	0.036	1	chr5-15489446-15490486	2
0.000608367100027085	1.74332524492789	0.209	0.063	1	chr10-79259936-79262415	2
0.000609740478543995	1.95096484417745	0.191	0.054	1	chr5-142816443-142819826	2
0.000610784328663276	1.31364487936636	0.277	0.117	1	chr5-179677523-179680364	2
0.000623933693877257	2.02617232754832	0.18	0.045	1	chr21-40052859-40055011	2
0.000627039417213183	2.0945346373767	0.176	0.045	1	chr4-7124726-7126245	2
0.000627342276879162	1.49304289866713	0.23	0.081	1	chr1-179090422-179093145	2
0.000630253447864398	1.81220558290159	0.194	0.054	1	chr8-141391245-141394882	2
0.000630253447864398	1.81543484683513	0.194	0.054	1	chr14-99809191-99810569	2
0.000631539344068207	1.95661197141038	0.18	0.045	1	chr7-134443533-134445378	2
0.000643540838089755	2.32862397642948	0.162	0.036	1	chr1-201274735-201275905	2
0.000662949967537515	1.30681395854696	0.259	0.099	1	chr16-70750484-70752428	2
0.000670497510229574	1.94714907385202	0.176	0.045	1	chr16-12262363-12263578	2
0.000681913000806391	1.66242128878813	0.216	0.072	1	chr10-11874259-11876652	2
0.000694402021249496	2.23847835271462	0.162	0.036	1	chr3-13506934-13509790	2
0.000719906787941762	1.49915979514236	0.219	0.072	1	chr1-7571949-7575158	2
0.000721594620965451	1.35215075701613	0.255	0.099	1	chr16-30584891-30586719	2
0.000725251253061841	2.64617215913599	0.155	0.036	1	chr11-8707402-8708747	2
0.00072731109664576	1.2534181579319	0.284	0.126	1	chr16-23678079-23680064	2
0.000728812353731444	2.10726209858701	0.165	0.036	1	chr5-58922188-58923518	2
0.000763121171142507	1.3376972527408	0.255	0.099	1	chr12-110246680-110248868	2
0.000795186671542651	1.70410114480075	0.198	0.054	1	chr7-6952962-6954458	2
0.00080689734021065	1.25212214610322	0.288	0.126	1	chr10-132516260-132520947	2
0.000844331503551062	1.11266949576501	0.324	0.162	1	chr1-202056444-202057810	2
0.00086252728250209	1.2902314269624	0.263	0.099	1	chr12-104456247-104458252	2
0.000863578141794828	2.00221485575927	0.173	0.045	1	chr4-25896664-25898011	2
0.000878592721526172	1.29283699731801	0.266	0.108	1	chr8-144513836-144518897	2
0.000883114518750978	2.03533513444549	0.158	0.036	1	chr16-4244099-4245752	2
0.000893031792995951	1.33865014829551	0.259	0.099	1	chr14-75458761-75460065	2
0.000924350864034868	1.42936384297365	0.241	0.09	1	chr22-50620089-50623618	2
0.000926174047767122	1.71676199913679	0.191	0.054	1	chr7-129951520-129953469	2
0.000926644992628715	1.27886033415156	0.277	0.117	1	chr1-46171016-46175661	2
0.000963863702622883	2.14893410643326	0.158	0.036	1	chr7-155456596-155459392	2
0.000967963315929925	1.34874314807803	0.241	0.09	1	chr1-159867115-159868558	2
0.000975942157481795	2.18130593684841	0.158	0.036	1	chr8-73419407-73421045	2
0.000983952155907006	0.996442494055201	0.349	0.18	1	chr14-23152753-23155921	2
0.000988954698287457	1.20645595001922	0.288	0.135	1	chr5-469804-481236	2
0.000991054422642211	1.93005768806287	0.173	0.045	1	chr7-55515358-55516880	2
0.00100507313274613	1.57328128124932	0.212	0.072	1	chr22-40651328-40652832	2
0.00100891730549428	2.01797899993865	0.169	0.045	1	chr14-52076034-52078051	2
0.00100891902226183	1.97608469460072	0.169	0.045	1	chr7-150354899-150355983	2
0.00104428543153124	1.08879997673504	0.309	0.153	1	chr17-51119534-51122376	2
0.0010517371128543	1.90772029547162	0.173	0.045	1	chr8-41323069-41324256	2
0.00105683011068847	1.65712521179256	0.205	0.072	1	chr5-65984033-65987543	2
0.00106920507683978	1.62132169341675	0.216	0.081	1	chr7-2477357-2479591	2
0.00108131160850785	1.78678334791944	0.176	0.045	1	chr12-26124581-26127021	2
0.00109236222940651	1.21840878276004	0.284	0.126	1	chr12-6228323-6233783	2
0.00109788324546621	2.10543369458321	0.158	0.036	1	chr3-34145001-34147414	2
0.00110566015524516	1.73891949151487	0.194	0.063	1	chr15-100713238-100716517	2
0.00113074217598579	1.62983571526622	0.198	0.063	1	chr19-40609386-40611587	2
0.0011368774639162	1.92188158132597	0.169	0.045	1	chr2-101116850-101118154	2
0.00115731674292511	2.0060573484459	0.169	0.045	1	chr12-109484710-109486050	2
0.0011640342877131	2.13152017407501	0.155	0.036	1	chr17-10797559-10801029	2
0.00116758218331865	1.99775730717852	0.158	0.036	1	chr12-2799167-2801530	2
0.00117854876019766	2.1053346300984	0.155	0.036	1	chr2-75549270-75550426	2
0.00118200361408008	2.06431169631204	0.158	0.036	1	chr6-104161880-104163053	2
0.00119931959972065	2.16130781176579	0.165	0.045	1	chr1-226697047-226699233	2
0.00120145620051692	1.31383749858866	0.248	0.099	1	chr5-135134268-135136577	2
0.00120690826833906	1.48369172640816	0.237	0.099	1	chr17-74767284-74773891	2
0.00121822754479406	1.8386663551991	0.18	0.054	1	chr4-110193629-110194880	2
0.00122827371784739	1.99036102886534	0.165	0.045	1	chr6-105121497-105123072	2
0.00127204510668588	1.85524338435925	0.158	0.036	1	chr7-2757139-2758609	2
0.00127688147820238	1.43332320611108	0.234	0.09	1	chr5-134058543-134060258	2
0.00130249517135219	1.92373685695762	0.169	0.045	1	chr14-75417369-75419769	2
0.00137931306979305	1.28517813832413	0.248	0.099	1	chr1-182615765-182618469	2
0.00142208493486097	2.1597606159811	0.151	0.036	1	chr1-76121453-76122900	2
0.00143472239522118	2.08647070342193	0.155	0.036	1	chr6-53614623-53616765	2
0.00143472239522118	2.00505394987816	0.155	0.036	1	chr14-31892964-31894090	2
0.0014648835484975	0.623563658665563	0.55	0.378	1	chr3-39405820-39417996	2
0.00150269304336821	2.09000129678346	0.162	0.045	1	chr1-41860319-41863324	2
0.00154615235324884	1.73073101157506	0.18	0.054	1	chr11-117907021-117908059	2
0.00157845681607467	2.03786625150463	0.151	0.036	1	chr17-31467373-31468590	2
0.00161748092436092	1.98436641248274	0.151	0.036	1	chr12-109899624-109901621	2
0.00165130810475699	2.09617776743901	0.162	0.045	1	chr1-177274361-177277083	2
0.00166825895265791	1.87439289300584	0.165	0.045	1	chr3-112097263-112098114	2
0.00169529507149355	1.56115633585499	0.173	0.045	1	chr1-55049230-55050893	2
0.00171105300796607	1.19378646625406	0.259	0.108	1	chr5-44538339-44540008	2
0.00171869321400308	1.02774648750576	0.331	0.18	1	chr4-16222749-16228811	2
0.00176826960193548	1.31719380146167	0.245	0.099	1	chr17-1480383-1483032	2
0.00184661342609722	1.28351800020418	0.248	0.108	1	chr12-124827526-124829694	2
0.00184950332298618	1.06750386196519	0.284	0.126	1	chr12-13135191-13137180	2
0.00187288173731364	1.45924894438002	0.216	0.081	1	chr3-194002694-194004173	2
0.00191685329798451	1.45732138672148	0.205	0.072	1	chr7-101153905-101158015	2
0.00193128059529415	1.27056167305559	0.23	0.09	1	chr2-172084324-172086002	2
0.00195940084574056	0.825787260894484	0.417	0.27	1	chr6-85640857-85645272	2
0.00196509761550841	1.70828596653925	0.176	0.054	1	chr22-36659487-36660909	2
0.00197266883745749	1.35623051320123	0.245	0.108	1	chr10-132417989-132422232	2
0.00198606028006305	1.09185338283912	0.291	0.135	1	chr8-11571370-11574298	2
0.00198987417840433	1.79327503891945	0.162	0.045	1	chr6-4357416-4359486	2
0.00203504851650742	1.98712791167175	0.151	0.036	1	chr11-129702918-129704343	2
0.00204121623807016	1.5950946272268	0.205	0.081	1	chr21-16336628-16344919	2
0.0020600439674588	1.88433461178285	0.162	0.045	1	chr1-223871969-223873549	2
0.00208877704409604	1.64885775702741	0.183	0.063	1	chr12-123049948-123051403	2
0.00211808842643365	1.22125770947374	0.252	0.108	1	chr19-18588133-18591110	2
0.0021375948864043	0.995492028713051	0.299	0.135	1	chr12-12559869-12564452	2
0.00214689530523525	1.74879372326479	0.173	0.054	1	chr11-34153792-34157657	2
0.00215564087075263	1.31339111243934	0.234	0.099	1	chr7-80133580-80138004	2
0.00216269603356206	1.25407013136036	0.227	0.09	1	chr14-103576180-103577482	2
0.00220714488055882	1.64276517901101	0.176	0.054	1	chr12-101487903-101489208	2
0.00221965580776763	1.21616578377677	0.252	0.108	1	chr7-12403057-12404838	2
0.00224722001411626	1.42761300191878	0.201	0.072	1	chr17-48053253-48056193	2
0.00228021531160039	1.80724465931558	0.169	0.054	1	chr7-39930833-39931872	2
0.00231719698482493	1.23009451717688	0.245	0.108	1	chr2-237858227-237862805	2
0.00232156798983881	1.95642478936052	0.155	0.045	1	chr20-37406266-37408268	2
0.0024405616946182	0.979213812489874	0.331	0.171	1	chr16-75108647-75112094	2
0.00246889510600807	1.35672509795657	0.212	0.081	1	chr3-23320564-23321750	2
0.00249350717795469	1.58273300359776	0.183	0.063	1	chr12-27922266-27923533	2
0.00264404165202732	1.73868035602506	0.158	0.045	1	chr14-79324569-79326798	2
0.00269085091405664	1.60767616728694	0.173	0.054	1	chr7-139739727-139741130	2
0.00270655191069102	1.54758244351329	0.187	0.063	1	chr12-122840642-122843037	2
0.00270719874928182	1.70217213745001	0.169	0.054	1	chr3-125001435-125004287	2
0.00274913359175608	1.61323683671677	0.18	0.063	1	chr8-127061777-127063179	2
0.00275331409467939	0.993692357857068	0.309	0.162	1	chr17-14300397-14303131	2
0.00278133874551952	1.13774956605883	0.241	0.099	1	chr7-151917528-151919255	2
0.00278284167789996	1.75116023088278	0.158	0.045	1	chr3-50264407-50272095	2
0.00280811943038818	1.87393729012582	0.155	0.045	1	chr2-237059573-237062258	2
0.00285335322224576	1.49103124104874	0.194	0.072	1	chr12-107485281-107487983	2
0.00287947634879066	1.38822727746381	0.205	0.081	1	chr1-11483656-11486656	2
0.00291679686152493	1.00360529416098	0.27	0.126	1	chr3-50163603-50168888	2
0.00312391447087797	1.52975688522561	0.191	0.072	1	chr2-95303328-95306897	2
0.0031449459251078	1.2777972195863	0.212	0.081	1	chr7-74083014-74086008	2
0.00315848167913683	1.28196982783613	0.227	0.099	1	chr7-55324809-55326683	2
0.0031765528800748	1.41476362548572	0.198	0.072	1	chr1-167671446-167672484	2
0.00318571307710719	1.1216371626189	0.248	0.108	1	chr7-155916978-155919860	2
0.00321862106560661	1.77908969552711	0.155	0.045	1	chr1-182060575-182062239	2
0.00326633663092034	1.84217670202488	0.151	0.045	1	chr11-26583214-26584169	2
0.00327563809084315	1.37762318643826	0.205	0.081	1	chr19-10651892-10656590	2
0.00331559573971287	1.61088486442903	0.165	0.054	1	chr16-56611214-56612138	2
0.00337092419978349	1.08291079314692	0.245	0.108	1	chr3-133804932-133806832	2
0.00337982524075722	0.987686107492287	0.277	0.135	1	chr6-129708796-129710922	2
0.00343026385385297	1.50781087672259	0.18	0.063	1	chr1-202142810-202145763	2
0.00344374550141612	1.78536887781119	0.155	0.045	1	chr19-19627162-19628660	2
0.00347818486466162	1.28447392187794	0.219	0.09	1	chr12-101711889-101716581	2
0.00351313130238851	1.23460408251726	0.227	0.09	1	chr7-50683359-50689156	2
0.00352742843317855	0.908093662075041	0.338	0.198	1	chr3-14369518-14372688	2
0.00355413462428449	1.22414574051542	0.237	0.108	1	chr1-68495367-68497909	2
0.0035565978571337	1.22167518271011	0.234	0.108	1	chr1-201828463-201830274	2
0.00357666529610284	1.80693814580507	0.151	0.045	1	chr1-200371710-200374607	2
0.0036381911805755	1.39265926453821	0.191	0.072	1	chr1-181742285-181744853	2
0.00368031840816873	1.26239051900928	0.209	0.081	1	chr5-113487362-113489364	2
0.00370276533586645	1.33713942339797	0.205	0.081	1	chr10-75244393-75246331	2
0.00373119033877481	1.40327828733273	0.183	0.063	1	chr10-46546263-46547434	2
0.00376277852959671	1.79878425466683	0.151	0.045	1	chr1-192668135-192669087	2
0.00380921302191273	1.61055003769287	0.173	0.063	1	chr4-74478627-74480955	2
0.00381632446490963	1.51746440635512	0.165	0.054	1	chr9-100465690-100467141	2
0.00383198460809086	0.893866382422095	0.342	0.189	1	chr1-206520082-206522539	2
0.00383326368366788	1.33914786330296	0.219	0.099	1	chr1-911121-922402	2
0.00384829453881557	1.77019932819794	0.151	0.045	1	chr11-133947041-133948807	2
0.00385755322846444	1.62724200471242	0.165	0.054	1	chr9-97356892-97359967	2
0.00389153411582794	1.40301961327328	0.209	0.09	1	chr2-70084800-70090084	2
0.00390458319147251	1.68800063196444	0.162	0.054	1	chr4-8227838-8229286	2
0.00404813033939395	1.64257706273287	0.165	0.054	1	chr5-150263512-150264737	2
0.00406208811463088	1.45923461723422	0.187	0.072	1	chr22-36350542-36353604	2
0.00411552490147465	1.74321415450747	0.151	0.045	1	chr2-1988526-1989924	2
0.00412379934824602	1.42429924524961	0.187	0.072	1	chr4-140093340-140095425	2
0.00414455803982201	1.45404801506796	0.187	0.072	1	chr16-67779062-67781972	2
0.00418287111671457	0.96197678112235	0.288	0.144	1	chr4-10018543-10020167	2
0.00419177047508027	1.71117569636884	0.158	0.054	1	chr18-10562376-10564557	2
0.00422524370221592	1.44837992421559	0.183	0.072	1	chr1-210051866-210052858	2
0.0043468862766268	1.46550423781997	0.176	0.063	1	chr10-97868665-97870052	2
0.00449801711880378	1.71394441640089	0.151	0.045	1	chr8-61721476-61722920	2
0.00450092079215657	0.803926353628249	0.388	0.225	1	chr6-43626824-43630713	2
0.00451678517526794	1.18869945777114	0.216	0.09	1	chr22-45816752-45818898	2
0.00452337935716576	1.51728634111866	0.173	0.063	1	chr12-49187184-49189536	2
0.00453831434244879	1.63985221777587	0.162	0.054	1	chr5-172169888-172171057	2
0.00458417838175721	1.59129842983395	0.169	0.063	1	chr2-151260888-151262296	2
0.00460019125503119	1.11083906747364	0.227	0.099	1	chr1-204416839-204419701	2
0.00461929495934283	1.68746042365481	0.158	0.054	1	chr1-226484894-226485781	2
0.00462292272787138	1.43758396987431	0.176	0.063	1	chr17-2011141-2012514	2
0.00467526504237635	1.66531492939663	0.151	0.045	1	chr22-50189240-50191495	2
0.00471950613948362	1.63830327424932	0.158	0.054	1	chr7-155276453-155277530	2
0.00477090099964133	1.18555557784919	0.227	0.099	1	chr16-85514173-85516506	2
0.00480571667912185	1.61644455032396	0.151	0.045	1	chr17-28969982-28971909	2
0.00492585368567794	1.6039549678228	0.158	0.054	1	chr1-165541782-165544522	2
0.00492585368567794	1.6092557134656	0.158	0.054	1	chr6-80456914-80458176	2
0.00493360374255822	1.33530929228391	0.187	0.072	1	chr7-70693474-70695657	2
0.00496270833318168	0.799677004066328	0.371	0.225	1	chr10-69360422-69363108	2
0.00497405710060797	1.15033516735007	0.241	0.117	1	chr22-24592088-24595393	2
0.00498760107653949	1.51453714697832	0.173	0.063	1	chr17-81118057-81120868	2
0.00500531433710135	1.55126042644315	0.158	0.054	1	chr1-37604956-37606804	2
0.00503205766149616	1.65873885793652	0.158	0.054	1	chr2-109720150-109722602	2
0.00505893010790047	1.63868535250771	0.158	0.054	1	chr1-117630581-117634195	2
0.00507654723319932	1.58549477305698	0.151	0.045	1	chr8-101451134-101453913	2
0.00509036017139072	0.864502937388803	0.327	0.171	1	chr6-170552496-170554902	2
0.00515011841224375	1.29704027804291	0.191	0.072	1	chr2-104754701-104756414	2
0.00517335060882684	0.810364898501766	0.335	0.18	1	chr9-113564329-113567190	2
0.0051956367267331	1.46978564506711	0.173	0.063	1	chr7-74067522-74068472	2
0.00522026338125925	0.896303171590311	0.313	0.171	1	chr5-1879779-1884439	2
0.00525969230164937	1.30711064127402	0.187	0.072	1	chr20-58610879-58613063	2
0.00526514047879767	1.31736768804773	0.191	0.081	1	chr3-133473812-133475788	2
0.00531057575759791	0.931200689380299	0.306	0.162	1	chr1-206539744-206541389	2
0.00544090699834582	0.869297401460699	0.288	0.135	1	chr1-32649387-32652232	2
0.00548927426675677	1.65775987047022	0.155	0.054	1	chr1-156912338-156913670	2
0.00553789909077855	1.33984896580671	0.198	0.081	1	chr2-85510745-85512119	2
0.00556869445494597	1.15263708158298	0.23	0.108	1	chr10-17229078-17231736	2
0.00557682830329912	1.35977411736244	0.176	0.063	1	chr11-94746283-94747706	2
0.00558161645123727	1.80169431246696	0.162	0.063	1	chr1-162371696-162374524	2
0.0055947742356805	1.60434966772232	0.158	0.054	1	chr5-1770098-1773291	2
0.00560512779760147	1.34383798769624	0.187	0.072	1	chr14-81399780-81401447	2
0.00565730836159604	1.03569680840179	0.245	0.117	1	chr12-110279533-110282631	2
0.00572148712205329	1.38369168942042	0.173	0.063	1	chr11-22673842-22675551	2
0.00572938616364178	1.09670598032011	0.237	0.117	1	chr5-180828765-180833157	2
0.00574404736298918	1.56395010609264	0.158	0.054	1	chr3-69865528-69867070	2
0.00578894935674733	1.65865807486722	0.155	0.054	1	chr1-93666380-93668121	2
0.00579870041474159	0.73542965693928	0.331	0.18	1	chr21-37266246-37268842	2
0.00582594402302557	1.1053201100605	0.219	0.09	1	chr8-62529283-62530884	2
0.00587504069448668	1.39912791717873	0.162	0.054	1	chr8-135513919-135516615	2
0.00587994123989924	0.647253125985345	0.471	0.315	1	chr16-75249763-75255644	2
0.00588987023301758	1.27198060482618	0.198	0.081	1	chr4-6639619-6643686	2
0.00592277719967649	1.03104965287571	0.259	0.126	1	chr16-25048231-25050867	2
0.00593072991608274	0.9686628433608	0.277	0.144	1	chr20-25232738-25235909	2
0.00596799639834451	1.25046151068687	0.209	0.09	1	chr8-127052166-127054286	2
0.00607843120796017	1.46486600860559	0.169	0.063	1	chr5-142720413-142721637	2
0.00614943057052246	0.722210717473113	0.381	0.234	1	chr3-184247398-184250751	2
0.00618130775269444	1.47671251319435	0.158	0.054	1	chr6-75848066-75850900	2
0.00626616586764868	1.58704249757439	0.155	0.054	1	chr1-235882182-235884198	2
0.00646999471520603	1.29233710312714	0.191	0.081	1	chr8-100335785-100337728	2
0.00648964079043961	0.355887141948393	0.734	0.622	1	chr22-46068814-46095206	2
0.00650549662139362	1.33325972309758	0.18	0.072	1	chr22-29345813-29347969	2
0.00653490578692299	1.56626974635317	0.155	0.054	1	chr6-110949480-110953169	2
0.00663915298205656	1.32460550447752	0.187	0.072	1	chr1-36248199-36249440	2
0.00672820015630985	1.15293139690559	0.212	0.09	1	chr22-46374700-46375854	2
0.00678745239783472	1.42055183074207	0.158	0.054	1	chr10-34905163-34906728	2
0.006829700159611	1.38864695949324	0.18	0.072	1	chr7-2522317-2524871	2
0.00683569604004778	1.19924817114374	0.205	0.09	1	chr3-45966944-45968982	2
0.00684959282452246	1.49943195464003	0.155	0.054	1	chr3-120678034-120679493	2
0.00702801849811911	0.908502156389756	0.277	0.144	1	chr12-102119159-102121794	2
0.0070315883237505	1.43510825629383	0.169	0.063	1	chr8-38077539-38078713	2
0.00705123331962381	1.12037285487834	0.216	0.099	1	chr16-30984363-30986220	2
0.00707682689768527	1.19562242725496	0.201	0.09	1	chr8-133718675-133722978	2
0.00721362592769291	1.03483373240353	0.234	0.108	1	chr14-35335230-35337713	2
0.00721515837925147	1.48211569382727	0.155	0.054	1	chr19-15779398-15781362	2
0.00728541728971778	1.46983711913092	0.165	0.063	1	chr11-47989827-47992000	2
0.0073097463930603	0.834499006041936	0.317	0.171	1	chr6-43769188-43775365	2
0.00732764928884227	0.93286817376465	0.273	0.144	1	chr2-17752774-17755148	2
0.00735211831937952	1.20487421301075	0.205	0.09	1	chr14-66931910-66934303	2
0.00744592709201563	0.965411086842612	0.273	0.144	1	chr8-66521567-66523806	2
0.00749869866937452	1.36674333404596	0.176	0.072	1	chr10-71231976-71233208	2
0.00750814367208716	1.13621332312579	0.198	0.081	1	chr6-109892137-109893830	2
0.00750970249323072	1.27284386100331	0.201	0.09	1	chr1-201123862-201128016	2
0.00754016357167447	0.982997084385356	0.248	0.126	1	chr6-52917843-52919965	2
0.00770000333585231	0.948787884956892	0.27	0.144	1	chr22-46035282-46039795	2
0.00784200846588792	1.32298997817458	0.169	0.063	1	chr11-34600189-34602932	2
0.00789350649619537	1.44368001892108	0.162	0.063	1	chr12-93019455-93021047	2
0.00790655834431169	1.26041996121337	0.183	0.072	1	chr5-107650685-107655006	2
0.0079455634928491	0.658357986966423	0.414	0.27	1	chr16-68736742-68743446	2
0.00797515731050392	1.26761287426566	0.187	0.081	1	chr1-248862638-248863828	2
0.00798741875770121	0.663280652163151	0.406	0.252	1	chr5-141848268-141850695	2
0.00799995631955192	1.46271873783331	0.169	0.072	1	chr5-66958798-66961223	2
0.00805006681673364	1.10272431644381	0.209	0.09	1	chr19-1452923-1456619	2
0.00812322105135296	1.34554634673927	0.155	0.054	1	chr16-1492373-1494918	2
0.0081807859004942	1.362947280585	0.183	0.081	1	chr1-10679056-10683397	2
0.00830130715624833	1.12847467301966	0.216	0.099	1	chr21-16328647-16336001	2
0.00832399774003472	0.974048848433411	0.259	0.135	1	chr21-46322361-46326440	2
0.00833241319580144	1.40272812509642	0.165	0.063	1	chr14-67435612-67436927	2
0.00840034560259274	1.30725736093569	0.169	0.063	1	chr2-101119210-101121525	2
0.00851583548485058	1.22705370447326	0.18	0.072	1	chr5-179804721-179807893	2
0.00854278335499678	1.18317860865979	0.201	0.09	1	chr5-177365759-177367865	2
0.0085464666818703	1.49973435113573	0.151	0.054	1	chr12-131948579-131951337	2
0.00860947287410762	0.880608475065764	0.313	0.18	1	chr3-33095339-33098005	2
0.00862495703059817	1.42549686541122	0.165	0.063	1	chr8-144426519-144430128	2
0.00877131406085692	0.99106439476498	0.259	0.135	1	chr1-206711904-206715594	2
0.00880721937699001	1.35191880826064	0.162	0.063	1	chr8-123235330-123236485	2
0.00883348021129951	0.642823956555148	0.41	0.261	1	chr12-79687827-79693562	2
0.00885975859333574	0.820461028319781	0.263	0.126	1	chr12-74536990-74540402	2
0.0089702592265882	0.603824928064684	0.428	0.279	1	chr1-226132433-226136239	2
0.00904216672272354	1.55784776258759	0.151	0.054	1	chr17-347353-351301	2
0.00905095678971893	1.16155983730987	0.191	0.081	1	chr15-52974266-52976644	2
0.00907228845435237	1.41970440789587	0.162	0.063	1	chr16-57676298-57678488	2
0.00909326558985385	1.0748437871012	0.219	0.099	1	chr20-25195165-25197321	2
0.00912637688730994	1.27568633225211	0.176	0.072	1	chr15-29469967-29471416	2
0.00913341366241811	1.09066878604621	0.212	0.099	1	chr1-236398285-236400676	2
0.0092074753769265	1.41322088715984	0.162	0.063	1	chr12-52906847-52908840	2
0.00926041731602381	1.14536979613071	0.191	0.081	1	chr7-74501223-74503337	2
0.0092829502474017	1.37295219818063	0.165	0.063	1	chr12-47781561-47782734	2
0.00929475514059447	1.10009295436792	0.216	0.099	1	chr14-105201309-105206291	2
0.00932846180510154	1.10991140931158	0.209	0.099	1	chr1-9835303-9836969	2
0.0093524418745169	1.5092343605108	0.158	0.063	1	chr1-243487131-243489063	2
0.00940255611259346	1.23615133095542	0.18	0.072	1	chr10-79410705-79412447	2
0.00946734115240195	0.968253404003408	0.23	0.108	1	chr16-2085189-2090713	2
0.00952084036207793	0.756604052268465	0.306	0.171	1	chr14-68937542-68940502	2
0.00960543899373091	1.13186164855279	0.194	0.081	1	chr11-47922061-47924877	2
0.00965236919486935	0.891283358239932	0.273	0.153	1	chr19-6372168-6374182	2
0.00968710874832894	0.697329707579478	0.345	0.207	1	chr1-8876566-8881172	2
0.009701134687082	1.11726251273568	0.201	0.09	1	chr16-28291439-28293657	2
0.00970466734767409	1.22318538561155	0.176	0.072	1	chr17-82241361-82244783	2
0.00973200838302405	1.33511141997277	0.173	0.072	1	chr21-44049120-44053238	2
0.00975071143714317	0.907624428826113	0.288	0.162	1	chr6-157020453-157023483	2
0.00984342063922784	0.760471457319832	0.32	0.189	1	chr1-45566439-45570532	2
0.00985922249202087	0.921672633580926	0.266	0.144	1	chr12-95102641-95103867	2
0.00987483101242724	1.06808856432339	0.212	0.099	1	chr1-226675154-226678090	2
0.00987809131324404	1.02918285118945	0.223	0.108	1	chr7-69780245-69782231	2
0.00990977523825108	1.16838275362964	0.187	0.081	1	chr14-102214761-102216409	2
0.0102285130830418	1.57339476532477	0.155	0.063	1	chr12-109544467-109545823	2
0.0102447365615507	0.947876825149345	0.248	0.126	1	chr1-168391420-168392846	2
0.0102854105937723	0.917584212026884	0.259	0.135	1	chr12-110500798-110502751	2
0.0103538372624226	1.09920137209013	0.209	0.099	1	chr1-201494053-201496935	2
0.0104261145945615	0.687995525617142	0.371	0.243	1	chr17-59836971-59841482	2
0.0104436520142091	1.14366190399655	0.209	0.099	1	chr3-12483364-12485828	2
0.0105210036106513	1.07183367060069	0.219	0.108	1	chr2-119240187-119241775	2
0.0105457294095221	1.33457817170703	0.173	0.072	1	chr8-134565127-134567194	2
0.0105684833987205	0.996993671930024	0.241	0.126	1	chr16-81313632-81316415	2
0.0106098039322249	1.12525845072746	0.187	0.081	1	chr6-126339567-126341092	2
0.0107239740806252	0.753455806275392	0.345	0.216	1	chr14-61524069-61528036	2
0.0107482705580765	1.16348539848947	0.183	0.081	1	chr11-61949156-61950311	2
0.0107792303197744	0.736781536404182	0.338	0.207	1	chr7-24978896-24982302	2
0.0108037560828014	1.23316798483469	0.187	0.081	1	chr1-63547260-63548699	2
0.0108332451681179	1.17928807193087	0.198	0.09	1	chr12-106955231-106957346	2
0.0109309372584905	0.795362382452163	0.291	0.171	1	chr3-40689763-40692044	2
0.010986192918881	0.672386241617834	0.385	0.243	1	chr14-57609142-57612709	2
0.0110005703718508	1.28560780796715	0.173	0.072	1	chr8-17320237-17322516	2
0.0110706129480998	0.805607179022051	0.291	0.162	1	chr5-50440211-50442149	2
0.0111918436120084	0.946784128331612	0.255	0.144	1	chr12-12432068-12434569	2
0.0112135568133847	0.915028816454707	0.273	0.153	1	chr17-46971659-46974705	2
0.0112845244049326	0.701409082852862	0.327	0.18	1	chr16-2210397-2213481	2
0.0113134012439036	1.22500329610455	0.173	0.072	1	chr12-95317781-95318856	2
0.011321873155935	0.943297727113926	0.245	0.126	1	chr3-111737179-111740270	2
0.0113627835492621	1.27687483664439	0.191	0.09	1	chr1-157044764-157046720	2
0.0113696561578494	1.1358236986551	0.198	0.09	1	chr11-62444617-62446742	2
0.0113804513395999	1.37051216218858	0.158	0.063	1	chr2-20207777-20209761	2
0.0114358185584183	1.37936570824216	0.158	0.063	1	chr3-58095866-58097406	2
0.0114630677117287	0.98230371270755	0.234	0.117	1	chr6-117919819-117921007	2
0.0115203618968713	1.03909700663227	0.212	0.099	1	chr6-75600655-75603944	2
0.0116055903947584	1.0056095636261	0.23	0.117	1	chr13-44401441-44406218	2
0.0116104187010936	1.13229138407171	0.183	0.081	1	chr3-142856776-142857702	2
0.0116546305915577	1.22212250951777	0.18	0.081	1	chr1-27562626-27564732	2
0.0116629929925285	1.207798542768	0.183	0.081	1	chr14-105164845-105169557	2
0.0116636668546456	1.19059664877707	0.187	0.081	1	chr21-16279598-16282428	2
0.0117284907780311	1.32901248752395	0.169	0.072	1	chr14-105494389-105497101	2
0.0118194933749608	0.89752341304822	0.252	0.126	1	chr1-201059584-201061683	2
0.0120621747602749	1.23435065506434	0.169	0.072	1	chr17-37067215-37068653	2
0.0121328291383621	1.05193181251033	0.191	0.081	1	chr1-210327916-210330279	2
0.0121704244773326	1.00400718442731	0.223	0.108	1	chr14-102045961-102047061	2
0.0122998048037388	1.207814457597	0.173	0.072	1	chr16-66364107-66365983	2
0.0123463468507227	1.29000070352554	0.151	0.054	1	chr14-64221268-64222276	2
0.012607362278402	1.11174468252487	0.201	0.09	1	chr6-43798472-43801211	2
0.0127339273319018	0.996043459664613	0.223	0.108	1	chr10-32980041-32982336	2
0.0127529364731074	1.01135755632342	0.216	0.108	1	chr3-184240302-184242582	2
0.0128209172740304	0.972791161729718	0.245	0.135	1	chr10-19815232-19817949	2
0.012877213036972	1.15557481116381	0.176	0.072	1	chr15-51051630-51052696	2
0.0130537504124317	1.25859168609753	0.169	0.072	1	chr6-44252153-44258236	2
0.0130683346594179	0.855108163357133	0.27	0.144	1	chr7-98616717-98620577	2
0.0131143823978682	0.651068632018636	0.388	0.27	1	chr21-36186337-36189294	2
0.013211967234239	0.587897965980502	0.399	0.27	1	chr14-80940443-80942553	2
0.0132792392142204	1.26116004082594	0.176	0.081	1	chr9-7327979-7329173	2
0.0133233580017507	0.948166562477918	0.216	0.099	1	chr1-41432070-41433352	2
0.0134576326027228	0.890013174264422	0.273	0.162	1	chr7-108093969-108096271	2
0.0135674514170861	0.693682627501046	0.349	0.216	1	chr12-49108611-49111484	2
0.01358088808984	1.21723340210299	0.183	0.081	1	chr12-131928380-131930889	2
0.0135914487287178	0.801445618781857	0.273	0.153	1	chr5-55600164-55602053	2
0.0136593811728721	1.28369521341505	0.158	0.063	1	chr14-91395295-91400397	2
0.0136620002132753	0.88938035799354	0.252	0.135	1	chr10-133257212-133259872	2
0.0137021855198305	1.33447327884925	0.155	0.063	1	chr3-196711447-196713585	2
0.013724429903462	1.30783585198095	0.158	0.063	1	chr8-30553957-30556721	2
0.0137480373895504	1.11666627635901	0.187	0.081	1	chr3-59663940-59665422	2
0.0137897801539558	1.31563570586425	0.158	0.063	1	chr13-97221598-97226492	2
0.0138732443574441	0.959290366290641	0.227	0.117	1	chr17-66723767-66725901	2
0.0139984946131285	0.9689754994849	0.209	0.099	1	chr2-95292412-95299086	2
0.0140109270050042	0.868346416442349	0.245	0.126	1	chr14-90507992-90511066	2
0.0140538724079287	0.959046982358746	0.255	0.144	1	chr3-182792537-182796042	2
0.0141372479601038	1.43357146130816	0.151	0.063	1	chr3-169173009-169174360	2
0.0141408155867377	0.910775681582273	0.248	0.135	1	chr7-5780411-5782268	2
0.0141434433497544	0.924257924806469	0.252	0.135	1	chr17-72501227-72503382	2
0.0141510404624147	1.18870210952816	0.187	0.09	1	chr12-93173642-93174881	2
0.0142087225173394	1.14998399091511	0.191	0.09	1	chr3-140022104-140024620	2
0.014216940098968	0.768497973590302	0.291	0.162	1	chr11-63669980-63672222	2
0.0142453160196471	0.848416447206144	0.266	0.162	1	chr7-50597215-50603911	2
0.0142653767546392	1.11223389236082	0.201	0.099	1	chr2-130850111-130852459	2
0.0143588948199848	0.963076948607692	0.234	0.126	1	chr19-4454790-4458372	2
0.0145104710148305	1.40085821683985	0.155	0.063	1	chrX-2897335-2899336	2
0.014543942978612	0.916985340425706	0.23	0.117	1	chr20-44208713-44212005	2
0.014789091336978	1.31514954264067	0.155	0.063	1	chr1-192840019-192841017	2
0.0149123970355408	1.1796172804539	0.169	0.072	1	chr14-103126595-103129776	2
0.0149729334009271	1.11839662667115	0.187	0.09	1	chr6-87154633-87156767	2
0.0149737808558928	1.13114104970447	0.183	0.09	1	chr16-66549191-66550730	2
0.015066401047124	1.08976391756041	0.201	0.099	1	chr6-63635066-63637238	2
0.0152267549558208	1.2080240691099	0.158	0.063	1	chrX-150362458-150364929	2
0.0152567724233076	1.07078056804558	0.201	0.099	1	chr4-26204341-26205658	2
0.0152749228372515	0.890275588580763	0.241	0.126	1	chr21-43928313-43930619	2
0.0153702546227357	1.2042628209735	0.158	0.063	1	chr6-44223096-44224783	2
0.0154510212107632	1.1730516208836	0.18	0.081	1	chr5-88189440-88190891	2
0.0155191751580098	1.13943792100328	0.18	0.081	1	chr1-49346238-49347803	2
0.015692661914014	0.759334388556242	0.306	0.18	1	chr16-46918499-46922761	2
0.0157373124464494	1.20733464169398	0.176	0.081	1	chr6-116059546-116061409	2
0.0157748661403746	1.05931246039017	0.201	0.099	1	chr4-40395250-40396688	2
0.0158885185026331	1.04738711706491	0.191	0.09	1	chr6-41577633-41579450	2
0.0159641983198634	0.876943860123423	0.234	0.117	1	chr12-125109651-125111843	2
0.016042011894292	1.1302519146636	0.187	0.09	1	chr4-1725981-1728774	2
0.0161779081222944	1.27677550539059	0.155	0.063	1	chr1-70751532-70753423	2
0.0162033668600648	1.03257855587693	0.194	0.09	1	chr17-2023554-2026475	2
0.016237247145257	1.15703376671556	0.173	0.081	1	chr2-73268335-73270316	2
0.01628304948752	0.732942200947312	0.291	0.153	1	chr2-88015585-88017808	2
0.0163030922974561	1.12278915531275	0.176	0.081	1	chr16-70714558-70716839	2
0.0164709599135516	0.990571121413733	0.23	0.126	1	chr7-6015463-6016740	2
0.0165604780464253	1.22914803411153	0.165	0.072	1	chr17-63519503-63521190	2
0.0165639089121243	0.654081495993104	0.327	0.198	1	chr3-15902845-15905525	2
0.0166020463208415	1.08402439027151	0.198	0.099	1	chr6-57171746-57174463	2
0.0166093425093054	0.739544926364261	0.317	0.198	1	chr14-20454016-20456216	2
0.0167285829249665	0.888734024313911	0.248	0.135	1	chr1-44806452-44808605	2
0.016796156387239	1.17498915672518	0.155	0.063	1	chr17-1398789-1400763	2
0.0168753481394665	0.714320097367069	0.288	0.162	1	chr19-40714659-40717905	2
0.0168974624740808	0.761945517833039	0.302	0.18	1	chr2-226835006-226838410	2
0.0169243107105536	1.13273926532499	0.169	0.072	1	chr4-6632365-6634015	2
0.0170226659803304	0.791080578501115	0.299	0.18	1	chr12-132621939-132624401	2
0.0171845881674964	1.31814279524268	0.151	0.063	1	chr13-80339744-80342001	2
0.0171846052257882	1.37882055309564	0.151	0.063	1	chr3-15426936-15428731	2
0.0172107123387282	0.87740844664065	0.241	0.126	1	chr16-9364451-9366131	2
0.0172479329227308	0.87695802204337	0.245	0.135	1	chr12-123362547-123366148	2
0.0172733601012127	1.26057791216279	0.155	0.063	1	chr1-212238105-212239649	2
0.0172944618596771	1.04036529999141	0.209	0.108	1	chr12-93813121-93815024	2
0.0174116355901856	1.22828374321139	0.162	0.072	1	chr7-11294074-11295591	2
0.0174272574337582	1.18747152849958	0.158	0.063	1	chr10-122461209-122465016	2
0.0174621030798371	1.08191906086503	0.18	0.081	1	chr7-38304797-38306828	2
0.0175429224708595	0.804734943719917	0.263	0.144	1	chr17-47948257-47950886	2
0.0176273652957561	0.756478500324387	0.299	0.18	1	chr19-18635826-18638626	2
0.0176740012546194	0.800819657096333	0.255	0.144	1	chr21-29072797-29074476	2
0.017690611206508	1.10679626711748	0.18	0.081	1	chr1-116242395-116244470	2
0.0177588473321726	1.28961183729857	0.151	0.063	1	chr3-23740350-23741653	2
0.017764436078057	0.999543175601603	0.212	0.108	1	chr12-12313720-12314626	2
0.0177748335535368	0.996663663796651	0.194	0.09	1	chr5-51382670-51384203	2
0.017792925428243	1.13793941309576	0.183	0.09	1	chr20-45467559-45468783	2
0.017842239730602	1.3041297145983	0.151	0.063	1	chr8-118951282-118952761	2
0.017868117120936	0.619210313855196	0.367	0.225	1	chr1-206555236-206560716	2
0.0178762895625718	0.570706002672144	0.417	0.288	1	chr2-95273736-95278138	2
0.017972893552235	1.23648256988396	0.162	0.072	1	chr3-100022684-100024887	2
0.0180100544029964	1.30279705462284	0.151	0.063	1	chr7-103296886-103298611	2
0.0183324690572569	0.647816371155343	0.36	0.252	1	chr6-109380933-109385444	2
0.0183769733977598	0.852119501272449	0.248	0.135	1	chr8-94474422-94475997	2
0.018450364841389	1.19417357007533	0.165	0.072	1	chr4-118941042-118943035	2
0.0185055201910643	0.779182891541691	0.299	0.18	1	chr7-27344477-27348170	2
0.0185218031145553	1.29929836230932	0.151	0.063	1	chr8-1631177-1632309	2
0.0186009187993584	0.854443641450533	0.237	0.126	1	chr16-68263741-68266202	2
0.0186606745328093	0.965427917382554	0.216	0.117	1	chr8-116324454-116325543	2
0.0187343541000734	0.960737163940427	0.216	0.117	1	chr14-23693822-23695410	2
0.0188628440696057	0.924728474579167	0.205	0.099	1	chr7-23530300-23532650	2
0.019056863599464	0.901708763868617	0.223	0.117	1	chr5-77281811-77283174	2
0.0190573828840654	1.21116011937188	0.162	0.072	1	chr9-89675229-89677153	2
0.0191690421018015	0.886701738517646	0.227	0.117	1	chr12-2890079-2891917	2
0.0191817982644255	0.937789151282487	0.216	0.117	1	chr5-41432213-41434298	2
0.0192062875267855	1.09575538892258	0.165	0.072	1	chr16-75238014-75241427	2
0.0192292079010589	1.20783717000181	0.162	0.072	1	chr4-24794902-24796210	2
0.0192878371570978	1.04716093113162	0.183	0.09	1	chr3-197394547-197395684	2
0.0193054713743857	0.701241666603193	0.324	0.207	1	chr12-12713456-12719210	2
0.0193258709070581	1.28651702940924	0.158	0.072	1	chr8-10333845-10335977	2
0.0193541268492111	0.928986273568077	0.209	0.108	1	chr17-30970452-30972085	2
0.0193694711455313	1.13682651490048	0.183	0.09	1	chr2-85445384-85447718	2
0.0193784111000622	0.821381480361733	0.245	0.135	1	chr12-122265526-122267580	2
0.0195485887253958	0.773206420764898	0.281	0.162	1	chr6-96836141-96838162	2
0.019695099652458	1.18899839368924	0.173	0.081	1	chr3-75502374-75504003	2
0.0197657018256237	1.23874467010208	0.151	0.063	1	chr5-31935641-31937058	2
0.0198532172908111	0.737555327747937	0.248	0.126	1	chr6-109439475-109442158	2
0.0199160304460865	1.08521446256972	0.176	0.081	1	chr4-48047338-48048656	2
0.0199386734058671	1.09373464087329	0.194	0.099	1	chr16-10576959-10581141	2
0.0199616556189524	0.722910837562773	0.306	0.189	1	chr6-2987764-2991411	2
0.0200205472107806	0.906266686821543	0.234	0.126	1	chr1-214215611-214217641	2
0.0200647855628671	1.17982130070554	0.169	0.081	1	chr16-58249357-58250662	2
0.020325783945935	0.868319819197423	0.234	0.126	1	chr5-78504264-78505863	2
0.0203794277969516	1.20428236639185	0.162	0.072	1	chr14-104791940-104796306	2
0.0205003323426212	1.02213077071817	0.187	0.09	1	chr8-144372475-144375358	2
0.0205534679000839	0.792409055156915	0.259	0.153	1	chr1-234973347-234976032	2
0.0206171452068832	1.09031740632576	0.165	0.072	1	chr21-35256231-35257831	2
0.0207682348502747	1.23843765788613	0.158	0.072	1	chr16-88015791-88018064	2
0.0208285096447993	1.07480085211662	0.205	0.108	1	chr1-226813792-226815933	2
0.0209097852224843	0.872707216403091	0.223	0.117	1	chr2-26000516-26003432	2
0.0209530673747396	0.823810584136371	0.209	0.099	1	chr12-46382518-46384488	2
0.020983673444022	1.05628640512817	0.165	0.072	1	chr2-121699266-121700741	2
0.0211054803953341	1.0551460754978	0.187	0.09	1	chr10-24236725-24240846	2
0.0211639260497854	0.618538126526191	0.363	0.243	1	chr6-159725826-159729009	2
0.0212433895559832	1.04429513749354	0.183	0.09	1	chr21-31657959-31661092	2
0.0212760458183318	1.15546257448352	0.151	0.063	1	chr17-66301658-66303953	2
0.0213035068960817	0.780018118804502	0.255	0.144	1	chr10-69684053-69686951	2
0.0213385923772552	0.6827874584644	0.32	0.198	1	chr6-125780006-125782044	2
0.0214687930697999	1.11991525970026	0.173	0.081	1	chr12-97158633-97160709	2
0.021484889638866	0.564441942082054	0.388	0.252	1	chr3-24491597-24496274	2
0.02160731635224	0.870810495065271	0.219	0.117	1	chr1-150980947-150982928	2
0.0218619554838445	0.70526381201207	0.309	0.189	1	chr6-166032381-166033472	2
0.0218819925128606	1.01882361649517	0.201	0.108	1	chr14-91367068-91368175	2
0.0219313124605379	1.00365047443504	0.198	0.099	1	chr6-105089777-105091969	2
0.0219333740195991	1.09916158124186	0.173	0.081	1	chr14-100304770-100308549	2
0.0219775582106452	0.906487374404206	0.223	0.117	1	chr6-151833080-151834328	2
0.0220550882091718	0.582661481317446	0.374	0.243	1	chr1-247006877-247008561	2
0.0222291842929416	0.718736197866373	0.291	0.18	1	chr2-20465560-20467804	2
0.0222661701965993	1.1214191311903	0.162	0.072	1	chr10-19930848-19932295	2
0.0223035551580072	1.21056059767401	0.158	0.072	1	chr11-72780677-72782969	2
0.0223903333140729	0.783216494638882	0.241	0.126	1	chr6-159691247-159694685	2
0.0224873778210068	0.941505225710917	0.201	0.099	1	chr2-109690439-109692727	2
0.0225250485453649	1.02070474642359	0.194	0.099	1	chr6-110957946-110959370	2
0.0225474128344379	0.996990001783663	0.187	0.09	1	chr1-156571176-156573071	2
0.0225619000882483	1.03678349102249	0.162	0.072	1	chr14-104800184-104801940	2
0.0226264720926553	0.699400917076339	0.291	0.171	1	chr6-291044-293860	2
0.0227024685308028	1.17822446960358	0.158	0.072	1	chr12-123601247-123603472	2
0.0228024320914707	0.799216743828074	0.259	0.153	1	chr17-40098169-40101536	2
0.0228888353974701	1.10443559265823	0.173	0.081	1	chr17-17684809-17686987	2
0.0229863412291898	1.08402767184683	0.173	0.081	1	chr12-122752145-122753921	2
0.0230883351365488	0.86859570080286	0.234	0.126	1	chr2-237730289-237736165	2
0.0231034375299923	0.857220937765057	0.237	0.135	1	chr6-143842594-143844329	2
0.0231045403796023	1.03141144473436	0.198	0.099	1	chr12-132559332-132562857	2
0.0231140786119557	0.896069655815721	0.209	0.108	1	chr17-57090462-57093628	2
0.0232126145187636	0.77556923781898	0.266	0.153	1	chr7-74635223-74636748	2
0.023334804589944	0.624635542660037	0.317	0.189	1	chr11-61488142-61490805	2
0.023729840637703	1.17411011590204	0.151	0.063	1	chr11-111730737-111731928	2
0.0237585619830318	0.938148924870323	0.198	0.099	1	chr21-36245592-36246959	2
0.0239105005346117	0.93165371148864	0.209	0.117	1	chr20-31860070-31862291	2
0.0240829410311636	1.11427463808336	0.173	0.081	1	chr9-129333599-129335147	2
0.0240957350121542	1.02598381335763	0.209	0.117	1	chr11-118620699-118623692	2
0.0241910030376011	0.828364018349789	0.23	0.126	1	chr5-122844216-122848140	2
0.0242091672542126	1.02829435090541	0.176	0.081	1	chr15-41876415-41878845	2
0.0242750609397729	0.689432884310714	0.291	0.18	1	chr8-33511923-33514258	2
0.0243382661362111	0.792588410624295	0.263	0.162	1	chr10-60942322-60944527	2
0.0243761097888653	0.706493995042555	0.299	0.18	1	chr6-125956387-125958516	2
0.0244034599804159	1.26585983420723	0.165	0.081	1	chr21-34127971-34130785	2
0.0245704415165682	0.933147666057384	0.205	0.108	1	chr6-119347663-119351334	2
0.0248756075491879	0.976686257435224	0.198	0.108	1	chr3-68932109-68933204	2
0.0249342174712432	0.960360334738231	0.151	0.063	1	chr3-160808259-160810871	2
0.0249400286001995	0.394665841225243	0.608	0.532	1	chr17-17806579-17826076	2
0.02504672504039	0.632798744410746	0.291	0.171	1	chr1-108691203-108693827	2
0.025118927357695	1.08012956125312	0.173	0.081	1	chr6-9139661-9141581	2
0.0252376084286269	0.718769433869243	0.284	0.18	1	chr1-212146611-212148332	2
0.0254200462309958	0.894327443255398	0.216	0.117	1	chr1-182788503-182790425	2
0.025544644018037	0.810536274868207	0.245	0.144	1	chr17-12730418-12731803	2
0.0257112878261549	0.79131992643258	0.248	0.144	1	chr5-77086376-77088514	2
0.0259876300292869	1.01417652356117	0.176	0.081	1	chr5-115797774-115800415	2
0.025992958652521	0.974026280627545	0.183	0.09	1	chr7-101182288-101183187	2
0.0260577141166299	0.731346746856659	0.288	0.171	1	chr20-36480007-36482813	2
0.0260683529824376	1.17464030934955	0.155	0.072	1	chr16-11534017-11536118	2
0.0260987561394819	0.971712344858582	0.183	0.09	1	chr19-50724228-50726134	2
0.0261243295867721	0.898796428087787	0.198	0.099	1	chr17-82697943-82699529	2
0.0261534500484992	0.883213406193654	0.223	0.126	1	chr3-194852731-194855546	2
0.0261632404985855	0.728953819005462	0.288	0.18	1	chr1-211381926-211383850	2
0.0262271731796219	0.913769939539324	0.198	0.099	1	chr11-59057852-59059072	2
0.0262977075370008	1.20550310903865	0.155	0.072	1	chr20-3221891-3224422	2
0.0263194844615708	0.92345121609382	0.187	0.09	1	chr5-134018120-134021068	2
0.0263561505971475	0.744664268613292	0.291	0.189	1	chr3-139533751-139536030	2
0.0264183849480721	0.985544989781101	0.183	0.09	1	chr1-221886672-221887914	2
0.0265322970060789	0.962556076806032	0.187	0.09	1	chr10-84327819-84329721	2
0.0266138367368979	1.0641136362473	0.18	0.09	1	chr1-178536538-178537884	2
0.0266226427238607	0.81935823198242	0.219	0.117	1	chr13-51995142-51996761	2
0.0268664599263208	0.911522767916641	0.212	0.117	1	chr1-225879600-225883670	2
0.0269094691410557	1.09824565367171	0.176	0.09	1	chr10-117413672-117414943	2
0.027044734528727	1.12890449062443	0.158	0.072	1	chr16-11400857-11402971	2
0.0273515089864129	1.19232618800831	0.155	0.072	1	chr6-159968258-159970705	2
0.0274119647582388	0.420979399417629	0.529	0.396	1	chr1-228484939-228491495	2
0.0274683932476758	0.749710115039259	0.259	0.153	1	chr3-128347554-128350904	2
0.02753251207277	0.826163155092644	0.219	0.117	1	chr12-7128339-7131597	2
0.0275629991483002	0.592717481181401	0.36	0.252	1	chr2-156331554-156335963	2
0.0277041370033268	0.898840667390053	0.198	0.099	1	chr8-143382241-143387081	2
0.0277781150743641	0.637087597535945	0.313	0.207	1	chr8-29737004-29740356	2
0.0283474540985833	0.849279476698017	0.216	0.117	1	chr1-233613289-233616304	2
0.0286622392009575	0.858563446223024	0.205	0.108	1	chr6-152301264-152302712	2
0.0289281326556249	1.07851440522174	0.169	0.081	1	chr1-39115642-39118492	2
0.0289881755586348	1.02361450819233	0.162	0.072	1	chr1-230823925-230826300	2
0.0290853448341691	0.667806642229586	0.295	0.189	1	chr12-93569298-93572309	2
0.0290969740373433	1.03260015661852	0.158	0.072	1	chr2-39123774-39125233	2
0.0291742363816142	0.941929527510619	0.173	0.081	1	chr1-28516974-28519483	2
0.0293537967679195	1.02931460564584	0.162	0.081	1	chr21-29174495-29176152	2
0.0295629286424121	0.489080902540684	0.442	0.315	1	chr6-165833903-165836151	2
0.0295681761911941	0.999525263977814	0.18	0.09	1	chr18-23688783-23691048	2
0.0296563271009009	1.00592650584518	0.169	0.081	1	chr9-89685756-89687657	2
0.0297932635769432	0.989524968338716	0.176	0.09	1	chr7-143434320-143435516	2
0.0300141721290409	0.739045954142523	0.241	0.135	1	chrX-129651895-129656310	2
0.0300283587326798	0.673689361168492	0.277	0.162	1	chr7-35035564-35038521	2
0.0300468523650098	0.977180826920973	0.18	0.09	1	chr17-63675180-63676767	2
0.0301675569158115	0.961247424451279	0.18	0.09	1	chr20-13008482-13010512	2
0.0302202775297717	0.873656754610794	0.201	0.108	1	chr1-6204861-6207120	2
0.030365747559494	1.05782264264898	0.158	0.072	1	chr7-79293026-79294687	2
0.0303961492607116	0.939076781484958	0.173	0.081	1	chr1-161013128-161014647	2
0.0304082710254488	0.323056340181247	0.64	0.541	1	chr1-155123709-155137365	2
0.0304102165179987	0.854570861016936	0.18	0.09	1	chr8-48693288-48694530	2
0.030451006657486	0.925029752201736	0.201	0.108	1	chr2-241091331-241095965	2
0.0305587224952782	0.540619350491461	0.403	0.306	1	chr2-236569209-236586359	2
0.0307392765232069	0.768815273582504	0.234	0.126	1	chr1-202379636-202381085	2
0.030777327574829	0.994467399587334	0.18	0.09	1	chr2-186771309-186772806	2
0.0310239727019076	0.703720611338424	0.277	0.171	1	chr12-112012337-112014830	2
0.0310997988181866	0.804435189832692	0.216	0.117	1	chr18-12059281-12060873	2
0.0311187576491975	0.813052601090529	0.23	0.126	1	chr14-75254157-75255671	2
0.0311395917632181	0.799628698321173	0.248	0.153	1	chr22-49950819-49955308	2
0.0315230426241257	1.02301922361148	0.18	0.09	1	chr1-153544681-153545862	2
0.0315329820072249	1.10589757235459	0.155	0.072	1	chr9-119801297-119803349	2
0.0316274820181061	0.805093772470589	0.201	0.108	1	chr11-1302254-1304856	2
0.0318031452916804	1.03879255997629	0.155	0.072	1	chr4-40403938-40405053	2
0.0319016652082295	0.918313207683141	0.18	0.09	1	chr5-69517009-69520282	2
0.0319346516204618	1.05462615877438	0.165	0.081	1	chr1-179929727-179932485	2
0.031984120229812	0.897112567982865	0.205	0.108	1	chr21-16371746-16380532	2
0.03224474196374	0.963638503887882	0.187	0.099	1	chr5-43997451-43998635	2
0.0322633017464543	0.815297001535753	0.216	0.117	1	chr17-75695749-75698368	2
0.0325413080584477	0.81980831372868	0.23	0.135	1	chr6-135180346-135182950	2
0.0325437595202096	0.627790507477997	0.302	0.18	1	chr5-178230517-178233408	2
0.0326243236992069	0.457849697681043	0.478	0.36	1	chr5-178203714-178216561	2
0.0327694599293973	0.957402811473257	0.158	0.072	1	chr22-40345192-40348520	2
0.0327734439384567	0.844834959090122	0.219	0.126	1	chr8-28493108-28495446	2
0.0330435739627454	1.08061730713428	0.155	0.072	1	chr2-173354195-173356545	2
0.0330610098012503	0.938135125806148	0.18	0.09	1	chr14-55121915-55123415	2
0.0330905139755799	0.891000366363181	0.201	0.108	1	chr1-28641995-28644506	2
0.0331314507236587	0.979217559373633	0.169	0.081	1	chr4-20809602-20810548	2
0.033316883379538	0.586360497159986	0.353	0.234	1	chr7-135210286-135212811	2
0.0333247804080454	1.07548881890077	0.155	0.072	1	chr17-80260025-80263871	2
0.0333283197218378	0.889249707294978	0.209	0.117	1	chr1-6427091-6428593	2
0.0333283197218378	0.893167833080015	0.209	0.117	1	chr7-23473494-23474966	2
0.0333623453079534	0.593067855421138	0.342	0.234	1	chr17-78171277-78177740	2
0.0333839584592327	0.940737771649616	0.183	0.099	1	chr22-45316827-45319997	2
0.0334452037443844	1.15782086786091	0.151	0.072	1	chr20-44738565-44739761	2
0.0334553881736778	0.932529231734039	0.18	0.09	1	chr12-122420854-122423658	2
0.0335142903254897	1.00082329346912	0.183	0.099	1	chr11-6925620-6927886	2
0.0337205371951848	0.887885802104317	0.18	0.09	1	chr8-108759872-108761141	2
0.0337317818187603	1.06851948106503	0.151	0.072	1	chr6-149387648-149388611	2
0.0337472963208275	0.960718500658772	0.158	0.072	1	chr14-68191363-68192601	2
0.0340367693210151	1.01435250569608	0.155	0.072	1	chr18-34492553-34494485	2
0.034090840739867	0.597708230575755	0.327	0.207	1	chr16-70745480-70749914	2
0.0341027012553669	1.02898077279834	0.165	0.081	1	chr2-200741226-200742903	2
0.0341775710564143	0.910740132230046	0.205	0.117	1	chr8-58065537-58068548	2
0.0345225895900149	1.09584425503873	0.162	0.081	1	chr3-46947284-46949629	2
0.0345225895900149	1.05238577839222	0.162	0.081	1	chr5-190268-191848	2
0.0348095532255207	0.758805067518165	0.219	0.117	1	chr3-157498856-157500594	2
0.034908657078758	0.690071831242819	0.27	0.162	1	chr8-82129418-82130802	2
0.0349668289675979	0.817934025111208	0.219	0.126	1	chr1-223142324-223144176	2
0.0350004288748617	0.846110448867677	0.201	0.108	1	chr16-46387671-46391516	2
0.0350942119428008	1.04811229460937	0.162	0.081	1	chr7-76310019-76311212	2
0.0351551211171821	0.834293329788038	0.219	0.126	1	chr19-12680695-12682353	2
0.0351963713711424	1.11718011909428	0.151	0.072	1	chr19-9871346-9872435	2
0.0352384058098298	1.07549705333631	0.162	0.081	1	chr20-19934835-19936699	2
0.0356561473693329	0.932130993946606	0.176	0.09	1	chr6-46651773-46653779	2
0.0356651792359774	0.89346754730887	0.165	0.081	1	chr1-207049640-207051810	2
0.0357331585355231	0.911193454536305	0.173	0.081	1	chr10-11830630-11832616	2
0.0359932907057987	0.857149679101533	0.227	0.135	1	chr11-61971149-61973449	2
0.0362438860107501	0.586214157362343	0.263	0.153	1	chr8-109583418-109586885	2
0.0363646017044436	0.945306598941818	0.176	0.09	1	chr17-19752660-19754335	2
0.0364114659636133	0.668940901598701	0.309	0.216	1	chr7-149124969-149128424	2
0.0364791318099578	0.856185165997965	0.187	0.099	1	chr22-36464775-36466053	2
0.0365193504000347	0.794656781354518	0.212	0.117	1	chr6-47308076-47310514	2
0.0365259195257017	0.974689823589198	0.173	0.09	1	chr7-51647508-51648674	2
0.0365775100678886	0.838162302025171	0.23	0.144	1	chr1-224453579-224455295	2
0.0367085799539394	0.98945810949931	0.155	0.072	1	chr17-67390090-67391275	2
0.0368697729535777	1.0955350509271	0.151	0.072	1	chr2-189484921-189488237	2
0.0368993623356131	0.744537797388385	0.187	0.099	1	chr17-28576030-28577658	2
0.0369011616788802	0.886169227116207	0.18	0.09	1	chr2-101001588-101003768	2
0.0371273333695365	0.564741104878838	0.32	0.207	1	chr10-80203041-80206318	2
0.0372599249122383	1.0458055194371	0.169	0.09	1	chr12-103840394-103841751	2
0.037299191176446	0.679387237552178	0.284	0.18	1	chr1-182838589-182841799	2
0.037322907386968	0.481498286377016	0.439	0.351	1	chr17-74756743-74762368	2
0.0373259942069988	0.985369835608896	0.155	0.072	1	chr14-104746495-104748289	2
0.0373765674938994	0.96370347487381	0.176	0.09	1	chr6-95576486-95578548	2
0.0375490984389475	0.963850149468812	0.173	0.09	1	chr22-47129358-47130698	2
0.0378107680776666	1.05753154441476	0.151	0.072	1	chr10-34768370-34769303	2
0.0379950499238303	0.930696376634757	0.173	0.09	1	chr11-134466662-134470066	2
0.038032940999422	0.455794154891007	0.45	0.315	1	chr1-173823555-173825560	2
0.0380466429541401	0.957644872495981	0.165	0.081	1	chr1-94819564-94822243	2
0.0382321378460858	0.688224257500877	0.273	0.171	1	chr20-49045583-49047989	2
0.0382867722282124	0.8447913500087	0.209	0.117	1	chr19-29389030-29390351	2
0.0383572491613161	0.914981183523702	0.183	0.099	1	chr6-138817596-138818701	2
0.0386104634078786	1.10321350119974	0.151	0.072	1	chr10-15309760-15311139	2
0.0387482681265581	0.949646566526427	0.173	0.09	1	chr11-46541676-46542874	2
0.0390539816940697	0.90650623380996	0.205	0.126	1	chr22-18055752-18058365	2
0.0391045402920144	0.663037150566548	0.273	0.171	1	chr10-116848376-116850677	2
0.0391126007722591	0.488919441195036	0.378	0.27	1	chr1-201695014-201697615	2
0.0392345849490971	0.716698482320442	0.245	0.144	1	chr12-122870577-122873643	2
0.0393840084463447	1.07353127080175	0.165	0.09	1	chr16-53054231-53056290	2
0.0394528742540773	0.814214256875148	0.219	0.126	1	chr1-154426991-154430618	2
0.0398075817686078	0.874374259483252	0.187	0.099	1	chr7-141287723-141289538	2
0.0406414609732706	1.02856533010513	0.158	0.081	1	chr9-122374770-122377382	2
0.0407881775618313	0.856167213871295	0.194	0.108	1	chr20-723479-725089	2
0.0410034255849846	0.811763390089314	0.216	0.126	1	chr8-85106419-85108314	2
0.0411020378841205	0.76150490331293	0.23	0.135	1	chr22-38167335-38168702	2
0.0411846858995049	0.776193063233212	0.223	0.135	1	chr8-62034056-62036526	2
0.041545847666751	0.860333678459249	0.194	0.108	1	chr12-401096-402700	2
0.0417887833795803	1.07077700624875	0.162	0.09	1	chr12-26273667-26275364	2
0.041911762965581	0.569526776146052	0.295	0.189	1	chr17-50477924-50480084	2
0.0423341573176535	0.803815246511823	0.158	0.072	1	chr8-135456501-135458510	2
0.0423632231240436	0.585893511737883	0.291	0.18	1	chr8-101360083-101362320	2
0.0424269565163963	0.642570115782924	0.259	0.162	1	chr2-183078163-183079829	2
0.0424303279313156	0.826343732521411	0.187	0.099	1	chr17-38584125-38585685	2
0.042476641119362	1.02597504219907	0.151	0.072	1	chr15-90097852-90098824	2
0.0426082034516681	0.998363518501397	0.162	0.081	1	chr15-31334904-31337218	2
0.0426519098283095	1.02756720591518	0.151	0.072	1	chrX-106725826-106727341	2
0.0428143456814939	0.899934657977191	0.191	0.108	1	chr22-18022834-18025100	2
0.0430329338452543	0.742615164098797	0.223	0.126	1	chr5-179912131-179914776	2
0.0431812163710546	0.617181703196753	0.27	0.171	1	chr6-75242352-75244784	2
0.0433591122528031	0.961316157025769	0.151	0.072	1	chr8-119919429-119920907	2
0.043668951902301	0.909169886771864	0.18	0.099	1	chr12-19438988-19441176	2
0.0436816883249576	0.747254276243506	0.205	0.108	1	chr8-101503961-101506607	2
0.043875350298832	0.924006153149144	0.173	0.09	1	chr22-47630792-47633266	2
0.0438942074056867	0.608140167685619	0.295	0.189	1	chr20-31942126-31944467	2
0.0439340946905561	0.976741479875244	0.169	0.09	1	chr1-3794845-3797523	2
0.0440143160997993	0.802290402383601	0.209	0.117	1	chr16-29764967-29766219	2
0.044085495367782	0.548635137536646	0.342	0.234	1	chr6-111590969-111593529	2
0.0445365044356929	0.976961273803966	0.176	0.099	1	chrX-132022489-132024496	2
0.0446613628903298	0.774778326591121	0.237	0.153	1	chr8-90000319-90002280	2
0.045170577739254	0.955136270527721	0.151	0.072	1	chr1-233294846-233296392	2
0.0451706862233658	0.613414304693213	0.299	0.189	1	chr1-181117145-181118569	2
0.0452431179344052	0.873391100554913	0.173	0.09	1	chr8-62860336-62861604	2
0.0452745606169862	0.69962575035847	0.209	0.117	1	chr5-33549622-33550781	2
0.045555177624286	0.573863404099005	0.288	0.189	1	chr5-168314433-168317649	2
0.0458379486173581	0.529979787221533	0.36	0.243	1	chr2-10119843-10123258	2
0.0458994075401242	0.879565479928262	0.191	0.108	1	chr6-108587216-108590182	2
0.0460685206683206	0.980455890344474	0.155	0.081	1	chr1-58814963-58817103	2
0.0462914423330458	0.787361802565252	0.205	0.117	1	chr5-158593079-158595680	2
0.0464668864045472	0.653746185323824	0.252	0.153	1	chr5-132385261-132389094	2
0.046476222441199	0.924914831384409	0.151	0.072	1	chrX-47193118-47194590	2
0.0465123460512135	0.686960677568529	0.227	0.126	1	chr11-9384279-9385873	2
0.0465141178556608	0.844413194831122	0.194	0.108	1	chr3-194768631-194770094	2
0.0465505124067104	0.927837764658404	0.169	0.09	1	chr16-2497027-2499618	2
0.0466997790724197	0.657572554400033	0.241	0.144	1	chr8-27583293-27585314	2
0.0467271334566001	0.766825930129463	0.219	0.135	1	chr16-47459747-47462710	2
0.0468104037533842	1.04355868002128	0.155	0.081	1	chr16-85148793-85150302	2
0.0468828022435341	0.629210160646458	0.281	0.18	1	chr16-30774657-30779335	2
0.0472364672713219	0.889179966455113	0.151	0.072	1	chr3-100001476-100003748	2
0.0475423391894926	0.90025247497482	0.173	0.09	1	chr5-149779350-149781474	2
0.0476836270655972	0.656877208450124	0.255	0.162	1	chr10-79086152-79088903	2
0.0479424479169027	0.56732580060233	0.309	0.207	1	chr1-154404465-154409423	2
0.0479494548724815	0.899901117680611	0.201	0.126	1	chr5-149149853-149153022	2
0.0480471705907127	0.621560780619508	0.291	0.189	1	chr12-98514673-98517243	2
0.048182398765448	0.91584359749341	0.169	0.09	1	chr22-31943571-31945610	2
0.0481824289251298	0.914428098190887	0.169	0.09	1	chr22-39234979-39236266	2
0.0481842062215083	0.646526228754995	0.277	0.18	1	chr8-54019358-54023180	2
0.0482401339382013	0.581690687089301	0.263	0.153	1	chr16-30874292-30877269	2
0.0485515317152427	0.96057232687932	0.169	0.09	1	chr3-5121905-5124370	2
0.0486264926533722	0.774601574566827	0.205	0.117	1	chr17-68246942-68248881	2
0.0487358851209482	0.912554944214749	0.183	0.108	1	chr1-180153873-180155961	2
0.0488224612708071	0.940349656899913	0.158	0.081	1	chr12-53294979-53296357	2
0.0489025565762124	0.967306761244504	0.155	0.081	1	chr3-184345216-184346358	2
0.0489943521860276	0.716236530251523	0.252	0.171	1	chr6-107956553-107958949	2
0.0497589254326009	0.856666524729942	0.18	0.099	1	chr15-90157826-90158790	2
0.0499051718980266	0.78965310438228	0.187	0.099	1	chr2-38375678-38378339	2
0.0499390111830601	0.839091025034513	0.173	0.09	1	chr7-98294378-98296548	2
0.0505298279454557	0.737379058437127	0.205	0.117	1	chr7-100022338-100024496	2
0.0506237941164746	0.797183726358641	0.209	0.117	1	chr11-64923728-64925400	2
0.0506784906223816	0.683340342018751	0.245	0.144	1	chr12-128822871-128825162	2
0.0506790890151768	0.334495584407063	0.468	0.342	1	chr12-56115699-56119975	2
0.0507059408753241	0.770782284162488	0.205	0.117	1	chr16-75243802-75246325	2
0.0507455589760794	0.719222556293643	0.176	0.09	1	chr17-81551263-81554230	2
0.0508382071789499	0.650747704480559	0.237	0.144	1	chr1-211541330-211543818	2
0.0510727129262936	0.977411021493405	0.155	0.081	1	chr7-150016357-150017467	2
0.0513275343514161	0.620064804947217	0.281	0.189	1	chr6-111604219-111607305	2
0.0515550988689801	1.07795058665072	0.151	0.081	1	chr10-60480616-60482127	2
0.0515713392174132	0.870591241464503	0.158	0.081	1	chr1-223737327-223741426	2
0.0519224216518435	0.519506683627769	0.345	0.243	1	chr1-180157019-180158892	2
0.0521775614752156	1.04554991211795	0.162	0.09	1	chr6-53278823-53280681	2
0.0522592468457638	0.827693457462234	0.191	0.108	1	chr1-16947535-16949515	2
0.0527369897274318	0.684315121092787	0.227	0.135	1	chr7-87627545-87629608	2
0.0529695227258009	0.874082557695203	0.169	0.09	1	chr11-34262581-34264152	2
0.052983185669851	0.450344990856956	0.399	0.279	1	chr4-10005358-10008991	2
0.0529936415169691	0.910037524725284	0.158	0.081	1	chr7-24572392-24574642	2
0.05303288508955	0.620361281394807	0.241	0.144	1	chr8-101391518-101394336	2
0.053114973749529	0.989303935677579	0.155	0.081	1	chr1-965780-968684	2
0.0533877593508116	0.811167583516164	0.191	0.108	1	chr14-100058995-100060060	2
0.0538520336865259	0.773764454846239	0.176	0.09	1	chr4-74474437-74475723	2
0.0538588105424603	0.713883479004505	0.209	0.117	1	chr7-151875044-151877950	2
0.0541054732676767	0.800639340440482	0.209	0.126	1	chr2-227324417-227326526	2
0.0542448398210146	0.690165276023997	0.234	0.144	1	chr19-32691089-32694761	2
0.0542925407355324	0.585013770096034	0.281	0.18	1	chr2-96143900-96149120	2
0.0543329361972577	0.814480919541706	0.23	0.153	1	chr4-5709144-5712138	2
0.0545365535528855	0.734947878477565	0.191	0.108	1	chr7-131284328-131285873	2
0.0548174296204244	0.573956028984222	0.324	0.216	1	chr14-90511824-90514677	2
0.0548811257555938	0.592382595041835	0.255	0.153	1	chr22-31106262-31108292	2
0.0549136531042462	0.6548849992582	0.216	0.126	1	chr1-15833010-15836670	2
0.0549232781340274	0.850736490482926	0.165	0.09	1	chr5-56640707-56641809	2
0.0550362348857134	0.977102051150345	0.162	0.09	1	chr5-145981463-145982930	2
0.0551298622408769	0.845878026304926	0.18	0.099	1	chr3-107240204-107241721	2
0.0552380598242614	0.686980177348176	0.198	0.108	1	chr11-7537276-7539725	2
0.0554677713830323	0.771677166920404	0.205	0.117	1	chr10-43573293-43575196	2
0.0559340880888177	0.548851832530936	0.327	0.216	1	chr8-1744615-1746762	2
0.0560146292392149	0.764544802365231	0.205	0.126	1	chr18-267235-269319	2
0.0563007492402199	0.993360684140193	0.162	0.09	1	chr3-69141909-69145113	2
0.0563059666448744	1.00554751039089	0.155	0.081	1	chr11-84957985-84959218	2
0.0565242567700444	0.904919638257538	0.155	0.081	1	chr21-39450678-39452798	2
0.056721205098015	0.576176487028328	0.266	0.162	1	chr20-25309371-25311510	2
0.0568680669792697	0.785986957031295	0.169	0.09	1	chr6-30913208-30915944	2
0.0569629504837243	0.89092894506562	0.155	0.081	1	chr5-132214940-132216029	2
0.0570241033479223	0.897882963251804	0.165	0.09	1	chr7-66684340-66686596	2
0.0573191072502605	0.367327019610747	0.554	0.477	1	chr1-58779452-58786153	2
0.0574819344243391	0.682661348428686	0.237	0.144	1	chr12-44948321-44949412	2
0.0576262993887075	0.902719787914612	0.155	0.081	1	chr7-128383457-128384515	2
0.0578829961384508	0.86970211333392	0.165	0.09	1	chr13-113000901-113002677	2
0.0579029198793498	0.689267432815116	0.219	0.135	1	chr10-132570693-132573056	2
0.0579039354138376	0.794222105153408	0.191	0.108	1	chr14-37864685-37866310	2
0.0581618249828446	0.557863762378151	0.32	0.207	1	chr17-79991285-79994381	2
0.0584082738371146	0.906701353338307	0.155	0.081	1	chr17-20008739-20011178	2
0.0585660884543661	0.858789540675508	0.176	0.099	1	chr7-126936617-126938176	2
0.0587447527514106	0.420968497391699	0.421	0.306	1	chr2-164839839-164844014	2
0.0588546770322974	0.542523067072283	0.32	0.225	1	chr6-56540920-56543487	2
0.0590835748834782	0.813980393112339	0.216	0.135	1	chr1-201500245-201502953	2
0.0591570098606177	0.693548814134738	0.234	0.153	1	chr22-20776467-20778654	2
0.0594266865185243	0.861302197827039	0.155	0.081	1	chr17-36948006-36949979	2
0.0596549818394712	0.850674941583505	0.155	0.081	1	chr19-31571943-31573727	2
0.0597603831387834	0.59598963954733	0.291	0.207	1	chr8-40054201-40055898	2
0.059811658189588	0.382029548304947	0.478	0.342	1	chr1-248857175-248860279	2
0.0598177620796222	0.964912985575157	0.151	0.081	1	chr1-201373784-201382780	2
0.0599837172476927	0.745422692044002	0.212	0.126	1	chr8-100416241-100418268	2
0.0600492342750017	0.978063583254267	0.151	0.081	1	chr3-157369138-157371240	2
0.0600492342750017	0.967934553804225	0.151	0.081	1	chr5-53030212-53032206	2
0.0601323841580616	0.89199199817215	0.18	0.108	1	chr5-95842888-95844549	2
0.0603218602928764	0.809896759909905	0.187	0.108	1	chr12-52068988-52071147	2
0.0605173691711603	0.655741890634226	0.266	0.18	1	chr6-53651089-53652853	2
0.06069168381938	0.942710558714895	0.162	0.09	1	chr18-42705976-42707482	2
0.0607013255902931	0.682611952095534	0.227	0.135	1	chr20-23360716-23363873	2
0.0607366015564588	0.712126824746985	0.201	0.117	1	chr10-131900114-131902322	2
0.0609688363965454	0.617885285378214	0.241	0.153	1	chr20-3845542-3847901	2
0.0613357786896114	0.824761792973284	0.187	0.117	1	chr6-157556276-157557848	2
0.0613741757579953	0.935696791343396	0.162	0.09	1	chr14-50000370-50002117	2
0.0613858890012861	0.774620116986724	0.194	0.117	1	chr5-23506357-23508000	2
0.0614735199384627	0.549413205739802	0.324	0.225	1	chr19-54461387-54465276	2
0.061477676670032	0.566106845873342	0.317	0.225	1	chr21-42495276-42497190	2
0.0614946614651996	0.54181829401039	0.331	0.234	1	chr21-42056161-42059470	2
0.0615304547937576	0.865477587470618	0.158	0.081	1	chr21-43879742-43880971	2
0.061601439883728	0.788562339893948	0.187	0.108	1	chr12-130837818-130839923	2
0.06169041787642	0.94242358675188	0.151	0.081	1	chr1-205961813-205963292	2
0.0618326915855994	0.974792021845881	0.162	0.09	1	chr6-89818507-89820333	2
0.0622617062551701	0.783628546981384	0.176	0.099	1	chr1-175022404-175024083	2
0.0624050610258651	0.987082170836809	0.151	0.081	1	chr2-85741062-85743335	2
0.0625245336041987	0.512697882494828	0.335	0.225	1	chr16-84503851-84506841	2
0.0625656778276091	0.480794400803851	0.36	0.279	1	chr3-123066493-123069643	2
0.0626030250133135	0.534029665035584	0.349	0.261	1	chr4-68864178-68866456	2
0.0626235432638748	0.762866080578881	0.212	0.126	1	chr11-47184532-47187105	2
0.0630246386517684	0.666001749544152	0.241	0.162	1	chr12-101459592-101460595	2
0.0632831411022405	0.502304331298765	0.266	0.162	1	chr7-98085502-98087036	2
0.0634087978899037	0.852761720118322	0.18	0.108	1	chr19-39444659-39446220	2
0.0634409867199896	0.506357389330951	0.356	0.252	1	chr11-47212689-47216976	2
0.063448353304148	0.683832530211561	0.219	0.135	1	chr17-75783007-75787308	2
0.0636107327197855	0.727980787105082	0.198	0.117	1	chr6-170224580-170226800	2
0.063611255975	0.772992952407862	0.176	0.099	1	chr19-48362895-48364584	2
0.0636542521303017	0.706789106265542	0.219	0.135	1	chr7-103148212-103150127	2
0.0637312847333806	0.849828433736703	0.165	0.09	1	chr12-99984156-99985867	2
0.0639127366623145	0.626557843584039	0.248	0.153	1	chr12-125633378-125635807	2
0.0642796840782217	0.457892827300966	0.378	0.27	1	chr1-193121316-193123566	2
0.0644510388237128	0.72266770811772	0.187	0.108	1	chr10-129689142-129691690	2
0.0645252797709359	0.560785398757974	0.227	0.135	1	chr12-6372354-6378163	2
0.0650673459200757	0.932181167026197	0.158	0.09	1	chrX-125202828-125205876	2
0.065152536239958	0.773034688869339	0.205	0.126	1	chr13-24160174-24163213	2
0.0652441209718512	0.548782540623132	0.306	0.216	1	chr1-234542045-234546269	2
0.0653626734809719	0.855354032080313	0.162	0.09	1	chr7-50735963-50740488	2
0.0653929165311526	0.745284144232868	0.23	0.153	1	chr14-64703821-64707241	2
0.0658456542064314	0.811011960651449	0.162	0.09	1	chr11-2698872-2701209	2
0.0660992481448393	0.830568774421191	0.155	0.081	1	chr14-65072819-65075267	2
0.0663190892272225	0.652505101561957	0.241	0.153	1	chr12-94458521-94461100	2
0.0663541550223314	0.804459575200333	0.173	0.099	1	chr3-128070688-128073923	2
0.0664745434641906	0.689210118391737	0.234	0.153	1	chr16-87852952-87856896	2
0.0665182132395147	0.672213043315806	0.201	0.117	1	chr1-54370140-54372569	2
0.0665312147024962	0.903424701554328	0.158	0.09	1	chr20-48920219-48922738	2
0.0665756373035997	0.900355059784499	0.162	0.09	1	chr20-2305100-2306533	2
0.0667876277989175	0.462613896719068	0.335	0.225	1	chr8-142725259-142728887	2
0.0668380598430965	0.901526203036133	0.151	0.081	1	chr2-238319746-238321509	2
0.0668543526261951	0.906751669953373	0.173	0.108	1	chr11-48148280-48151155	2
0.0668718464553722	0.667415677038936	0.212	0.126	1	chr2-178111953-178113500	2
0.0669500159182675	0.616974718783598	0.234	0.144	1	chr16-30533070-30536319	2
0.0671436719823817	0.627243811218856	0.241	0.153	1	chr16-30555872-30559046	2
0.067241995053446	0.454015990763207	0.353	0.243	1	chr19-36053273-36056793	2
0.0673208113565774	0.543904695475996	0.255	0.162	1	chr3-155743409-155746409	2
0.0675460138005099	0.836382676093179	0.173	0.099	1	chr5-140340347-140342194	2
0.0677553778124887	0.611759088365712	0.237	0.153	1	chr1-246582198-246585815	2
0.0678055649159383	0.725883287558751	0.176	0.099	1	chr17-75774878-75777905	2
0.0678128670079133	0.809499258715007	0.165	0.09	1	chr12-69469863-69471340	2
0.0679839235438923	0.860902028746836	0.169	0.099	1	chr12-10100669-10102171	2
0.068227390005664	0.834726545791758	0.169	0.099	1	chr17-57817773-57818800	2
0.0683721350708218	0.890363848300689	0.151	0.081	1	chr18-3710417-3711560	2
0.0685804716528073	0.627698820411524	0.255	0.171	1	chr8-38175226-38178262	2
0.068819412543247	0.491918429384016	0.32	0.216	1	chr16-67934409-67937613	2
0.0689553283244888	0.714587584199906	0.227	0.144	1	chr8-30801224-30805164	2
0.0689729453908392	0.421072712493959	0.385	0.279	1	chr1-179080865-179083524	2
0.0692086201220265	0.871282482358457	0.169	0.099	1	chr3-11508509-11510770	2
0.0692518946570063	0.763166304080447	0.183	0.108	1	chr1-171141004-171143414	2
0.0695625152946011	0.824534111612355	0.162	0.09	1	chr4-74444666-74446007	2
0.0696028383700595	0.540575946883198	0.277	0.189	1	chr1-168803174-168804619	2
0.0698296714660719	0.700064085351447	0.23	0.153	1	chr6-136563777-136566898	2
0.069983710693704	0.765808465292261	0.191	0.117	1	chr10-132444722-132449682	2
0.0700710185668151	0.387088829343196	0.446	0.351	1	chr4-78055747-78060022	2
0.0701083644237505	0.548326761551339	0.291	0.198	1	chr17-18260011-18262302	2
0.0705417457978665	0.551729216301518	0.284	0.198	1	chr1-32758018-32763841	2
0.0705724293311565	0.532489963523709	0.313	0.216	1	chr6-127265879-127268830	2
0.0708224233590972	0.839249632141937	0.176	0.108	1	chr6-73460833-73463303	2
0.0709616738560954	0.650109368687294	0.237	0.153	1	chr16-66509931-66514188	2
0.0713235782188694	0.626243973802396	0.223	0.135	1	chr16-46620391-46622038	2
0.0717680567034565	0.752280340975381	0.198	0.117	1	chr1-202034270-202035696	2
0.0720315927975947	0.805647515421081	0.155	0.081	1	chr10-6088437-6090666	2
0.0722722512849541	0.644389621304518	0.227	0.144	1	chr10-29734781-29737351	2
0.0723342672024173	0.827235611478027	0.151	0.081	1	chr4-10664080-10665278	2
0.0723720214322915	0.72934801906779	0.205	0.126	1	chr7-6588512-6591238	2
0.0723960493995839	0.893464099249063	0.158	0.09	1	chr5-68456301-68457641	2
0.0724770101037072	0.714819228931399	0.176	0.099	1	chr2-42493556-42495635	2
0.0726305007934743	0.84888177390882	0.155	0.09	1	chr10-46022932-46023975	2
0.0726572655818597	0.404505094846767	0.356	0.252	1	chr6-167750425-167752085	2
0.0726851447771877	0.563951258937616	0.259	0.171	1	chr16-19520729-19522740	2
0.0728009546516498	0.436864470208028	0.381	0.288	1	chr1-165827087-165830155	2
0.0729411792689944	0.595489689148135	0.234	0.153	1	chr3-50225786-50228699	2
0.0734044943364916	0.71889796339499	0.183	0.108	1	chr7-66113997-66115872	2
0.0739061544956938	0.713090924288774	0.183	0.108	1	chr10-119164448-119167098	2
0.0739497354312069	0.628245843407617	0.201	0.117	1	chr15-48962615-48964457	2
0.0742486145289321	0.361775897226471	0.435	0.333	1	chr8-101577419-101585046	2
0.0742627966967226	0.843007821104733	0.158	0.09	1	chr14-22981635-22983786	2
0.0747983743291927	0.705828484552744	0.216	0.135	1	chr12-49366263-49368718	2
0.0748977642366321	0.762648487713104	0.18	0.108	1	chr5-107217367-107219599	2
0.0750747841871597	0.874728703330155	0.158	0.09	1	chr1-100949177-100950135	2
0.0753116568424333	0.626435116176558	0.223	0.144	1	chr1-202236151-202237605	2
0.0754202833428152	0.711160903708507	0.187	0.108	1	chr2-101237747-101241116	2
0.0755110309621638	0.676826707040262	0.216	0.135	1	chr1-220708948-220711883	2
0.0758084517889925	0.803107779417898	0.165	0.09	1	chr20-44965867-44967107	2
0.0759892071287015	0.652362914168719	0.216	0.135	1	chr5-154682131-154683882	2
0.0760650082097175	0.68444673248399	0.219	0.144	1	chr7-150321945-150324942	2
0.0761881658955287	0.607667013781192	0.227	0.144	1	chr2-218281487-218287668	2
0.0762000019002115	0.876051500272177	0.151	0.081	1	chr21-32660566-32661928	2
0.0762202883773671	0.65522173719901	0.205	0.126	1	chr6-116667744-116669148	2
0.0766257566711963	0.514691597897774	0.299	0.207	1	chr14-92724154-92726951	2
0.0768133478160633	0.677247099224111	0.237	0.153	1	chr7-116861943-116863926	2
0.0769234489268339	0.756998676363982	0.173	0.099	1	chr8-78804117-78805702	2
0.0769332285714887	0.837839249749136	0.165	0.099	1	chr19-2235037-2238109	2
0.0773801435323297	0.71237744146601	0.201	0.126	1	chr12-122062472-122064410	2
0.0775543334699522	0.848015682139357	0.158	0.09	1	chr12-132274718-132275819	2
0.0778072323615019	0.516715269219117	0.284	0.189	1	chr10-32445443-32447606	2
0.0780252324638736	0.615915076745617	0.219	0.135	1	chr3-168248536-168250446	2
0.0784082149572091	0.660397263513829	0.223	0.144	1	chr7-152673670-152676692	2
0.0785077223211357	0.653654396161844	0.209	0.126	1	chr7-97116296-97118694	2
0.0788130443074902	0.652000249858339	0.227	0.144	1	chr16-67197468-67200529	2
0.0788450472400778	0.827775819479328	0.169	0.099	1	chr2-241269721-241273303	2
0.0788936745761195	0.649678757478478	0.223	0.144	1	chr3-40086996-40089931	2
0.0789400346741847	0.731877339911729	0.194	0.117	1	chr4-108167309-108169640	2
0.078960434555268	0.865875164437109	0.158	0.09	1	chr1-193111377-193114420	2
0.0789990661988945	0.563819386395266	0.302	0.216	1	chr5-32329070-32332344	2
0.0790157474195681	0.460352422364579	0.36	0.252	1	chr6-111481476-111485053	2
0.0791991498869192	0.660801104222331	0.194	0.117	1	chr17-81721372-81724577	2
0.079353772771286	0.69033965014285	0.18	0.108	1	chr11-45993207-45995549	2
0.0793615481731321	0.613590375045133	0.241	0.153	1	chr1-207320994-207324483	2
0.0794021369783282	0.704107638513376	0.201	0.126	1	chr6-138104607-138108203	2
0.0795484942868601	0.486780178731011	0.313	0.225	1	chr3-150602204-150604644	2
0.0796547789822989	0.653033657737668	0.216	0.135	1	chr21-33324161-33326052	2
0.0799121754692684	0.72060452521287	0.187	0.117	1	chr5-142874201-142875424	2
0.079914291887018	0.546974854809813	0.205	0.117	1	chr22-38505284-38507027	2
0.0799802230978738	0.604291870727276	0.198	0.117	1	chr16-2222970-2225276	2
0.0800379039214993	0.786303213053235	0.162	0.09	1	chr22-46249341-46251138	2
0.0801079822170046	0.68654285564205	0.187	0.108	1	chr9-33816323-33818957	2
0.0806353148395217	0.531509803898798	0.277	0.18	1	chr6-80003580-80005278	2
0.080917383054965	0.51021296618609	0.295	0.198	1	chr17-29176134-29181105	2
0.080995263198889	0.514330401281812	0.284	0.198	1	chr12-15881640-15883854	2
0.0811189155623305	0.791412420856917	0.151	0.081	1	chr4-70734044-70736321	2
0.0812927894339862	0.919653579884957	0.155	0.09	1	chr22-27848855-27850882	2
0.0812970622000053	0.67724316320889	0.194	0.117	1	chr6-5259476-5262589	2
0.0816677670216259	0.645380482432996	0.216	0.135	1	chr6-80105978-80107409	2
0.0817821025712365	0.798451448487196	0.187	0.117	1	chr20-50509605-50511505	2
0.0819147233773031	0.662499544256661	0.198	0.126	1	chr20-51749594-51751009	2
0.0819895723427193	0.269464260521173	0.579	0.486	1	chr22-46096091-46123323	2
0.0823478368201986	0.680179913613316	0.198	0.117	1	chr12-57545956-57547718	2
0.0826977652697314	0.500813950255709	0.27	0.18	1	chr1-161116976-161120425	2
0.0831393758233427	0.750165546965985	0.187	0.117	1	chr6-40395069-40397499	2
0.0831923291262792	0.798725406554477	0.176	0.108	1	chr16-3642361-3643674	2
0.083204434538359	0.648474055165954	0.216	0.135	1	chr10-59708914-59710730	2
0.0832632967277413	0.566466466914573	0.266	0.18	1	chr10-132161883-132164232	2
0.0833843196233565	0.678864666066737	0.165	0.09	1	chr16-28504739-28506010	2
0.0836712121167922	0.590744812908362	0.252	0.171	1	chr12-118135275-118137442	2
0.0837108898837111	0.677372633306321	0.194	0.117	1	chr1-43388123-43390706	2
0.0837111361790007	0.703072680972323	0.191	0.117	1	chr5-154394034-154396186	2
0.0839845671929569	0.672968056622626	0.191	0.117	1	chr2-127810013-127812002	2
0.0841277521088433	0.733577209931996	0.173	0.099	1	chr1-25817880-25822227	2
0.0841675581264184	0.373955030900395	0.468	0.387	1	chr11-34636894-34643465	2
0.0842382851060285	0.74493910794225	0.187	0.117	1	chr3-128878221-128880664	2
0.0843024035435968	0.584502720108496	0.263	0.18	1	chr6-166997456-167000072	2
0.0843220305738271	0.520538401825687	0.309	0.225	1	chr3-149085431-149087121	2
0.0847038297214635	0.647161092895932	0.173	0.099	1	chr6-143534997-143537968	2
0.084895533058876	0.602588272600472	0.23	0.153	1	chr1-16622757-16625343	2
0.0849888399497956	0.779570783994158	0.162	0.09	1	chr16-70522940-70525369	2
0.0850526284911951	0.57229367220747	0.227	0.144	1	chr8-85176408-85178923	2
0.0850528344662456	0.591565069399604	0.237	0.153	1	chr1-228099259-228105593	2
0.0850941280357692	0.828453222439569	0.158	0.09	1	chr2-20468415-20470195	2
0.0857491401790914	0.677333390407849	0.176	0.099	1	chr14-67940172-67942628	2
0.0857499380147084	0.733918300144385	0.176	0.108	1	chr4-6052405-6054508	2
0.0859538888413866	0.654883334663353	0.183	0.108	1	chr3-184154732-184157261	2
0.0863190375296805	0.661959966917613	0.219	0.144	1	chr1-229269538-229272867	2
0.0867452752898835	0.735396573773815	0.173	0.099	1	chr11-76379961-76382015	2
0.0867588264711095	0.729052151141261	0.191	0.117	1	chr19-18274239-18276158	2
0.0868197571342345	0.693573208353516	0.201	0.126	1	chr16-19715457-19719210	2
0.0868719067161972	0.693836317616622	0.18	0.108	1	chr2-20212223-20214758	2
0.0869071765063282	0.789146308393978	0.165	0.099	1	chr7-51033680-51036811	2
0.0872434871355255	0.65562309582169	0.209	0.135	1	chr7-65980579-65982882	2
0.087310525693309	0.458967573762382	0.363	0.261	1	chr1-225809544-225814050	2
0.0875327927439871	0.570521420481341	0.198	0.117	1	chr7-56009051-56010779	2
0.0879554185233998	0.568622065293593	0.216	0.135	1	chr2-75709263-75711734	2
0.0883253302935798	0.734892604401784	0.18	0.108	1	chr7-122637426-122638635	2
0.0891883504257325	0.868432835562114	0.155	0.09	1	chr5-154272614-154276168	2
0.0893824229237451	0.802994756375209	0.162	0.099	1	chr8-116872983-116875314	2
0.0898204429321162	0.822247942819635	0.155	0.09	1	chr6-79544780-79545582	2
0.0898504221924116	0.760216724186772	0.169	0.099	1	chr4-8533781-8535040	2
0.0904323546869552	0.658079261049353	0.194	0.117	1	chr21-42877762-42880295	2
0.0904489099440561	0.683109955389965	0.201	0.126	1	chr2-27427927-27430809	2
0.0909890769875241	0.504777942944377	0.263	0.18	1	chr22-38731897-38734775	2
0.0910115394348974	0.629661934495284	0.194	0.117	1	chr12-48118519-48120164	2
0.0910605655260734	0.514125959089683	0.273	0.189	1	chr2-70140836-70143968	2
0.0911347201067478	0.704196468278099	0.198	0.126	1	chr5-132426730-132430266	2
0.0915912692850065	0.433666164986876	0.335	0.252	1	chr8-30721959-30724297	2
0.0916075152962085	0.747782081749878	0.158	0.09	1	chr9-136117059-136120146	2
0.0917158384222527	0.607351086201533	0.245	0.162	1	chr11-2990264-2993330	2
0.091868679696928	0.674621857266646	0.173	0.099	1	chr14-64959829-64961729	2
0.0918892833905725	0.511506109721999	0.266	0.18	1	chr17-52418746-52420249	2
0.092093118897449	0.538837190568971	0.237	0.153	1	chr2-120252070-120254238	2
0.0925171646624774	0.644957893522796	0.209	0.135	1	chr12-46258700-46261731	2
0.0927770111955741	0.57505151986366	0.259	0.18	1	chr7-116780457-116781816	2
0.0928255976331147	0.662788827988027	0.191	0.117	1	chr16-12802694-12804372	2
0.0929144773968908	0.740510389834769	0.191	0.126	1	chr1-229273476-229274597	2
0.0940174229863946	0.806747126889573	0.155	0.09	1	chr6-167795748-167796728	2
0.0940477720747773	0.669226138321316	0.173	0.099	1	chr18-22044014-22045859	2
0.0941440095868065	0.542349473018243	0.241	0.153	1	chr16-28821964-28825198	2
0.0942194070414826	0.684117320795752	0.183	0.108	1	chr1-233843417-233844371	2
0.0944607361433475	0.547117821293861	0.259	0.171	1	chr16-80899798-80901153	2
0.094537177951064	0.644674489048756	0.227	0.153	1	chr3-172515051-172517784	2
0.0946150360019298	0.461023853536146	0.32	0.252	1	chr22-37196769-37200303	2
0.0948359906510506	0.786238282962987	0.169	0.108	1	chr12-89225342-89226504	2
0.0949698050946976	0.649118334296706	0.187	0.117	1	chr1-85463715-85466024	2
0.0951758922063305	0.684879083640956	0.158	0.09	1	chr19-8320405-8325266	2
0.0952305594203678	0.630043229385081	0.234	0.162	1	chr1-109099605-109101915	2
0.0953917622070106	0.69353735334779	0.151	0.081	1	chr7-143367613-143369014	2
0.095717039605683	0.565145364910962	0.252	0.171	1	chr2-191415009-191416698	2
0.0957432893392953	0.448899451652335	0.291	0.198	1	chr6-53064380-53069206	2
0.0957916757135111	0.535697605921517	0.241	0.153	1	chr12-124719965-124721379	2
0.0957931132726143	0.669555234717892	0.216	0.144	1	chrX-70132200-70134646	2
0.0962265585347293	0.749881014200857	0.18	0.117	1	chr3-43417977-43419421	2
0.0965682516263718	0.654205907883855	0.201	0.126	1	chr10-119667386-119671686	2
0.0966637805584808	0.575278114264015	0.194	0.117	1	chr1-201480057-201481288	2
0.096857898732519	0.697875337342725	0.194	0.126	1	chr3-182738615-182741245	2
0.0969160360279521	0.769199162436314	0.165	0.099	1	chr1-226109258-226110789	2
0.0969983966479702	0.435413929990905	0.349	0.261	1	chr7-149194837-149198252	2
0.0973091966922141	0.38444774927597	0.374	0.279	1	chr5-31530806-31534976	2
0.0975491299166973	0.566197121460014	0.245	0.162	1	chr16-3455778-3460486	2
0.0979387863558429	0.524395235437413	0.266	0.18	1	chr10-93465533-93467037	2
0.0980612246566582	0.653781252776843	0.219	0.153	1	chr10-122062683-122063862	2
0.0981164728042815	0.480506403201248	0.302	0.216	1	chr17-7581924-7585093	2
0.0981775540906912	0.67573131740273	0.158	0.09	1	chr19-1414770-1418543	2
0.0983213521458709	0.54281691569917	0.281	0.198	1	chr3-128384874-128386339	2
0.0984083243332141	0.736934521587009	0.183	0.117	1	chrX-2676848-2680425	2
0.0986300801931547	0.736783330426455	0.173	0.108	1	chr5-108100840-108102308	2
0.0987257481534475	0.649780785464533	0.169	0.099	1	chr13-24922101-24923785	2
0.0992179695526935	0.805888104017922	0.151	0.09	1	chr19-11766472-11768207	2
0.0993972238379548	0.784114402425184	0.155	0.09	1	chr20-23420077-23422020	2
0.0995356753294592	0.680755564512067	0.158	0.09	1	chr6-87472300-87474061	2
0.101016826962067	0.611930469374141	0.23	0.153	1	chr1-227945111-227948967	2
0.10237191168367	0.809087993603728	0.151	0.09	1	chr4-3779400-3782916	2
0.102617695963247	0.767239729725883	0.18	0.117	1	chr17-81991232-81993065	2
0.102962015352045	0.49085706062428	0.263	0.171	1	chr1-91884529-91886975	2
0.103172643195136	0.569693142624421	0.263	0.189	1	chr6-79233308-79235306	2
0.103228071113861	0.577922133072175	0.212	0.135	1	chr8-119976418-119979924	2
0.103236283607702	0.725029333244973	0.155	0.09	1	chr15-65303552-65305681	2
0.10325950935518	0.493968026165622	0.259	0.171	1	chr10-110566492-110568822	2
0.103585985178717	0.433337582071537	0.302	0.207	1	chr6-147202081-147205253	2
0.103700128140103	0.679314274644522	0.158	0.09	1	chr5-178123151-178125112	2
0.103717846724158	0.660261599187815	0.194	0.126	1	chr8-42337632-42339486	2
0.103794012298936	0.517186260063211	0.273	0.189	1	chr4-88522541-88524687	2
0.103799032243739	0.80469254222835	0.151	0.09	1	chr12-109864038-109865550	2
0.104119066982238	0.665292984866034	0.216	0.144	1	chr8-81110753-81112682	2
0.104482177810327	0.693200403552028	0.155	0.09	1	chr2-169584046-169585765	2
0.104518497401165	0.799540857834162	0.151	0.09	1	chr21-33403207-33405679	2
0.104528315378716	0.591778683680269	0.219	0.144	1	chr11-76660072-76661555	2
0.104598535970339	0.670181433466421	0.198	0.135	1	chr8-42470858-42473664	2
0.104735117528209	0.649707720774684	0.216	0.144	1	chr14-55101801-55104072	2
0.104791701591842	0.652320557346863	0.169	0.099	1	chr8-18208833-18210845	2
0.104943702568058	0.737567958479919	0.173	0.108	1	chr2-240585754-240587872	2
0.105242724615742	0.504357884546034	0.248	0.171	1	chr2-121648108-121651051	2
0.105709573957695	0.775845381363875	0.165	0.099	1	chr5-125175282-125176929	2
0.105823078461576	0.486132996161433	0.259	0.18	1	chr12-53005567-53008104	2
0.105857983573772	0.508644608930767	0.255	0.171	1	chr7-54757731-54760484	2
0.10586088048851	0.41380913250372	0.331	0.234	1	chr10-12194520-12197656	2
0.105955017411965	0.49717103289077	0.281	0.198	1	chr19-1256549-1263050	2
0.106266191818453	0.616177722058217	0.198	0.126	1	chr3-11476947-11482250	2
0.106334490788021	0.809692854062091	0.151	0.09	1	chr5-96246932-96248341	2
0.106605802817744	0.506438109004538	0.295	0.207	1	chr7-149837732-149839496	2
0.106612155828838	0.346895193780701	0.439	0.36	1	chr6-116570579-116573299	2
0.106763652793428	0.689786098644285	0.165	0.099	1	chr3-112404975-112411000	2
0.106808169630399	0.314145679337666	0.511	0.414	1	chr4-41358070-41364239	2
0.107176544844586	0.614797410308708	0.248	0.18	1	chr8-80029076-80030881	2
0.107289753121026	0.666628923927564	0.194	0.126	1	chr20-63978424-63981732	2
0.107317445149322	0.591903248411864	0.219	0.144	1	chr16-89300202-89302542	2
0.107498696995451	0.577340478936932	0.201	0.126	1	chrX-154546128-154549223	2
0.107681629478501	0.73781703845902	0.162	0.099	1	chr5-139642577-139644603	2
0.107775516275692	0.67930416545245	0.187	0.117	1	chr8-8701052-8702699	2
0.107870123620746	0.764390547787591	0.173	0.108	1	chr6-97282232-97283930	2
0.108000097799618	0.44773418569282	0.306	0.207	1	chr6-53793236-53796773	2
0.108192734271638	0.399380979714028	0.324	0.225	1	chr3-37985061-37987982	2
0.108399182279793	0.768566643154774	0.162	0.099	1	chr12-96906718-96908611	2
0.10850302023682	0.467503116689874	0.252	0.162	1	chr17-19247421-19249593	2
0.108570353092509	0.669428529849333	0.176	0.108	1	chr17-66951170-66953064	2
0.108612532234311	0.659448742751146	0.194	0.126	1	chr2-200861263-200865344	2
0.108612532234311	0.631178802050929	0.194	0.126	1	chr11-47233811-47235329	2
0.108912343167557	0.548217904026704	0.209	0.135	1	chr5-17305066-17306884	2
0.10899749174845	0.687435690056347	0.169	0.099	1	chr19-17419102-17420924	2
0.109227279760726	0.483478513256776	0.209	0.126	1	chr1-36373473-36375348	2
0.109657145466786	0.641192077625616	0.191	0.117	1	chr17-2335434-2338348	2
0.109910832371525	0.340186446876905	0.424	0.342	1	chr16-57618278-57622987	2
0.110041463607113	0.726708428575601	0.151	0.09	1	chr8-98361469-98362484	2
0.110619906465099	0.500855632990904	0.263	0.18	1	chr10-132306601-132308940	2
0.110620855518258	0.536896460924381	0.194	0.126	1	chr1-31704339-31706751	2
0.110892032483656	0.733511746695522	0.155	0.09	1	chr11-67286557-67290164	2
0.111028920426253	0.550807597146699	0.255	0.18	1	chr2-189762097-189763923	2
0.111176118215542	0.620028639178185	0.201	0.135	1	chr14-91149131-91150389	2
0.111216982734161	0.61844155156109	0.173	0.108	1	chr6-89828851-89830550	2
0.111428159320794	0.68132275944807	0.165	0.099	1	chr4-54658216-54660095	2
0.111436874882436	0.557923369396085	0.234	0.162	1	chr14-102507919-102511283	2
0.111886743722836	0.493614700912334	0.263	0.189	1	chr1-184050586-184052749	2
0.112816664690398	0.545576485409135	0.212	0.135	1	chr20-50929247-50932422	2
0.112895287645495	0.628157988723759	0.165	0.099	1	chr12-1605077-1608633	2
0.113189070720206	0.773188872144555	0.169	0.108	1	chr6-158059856-158061519	2
0.113417076339514	0.608258360373907	0.183	0.117	1	chr5-135012975-135015406	2
0.113464364726814	0.767016240463231	0.151	0.09	1	chr2-233288424-233290944	2
0.113687368322717	0.445217709596544	0.252	0.171	1	chr1-45010149-45013172	2
0.113831113110602	0.331576429101846	0.464	0.387	1	chr1-179953646-179956020	2
0.113913060434605	0.501029194854197	0.23	0.153	1	chr12-55727508-55730404	2
0.114038707383538	0.467459307195752	0.345	0.27	1	chr6-85671969-85680735	2
0.11409846312347	0.643764295373802	0.173	0.108	1	chr21-14027006-14027921	2
0.114136662435931	0.762845612652346	0.158	0.099	1	chr6-110896373-110906001	2
0.114414950517045	0.46797487946847	0.216	0.135	1	chr6-169789397-169791313	2
0.114691850842795	0.674395471052873	0.155	0.09	1	chr21-30226577-30228723	2
0.114835070423178	0.727858258105691	0.187	0.126	1	chr5-106779720-106781076	2
0.115012327267037	0.751142817953587	0.151	0.09	1	chr20-54084563-54085798	2
0.115182922549645	0.72422544762375	0.165	0.108	1	chr11-47425706-47427098	2
0.115296820450388	0.478569341233122	0.273	0.198	1	chr6-96520186-96522877	2
0.115319961132298	0.408402691927438	0.345	0.261	1	chr3-48661384-48665214	2
0.115463916117611	0.648910462412529	0.155	0.09	1	chr1-40382279-40385780	2
0.115478904955778	0.539927244283048	0.237	0.162	1	chr14-91415816-91419241	2
0.115760437834386	0.718452688268162	0.169	0.108	1	chr19-51338506-51340479	2
0.115798456941037	0.577109741357396	0.18	0.108	1	chr10-510247-511937	2
0.11649113159457	0.396540550889674	0.313	0.225	1	chr1-178724532-178728163	2
0.116591034511312	0.543790506654993	0.205	0.135	1	chr5-126874831-126875996	2
0.116897712924004	0.62226341185418	0.223	0.153	1	chr14-89184467-89187395	2
0.116942747647889	0.562720458998705	0.23	0.162	1	chr2-201115741-201119521	2
0.118040592702769	0.465125951625394	0.295	0.216	1	chr7-75526621-75528815	2
0.118411430343689	0.454416191346827	0.252	0.171	1	chr5-38612944-38614996	2
0.118593378805353	0.679009766652956	0.155	0.09	1	chr2-156483268-156484683	2
0.11859901601699	0.670609817936588	0.18	0.117	1	chr5-68592687-68594106	2
0.11869312667343	0.541026087797551	0.216	0.144	1	chr12-96093486-96094858	2
0.118741213271479	0.581150319216411	0.219	0.153	1	chr1-235078548-235080508	2
0.118764983813685	0.53827438479592	0.248	0.171	1	chr2-169714887-169717735	2
0.118867977904386	0.416049087372476	0.36	0.288	1	chr12-48681212-48682960	2
0.119168666618492	0.650131883183264	0.183	0.117	1	chr15-70762181-70764404	2
0.119234412095	0.741745161836166	0.162	0.099	1	chr8-104552693-104553990	2
0.119430842879316	0.544293556782265	0.241	0.171	1	chr5-14010941-14012380	2
0.119485064224887	0.44717711828482	0.327	0.243	1	chr3-111978391-111980044	2
0.119663350251739	0.525513032745965	0.209	0.135	1	chr12-110449348-110450870	2
0.120358851845323	0.315826366396323	0.496	0.441	1	chr6-73511670-73522485	2
0.120420785547465	0.526306725941669	0.227	0.144	1	chr7-129610759-129613400	2
0.121370811294571	0.69174945399293	0.151	0.09	1	chr6-110655488-110657521	2
0.121732576221306	0.546878697542239	0.241	0.171	1	chr21-31730548-31734156	2
0.121945493264416	0.651480772042069	0.205	0.144	1	chr7-149261255-149263260	2
0.12205190020593	0.539498511559774	0.198	0.126	1	chr1-3529128-3532021	2
0.122368139097111	0.600198984561859	0.162	0.099	1	chr2-127083024-127085679	2
0.122396545378418	0.542071951937237	0.241	0.171	1	chr1-154557298-154560123	2
0.122589539965307	0.456374855121433	0.302	0.216	1	chr8-33484353-33486443	2
0.123071145748251	0.486216103154559	0.263	0.18	1	chr12-100572931-100575007	2
0.123593541696595	0.59902398606513	0.169	0.099	1	chr16-23486188-23487321	2
0.12395895381073	0.695621989633527	0.162	0.099	1	chr5-149220559-149222036	2
0.124311109738943	0.495696601283145	0.23	0.162	1	chr3-151085153-151087311	2
0.124359168306966	0.655875205700804	0.162	0.099	1	chr19-8220065-8222137	2
0.124489197234523	0.53557771530382	0.227	0.153	1	chr14-24309755-24312302	2
0.124891256848496	0.413356242777175	0.317	0.243	1	chr16-89559344-89566732	2
0.125320268906354	0.707797855416588	0.169	0.108	1	chr3-142148128-142150009	2
0.125393127734482	0.451815270015456	0.299	0.216	1	chr15-63500566-63507079	2
0.125486123204656	0.608894365703173	0.201	0.135	1	chr12-130870574-130873308	2
0.12586908815975	0.491004429972286	0.252	0.18	1	chr17-28597931-28600273	2
0.125899568795208	0.69014139882989	0.151	0.09	1	chr10-28375300-28376414	2
0.125908151667804	0.518956995913272	0.234	0.162	1	chr17-82266807-82271336	2
0.126038609209658	0.344990904487529	0.374	0.279	1	chr3-195892553-195898425	2
0.126269250033382	0.463791044832264	0.255	0.18	1	chr21-28990915-28993509	2
0.126316330247928	0.425140939623551	0.317	0.225	1	chr7-101307610-101310060	2
0.126522981044684	0.531354320864308	0.191	0.117	1	chr2-111882859-111885098	2
0.126902381550137	0.666335166365375	0.18	0.117	1	chr16-19067034-19068602	2
0.127061534588457	0.662429921792711	0.183	0.117	1	chr1-53592378-53593510	2
0.127140193836244	0.724249089442154	0.158	0.099	1	chr5-78509947-78511889	2
0.127188954378353	0.59820972016209	0.162	0.099	1	chr6-106910874-106914343	2
0.127251017962922	0.406106326046047	0.327	0.252	1	chr1-180173437-180175130	2
0.127679129023466	0.665953592883165	0.18	0.117	1	chr16-71894375-71896440	2
0.128196605182074	0.659898177105351	0.173	0.108	1	chr1-93597375-93598587	2
0.128320887226851	0.446541019233955	0.324	0.243	1	chr1-227786071-227789243	2
0.12839365665586	0.360367215997685	0.299	0.216	1	chr2-219497561-219499342	2
0.128430075322283	0.645947210961318	0.187	0.126	1	chr19-35867997-35870355	2
0.128606556420872	0.326744037611967	0.442	0.342	1	chr2-20446624-20451574	2
0.128653269998251	0.511402390101787	0.266	0.198	1	chr10-61899860-61905075	2
0.128790275778484	0.386470150443537	0.327	0.243	1	chr7-27661731-27663583	2
0.128802632879096	0.585716640018207	0.155	0.09	1	chr3-75361800-75363097	2
0.128851177416054	0.654002562394111	0.18	0.117	1	chr8-41541473-41543835	2
0.129103000494852	0.544450910443727	0.205	0.135	1	chr12-57487371-57489560	2
0.129427915130638	0.469591245090944	0.248	0.171	1	chr5-32442821-32445687	2
0.129475241927043	0.556719847968518	0.205	0.135	1	chr1-241639236-241641551	2
0.12969616585848	0.491660099350203	0.263	0.189	1	chr8-128027280-128028881	2
0.130566347024595	0.628213314481707	0.183	0.117	1	chr12-109097285-109099171	2
0.130764453038606	0.564230853935508	0.223	0.153	1	chr6-165659723-165664539	2
0.130900521492188	0.65443244089012	0.162	0.099	1	chr8-140254598-140255866	2
0.131415071244416	0.433991000718472	0.252	0.171	1	chr6-105402117-105404057	2
0.131736675855437	0.677275035336596	0.162	0.099	1	chr11-65013314-65015013	2
0.131736675855437	0.648343878621868	0.162	0.099	1	chr11-65569104-65570858	2
0.132330341531819	0.658368939461028	0.194	0.135	1	chr19-49361165-49364285	2
0.133334835226241	0.524890639564018	0.248	0.18	1	chr14-22588770-22590298	2
0.133393559132763	0.502971017178996	0.227	0.153	1	chr5-139560488-139563239	2
0.133686190077005	0.498503831331959	0.248	0.18	1	chr16-73046460-73051579	2
0.133816741095946	0.613825108465634	0.169	0.108	1	chr2-216497894-216500228	2
0.133843579546622	0.500735507562714	0.237	0.162	1	chr6-26020128-26022553	2
0.134431581553285	0.610323656398993	0.18	0.117	1	chr12-10673381-10674748	2
0.13479322218457	0.504081244808674	0.223	0.153	1	chr16-30060298-30061838	2
0.135099084187943	0.405801008838484	0.32	0.252	1	chr12-122525775-122528061	2
0.135122249779293	0.489769994320245	0.176	0.108	1	chr22-41020811-41023160	2
0.135298793765091	0.62983620887155	0.191	0.126	1	chr20-25407058-25409209	2
0.135305652437594	0.282626982902032	0.558	0.468	1	chr10-60724630-60736066	2
0.135402454929829	0.267631392356211	0.446	0.342	1	chr3-194133599-194138333	2
0.135484352498763	0.514537579712492	0.194	0.126	1	chr16-69186369-69188788	2
0.136236459087563	0.633659083025963	0.151	0.09	1	chr2-96637404-96638913	2
0.136766825677624	0.520842196468417	0.259	0.189	1	chr12-21500803-21502577	2
0.13709771689801	0.373874780126939	0.388	0.297	1	chr3-155869404-155872531	2
0.137727129606221	0.684250305797632	0.155	0.099	1	chr3-182978930-182981343	2
0.137885203557999	0.439598819231413	0.23	0.162	1	chr13-27619265-27622741	2
0.138068460342285	0.663210231522127	0.183	0.126	1	chr12-121811178-121813629	2
0.138117676183965	0.80405816880472	0.151	0.099	1	chr6-149060589-149062109	2
0.13828080211125	0.387894347781233	0.342	0.261	1	chr3-128079572-128086152	2
0.138441672240432	0.636026689832929	0.169	0.108	1	chr7-108613088-108615046	2
0.138441672240432	0.651190624288887	0.169	0.108	1	chr8-61467329-61469441	2
0.138661829657255	0.664825338086654	0.173	0.117	1	chr1-208476154-208477554	2
0.13867033560019	0.550706261585161	0.212	0.144	1	chr7-152433577-152437424	2
0.138713319157613	0.728140318313732	0.162	0.108	1	chr1-109040554-109042728	2
0.138821730837983	0.576458248513071	0.176	0.117	1	chr16-53093802-53094895	2
0.138831750361436	0.696128016488034	0.155	0.099	1	chr1-161088580-161090196	2
0.138881175358407	0.405120537714711	0.284	0.207	1	chr10-110501021-110504910	2
0.138921035422842	0.572562303687312	0.198	0.135	1	chr12-111596951-111600482	2
0.139389932533026	0.286822339077357	0.457	0.351	1	chr12-120193318-120202517	2
0.139473176125038	0.532397665347882	0.205	0.144	1	chr1-207847953-207849816	2
0.13949426301213	0.699882700051694	0.158	0.099	1	chr10-3482022-3483218	2
0.139761286336568	0.449290199886601	0.295	0.225	1	chr16-70379834-70382404	2
0.139934944221837	0.560385618057968	0.187	0.126	1	chr1-156599647-156602253	2
0.140103081070246	0.444821759079399	0.263	0.189	1	chr14-67694242-67697641	2
0.140392683373189	0.524242288867545	0.201	0.135	1	chr9-117399732-117402297	2
0.140592345943113	0.560535648044243	0.173	0.108	1	chr1-229341243-229343496	2
0.140636795680332	0.571740405679131	0.205	0.135	1	chr17-15699078-15700137	2
0.140756666154399	0.579599081037331	0.187	0.126	1	chr10-75209529-75211838	2
0.140823275422136	0.581039817094722	0.158	0.099	1	chr6-45376878-45378818	2
0.14101575157843	0.583026130463357	0.169	0.108	1	chr4-2791383-2795369	2
0.141281358284862	0.446106131137853	0.281	0.198	1	chr16-24538725-24541271	2
0.14153137854181	0.588076812577141	0.183	0.117	1	chr7-141071064-141073754	2
0.141535849690802	0.43399770597668	0.295	0.216	1	chr5-80180570-80182713	2
0.141598540900981	0.519836790421552	0.248	0.18	1	chr6-138571254-138573240	2
0.141780963662265	0.625760234331441	0.183	0.126	1	chr12-21437191-21438566	2
0.142653069654818	0.411931659373407	0.32	0.252	1	chr16-678348-686447	2
0.14282736792578	0.590738994778282	0.187	0.126	1	chr1-212790416-212792938	2
0.143027464626255	0.321411915926796	0.338	0.252	1	chr8-53734066-53736126	2
0.14309189103587	0.671847477054999	0.155	0.099	1	chr3-10191396-10192755	2
0.143092267515509	0.508857479008402	0.252	0.18	1	chrX-154540597-154543653	2
0.14316469629271	0.525429499230591	0.23	0.162	1	chr8-19312323-19314846	2
0.143438987721456	0.467438673837012	0.255	0.189	1	chr10-61922896-61924685	2
0.143585520975553	0.358984673614949	0.417	0.351	1	chr6-159788284-159791631	2
0.143637435237553	0.546443777376131	0.183	0.117	1	chr12-111684988-111687733	2
0.143909263090807	0.634841915941465	0.176	0.117	1	chr8-73330072-73331625	2
0.143962145571951	0.667451882970958	0.158	0.099	1	chr5-143222361-143223343	2
0.144527953153017	0.520219189640254	0.227	0.162	1	chr2-168246046-168248253	2
0.144705329063961	0.434186225439139	0.309	0.234	1	chr19-39154022-39158214	2
0.144807485616691	0.473759561605732	0.263	0.189	1	chr17-30599334-30601675	2
0.144834212576696	0.531279402890391	0.201	0.135	1	chr5-10537809-10539955	2
0.144930608090495	0.63843962716441	0.165	0.108	1	chr1-54153415-54154497	2
0.145303901152865	0.540762267521769	0.227	0.162	1	chr12-100163265-100164696	2
0.145373967263336	0.705362337453317	0.155	0.099	1	chr17-40120877-40124900	2
0.14541145503445	0.424700568583938	0.313	0.234	1	chr1-44798326-44800830	2
0.14547426114867	0.549418994128119	0.23	0.162	1	chr14-30621085-30623009	2
0.145874315567177	0.462706146322176	0.205	0.135	1	chr2-97994955-97996731	2
0.146070787009244	0.603722178342759	0.176	0.117	1	chr7-80138744-80140813	2
0.146241663989614	0.472545142464172	0.252	0.189	1	chr18-36186503-36189262	2
0.146241701345385	0.505225255902979	0.252	0.189	1	chr7-48088166-48090000	2
0.146241885715998	0.570538137088908	0.173	0.108	1	chrX-69615442-69617342	2
0.146344206693034	0.450926984430759	0.295	0.225	1	chr5-94617511-94619560	2
0.146392709549376	0.694321066283895	0.173	0.117	1	chr4-25312194-25313990	2
0.146630959114878	0.346220858891487	0.284	0.189	1	chr1-151830493-151833389	2
0.146716658705986	0.641760998545983	0.165	0.108	1	chr19-35264238-35270239	2
0.147379576653858	0.62469926755999	0.176	0.117	1	chr4-108044552-108046492	2
0.14746501606121	0.607567971398985	0.187	0.126	1	chr3-122651119-122652629	2
0.148320455450988	0.567090814564782	0.187	0.126	1	chr12-54324359-54327580	2
0.148388624989687	0.34828657035936	0.327	0.243	1	chr4-991761-994600	2
0.148674840527242	0.388863022000246	0.331	0.261	1	chr4-76896728-76899625	2
0.14910720097912	0.375426832612031	0.349	0.27	1	chr22-39238895-39245503	2
0.149146462258708	0.498411835659884	0.27	0.207	1	chr12-6334750-6337464	2
0.149324031611868	0.551552406362309	0.191	0.126	1	chr3-149386111-149387495	2
0.149384499071647	0.382987410141474	0.317	0.243	1	chr19-58517860-58522147	2
0.149472976776767	0.435217729559782	0.248	0.171	1	chr16-89718199-89724595	2
0.149586823032904	0.537865021339606	0.205	0.135	1	chr17-8209752-8211522	2
0.149902881633883	0.443828607556008	0.295	0.225	1	chr1-215635941-215637792	2
0.149933421142832	0.573322877134408	0.158	0.099	1	chr3-119574639-119576210	2
0.150066053632472	0.759394428610491	0.151	0.099	1	chr4-81650473-81652342	2
0.150118104099844	0.318521587332844	0.378	0.297	1	chr3-52236418-52241312	2
0.150253759165117	0.599063671015167	0.173	0.108	1	chr16-56518367-56520837	2
0.150543264536885	0.599444147220141	0.151	0.09	1	chr7-158739668-158741658	2
0.151681164814684	0.625842417735294	0.169	0.108	1	chr3-134650796-134652997	2
0.151715102460573	0.648629551722637	0.165	0.108	1	chr20-32819348-32821103	2
0.151762563483193	0.399722509795986	0.356	0.288	1	chr6-63570154-63574856	2
0.151780151680417	0.571508721418452	0.187	0.126	1	chr7-30432632-30434614	2
0.151829104233141	0.279821996296219	0.414	0.333	1	chr6-152982103-152985124	2
0.151861050464667	0.510436831973036	0.194	0.135	1	chr10-73494886-73498109	2
0.152255248083698	0.574256254229096	0.176	0.117	1	chr6-33317345-33318882	2
0.152279717509632	0.587107672919485	0.158	0.099	1	chr15-67914478-67916285	2
0.152333294852861	0.513230926767275	0.201	0.135	1	chr13-44758538-44760868	2
0.152440318582123	0.5976864467262	0.191	0.135	1	chr18-21183364-21185323	2
0.152758372000094	0.511698674251981	0.201	0.135	1	chr1-184024648-184025955	2
0.152936982827262	0.557540665130132	0.183	0.126	1	chr3-149376642-149379284	2
0.152976259519389	0.446549043946975	0.23	0.162	1	chr16-75096197-75100455	2
0.153095095404567	0.491765416120201	0.223	0.153	1	chr15-48329974-48332570	2
0.153189120553111	0.425016114462367	0.237	0.162	1	chr11-62669173-62672940	2
0.153380238101052	0.587311837188509	0.176	0.117	1	chr20-62793742-62796881	2
0.153719503248047	0.399097177964174	0.345	0.279	1	chr1-201510724-201513590	2
0.153859826542644	0.444326391915459	0.237	0.171	1	chr1-201888025-201889428	2
0.153978526640361	0.57632349535979	0.169	0.108	1	chr5-1101927-1104753	2
0.154300593292255	0.577160925990992	0.155	0.099	1	chr8-123442970-123444015	2
0.154349014186804	0.525040761726858	0.173	0.108	1	chr3-107981210-107982465	2
0.154414993625647	0.604276560283219	0.151	0.09	1	chr1-155481151-155482603	2
0.154738483821485	0.555865159482222	0.219	0.153	1	chr6-42745020-42749485	2
0.155427655057592	0.555425338928709	0.18	0.126	1	chr1-118116179-118119565	2
0.156120870490058	0.326210059200238	0.381	0.315	1	chr17-64144703-64149233	2
0.156387719665996	0.70987848322882	0.158	0.108	1	chr4-20882115-20884480	2
0.156490622956777	0.359260293726476	0.349	0.279	1	chr17-7854947-7859082	2
0.156637086699538	0.571390993600648	0.187	0.126	1	chr20-38299598-38300652	2
0.157074253816137	0.468739944660852	0.237	0.171	1	chrX-63753952-63756069	2
0.15708445873757	0.531934229839042	0.187	0.126	1	chr8-134743361-134744630	2
0.157125941733352	0.692380776838602	0.169	0.117	1	chr8-53903060-53904051	2
0.157184251850878	0.506063708118315	0.223	0.162	1	chr21-29002286-29004147	2
0.157452046366754	0.461392706729199	0.23	0.162	1	chr6-43013014-43015022	2
0.157539818377217	0.534466306667942	0.158	0.099	1	chr1-154991323-154996716	2
0.158525173755145	0.519390814964903	0.191	0.126	1	chr17-50903656-50905827	2
0.15867169668554	0.624678653512645	0.155	0.099	1	chr1-197914711-197917780	2
0.15897379798651	0.43117974663984	0.191	0.126	1	chr18-23684128-23685711	2
0.15906814675899	0.619673451541215	0.173	0.117	1	chr22-29336297-29337704	2
0.1591765024015	0.415532862800127	0.255	0.18	1	chr1-43357808-43359566	2
0.15919810398719	0.510459796232114	0.209	0.144	1	chr8-57854797-57856440	2
0.159284733395741	0.665698593530255	0.151	0.099	1	chr3-189188035-189188989	2
0.159346007761404	0.460435395806378	0.266	0.198	1	chr3-4564731-4567390	2
0.159519004524827	0.4801633147783	0.23	0.162	1	chr1-230863079-230864702	2
0.159565015084897	0.608697140865958	0.176	0.117	1	chr21-29217684-29219831	2
0.159873927869193	0.532782944091018	0.191	0.126	1	chr12-6567095-6569600	2
0.160354329083008	0.455988799621043	0.291	0.225	1	chr7-151551900-151553498	2
0.16056032166737	0.342292331814158	0.399	0.315	1	chr1-244833765-244842498	2
0.160777906413212	0.50755476308744	0.191	0.126	1	chr6-57316280-57318116	2
0.160853946360098	0.433549427674873	0.234	0.162	1	chr17-56172264-56173430	2
0.160954702634317	0.473686155926164	0.245	0.18	1	chr1-226308212-226310124	2
0.161638064759326	0.377704572414721	0.371	0.306	1	chr2-200810032-200813270	2
0.161964459565263	0.500996410643572	0.194	0.135	1	chr1-65169809-65171861	2
0.16206910231931	0.532074180922085	0.187	0.126	1	chr19-11639230-11640674	2
0.162135755215004	0.682556961021361	0.155	0.099	1	chr22-42938909-42940791	2
0.162551737824394	0.363648372823294	0.338	0.261	1	chr5-140321394-140324835	2
0.162804007920934	0.322131850666086	0.335	0.243	1	chr3-79017328-79020413	2
0.163637704372084	0.651733763243372	0.155	0.099	1	chr7-20784975-20787687	2
0.163637704372084	0.643775022861793	0.155	0.099	1	chr8-109606636-109608456	2
0.163689419735092	0.308508529963974	0.396	0.315	1	chr11-133925835-133929587	2
0.163791775753351	0.605163685486426	0.176	0.117	1	chr6-99393161-99394828	2
0.164161333194608	0.351860268054663	0.36	0.279	1	chr8-144461349-144468291	2
0.164515616328772	0.450950149686159	0.216	0.144	1	chr16-69057277-69058964	2
0.164532824729124	0.539346057358286	0.165	0.108	1	chr3-70981523-70984644	2
0.16487582727781	0.395812280348536	0.27	0.207	1	chr20-32203507-32208885	2
0.164938122530307	0.519730555000049	0.151	0.09	1	chr8-80925951-80927312	2
0.165241338565125	0.451706664923868	0.255	0.18	1	chr4-81471009-81472835	2
0.16565658471488	0.579742383881718	0.155	0.099	1	chr21-44910856-44912282	2
0.165942548778806	0.407407218053323	0.324	0.243	1	chr12-93440033-93443322	2
0.166119050216192	0.506795295415546	0.23	0.171	1	chr6-42983706-42985570	2
0.166262268925549	0.479275275941464	0.216	0.153	1	chr2-135049720-135053235	2
0.166347069426487	0.67026576004873	0.151	0.099	1	chr3-194984678-194985928	2
0.16666905448432	0.534500329898389	0.209	0.144	1	chr22-31253504-31254692	2
0.166681135422429	0.446661636202652	0.252	0.189	1	chr2-230066687-230069445	2
0.166716948819326	0.529683683401543	0.212	0.153	1	chr2-190466995-190470684	2
0.16705793079305	0.343849981303719	0.36	0.279	1	chr10-60777817-60779631	2
0.167117498320333	0.514421023106834	0.155	0.09	1	chr22-42905101-42906408	2
0.167198008768436	0.464465405935303	0.241	0.18	1	chr22-20701998-20704832	2
0.167454644668268	0.548032046964968	0.158	0.099	1	chr4-78644657-78646722	2
0.167557843197937	0.514910776480674	0.18	0.117	1	chr2-241123407-241124616	2
0.168044554310848	0.493819246477205	0.212	0.144	1	chr4-85474511-85475803	2
0.168719962330221	0.597666712710812	0.155	0.099	1	chr22-39531954-39533328	2
0.16948316471499	0.50450823146244	0.18	0.117	1	chr3-168877702-168879005	2
0.16997035217261	0.401520342436016	0.263	0.198	1	chr12-119876548-119877972	2
0.170006128503022	0.545405238207997	0.187	0.126	1	chr1-53196091-53198998	2
0.170579347195196	0.586953151223519	0.173	0.117	1	chr1-109739492-109741217	2
0.171072181264459	0.565757862089067	0.173	0.117	1	chr20-19275008-19276758	2
0.171313375950801	0.628608946315202	0.194	0.144	1	chr1-237470517-237471787	2
0.171533979279758	0.628741338591451	0.151	0.099	1	chr22-49574694-49576980	2
0.171833017107191	0.45471275769436	0.205	0.144	1	chr6-136821876-136823668	2
0.172239392160396	0.447155952143781	0.291	0.225	1	chr22-25109809-25113794	2
0.172454631531936	0.36259815920448	0.299	0.216	1	chr4-73257072-73260967	2
0.172557080838432	0.529521113592814	0.173	0.117	1	chr11-121450919-121453201	2
0.172780478334219	0.351550484218563	0.223	0.153	1	chr17-80277367-80280452	2
0.172834877120834	0.56957726044322	0.183	0.126	1	chr14-102138711-102141223	2
0.173039522790931	0.364763275120684	0.284	0.207	1	chr2-32356093-32358613	2
0.173571354790503	0.573834971819951	0.165	0.117	1	chr7-21128065-21129395	2
0.17429216952608	0.464426252200596	0.183	0.126	1	chr1-155037913-155039587	2
0.174462913995764	0.541277854500076	0.194	0.135	1	chr13-48975052-48977592	2
0.174603765699939	0.458510230900294	0.198	0.135	1	chr3-140898174-140899760	2
0.174712569801108	0.645410516407657	0.162	0.108	1	chr2-71066953-71069371	2
0.174713205109546	0.480321865106592	0.201	0.135	1	chr12-27022007-27023364	2
0.175478750699779	0.376177854690744	0.273	0.198	1	chr8-30656376-30659230	2
0.175729024585319	0.571824809726803	0.191	0.135	1	chr5-172983010-172985090	2
0.175798626638305	0.379069647609668	0.313	0.234	1	chr4-56465503-56469145	2
0.176563914158473	0.598012127723058	0.173	0.117	1	chr1-37807117-37809502	2
0.176724700621031	0.503508262059735	0.209	0.144	1	chr15-55740783-55743846	2
0.17712368013021	0.595342547556486	0.169	0.117	1	chr1-52551508-52554063	2
0.177322853830166	0.459002236898565	0.176	0.108	1	chr1-155244091-155245369	2
0.177335659577597	0.545624067858172	0.194	0.135	1	chr10-119895252-119897583	2
0.177481326377363	0.549764977120361	0.176	0.117	1	chr10-124461355-124462542	2
0.177574827909135	0.421838802115267	0.27	0.207	1	chr1-9161254-9165945	2
0.178327271817548	0.429352148198315	0.237	0.171	1	chr3-138113274-138116344	2
0.17849081710534	0.536003328402103	0.176	0.117	1	chr6-42879012-42880985	2
0.17851051021126	0.644666232370296	0.158	0.108	1	chr15-59687692-59690269	2
0.17866955014009	0.526980743802374	0.165	0.108	1	chr1-8525172-8526604	2
0.178903237020448	0.473142868087602	0.198	0.135	1	chr11-72433703-72435125	2
0.178997752337089	0.576969554770824	0.151	0.099	1	chr17-74986906-74989156	2
0.179244743928021	0.472915698367075	0.255	0.198	1	chr19-56313808-56315748	2
0.17935921910872	0.484087523196352	0.18	0.117	1	chr19-33024274-33027207	2
0.179362261362393	0.431790913772107	0.219	0.162	1	chr16-87387153-87388985	2
0.179469828584677	0.441632356141656	0.201	0.135	1	chr1-168121206-168122720	2
0.179512825911627	0.507515183737566	0.209	0.153	1	chr1-180125992-180128492	2
0.179610988283088	0.515996786740214	0.191	0.135	1	chr6-106628578-106630752	2
0.179747982207279	0.393476888017314	0.212	0.144	1	chr12-11884944-11886725	2
0.180099651947057	0.595418684475077	0.158	0.108	1	chr7-6270748-6273986	2
0.180790191893112	0.285856987084136	0.478	0.396	1	chr1-211257029-211261667	2
0.180857257999738	0.508436475305331	0.155	0.099	1	chr7-36302904-36304243	2
0.180857257999738	0.524267533562717	0.155	0.099	1	chr17-83173955-83175152	2
0.181055058990158	0.403769668738246	0.313	0.261	1	chr1-3856143-3858951	2
0.181751680849086	0.379977646739055	0.381	0.324	1	chr19-1265254-1277264	2
0.182006000989265	0.447054769807456	0.23	0.171	1	chr6-157322757-157324407	2
0.182201627424045	0.489520938269301	0.194	0.135	1	chr20-49218765-49220560	2
0.182337713459697	0.355239354599952	0.273	0.189	1	chr16-18788682-18791428	2
0.182487010342123	0.579933288583296	0.155	0.099	1	chr1-77446930-77448542	2
0.182749940554416	0.555635349363864	0.212	0.153	1	chr16-1342379-1344113	2
0.182819010319891	0.660951132222014	0.151	0.099	1	chrX-322596-326568	2
0.182985130079553	0.404335879984582	0.27	0.198	1	chr19-16495755-16497269	2
0.183369803941052	0.620830644799792	0.151	0.099	1	chr11-57277358-57278958	2
0.184463892145483	0.583091177295395	0.165	0.108	1	chr21-36989455-36990786	2
0.185239136151361	0.348412998646107	0.241	0.171	1	chr12-111756380-111759167	2
0.185325906829996	0.546911771071942	0.201	0.144	1	chr3-15101598-15103610	2
0.185472703004613	0.594377336376492	0.158	0.108	1	chr11-94736504-94738337	2
0.185532128815391	0.531472479034549	0.165	0.108	1	chr4-52847904-52850064	2
0.185824512835812	0.444351294316051	0.219	0.153	1	chr20-62622668-62624843	2
0.186068047318034	0.535663275810604	0.165	0.108	1	chr12-112408532-112410073	2
0.186700405694023	0.623054781060332	0.151	0.099	1	chr5-96702371-96704307	2
0.186700405694023	0.562330126428682	0.151	0.099	1	chr17-70855055-70857058	2
0.186877050457582	0.347336580956609	0.227	0.153	1	chr17-17691678-17696077	2
0.187147321683279	0.702563816388797	0.169	0.126	1	chr8-73310582-73315833	2
0.18720527242481	0.320074555380744	0.324	0.243	1	chr7-150367064-150371927	2
0.187713673481939	0.428627144276495	0.209	0.144	1	chr12-53674993-53676683	2
0.187717803205966	0.369430618149836	0.248	0.171	1	chr7-92244744-92247338	2
0.187784429458281	0.431509846931883	0.259	0.198	1	chr12-68807197-68809452	2
0.187880116103002	0.39434515444264	0.212	0.144	1	chr11-47118610-47119771	2
0.187998156117848	0.529900100906938	0.155	0.099	1	chr4-75989610-75991338	2
0.18806558042062	0.375269902627779	0.255	0.18	1	chr5-88140805-88142882	2
0.188469370891506	0.544833294923164	0.173	0.117	1	chr10-7817262-7819751	2
0.188718352483273	0.33214794845047	0.259	0.189	1	chr4-186189766-186192948	2
0.188990682212348	0.389259332327032	0.313	0.252	1	chr12-98592604-98596078	2
0.189054082848172	0.592393139996444	0.162	0.108	1	chr5-142011993-142014554	2
0.189222386459063	0.495940447195542	0.219	0.162	1	chr1-160159298-160160556	2
0.189372931704673	0.50071830720227	0.183	0.126	1	chr14-105019799-105022245	2
0.189473661783623	0.456080590677967	0.212	0.153	1	chr3-46970141-46971508	2
0.189531960299567	0.526817626443781	0.173	0.117	1	chr3-121071171-121077222	2
0.19030736849705	0.444722359541529	0.237	0.18	1	chr6-52419670-52421299	2
0.190677281850794	0.393030969419321	0.227	0.162	1	chr1-201467565-201469833	2
0.190776362381287	0.40863220348759	0.281	0.216	1	chr12-10211960-10214864	2
0.191134112462383	0.493796321693196	0.173	0.117	1	chr15-48682682-48684794	2
0.191363262868703	0.53518032692649	0.155	0.099	1	chr8-11464233-11468023	2
0.191496491857222	0.508744136913462	0.18	0.126	1	chr21-36698036-36702019	2
0.191670371803087	0.577377468418118	0.173	0.117	1	chr7-134965981-134967530	2
0.191718513815892	0.422550922354837	0.194	0.135	1	chr22-17158090-17160426	2
0.191776261723172	0.382143922216188	0.295	0.225	1	chr7-128454982-128457870	2
0.191831972607169	0.594118237180533	0.169	0.117	1	chr20-41649293-41651401	2
0.192350376381638	0.588680136017975	0.151	0.099	1	chr17-29588216-29590513	2
0.192350376381638	0.583415803014856	0.151	0.099	1	chr22-21102503-21103988	2
0.192645752993094	0.414073794290209	0.209	0.144	1	chr6-110414698-110416227	2
0.192645752993094	0.526682672185231	0.205	0.153	1	chr2-109612907-109614889	2
0.192838985279719	0.414360744583284	0.223	0.153	1	chr1-228902652-228904231	2
0.193144150797377	0.472577697758086	0.205	0.153	1	chr12-57428924-57431636	2
0.193228999709755	0.301762817057263	0.309	0.234	1	chr10-110007695-110012274	2
0.193415669874097	0.292091618433779	0.284	0.207	1	chr3-184333941-184338078	2
0.193553529662604	0.496414077682092	0.198	0.144	1	chr12-9447601-9450113	2
0.193608442974727	0.599685458804956	0.18	0.126	1	chr16-2266531-2270151	2
0.193803422230032	0.460501296707854	0.198	0.135	1	chr12-96398832-96401828	2
0.193826420687673	0.577509771096836	0.173	0.117	1	chr6-142444337-142446082	2
0.19436827553588	0.462516977697788	0.173	0.117	1	chr19-19404931-19407566	2
0.194712805264007	0.457638704816224	0.216	0.153	1	chr6-119484007-119485125	2
0.195190804469384	0.466460288753213	0.277	0.234	1	chr1-53175293-53177431	2
0.195600046306986	0.43496535150503	0.245	0.18	1	chr16-75263261-75267032	2
0.196260067953934	0.548304078968398	0.216	0.171	1	chr10-15167302-15169703	2
0.196735008756444	0.363709175000328	0.309	0.243	1	chr7-143901059-143902813	2
0.196906037441339	0.573479663591437	0.165	0.117	1	chr9-134282901-134284726	2
0.19697700847672	0.413774225089611	0.266	0.207	1	chr14-93016539-93020179	2
0.197541933673281	0.594921637174832	0.151	0.099	1	chr7-73745986-73747096	2
0.197914748145127	0.418988692724691	0.194	0.135	1	chr1-234451618-234453327	2
0.198285871482407	0.251852499365999	0.424	0.333	1	chr5-10248424-10252139	2
0.198422716113343	0.530251485837602	0.18	0.126	1	chr4-158722072-158724080	2
0.198476241565426	0.518237653159671	0.216	0.162	1	chr1-67715318-67718203	2
0.198903292161292	0.367907631580389	0.309	0.243	1	chr11-108646653-108648753	2
0.199233834302706	0.354039037278054	0.36	0.288	1	chr10-3851142-3854736	2
0.19940837742987	0.410149874100706	0.266	0.198	1	chr1-243432788-243435226	2
0.199696507124845	0.620674272096344	0.165	0.117	1	chr5-154740347-154741938	2
0.19977543596146	0.534393187781193	0.18	0.126	1	chr3-48989115-48991568	2
0.199969522861642	0.48260527255685	0.155	0.099	1	chr3-172039056-172040908	2
0.200071810060725	0.589627577023704	0.169	0.117	1	chr1-149899113-149900922	2
0.20019255143634	0.328078442683736	0.259	0.189	1	chr6-32127615-32130974	2
0.200240689605022	0.586204029540311	0.198	0.144	1	chr16-645032-650890	2
0.200436579355688	0.421149810206262	0.201	0.144	1	chr7-65037576-65040241	2
0.200570555929665	0.56509451169308	0.158	0.108	1	chr10-3102176-3103734	2
0.201059418075938	0.575218668994086	0.151	0.099	1	chr17-78973945-78976135	2
0.201650156137829	0.576053816830772	0.151	0.099	1	chr12-132505225-132507912	2
0.202408793318183	0.355532076912361	0.309	0.243	1	chr7-100886232-100891171	2
0.202512772894655	0.347178608222737	0.248	0.18	1	chr19-1103347-1108250	2
0.202568543230881	0.352974193221195	0.353	0.306	1	chr1-222617377-222624018	2
0.202657699226819	0.434181667131254	0.183	0.126	1	chr22-31179023-31180044	2
0.202857164932853	0.531443753095749	0.176	0.126	1	chr16-87924213-87926080	2
0.20347590955535	0.401602500428303	0.248	0.18	1	chr7-30172357-30174082	2
0.204425105717911	0.445638554968078	0.18	0.126	1	chr15-56886519-56888172	2
0.204438830259672	0.491563187513021	0.198	0.144	1	chr10-17642986-17645062	2
0.205224055464728	0.566638997760339	0.183	0.135	1	chr8-101231592-101234590	2
0.205902929672821	0.484071809985486	0.23	0.171	1	chr6-108847696-108849234	2
0.206332038346789	0.448434168635207	0.205	0.144	1	chr17-17280093-17281922	2
0.206335269907318	0.320263285153074	0.273	0.207	1	chr16-30740024-30742329	2
0.206474854204192	0.445573731820348	0.223	0.162	1	chr10-12405027-12407163	2
0.206867430760027	0.478203282092039	0.183	0.135	1	chr12-104137048-104139073	2
0.206926376404352	0.534799918417453	0.187	0.135	1	chr16-29290395-29291932	2
0.207196681704115	0.543341464562525	0.18	0.126	1	chr12-54134736-54137320	2
0.207269111096257	0.274269973972608	0.313	0.225	1	chr2-207528314-207531734	2
0.207481766008846	0.448952246644733	0.194	0.135	1	chr2-102206346-102207454	2
0.20770666922729	0.442071983026282	0.173	0.117	1	chr20-18566583-18568310	2
0.207794819211996	0.295700245666008	0.295	0.225	1	chr1-204409135-204412726	2
0.207817540645555	0.491726593345909	0.209	0.153	1	chr16-78098767-78100579	2
0.208051585886881	0.446924475110335	0.248	0.189	1	chr12-6383325-6385506	2
0.208157437886007	0.508802253963187	0.183	0.126	1	chr6-166556363-166558497	2
0.208366253179755	0.355412889976602	0.284	0.216	1	chr6-79076212-79080133	2
0.208520337200498	0.370496162990308	0.187	0.126	1	chr20-31710649-31713338	2
0.208639572925019	0.403568111431466	0.212	0.153	1	chr3-170180019-170182079	2
0.209357680497799	0.326328779552258	0.363	0.288	1	chr6-117601256-117603660	2
0.209859581485568	0.394770826235182	0.241	0.18	1	chr10-122018378-122022333	2
0.210574426362603	0.431352194248175	0.205	0.144	1	chr17-41929801-41931134	2
0.210598647289828	0.430421143819246	0.237	0.18	1	chr7-139690826-139693556	2
0.210776823891604	0.367429335028849	0.288	0.225	1	chr16-30354517-30357238	2
0.21112232269285	0.517895761405269	0.158	0.108	1	chr6-87700422-87703033	2
0.211273578684063	0.478167963890255	0.151	0.099	1	chrX-16869054-16871745	2
0.211326779901998	0.495276389911097	0.191	0.135	1	chr1-226669828-226673024	2
0.211679190243312	0.465295530867196	0.252	0.207	1	chr20-29079566-29081057	2
0.211685606705489	0.449189259089185	0.219	0.162	1	chr17-57356723-57358595	2
0.211720085831163	0.539749222654663	0.158	0.108	1	chr5-32709599-32712371	2
0.212117019326215	0.452704523951022	0.223	0.162	1	chr1-217088997-217090748	2
0.212401868287506	0.564261637372958	0.176	0.126	1	chr5-154722925-154725021	2
0.212821430710663	0.511271962992555	0.18	0.126	1	chr10-102506828-102509879	2
0.212875976083327	0.520647417113405	0.173	0.117	1	chr10-5070971-5072526	2
0.212888663371038	0.406783165553737	0.252	0.189	1	chr7-22361295-22362445	2
0.212902569278687	0.437349142725128	0.255	0.198	1	chr1-53944619-53946798	2
0.213456027620456	0.489197491984363	0.173	0.117	1	chr1-172443260-172444640	2
0.214011445999816	0.390092396940998	0.23	0.171	1	chr10-73885966-73889511	2
0.21409906631571	0.582401132599184	0.183	0.135	1	chr3-48715075-48717990	2
0.214117946668378	0.465870913886122	0.198	0.144	1	chr22-39310123-39315592	2
0.214123370468467	0.500661136465499	0.158	0.108	1	chr3-56782229-56784537	2
0.214625443605648	0.398520975267452	0.237	0.189	1	chr10-73572338-73578529	2
0.214899100827684	0.468929481489606	0.183	0.126	1	chr1-111044975-111045982	2
0.215137140883205	0.340654026368826	0.299	0.234	1	chr1-212949852-212951577	2
0.215210420215668	0.449426758626954	0.191	0.135	1	chr16-72846975-72849691	2
0.215561334070732	0.325588809279157	0.414	0.342	1	chr21-33640863-33644143	2
0.215858493800469	0.50838986619272	0.165	0.117	1	chr1-43540598-43542737	2
0.215982574884335	0.383862173840037	0.176	0.117	1	chr8-17496046-17499602	2
0.216154824957625	0.405720087396443	0.227	0.162	1	chr1-54405142-54408701	2
0.216238976240243	0.342462199573366	0.32	0.261	1	chr1-2227052-2232326	2
0.216373397482392	0.443003875329544	0.173	0.117	1	chr12-31077957-31079274	2
0.216830538837716	0.521874114037997	0.151	0.099	1	chr1-220299961-220301267	2
0.216864324322948	0.434334738815895	0.198	0.144	1	chr11-46699902-46701626	2
0.217441384464369	0.38117031535723	0.237	0.171	1	chr10-102398983-102400292	2
0.217610578859539	0.29945379862447	0.291	0.216	1	chr5-154037912-154039677	2
0.217644458594801	0.517202198879277	0.165	0.117	1	chr16-3609865-3612536	2
0.217913547168477	0.507635882748183	0.169	0.117	1	chr1-32289178-32292916	2
0.218300135243757	0.310812328695561	0.342	0.261	1	chr19-49148549-49152549	2
0.218733162618689	0.38327840914529	0.212	0.153	1	chr1-197781895-197784597	2
0.218988836391422	0.477058699427148	0.158	0.108	1	chr3-59653512-59655176	2
0.219135893151904	0.593627921146299	0.162	0.117	1	chr4-54840598-54844361	2
0.219195417961262	0.475207312336575	0.187	0.135	1	chr21-36059436-36061226	2
0.219331890327506	0.482446387110345	0.176	0.126	1	chr1-1872584-1874091	2
0.219441023312952	0.529343967674966	0.165	0.117	1	chr11-2778165-2779838	2
0.219768097171558	0.312232270902062	0.237	0.171	1	chr6-4133354-4136886	2
0.219962806561604	0.445287008617336	0.151	0.099	1	chr3-179070834-179072476	2
0.220066857172227	0.498114676592117	0.194	0.144	1	chr12-49059018-49061696	2
0.221148104188368	0.406150102536764	0.291	0.234	1	chr4-70992324-70994561	2
0.22159602893642	0.311507198971848	0.374	0.297	1	chr16-31093002-31096252	2
0.221677581905462	0.427233977955376	0.176	0.126	1	chr5-55232849-55235676	2
0.222069788256471	0.522629067507904	0.158	0.108	1	chr9-136857685-136861332	2
0.222223838348911	0.426261802416958	0.223	0.171	1	chr3-135965278-135967124	2
0.222318450358034	0.333027888002696	0.198	0.135	1	chr6-26031195-26033976	2
0.222458910842365	0.567886125174699	0.165	0.117	1	chr16-14095973-14098448	2
0.223301502838125	0.529955880318083	0.169	0.117	1	chr3-49804842-49806201	2
0.223343796185102	0.464153485095067	0.219	0.162	1	chr17-31486648-31490572	2
0.22355881910296	0.471566602209669	0.198	0.144	1	chr19-54207692-54210718	2
0.223607948778692	0.37096765645576	0.241	0.18	1	chr4-69983626-69984840	2
0.223767667915167	0.322277091289649	0.338	0.27	1	chr1-193103818-193106292	2
0.223922987150256	0.326178538529183	0.302	0.234	1	chr3-133458938-133461177	2
0.224110494902068	0.438603484176223	0.212	0.162	1	chr1-225819334-225822813	2
0.224202539336569	0.362823247831028	0.273	0.207	1	chr3-130892643-130895655	2
0.224283845031253	0.492289821232151	0.165	0.117	1	chr21-34887699-34890484	2
0.224941681195815	0.510439669477856	0.187	0.135	1	chr5-100534571-100536410	2
0.225181661210924	0.475819339689198	0.158	0.108	1	chr19-1590355-1594076	2
0.225297433978034	0.384881675327092	0.173	0.117	1	chr8-73975423-73977059	2
0.225309968461582	0.40208769134453	0.194	0.135	1	chr17-45972858-45974489	2
0.22573259099255	0.347207825163025	0.374	0.306	1	chr6-30611187-30618835	2
0.225785603664119	0.331064954691477	0.299	0.225	1	chr16-5096775-5100231	2
0.225807755197362	0.470011237520272	0.158	0.108	1	chr2-171158833-171161883	2
0.22589389325449	0.336864352495095	0.223	0.162	1	chr16-2751204-2754572	2
0.226103731679656	0.476608474714473	0.187	0.135	1	chr1-209825563-209828763	2
0.226324457346607	0.520135272129147	0.151	0.099	1	chr9-112749918-112752032	2
0.226506883110239	0.407158095437581	0.173	0.117	1	chr12-121465903-121468323	2
0.226635004244734	0.502654044686904	0.173	0.126	1	chr17-22265400-22267653	2
0.22680369000571	0.35633519810446	0.277	0.216	1	chr19-58400061-58402373	2
0.227237546778364	0.40200870598321	0.176	0.117	1	chr6-52663563-52665122	2
0.227349136595622	0.448743633659112	0.165	0.117	1	chr1-116909463-116912473	2
0.227714565184489	0.556357287422726	0.162	0.117	1	chr6-73394184-73395700	2
0.228068851577224	0.371452740622835	0.223	0.162	1	chr12-120234407-120236342	2
0.229134358824863	0.317970789969763	0.252	0.189	1	chrX-48956846-48959292	2
0.229454728771121	0.442233865653689	0.18	0.126	1	chr6-89637851-89639285	2
0.230294485066562	0.251976339797443	0.46	0.387	1	chr6-118891924-118896973	2
0.230807271672512	0.308415547929569	0.414	0.351	1	chr1-61076041-61084174	2
0.231630190949132	0.34449493652135	0.335	0.27	1	chr5-90528323-90530745	2
0.231981892149929	0.378341067358552	0.234	0.171	1	chr19-17336240-17338530	2
0.232277132493514	0.442860716536707	0.216	0.162	1	chr6-53547172-53548846	2
0.23340921558634	0.434222440615697	0.162	0.108	1	chr10-71376694-71378057	2
0.233525122838669	0.313175870558753	0.335	0.27	1	chr6-52283990-52285581	2
0.234027987500587	0.418953044117344	0.237	0.18	1	chr16-3282165-3284117	2
0.234197613476361	0.459229443249349	0.165	0.117	1	chr21-46457498-46459398	2
0.234232420918207	0.332263085648378	0.284	0.207	1	chr1-46339659-46342466	2
0.234287460150686	0.455513091056958	0.176	0.126	1	chr2-133641171-133642238	2
0.235638466583641	0.370125083306647	0.248	0.189	1	chr2-95525407-95527705	2
0.236755269451492	0.397800535579123	0.187	0.135	1	chr1-56578122-56579986	2
0.237141022724663	0.351617968451939	0.219	0.162	1	chr1-28087566-28089280	2
0.23770517122774	0.379683776192633	0.219	0.162	1	chr3-54353376-54357742	2
0.23780867915041	0.553082750052987	0.162	0.117	1	chr14-100439009-100441278	2
0.238655754971638	0.425681664898317	0.212	0.162	1	chr10-125083222-125086203	2
0.239243648719209	0.514599550048096	0.158	0.108	1	chr2-231052371-231053503	2
0.23975713548541	0.394858737779181	0.259	0.207	1	chr8-37735957-37738280	2
0.239971242250587	0.410498290759218	0.219	0.162	1	chr11-71451753-71455219	2
0.240115669612524	0.366088463094785	0.18	0.126	1	chr1-231240224-231243393	2
0.240186117634056	0.334907889062853	0.216	0.162	1	chr2-10446300-10449533	2
0.240327282496741	0.38916581801234	0.201	0.144	1	chr1-110003533-110008004	2
0.240567082792808	0.517384844611036	0.155	0.108	1	chr4-139985525-139987697	2
0.240971673626059	0.311668329327644	0.338	0.261	1	chr6-42928441-42930777	2
0.241308875611086	0.476101572848093	0.169	0.117	1	chr2-100320342-100322991	2
0.241763686303606	0.350837108102877	0.266	0.207	1	chr6-125985348-125987602	2
0.241890719867033	0.507742452779232	0.155	0.108	1	chr7-43938616-43939704	2
0.241948426113842	0.414324076577579	0.23	0.171	1	chr5-16588019-16590202	2
0.242043952825488	0.478985852672607	0.173	0.126	1	chr1-151546938-151549784	2
0.242233610505843	0.444575109601126	0.234	0.189	1	chr14-37587272-37593299	2
0.24307192443565	0.346946802706812	0.23	0.171	1	chr5-6377353-6379299	2
0.243204885701808	0.582095650826552	0.151	0.108	1	chr16-29973218-29975012	2
0.24362354196264	0.502844411548987	0.162	0.117	1	chr17-37106062-37108171	2
0.243836146710101	0.335400082793817	0.284	0.216	1	chr19-19319695-19322246	2
0.24388971413269	0.417997140308155	0.209	0.153	1	chr1-229507428-229509514	2
0.24431263803095	0.398264406775399	0.205	0.153	1	chr4-2929555-2932103	2
0.245103740883937	0.455547922420695	0.18	0.126	1	chr8-28183333-28184492	2
0.245103740883937	0.449076252522934	0.18	0.126	1	chr12-21656546-21658327	2
0.24565469984004	0.398266441712857	0.209	0.153	1	chr4-76147252-76149339	2
0.245745070592555	0.435104491237382	0.194	0.144	1	chr17-75269833-75273383	2
0.245878216287932	0.345273189404662	0.248	0.18	1	chr17-76352848-76354669	2
0.24593475258068	0.347845565454352	0.248	0.189	1	chr6-131649545-131653399	2
0.24628195833294	0.437808768681096	0.201	0.144	1	chr14-37197170-37198885	2
0.246312511653983	0.315211470571361	0.367	0.306	1	chr16-58024449-58028907	2
0.246376294970696	0.392621196216494	0.234	0.171	1	chr3-71541195-71543665	2
0.246715492171137	0.351020721316945	0.27	0.207	1	chr5-132829297-132832055	2
0.247334154020556	0.300185197597165	0.291	0.225	1	chr2-158967371-158970929	2
0.247752358202718	0.334611951667857	0.302	0.234	1	chr1-151368038-151373385	2
0.248121269573495	0.277899964953236	0.306	0.243	1	chr7-148152954-148154445	2
0.249403137047841	0.390769869824669	0.194	0.144	1	chr14-101475623-101478075	2
0.250016549516671	0.411339523205974	0.194	0.144	1	chr10-56360631-56362411	2
0.250405056248634	0.406627298880706	0.209	0.153	1	chr2-15591078-15592847	2
0.250445754912604	0.306208981911259	0.273	0.216	1	chr6-111550983-111553636	2
0.250543651441091	0.347443259330006	0.317	0.261	1	chr10-79443493-79447116	2
0.250586881987373	0.383438605948707	0.198	0.144	1	chr5-113513226-113514693	2
0.25132699695385	0.408812326569012	0.227	0.18	1	chr12-15910403-15912689	2
0.251722471887766	0.348790938263852	0.313	0.261	1	chr7-90766442-90768629	2
0.251953173319917	0.295282490865341	0.259	0.198	1	chr4-76305494-76307765	2
0.252000527318246	0.325716584827872	0.295	0.234	1	chr3-128333986-128336577	2
0.252075904765959	0.365652627161207	0.234	0.171	1	chr6-108155351-108157305	2
0.252202870006314	0.408497848527254	0.209	0.153	1	chr17-45292803-45295183	2
0.252949442795218	0.472695968338551	0.165	0.117	1	chr4-154549587-154550943	2
0.252978439344777	0.281673254631058	0.363	0.288	1	chr8-102805816-102808932	2
0.253286303194419	0.44464603926692	0.205	0.153	1	chr1-184929622-184931020	2
0.253286303194419	0.399930865576124	0.205	0.153	1	chr14-92120865-92123177	2
0.253363580263323	0.385407046821474	0.18	0.126	1	chr11-116835362-116836684	2
0.25343337482922	0.320708245600589	0.266	0.198	1	chr2-135073764-135075189	2
0.254172073543139	0.259968034439387	0.399	0.324	1	chr14-99553781-99556519	2
0.254260944802277	0.301766519290828	0.248	0.18	1	chr3-51973257-51975945	2
0.25428017643062	0.492086380062971	0.165	0.117	1	chr5-134647617-134649958	2
0.254308785678552	0.38791910964636	0.169	0.117	1	chr12-115003966-115005216	2
0.254442647128962	0.281575926425697	0.317	0.243	1	chr12-100266216-100268929	2
0.254775471258449	0.456544216450672	0.216	0.171	1	chr14-75068330-75070891	2
0.254971334319385	0.421090870033278	0.169	0.117	1	chr12-111993121-111995418	2
0.25551103400973	0.379275480496847	0.198	0.144	1	chr1-27154497-27156060	2
0.255717555066229	0.396478498438994	0.205	0.153	1	chr7-36258060-36259219	2
0.255867981455278	0.399519018505156	0.223	0.171	1	chr1-204515724-204517263	2
0.256208116002057	0.414083155803367	0.194	0.144	1	chr6-107027695-107029278	2
0.256299968836634	0.41428716654323	0.169	0.117	1	chr1-39358004-39360080	2
0.256417528416797	0.459797885750193	0.176	0.126	1	chr10-12631128-12632617	2
0.256849569889327	0.274418294352557	0.263	0.198	1	chr17-5418177-5421022	2
0.25695600223165	0.375024087583174	0.227	0.171	1	chr6-31540986-31543089	2
0.257460167321832	0.456345224091203	0.183	0.135	1	chr8-15701616-15703221	2
0.257516277870194	0.457446567243243	0.173	0.126	1	chr10-35335578-35338056	2
0.257529325349431	0.4008233167656	0.191	0.135	1	chr17-61862785-61864288	2
0.257529380711396	0.363606140282216	0.191	0.135	1	chr3-194332495-194334406	2
0.258164976794606	0.404525770786021	0.205	0.153	1	chr12-76346965-76349194	2
0.258758132107639	0.352079654591092	0.252	0.198	1	chr1-2545672-2549393	2
0.258799728100954	0.390006275319879	0.191	0.135	1	chr17-38869088-38872185	2
0.259247956034688	0.407340778604537	0.198	0.144	1	chr6-108944770-108948797	2
0.25965178605977	0.401645567231977	0.165	0.117	1	chr19-45691620-45693736	2
0.259681570471479	0.520088884684746	0.151	0.108	1	chr9-124657814-124659825	2
0.259893819548148	0.421612511578569	0.201	0.153	1	chr3-180988715-180990468	2
0.259906041176263	0.408329258454303	0.223	0.18	1	chr2-199457115-199460896	2
0.260178142117606	0.367995602874551	0.216	0.162	1	chr2-231713394-231715822	2
0.260262620334531	0.452998151564004	0.155	0.108	1	chr1-223732427-223734983	2
0.260449958947375	0.413699637564086	0.219	0.162	1	chr17-19647014-19649518	2
0.260608061981864	0.371495842009273	0.223	0.171	1	chr21-17818204-17820491	2
0.260760080349113	0.287021728780539	0.263	0.198	1	chr19-58326460-58328122	2
0.260824191497153	0.455634076347704	0.173	0.126	1	chr6-43427090-43429111	2
0.2612124001298	0.261492866697903	0.317	0.243	1	chr5-142769565-142771732	2
0.261237404664623	0.391355521106006	0.194	0.144	1	chr5-141840317-141842500	2
0.261240277165219	0.272266939920434	0.259	0.189	1	chr7-66739798-66741941	2
0.261603399443568	0.40104090551874	0.263	0.216	1	chr10-95655373-95657589	2
0.261671826062748	0.29654519800022	0.245	0.18	1	chr4-54144306-54146925	2
0.261994572493284	0.449030828000814	0.187	0.144	1	chr10-110429917-110432028	2
0.262312185898695	0.421321082950737	0.212	0.162	1	chr12-62933175-62935741	2
0.262473415119538	0.346660156021808	0.18	0.126	1	chr5-2200162-2201544	2
0.262501110736928	0.473910658723038	0.151	0.108	1	chr1-52697245-52699079	2
0.262501110736928	0.53795524037889	0.151	0.108	1	chr1-168750762-168753057	2
0.262725347277954	0.263860063346071	0.45	0.378	1	chr17-7571853-7580824	2
0.262805105683732	0.337508498922352	0.281	0.225	1	chr8-30726004-30728601	2
0.262911069021846	0.426536568505695	0.209	0.162	1	chr1-225997931-226000199	2
0.263261544391572	0.344083294729766	0.273	0.216	1	chr13-50080113-50084061	2
0.263563281112276	0.348004549411921	0.266	0.207	1	chr8-23223632-23225830	2
0.263628409052494	0.288934647269502	0.281	0.225	1	chr1-230185130-230187266	2
0.263632786886871	0.380641575912901	0.201	0.153	1	chr2-85353412-85355816	2
0.263655454582879	0.407353401052552	0.198	0.144	1	chr1-220689830-220691719	2
0.263777562353415	0.451510190733469	0.194	0.144	1	chr17-59618650-59621387	2
0.263797950490806	0.375516303930774	0.209	0.153	1	chr14-99578403-99580663	2
0.263918780702034	0.468631320807525	0.151	0.108	1	chr3-133661199-133662800	2
0.26407535460143	0.395001821164767	0.227	0.171	1	chr12-56332991-56334918	2
0.264374869835454	0.419625908228007	0.223	0.18	1	chr6-138772713-138774807	2
0.264414195026595	0.463372922895206	0.162	0.117	1	chr22-18149288-18151041	2
0.264988270619106	0.303926726818734	0.306	0.252	1	chr20-31738344-31740409	2
0.265151855211969	0.444523417962104	0.191	0.144	1	chr2-31557748-31559348	2
0.265408045299546	0.318669036553447	0.302	0.252	1	chr1-226478575-226481745	2
0.265516120608618	0.426250559615288	0.201	0.153	1	chr14-20412271-20414135	2
0.265528344429364	0.427907816857515	0.18	0.135	1	chr11-65491395-65495006	2
0.265788170843711	0.411784104532382	0.165	0.117	1	chr10-48305911-48307768	2
0.266177766433864	0.462078883353956	0.173	0.126	1	chr5-100900357-100903954	2
0.266332787482087	0.438534680237937	0.176	0.126	1	chr2-99153935-99156045	2
0.266564970320406	0.315156589614277	0.288	0.234	1	chr1-46393893-46397496	2
0.26682276366678	0.399400121504728	0.216	0.171	1	chr15-63472835-63475431	2
0.266870687384633	0.363455247246457	0.237	0.18	1	chr2-210169756-210172457	2
0.266878005982005	0.391150759673069	0.187	0.135	1	chr22-49948501-49949851	2
0.266958781353132	0.289851066298535	0.327	0.261	1	chr3-152268052-152270842	2
0.267691465230014	0.27119185593732	0.338	0.261	1	chr8-38104234-38106573	2
0.267788174248482	0.534211257075942	0.165	0.126	1	chr3-131501707-131503638	2
0.267850869359388	0.384350966645694	0.212	0.162	1	chr5-157742986-157745596	2
0.267855645116536	0.463778198222847	0.165	0.117	1	chr16-67683970-67686034	2
0.268204721662832	0.414094292746614	0.173	0.126	1	chr3-24139422-24142327	2
0.268268457991866	0.314209452187606	0.324	0.279	1	chr2-2660738-2664385	2
0.268390760622221	0.378691442859538	0.255	0.198	1	chr14-20989428-20991026	2
0.269273351615452	0.442688507015995	0.162	0.117	1	chr7-99407333-99410246	2
0.26928320112882	0.304581967729922	0.306	0.252	1	chr1-116372672-116378553	2
0.269384794012347	0.413031547443453	0.169	0.126	1	chr1-167541540-167545332	2
0.269552077941774	0.365138703211379	0.245	0.189	1	chr6-42563396-42566327	2
0.269652731362149	0.277882127669156	0.255	0.189	1	chr1-145926572-145928961	2
0.269714812787342	0.38844445673507	0.212	0.162	1	chr10-97399867-97401906	2
0.269972488023481	0.545845324792147	0.162	0.117	1	chr12-1593273-1595427	2
0.270069470496137	0.478693409209594	0.169	0.126	1	chr12-6339637-6342747	2
0.27067647211767	0.374678484000329	0.209	0.153	1	chr22-28817913-28820108	2
0.270984009100129	0.438265448210977	0.191	0.144	1	chrX-68827689-68830195	2
0.27111369104106	0.320280168024199	0.313	0.261	1	chr1-2522986-2528650	2
0.271442401346728	0.504484439952787	0.169	0.126	1	chr4-4289061-4291360	2
0.271511625393094	0.429212074103573	0.18	0.135	1	chr17-47099474-47100890	2
0.271594391800595	0.422745440212334	0.155	0.108	1	chr4-16043037-16044788	2
0.271926046758428	0.516903689979471	0.165	0.126	1	chr2-18824051-18825272	2
0.272085070739976	0.490840238012089	0.158	0.117	1	chr3-11910507-11911735	2
0.272182090002937	0.443288728161701	0.18	0.135	1	chr17-50546627-50548119	2
0.272182090002937	0.473143550811123	0.18	0.135	1	chr21-32392081-32394844	2
0.272313678212047	0.528347965784786	0.155	0.108	1	chr7-138979138-138982344	2
0.274011314318072	0.502698642672409	0.165	0.126	1	chr1-227733437-227736754	2
0.274193444220749	0.498407013966117	0.162	0.117	1	chr16-82328895-82330701	2
0.27447976560327	0.337275894785241	0.209	0.153	1	chr12-57771202-57773506	2
0.274724377931161	0.265684576285881	0.381	0.315	1	chr10-26857828-26861697	2
0.274920598131662	0.425335135960382	0.191	0.144	1	chr2-20650165-20652049	2
0.274952065825812	0.314188818981491	0.288	0.225	1	chrX-48896539-48899423	2
0.275450168493442	0.479841886376037	0.151	0.108	1	chr13-49247248-49249074	2
0.275610395866173	0.462135064137231	0.162	0.117	1	chr16-1419721-1422536	2
0.275857147979187	0.318769104788701	0.237	0.18	1	chr10-29104304-29106785	2
0.27624142813548	0.411222519889752	0.191	0.144	1	chr3-39941709-39942581	2
0.276285264462683	0.450988228428427	0.169	0.126	1	chr4-25860817-25863468	2
0.276320741983715	0.433493592312213	0.162	0.117	1	chr3-30904107-30906343	2
0.277603114645407	0.472612352655167	0.198	0.153	1	chr19-58450711-58452393	2
0.2780799692957	0.307770008166265	0.309	0.252	1	chr12-6492679-6494811	2
0.278244006080194	0.300199206300793	0.277	0.216	1	chr22-23892593-23896107	2
0.278711079749577	0.283608275998144	0.313	0.261	1	chr19-56140158-56143557	2
0.278845921520889	0.463649794094633	0.155	0.108	1	chr12-45298590-45299883	2
0.278897987037918	0.262712235390959	0.237	0.18	1	chr3-9648843-9650239	2
0.278910005416859	0.425820275784672	0.198	0.153	1	chr22-39500787-39504011	2
0.279068628677966	0.37885501844246	0.165	0.117	1	chr1-156709333-156710590	2
0.27907891086323	0.459820439277514	0.169	0.126	1	chr12-104063598-104066110	2
0.279235252599091	0.460476424703714	0.158	0.117	1	chr8-108247867-108249529	2
0.279319351864076	0.298669157814149	0.381	0.324	1	chr2-127700231-127703459	2
0.279830948539529	0.300301771196917	0.295	0.225	1	chr1-235127018-235130492	2
0.279891189131906	0.458176056384852	0.162	0.117	1	chr10-101042363-101043783	2
0.279970200443182	0.290115225714592	0.277	0.216	1	chr17-43169559-43172414	2
0.280656209138113	0.349779841401956	0.216	0.162	1	chr17-21098694-21100256	2
0.280733394886412	0.42950666576428	0.234	0.189	1	chr19-55639003-55644767	2
0.280748667288068	0.30781664929037	0.356	0.315	1	chr6-139369491-139377258	2
0.280972191582109	0.468604897017667	0.151	0.108	1	chr3-133894147-133896242	2
0.281046830987867	0.420200076789604	0.155	0.108	1	chr16-14564063-14566996	2
0.281186711514623	0.440140476227143	0.169	0.126	1	chr7-127587820-127589540	2
0.281343047901534	0.405944903291013	0.151	0.108	1	chr16-89872264-89874943	2
0.281365305430311	0.485725670341659	0.176	0.135	1	chr6-53060479-53062816	2
0.281960324127442	0.315341112320303	0.295	0.234	1	chr1-100485326-100487009	2
0.282314560923967	0.40283079755884	0.245	0.198	1	chr5-16735366-16737052	2
0.282948760601403	0.333076823545755	0.291	0.234	1	chr6-136249300-136252428	2
0.28301143035281	0.356580834190939	0.212	0.162	1	chr16-3304852-3306198	2
0.283088951551157	0.470444009242844	0.173	0.135	1	chr21-39312031-39314994	2
0.2833841688082	0.252880423907482	0.36	0.306	1	chr6-125789419-125792206	2
0.283521594714744	0.396331997847772	0.219	0.171	1	chr6-7389109-7390873	2
0.283558769947211	0.34778668776912	0.281	0.234	1	chr8-6707572-6710053	2
0.283596833794652	0.289944965635839	0.259	0.207	1	chr1-234477738-234479631	2
0.283851905496592	0.387340250900789	0.212	0.171	1	chr12-116954632-116956496	2
0.284793183927404	0.419035412678313	0.165	0.117	1	chr12-2957909-2960901	2
0.285349094440456	0.302887129066999	0.23	0.171	1	chr16-67461036-67463540	2
0.285598974566426	0.258991761011046	0.367	0.315	1	chr20-25622368-25625068	2
0.285668865483893	0.42158112097027	0.162	0.117	1	chr8-38066896-38068292	2
0.285676808236974	0.286845425303915	0.331	0.27	1	chr10-109647427-109651142	2
0.285689352476173	0.378904746577388	0.23	0.18	1	chr6-148191120-148192692	2
0.285852146005827	0.373798475656832	0.223	0.171	1	chr10-91908123-91909799	2
0.285978046106086	0.293046811301745	0.23	0.171	1	chr16-67922279-67924874	2
0.286159927059415	0.293579565150632	0.205	0.153	1	chr2-241700881-241703491	2
0.286228045839369	0.414485142994467	0.155	0.108	1	chr15-40352522-40354681	2
0.287320833951772	0.47351522674589	0.151	0.108	1	chr1-112673303-112675900	2
0.287506734698303	0.307456121241139	0.201	0.144	1	chr1-212432172-212433765	2
0.287540136233413	0.322930911041375	0.309	0.252	1	chr19-18500232-18505695	2
0.287610475082905	0.312650130782345	0.245	0.189	1	chr4-87421891-87424151	2
0.287643136088247	0.409010304952291	0.191	0.144	1	chr1-1272013-1274615	2
0.287849292116621	0.434442916267006	0.187	0.144	1	chr2-161159112-161161743	2
0.287982755849245	0.489417384538375	0.158	0.117	1	chr1-171313410-171314748	2
0.288161391574345	0.392185422892422	0.183	0.135	1	chr8-129549783-129552731	2
0.288481578837875	0.300848716822252	0.198	0.144	1	chr1-44774428-44782271	2
0.289138317465534	0.333450694485524	0.165	0.117	1	chr3-151304576-151305819	2
0.28952770614963	0.281372423081872	0.353	0.288	1	chr14-91163028-91165623	2
0.289543145125042	0.252934867166281	0.363	0.306	1	chr12-120685998-120689812	2
0.289584443581648	0.441235992882721	0.151	0.108	1	chr2-86562364-86564102	2
0.289771029664541	0.304663691604943	0.173	0.126	1	chr10-29408934-29410774	2
0.290568490432229	0.516862594132699	0.158	0.117	1	chr8-42004816-42006220	2
0.290595171244112	0.463734787564579	0.187	0.144	1	chr19-40279923-40281652	2
0.290701062071253	0.341168123001635	0.288	0.243	1	chr12-56078597-56082520	2
0.290713628025006	0.400583105817526	0.18	0.135	1	chr12-43835173-43837139	2
0.29142750027566	0.392589132506914	0.216	0.171	1	chr5-155545869-155547022	2
0.29147794099768	0.42964165489031	0.191	0.153	1	chr16-67429695-67432657	2
0.292209039139512	0.334787912930257	0.198	0.153	1	chr14-73850900-73853165	2
0.292613389903734	0.288964016748163	0.306	0.252	1	chr17-81392851-81398439	2
0.292635154037917	0.302903546391056	0.313	0.261	1	chr16-15885585-15889293	2
0.293003586995331	0.381435365161446	0.162	0.117	1	chr16-67017753-67018562	2
0.293146588766869	0.257485258051461	0.399	0.315	1	chr12-43757805-43760862	2
0.293169930160138	0.492641523579276	0.158	0.117	1	chr14-25658525-25661110	2
0.293561990875806	0.373070307825025	0.198	0.153	1	chr3-111858882-111861238	2
0.293598525784155	0.308308153254365	0.23	0.171	1	chr12-2794362-2796789	2
0.293899993186578	0.296626795585257	0.291	0.234	1	chr16-23556570-23558908	2
0.293916042160059	0.43264966337376	0.158	0.117	1	chr17-77476859-77478110	2
0.294485567543796	0.376778944104333	0.162	0.117	1	chr5-150409621-150411709	2
0.294485567543796	0.430876501555924	0.162	0.117	1	chr6-53810692-53812159	2
0.295228438719481	0.419320656135254	0.162	0.117	1	chr10-49418553-49419626	2
0.295355696386847	0.265888347092821	0.342	0.297	1	chr3-58035454-58044441	2
0.295412083594296	0.426001130516906	0.158	0.117	1	chr2-111184731-111186678	2
0.296913216220958	0.468259043142745	0.158	0.117	1	chr12-51082627-51084016	2
0.296913216220958	0.403937891728937	0.158	0.117	1	chr12-57725816-57728162	2
0.29724831911027	0.375806303353976	0.209	0.162	1	chr12-12611208-12612879	2
0.297821283614481	0.497570161385982	0.155	0.117	1	chr16-54648574-54650529	2
0.298030070024628	0.31338390305338	0.241	0.189	1	chr14-92972483-92975107	2
0.298339804095635	0.256208454566471	0.234	0.18	1	chr4-145096740-145099626	2
0.298408103722667	0.432575140804557	0.165	0.126	1	chr9-136051109-136053701	2
0.298437896858326	0.332963356880054	0.227	0.171	1	chr18-2570491-2572474	2
0.299186093053062	0.300076462736882	0.252	0.198	1	chr6-108259937-108262073	2
0.299396446425415	0.510462753652107	0.18	0.144	1	chr6-150865086-150866936	2
0.299531918741124	0.38984158656989	0.151	0.108	1	chr14-42192515-42194299	2
0.299531918741124	0.497879138999704	0.151	0.108	1	chr15-85910213-85911526	2
0.29962498827144	0.343007532090171	0.234	0.18	1	chr14-36855724-36857629	2
0.299845916977907	0.344436918619546	0.155	0.108	1	chr16-25106241-25107678	2
0.299932166424172	0.353950481647698	0.18	0.135	1	chr11-59024621-59026155	2
0.300628336868692	0.462905378990765	0.165	0.126	1	chr4-44448340-44449640	2
0.301205354183325	0.296458339378749	0.241	0.189	1	chr22-19961898-19963958	2
0.301324404752374	0.321377260880164	0.284	0.234	1	chr1-244046971-244049868	2
0.301412923258676	0.331740514363811	0.27	0.216	1	chr1-203304704-203307391	2
0.301688819408643	0.316962110102057	0.252	0.198	1	chr7-129501084-129503637	2
0.301749286208675	0.250260187457955	0.36	0.306	1	chr1-201395879-201401412	2
0.301859483190268	0.452937159945655	0.151	0.108	1	chr15-93027259-93031292	2
0.302207293509228	0.459899253418841	0.158	0.117	1	chr16-1704646-1707760	2
0.302264365138483	0.411999729340908	0.205	0.153	1	chr7-100118421-100120641	2
0.302968620901935	0.473362202573422	0.158	0.117	1	chr6-46169541-46171944	2
0.303000268428219	0.294665550344562	0.27	0.207	1	chr10-42781831-42783742	2
0.303121300706127	0.370136597192671	0.237	0.198	1	chrX-154761702-154764303	2
0.303166306616854	0.47288288629353	0.155	0.117	1	chr22-28813359-28814420	2
0.303417863235289	0.38882365892421	0.151	0.108	1	chr21-33914870-33916373	2
0.303669446514938	0.346361425046273	0.255	0.207	1	chr3-170868670-170871340	2
0.303731352915043	0.451552290376277	0.158	0.117	1	chr16-85621191-85623173	2
0.30376174603106	0.32959181002788	0.241	0.189	1	chr7-65373477-65374577	2
0.304199054795554	0.412312874927641	0.151	0.108	1	chr9-121609446-121610728	2
0.304477652325087	0.330728087767188	0.277	0.225	1	chr6-99513912-99516531	2
0.30458828777686	0.392072547501882	0.187	0.144	1	chr6-149840187-149841431	2
0.304691778523132	0.328474495451903	0.234	0.189	1	chr19-12790986-12794781	2
0.305204406881683	0.270509171862565	0.255	0.198	1	chr3-149400911-149402552	2
0.305260510192366	0.447180869395565	0.158	0.117	1	chr6-137217838-137220170	2
0.305851589344982	0.446654849501212	0.165	0.126	1	chr1-119387757-119390786	2
0.306405923934934	0.258789206433619	0.349	0.306	1	chr11-65100892-65106005	2
0.306793768930535	0.294327384142675	0.263	0.207	1	chr4-686668-689992	2
0.306794766218188	0.456901102150667	0.158	0.117	1	chr2-224038102-224039784	2
0.306856324740395	0.353741244838422	0.23	0.18	1	chr12-6688459-6690394	2
0.307134275886109	0.37777548767515	0.176	0.126	1	chr21-32726573-32728897	2
0.307563806507209	0.436515835148547	0.158	0.117	1	chr2-86621293-86624493	2
0.307667917614589	0.345617943299444	0.219	0.171	1	chr6-34535345-34539077	2
0.307883120946906	0.376923547599404	0.18	0.135	1	chr3-156825617-156827465	2
0.30797821927113	0.380363105459158	0.216	0.171	1	chr1-205274743-205275866	2
0.308118493886311	0.344894948951222	0.237	0.189	1	chr4-139300426-139303004	2
0.308305877467579	0.294557154467026	0.227	0.171	1	chr1-206469402-206471448	2
0.308334121764735	0.433149301617419	0.158	0.117	1	chr6-33758574-33760722	2
0.308481663540849	0.307947877004546	0.165	0.117	1	chr5-150783008-150784169	2
0.308737263955534	0.292847642451391	0.291	0.234	1	chr1-45338856-45341465	2
0.309343598640776	0.386826085466132	0.18	0.135	1	chr4-125314537-125316168	2
0.309581463198516	0.415858383445001	0.162	0.117	1	chrX-49154928-49156809	2
0.309704768468285	0.43057577225839	0.151	0.108	1	chr1-95640472-95642622	2
0.310496639097477	0.433581778733536	0.151	0.108	1	chr19-18542966-18544545	2
0.311693710904795	0.48420213490729	0.155	0.117	1	chr3-113274481-113276594	2
0.311725019474207	0.341535474336968	0.173	0.126	1	chr8-37359041-37360906	2
0.312204825152335	0.385318581491038	0.158	0.117	1	chr1-228086777-228093662	2
0.312274473703933	0.39199062345759	0.165	0.126	1	chr14-70664959-70666471	2
0.312312826473688	0.383576485383134	0.223	0.18	1	chr5-91024015-91029174	2
0.312802048517897	0.362924467002318	0.201	0.153	1	chr7-75914158-75916314	2
0.313195424480729	0.366293923936498	0.187	0.144	1	chr3-155736359-155738778	2
0.313752456961236	0.384280140553141	0.18	0.135	1	chr20-362101-363193	2
0.313919843931993	0.401135030363538	0.187	0.144	1	chr1-115676038-115677529	2
0.314726484839304	0.264310228187453	0.223	0.171	1	chr3-128648686-128651439	2
0.31540425934935	0.299716472985685	0.223	0.171	1	chr16-4424581-4427181	2
0.316094337919046	0.412970079886031	0.183	0.144	1	chrX-13733763-13735578	2
0.316538545807921	0.339957101123946	0.162	0.117	1	chr2-173230069-173231927	2
0.316714494921812	0.406507710715864	0.18	0.135	1	chr11-59555595-59558056	2
0.316725855556329	0.353887389522994	0.194	0.144	1	chrX-49041784-49044449	2
0.316891755697416	0.394117548256836	0.158	0.117	1	chr11-63680829-63683510	2
0.3169172688049	0.336025694627113	0.165	0.117	1	chr3-56810779-56814153	2
0.316967075571173	0.37231471356609	0.205	0.162	1	chr2-156435336-156437582	2
0.31712645276107	0.310221840834267	0.212	0.162	1	chr1-213153346-213155265	2
0.31712645276107	0.330011757171002	0.212	0.162	1	chr16-87950472-87952601	2
0.317513151564039	0.29588011625969	0.216	0.171	1	chr17-7613396-7615777	2
0.31791872052425	0.358565410971326	0.198	0.153	1	chr12-120495357-120497605	2
0.318371839528885	0.358757364655316	0.205	0.162	1	chr10-74150121-74152157	2
0.318410782425972	0.361859011837114	0.263	0.216	1	chr1-197200162-197202446	2
0.318787183940778	0.441600327594661	0.155	0.117	1	chr17-67824577-67826733	2
0.318787183940778	0.464697082298707	0.155	0.117	1	chr22-45237619-45241491	2
0.319021620770837	0.413835712904793	0.187	0.144	1	chr7-44760610-44762639	2
0.319213849368876	0.335389736296652	0.212	0.162	1	chr21-42973377-42976138	2
0.320377753604403	0.419093576313744	0.155	0.117	1	chr16-19123358-19124415	2
0.321191986572409	0.342524157831233	0.18	0.135	1	chr8-42139496-42141268	2
0.321503384244415	0.364708719714794	0.198	0.153	1	chr1-27934528-27936003	2
0.321503384244415	0.350845795247167	0.198	0.153	1	chr2-73983250-73986010	2
0.321551844770165	0.281821104463061	0.302	0.252	1	chr17-63444647-63448353	2
0.322555938906789	0.267848804643833	0.281	0.225	1	chr14-96501008-96503754	2
0.322615551456517	0.455669249262296	0.176	0.135	1	chr20-4684937-4687861	2
0.322641276472606	0.277042518680761	0.27	0.216	1	chr3-50297884-50300659	2
0.323212422507455	0.40593929516574	0.158	0.117	1	chr3-185557989-185559652	2
0.323212422507455	0.338863305426516	0.158	0.117	1	chr20-38604394-38605597	2
0.323316630520791	0.293046276403527	0.263	0.207	1	chr20-45933229-45936084	2
0.323316673582256	0.355261965874294	0.259	0.216	1	chr5-134002072-134006328	2
0.323871050614043	0.373365841956032	0.173	0.126	1	chr11-64342018-64343205	2
0.324062832993189	0.362145117549634	0.169	0.126	1	chr8-55945446-55946666	2
0.324214155725675	0.422357535732127	0.165	0.126	1	chr11-85756277-85758750	2
0.324376834793669	0.456381972453185	0.155	0.117	1	chr1-8488976-8490816	2
0.324538653831054	0.327828904515049	0.227	0.171	1	chr5-73495665-73499574	2
0.324839131233469	0.317296250480399	0.252	0.198	1	chr16-81598509-81603328	2
0.325603716030328	0.405834154633328	0.158	0.117	1	chr10-31317995-31319802	2
0.325663125435919	0.320335677880151	0.198	0.144	1	chr7-23298656-23300255	2
0.325710563387343	0.3937287316117	0.18	0.135	1	chr3-133077173-133078566	2
0.326028114244514	0.373863148453572	0.194	0.153	1	chr8-100149808-100151278	2
0.326236853783171	0.337610543454458	0.212	0.162	1	chr3-169661777-169664040	2
0.326425154285482	0.252108584906602	0.284	0.225	1	chr1-75723252-75726507	2
0.32676739033266	0.369807818954903	0.162	0.117	1	chr11-27513839-27515227	2
0.32709076198523	0.29271297167091	0.273	0.225	1	chrX-52994722-52996354	2
0.327169096712203	0.39580972495528	0.169	0.126	1	chr1-202926286-202927938	2
0.327490727518364	0.385013751806609	0.194	0.153	1	chr10-114820984-114824586	2
0.32798527790737	0.339353880607163	0.18	0.135	1	chr1-27567864-27570881	2
0.328251936269813	0.289375985336664	0.205	0.153	1	chr1-204213427-204214862	2
0.328357701457153	0.292518824884402	0.36	0.315	1	chr12-79933261-79936124	2
0.328394476447752	0.392862877015126	0.191	0.153	1	chr10-94544472-94547090	2
0.328644682223845	0.290903819938843	0.216	0.171	1	chr8-144077298-144080346	2
0.329452813432081	0.261515260422867	0.363	0.315	1	chr8-17921955-17925182	2
0.329587843564702	0.264781338566978	0.338	0.279	1	chr12-123382866-123385403	2
0.329785704537332	0.325859879200046	0.212	0.162	1	chr12-68609894-68612040	2
0.329847818371336	0.315824663358027	0.198	0.153	1	chrX-134914199-134915860	2
0.330392959402636	0.348076700198377	0.191	0.144	1	chr22-32042592-32045725	2
0.330420729068969	0.392151531724443	0.158	0.117	1	chr12-22045915-22047346	2
0.331792189758956	0.406532212726979	0.198	0.162	1	chr16-57999346-58001984	2
0.331799315940863	0.347082436209357	0.18	0.135	1	chr4-70901531-70903486	2
0.331989518329618	0.33739159051962	0.227	0.18	1	chr17-18038346-18040469	2
0.33288346430668	0.352049319965829	0.216	0.171	1	chr3-187738731-187741444	2
0.333326968709437	0.343479053174685	0.201	0.162	1	chr1-6197858-6200399	2
0.333657563748186	0.338890447333196	0.158	0.117	1	chr3-48300321-48302322	2
0.333973286112496	0.355108547486467	0.162	0.117	1	chr11-95106887-95108640	2
0.334050363371914	0.369210271397139	0.173	0.135	1	chr3-194682162-194683271	2
0.334870344403685	0.386157412208834	0.176	0.135	1	chr20-25176673-25179607	2
0.335545621709006	0.308108632078755	0.209	0.162	1	chr17-60077582-60080045	2
0.335611096611442	0.35592622418178	0.194	0.153	1	chr11-3839990-3842384	2
0.335728840504828	0.263550708405792	0.216	0.171	1	chr12-49017771-49019493	2
0.336270126323487	0.282860628487136	0.209	0.162	1	chr7-2860142-2861424	2
0.336884673958349	0.286621738702004	0.27	0.216	1	chr6-73652517-73655434	2
0.337215178228902	0.271520514367144	0.259	0.207	1	chr6-26054131-26057196	2
0.33729936960255	0.360536589802662	0.201	0.153	1	chr7-150900769-150904705	2
0.337333608570819	0.303322680488872	0.255	0.207	1	chr10-7787057-7789888	2
0.337573897417053	0.443132587726667	0.176	0.144	1	chr16-591768-594289	2
0.337682725748945	0.372045236095269	0.187	0.144	1	chr18-21739918-21741921	2
0.3382157115783	0.486382460839075	0.155	0.117	1	chr4-37452799-37454701	2
0.338447690087031	0.340185181571565	0.165	0.126	1	chr4-113645290-113647045	2
0.338447690087031	0.430447254181696	0.165	0.126	1	chr7-23272781-23273791	2
0.339491926772279	0.371073460621038	0.209	0.171	1	chr8-17613985-17615995	2
0.339542178632477	0.333322219275723	0.176	0.135	1	chr22-29305869-29307961	2
0.340352652053119	0.295784258095624	0.237	0.189	1	chr7-128476168-128477666	2
0.340370361649182	0.267571067308457	0.241	0.189	1	chr2-45823349-45824507	2
0.340696660324754	0.349077839431911	0.155	0.117	1	chr1-153945211-153947338	2
0.340698192631873	0.315165998385906	0.273	0.225	1	chr10-68955037-68958450	2
0.341046396617593	0.284725432977308	0.237	0.189	1	chr20-53863656-53868155	2
0.341526227199515	0.387695764679624	0.155	0.117	1	chr1-165597655-165599049	2
0.341995639105702	0.415029464240864	0.151	0.117	1	chr1-12380270-12382017	2
0.342063125022041	0.345530304755436	0.198	0.153	1	chr19-1393746-1396957	2
0.342226859110644	0.347125886738404	0.219	0.18	1	chr10-58384073-58386264	2
0.342259686423537	0.256529219098169	0.331	0.288	1	chr1-150233432-150236908	2
0.342261875220853	0.279256675542407	0.27	0.225	1	chr12-69359092-69360811	2
0.342263713695754	0.339077156379351	0.187	0.144	1	chr6-170305740-170307899	2
0.342436600009084	0.294609045827942	0.237	0.189	1	chr11-65536674-65542133	2
0.343193139397191	0.344689568521657	0.183	0.144	1	chr1-182588038-182589801	2
0.343570468901508	0.334573982816875	0.209	0.162	1	chr11-74748090-74750438	2
0.343579728017373	0.344745580094622	0.183	0.144	1	chr5-139635643-139639277	2
0.344044195789969	0.278564975618707	0.266	0.216	1	chr22-41587229-41590612	2
0.344371450450013	0.292223428059823	0.205	0.153	1	chrX-2608535-2610661	2
0.344569041554435	0.370220980427046	0.187	0.144	1	chr1-112460740-112463186	2
0.344597783848633	0.341607670322271	0.169	0.126	1	chr17-7403226-7405164	2
0.34475967011593	0.263906466900063	0.281	0.243	1	chr1-226121217-226125830	2
0.344888304321671	0.362686781269175	0.191	0.153	1	chr4-53653100-53655140	2
0.344888304321671	0.339588777036274	0.191	0.153	1	chr12-80935757-80938033	2
0.34527047858	0.25816181193415	0.302	0.252	1	chr17-7258610-7265218	2
0.345712648629779	0.309983692665654	0.165	0.126	1	chr22-31661004-31662833	2
0.345858220746463	0.288525951087454	0.173	0.126	1	chr10-91608041-91609624	2
0.346518737402302	0.375932346338964	0.209	0.162	1	chr1-10673385-10678311	2
0.346530745074156	0.389571748632543	0.155	0.117	1	chr22-23105913-23107700	2
0.346620810391577	0.276956217632355	0.155	0.108	1	chr17-30707695-30710469	2
0.347017044358653	0.283365884119084	0.277	0.225	1	chr1-86704037-86706454	2
0.347258314310771	0.411352913466038	0.205	0.171	1	chr10-26696677-26699258	2
0.347271457548312	0.362389898115552	0.194	0.153	1	chr9-72314557-72316457	2
0.347340481999538	0.355777693432418	0.165	0.126	1	chr7-140923330-140925495	2
0.347455895589886	0.328919630554371	0.219	0.171	1	chr12-31958567-31960748	2
0.347641399934558	0.384696906760384	0.158	0.117	1	chr10-69385089-69386560	2
0.347641399934558	0.395653328232426	0.158	0.117	1	chr22-46006125-46008716	2
0.347780303227152	0.36510875247582	0.212	0.171	1	chr5-172419755-172421442	2
0.348066150303876	0.343002018448911	0.205	0.162	1	chr1-229058099-229060778	2
0.348129774283828	0.340260067830561	0.18	0.135	1	chr7-117123112-117125241	2
0.348688169643786	0.253073375152796	0.288	0.225	1	chr16-75554967-75556941	2
0.349315473489605	0.325414050636131	0.18	0.135	1	chr3-170045030-170047448	2
0.350088245843221	0.29621910199836	0.266	0.216	1	chr7-36289698-36292462	2
0.350306000299386	0.336414786016164	0.205	0.162	1	chr8-53842294-53844116	2
0.350634333625601	0.290240246876318	0.223	0.18	1	chr11-86954451-86956938	2
0.350922929204299	0.312086579022177	0.216	0.171	1	chr7-129143820-129145460	2
0.350985124321676	0.331795767347393	0.158	0.117	1	chr1-27830050-27831967	2
0.351592651813657	0.267906387472998	0.273	0.216	1	chr14-73784167-73788234	2
0.351886158530042	0.300295679396736	0.288	0.243	1	chr8-97642972-97646447	2
0.352324814283426	0.28461370393654	0.187	0.144	1	chr19-40464263-40466629	2
0.352777143128418	0.293906194529777	0.259	0.207	1	chr2-119282949-119284602	2
0.352800840440514	0.307426874314345	0.245	0.198	1	chr3-45144957-45147095	2
0.352937051283725	0.326493471325346	0.212	0.171	1	chr5-16615360-16617586	2
0.353106423162769	0.327775298671657	0.187	0.144	1	chr16-67480177-67481946	2
0.353506249233028	0.344519501023875	0.158	0.117	1	chr16-85752647-85754922	2
0.354605249561306	0.253351034222585	0.324	0.279	1	chr7-36152229-36154555	2
0.354672927873772	0.315103459823604	0.187	0.144	1	chr7-151459321-151460976	2
0.355457823204351	0.302924691028438	0.187	0.144	1	chr3-185796120-185797576	2
0.355651717124358	0.29211657623237	0.295	0.243	1	chr16-81076273-81077883	2
0.35667906433652	0.384858767065399	0.155	0.117	1	chr17-57053895-57054844	2
0.35772455353426	0.284502744410276	0.245	0.198	1	chr21-39182411-39184719	2
0.357947059289429	0.347148544174098	0.173	0.135	1	chr16-83898071-83900263	2
0.358141853128964	0.27881156657101	0.216	0.162	1	chr5-132226849-132228464	2
0.358723366135643	0.304530368281812	0.234	0.189	1	chr3-15323240-15326832	2
0.359356339557411	0.313545552138658	0.205	0.162	1	chr2-75646142-75648190	2
0.359451504839137	0.25776094388341	0.263	0.207	1	chr1-50958907-50961003	2
0.359868447817173	0.412646656085743	0.151	0.117	1	chr8-326649-328044	2
0.359984505356522	0.26548495522891	0.209	0.162	1	chr5-6632045-6634417	2
0.36142224797368	0.29083659271756	0.255	0.216	1	chr5-127516901-127518846	2
0.36171755520202	0.352451962607029	0.18	0.135	1	chr16-67841488-67843407	2
0.361762526437232	0.40742173625393	0.162	0.126	1	chr4-41132004-41134032	2
0.362412863287356	0.404112405941518	0.212	0.18	1	chr4-7101771-7104400	2
0.362641341302852	0.348140355860431	0.212	0.171	1	chr2-37924657-37926063	2
0.362961532402447	0.400901323409693	0.158	0.126	1	chr12-130818085-130819566	2
0.363437480693008	0.298037469013105	0.191	0.144	1	chrX-72180737-72182191	2
0.36352431045871	0.356765640929348	0.176	0.135	1	chr5-74765914-74768344	2
0.363795552056228	0.301941230694547	0.252	0.198	1	chr1-100265405-100267390	2
0.364061726281793	0.39448338999347	0.183	0.144	1	chrX-48736634-48738155	2
0.364208831021	0.403677598904842	0.151	0.117	1	chr2-45991141-45993838	2
0.364398443743471	0.376531281611238	0.216	0.18	1	chr7-100125869-100128713	2
0.364726229253103	0.341536367914151	0.165	0.126	1	chr2-2613009-2614253	2
0.365517475717304	0.254270191020044	0.162	0.117	1	chr22-25153912-25155159	2
0.365979469105093	0.332446115296675	0.176	0.135	1	chr14-22596883-22599829	2
0.366239568675462	0.364368043960728	0.205	0.162	1	chr1-171342739-171345003	2
0.366545925857074	0.272851082429348	0.216	0.171	1	chr11-71784669-71788380	2
0.366613256332274	0.306924042235046	0.191	0.144	1	chr10-69407778-69409516	2
0.367533698910319	0.251524352132224	0.281	0.225	1	chr12-48814247-48816824	2
0.368008031721367	0.37649399404374	0.158	0.117	1	chr6-148885784-148888120	2
0.368918480943631	0.288350589894668	0.198	0.153	1	chr7-51100443-51102257	2
0.368954688822696	0.296429660107548	0.23	0.189	1	chr19-11088543-11093275	2
0.369268726738482	0.267078072004352	0.302	0.243	1	chr6-142844492-142846951	2
0.369458081008554	0.368887920190261	0.173	0.135	1	chr2-183036934-183039044	2
0.370166488428104	0.299725669541749	0.194	0.153	1	chr21-45554463-45556546	2
0.370457479625661	0.35237919714128	0.252	0.216	1	chr14-21382896-21385014	2
0.370514406338897	0.358965894951406	0.183	0.144	1	chr17-31548675-31550814	2
0.370841287305502	0.3081200057231	0.219	0.18	1	chr2-101251399-101254515	2
0.370841287305502	0.308781603105481	0.219	0.18	1	chr22-30297808-30299289	2
0.370969173438003	0.272178492784585	0.309	0.252	1	chr6-135496872-135499086	2
0.372103582982541	0.433513694326805	0.151	0.117	1	chr3-129673032-129674897	2
0.372963045230887	0.369372738966337	0.169	0.135	1	chr19-3505108-3507718	2
0.372963105235089	0.409795772246386	0.169	0.135	1	chr16-31476528-31478560	2
0.373390747541162	0.284999690573847	0.255	0.216	1	chr17-75778593-75781622	2
0.374174996967032	0.319398919603862	0.183	0.144	1	chr11-95253940-95255881	2
0.374534591486017	0.395080928213386	0.162	0.126	1	chr1-38990310-38992830	2
0.374758567497509	0.432883903705	0.151	0.117	1	chr14-104863949-104866909	2
0.374884017681276	0.376989657763287	0.155	0.117	1	chr20-2872456-2874444	2
0.375686118671276	0.312168725293767	0.227	0.189	1	chr8-31033212-31035042	2
0.375765009704824	0.400542892140353	0.155	0.117	1	chr21-44516963-44518542	2
0.376737615698267	0.350240191860076	0.176	0.135	1	chr6-135269432-135271737	2
0.377530825089231	0.344104650697511	0.155	0.117	1	chr1-246689247-246690340	2
0.377893742938851	0.323252431602192	0.212	0.171	1	chr1-63592702-63594839	2
0.377987004970132	0.42019293497128	0.162	0.126	1	chr19-41859097-41861497	2
0.378025044641658	0.473017909688771	0.155	0.126	1	chr17-59220001-59222283	2
0.378041070162925	0.27030912954787	0.245	0.189	1	chr5-160399038-160400644	2
0.37846427901725	0.308734799392805	0.158	0.117	1	chr3-124551636-124553515	2
0.378819144129803	0.288169338438057	0.198	0.153	1	chr11-73227234-73229070	2
0.378886578730373	0.261020781722488	0.201	0.162	1	chr16-2458915-2460740	2
0.378954570021039	0.268043175529041	0.18	0.135	1	chr20-43656724-43658957	2
0.379501990797559	0.320575312101816	0.183	0.144	1	chr11-70397416-70400237	2
0.379720539265878	0.329112652994991	0.162	0.126	1	chr4-52657784-52660438	2
0.380189118714212	0.361323195520751	0.155	0.117	1	chr14-51751642-51752666	2
0.380916213192887	0.35077931876914	0.165	0.126	1	chr3-73520587-73521785	2
0.380990989377445	0.2842528462676	0.212	0.171	1	chr16-2691368-2693916	2
0.381768036148704	0.282825087678762	0.176	0.135	1	chr19-16469798-16472610	2
0.381971820392332	0.33727759736456	0.187	0.144	1	chr6-110516660-110518696	2
0.382054295702741	0.342158726508051	0.201	0.162	1	chr1-84832968-84836431	2
0.382054345339574	0.257529782379755	0.169	0.126	1	chr2-27080986-27081849	2
0.382329988928022	0.337615181818202	0.162	0.126	1	chr9-128628128-128629952	2
0.382341171620144	0.361082419150195	0.187	0.153	1	chr6-168388270-168389778	2
0.383485826726639	0.313524790802703	0.191	0.153	1	chr5-177599247-177603517	2
0.384298626464181	0.258769450031288	0.176	0.135	1	chr8-144146703-144149275	2
0.384425407573147	0.266519553037149	0.212	0.162	1	chr20-62237743-62239927	2
0.384593315731531	0.355535687607354	0.151	0.117	1	chrX-49921933-49923914	2
0.384645093515477	0.329626764160601	0.155	0.117	1	chr12-122020974-122024397	2
0.384950403979406	0.31665050079342	0.162	0.126	1	chrX-71532012-71535520	2
0.386121886664776	0.347400995785003	0.183	0.144	1	chr6-43926333-43928263	2
0.386398263675431	0.357732343396858	0.151	0.117	1	chr8-143983779-143987057	2
0.38648317296916	0.339724554531349	0.216	0.18	1	chr8-95024267-95026146	2
0.386867959603358	0.266109052998681	0.313	0.27	1	chr12-132593525-132594634	2
0.386894955219875	0.312353927562748	0.248	0.207	1	chr7-134890369-134892450	2
0.3871505734256	0.334052448690468	0.173	0.135	1	chr12-8037967-8039509	2
0.387333944779865	0.3533000321464	0.155	0.117	1	chr11-62769541-62772259	2
0.387567831180931	0.330210406475723	0.191	0.153	1	chr5-79173136-79174424	2
0.388461322756633	0.385043696098873	0.162	0.126	1	chr8-140276019-140277312	2
0.38862241595693	0.336127543425668	0.183	0.144	1	chr14-75126052-75128054	2
0.388652070233055	0.279961885989559	0.194	0.153	1	chr1-84846979-84848294	2
0.389149653803871	0.284994757098077	0.169	0.135	1	chr7-142853612-142855250	2
0.389293663566414	0.257514952303852	0.227	0.189	1	chr1-207950437-207953511	2
0.389472704070309	0.339490012237833	0.18	0.144	1	chr1-206634188-206636352	2
0.389981988445853	0.278163594937834	0.212	0.171	1	chr12-110613356-110614866	2
0.391278440248942	0.317870942712963	0.234	0.189	1	chr1-41360143-41362489	2
0.391365257234259	0.282038961264355	0.165	0.126	1	chr3-39180126-39181471	2
0.391957080647711	0.258499594629656	0.216	0.171	1	chr6-98946698-98948583	2
0.392135859578174	0.302380352652717	0.198	0.153	1	chr3-194112149-194113424	2
0.392877231208432	0.341924475969	0.162	0.126	1	chr12-91661491-91665022	2
0.393479298969698	0.362274616637686	0.169	0.135	1	chr2-99488403-99490988	2
0.393652353078883	0.324034881040993	0.155	0.117	1	chr4-80072356-80073703	2
0.393669616524496	0.335364958890275	0.151	0.117	1	chr3-66762800-66763971	2
0.394324394740942	0.28698257060596	0.234	0.189	1	chr8-98116211-98118750	2
0.394652166251372	0.310292914228837	0.162	0.126	1	chr7-47978461-47979933	2
0.395338541025263	0.276126120295429	0.183	0.144	1	chr1-93344804-93347315	2
0.395382625429384	0.265248852115147	0.176	0.135	1	chr20-48945356-48946605	2
0.395754178977665	0.352644400516847	0.173	0.135	1	chr1-115665146-115667625	2
0.395810862861602	0.280659526672807	0.191	0.153	1	chr12-16346842-16349675	2
0.395914622256432	0.267813738329355	0.212	0.171	1	chr1-206112428-206113772	2
0.396417596537825	0.346630853078565	0.151	0.117	1	chr16-23316935-23318171	2
0.396995363031796	0.260018324743868	0.27	0.225	1	chr19-8512041-8514819	2
0.397540100550501	0.293682031894189	0.165	0.126	1	chr11-76836017-76837343	2
0.397875065744053	0.357525993455064	0.183	0.144	1	chr6-127458263-127460277	2
0.399083329309517	0.42790997785031	0.201	0.18	1	chr2-120222490-120226009	2
0.400478556234712	0.32660427030024	0.198	0.162	1	chr12-68686144-68687796	2
0.401024228016109	0.296644929811131	0.248	0.207	1	chr1-223844723-223847296	2
0.401566431918022	0.414729925310163	0.158	0.126	1	chr6-57088782-57090606	2
0.40222565621595	0.346018037517889	0.169	0.135	1	chr21-37071663-37074639	2
0.403106659070054	0.355529057191316	0.169	0.135	1	chr17-19361835-19363447	2
0.403893727181163	0.252997117911263	0.241	0.198	1	chr10-104328341-104332875	2
0.404285378950576	0.347132235367723	0.158	0.126	1	chr1-115713114-115715481	2
0.404542967341351	0.264178836208617	0.187	0.144	1	chr8-101606588-101608764	2
0.405314159486179	0.375045325181809	0.169	0.135	1	chr16-30417152-30419035	2
0.405660819416365	0.349135165110239	0.151	0.117	1	chr11-33700358-33702418	2
0.406400719135735	0.30079952749022	0.183	0.144	1	chr8-6338538-6339713	2
0.406462508263746	0.28903910535376	0.165	0.126	1	chr5-173283055-173284418	2
0.406462508263746	0.31407637297384	0.165	0.126	1	chr19-47095803-47099119	2
0.407064872452871	0.251079738257283	0.252	0.198	1	chr12-46267380-46269655	2
0.407180173461588	0.289019935451408	0.209	0.171	1	chr22-35298702-35300981	2
0.407385735655577	0.354788522069103	0.18	0.144	1	chr17-75010678-75014242	2
0.407524796223836	0.331307262797913	0.151	0.117	1	chr20-51456110-51457260	2
0.407703177454026	0.274514399039439	0.227	0.18	1	chr2-97662593-97665051	2
0.408546225949189	0.250557584358379	0.245	0.198	1	chr12-69738194-69740457	2
0.409024993646444	0.329866196177602	0.162	0.126	1	chr11-68340974-68343336	2
0.409024993646444	0.294271082492786	0.162	0.126	1	chr17-82874108-82877381	2
0.409031271970668	0.331682477056636	0.187	0.153	1	chr19-8306815-8309015	2
0.409071028353643	0.296480294363573	0.223	0.18	1	chr2-183123423-183126285	2
0.409159587119905	0.331020096220938	0.198	0.162	1	chr12-48104338-48106831	2
0.410093625571691	0.253201947019303	0.187	0.144	1	chr12-47995677-47997969	2
0.410196210570633	0.324608676267926	0.169	0.135	1	chr1-184836396-184839310	2
0.410196210570633	0.300400596354698	0.169	0.135	1	chr8-61781165-61783758	2
0.41033031505023	0.343444612006625	0.151	0.117	1	chr1-28328324-28329954	2
0.410735479006586	0.331735742125038	0.187	0.153	1	chr16-66551344-66553668	2
0.410735479006586	0.34263909430082	0.187	0.153	1	chr19-5789794-5791689	2
0.410852605602304	0.351113109476018	0.18	0.144	1	chr1-197485340-197487486	2
0.411268032398529	0.35030947406983	0.151	0.117	1	chr11-17412933-17414333	2
0.412394733048721	0.267188199866072	0.248	0.207	1	chr16-31141412-31143263	2
0.41241596442962	0.300040903676585	0.173	0.135	1	chr8-12665098-12666063	2
0.41277647030712	0.314322445148278	0.227	0.198	1	chr14-29888960-29893057	2
0.412778716661739	0.281961552947204	0.165	0.126	1	chr12-110542741-110544246	2
0.413299114140977	0.255353320164889	0.183	0.144	1	chr11-128496113-128498038	2
0.413464218963933	0.271523204674041	0.18	0.144	1	chr8-58479686-58481187	2
0.414088806123376	0.368909232873221	0.151	0.117	1	chr16-23452250-23453693	2
0.414529466992656	0.258923171641813	0.209	0.171	1	chr11-64876513-64879601	2
0.414597899714446	0.266308091899167	0.255	0.207	1	chr7-92832477-92834292	2
0.415084215148394	0.316841700360878	0.173	0.135	1	chr12-124992736-124995270	2
0.41590378557261	0.27340754695319	0.183	0.144	1	chr1-205013369-205015217	2
0.416173232785225	0.322451923011439	0.209	0.171	1	chr8-94240792-94243093	2
0.416194166442871	0.308468357104677	0.158	0.126	1	chr2-74382969-74383946	2
0.418164105675307	0.346094016747216	0.162	0.126	1	chr15-63379169-63382398	2
0.418811343315807	0.399381760618909	0.155	0.126	1	chr20-49185795-49188908	2
0.419117205019814	0.362589683963783	0.191	0.162	1	chr8-30811262-30813352	2
0.419596077168263	0.308633861833733	0.18	0.144	1	chr12-70552765-70554395	2
0.421903475284104	0.275260611991016	0.219	0.189	1	chr8-23528283-23530756	2
0.423511202434547	0.347939967984253	0.183	0.153	1	chr19-55683486-55684782	2
0.423573628673999	0.329190139091877	0.151	0.117	1	chr1-112698387-112702097	2
0.424954976075144	0.333779069457359	0.173	0.135	1	chr7-41955447-41957333	2
0.425099869532358	0.324037417055957	0.176	0.144	1	chr5-157914368-157916349	2
0.426365145082676	0.25778086238228	0.23	0.198	1	chr16-88808843-88813198	2
0.426430696516706	0.361733830576834	0.158	0.126	1	chr3-27720693-27722803	2
0.42649120761766	0.292058925818112	0.162	0.126	1	chr5-123035251-123037579	2
0.426886270407944	0.302542217306308	0.176	0.144	1	chr20-63536240-63539587	2
0.427557938303876	0.301205143451346	0.18	0.144	1	chr2-113117115-113118301	2
0.42825440839523	0.281335417100992	0.219	0.18	1	chr3-158643976-158645282	2
0.428298495849016	0.26815607161732	0.299	0.27	1	chr1-204285612-204288733	2
0.428578044686771	0.297709050631423	0.173	0.135	1	chr17-58218412-58220339	2
0.42876773569952	0.323380199189325	0.23	0.198	1	chr1-26694968-26698810	2
0.428773278454645	0.261368900503684	0.183	0.153	1	chr1-32741044-32744423	2
0.428899566673426	0.321301087294577	0.216	0.18	1	chr1-63772658-63775249	2
0.429027851712649	0.259502308270159	0.155	0.117	1	chr15-100986154-100987366	2
0.429064230765385	0.260642384890847	0.255	0.216	1	chr17-21211992-21215341	2
0.429155382869597	0.309974268400397	0.169	0.135	1	chr11-61832171-61835363	2
0.429339115602965	0.333062084034625	0.18	0.144	1	chr17-51435128-51436422	2
0.4300707279845	0.34621532730116	0.169	0.135	1	chr20-32325701-32327072	2
0.430699432472413	0.288592100484191	0.191	0.153	1	chr2-55163121-55165458	2
0.431059313099667	0.407436487091971	0.155	0.126	1	chr1-31643804-31645835	2
0.431142561195113	0.384529851182326	0.162	0.135	1	chr19-29714479-29717143	2
0.431734150701966	0.292693768485922	0.183	0.144	1	chr22-31247609-31249371	2
0.434852332750608	0.37283123618507	0.18	0.153	1	chr8-30743280-30744968	2
0.434852332750608	0.344532537430175	0.18	0.153	1	chr16-67832926-67834423	2
0.434914211051638	0.291531348431341	0.162	0.126	1	chr10-127012433-127014130	2
0.436637253433297	0.271034899872036	0.201	0.162	1	chr6-10411411-10415622	2
0.437063885755187	0.341301444943222	0.151	0.117	1	chr4-74943832-74944863	2
0.437951987980025	0.329381605976611	0.173	0.144	1	chr4-1191574-1193332	2
0.437951987980025	0.404718008095041	0.173	0.144	1	chr9-109922568-109924293	2
0.439908712186431	0.330537868123895	0.165	0.135	1	chr5-15499434-15500942	2
0.441577756256761	0.252866490288771	0.183	0.144	1	chr5-148469039-148470155	2
0.441823454951593	0.258656973541192	0.284	0.252	1	chr6-166381312-166384295	2
0.442116649936145	0.256415128513606	0.255	0.225	1	chr1-228081119-228086087	2
0.442481300947824	0.288684613793762	0.162	0.126	1	chr21-44424355-44426305	2
0.442920290591439	0.311443780640152	0.151	0.117	1	chr22-37933307-37934554	2
0.443412039705269	0.347056869508117	0.191	0.162	1	chr1-111448135-111450321	2
0.443432394260954	0.283499994565694	0.162	0.126	1	chr1-204477435-204480563	2
0.444801277875956	0.316394958660278	0.187	0.153	1	chr16-57815980-57817028	2
0.445102632839893	0.277928995054502	0.173	0.135	1	chr17-73286145-73287496	2
0.445679740107214	0.286165833958228	0.252	0.216	1	chr16-4691159-4697236	2
0.445804922915233	0.253847352167105	0.234	0.189	1	chr2-218567269-218570344	2
0.445865235598571	0.296047771148261	0.151	0.117	1	chr8-100509585-100511157	2
0.446217476268671	0.310736716571059	0.173	0.144	1	chr6-43174123-43175137	2
0.447338536353743	0.277671065094635	0.158	0.126	1	chr15-40038132-40039894	2
0.447891624395917	0.276959344148776	0.173	0.135	1	chr6-107674774-107675970	2
0.449971529213495	0.325970138377891	0.162	0.135	1	chr10-96389712-96391016	2
0.451157906419692	0.365603129809054	0.169	0.144	1	chr1-43934342-43937318	2
0.451391615901813	0.270519504227448	0.201	0.162	1	chr19-58543413-58546027	2
0.452149931572261	0.330273956663454	0.165	0.135	1	chr10-122504125-122505366	2
0.454111290768989	0.296424390153222	0.158	0.126	1	chr12-105234389-105236685	2
0.454998495523995	0.256270011634606	0.223	0.18	1	chr12-101406201-101409416	2
0.455249101492029	0.368577480390246	0.151	0.126	1	chr7-73741696-73743979	2
0.455855046983203	0.34728599512811	0.191	0.162	1	chr1-27772602-27774401	2
0.456056929591355	0.32883105739	0.158	0.126	1	chr7-76108056-76109721	2
0.456864237023411	0.263025510050208	0.252	0.216	1	chr19-41261991-41266317	2
0.457150821536841	0.331740958145496	0.155	0.126	1	chrX-139931837-139933968	2
0.45764851772387	0.313934452664872	0.191	0.162	1	chr3-183291017-183292379	2
0.457905014526918	0.250179636859308	0.248	0.216	1	chr5-95553639-95556536	2
0.458984100027049	0.269395885721526	0.158	0.126	1	chr4-88107049-88108252	2
0.46071551026363	0.257484374236111	0.176	0.144	1	chr5-115261439-115263513	2
0.460860278154407	0.29433203391891	0.212	0.18	1	chr1-37594788-37596656	2
0.460910753027025	0.274040126538615	0.216	0.18	1	chr22-42613816-42616137	2
0.462078097850738	0.349432433207181	0.155	0.126	1	chr12-55715454-55717709	2
0.462078097850738	0.325717552077877	0.155	0.126	1	chr20-36573335-36576038	2
0.46349510666171	0.291121076354586	0.219	0.189	1	chr10-21172191-21175687	2
0.463550045146812	0.269651335501943	0.198	0.162	1	chr16-4368640-4369894	2
0.464057277405259	0.323239926056865	0.155	0.126	1	chr2-169798238-169800109	2
0.464359383825391	0.258031748467618	0.306	0.27	1	chr3-94062058-94064292	2
0.464573209792848	0.251285229097237	0.191	0.153	1	chr12-1690369-1691852	2
0.464665276958113	0.261875707877397	0.252	0.225	1	chr17-66661079-66663767	2
0.466643608672078	0.317950143287957	0.169	0.135	1	chr14-20662674-20664057	2
0.467799496386999	0.250943615598471	0.212	0.18	1	chr19-13033610-13037562	2
0.467828717588761	0.291708500745227	0.158	0.126	1	chr1-230641924-230643921	2
0.469305248369643	0.252133365804684	0.248	0.216	1	chr7-73577337-73579396	2
0.469551289911415	0.256957096783544	0.162	0.126	1	chr8-144094308-144096898	2
0.470023041635512	0.313868708091728	0.155	0.126	1	chr3-157070192-157071485	2
0.470359538359174	0.255135531130007	0.183	0.153	1	chr10-119724967-119726889	2
0.470382496765697	0.274525271241666	0.165	0.135	1	chr2-151409464-151411002	2
0.471454130418116	0.255058397131431	0.169	0.135	1	chr19-38683157-38684493	2
0.472807740590429	0.261315406370505	0.191	0.153	1	chr10-51073777-51075395	2
0.474640666796122	0.319842609151888	0.162	0.135	1	chr4-52050701-52052694	2
0.475769174530615	0.25540778787312	0.158	0.126	1	chr14-65069853-65071262	2
0.477200718961169	0.267699737191617	0.165	0.135	1	chr10-132331152-132333638	2
0.481520378383599	0.285674166499951	0.176	0.144	1	chr15-41659895-41662400	2
0.482678829933905	0.250948618229829	0.216	0.18	1	chr19-29844033-29846332	2
0.483444733317903	0.286068668749339	0.183	0.153	1	chr3-129051779-129055088	2
0.484008941632065	0.25761945352357	0.173	0.144	1	chr5-168825606-168827105	2
0.484008941632065	0.297888677797203	0.173	0.144	1	chr19-50383373-50385767	2
0.484921445518803	0.345707614671471	0.158	0.135	1	chr15-35544986-35546860	2
0.485699977366986	0.363346909103512	0.176	0.153	1	chr3-49718716-49721596	2
0.485837984198687	0.327712041008432	0.173	0.153	1	chr3-159786822-159788346	2
0.486806919006893	0.263042359202273	0.158	0.126	1	chr2-202032975-202035159	2
0.487448063805422	0.329721869325812	0.183	0.162	1	chr2-210475766-210478223	2
0.48984104980103	0.342094553352303	0.155	0.135	1	chr18-11989567-11990667	2
0.49123314875323	0.339830426945405	0.155	0.126	1	chr6-30719651-30723068	2
0.491991252654667	0.277910441193132	0.162	0.135	1	chr19-50375928-50377585	2
0.49327963028841	0.268093817919145	0.155	0.126	1	chr16-30437113-30438148	2
0.49533066923723	0.285906570566314	0.155	0.126	1	chr10-131960656-131964646	2
0.496966571907067	0.274071179640171	0.176	0.144	1	chr10-35689910-35691320	2
0.497760728317239	0.275986889567819	0.201	0.171	1	chr7-148986547-148988860	2
0.499446373166085	0.273750569787768	0.155	0.126	1	chr2-85615668-85617016	2
0.499446373166085	0.272934175990935	0.155	0.126	1	chr11-59144441-59145303	2
0.49959590796549	0.264037188174757	0.183	0.153	1	chr16-2015037-2016707	2
0.50047812938152	0.25291877290733	0.155	0.126	1	chr2-213150317-213152728	2
0.502805042942735	0.300300750089531	0.191	0.162	1	chr1-200738018-200740651	2
0.502879702150347	0.253512313614992	0.169	0.135	1	chr1-203625438-203627399	2
0.502975595174978	0.297417955475997	0.151	0.126	1	chr17-55494859-55496818	2
0.504007787796526	0.257051678181819	0.277	0.252	1	chr8-98043887-98047089	2
0.504612575438355	0.287882175940617	0.201	0.18	1	chr17-21200226-21201788	2
0.506692326228525	0.293798951548752	0.155	0.126	1	chr6-133837496-133838612	2
0.50848247597937	0.274101421623118	0.173	0.144	1	chr12-93377341-93380998	2
0.509166506923751	0.291180020995216	0.162	0.135	1	chr19-39390137-39392199	2
0.511740236874331	0.255690611777704	0.187	0.153	1	chr8-144790273-144794072	2
0.511901639585201	0.279071198684573	0.155	0.126	1	chr1-230680627-230683409	2
0.512454109497122	0.253012858130682	0.252	0.225	1	chr6-52724031-52726968	2
0.513252976768898	0.265494586291165	0.162	0.135	1	chr22-17084102-17085742	2
0.513460859138815	0.32387464025092	0.151	0.126	1	chr6-39088169-39094010	2
0.514515609130713	0.267775342171527	0.151	0.126	1	chr17-35577759-35579479	2
0.514713242537294	0.277636333638009	0.169	0.144	1	chrX-153793085-153795913	2
0.514981811361462	0.253551303238775	0.212	0.189	1	chr12-91817132-91819567	2
0.517227995076014	0.255502712867933	0.169	0.144	1	chr4-27094265-27095602	2
0.517982749019473	0.30845145730439	0.165	0.144	1	chr4-82676827-82678242	2
0.51845050533457	0.276135536115017	0.173	0.144	1	chr1-211643210-211645054	2
0.518745787135941	0.307789192647262	0.151	0.126	1	chr22-20298663-20300307	2
0.520689411052147	0.25839001779855	0.198	0.171	1	chr3-52770084-52771721	2
0.520867680048941	0.2755412599083	0.151	0.126	1	chr11-43880109-43881522	2
0.520906069236536	0.251292942901778	0.255	0.225	1	chr2-186485162-186487468	2
0.522276361329817	0.284648549403382	0.169	0.144	1	chr14-73135955-73138044	2
0.525805468690081	0.279106966884022	0.187	0.162	1	chr12-125064566-125066558	2
0.528782341473114	0.273409744906646	0.183	0.153	1	chrX-112840037-112842186	2
0.533317053761309	0.268156168767553	0.165	0.144	1	chr6-32837774-32839329	2
0.539524296145112	0.255672982666173	0.194	0.171	1	chr14-74762567-74764609	2
0.54656525496279	0.281877584841691	0.198	0.171	1	chr6-169700396-169703312	2
0.546856411083612	0.253630993141996	0.169	0.144	1	chr6-36681982-36683637	2
0.54776258359682	0.28169354183855	0.151	0.126	1	chr17-18855632-18856901	2
0.550969045209466	0.288939159158135	0.165	0.144	1	chr2-62293264-62294398	2
0.554584918239186	0.307296779010044	0.173	0.153	1	chr17-78144063-78145654	2
0.55577270589713	0.264873896904682	0.18	0.162	1	chr17-62063896-62066553	2
0.555979672091735	0.262408633256678	0.198	0.18	1	chr10-14877280-14880232	2
0.562417224567989	0.254965780608612	0.187	0.162	1	chr7-97971141-97972992	2
0.56974891977096	0.253094118503104	0.18	0.153	1	chr8-102107338-102109287	2
0.579300234303466	0.280835728185906	0.158	0.135	1	chr14-93135078-93136497	2
0.580783789732947	0.275208383389423	0.162	0.144	1	chr1-172975967-172977720	2
0.589046943541273	0.251823691206234	0.198	0.171	1	chr12-123387511-123391072	2
0.590296134050062	0.277353547672744	0.158	0.135	1	chr7-127583668-127586175	2
0.591639349378504	0.260780208153072	0.162	0.144	1	chr14-94080049-94082057	2
0.597084330457238	0.254716314084992	0.155	0.135	1	chr7-151694594-151695852	2
0.600126422746655	0.26433261200638	0.165	0.144	1	chr19-46372749-46374480	2
0.609358351540166	0.25028490050181	0.173	0.153	1	chr8-70950996-70952216	2
