p_val	avg_log2FC	pct.1	pct.2	p_val_adj	gene	cluster
2.41994815571338e-218	4.02145784028603	0.366	0.027	4.62921562499036e-213	chr1-240595483-240598738	1
4.43053005888548e-211	2.80865231292445	0.436	0.069	8.47533817084439e-206	chr1-235072983-235075989	1
4.80264479181751e-197	3.98341414725271	0.34	0.027	9.1871713280594e-192	chr1-169128528-169137890	1
5.49032279268985e-188	4.59564846079565	0.304	0.014	1.05026580830481e-182	chr1-202106870-202109160	1
4.91214093108175e-171	4.58377077084071	0.28	0.013	9.39663087270353e-166	chr5-91365343-91375321	1
1.81773145565608e-141	5.26081544411164	0.229	0.008	3.47721121078274e-136	chr1-222659643-222668317	1
7.34703531385778e-141	12.0313342014307	0.209	0	1.40544377332911e-135	chr11-3041382-3044477	1
1.12422819359006e-140	2.81610698156191	0.312	0.05	2.15058108064618e-135	chr8-138788827-138792802	1
1.89121467850599e-129	2.22267717226083	0.352	0.08	3.61778020710125e-124	chr1-226944283-226947333	1
4.61027461434452e-129	3.07507844210687	0.269	0.034	8.81917872076421e-124	chr2-217896878-217900845	1
1.74080656265125e-125	2.83755121193948	0.281	0.043	3.33005850595808e-120	chr1-54272636-54275868	1
3.46029790121133e-123	2.78048651968978	0.279	0.043	6.6193422671432e-118	chr4-183987156-183990082	1
1.38438472242398e-121	1.98306465259588	0.372	0.102	2.64824491091373e-116	chr1-229886826-229889976	1
4.60792408230178e-115	3.89210134871593	0.21	0.015	8.81468229399837e-110	chr10-43025691-43028889	1
9.30032909665066e-112	3.8421599735774	0.206	0.015	1.77909715421469e-106	chr17-66975307-66979103	1
2.11472654856037e-110	3.32222129160336	0.224	0.025	4.04534500380308e-105	chr12-124678977-124680444	1
2.89830788176333e-110	1.261349048879	0.548	0.261	5.54428907934034e-105	chr1-234956838-234964911	1
5.78757762318164e-109	4.4192087075456	0.188	0.009	1.10712887384891e-103	chr11-58922305-58925243	1
9.32996872933913e-109	1.54561772744008	0.444	0.17	1.7847670381102e-103	chr1-206684373-206694759	1
9.54846928724652e-108	2.75611762027959	0.249	0.038	1.82656488383454e-102	chr12-109914079-109916250	1
9.32725212932558e-106	3.50122065600977	0.207	0.02	1.78424736882721e-100	chr6-41712232-41714063	1
2.38058309846802e-103	2.52202052106975	0.26	0.048	4.55391263238342e-98	chr1-217076183-217079144	1
2.59465996940685e-100	12.0548507946683	0.152	0	4.96342884187713e-95	chr10-132630861-132632678	1
4.92091010074126e-100	11.9134866328795	0.152	0	9.41340576811198e-95	chr1-72692869-72694344	1
6.97519611061194e-100	2.16784590344687	0.287	0.066	1.3343131647834e-94	chr3-186974357-186977916	1
1.59475515131032e-99	7.63838350753813	0.154	0.001	3.05067091914757e-94	chr16-31112447-31115060	1
1.29221379821989e-97	1.92534353120736	0.318	0.088	2.47192746316676e-92	chr8-144498322-144504619	1
1.64258398033262e-95	4.05359654986627	0.174	0.011	3.14216459933747e-90	chr15-42023942-42025775	1
5.28379799776263e-94	4.38483515395098	0.164	0.008	1.010758854184e-88	chr6-39083164-39087389	1
5.30698886822524e-94	1.86631686283593	0.315	0.088	1.01519512855828e-88	chr6-81751940-81754504	1
3.32719141716955e-93	3.8597149923907	0.176	0.014	6.36471754956032e-88	chr20-43557463-43560053	1
2.85964323681414e-91	2.51657121834634	0.231	0.042	5.47032593343124e-86	chr1-102836690-102838672	1
1.40058887356042e-89	4.95343713740464	0.152	0.006	2.67924247978867e-84	chr17-81854628-81856741	1
1.63813977229178e-89	3.9012638406464	0.166	0.012	3.13366309600783e-84	chr1-5485013-5486766	1
1.93949767675698e-89	3.52620001501386	0.176	0.016	3.7101426857755e-84	chr1-177274361-177277083	1
2.41584968009444e-89	0.894637640878086	0.662	0.439	4.62137548703985e-84	chr1-169104657-169127526	1
3.00308397270205e-89	1.75531408604778	0.324	0.099	5.74471945474066e-84	chr5-91024015-91029174	1
4.89245471590256e-89	3.53726716899403	0.176	0.016	9.35897232423865e-84	chr3-4167303-4169904	1
1.49704513720272e-88	2.63809786992005	0.217	0.037	2.86375752476058e-83	chr1-107680397-107684757	1
7.39397987195345e-88	0.769156859634428	0.72	0.515	1.41442398562546e-82	chr1-155123709-155137365	1
6.29902397045166e-86	4.46597901298586	0.152	0.008	1.20496549140358e-80	chr1-175519923-175522013	1
1.47979091090243e-85	2.58009220336079	0.21	0.034	2.83075122510169e-80	chr1-161013128-161014647	1
1.83145330247667e-85	2.41454472044668	0.225	0.043	3.50346028043972e-80	chr1-226697047-226699233	1
8.50562277067531e-85	2.88716083959915	0.197	0.03	1.62707460229356e-79	chr6-110595873-110599282	1
5.13917624124191e-84	2.99752915808482	0.185	0.024	9.83093579892129e-79	chr1-207844711-207846394	1
1.31357055927341e-83	3.16556258999942	0.177	0.02	2.51278166565648e-78	chr1-1157278-1159120	1
4.8479267061942e-83	3.21233051211563	0.178	0.022	9.27379291334712e-78	chr1-162371696-162374524	1
7.17012566198534e-83	2.2506141420457	0.233	0.049	1.37160201838382e-77	chr1-9835303-9836969	1
7.95362273928553e-83	0.901689533544908	0.626	0.376	1.52148030828889e-77	chr6-73511670-73522485	1
4.59893031530067e-82	3.21335531163972	0.172	0.019	8.79747775735126e-77	chr6-82363164-82365785	1
4.50966803306833e-81	2.4977865925638	0.209	0.038	8.62672436717774e-76	chr4-20882115-20884480	1
6.11545155559935e-81	2.39720980484258	0.217	0.043	1.16984918987682e-75	chr16-11296378-11298437	1
1.37342648318217e-80	3.66847311622922	0.158	0.014	2.62728245673851e-75	chr12-38122792-38125538	1
2.33465152760552e-80	1.7710470846172	0.291	0.086	4.46604829321769e-75	chr7-75611216-75612593	1
3.33136734000609e-80	2.05151698049259	0.246	0.059	6.37270583939125e-75	chr12-124421632-124423962	1
6.53106739105427e-80	1.73028457625625	0.304	0.098	1.24935400550433e-74	chr6-39088169-39094010	1
1.67221515988219e-79	3.11270589705223	0.174	0.022	3.19884726794503e-74	chr8-138672338-138673981	1
5.39762062218714e-79	2.92250607525021	0.179	0.025	1.03253243930067e-73	chr18-12009398-12013862	1
8.49520178458745e-79	3.13357597860412	0.168	0.02	1.62508113018087e-73	chr8-138259499-138262518	1
1.18764637476607e-78	2.5746794278452	0.2	0.036	2.271896256145e-73	chr17-39631114-39633533	1
1.38101104583264e-78	1.35809992704914	0.388	0.158	2.6417912700151e-73	chr1-207807156-207814549	1
1.54418999593091e-77	2.49823925391852	0.201	0.037	2.95394281081608e-72	chr17-50949496-50951339	1
1.08248244602896e-76	3.58796074399308	0.15	0.013	2.07072397030664e-71	chr6-74182554-74183759	1
1.21024844217961e-75	1.55845088549452	0.32	0.112	2.31513265498306e-70	chr14-90511824-90514677	1
3.81974869123997e-75	2.20250444080742	0.219	0.049	7.30695006142058e-70	chr1-148387938-148389422	1
7.41521483385105e-75	3.13889111888563	0.16	0.019	1.4184861064267e-69	chr2-118061101-118063285	1
6.66281410234123e-74	3.42945091175605	0.152	0.016	1.27455636089326e-68	chr13-112901392-112904078	1
6.77649884062847e-74	3.22192583175336	0.156	0.017	1.29630356921918e-68	chr6-53614623-53616765	1
1.14572381931135e-73	2.10487576112876	0.228	0.055	2.19170092291346e-68	chr1-232377343-232379921	1
2.69006797937041e-73	2.37118347061965	0.204	0.043	5.14593864045683e-68	chr1-93962676-93966397	1
6.44090533454258e-73	1.99602258740177	0.238	0.062	1.23210654506599e-67	chr1-117267406-117269713	1
4.45666511563754e-72	2.10777000561354	0.222	0.053	8.52533296630768e-67	chr12-119178283-119180101	1
7.90716862963239e-72	2.57766088496873	0.186	0.034	1.5125939158369e-66	chr1-225815777-225818688	1
1.3342375074297e-71	2.92210723798302	0.166	0.024	2.55231629746258e-66	chr19-38003103-38005329	1
6.94280235715881e-71	1.5012257591647	0.316	0.115	1.32811643411034e-65	chr8-144513836-144518897	1
6.95896620365126e-71	3.06093116491143	0.154	0.018	1.33120848096126e-65	chr6-104413682-104415943	1
2.03153616526563e-70	2.03463609440907	0.224	0.056	3.88620679198324e-65	chr6-57171746-57174463	1
2.93699372701515e-70	2.04911812219092	0.22	0.054	5.61829278015636e-65	chr1-10665610-10670704	1
1.02061327690162e-69	2.25071248428388	0.202	0.044	1.95237196191618e-64	chr18-50404142-50406720	1
1.54079207558437e-69	2.05916469857584	0.22	0.055	2.94744279306837e-64	chr13-44401441-44406218	1
2.78382408634408e-69	2.55827234767973	0.176	0.03	5.32528844773105e-64	chr7-2522317-2524871	1
3.37658586101013e-69	1.48401265230176	0.319	0.121	6.45920615696071e-64	chr1-209825563-209828763	1
2.05461713494218e-68	2.02879666389414	0.221	0.057	3.93035930211629e-63	chr1-230750644-230753225	1
8.20758729658474e-68	2.36495946943081	0.186	0.037	1.57006220431288e-62	chr16-75243802-75246325	1
1.37875399500427e-67	1.92282546686347	0.23	0.063	2.63747366720347e-62	chr5-134505642-134507182	1
2.58411271225537e-67	2.33219781142634	0.19	0.04	4.94325257178179e-62	chr18-45358716-45360310	1
1.68714937209438e-66	2.60717261218886	0.168	0.029	3.22741551985423e-61	chr1-107687879-107690153	1
1.71578577369458e-66	2.06718136971145	0.211	0.053	3.2821952379313e-61	chr1-220708948-220711883	1
2.01862815790897e-66	2.35412026156144	0.182	0.035	3.86151454839039e-61	chr1-179090422-179093145	1
1.43141523817388e-65	1.45032543509863	0.308	0.116	2.73821146571234e-60	chr1-236147386-236151687	1
3.60192382364004e-65	2.21111442029935	0.191	0.042	6.89026415919397e-60	chr1-218459252-218461022	1
9.26581936430529e-65	2.10417359398482	0.202	0.049	1.77249564947542e-59	chr18-34492553-34494485	1
2.58462081509175e-64	1.91001913519818	0.222	0.061	4.94422454202162e-59	chr6-52917843-52919965	1
5.41432071879358e-64	2.23231478775799	0.186	0.04	1.0357270675809e-58	chr17-74430078-74432770	1
1.79819554051912e-63	2.74470784471753	0.154	0.024	3.43984017728064e-58	chr5-171436503-171437943	1
1.80261570908e-63	2.43245200516392	0.171	0.033	3.4482956945275e-58	chr9-107748829-107751356	1
7.88848232668142e-63	1.77303381435077	0.233	0.069	1.5090193382002e-57	chr1-201494053-201496935	1
9.78525132276251e-63	2.00072151678622	0.204	0.052	1.87185986653653e-57	chr13-97221598-97226492	1
1.00066949400487e-62	1.92684009396154	0.213	0.057	1.91422070186168e-57	chr1-241615147-241616964	1
1.50412785520042e-62	1.42459115827147	0.304	0.116	2.87730633932709e-57	chr16-15575557-15578260	1
1.75863014732371e-62	1.40129395649702	0.306	0.118	3.36415395402143e-57	chr1-226675154-226678090	1
2.00929988562524e-62	1.1759668744455	0.381	0.175	3.84367012320796e-57	chr2-156331554-156335963	1
4.07255570560545e-62	2.22589005595169	0.18	0.038	7.7905547114809e-57	chr2-200376378-200379355	1
4.33228813692107e-62	2.47093865089457	0.164	0.03	8.2874072686418e-57	chr1-228829808-228831584	1
9.96349879240665e-62	1.28457609507018	0.34	0.146	1.90595753799464e-56	chr1-234530736-234535030	1
1.23486698287062e-61	1.96909463267133	0.202	0.051	2.36222644621252e-56	chr11-72012075-72016172	1
1.37975752147226e-61	2.54859329039012	0.162	0.03	2.63939335312515e-56	chr3-34145001-34147414	1
1.422609696502e-61	1.44391534980506	0.292	0.109	2.72136699282653e-56	chr1-234542045-234546269	1
3.70281779026358e-61	2.28671699223814	0.176	0.038	7.08326826370681e-56	chr4-153064315-153066010	1
1.52189589117029e-60	1.58294687834059	0.257	0.087	2.91129552605529e-55	chr16-67206218-67209682	1
1.75439833254542e-60	1.53326420204526	0.276	0.102	3.35605874625943e-55	chr1-234973347-234976032	1
7.05205119889298e-60	2.07819900399202	0.19	0.047	1.34901508204103e-54	chr19-29389030-29390351	1
9.22393212875165e-60	2.46136978841183	0.16	0.03	1.76448287263742e-54	chr10-132463437-132465222	1
9.65670899220485e-60	1.32403203645143	0.316	0.129	1.84727048995483e-54	chr1-46171016-46175661	1
2.04586035870364e-59	1.70455094993277	0.236	0.076	3.91360811457854e-54	chr1-225841774-225851818	1
3.50347743189153e-59	2.54510915397434	0.154	0.028	6.70194211856258e-54	chr1-117231407-117233179	1
7.9533581082989e-59	2.45615247874726	0.153	0.027	1.52142968596893e-53	chr12-109484710-109486050	1
2.57788927805712e-58	1.61011903333833	0.245	0.082	4.9313475155666e-53	chr4-140236827-140239182	1
2.60700662540484e-58	1.91199636285962	0.202	0.055	4.98704725400193e-53	chr1-118116179-118119565	1
3.01590259904992e-58	1.56937464391826	0.252	0.086	5.76924071782655e-53	chr1-210327916-210330279	1
3.52739251540964e-58	1.70145372552073	0.236	0.078	6.74769023842771e-53	chr1-223737327-223741426	1
4.73367388948604e-58	2.33663487434972	0.161	0.031	9.05523413015342e-53	chr4-48997436-48999004	1
1.07705123373541e-57	2.04290803588786	0.182	0.043	2.06033438706182e-52	chr12-110246680-110248868	1
1.3679683136525e-57	1.88635717458396	0.201	0.055	2.61684130591842e-52	chr17-72501227-72503382	1
1.38887763573756e-57	1.80812863901224	0.212	0.061	2.6568395845078e-52	chr5-68395701-68397329	1
2.03522183755273e-57	1.30557947295238	0.314	0.131	3.89325726192811e-52	chr1-180229005-180232419	1
2.07021249320223e-57	2.08898275468607	0.18	0.043	3.96019228674627e-52	chr1-230380537-230382398	1
3.46409833974509e-57	1.96158611394291	0.189	0.047	6.62661227803197e-52	chr16-82541574-82544831	1
4.11320490440157e-57	1.81025087747439	0.208	0.06	7.86831418982593e-52	chr10-44910660-44912204	1
5.5063157966702e-57	2.26222989348153	0.165	0.035	1.05332517400823e-51	chr18-36348545-36350680	1
5.66254089642447e-57	2.09937381198588	0.18	0.044	1.08321009824062e-51	chr1-219296134-219298396	1
5.73941920365412e-57	1.80131311355694	0.212	0.063	1.09791645714381e-51	chr1-181742285-181744853	1
5.93242050772678e-57	2.45160321639398	0.155	0.03	1.13483644860509e-51	chr10-80195928-80197453	1
3.33382015861057e-56	2.2879979793904	0.16	0.033	6.3773979342125e-51	chr9-89675229-89677153	1
4.2324886927793e-56	2.00943239558421	0.18	0.044	8.09649691996524e-51	chr6-17212389-17214238	1
7.02063552023334e-56	2.19518575979736	0.165	0.036	1.34300545120752e-50	chr16-70750484-70752428	1
1.32951234318977e-55	2.06415741286371	0.182	0.046	2.54327734178144e-50	chr1-225823415-225827067	1
1.96662883166739e-55	1.6103992284731	0.231	0.075	3.76204295724981e-50	chr9-104810259-104812203	1
5.25299596726163e-55	2.38330059407776	0.156	0.033	1.00486661056135e-49	chr1-234261830-234263373	1
8.34844782703989e-55	2.14622676285921	0.165	0.037	1.59700797862577e-49	chr2-3348492-3349986	1
1.02946004514032e-54	1.95250643810773	0.187	0.05	1.96929529875072e-49	chr5-22648098-22650839	1
3.59036525248935e-54	1.61481748419586	0.23	0.078	6.86815330609699e-49	chr14-90507992-90511066	1
4.93837953745186e-54	2.16586482287682	0.164	0.037	9.44682375237317e-49	chr1-37604956-37606804	1
5.78741753037841e-54	1.63146466199518	0.228	0.076	1.10709824905621e-48	chr1-11483656-11486656	1
6.84987371428782e-54	1.4249737728095	0.263	0.098	1.31033974230097e-48	chr1-68495367-68497909	1
1.95356400778923e-53	1.79168628575959	0.201	0.059	3.73705073306033e-48	chr10-79259936-79262415	1
5.11994511730023e-53	1.62721279646239	0.222	0.074	9.7941478126883e-48	chr8-135513919-135516615	1
6.24464317649932e-53	2.31188108568862	0.15	0.031	1.19456277180526e-47	chr1-201500245-201502953	1
2.86073346411862e-52	1.33150235608981	0.276	0.109	5.47241147285108e-47	chr1-226813792-226815933	1
3.56810180049385e-52	2.19907354060451	0.156	0.034	6.82556465823671e-47	chr2-118122670-118124835	1
4.74777960288716e-52	2.23877061126977	0.154	0.034	9.08221751354696e-47	chr16-75238014-75241427	1
5.97314687604928e-52	1.63453957862461	0.219	0.073	1.14262715850697e-46	chr10-104304580-104306876	1
2.51381789072524e-51	1.93877110908645	0.176	0.047	4.80878279588394e-46	chr8-127052166-127054286	1
6.31157102989655e-51	1.39000082428488	0.259	0.101	1.20736566859303e-45	chr1-225879600-225883670	1
1.320251278139e-50	1.96393857560879	0.173	0.046	2.52556148000322e-45	chr1-205352130-205355635	1
2.01467330714855e-50	1.82835991119493	0.186	0.053	3.85394915617674e-45	chr2-109690439-109692727	1
7.54841984398091e-50	1.66394832789312	0.202	0.063	1.44396742563449e-44	chr12-26124581-26127021	1
9.26823127968761e-50	1.69627504972895	0.195	0.059	1.77295703441656e-44	chr9-122374770-122377382	1
9.55865841091849e-50	0.528595677182351	0.729	0.578	1.82851400205824e-44	chr1-234598963-234614380	1
1.10434210584061e-49	2.06016387442024	0.156	0.036	2.11254018794673e-44	chr12-87439514-87441006	1
1.88379731449577e-49	1.41872675879462	0.25	0.097	3.60359123479154e-44	chr1-168803174-168804619	1
2.59637942849916e-49	1.7815775953333	0.19	0.057	4.96671806395318e-44	chr1-107571407-107574152	1
3.8914988446376e-49	0.781173307395428	0.539	0.359	7.44420379986105e-44	chr19-12994906-13019374	1
4.90128261622348e-49	1.18647307338194	0.305	0.135	9.37585956787855e-44	chr1-206711904-206715594	1
6.35975179150196e-49	2.090684540684	0.155	0.037	1.21658235920358e-43	chr1-76121453-76122900	1
8.02845891460871e-49	1.83911862313393	0.184	0.055	1.53579601961116e-43	chr7-74464700-74468163	1
8.42951490848196e-49	1.99133703426636	0.167	0.044	1.61251562490315e-43	chr1-220390781-220392200	1
1.14178887903217e-48	1.87007673913995	0.173	0.048	2.1841736182558e-43	chr1-1328317-1335089	1
1.18341711583865e-48	2.08742194981344	0.158	0.039	2.2638059375724e-43	chr16-64477837-64479311	1
2.58182750276179e-48	1.22129749984303	0.296	0.132	4.93888110313314e-43	chr1-211541330-211543818	1
2.96446228394398e-48	1.3664481114957	0.25	0.096	5.67083848144779e-43	chr1-7571949-7575158	1
3.91833511157076e-48	1.62391660118677	0.203	0.066	7.49553996832817e-43	chr6-53011570-53014451	1
6.84013606168583e-48	1.99398556646903	0.16	0.041	1.30847698778413e-42	chr10-46546263-46547434	1
8.41183317642402e-48	1.72778561744122	0.188	0.057	1.60913321565086e-42	chr7-151246830-151250302	1
2.21711087662892e-47	2.03001249507463	0.153	0.037	4.24120008033852e-42	chr20-6707142-6709360	1
2.33094570511809e-47	1.91127678854498	0.166	0.044	4.45895927714859e-42	chr1-107625443-107627445	1
2.35661010724592e-47	1.90384952012586	0.168	0.046	4.50805373855502e-42	chr3-50264407-50272095	1
1.10458285870744e-46	1.82053157465597	0.175	0.051	2.11300073373581e-41	chr1-230823925-230826300	1
3.5606843351348e-46	1.79950410252725	0.173	0.05	6.81137549205276e-41	chr5-134058543-134060258	1
1.2080621816165e-45	1.67878909664021	0.185	0.058	2.31095046970146e-40	chr16-58031050-58033803	1
1.83213473509092e-45	1.42950731410164	0.22	0.08	3.50476382014483e-40	chr1-168750762-168753057	1
2.37894875053974e-45	1.92158824853294	0.158	0.043	4.55078622285749e-40	chr10-117391178-117393210	1
7.24823146383294e-45	1.3190744663029	0.244	0.097	1.38654318964246e-39	chr3-11476947-11482250	1
9.4464770212684e-45	1.16026729518062	0.286	0.127	1.80705437530652e-39	chr9-117399732-117402297	1
9.94684614144086e-45	1.31864276931736	0.24	0.094	1.90277198578079e-39	chr1-16622757-16625343	1
1.67609419928746e-44	1.27983339933566	0.253	0.105	3.20626763758496e-39	chr1-212146611-212148332	1
4.94268737802359e-44	1.75423587042315	0.173	0.054	9.45506439291645e-39	chr10-69684053-69686951	1
7.59609892202908e-44	1.4845001630032	0.201	0.069	1.45308814719063e-38	chr1-235078548-235080508	1
7.9095270867669e-44	1.05196847087257	0.319	0.154	1.51304507453599e-38	chr1-206555236-206560716	1
1.21415782083281e-43	0.836888657083566	0.44	0.256	2.32261106178391e-38	chr1-226132433-226136239	1
1.41891884833035e-43	1.29919454535635	0.241	0.097	2.71430662172506e-38	chr4-105551678-105553833	1
2.0182334459924e-43	0.788031882074364	0.474	0.289	3.86075948817671e-38	chr6-63570154-63574856	1
2.49941897608008e-43	1.49161114751467	0.202	0.071	4.78123853610262e-38	chr1-150980947-150982928	1
2.98084445591882e-43	0.854747721756257	0.422	0.242	5.70217659350534e-38	chr16-75249763-75255644	1
4.66626331143221e-43	1.49263598270612	0.204	0.074	8.92628173897113e-38	chr3-111737179-111740270	1
8.40628159146564e-43	1.10094702762934	0.298	0.139	1.60807123075783e-37	chr9-113564329-113567190	1
1.61345599674653e-42	1.34161239929409	0.223	0.086	3.0864445144163e-37	chr16-2081596-2083047	1
4.06763255919301e-42	1.3698993455279	0.226	0.09	7.78113702778267e-37	chr6-44252153-44258236	1
6.29580741839551e-42	1.12159274296682	0.282	0.129	1.20435018429455e-36	chr14-38866039-38870081	1
7.93068576311486e-42	1.66243787036429	0.174	0.056	1.5170926023693e-36	chr8-101231592-101234590	1
9.77486487986336e-42	1.41194332034425	0.213	0.081	1.86987300232858e-36	chr1-184024648-184025955	1
1.33327445477037e-41	1.06548370685776	0.304	0.147	2.55047403550842e-36	chr1-227945111-227948967	1
2.09505382513597e-41	1.57753103903859	0.18	0.06	4.0077122642556e-36	chr1-218379934-218381317	1
2.21389477599622e-41	1.40860644243124	0.21	0.08	4.23504787279421e-36	chr13-80339744-80342001	1
2.3422351264755e-41	1.46015530646184	0.203	0.075	4.48055526284003e-36	chr14-35335230-35337713	1
2.41686545710199e-41	1.06930393568614	0.293	0.136	4.62331860750869e-36	chr1-234996875-234998910	1
3.78330187593476e-41	1.70188285763428	0.165	0.051	7.23722949055063e-36	chr12-131455837-131457635	1
6.79328274819524e-41	1.85419450219363	0.152	0.043	1.29951423003326e-35	chr1-167697315-167698732	1
1.00669816414974e-40	1.80313876794507	0.156	0.046	1.9257531861286e-35	chr8-108759872-108761141	1
1.19205962901132e-40	1.31762834547553	0.23	0.095	2.28033854672091e-35	chr3-56810779-56814153	1
1.52005065346077e-40	1.49377334129444	0.19	0.067	2.90776569703124e-35	chr1-107592321-107595124	1
2.24900305770313e-40	1.04316044814879	0.318	0.165	4.30220790920262e-35	chr1-236141000-236145578	1
2.76413957365425e-40	1.50949125818303	0.187	0.066	5.28763315602617e-35	chr16-70714558-70716839	1
3.05393435654474e-40	1.38763742063829	0.21	0.081	5.8419931880087e-35	chr6-38974332-38976391	1
6.93988317643571e-40	1.58446914269372	0.172	0.056	1.32755801235309e-34	chr13-113000901-113002677	1
7.10053720091635e-40	1.3855222728741	0.208	0.081	1.35829016331209e-34	chr12-124827526-124829694	1
8.94599325524407e-40	1.1866482664446	0.255	0.114	1.71131483376866e-34	chr1-229269538-229272867	1
9.56974039906898e-40	1.63917984672705	0.169	0.055	1.8306339198995e-34	chr1-213153346-213155265	1
1.0986371553409e-39	1.19303495974083	0.247	0.106	2.10162695993782e-34	chr12-123061823-123065003	1
1.19196400746345e-39	1.21005877550656	0.245	0.106	2.28015562843714e-34	chr6-73460833-73463303	1
1.31128404193892e-39	1.31450929301257	0.212	0.082	2.50840769518664e-34	chr8-66521567-66523806	1
1.55315221976478e-39	1.1894075040065	0.253	0.113	2.97108700727684e-34	chr1-226669828-226673024	1
1.80466855962199e-39	1.62914583295418	0.17	0.056	3.45222267444329e-34	chr1-164611422-164613839	1
3.11418896247372e-39	1.45621908703289	0.189	0.068	5.95725663387447e-34	chr7-55515358-55516880	1
5.40380626000645e-39	1.21764968503776	0.24	0.103	1.03371571470167e-33	chr1-214215611-214217641	1
6.93012776018124e-39	1.73314078687122	0.153	0.046	1.32569185975611e-33	chr3-136783253-136784463	1
7.38251164722248e-39	0.842714056092794	0.384	0.216	1.41223018304378e-33	chr6-85671969-85680735	1
1.63362961832582e-38	1.72310486836935	0.155	0.048	3.1250354420802e-33	chr5-31935641-31937058	1
2.50498395615319e-38	1.34170085280967	0.205	0.079	4.79188400908369e-33	chr5-2200162-2201544	1
2.7238061387702e-38	1.24759306840048	0.224	0.093	5.21047771509906e-33	chr1-206469402-206471448	1
3.16316452616304e-38	1.73441768368403	0.152	0.047	6.05094394867833e-33	chr22-37500866-37503073	1
3.84358951608464e-38	1.29294194481902	0.225	0.095	7.35255612889896e-33	chr1-209652527-209654458	1
6.58157975417848e-38	1.62753952214574	0.166	0.056	1.25901671749582e-32	chr17-10797559-10801029	1
6.73829292599232e-38	1.27722687394246	0.218	0.089	1.28899500698477e-32	chr1-201373784-201382780	1
7.49331870792563e-38	1.60942165506011	0.162	0.053	1.43342690891392e-32	chr10-79423973-79425424	1
8.05474886045942e-38	1.26363463555346	0.23	0.099	1.54082512851273e-32	chr3-30904107-30906343	1
9.35951972676808e-38	1.05557269260224	0.286	0.141	1.79041996661237e-32	chr16-75108647-75112094	1
9.75397263315198e-38	1.20358501130504	0.233	0.099	1.86587644088618e-32	chr2-104754701-104756414	1
1.0562634354927e-37	0.980655609902144	0.306	0.155	2.0205685762914e-32	chr7-27344477-27348170	1
1.49264757468997e-37	1.42994473343807	0.189	0.071	2.85534525152742e-32	chr3-155736359-155738778	1
1.58285247729513e-37	1.35806023875767	0.197	0.075	3.02790181791694e-32	chr11-131895760-131898472	1
1.72067863182011e-37	1.0887373462348	0.27	0.129	3.29155498195395e-32	chr1-94068211-94070712	1
2.33169953383574e-37	1.20537491070567	0.234	0.102	4.46040130625573e-32	chr1-181117145-181118569	1
2.78578794862611e-37	1.59114426355984	0.164	0.055	5.32904519844482e-32	chr1-229891128-229893585	1
2.99933344463111e-37	0.998200858140964	0.291	0.142	5.73754491957263e-32	chr17-75556711-75560476	1
3.206405909865e-37	1.50175613682716	0.176	0.063	6.13366212121714e-32	chr1-168905571-168907965	1
5.77436165446101e-37	0.938816086108322	0.328	0.176	1.10460073832846e-31	chr5-68286073-68292841	1
1.06093154821631e-36	1.21562834735616	0.224	0.094	2.02949839584491e-31	chr3-11600130-11603273	1
1.55240659245708e-36	1.09826288029209	0.264	0.127	2.96966066697486e-31	chr1-45566439-45570532	1
1.83229116130972e-36	1.27421670642136	0.21	0.085	3.50506305411581e-31	chr1-236398285-236400676	1
3.73701024558728e-36	1.44765261444976	0.18	0.067	7.14867637919373e-31	chr8-134743361-134744630	1
3.76633960640873e-36	1.15036838389798	0.244	0.111	7.20478168668352e-31	chr1-200477233-200478652	1
6.87867266688804e-36	1.32955456530879	0.195	0.076	1.31584880913968e-30	chr1-32195002-32201411	1
7.48453575150846e-36	0.905867237338567	0.328	0.174	1.43174678204906e-30	chr10-132417989-132422232	1
7.56684259353963e-36	1.38974857699634	0.184	0.069	1.44749158708857e-30	chr14-38329080-38330601	1
1.52754676567019e-35	1.37763036649485	0.192	0.076	2.92210530992113e-30	chr1-202045716-202047732	1
2.48309234750059e-35	1.555247894827	0.159	0.054	4.75000667522777e-30	chr3-107981210-107982465	1
5.08336370497943e-35	1.3323003685549	0.194	0.077	9.72416976580336e-30	chr1-202056444-202057810	1
6.26589165788934e-35	1.16317380301086	0.236	0.108	1.19862747880428e-29	chr9-38031319-38033324	1
6.40075216794014e-35	1.18034051598539	0.217	0.092	1.22442548521394e-29	chr9-19550132-19553824	1
1.1132001888248e-34	0.968338266780614	0.287	0.144	2.12948516921051e-29	chr8-96493111-96495971	1
2.41943179267231e-34	1.06244339956424	0.258	0.124	4.62822785347456e-29	chr1-107737718-107740203	1
2.97791230540863e-34	0.741956705776467	0.415	0.26	5.69656756550839e-29	chr1-244833765-244842498	1
5.49883325158062e-34	1.33932617145971	0.188	0.075	1.05189380802786e-28	chr14-103126595-103129776	1
6.44254315652886e-34	1.53987110590867	0.157	0.055	1.23241985058503e-28	chr8-140276019-140277312	1
7.00624299489281e-34	1.41432354945748	0.172	0.063	1.34025224746502e-28	chr1-220299961-220301267	1
7.44957609035154e-34	1.47269561569627	0.16	0.056	1.42505920862771e-28	chr18-79933676-79935212	1
8.83737886133292e-34	1.26762963526538	0.198	0.083	1.69053755189982e-28	chr18-21183364-21185323	1
1.94477401274602e-33	1.29009699351487	0.195	0.081	3.72023599994237e-28	chr1-202034270-202035696	1
2.14674577049066e-33	0.96897220810285	0.281	0.144	4.10659585420241e-28	chr19-1097650-1099960	1
3.32346288079948e-33	0.856060668728417	0.342	0.195	6.35758508319655e-28	chr15-63500566-63507079	1
3.84590262199409e-33	1.17316157860646	0.214	0.093	7.35698096171738e-28	chr1-6958484-6961184	1
4.46412458789018e-33	0.840876112182062	0.336	0.187	8.53960248915865e-28	chr6-82246292-82248838	1
5.53294080427659e-33	0.994403388625564	0.264	0.13	1.05841837821329e-27	chr5-91125543-91129038	1
6.40678016889637e-33	1.18704242473197	0.211	0.092	1.22557860562886e-27	chr1-76751041-76753580	1
7.42941783746063e-33	1.40887041482113	0.162	0.059	1.42120305579919e-27	chr12-120100127-120103062	1
1.58575687874988e-32	0.811611766267898	0.357	0.207	3.03345776363579e-27	chr1-201395879-201401412	1
1.93533226572911e-32	1.0789478658835	0.239	0.112	3.70217450440384e-27	chr11-6566303-6569338	1
1.99517314466333e-32	1.28494505783194	0.19	0.078	3.81664651535227e-27	chr1-16947535-16949515	1
2.22472945772707e-32	1.34263079721778	0.176	0.069	4.25577396886442e-27	chr1-219554942-219556537	1
3.60610401112613e-32	1.41792771398478	0.164	0.061	6.89826060704362e-27	chr2-189540570-189542840	1
5.07263909327023e-32	0.868181166375368	0.322	0.179	9.70365422708036e-27	chr6-3375574-3384189	1
5.84175101111828e-32	1.23296583424144	0.194	0.082	1.11749191792086e-26	chr10-93465533-93467037	1
5.88985438411628e-32	0.804533350305863	0.347	0.198	1.12669380455514e-26	chr2-2660738-2664385	1
7.40588342643481e-32	1.33504868925265	0.178	0.072	1.41670106417642e-26	chr1-1343391-1346537	1
1.57496157558841e-31	1.49511741409269	0.155	0.057	3.0128069964061e-26	chr14-68191363-68192601	1
2.03537346816375e-31	0.929772939479974	0.279	0.144	3.89354732218917e-26	chr8-101391518-101394336	1
2.07317764072331e-31	1.42356842911041	0.156	0.057	3.96586443604525e-26	chr20-58610879-58613063	1
2.36683231237941e-31	1.09332670246248	0.224	0.104	4.52760820364307e-26	chr11-134033351-134035782	1
3.40104795007001e-31	0.890235106224178	0.308	0.17	6.50600066560693e-26	chr1-119765148-119769670	1
3.91504741968855e-31	0.976508945240833	0.263	0.134	7.48925081101902e-26	chr1-5597046-5599160	1
4.30925946242454e-31	1.23658303296804	0.187	0.078	8.2433547960504e-26	chr7-73821992-73823738	1
6.97931476321211e-31	0.939303753194394	0.279	0.148	1.3351010383139e-25	chr1-911121-922402	1
9.72101430957078e-31	1.3576625446927	0.163	0.062	1.85957171133503e-25	chr6-47459805-47461077	1
1.03742823960864e-30	0.921032607478103	0.28	0.147	1.98453797667696e-25	chr14-105465424-105469880	1
1.12847155371876e-30	0.848853936047721	0.312	0.172	2.15869837397076e-25	chr10-132516260-132520947	1
2.1199617400786e-30	1.2461228778101	0.184	0.078	4.05535961106596e-25	chr6-75600655-75603944	1
3.03970278313038e-30	1.09113436919015	0.225	0.108	5.81476904196144e-25	chr12-70643352-70646472	1
3.05018372098847e-30	1.25278977684179	0.183	0.077	5.83481844722768e-25	chr3-15101598-15103610	1
3.17041440215673e-30	1.34010414282706	0.171	0.069	6.0648125264617e-25	chr2-101237747-101241116	1
3.3393829067505e-30	1.16995652888994	0.194	0.084	6.38803913763931e-25	chr7-2477357-2479591	1
3.8045183510755e-30	1.20235837788231	0.19	0.082	7.27781533450636e-25	chr1-222681539-222686760	1
4.34965063224608e-30	1.04860418838958	0.234	0.114	8.32062068044882e-25	chr1-230863079-230864702	1
4.75236837949487e-30	1.34182622712313	0.166	0.066	9.09099556787091e-25	chr1-245298112-245299441	1
5.61498425978008e-30	0.528845285641338	0.573	0.43	1.07411279899037e-24	chr1-209800538-209807170	1
6.89697747402498e-30	1.30152828965615	0.176	0.073	1.31935040891613e-24	chr8-109602505-109605380	1
1.01847401213382e-29	1.23475450424345	0.177	0.072	1.94827967677128e-24	chr1-31170395-31171450	1
1.05548226429468e-29	1.39003359280986	0.154	0.058	2.01907424265986e-24	chr2-100290641-100292699	1
1.52310732651587e-29	1.05939413282708	0.22	0.105	2.91361292918526e-24	chr1-159867115-159868558	1
2.01603528716616e-29	0.95705588127666	0.26	0.135	3.85655454223163e-24	chr1-227727533-227732315	1
2.17150347056813e-29	0.841274229400933	0.302	0.167	4.15395584898859e-24	chr6-75242352-75244784	1
2.63242018934858e-29	1.12443988941596	0.205	0.094	5.03566187701247e-24	chr19-1393746-1396957	1
2.84402187862998e-29	1.31092471774699	0.168	0.068	5.44044321250643e-24	chr1-205542990-205544326	1
3.06380838412717e-29	1.23945791131378	0.181	0.077	5.86088161033223e-24	chr10-5546481-5549304	1
4.20062865890921e-29	1.08225902908593	0.21	0.097	8.03555058677378e-24	chr7-30172357-30174082	1
4.61240152381663e-29	0.971642106985249	0.241	0.119	8.82324737096978e-24	chr1-233613289-233616304	1
4.99808945944978e-29	0.962310600027723	0.252	0.13	9.56104525055986e-24	chr1-10673385-10678311	1
7.02621045481416e-29	1.00673197168046	0.237	0.118	1.34407190274322e-23	chr1-3794845-3797523	1
7.08943079995679e-29	1.33859345623426	0.161	0.064	1.35616557544693e-23	chr9-105064029-105065870	1
7.53599077668421e-29	1.38919904850395	0.155	0.061	1.44158981963503e-23	chr6-170224580-170226800	1
8.76393455212455e-29	0.619822922877675	0.449	0.293	1.67648809621411e-23	chr6-85640857-85645272	1
1.43925248159145e-28	0.720912307614084	0.369	0.225	2.75320364213554e-23	chr6-85592737-85595182	1
1.95297891739247e-28	1.25099782595158	0.172	0.072	3.73593149023676e-23	chr3-73520587-73521785	1
2.71071657592811e-28	0.84566456015098	0.28	0.15	5.18543816675592e-23	chr1-46516081-46517953	1
3.67181504516122e-28	1.20399524009205	0.175	0.073	7.02396187249071e-23	chr9-7327979-7329173	1
3.69836558679595e-28	0.910047204884534	0.267	0.143	7.07475146560544e-23	chr9-34072115-34074753	1
4.27141218640806e-28	1.2985258859359	0.16	0.064	8.17095522786744e-23	chr2-119240187-119241775	1
4.44504838096717e-28	1.07041423603406	0.208	0.098	8.50311084988734e-23	chr1-45348010-45350070	1
7.57873228595796e-28	1.24447978531999	0.161	0.065	1.44976601391004e-22	chr7-34747422-34749052	1
8.16492720809559e-28	1.33210459391378	0.156	0.063	1.56190158534544e-22	chr6-84026317-84028492	1
9.24837900677557e-28	0.824061612070218	0.306	0.175	1.76915941372212e-22	chr7-55963922-55967588	1
9.81953889949687e-28	1.0331052404129	0.216	0.105	1.87841887424035e-22	chr7-151875044-151877950	1
1.13383085177783e-27	0.819473426348369	0.304	0.172	2.16895038959987e-22	chr6-53064380-53069206	1
1.23632335531331e-27	1.17399083464654	0.186	0.084	2.36501239931305e-22	chr5-149149853-149153022	1
1.25392950963711e-27	1.09619245876947	0.195	0.089	2.3986919161652e-22	chr12-52906847-52908840	1
1.71107957797798e-27	0.676287802301054	0.382	0.239	3.27319256789719e-22	chr1-247330460-247337703	1
2.26174052702246e-27	1.11197391698572	0.194	0.089	4.32657392376234e-22	chr8-132674791-132677601	1
3.22214891554228e-27	1.36398866754812	0.152	0.06	6.16377754649745e-22	chr1-172975967-172977720	1
3.83975438710402e-27	1.22338510103136	0.169	0.072	7.34521975726677e-22	chr20-50761298-50764592	1
3.90219201904581e-27	0.976486065323604	0.222	0.109	7.4646592009135e-22	chr8-85106419-85108314	1
4.47174318505466e-27	0.955498844035729	0.237	0.12	8.55417640841846e-22	chr1-54015860-54017109	1
4.88109774402433e-27	0.790989350237719	0.312	0.18	9.33724711845391e-22	chr1-183804136-183806649	1
5.23119744043217e-27	0.871974320366197	0.26	0.136	1.00069668317003e-21	chr1-184789957-184794743	1
5.7704095378665e-27	1.16809926386495	0.176	0.076	1.10384472213663e-21	chr6-43798472-43801211	1
5.91782497094278e-27	1.14955970213543	0.186	0.084	1.13204440999153e-21	chr12-101617945-101620958	1
7.58810037842045e-27	1.18483140689825	0.173	0.075	1.45155807378956e-21	chr8-143983779-143987057	1
8.50719869229e-27	1.11301395447503	0.188	0.085	1.62737606664292e-21	chr1-168919940-168921513	1
9.04771994963277e-27	0.898099620732511	0.254	0.134	1.73077454004505e-21	chr1-228099259-228105593	1
1.01621711983966e-26	0.801362745839361	0.292	0.163	1.94396237722608e-21	chr6-5456904-5458997	1
1.13468732312973e-26	1.27468789077858	0.163	0.069	2.17058876790778e-21	chr6-41577633-41579450	1
1.56238652392685e-26	1.03285063115645	0.211	0.103	2.98875167708063e-21	chr10-73885966-73889511	1
2.06843905156048e-26	1.22110468141953	0.167	0.072	3.9567997992921e-21	chr12-91817132-91819567	1
3.42152260247599e-26	0.942076469694631	0.242	0.127	6.54516744718042e-21	chr1-217088997-217090748	1
3.8062496218674e-26	0.861955393259162	0.258	0.137	7.28112715165502e-21	chr4-6687731-6690611	1
4.11117189977256e-26	0.979359034042089	0.228	0.119	7.86442517395093e-21	chr3-177357167-177360933	1
4.14821915806072e-26	0.996908523648059	0.213	0.105	7.93529435622067e-21	chr1-115713114-115715481	1
4.34160412246974e-26	0.914102855724939	0.246	0.131	8.30522819003726e-21	chr6-128519383-128521527	1
5.9336084770046e-26	1.20151991076473	0.167	0.072	1.13506370000012e-20	chr7-98616717-98620577	1
6.49738720173051e-26	0.961305834475606	0.232	0.12	1.24291118736784e-20	chr5-179912131-179914776	1
6.56291297897286e-26	1.2169431436446	0.153	0.062	1.25544587539963e-20	chr15-41876415-41878845	1
7.28967102331368e-26	0.952060424613005	0.23	0.119	1.39447032873377e-20	chr1-182788503-182790425	1
8.50213750548857e-26	0.780069244158735	0.313	0.188	1.62640789197493e-20	chr1-235864993-235868151	1
1.06258216874102e-25	1.13314812359661	0.176	0.079	2.03265593387144e-20	chr6-33730793-33733218	1
1.44221108144328e-25	1.05584834799636	0.198	0.095	2.75886326613611e-20	chr16-85514173-85516506	1
1.49298399989779e-25	1.23034273081632	0.154	0.064	2.85598881276447e-20	chr5-35213377-35214827	1
1.56455586975536e-25	1.00116461535419	0.215	0.108	2.99290150548983e-20	chr12-132621939-132624401	1
2.20087623600077e-25	1.00515558255078	0.202	0.098	4.21014418689531e-20	chr1-210051866-210052858	1
2.23769478372135e-25	1.15547952529862	0.17	0.075	4.28057585957192e-20	chr12-93019455-93021047	1
2.25361185077824e-25	1.20785512974834	0.16	0.069	4.31102425382772e-20	chr10-79410705-79412447	1
2.38309306020743e-25	1.09770945198673	0.18	0.082	4.55871403859321e-20	chr3-146160079-146162100	1
2.76241429503814e-25	1.18338441680139	0.164	0.072	5.28433280155026e-20	chr1-30461167-30462694	1
3.93558077362488e-25	0.85423761049361	0.268	0.152	7.52852988509797e-20	chr5-140321394-140324835	1
4.58699167231341e-25	0.922049457091447	0.235	0.124	8.77463984963522e-20	chr1-245257790-245261098	1
4.9896930326651e-25	1.11756809251936	0.182	0.085	9.54498338990638e-20	chr20-51749594-51751009	1
1.19276335793608e-24	0.397212273191447	0.681	0.58	2.28168473793024e-19	chr1-202007172-202019760	1
1.33985146744984e-24	0.772519617747873	0.285	0.163	2.5630554661435e-19	chr1-209822066-209824501	1
2.45054281896713e-24	1.0238948963536	0.19	0.091	4.68774138011499e-19	chr6-113994703-113996215	1
2.55293838190825e-24	1.22422856433928	0.153	0.066	4.88361794828757e-19	chr12-6612573-6614629	1
3.05085559856352e-24	1.10765711394326	0.169	0.076	5.83610370871611e-19	chr12-12313720-12314626	1
3.42638532205549e-24	0.86627501508134	0.251	0.139	6.55446953797284e-19	chr8-102107338-102109287	1
3.50478475681212e-24	0.780783649415457	0.271	0.152	6.70444295269617e-19	chr1-206520082-206522539	1
3.7580148707189e-24	1.0535986194274	0.188	0.091	7.18885696679302e-19	chr1-70751532-70753423	1
3.82487745637194e-24	1.07250338229959	0.177	0.082	7.31676108139214e-19	chr4-72567368-72570480	1
4.07831731132509e-24	1.23499166503444	0.15	0.064	7.80157631752622e-19	chr17-2023554-2026475	1
4.58038529746394e-24	0.629801426312899	0.395	0.26	8.76200225093066e-19	chr1-180501413-180503859	1
4.89136970590724e-24	0.881450368977362	0.237	0.127	9.3568967652182e-19	chr1-184482751-184485356	1
5.26409114643106e-24	1.16549272828296	0.16	0.071	1.00698905176538e-18	chr1-111044975-111045982	1
6.51671885362512e-24	1.21039704616024	0.153	0.066	1.24660921638536e-18	chr10-76920295-76923598	1
6.70714330312293e-24	1.00607931914931	0.19	0.091	1.2830362710276e-18	chr7-101153905-101158015	1
7.04753581758019e-24	1.09771739260771	0.18	0.085	1.34815131668818e-18	chr1-112698387-112702097	1
7.97135976572913e-24	1.10437483931244	0.17	0.078	1.52487329502539e-18	chr8-140096492-140097589	1
1.41912496737196e-23	1.0293167451799	0.183	0.087	2.71470091508452e-18	chr1-156851504-156853396	1
1.63165112328429e-23	1.06277118917765	0.181	0.086	3.12125069977545e-18	chr12-111993121-111995418	1
1.68583576164513e-23	1.06683982116954	0.173	0.08	3.22490266188144e-18	chr8-127061777-127063179	1
1.73372591434663e-23	0.745965099869306	0.298	0.178	3.31651365059025e-18	chr1-161116976-161120425	1
1.76616101591368e-23	1.06723149815228	0.179	0.085	3.37856005378191e-18	chr10-11874259-11876652	1
1.827376947291e-23	1.13392665294412	0.154	0.067	3.49566245755084e-18	chr10-19930848-19932295	1
2.68947010812923e-23	0.904948923992368	0.214	0.11	5.14479494864472e-18	chr10-5465758-5467523	1
2.86956952473269e-23	1.10516458853668	0.165	0.075	5.48931432664215e-18	chr1-223732427-223734983	1
2.99908822200007e-23	0.796258620324	0.274	0.16	5.73707582339281e-18	chr10-32980041-32982336	1
3.00296172794693e-23	1.0652489163726	0.172	0.08	5.74448560785881e-18	chr16-52724885-52726381	1
3.02603852613007e-23	0.875193791198048	0.23	0.123	5.78863013817526e-18	chr6-63635066-63637238	1
3.24307289176131e-23	0.829890464085735	0.244	0.133	6.20380385756589e-18	chr10-7232988-7234538	1
3.35829854172369e-23	1.10008263707093	0.164	0.074	6.42422361240491e-18	chr1-59921129-59922969	1
3.8116219824288e-23	0.805685100298465	0.257	0.144	7.29140415506735e-18	chr2-200746072-200749138	1
4.19850640432759e-23	0.663389805086294	0.341	0.213	8.03149084109443e-18	chr6-75746014-75750917	1
5.08369841008498e-23	0.962945380160895	0.198	0.1	9.72481003658796e-18	chr1-109180642-109182282	1
5.53213232668899e-23	1.16880548554258	0.151	0.065	1.05826372130164e-17	chr3-194002694-194004173	1
5.59039454078385e-23	0.796051704933671	0.271	0.157	1.06940893328471e-17	chr1-9161254-9165945	1
5.73896389230547e-23	0.653167071638665	0.366	0.238	1.09782935881468e-17	chr2-20446624-20451574	1
6.18285960810809e-23	0.824043359772439	0.242	0.132	1.18274394587343e-17	chr2-156340372-156343820	1
6.56554604293169e-23	0.51494877553743	0.492	0.354	1.25594956473657e-17	chr1-211257029-211261667	1
8.48971231105084e-23	1.07968769283594	0.167	0.078	1.62403102683016e-17	chr9-136857685-136861332	1
8.55413910040674e-23	1.05728531751625	0.168	0.078	1.63635548507321e-17	chr4-76280855-76284401	1
8.69213515730463e-23	0.659617747073526	0.342	0.216	1.66275330278143e-17	chr1-236522233-236525228	1
1.03242529464742e-22	0.854826276397147	0.232	0.127	1.97496764314284e-17	chr1-226701743-226705079	1
1.19107777117614e-22	0.723975974138778	0.299	0.18	2.27846031159369e-17	chr3-174438372-174442610	1
1.21846006440794e-22	0.847827739395757	0.232	0.125	2.33084099560853e-17	chr15-69552987-69555296	1
1.24583037974275e-22	0.863844715357498	0.218	0.114	2.3831987666251e-17	chr7-151459321-151460976	1
1.27815768884745e-22	0.839862639795429	0.244	0.137	2.44503896930385e-17	chr5-139635643-139639277	1
2.35653844790713e-22	1.02705125571115	0.171	0.081	4.50791665853946e-17	chr1-116242395-116244470	1
2.66355334787295e-22	1.10027043900288	0.159	0.073	5.09521774128008e-17	chr1-107702305-107703937	1
3.04606250222839e-22	1.09848196295468	0.162	0.076	5.82693480301278e-17	chr9-2465708-2467317	1
3.20403846444999e-22	0.995067071923336	0.187	0.093	6.12913334018496e-17	chr1-12615085-12618580	1
3.21208006474557e-22	1.09571469675224	0.161	0.074	6.14451643905439e-17	chr19-39401966-39404391	1
3.49833974938845e-22	0.527181159232582	0.462	0.334	6.69211404019515e-17	chr1-174020283-174024338	1
4.24131179081188e-22	0.964086120731965	0.196	0.101	8.11337497711568e-17	chr6-40996149-40999951	1
4.38274310001104e-22	0.698211181312875	0.298	0.178	8.38392458573512e-17	chr8-109583418-109586885	1
4.69141003466865e-22	0.963827152316502	0.196	0.101	8.97438591171904e-17	chr1-190477356-190479970	1
4.85530541511026e-22	0.954488024511461	0.198	0.102	9.28790794078102e-17	chr1-208202561-208204547	1
4.91639277759499e-22	0.699839714828109	0.298	0.178	9.40476439997256e-17	chr8-127090084-127094235	1
5.50993922875974e-22	0.946937555794586	0.198	0.102	1.05401831482637e-16	chr1-204442683-204444155	1
5.85067462093383e-22	1.05481522007602	0.171	0.083	1.11919895093692e-16	chr1-168733994-168738259	1
6.04388176529402e-22	1.10256221153249	0.161	0.075	1.15615831841015e-16	chr3-150149194-150151054	1
7.34663143781505e-22	1.00310749182311	0.177	0.086	1.40536651426539e-16	chr5-139642577-139644603	1
8.0272753264351e-22	1.01975704064354	0.182	0.091	1.53556960629508e-16	chr9-93201005-93202795	1
8.19743022583184e-22	0.910619650995005	0.209	0.111	1.56811921762028e-16	chr1-67645417-67647810	1
1.12165343765323e-21	0.648909541537154	0.34	0.216	2.14565572702438e-16	chr6-53793236-53796773	1
1.33639250173233e-21	0.923022974811353	0.198	0.102	2.55643867226384e-16	chr5-44538339-44540008	1
1.41987256571875e-21	1.09700884869555	0.157	0.073	2.71613102586602e-16	chr11-47329277-47332107	1
1.42369925852435e-21	1.02374083267708	0.164	0.077	2.72345125960157e-16	chr5-158593079-158595680	1
2.49931572904955e-21	1.02756892859319	0.169	0.082	4.78104103072805e-16	chr20-767943-769270	1
2.57124318676433e-21	0.737994296306838	0.278	0.165	4.91863394168896e-16	chr14-23152753-23155921	1
2.67485203373288e-21	1.05818810173758	0.162	0.077	5.11683144940897e-16	chr2-172084324-172086002	1
3.2120432160057e-21	0.874994813629569	0.219	0.12	6.14444594962593e-16	chr9-109420507-109424116	1
3.3465679329284e-21	0.773277289583598	0.259	0.15	6.40178366161606e-16	chr16-87852952-87856896	1
5.16117009621201e-21	0.949362200655526	0.183	0.092	9.87300872384781e-16	chr7-70693474-70695657	1
6.13295549307872e-21	0.760016843198915	0.258	0.15	1.173197588093e-15	chr6-42745020-42749485	1
6.35077041840528e-21	0.89705341676861	0.203	0.108	1.21486427641842e-15	chr21-15729168-15733079	1
6.55778523223225e-21	1.04361723315118	0.162	0.077	1.25446496821464e-15	chr4-39541596-39544526	1
6.7474973353904e-21	0.99124883247663	0.172	0.085	1.29075575527617e-15	chr3-75502374-75504003	1
6.7713116076611e-21	0.86787802595508	0.22	0.121	1.29531128267592e-15	chr6-37514557-37517991	1
7.01460651543939e-21	0.591897925151084	0.37	0.246	1.34185213876446e-15	chr1-225921467-225925105	1
7.95680493923911e-21	1.08820425191655	0.152	0.071	1.52208904404681e-15	chr5-134568503-134570231	1
8.29386288314452e-21	0.82764461946581	0.22	0.12	1.58656620636825e-15	chr3-139533751-139536030	1
8.63458297084428e-21	0.792787280942224	0.25	0.148	1.65174391482469e-15	chrX-1379368-1389740	1
8.68478551082913e-21	0.693652169811693	0.294	0.181	1.66134735950855e-15	chr3-121228645-121233412	1
8.80003974705932e-21	0.937917432477618	0.183	0.092	1.68339480337397e-15	chr7-141287723-141289538	1
1.20567221950627e-20	0.596880257247692	0.366	0.241	2.30637861558232e-15	chr1-204492605-204495516	1
1.49698707135263e-20	0.693341520728588	0.293	0.179	2.8636464482733e-15	chr6-44245370-44249623	1
1.58242482694312e-20	0.921064776501175	0.188	0.096	3.02708374845257e-15	chr1-219173383-219175563	1
1.59012610818451e-20	0.678410949763156	0.298	0.184	3.04181583739048e-15	chr6-73652517-73655434	1
1.65058424899446e-20	0.686910152092834	0.29	0.176	3.15746863327147e-15	chr21-36186337-36189294	1
2.09202743612276e-20	0.969277707813522	0.177	0.089	4.00192296365667e-15	chr3-45966944-45968982	1
2.42287336905595e-20	1.01861082471672	0.16	0.076	4.6348113826019e-15	chr1-58814963-58817103	1
2.66958632551235e-20	0.984378500804335	0.171	0.084	5.10675846552559e-15	chr6-47477226-47479423	1
2.78767291940056e-20	0.894806536424722	0.205	0.112	5.33265103443811e-15	chr13-110506704-110508579	1
2.90156659785591e-20	1.0289502427043	0.162	0.078	5.55052280770249e-15	chr6-129500808-129502326	1
3.8496472637719e-20	0.880633337468828	0.201	0.108	7.36414423675981e-15	chr20-36480007-36482813	1
4.34779146749096e-20	0.83427400742958	0.213	0.118	8.31706420982216e-15	chr7-155916978-155919860	1
4.39629416885803e-20	0.906991958207542	0.19	0.1	8.40984696737527e-15	chr17-74767284-74773891	1
5.15015109688397e-20	0.928932262882492	0.176	0.089	9.85193003927323e-15	chr18-70132070-70133752	1
5.87212414819217e-20	0.698991751852547	0.286	0.178	1.12330211680427e-14	chr1-224453579-224455295	1
6.10945147133461e-20	0.943981460719993	0.182	0.094	1.16870140975748e-14	chr6-106910874-106914343	1
8.07939288242058e-20	0.561225366829543	0.378	0.255	1.54553938204976e-14	chr1-205563540-205566639	1
8.33306536450894e-20	0.556928932464211	0.388	0.266	1.59406540583837e-14	chr1-226121217-226125830	1
8.86370611918455e-20	0.789643697140944	0.229	0.13	1.69557379836329e-14	chr1-225874878-225876405	1
9.66336438368741e-20	0.805819777499119	0.231	0.133	1.8485436264131e-14	chr16-75263261-75267032	1
1.04839902839738e-19	0.78038176853663	0.232	0.132	2.00552443738249e-14	chr6-89078982-89084044	1
1.1865718467431e-19	0.99427151661594	0.163	0.08	2.26984074850874e-14	chr12-95942227-95943900	1
1.24800490555081e-19	0.795712785329635	0.232	0.133	2.38735850402436e-14	chr6-44236890-44238730	1
1.54467417748106e-19	0.919356841418292	0.176	0.09	2.95486902107061e-14	chr6-43515784-43518944	1
1.60051461157178e-19	0.981615163065192	0.163	0.08	3.06168842106013e-14	chr6-40163902-40165168	1
1.60417730648995e-19	1.02161813464681	0.158	0.077	3.06869493667688e-14	chr6-79630623-79632255	1
1.6772899655277e-19	0.66887938161546	0.297	0.186	3.20855506665655e-14	chr1-225809544-225814050	1
1.73650264440243e-19	0.914165117816074	0.19	0.102	3.32182536858318e-14	chr9-124657814-124659825	1
1.74512445177142e-19	0.970795822962093	0.168	0.084	3.33831836877162e-14	chr1-84271118-84273310	1
1.84167168525464e-19	0.980738354425301	0.166	0.083	3.523007433591e-14	chr16-2124005-2129096	1
1.85302863338772e-19	0.548710865081163	0.389	0.269	3.54473259395271e-14	chr8-143870999-143879158	1
1.91984075262795e-19	0.909336050386414	0.179	0.092	3.67254016933211e-14	chr2-135049720-135053235	1
2.0058192147776e-19	0.497587300477492	0.45	0.322	3.83701180871666e-14	chr1-248857175-248860279	1
2.07091314851702e-19	0.998520617538037	0.165	0.083	3.96153259832415e-14	chr1-95640472-95642622	1
2.10762211116598e-19	0.643017506555604	0.304	0.189	4.03175464133384e-14	chr1-1431568-1437431	1
2.56700319707678e-19	1.03841964366325	0.153	0.074	4.91052309581606e-14	chr17-12730418-12731803	1
2.94145667511082e-19	0.810489638766738	0.213	0.119	5.62683013208648e-14	chr1-179287247-179289616	1
3.112854610125e-19	0.726332516652438	0.247	0.144	5.95470409789251e-14	chr1-224328624-224331238	1
3.45386059950251e-19	1.05625960137407	0.151	0.073	6.60702809521233e-14	chr1-200090261-200092017	1
3.97872533660474e-19	0.939263295199348	0.176	0.091	7.61106284540466e-14	chr1-243487131-243489063	1
4.75598202713526e-19	1.01858465943727	0.156	0.076	9.09790825898813e-14	chr4-39446526-39449486	1
5.25419465829938e-19	0.679778820327761	0.273	0.166	1.00509591296472e-13	chr1-225425787-225429188	1
5.41984793138957e-19	0.935531224651538	0.17	0.087	1.03678439018724e-13	chr6-149840187-149841431	1
6.16736082914525e-19	0.902645379629984	0.18	0.094	1.17977912245051e-13	chr14-55101801-55104072	1
6.56815153475031e-19	0.834447491270816	0.196	0.106	1.25644797968853e-13	chr4-6749117-6752257	1
6.96373919520501e-19	0.842790012840161	0.192	0.102	1.33212152560755e-13	chr6-43246446-43247892	1
1.24525170876421e-18	1.02447226678683	0.152	0.075	2.38209180376342e-13	chr18-27040710-27043477	1
1.25767745614844e-18	0.940111645650936	0.168	0.086	2.40586151296459e-13	chr5-145981463-145982930	1
1.3250995121267e-18	0.807750093329426	0.226	0.132	2.53483586072764e-13	chr5-180828765-180833157	1
1.48277499657498e-18	1.00201815543072	0.152	0.074	2.83645960194814e-13	chr6-3825177-3826876	1
1.68270211370401e-18	0.844284300254569	0.19	0.103	3.21890818138894e-13	chr12-8037967-8039509	1
1.71661150993784e-18	0.655423581448277	0.291	0.186	3.2837748218205e-13	chr6-56540920-56543487	1
2.03977063953007e-18	0.724831366743016	0.234	0.136	3.90195884718266e-13	chr4-132343986-132345937	1
2.05484906634825e-18	0.56848760996107	0.343	0.226	3.93080297298023e-13	chr4-78055747-78060022	1
2.56841791651704e-18	0.795169935642591	0.209	0.117	4.91322936922211e-13	chr2-183123423-183126285	1
2.74020153829938e-18	0.79383375169039	0.208	0.117	5.24184113067441e-13	chr1-86104669-86105918	1
2.83303424798932e-18	0.746310510958706	0.219	0.124	5.4194245343487e-13	chr2-75152990-75155043	1
2.93363473969913e-18	0.978653681936484	0.154	0.076	5.61186723896005e-13	chr21-32278019-32280118	1
3.33963085143613e-18	0.900064680191262	0.178	0.095	6.38851344094623e-13	chr6-75848066-75850900	1
3.76650505863044e-18	0.708150125884286	0.25	0.151	7.20509818685651e-13	chr9-130444138-130448414	1
3.84039177599465e-18	0.849087548144099	0.182	0.096	7.3464390439712e-13	chr17-50690969-50693843	1
3.93447136695023e-18	0.757837340961869	0.242	0.148	7.52640765669377e-13	chr6-51472416-51474996	1
4.56954751516163e-18	0.633672211679003	0.278	0.173	8.74127022365329e-13	chr1-151830493-151833389	1
4.61112073334513e-18	0.808685008829088	0.205	0.116	8.82079729564522e-13	chr3-11508509-11510770	1
4.86749091094478e-18	0.950969821693667	0.16	0.081	9.31121806318271e-13	chr3-194984678-194985928	1
5.20918671597077e-18	0.780739230554429	0.213	0.122	9.96486163644912e-13	chr5-16893879-16895650	1
5.82373513354141e-18	0.66530920855685	0.266	0.165	1.11404558863567e-12	chr1-101024712-101026941	1
6.25031220117568e-18	0.581913736107634	0.339	0.226	1.1956472222117e-12	chr1-2522986-2528650	1
8.47704398567104e-18	0.567390237653131	0.347	0.235	1.62160765219496e-12	chr5-179817925-179834397	1
8.81955260278771e-18	0.870747959624926	0.173	0.091	1.68712749559767e-12	chr11-1302254-1304856	1
9.32199027972505e-18	0.73599832861648	0.225	0.131	1.78324080856972e-12	chr1-182588038-182589801	1
9.39438376941089e-18	0.799547629734249	0.199	0.11	1.79708924878569e-12	chr13-20566232-20568340	1
9.63567564954139e-18	0.914503083416084	0.164	0.085	1.84324693770337e-12	chr7-100022338-100024496	1
9.84603160426765e-18	0.62921185430416	0.29	0.185	1.88348676970678e-12	chr1-197200162-197202446	1
9.86826612717785e-18	0.669710394936119	0.267	0.165	1.88774010053236e-12	chr1-100036964-100039621	1
1.07409505576144e-17	0.564679250956829	0.343	0.23	2.05467939596829e-12	chr6-83429522-83433079	1
1.12247535467143e-17	0.7748629183137	0.206	0.116	2.14722800496517e-12	chr3-138113274-138116344	1
1.23618778108597e-17	0.812250394814533	0.194	0.107	2.3647530539506e-12	chr8-128027280-128028881	1
1.52287073234229e-17	0.936577080976893	0.164	0.086	2.91316033872687e-12	chr5-90908695-90912693	1
1.60752284407985e-17	0.904563470125092	0.164	0.086	3.0750947493541e-12	chr1-10679056-10683397	1
1.61493189666364e-17	0.390850586334441	0.557	0.439	3.08926782240374e-12	chr1-212605026-212611722	1
1.61640333275108e-17	0.920709604508872	0.162	0.084	3.09208259135285e-12	chr1-40267263-40268740	1
1.80335293858106e-17	0.987370401743198	0.152	0.077	3.44970597032925e-12	chr1-110003533-110008004	1
2.01501560609821e-17	0.921630414357837	0.166	0.087	3.85460395352952e-12	chr3-43417977-43419421	1
2.21002089048738e-17	0.750040379855677	0.212	0.123	4.22763736224892e-12	chr6-47308076-47310514	1
2.35136320329872e-17	0.799771663959121	0.195	0.108	4.49801672611825e-12	chr5-174720854-174726047	1
2.52563430551174e-17	0.850148496227445	0.193	0.11	4.83138688838562e-12	chr1-25817880-25822227	1
2.74179446119018e-17	0.767095117445927	0.208	0.12	5.24488829658914e-12	chr1-172358025-172361281	1
2.98075921903876e-17	0.806531998785001	0.202	0.116	5.702013540468e-12	chr7-69780245-69782231	1
3.00465669413006e-17	0.782732505162819	0.207	0.119	5.74772797646916e-12	chr1-206539744-206541389	1
3.02289824363728e-17	0.626928134593205	0.302	0.199	5.7826229661835e-12	chr5-32329070-32332344	1
3.05203133230832e-17	0.838551877327044	0.182	0.099	5.83835281682588e-12	chr1-18463988-18465285	1
3.31443624455909e-17	0.829770176806501	0.187	0.103	6.34031766966687e-12	chr12-7128339-7131597	1
3.41000019849932e-17	0.909325587076612	0.164	0.087	6.52312577971729e-12	chr1-210706320-210708937	1
3.53136735529278e-17	0.562308270111252	0.328	0.217	6.75529386863377e-12	chr1-204285612-204288733	1
3.61337149078801e-17	0.634985036074199	0.266	0.164	6.91216285958802e-12	chr1-180157019-180158892	1
3.82465895141302e-17	0.880902531725641	0.159	0.082	7.31634309451601e-12	chr4-26204341-26205658	1
3.83377309801491e-17	0.689063275445638	0.245	0.15	7.33377791011665e-12	chr3-112404975-112411000	1
4.35910309863648e-17	0.647416125643201	0.262	0.163	8.33870268150567e-12	chr6-80003580-80005278	1
4.44844251611273e-17	0.833464802543901	0.189	0.106	8.50960362677269e-12	chr1-16895805-16897604	1
5.02038094781407e-17	0.705431955561239	0.253	0.158	9.60368753031144e-12	chr9-109475134-109478402	1
6.54037614336625e-17	0.776380313522842	0.219	0.132	1.2511347139691e-11	chr12-124836874-124839129	1
7.28877291341937e-17	0.902391707725349	0.164	0.087	1.39429852569965e-11	chr1-206895110-206896834	1
7.41623101302537e-17	0.651515862573285	0.263	0.165	1.41868049540568e-11	chr6-52419670-52421299	1
8.15866191654951e-17	0.856765071852482	0.17	0.091	1.56070307266442e-11	chr3-194852731-194855546	1
9.86084671310483e-17	0.963754264001867	0.152	0.079	1.88632081113668e-11	chr6-3402372-3404150	1
1.02143473772242e-16	0.679043870642083	0.247	0.152	1.95394336717873e-11	chr12-122870577-122873643	1
1.04445575469e-16	0.841714603446852	0.18	0.1	1.9979811913767e-11	chr8-102685133-102686654	1
1.11131033051444e-16	0.837100477619615	0.176	0.096	2.1258699836543e-11	chr8-129549783-129552731	1
1.13661920016163e-16	0.755065592313242	0.212	0.124	2.17428433275719e-11	chr1-6157044-6158692	1
1.17400904047268e-16	0.915180468224137	0.161	0.086	2.24580885388182e-11	chr7-21128065-21129395	1
1.21524154930691e-16	0.901405991018448	0.162	0.086	2.32468416933116e-11	chr3-157498856-157500594	1
1.28758103884418e-16	0.875100369839271	0.162	0.085	2.46306527244659e-11	chr11-47118610-47119771	1
1.29222990726819e-16	0.540129173149801	0.347	0.235	2.47195827880961e-11	chr6-79233308-79235306	1
1.33970278935234e-16	0.873222265921847	0.167	0.09	2.56277105386366e-11	chr6-110949480-110953169	1
1.37096491615197e-16	0.904062861158595	0.157	0.082	2.62257362670376e-11	chr8-61053733-61055235	1
1.42818007600623e-16	0.75492969957136	0.209	0.122	2.73202279459535e-11	chr20-25232738-25235909	1
1.45566079898478e-16	0.883249919609628	0.158	0.082	2.78459176880994e-11	chr2-233288424-233290944	1
1.49945204714954e-16	0.904459348089292	0.158	0.084	2.86836179907425e-11	chr1-9241795-9243290	1
1.59586143756277e-16	0.913761120169675	0.152	0.078	3.05278717837133e-11	chr6-44386294-44388605	1
1.82237423013556e-16	0.861302853975419	0.172	0.093	3.48609255979551e-11	chr1-214280476-214282525	1
1.83545782504939e-16	0.943761161149508	0.151	0.078	3.51112069184998e-11	chr5-106779720-106781076	1
1.86534895783381e-16	0.868685619447066	0.166	0.088	3.56830063539862e-11	chr9-119801297-119803349	1
1.90847586915383e-16	0.580393132838599	0.314	0.209	3.65079982913912e-11	chr6-79076212-79080133	1
1.98612838542037e-16	0.89619307207963	0.168	0.093	3.79934443360604e-11	chr13-44758538-44760868	1
2.17683597578707e-16	0.91907335254514	0.152	0.079	4.16415661152213e-11	chr8-116324454-116325543	1
2.29808115047641e-16	0.64577969159809	0.27	0.175	4.39609135599235e-11	chr1-44806452-44808605	1
2.74705204229276e-16	0.530144978026558	0.352	0.243	5.25494573378352e-11	chr6-3355047-3358260	1
2.82929596768939e-16	0.829395032531806	0.17	0.092	5.41227342843173e-11	chr3-5873817-5875822	1
3.22374008034267e-16	0.90231821147064	0.16	0.086	6.1668213492907e-11	chr8-47379628-47381708	1
3.24016738060429e-16	0.72653875615014	0.225	0.137	6.19824578905316e-11	chr19-1256549-1263050	1
3.44427832230693e-16	0.530244911584563	0.335	0.226	6.58869777387382e-11	chr1-226061002-226065398	1
3.57362391337973e-16	0.756728865136779	0.198	0.114	6.83612812886061e-11	chr10-19815232-19817949	1
3.60499805838177e-16	0.756719384625779	0.201	0.118	6.89614498580082e-11	chr13-24510733-24513257	1
3.85709600429111e-16	0.782371007006319	0.182	0.101	7.37839323044864e-11	chr6-43058967-43060753	1
4.03884352689707e-16	0.71417394067382	0.223	0.134	7.72606533634248e-11	chr2-190466995-190470684	1
4.2601932734713e-16	0.616539520864942	0.269	0.171	8.14949412055419e-11	chr3-128384874-128386339	1
4.62118839760863e-16	0.575158874719253	0.297	0.196	8.84005613332146e-11	chr1-207962692-207964793	1
4.82127248949751e-16	0.742511455718398	0.212	0.127	9.22280499605937e-11	chr1-13798720-13802251	1
4.82246660574311e-16	0.807858172946631	0.171	0.093	9.22508926879023e-11	chr1-1510857-1514161	1
4.9543435620474e-16	0.842277089483819	0.171	0.094	9.47736197358295e-11	chr3-29609055-29610116	1
5.09272475249148e-16	0.837542312358705	0.167	0.091	9.74207688803105e-11	chr6-40395069-40397499	1
5.46215864639155e-16	0.785366344450566	0.18	0.1	1.04487817610283e-10	chr1-160159298-160160556	1
6.01884189503203e-16	0.788382148794987	0.173	0.094	1.15136834146826e-10	chr12-31077957-31079274	1
6.1186593066506e-16	0.671855339473751	0.241	0.149	1.17046281340642e-10	chr6-52724031-52726968	1
7.04765435131145e-16	0.855656267012015	0.167	0.092	1.34817399147977e-10	chr19-659416-664113	1
7.42555491064281e-16	0.77898516411021	0.193	0.112	1.42046410107651e-10	chr13-24160174-24163213	1
7.74801542578843e-16	0.566014070122999	0.31	0.207	1.48214886286077e-10	chr1-228081119-228086087	1
8.46932917858816e-16	0.564882073466662	0.302	0.201	1.62013185588884e-10	chr1-156281175-156285110	1
1.01299252708575e-15	0.601930891598077	0.269	0.172	1.93779392476341e-10	chr6-53651089-53652853	1
1.03386460720267e-15	0.670344848122938	0.22	0.131	1.97772096170228e-10	chr6-57316280-57318116	1
1.06094700250567e-15	0.555341252540846	0.303	0.201	2.02952795897319e-10	chr1-217629158-217632126	1
1.09365350996047e-15	0.739892291287692	0.2	0.117	2.09209354534378e-10	chr5-123035251-123037579	1
1.10673606208215e-15	0.593840593627554	0.287	0.189	2.11711968259943e-10	chr3-66472051-66477565	1
1.19475444313367e-15	0.742816789050682	0.208	0.125	2.28549356444812e-10	chr21-36698036-36702019	1
1.3432498387973e-15	0.731997566247675	0.201	0.119	2.56955634662891e-10	chr1-162018464-162022259	1
1.55483356834364e-15	0.829343469606879	0.162	0.088	2.97430332622729e-10	chr4-8198077-8200091	1
1.60443344254948e-15	0.798739185466709	0.181	0.103	3.06918490959059e-10	chr4-2932937-2937722	1
1.74841334474978e-15	0.851402539659145	0.156	0.084	3.34460982370565e-10	chr5-1770098-1773291	1
1.80745556843416e-15	0.734252514143165	0.192	0.11	3.45755405508045e-10	chr1-235082973-235084570	1
1.82524797399252e-15	0.432507415580916	0.465	0.356	3.49158985936924e-10	chr8-101577419-101585046	1
1.88588871777705e-15	0.581203506626558	0.288	0.191	3.60759196378443e-10	chr1-173714248-173716200	1
1.97329308158686e-15	0.740047944447335	0.199	0.117	3.77479126749076e-10	chr6-110414698-110416227	1
2.02969890518157e-15	0.33504489039589	0.628	0.533	3.88269222367804e-10	chr1-173860180-173870945	1
2.2804818498509e-15	0.838059940954268	0.162	0.089	4.36242494985379e-10	chr17-50917701-50921152	1
2.68619858623489e-15	0.894798341019551	0.154	0.083	5.13853672355217e-10	chr7-104977997-104980544	1
2.75748176411766e-15	0.751410360376872	0.198	0.118	5.27489716585123e-10	chr7-87627545-87629608	1
2.85777723871013e-15	0.730189726552437	0.204	0.121	5.46675639101815e-10	chr1-206634188-206636352	1
2.89820750242395e-15	0.691307925014979	0.21	0.125	5.54409705968687e-10	chr5-16572543-16575928	1
3.0003018674514e-15	0.721817135412229	0.201	0.119	5.73939745432249e-10	chr3-71541195-71543665	1
3.02154011304229e-15	0.890858180045173	0.152	0.081	5.78002494384311e-10	chr14-50000370-50002117	1
3.16208682012467e-15	0.814396783059849	0.17	0.095	6.0488823616893e-10	chr1-171644731-171646474	1
3.51659265963832e-15	0.838309274686067	0.173	0.099	6.72703076232853e-10	chr1-94252125-94254886	1
3.53788105707837e-15	0.81621111210427	0.172	0.097	6.7677541893275e-10	chr1-171141004-171143414	1
3.64966284970459e-15	0.77041770682519	0.174	0.097	6.9815860517139e-10	chr21-32392081-32394844	1
3.89111218966874e-15	0.859161571636114	0.153	0.082	7.44346415210493e-10	chr3-66762800-66763971	1
3.93066764333934e-15	0.639978957880242	0.253	0.164	7.51913136164955e-10	chr1-117590162-117592893	1
4.49313094168976e-15	0.843957734766768	0.15	0.079	8.59508990359601e-10	chr16-30060298-30061838	1
6.26706725144992e-15	0.628602233059106	0.248	0.158	1.19885236279886e-09	chr1-180173437-180175130	1
6.46299386784282e-15	0.640321457099405	0.25	0.16	1.23633194895512e-09	chr6-71419507-71421629	1
6.76552229634268e-15	0.780452724733158	0.179	0.102	1.29420382215658e-09	chr19-1213362-1215880	1
6.97277263323924e-15	0.786160580740232	0.169	0.094	1.33384956810287e-09	chr14-68306528-68308299	1
7.00758832655496e-15	0.72782001854466	0.19	0.11	1.34050960134e-09	chr17-1480383-1483032	1
7.16898378913874e-15	0.72470984688599	0.195	0.115	1.37138358495951e-09	chr6-53060479-53062816	1
7.1740482695311e-15	0.784343882738332	0.17	0.095	1.37235238967168e-09	chr6-84226921-84228583	1
7.2808026775556e-15	0.730348250448432	0.194	0.114	1.39277386740032e-09	chr1-204213427-204214862	1
7.48046390282325e-15	0.862238473919166	0.156	0.085	1.43096786182667e-09	chr1-12477764-12479237	1
7.56467103503162e-15	0.669295785400397	0.234	0.147	1.44707618097534e-09	chr1-224203207-224206280	1
7.6857309528232e-15	0.828347640257612	0.162	0.089	1.47023421688936e-09	chr11-61832171-61835363	1
7.77235270853537e-15	0.822120685808765	0.162	0.09	1.48680443902657e-09	chr16-75096197-75100455	1
8.44943154802445e-15	0.783557347568318	0.166	0.092	1.61632555854779e-09	chr12-104956776-104959987	1
8.61247056668331e-15	0.878379784885988	0.152	0.083	1.64751394458312e-09	chr6-52576351-52577850	1
9.45538445054921e-15	0.806898052071988	0.159	0.086	1.80875831308336e-09	chr7-151694594-151695852	1
1.03896539254357e-14	0.797623718465724	0.173	0.099	1.98747845801229e-09	chr1-111919729-111921244	1
1.09489439142838e-14	0.552745950638035	0.272	0.175	2.09446727713901e-09	chr10-69374730-69376487	1
1.13811189753012e-14	0.63699374040926	0.242	0.153	2.17713977326126e-09	chr1-220731745-220733682	1
1.17335968146576e-14	0.778083157144945	0.182	0.105	2.2445666690631e-09	chr2-237730289-237736165	1
1.23870627942707e-14	0.708078356928976	0.189	0.109	2.36957079016722e-09	chr7-96793670-96795495	1
1.27545893711609e-14	0.646327359881921	0.229	0.143	2.43987641916685e-09	chr17-82266807-82271336	1
1.49757618879816e-14	0.765029711427528	0.179	0.103	2.86477339459955e-09	chr6-97282232-97283930	1
1.58775391136897e-14	0.618037984096342	0.24	0.149	3.03727796721415e-09	chr3-58163618-58166298	1
1.62030432032214e-14	0.390388611274854	0.49	0.379	3.09954494651704e-09	chr1-193058128-193061424	1
1.70687191002727e-14	0.802223052618041	0.162	0.09	3.26514355156756e-09	chr8-73147332-73148760	1
1.7394389787466e-14	0.7800439522653	0.163	0.09	3.32744240000352e-09	chr2-100320342-100322991	1
1.80315469230415e-14	0.435133389229427	0.436	0.328	3.44932673709631e-09	chr5-13943590-13947088	1
2.11618901488413e-14	0.778527079080005	0.17	0.097	4.04814261413244e-09	chr8-106059485-106061074	1
2.21569251843355e-14	0.691077059783823	0.208	0.127	4.23848684621227e-09	chr7-53811231-53812628	1
2.28102154352422e-14	0.814478096556239	0.156	0.085	4.36345735146922e-09	chr17-75695749-75698368	1
2.31263522334741e-14	0.427269955271851	0.433	0.327	4.42393242415019e-09	chr10-28676867-28686146	1
2.48198296224994e-14	0.843493147115568	0.153	0.084	4.7478844878064e-09	chr7-55324809-55326683	1
2.51851396308244e-14	0.717497057932955	0.183	0.106	4.81776610053892e-09	chr3-56466813-56469002	1
2.52332096888191e-14	0.732787657436238	0.176	0.101	4.82696161421297e-09	chr1-226082661-226084268	1
2.52584536682081e-14	0.484566445253843	0.374	0.27	4.8317906360062e-09	chr1-234723238-234726011	1
2.61706300608854e-14	0.419689961960651	0.431	0.321	5.00628450686701e-09	chr1-183469798-183473562	1
2.7585583078913e-14	0.842991431546364	0.159	0.09	5.27695652949758e-09	chr21-16371746-16380532	1
2.86394053473852e-14	0.505432510923437	0.325	0.224	5.4785464065227e-09	chr6-75283539-75285854	1
3.18880202855305e-14	0.664259117720364	0.235	0.152	6.09998695250026e-09	chr16-81598509-81603328	1
3.86412846337791e-14	0.477234915710796	0.362	0.259	7.39184590273415e-09	chr1-3856143-3858951	1
3.90774948170599e-14	0.777666726899587	0.167	0.095	7.47529029353466e-09	chr6-45376878-45378818	1
3.94412774861116e-14	0.854654500480888	0.151	0.084	7.54487973542823e-09	chr7-105672978-105674444	1
3.99535626600595e-14	0.64582383566076	0.238	0.154	7.64287681549341e-09	chr1-23554320-23560086	1
4.27643488833565e-14	0.566038814975816	0.259	0.169	8.18056335529281e-09	chr8-86507504-86509368	1
5.30424169301709e-14	0.81230888591517	0.155	0.086	1.01466961042401e-08	chr1-15615563-15619261	1
5.67142407187712e-14	0.685290212617855	0.202	0.123	1.08490939640566e-08	chr15-45634219-45636129	1
5.95167636394419e-14	0.694499861268341	0.202	0.124	1.13851997836434e-08	chr7-30777891-30781388	1
6.27984514886118e-14	0.731097600045699	0.197	0.12	1.20129669790625e-08	chr2-235025928-235028363	1
6.65419052394834e-14	0.654304743074307	0.206	0.126	1.27290672208817e-08	chr6-111550983-111553636	1
7.1698295488394e-14	0.418244610285177	0.431	0.326	1.37154537371568e-08	chr1-228484939-228491495	1
8.19668085661177e-14	0.472182191244086	0.343	0.24	1.56797586778469e-08	chr1-117928386-117931264	1
8.20094241820018e-14	0.663188449380569	0.218	0.137	1.56879107894718e-08	chr1-160283824-160285676	1
8.24006775344453e-14	0.542550060182438	0.273	0.181	1.57627552082742e-08	chr1-151839151-151840922	1
8.34632038764115e-14	0.800835784067084	0.16	0.091	1.59660101223343e-08	chr16-17303045-17305357	1
8.48262128827767e-14	0.808253178197007	0.167	0.098	1.62267455671979e-08	chr1-218479807-218481648	1
8.49314210436695e-14	0.805930239213532	0.155	0.086	1.62468712571277e-08	chr1-228107801-228110501	1
8.52919875565645e-14	0.798688742128211	0.16	0.09	1.63158454676455e-08	chr10-29589833-29592104	1
8.71864663322269e-14	0.781794147947751	0.167	0.097	1.6678247890557e-08	chr1-228070725-228076847	1
9.4632837619551e-14	0.692922365397861	0.193	0.116	1.81026940395944e-08	chr16-591768-594289	1
9.7336732940264e-14	0.85437948493849	0.151	0.085	1.86199329910749e-08	chr7-6015463-6016740	1
9.78895735548628e-14	0.710681468799243	0.184	0.109	1.87256880836039e-08	chr12-125633378-125635807	1
1.01458010637344e-13	0.54448016948285	0.284	0.191	1.94083086868601e-08	chr6-43769188-43775365	1
1.04655712260761e-13	0.477820342044739	0.342	0.24	2.002000982121e-08	chr1-193103818-193106292	1
1.05168372594032e-13	0.463292299796728	0.369	0.271	2.01180786670027e-08	chr8-140456277-140460904	1
1.13680496600253e-13	0.606649656240749	0.25	0.166	2.17463969166487e-08	chr7-20329186-20331370	1
1.14298785089311e-13	0.767129070289156	0.168	0.097	2.18646717948746e-08	chr3-68932109-68933204	1
1.18687926102819e-13	0.539151918869547	0.266	0.172	2.27042881359127e-08	chr1-9126271-9130557	1
1.2056333463834e-13	0.787549774851156	0.154	0.085	2.30630425363067e-08	chr1-107534586-107537074	1
1.20887361083037e-13	0.604067325130877	0.24	0.154	2.31250268510185e-08	chr12-101695649-101704100	1
1.25036053577958e-13	0.699245094787024	0.185	0.11	2.39186468331419e-08	chr9-104975875-104978289	1
1.28278729872784e-13	0.593620081721315	0.24	0.153	2.45389513522844e-08	chr1-220271556-220273316	1
1.32274073050927e-13	0.650763607425231	0.22	0.139	2.53032365302041e-08	chr1-212790416-212792938	1
1.3542635598822e-13	0.764347515906971	0.162	0.092	2.59062493424105e-08	chr17-70855055-70857058	1
1.35896335481803e-13	0.604905138564704	0.226	0.142	2.59961535996561e-08	chr7-108093969-108096271	1
1.46669481262513e-13	0.583556616960315	0.228	0.142	2.80569917486311e-08	chr5-169141931-169143479	1
1.4814172666436e-13	0.370232118422822	0.505	0.396	2.83386234605321e-08	chr1-244968314-244972788	1
1.58589033943376e-13	0.672405743983411	0.202	0.124	3.03371306591641e-08	chr3-50163603-50168888	1
1.63907332109566e-13	0.747936238578987	0.17	0.099	3.13544891885672e-08	chr9-111597726-111600255	1
1.65381374999273e-13	0.578534136926988	0.26	0.171	3.16364647491109e-08	chr1-26529295-26533008	1
1.72948793348754e-13	0.521874815132137	0.3	0.207	3.30840664748565e-08	chr1-178724532-178728163	1
1.73493518172566e-13	0.761618183332083	0.166	0.096	3.31882690653029e-08	chr6-108706793-108708215	1
1.74035894837658e-13	0.699700217175992	0.195	0.12	3.3292022467075e-08	chr1-113253267-113256831	1
1.9162113621994e-13	0.381364193292016	0.475	0.361	3.66559736320573e-08	chr1-236794514-236796720	1
2.03581419645798e-13	0.541547691186302	0.278	0.189	3.89439040897232e-08	chr1-204072617-204075298	1
2.1394682348444e-13	0.440353091824824	0.374	0.272	4.09267436516324e-08	chr20-45339587-45344941	1
2.17974609070978e-13	0.569985176975325	0.246	0.159	4.16972348676237e-08	chr1-41498356-41501333	1
2.18408943125282e-13	0.728678417071705	0.171	0.1	4.17803203662076e-08	chr11-124536333-124538770	1
2.22338308303603e-13	0.469230325641979	0.334	0.236	4.25319843486294e-08	chr8-86341278-86345116	1
2.22980784794547e-13	0.555028308267367	0.265	0.175	4.26548862464882e-08	chr5-1879779-1884439	1
2.36898498444296e-13	0.777424765629044	0.152	0.085	4.53172613614032e-08	chr14-99809191-99810569	1
2.45791017573701e-13	0.515483288086415	0.306	0.213	4.70183469157436e-08	chr1-2583414-2588109	1
2.77437335569239e-13	0.650328932072074	0.206	0.127	5.3072097670382e-08	chr13-21175443-21178040	1
2.82266612155892e-13	0.758848580708325	0.166	0.096	5.39959093057492e-08	chr1-202142810-202145763	1
2.90937853108264e-13	0.455596298589211	0.373	0.273	5.56546656724923e-08	chr1-211577268-211580388	1
3.0358457941347e-13	0.767236990534193	0.165	0.096	5.80739085343204e-08	chr12-81542048-81544642	1
3.07319483515925e-13	0.652698209838942	0.207	0.13	5.87883732796953e-08	chr10-119024874-119027350	1
3.33185182262531e-13	0.80550175624613	0.153	0.087	6.37363262557287e-08	chr6-87700422-87703033	1
3.34284335265427e-13	0.554330184799704	0.264	0.177	6.39465876302645e-08	chr1-224431980-224436634	1
3.55652818964212e-13	0.736865948504959	0.173	0.103	6.803425035094e-08	chr5-68544018-68545535	1
3.76794792639264e-13	0.626947935476067	0.204	0.126	7.20785830631353e-08	chr2-42132419-42134003	1
3.78646286218657e-13	0.496078573926264	0.29	0.196	7.24327626759118e-08	chr16-69725556-69727488	1
3.92972783592987e-13	0.309514079402036	0.646	0.559	7.51733356646369e-08	chr8-133522116-133576268	1
4.00482522956252e-13	0.374750977697682	0.48	0.375	7.66099037463933e-08	chr1-209782958-209788861	1
4.23573423327815e-13	0.785513369521864	0.154	0.088	8.1027054442071e-08	chr12-6312048-6313879	1
4.44457938624979e-13	0.462807027709271	0.352	0.254	8.50221369113267e-08	chr1-116372672-116378553	1
4.72585410962239e-13	0.657003991570327	0.196	0.12	9.04027536046106e-08	chr1-206585873-206588144	1
4.76863375848445e-13	0.678120977363952	0.193	0.118	9.12211026195524e-08	chr3-46970141-46971508	1
4.791982737846e-13	0.685898615236197	0.203	0.128	9.16677545853513e-08	chr6-71287119-71289911	1
5.05709762075466e-13	0.620939128678631	0.222	0.141	9.67392432264642e-08	chr1-147540270-147543606	1
5.56968021935402e-13	0.465328159407063	0.334	0.236	1.06544640788111e-07	chr1-224502145-224504469	1
5.72879593962028e-13	0.598349209579915	0.24	0.156	1.09588429047372e-07	chr2-199457115-199460896	1
5.78717179977993e-13	0.605349960226957	0.221	0.141	1.1070512422671e-07	chr6-42448984-42453608	1
5.95504282682557e-13	0.715840850727289	0.174	0.103	1.13916396251477e-07	chr1-184836396-184839310	1
5.95757161689733e-13	0.686524742199778	0.186	0.113	1.13964770488276e-07	chr18-22044014-22045859	1
6.34727520230152e-13	0.509689326864133	0.292	0.203	1.21419566254907e-07	chr1-155175939-155178055	1
6.46686998790318e-13	0.652082167362668	0.203	0.127	1.23707342746595e-07	chr1-46401445-46402926	1
6.71838987811674e-13	0.662315374665172	0.194	0.119	1.28518767334446e-07	chr21-37071663-37074639	1
7.51170806458267e-13	0.794407874278779	0.15	0.086	1.43694468250628e-07	chr9-89755629-89757640	1
7.56356953686724e-13	0.669769687139112	0.19	0.116	1.44686547098548e-07	chr9-120841992-120843947	1
7.62664698378846e-13	0.629940218685401	0.206	0.129	1.45893180811683e-07	chr6-7973524-7976460	1
8.0556603966831e-13	0.35485603996735	0.495	0.391	1.5409994999231e-07	chr1-235502181-235506615	1
8.1280527878795e-13	0.69450908016133	0.173	0.102	1.55484773000462e-07	chr8-144471847-144475014	1
8.34140865470603e-13	0.707710326389674	0.182	0.111	1.59566142719334e-07	chr8-75406793-75409290	1
9.03484085620154e-13	0.634419253711825	0.21	0.133	1.72831084674622e-07	chr17-66661079-66663767	1
9.17290191862545e-13	0.436238142120096	0.374	0.274	1.75472109962154e-07	chr1-185315382-185318276	1
1.04246175563014e-12	0.611596221432796	0.219	0.14	1.99416679081511e-07	chr17-40330266-40333070	1
1.12206425636083e-12	0.66574817716887	0.181	0.108	2.14644159856288e-07	chr19-30663753-30665206	1
1.25551781775966e-12	0.476857293065694	0.313	0.22	2.40173025430516e-07	chr7-83161773-83163964	1
1.32834301303309e-12	0.675256765238299	0.191	0.118	2.54104048335152e-07	chr6-70666942-70669801	1
1.34309528175912e-12	0.667758472937386	0.192	0.119	2.56926068828829e-07	chr14-81535385-81537888	1
1.35742714520783e-12	0.666222444387737	0.199	0.126	2.59667668315386e-07	chr1-197773181-197776605	1
1.38380499281463e-12	0.669471963427953	0.188	0.115	2.64713592295483e-07	chr5-469804-481236	1
1.40515236596225e-12	0.635881839925106	0.216	0.139	2.68797216694383e-07	chr2-161159112-161161743	1
1.40933651600756e-12	0.611999661698253	0.206	0.129	2.69597619493151e-07	chr6-16758251-16762119	1
1.55576365757574e-12	0.643778594767582	0.199	0.124	2.97608253112294e-07	chr10-110501021-110504910	1
1.61283772795177e-12	0.530531900202379	0.265	0.18	3.08526180330806e-07	chr6-69795887-69797655	1
1.75743280419316e-12	0.708992285439045	0.161	0.094	3.36186350845326e-07	chr7-105939781-105940947	1
1.85703286321888e-12	0.484783542677433	0.302	0.208	3.55239244536592e-07	chr3-120681969-120686286	1
1.92199948670536e-12	0.535742386464408	0.257	0.171	3.67666969809815e-07	chr1-51328895-51332029	1
2.02561476046336e-12	0.710619018039069	0.166	0.099	3.87487949988078e-07	chr12-80935757-80938033	1
2.0843060522364e-12	0.493356723257177	0.336	0.25	3.98715241956511e-07	chr19-12937573-12947440	1
2.1763826746639e-12	0.606133614715341	0.209	0.132	4.16328947367157e-07	chr4-20787755-20790204	1
2.24999689411257e-12	0.456965853315177	0.319	0.225	4.30410905862371e-07	chr6-33296871-33300493	1
2.30780733431015e-12	0.711233503844184	0.164	0.097	4.41469696209526e-07	chr17-81991232-81993065	1
2.33658550795322e-12	0.585100500325282	0.206	0.129	4.46974788158403e-07	chr1-8525172-8526604	1
2.4770581298867e-12	0.750031781977149	0.161	0.096	4.73846357898545e-07	chr9-121736715-121739581	1
2.52500031432307e-12	0.622578677188042	0.204	0.13	4.83017410128117e-07	chr1-112460740-112463186	1
2.55650659779862e-12	0.449449336307544	0.366	0.272	4.89044373119288e-07	chr16-89559344-89566732	1
2.74496730690818e-12	0.505363931525194	0.281	0.193	5.25095776007693e-07	chr1-211381926-211383850	1
2.77087050057353e-12	0.537979172089484	0.253	0.17	5.30050901536713e-07	chr13-50121097-50126896	1
3.44499238815521e-12	0.669623421772304	0.188	0.118	6.59006373899763e-07	chr1-21781851-21784298	1
3.6993491944821e-12	0.735879933869823	0.159	0.094	7.0766330480926e-07	chr15-77496720-77498558	1
3.73827846993628e-12	0.656081912399947	0.18	0.11	7.1511024162799e-07	chr6-72182284-72183443	1
4.07600212904504e-12	0.707319633304295	0.163	0.097	7.79714751273542e-07	chr21-36245592-36246959	1
4.10462767470548e-12	0.653181496883706	0.181	0.111	7.8519064640511e-07	chr12-46382518-46384488	1
4.35426093336025e-12	0.539103023062743	0.266	0.183	8.32943990986215e-07	chr8-86513890-86515994	1
4.4161982948044e-12	0.670979732062168	0.177	0.108	8.44792236606313e-07	chr1-21633727-21635403	1
4.43600884865869e-12	0.734816462654103	0.156	0.092	8.48581876695316e-07	chr1-61240968-61242697	1
4.5080079945919e-12	0.547905735186995	0.246	0.165	8.62354881317462e-07	chr1-41514189-41516742	1
4.71057865882927e-12	0.561970383007323	0.224	0.146	9.01105433962087e-07	chr1-227733437-227736754	1
4.74708927777901e-12	0.598597853112976	0.21	0.135	9.08089696303458e-07	chr5-124261983-124264492	1
4.92784381119125e-12	0.599865135473302	0.206	0.131	9.42666954018019e-07	chr20-25247103-25250885	1
5.01108119082283e-12	0.543154705667382	0.25	0.171	9.58589765317262e-07	chr6-96836141-96838162	1
5.09447860382591e-12	0.683844791916	0.186	0.116	9.74543190040274e-07	chr6-53543323-53545619	1
5.23990576870271e-12	0.479346906445797	0.299	0.211	1.00236253411822e-06	chr1-183634943-183637238	1
5.35212749460671e-12	0.772523486066065	0.16	0.097	1.0238298769533e-06	chr1-17437501-17442297	1
5.71851076536811e-12	0.633896810305689	0.194	0.123	1.09391679835033e-06	chr3-50600614-50603215	1
5.95766135889099e-12	0.543882700110961	0.256	0.174	1.13966487198769e-06	chr1-154426991-154430618	1
6.29766316752934e-12	0.56472583783489	0.239	0.16	1.20470517796936e-06	chr9-114804191-114807286	1
6.3825428121358e-12	0.571556239720157	0.222	0.144	1.22094214470471e-06	chr6-83067308-83069328	1
6.61678090716522e-12	0.590636140627669	0.198	0.124	1.26575048685526e-06	chr19-4454790-4458372	1
6.73095051839714e-12	0.528446799674239	0.257	0.175	1.28759044846626e-06	chr6-113969454-113972317	1
6.91248612822166e-12	0.56254349804433	0.228	0.151	1.32231712141203e-06	chr8-90000319-90002280	1
7.23393706308187e-12	0.512979399843918	0.242	0.16	1.38380875654518e-06	chr1-223142324-223144176	1
7.44969368078914e-12	0.697700201310303	0.165	0.099	1.42508170297288e-06	chr1-27601195-27604665	1
8.20364044361932e-12	0.633732808598649	0.198	0.127	1.56930719502171e-06	chr6-83859207-83860611	1
8.85476280523635e-12	0.662193062720734	0.164	0.098	1.69386299606488e-06	chr5-155545869-155547022	1
8.95819617019562e-12	0.518594726471245	0.251	0.169	1.7136491781814e-06	chr10-120392099-120393583	1
1.00349785746243e-11	0.521917295808973	0.244	0.165	1.91963119145418e-06	chr6-41784483-41788419	1
1.01330139102354e-11	0.613924810633504	0.19	0.118	1.93838476294457e-06	chr2-95292412-95299086	1
1.03623084248642e-11	0.709507227422436	0.156	0.092	1.98224742782597e-06	chr20-32226404-32228536	1
1.06103623177235e-11	0.34980754570199	0.468	0.378	2.02969864920659e-06	chr4-1164165-1182024	1
1.24156467681815e-11	0.434126129511698	0.322	0.228	2.3750387328725e-06	chr6-43626824-43630713	1
1.27674617175051e-11	0.548349519866564	0.244	0.166	2.44233882178843e-06	chr6-111590969-111593529	1
1.29651439168091e-11	0.518589327074585	0.255	0.173	2.48015424042208e-06	chr1-203316039-203318180	1
1.31383303376983e-11	0.721820354666936	0.152	0.089	2.51328376361965e-06	chr6-3258417-3260283	1
1.50761263456655e-11	0.685690309540387	0.173	0.108	2.88397251316773e-06	chr3-128070688-128073923	1
1.51412311052966e-11	0.629256461206045	0.19	0.121	2.89642666305661e-06	chr5-154700538-154702273	1
1.54507357312305e-11	0.599322517830692	0.18	0.111	2.95563304097e-06	chr10-79086152-79088903	1
1.59036059367724e-11	0.53084798910017	0.251	0.173	3.04226439406894e-06	chr7-90766442-90768629	1
1.67270106736701e-11	0.602683219580138	0.198	0.128	3.19977677980906e-06	chr1-161082808-161085683	1
1.67328666803915e-11	0.727936442076666	0.151	0.089	3.20089699875881e-06	chr4-120869160-120870918	1
1.72629264850685e-11	0.524182957291199	0.256	0.176	3.30229425903469e-06	chr6-79536304-79538336	1
1.76610353043793e-11	0.614780311847311	0.199	0.128	3.37845008751594e-06	chr6-46651773-46653779	1
1.77824560896344e-11	0.420872542963336	0.353	0.256	3.40167715521052e-06	chr1-193121316-193123566	1
1.81649276101676e-11	0.487980628567516	0.274	0.19	3.4748416622594e-06	chr21-36155262-36158666	1
1.83771805701844e-11	0.719901858479022	0.157	0.094	3.51544437999286e-06	chr13-112725200-112728282	1
1.85980150828679e-11	0.643601106668004	0.168	0.101	3.55768869726212e-06	chr7-156639599-156641678	1
1.86289779152921e-11	0.583847571923062	0.202	0.129	3.56361170132788e-06	chr1-177871707-177873956	1
1.90443344061381e-11	0.622754602912597	0.18	0.112	3.64306690588777e-06	chr12-122062472-122064410	1
1.97996175483404e-11	0.482995020656597	0.27	0.186	3.78754803929223e-06	chr6-43170286-43172982	1
2.06660279312607e-11	0.524449840328373	0.242	0.163	3.95328714708259e-06	chr1-113928305-113932491	1
2.19443909891843e-11	0.420813506486534	0.338	0.247	4.19783032988501e-06	chr1-227786071-227789243	1
2.2589901149943e-11	0.663615787435488	0.172	0.107	4.32131255057719e-06	chr21-30226577-30228723	1
2.28105266616708e-11	0.610306658105295	0.204	0.133	4.36351688721766e-06	chr13-27449151-27452122	1
2.28580708424503e-11	0.707919762239782	0.154	0.092	4.37261180373569e-06	chr1-47780633-47781925	1
2.35047619512825e-11	0.602827460506	0.188	0.119	4.49631993270864e-06	chr6-37102041-37104095	1
2.42714227980009e-11	0.686815637196292	0.167	0.103	4.64297755272079e-06	chr3-87733408-87734594	1
2.57783174501223e-11	0.571965040295235	0.201	0.13	4.93123745830369e-06	chr5-10288214-10290023	1
2.60142364367872e-11	0.521967376643749	0.238	0.161	4.97636734493877e-06	chr1-118100555-118102451	1
2.66044529212783e-11	0.691140402790856	0.153	0.091	5.08927221712301e-06	chr3-34283475-34285593	1
2.82782589567526e-11	0.477127359107908	0.279	0.195	5.40946126887303e-06	chr6-165833903-165836151	1
3.03285280312203e-11	0.68692828448619	0.162	0.098	5.80166544120426e-06	chr6-39923119-39925035	1
3.22934752941685e-11	0.483766743639676	0.273	0.19	6.17754806292266e-06	chr9-72575918-72579740	1
3.26483785433526e-11	0.502326975902748	0.256	0.174	6.24543892507208e-06	chr1-6600362-6603543	1
3.3092712067481e-11	0.63702282241192	0.179	0.112	6.33043726223671e-06	chr10-48287276-48288930	1
3.56137156074933e-11	0.566234021444777	0.216	0.143	6.81269011341982e-06	chr8-71058446-71060177	1
3.6933154223736e-11	0.601124865468023	0.201	0.131	7.06509080407536e-06	chr1-100265405-100267390	1
3.7673488411821e-11	0.414756918517899	0.361	0.271	7.20671229225089e-06	chr1-247103326-247104988	1
4.00653150206564e-11	0.507158548010422	0.261	0.181	7.66425437156144e-06	chr6-34535345-34539077	1
4.15223241988506e-11	0.499686090768082	0.256	0.175	7.94297148529493e-06	chr1-213050636-213052840	1
4.40651316752725e-11	0.575172970425484	0.206	0.135	8.42939529868957e-06	chr1-179365097-179366759	1
4.61301385723091e-11	0.498428589347214	0.264	0.183	8.82441872805129e-06	chr1-236603555-236605381	1
4.84262391276315e-11	0.565783437762436	0.212	0.14	9.26364898768114e-06	chr1-161152979-161154837	1
5.01835088697346e-11	0.590448969321038	0.199	0.13	9.59980414572701e-06	chr17-80277367-80280452	1
5.31740958669518e-11	0.640875055013399	0.17	0.105	1.01718854947727e-05	chr1-177584991-177586338	1
5.71809705788462e-11	0.633603178007182	0.172	0.107	1.09383765859098e-05	chr1-224112958-224115183	1
6.08821565771001e-11	0.599941576679746	0.187	0.119	1.16463912602598e-05	chr1-246502712-246504517	1
6.24351861277432e-11	0.587937679964941	0.2	0.131	1.19434764951205e-05	chr1-47926306-47927895	1
6.25404247949464e-11	0.572060094202988	0.21	0.14	1.19636080207245e-05	chr16-31450858-31455784	1
6.49983220722108e-11	0.6150698315798	0.18	0.114	1.24337890224815e-05	chr1-226185198-226187346	1
6.6020293127867e-11	0.437054243083882	0.296	0.208	1.26292859536022e-05	chr9-124867743-124873283	1
6.65811741289631e-11	0.516017512996486	0.232	0.155	1.27365791238259e-05	chr2-200258067-200260516	1
6.71379907453989e-11	0.624544607218335	0.167	0.102	1.28430948016503e-05	chr14-67940172-67942628	1
6.96976106313453e-11	0.597140981354355	0.193	0.124	1.33327347281126e-05	chr6-42879012-42880985	1
7.0225750310183e-11	0.634437788901796	0.177	0.113	1.34337646798362e-05	chr15-93027259-93031292	1
7.47421967422544e-11	0.641318516505876	0.176	0.111	1.42977337836128e-05	chr1-15846957-15850738	1
7.56389325890536e-11	0.500801649477576	0.254	0.175	1.44692739706904e-05	chr1-220335308-220337986	1
7.83037192833018e-11	0.420341022246939	0.329	0.241	1.49790316765799e-05	chr2-236569209-236586359	1
7.9213633501576e-11	0.368674536303479	0.408	0.312	1.51530928070505e-05	chr6-118891924-118896973	1
8.13490579142198e-11	0.565971663672856	0.208	0.138	1.55615866846428e-05	chr1-15833010-15836670	1
8.73968035554981e-11	0.448946299228292	0.28	0.195	1.67184841393455e-05	chr1-224356339-224358460	1
8.79383832855522e-11	0.533959171488443	0.228	0.155	1.68220850922264e-05	chr1-78003227-78006129	1
8.90803771321157e-11	0.536703015432205	0.224	0.149	1.70405416631109e-05	chr1-72281947-72284813	1
9.16949449872379e-11	0.695851049536303	0.158	0.097	1.75406928063887e-05	chr6-34545033-34548306	1
9.19392247851339e-11	0.584181452431521	0.196	0.127	1.75874220660474e-05	chr5-55600164-55602053	1
9.9717499587356e-11	0.62772138294023	0.175	0.11	1.90753593660637e-05	chr1-225453591-225455216	1
1.05393128682605e-10	0.492971007369747	0.266	0.187	2.01610731582103e-05	chr12-120228037-120232589	1
1.07388846554248e-10	0.391420597389454	0.339	0.247	2.05428420127484e-05	chr6-116277931-116281048	1
1.1105118016521e-10	0.554036039834255	0.219	0.147	2.12434244585238e-05	chr1-156122387-156124373	1
1.13950678250445e-10	0.666976548057995	0.16	0.099	2.17980810452407e-05	chr1-228902652-228904231	1
1.14632334120314e-10	0.62599543237097	0.171	0.107	2.19284777232114e-05	chr1-41432070-41433352	1
1.15781953509513e-10	0.438139818017018	0.326	0.24	2.21483930146488e-05	chr1-243432788-243435226	1
1.21854199974092e-10	0.64756052038459	0.161	0.099	2.3309977329844e-05	chr6-106628578-106630752	1
1.28198966228635e-10	0.672692682998331	0.156	0.095	2.45236930457405e-05	chr1-243421238-243422489	1
1.29806740152512e-10	0.451029861565559	0.294	0.21	2.48312505507346e-05	chr13-27619265-27622741	1
1.30922094459569e-10	0.344195635612328	0.414	0.317	2.50446111375488e-05	chr7-50745691-50794203	1
1.31628665836985e-10	0.65737021796739	0.17	0.107	2.51797740026202e-05	chr6-148191120-148192692	1
1.3591118925538e-10	0.641730796024582	0.161	0.098	2.59989950374187e-05	chr3-15323240-15326832	1
1.35971820640206e-10	0.611744415200096	0.176	0.111	2.60105934575476e-05	chr13-23888292-23890573	1
1.36903691390689e-10	0.6084511419221	0.177	0.112	2.61888547408904e-05	chr1-177588852-177589896	1
1.46588664553239e-10	0.581702659668747	0.199	0.131	2.80415319970474e-05	chr2-128304434-128307017	1
1.48059600957103e-10	0.64765774461069	0.162	0.101	2.8322913305488e-05	chr14-45466487-45467869	1
1.48821183816494e-10	0.479999666145363	0.256	0.178	2.84685995369923e-05	chr1-246582198-246585815	1
1.55079828482063e-10	0.618771943455823	0.178	0.114	2.96658407096478e-05	chr5-59316707-59318555	1
1.59613868579853e-10	0.66182434880758	0.165	0.103	3.05331753761144e-05	chr7-126936617-126938176	1
1.59970138130922e-10	0.640358741911729	0.158	0.097	3.06013276036165e-05	chr16-2497027-2499618	1
1.71829405822226e-10	0.591232745462869	0.198	0.132	3.2869934357357e-05	chr5-93579929-93586241	1
1.753176029788e-10	0.6250929371099	0.169	0.106	3.35372055442266e-05	chr1-69566858-69568810	1
1.77414211215605e-10	0.643822226955307	0.156	0.095	3.39382741202779e-05	chr7-141071064-141073754	1
1.80756059511523e-10	0.529220037827416	0.225	0.152	3.45775496481973e-05	chr1-67879796-67881050	1
1.8921219987085e-10	0.505435392871785	0.233	0.158	3.61951585620943e-05	chr1-85297211-85299158	1
1.89701735212779e-10	0.567036161968417	0.203	0.134	3.62888037357933e-05	chr8-143382241-143387081	1
2.01756459654008e-10	0.63267976050768	0.167	0.104	3.85948001930538e-05	chr16-29943497-29944888	1
2.06881969690231e-10	0.641383427692694	0.173	0.111	3.95752795099231e-05	chr13-21296879-21299604	1
2.17923649305426e-10	0.605237795580789	0.172	0.109	4.16874865702321e-05	chr13-113012935-113015069	1
2.22393559780804e-10	0.685014604227495	0.15	0.092	4.25425536247091e-05	chr10-104491765-104493836	1
2.22506809252697e-10	0.642547315822336	0.167	0.106	4.25642175691854e-05	chr1-246506247-246507984	1
2.24751499132681e-10	0.46687332764327	0.266	0.187	4.29936132750871e-05	chr1-215635941-215637792	1
2.26998736456238e-10	0.642014664225637	0.16	0.099	4.34234962916595e-05	chr1-230867415-230869486	1
2.29105152710057e-10	0.415868719241735	0.321	0.238	4.38264410825177e-05	chr10-63627851-63631321	1
2.30166409469722e-10	0.623268560021983	0.172	0.109	4.4029453133101e-05	chr3-161220546-161222108	1
2.31678076981611e-10	0.581057784503905	0.194	0.127	4.43186260581202e-05	chr13-24922101-24923785	1
2.61770452766633e-10	0.675762252756458	0.151	0.093	5.00751169915402e-05	chr7-6952962-6954458	1
2.62954075936177e-10	0.667553803817963	0.151	0.093	5.0301537002135e-05	chr4-68904466-68906911	1
2.62985472697952e-10	0.570584731487593	0.197	0.131	5.0307543014282e-05	chr8-94967460-94968890	1
2.65309312415223e-10	0.671926601247766	0.152	0.093	5.07520796091577e-05	chr4-1725981-1728774	1
2.66831542109374e-10	0.612373508821835	0.159	0.098	5.10432730162706e-05	chr1-107766445-107768183	1
2.66880365086599e-10	0.447550535757105	0.298	0.215	5.10526125588759e-05	chr1-43704225-43708882	1
2.68408482848603e-10	0.52701685919829	0.206	0.135	5.13449323180407e-05	chr6-43427090-43429111	1
2.75776339927118e-10	0.653124368653072	0.153	0.093	5.2754359170018e-05	chr2-159124364-159125748	1
2.84256583309577e-10	0.53819769663698	0.202	0.133	5.43765788476222e-05	chr18-59549379-59550838	1
2.86889347592516e-10	0.504006425313873	0.237	0.164	5.48802108583627e-05	chr14-61524069-61528036	1
2.93728389534036e-10	0.564853248827998	0.199	0.133	5.61884785475238e-05	chr9-114080396-114083164	1
3.00488553966157e-10	0.671099226086451	0.151	0.093	5.74816574424021e-05	chr16-21263438-21266157	1
3.03966996353637e-10	0.539189355901827	0.218	0.148	5.81470626004726e-05	chr13-26221280-26223102	1
3.18082754072704e-10	0.356335826318865	0.41	0.316	6.08473223575839e-05	chr19-2039931-2052931	1
3.20325169244143e-10	0.63573273215744	0.163	0.102	6.1276282925389e-05	chr20-23203346-23206518	1
3.21090520429777e-10	0.451726404008691	0.274	0.195	6.14226900150937e-05	chr6-42563396-42566327	1
3.28943111517122e-10	0.634543411180558	0.164	0.103	6.29248435745563e-05	chr5-40410827-40411959	1
3.73086946489557e-10	0.618409446610479	0.186	0.123	7.13692943417733e-05	chr7-116780457-116781816	1
3.83418519621905e-10	0.533616403513282	0.206	0.137	7.33456622925526e-05	chr12-13135191-13137180	1
3.90080103951495e-10	0.54065526139459	0.192	0.124	7.46199834052974e-05	chr1-185044841-185047409	1
3.92950435014169e-10	0.556369385464648	0.194	0.127	7.51690605156004e-05	chr2-232300014-232301895	1
3.98518715402297e-10	0.622041809965286	0.176	0.114	7.6234239144167e-05	chr1-155909630-155912384	1
4.06517562669371e-10	0.508236847084171	0.238	0.165	7.77643706332747e-05	chr7-151921843-151926645	1
4.11133174100292e-10	0.375445666055261	0.418	0.332	7.86473094063412e-05	chr1-77975584-77980472	1
4.13513009265966e-10	0.647015028530573	0.161	0.102	7.91025575945237e-05	chr5-51382670-51384203	1
4.31212544892358e-10	0.51065509857276	0.229	0.158	8.24883725626388e-05	chr5-55822598-55825331	1
4.36606067638747e-10	0.466151398407549	0.256	0.178	8.35201211028864e-05	chr14-68937542-68940502	1
4.61657052851562e-10	0.528225187293307	0.218	0.148	8.83122242681867e-05	chr21-31730548-31734156	1
4.71797419562771e-10	0.628374349399202	0.159	0.099	9.02520155778407e-05	chr1-67375931-67377450	1
4.80167877812406e-10	0.63408946092165	0.167	0.107	9.18532340182463e-05	chr6-52670397-52671912	1
4.84856804516825e-10	0.617569631683273	0.168	0.107	9.27501975632415e-05	chr13-25301058-25303204	1
4.94821878180746e-10	0.624091381406738	0.155	0.095	9.46564563647076e-05	chr17-50903656-50905827	1
5.15387269071862e-10	0.41657070653999	0.317	0.237	9.85904922498327e-05	chr21-25733269-25736822	1
5.21730597571087e-10	0.595465446262563	0.168	0.106	9.98039329317635e-05	chr11-86933340-86936214	1
5.58649190881719e-10	0.445452151350764	0.276	0.198	0.000106866238320528	chr1-223844723-223847296	1
5.71534431724725e-10	0.636460167348871	0.154	0.095	0.00010933110758235	chr13-23488266-23489124	1
5.83335130178361e-10	0.509289676031246	0.235	0.165	0.000111588510392339	chr1-202810184-202812961	1
6.01378081233027e-10	0.347118421379293	0.422	0.335	0.000115040018671391	chr10-60724630-60736066	1
6.363371091005e-10	0.387772221437583	0.354	0.265	0.000121727470948271	chr8-80750851-80755361	1
6.51742146595108e-10	0.552771162720669	0.208	0.141	0.000124674362190765	chr12-123387511-123391072	1
6.53305319207705e-10	0.660172904953842	0.151	0.094	0.000124973387732519	chr1-51567241-51570630	1
6.5728929458556e-10	0.517028500784297	0.226	0.156	0.00012573549831845	chr1-226986852-226989716	1
7.0123891193492e-10	0.461050488471564	0.252	0.176	0.000134142796419678	chr17-55432459-55434375	1
7.0414220158365e-10	0.645884718776955	0.154	0.096	0.000134698178309743	chr1-87385308-87387196	1
7.17162959915847e-10	0.531702446013249	0.224	0.156	0.000137188971254142	chr1-44985374-44987371	1
7.32546225912644e-10	0.629828689729728	0.158	0.099	0.000140131697739733	chr8-108247867-108249529	1
7.47045989540323e-10	0.519854971829334	0.202	0.135	0.000142905415523126	chr10-112390908-112392161	1
7.54361128308769e-10	0.448500354022404	0.264	0.188	0.000144304757678698	chr1-203006304-203008753	1
7.9363471348882e-10	0.515840369058599	0.221	0.153	0.00015181755888213	chr1-24641659-24645721	1
7.9869703355544e-10	0.469485486327137	0.262	0.187	0.000152785950336954	chr8-85176408-85178923	1
8.03356851438157e-10	0.608524514442334	0.171	0.11	0.000153677345539011	chr14-64703821-64707241	1
8.04978934122413e-10	0.537539206421656	0.214	0.147	0.000153987640224013	chr1-84297097-84303766	1
8.19965934701111e-10	0.514390497016893	0.228	0.158	0.000156854563512714	chr1-178031217-178035349	1
8.21999595545514e-10	0.33965459728503	0.411	0.322	0.000157243590630284	chr7-76301749-76307690	1
8.67448868526482e-10	0.631342330574761	0.154	0.097	0.000165937763855905	chr6-692155-693616	1
8.99667597401772e-10	0.603424007633648	0.165	0.105	0.000172101013377375	chr8-133918515-133920291	1
9.03265382969238e-10	0.365629849720672	0.384	0.297	0.000172789248169717	chr6-30611187-30618835	1
9.3411873422864e-10	0.642263671544291	0.156	0.098	0.000178691309145533	chr19-1414770-1418543	1
9.92475854900166e-10	0.484049880976015	0.233	0.159	0.000189854676187272	chr1-218284510-218286568	1
1.00462960607297e-09	0.549280060371531	0.194	0.129	0.000192179615864124	chr1-221230022-221231277	1
1.05567840053777e-09	0.379334521853125	0.319	0.232	0.000201944943952472	chr17-78171277-78177740	1
1.09125515826772e-09	0.582707408320341	0.177	0.115	0.000208750564245664	chr1-1470307-1473446	1
1.27988916775797e-09	0.512259492964168	0.217	0.148	0.000244835118457093	chr1-44729032-44731715	1
1.41463895669402e-09	0.365639818263145	0.392	0.306	0.000270611944581827	chr1-222617377-222624018	1
1.42866552300038e-09	0.437032365914223	0.272	0.195	0.000273295142556834	chr1-168860736-168864722	1
1.47017659203921e-09	0.563587174416742	0.18	0.119	0.000281235960997548	chr7-74083014-74086008	1
1.47196586384657e-09	0.489972286863307	0.224	0.154	0.000281578237958665	chr8-131903356-131905329	1
1.54859806261476e-09	0.513030947151208	0.215	0.148	0.000296237517789827	chr1-117604811-117607516	1
1.58179363436931e-09	0.612620417995264	0.151	0.094	0.000302587631493043	chr5-33641671-33642737	1
1.60806224700688e-09	0.634038393699368	0.158	0.101	0.000307612659478933	chr5-77355108-77357536	1
1.65071386003588e-09	0.55162645979325	0.192	0.128	0.000315771657141703	chr2-189762097-189763923	1
1.73598975180048e-09	0.603149386393842	0.154	0.097	0.000332084423580922	chr6-170024859-170027190	1
1.85487511895601e-09	0.482177219056188	0.242	0.172	0.000354826481005571	chr12-6228323-6233783	1
1.99968207918128e-09	0.503610566273085	0.216	0.149	0.000382527183654904	chr8-72778452-72779600	1
2.11857743478181e-09	0.5494398163109	0.181	0.119	0.000405271151809151	chr3-40689763-40692044	1
2.11910758350874e-09	0.528027882042818	0.215	0.15	0.000405372566079721	chr2-156435336-156437582	1
2.17299693722194e-09	0.538520378219609	0.172	0.11	0.000415681276108934	chr6-19804060-19805495	1
2.22532742220154e-09	0.532038954214703	0.202	0.139	0.000425691783902622	chr9-109922568-109924293	1
2.23653621789762e-09	0.615593291454879	0.163	0.106	0.000427835959266508	chr9-64014728-64017821	1
2.29367645549831e-09	0.382062643932136	0.336	0.252	0.000438766543878095	chr1-156746491-156753569	1
2.32785840840568e-09	0.538281489488432	0.173	0.111	0.000445305346377556	chr5-81850680-81852469	1
2.35142936820776e-09	0.424689285252478	0.278	0.201	0.000449814329561935	chr6-127265879-127268830	1
2.35667328547433e-09	0.502477980485738	0.21	0.142	0.000450817459471526	chr7-90345428-90347386	1
2.36383982386529e-09	0.519625819592066	0.197	0.133	0.000452188375266487	chr21-34887699-34890484	1
2.3663736861777e-09	0.464980766454445	0.25	0.179	0.000452673087923678	chr5-127956861-127961334	1
2.42043529710884e-09	0.528974488301801	0.208	0.144	0.000463014749725138	chr1-86501888-86506249	1
2.48756655261869e-09	0.542161655663169	0.181	0.12	0.000475856556116641	chr5-757737-760019	1
2.48987071964322e-09	0.514280625600315	0.206	0.141	0.00047629732944343	chr7-128229336-128232035	1
2.49566115772754e-09	0.558039395014954	0.17	0.109	0.000477405005506333	chr12-62465803-62467895	1
2.65141354350315e-09	0.492138650422468	0.218	0.15	0.000507199502390891	chr7-5045245-5046785	1
2.6668968496371e-09	0.571067708260406	0.176	0.115	0.00051016136595448	chr1-965780-968684	1
2.81774728278741e-09	0.590522301431271	0.162	0.104	0.000539018148713534	chr10-118753105-118755941	1
3.32326491050772e-09	0.576167621998715	0.172	0.113	0.000635720637790663	chr16-2512256-2516126	1
3.49241260166035e-09	0.453150982109963	0.251	0.179	0.000668077576222016	chr10-104328341-104332875	1
3.61138838702583e-09	0.580346287592625	0.175	0.116	0.000690836930107719	chr14-35331528-35333595	1
3.83847677896188e-09	0.473786174199815	0.237	0.168	0.000734277576954733	chr6-100880386-100882454	1
4.01775338822003e-09	0.473302527585697	0.236	0.168	0.000768572116646163	chr2-233480045-233482844	1
4.10487980951091e-09	0.569251048955513	0.155	0.098	0.000785238878280579	chr6-46129007-46130648	1
4.26586246665427e-09	0.503105569173804	0.218	0.151	0.000816033894696162	chr6-159691247-159694685	1
4.57850704736625e-09	0.571023854085788	0.168	0.11	0.000875840927118879	chr1-32350904-32352792	1
4.66140947333875e-09	0.386276896684313	0.334	0.253	0.000891699663792863	chr1-201510724-201513590	1
4.95710848545029e-09	0.63292036478044	0.152	0.098	0.000948265110615728	chr6-137866318-137867997	1
5.34587604513225e-09	0.44094815260263	0.244	0.174	0.00102263401217753	chr5-72264542-72269573	1
5.35078027164276e-09	0.608929872262036	0.156	0.101	0.00102357216128363	chr6-7893973-7895626	1
5.36390710047098e-09	0.615260269548308	0.153	0.098	0.0010260832448775	chr17-49729048-49731143	1
5.39103961487628e-09	0.478711374215263	0.236	0.167	0.00103127353208814	chr1-206908610-206910227	1
5.58602583538131e-09	0.606924565617104	0.154	0.098	0.00106857322615343	chr6-87472300-87474061	1
5.64067713130912e-09	0.587273117705703	0.151	0.096	0.00107902769115665	chr6-1088177-1089412	1
5.65258330272222e-09	0.481704905288614	0.23	0.164	0.00108130527031094	chr6-96520186-96522877	1
5.67521790512079e-09	0.444997287436031	0.256	0.186	0.00108563513394218	chr1-229507428-229509514	1
5.84457336225422e-09	0.482214747515567	0.203	0.137	0.00111803181675906	chr6-37244281-37245596	1
5.91880838243643e-09	0.379777584263969	0.287	0.208	0.0011322325307098	chr1-84502928-84507349	1
5.97650029272737e-09	0.594095215281174	0.153	0.097	0.00114326864699699	chr7-30428733-30431210	1
5.98446765353222e-09	0.344258263124205	0.392	0.308	0.00114479275531479	chr1-215566471-215571349	1
6.53664593003141e-09	0.534044913381068	0.174	0.115	0.00125042114653943	chr4-10172566-10175245	1
6.57874889486905e-09	0.592350530926913	0.164	0.108	0.00125847519109508	chr11-47989827-47992000	1
6.58607877452739e-09	0.407847492110149	0.259	0.186	0.00125987735309444	chr1-52402837-52405596	1
6.63206282891654e-09	0.564179346992496	0.16	0.102	0.00126867382679476	chr1-32753396-32755963	1
6.6701048858773e-09	0.340164136046853	0.401	0.318	0.00127595104403901	chr1-244859872-244865927	1
6.90641663456441e-09	0.551768872597113	0.178	0.12	0.00132115606369236	chr10-79093487-79096296	1
7.30698915298711e-09	0.358318852359481	0.352	0.268	0.00139778318303152	chr6-156776300-156781006	1
7.45345663306799e-09	0.577954674065617	0.166	0.11	0.00142580153316611	chr11-12723443-12726275	1
7.45978321929763e-09	0.474772075053511	0.223	0.157	0.00142701177115232	chr16-80899798-80901153	1
7.74808678945744e-09	0.487421923299952	0.228	0.163	0.00148216251430247	chr1-200738018-200740651	1
8.13548372329618e-09	0.594392716609944	0.152	0.098	0.00155626922336422	chr6-80527177-80528650	1
8.22260922576807e-09	0.483383835877134	0.219	0.154	0.00157293580923408	chr5-76384049-76389298	1
8.45794429057083e-09	0.424764857733779	0.263	0.189	0.00161795399512046	chr1-211513710-211516187	1
8.74614033351135e-09	0.350142572016703	0.37	0.286	0.00167308416895872	chr1-183021761-183025153	1
9.06582836796962e-09	0.56650525403578	0.154	0.098	0.00173423857182238	chr1-181250329-181251957	1
9.8466791181173e-09	0.532139431047809	0.172	0.114	0.00188361063522113	chr5-95842888-95844549	1
1.02436067108658e-08	0.527181665241483	0.192	0.131	0.00195954050214836	chr1-161158514-161160445	1
1.0451235524766e-08	0.385388155007359	0.287	0.211	0.00199925864847459	chr3-11769644-11771745	1
1.04640973146548e-08	0.579920060710454	0.156	0.101	0.00200171903170957	chr3-128434844-128436115	1
1.0682402029102e-08	0.59703549270814	0.156	0.102	0.00204347941375503	chr16-81644950-81646082	1
1.11769910917751e-08	0.607367325741195	0.158	0.104	0.00213809133391003	chr7-159139732-159142187	1
1.1678947222866e-08	0.468669680162625	0.221	0.155	0.00223411253005093	chr6-53547172-53548846	1
1.17081330856752e-08	0.345821307135133	0.318	0.237	0.00223969561049115	chr1-74732430-74734510	1
1.17636936566655e-08	0.588829263325324	0.157	0.103	0.00225032401435816	chr21-33403207-33405679	1
1.19809908058021e-08	0.423496153404178	0.273	0.202	0.00229189165520511	chr1-222641227-222645069	1
1.2348578504998e-08	0.5045351715041	0.198	0.137	0.00236220897653509	chr6-1294817-1296987	1
1.24791390456578e-08	0.561770631154775	0.153	0.098	0.00238718442460007	chr6-28124051-28125335	1
1.2758653890999e-08	0.471604865062436	0.226	0.162	0.00244065393742477	chr1-1306198-1311315	1
1.35912970150895e-08	0.567817071334901	0.155	0.101	0.00259993357120454	chr4-17613485-17615517	1
1.3759264064368e-08	0.563634365538189	0.171	0.115	0.0026320646599292	chr21-31657959-31661092	1
1.39909740047129e-08	0.413210650893743	0.275	0.202	0.00267638938125755	chr6-116252626-116256214	1
1.41064027331027e-08	0.434915508064004	0.235	0.168	0.00269847020442614	chr1-235159975-235162239	1
1.43853976539625e-08	0.427757387607318	0.265	0.197	0.0027518402588171	chr1-74197461-74199264	1
1.44696294730288e-08	0.519524197629049	0.188	0.128	0.00276795330041357	chr2-179676607-179678754	1
1.4501792050776e-08	0.429212254079199	0.257	0.186	0.00277410580856114	chr6-80105978-80107409	1
1.45189628596769e-08	0.599586756666305	0.15	0.097	0.00277739048127903	chr1-39115642-39118492	1
1.45403510890436e-08	0.419212246643386	0.242	0.171	0.0027814819212275	chr1-99644547-99646728	1
1.51223006650065e-08	0.524150121041935	0.182	0.124	0.00289280538341175	chr1-111139169-111141114	1
1.5200953811644e-08	0.591517334226089	0.152	0.098	0.00290785125844462	chr1-26110239-26112787	1
1.52392589919739e-08	0.55257920031663	0.168	0.111	0.00291517880961066	chr12-124719965-124721379	1
1.55294808058447e-08	0.335752213288923	0.384	0.302	0.00297069650127325	chr8-76998839-77001522	1
1.57734709828159e-08	0.523375418021663	0.191	0.132	0.00301737035818679	chr10-114937714-114939678	1
1.57857045583461e-08	0.2561124920364	0.566	0.475	0.00301971056778425	chr1-174998092-175001652	1
1.58743558626865e-08	0.529660263913109	0.18	0.122	0.00303666903039676	chr6-30570224-30572598	1
1.63595103999973e-08	0.515358351593593	0.183	0.124	0.00312947618245709	chr2-191415009-191416698	1
1.64915749608907e-08	0.444610840003852	0.232	0.165	0.00315473934056862	chr1-98660859-98663374	1
1.7464071607007e-08	0.557555331083772	0.166	0.11	0.0033407721139908	chr2-85510745-85512119	1
1.7492257654187e-08	0.457220637939193	0.226	0.161	0.00334616393570005	chr1-78237159-78238365	1
1.85485988487848e-08	0.570035965080935	0.16	0.106	0.00354823566817944	chr6-42959859-42961681	1
1.88366874672394e-08	0.400205273894627	0.271	0.201	0.0036033452923581	chr1-182838589-182841799	1
1.93177949658927e-08	0.542240936787251	0.174	0.118	0.00369537827020548	chr10-132444722-132449682	1
1.99575363415306e-08	0.537031099796699	0.173	0.117	0.00381775695691675	chr14-89654032-89655895	1
2.02521818303222e-08	0.418987228913588	0.257	0.188	0.00387412087104966	chr6-83192416-83195917	1
2.06517313364101e-08	0.448323651079614	0.243	0.176	0.00395055229426724	chr10-64573126-64575191	1
2.11635866148682e-08	0.500935228104337	0.174	0.117	0.0040484671379046	chr1-64343046-64344406	1
2.19981341109186e-08	0.582619816177462	0.152	0.099	0.00420811106661406	chr8-73330072-73331625	1
2.21241003560745e-08	0.501830156742554	0.178	0.119	0.00423220765351491	chr5-74326780-74329033	1
2.36461724900438e-08	0.5071983576637	0.174	0.116	0.00452337092031044	chr2-20465560-20467804	1
2.37506444434879e-08	0.458649292207055	0.208	0.144	0.00454335577817258	chr18-46332688-46334532	1
2.38482366633778e-08	0.524959364450637	0.184	0.126	0.0045620245842842	chr1-229058099-229060778	1
2.39176017991296e-08	0.57185608502375	0.159	0.106	0.0045752937185627	chr4-139985525-139987697	1
2.4856258921911e-08	0.271566725467001	0.522	0.44	0.00475485319420805	chr1-212283938-212287595	1
2.51329282265569e-08	0.478339675962938	0.202	0.141	0.00480777837217097	chr11-108646653-108648753	1
2.58153725754699e-08	0.411764506815308	0.244	0.176	0.00493832588145193	chr3-182792537-182796042	1
2.58421580939566e-08	0.503129212392803	0.179	0.121	0.00494344979042533	chr1-16611874-16614121	1
2.60658716966818e-08	0.397718744097154	0.267	0.196	0.00498624486034505	chr1-164601092-164604503	1
2.65743581607417e-08	0.473284432101511	0.198	0.137	0.00508351527000092	chr2-169714887-169717735	1
2.6575362670569e-08	0.530521921479951	0.171	0.115	0.00508370742670383	chr1-246488295-246490143	1
2.76535592965198e-08	0.37165236237364	0.294	0.218	0.00528995997206846	chr1-65065987-65069095	1
2.82894746427394e-08	0.564087378136973	0.154	0.101	0.00541160676230819	chr8-98291435-98295142	1
2.88116171901146e-08	0.464292771427568	0.223	0.16	0.00551148949876578	chr10-73572338-73578529	1
2.95857864326229e-08	0.545703592343471	0.167	0.112	0.00565958342984216	chr1-226869949-226871982	1
2.97448789944523e-08	0.539381194090497	0.18	0.123	0.00569001688236475	chr3-170045030-170047448	1
3.06193052034247e-08	0.507846200235947	0.174	0.117	0.00585728936958392	chr13-51995142-51996761	1
3.07236434767389e-08	0.389862872513493	0.294	0.223	0.00587724865523929	chr1-32758018-32763841	1
3.07530970830298e-08	0.454560056930016	0.221	0.158	0.00588288295340109	chr5-131671203-131673820	1
3.09448901553628e-08	0.521288443293437	0.183	0.126	0.00591957181737998	chr7-12403057-12404838	1
3.1077996314304e-08	0.572350200475347	0.16	0.107	0.00594503422694846	chr12-53658359-53660406	1
3.13181133480442e-08	0.511719536993718	0.174	0.117	0.00599096717480076	chr7-155456596-155459392	1
3.15632817388376e-08	0.355577095708204	0.352	0.275	0.0060378664169492	chr1-61076041-61084174	1
3.17348445035539e-08	0.323153012278501	0.379	0.296	0.00607068534446284	chr1-166838255-166841588	1
3.21226323555374e-08	0.486018000723617	0.196	0.137	0.00614486683382017	chr3-174954490-174957789	1
3.30343880891239e-08	0.300907728490348	0.415	0.332	0.00631928023512087	chr1-241518364-241520546	1
3.33662489006442e-08	0.496521855671075	0.186	0.128	0.00638276321719984	chr1-8024867-8027190	1
3.36771619223876e-08	0.456171302555512	0.216	0.153	0.00644223901278122	chr1-246165741-246167245	1
3.37875411959494e-08	0.50742511240366	0.172	0.116	0.00646335390553794	chr1-153122561-153123598	1
3.53823590015793e-08	0.525299363640324	0.16	0.105	0.0067684329828481	chr1-8415010-8419219	1
3.56448286236512e-08	0.466840481825305	0.196	0.136	0.00681864184673274	chr1-162929854-162932139	1
3.68820633683824e-08	0.431863918350771	0.242	0.175	0.00705531742999134	chr6-113856622-113859520	1
3.68833707301418e-08	0.517172991347905	0.171	0.115	0.00705556752045175	chr6-41733696-41736333	1
3.87746812075619e-08	0.433668051768894	0.227	0.163	0.00741736386691934	chr7-50066830-50070301	1
3.92132945651917e-08	0.517266674058651	0.166	0.111	0.00750126797055377	chr10-131960656-131964646	1
3.92146597344595e-08	0.477620065838774	0.202	0.142	0.0075015291192437	chr3-158801194-158802931	1
3.98756908846698e-08	0.540919755454854	0.152	0.099	0.00762798041209203	chr14-91276046-91278152	1
4.0570469511388e-08	0.378165249200176	0.262	0.191	0.00776088739471145	chr21-42056161-42059470	1
4.37222527652728e-08	0.457383311395423	0.204	0.142	0.0083638046204801	chr6-134014581-134018214	1
4.41700281075798e-08	0.509836798438165	0.192	0.135	0.00844946135681138	chr2-201115741-201119521	1
4.42115678140607e-08	0.451919214458328	0.229	0.166	0.00845740765342293	chr1-219278751-219280414	1
4.42251290645798e-08	0.476549639340137	0.197	0.138	0.00846000183927973	chr5-135323096-135325975	1
4.47067760514873e-08	0.310710812353083	0.389	0.306	0.00855213801799321	chr1-244046971-244049868	1
4.76319903189794e-08	0.476162913764018	0.186	0.128	0.00911171395607885	chr9-110089133-110090669	1
4.80669998961379e-08	0.531858000863745	0.176	0.121	0.0091949286781318	chr1-1324210-1326382	1
4.85890027807787e-08	0.428411305857083	0.217	0.153	0.00929478469794628	chr2-180257026-180259407	1
4.94387590482905e-08	0.419307275356437	0.238	0.173	0.00945733797338367	chr3-129224583-129227267	1
5.00905092642633e-08	0.557035504247337	0.15	0.098	0.00958201387919798	chr10-4279568-4281656	1
5.01577681332985e-08	0.460709465821455	0.247	0.184	0.00959488009729121	chr2-189439273-189442487	1
5.10204075298975e-08	0.408450192449493	0.273	0.204	0.00975989783802421	chr1-163320852-163322995	1
5.24547269480706e-08	0.450639088514787	0.217	0.156	0.0100342745368042	chr6-27250809-27252470	1
5.2575192033548e-08	0.496204653761406	0.177	0.12	0.0100573187848655	chr3-4564731-4567390	1
5.30880493528298e-08	0.551211787098751	0.159	0.106	0.0101554253129002	chr1-244718948-244720602	1
5.34631552368776e-08	0.540908101628907	0.16	0.107	0.0102271808178833	chr6-95576486-95578548	1
5.50675318763369e-08	0.494960660827864	0.176	0.119	0.010534088442752	chr6-27374310-27376180	1
5.54363623554448e-08	0.391024142833497	0.276	0.206	0.0106046435004225	chr1-108691203-108693827	1
5.61959312658122e-08	0.410983704191895	0.239	0.173	0.0107499444755623	chr21-45511591-45514535	1
5.63979052684118e-08	0.522697292233173	0.176	0.12	0.0107885808904156	chr9-134325160-134330412	1
5.77191383565666e-08	0.522497984894666	0.161	0.108	0.011041324852781	chr21-36059436-36061226	1
5.86066500232811e-08	0.481955657622779	0.185	0.128	0.0112111005095535	chr1-222589118-222590783	1
5.86383153638019e-08	0.467118857927925	0.205	0.145	0.0112171578992031	chr21-46322361-46326440	1
5.92178548507811e-08	0.502323125402257	0.173	0.117	0.0113280203258253	chr16-85010114-85012325	1
5.98778278489701e-08	0.53797801083999	0.157	0.104	0.0114542692005409	chr1-59856298-59857743	1
6.01111861465499e-08	0.476962491380061	0.188	0.131	0.0114989092427181	chr3-9897418-9899740	1
6.14470540057573e-08	0.474494366551658	0.18	0.123	0.0117544527489773	chrX-40151665-40155488	1
6.22375324966554e-08	0.509033243979948	0.186	0.13	0.0119056665414152	chr12-123711438-123714280	1
6.30426259545852e-08	0.581670223999771	0.152	0.102	0.0120596760893564	chr1-207796921-207802285	1
6.69863659427567e-08	0.489482682848023	0.18	0.124	0.0128140898866537	chr1-6204861-6207120	1
6.90616684375768e-08	0.380398198442865	0.288	0.218	0.0132110828020978	chr1-234372807-234374412	1
6.91569450303078e-08	0.468590903716492	0.2	0.14	0.0132293086426277	chr1-155037913-155039587	1
7.01398100638844e-08	0.477986700605019	0.205	0.145	0.0134173248263607	chr21-32611082-32613877	1
7.05122140779473e-08	0.47597069933871	0.193	0.136	0.0134885634798269	chr5-16735366-16737052	1
7.09447719992556e-08	0.482937162930565	0.176	0.12	0.0135713092148256	chr8-38733470-38736337	1
7.97901893985066e-08	0.380336425425694	0.3	0.229	0.0152633844907979	chr1-224929135-224930877	1
8.04457217760795e-08	0.511532725637498	0.168	0.114	0.0153887839014334	chr16-73015159-73017869	1
8.12135977866796e-08	0.326371330300139	0.353	0.271	0.0155356739750051	chr1-8876566-8881172	1
8.38359724198421e-08	0.322077066094409	0.36	0.283	0.0160373185080813	chr5-98785264-98792277	1
8.6530006030658e-08	0.555445492370888	0.151	0.1	0.0165526709736287	chr8-48693288-48694530	1
9.09980207107011e-08	0.512889761456847	0.166	0.112	0.0174073753738329	chr14-104863949-104866909	1
9.27725936494948e-08	0.427295122243689	0.224	0.162	0.0177468405295865	chr2-120222490-120226009	1
9.29318003088123e-08	0.413170748715416	0.241	0.176	0.0177772958082739	chr1-236280616-236282730	1
9.56666319879494e-08	0.431303557007602	0.208	0.147	0.0183004526995028	chr1-10377318-10379786	1
9.63366837414451e-08	0.470714616444496	0.188	0.131	0.018428629579636	chr15-69560941-69563320	1
9.81355623328722e-08	0.40943418813809	0.225	0.162	0.0187727442609045	chr12-103954353-103958026	1
9.87153627661218e-08	0.479668736802036	0.175	0.12	0.0188836566049825	chr6-108294282-108295829	1
9.93495183612049e-08	0.452445323289132	0.201	0.142	0.0190049667653883	chr12-53803702-53805297	1
1.04000573147688e-07	0.37928070135708	0.273	0.204	0.0198946856397139	chr6-30882475-30887037	1
1.06367806475051e-07	0.478008836010525	0.173	0.118	0.0203475231718385	chr1-156599647-156602253	1
1.12119762381688e-07	0.535801147589869	0.165	0.113	0.0214478378250426	chr1-226109258-226110789	1
1.1332479143194e-07	0.394696738710252	0.256	0.19	0.0216783526521816	chr1-63592702-63594839	1
1.21103323543905e-07	0.37542516928722	0.274	0.208	0.0231663391740078	chr1-241847312-241849377	1
1.22116042115467e-07	0.510075903891013	0.175	0.121	0.0233600661604362	chr1-180153873-180155961	1
1.23277190949639e-07	0.459592882692531	0.199	0.142	0.0235821869655202	chr6-15948868-15950687	1
1.24479813259336e-07	0.473063349648954	0.187	0.131	0.0238122413976314	chr17-47948257-47950886	1
1.26583160906756e-07	0.511381255298333	0.173	0.12	0.024214599182497	chr1-212413657-212415359	1
1.28300947590508e-07	0.463773317717813	0.214	0.156	0.0245432014683786	chr12-74536990-74540402	1
1.28579287756706e-07	0.459728305158447	0.188	0.13	0.0245964462721313	chr1-233714123-233715699	1
1.29710445547505e-07	0.444639016908	0.202	0.144	0.0248128299705644	chr1-42333679-42336702	1
1.29771041542439e-07	0.329946582149324	0.349	0.272	0.0248244216208193	chr1-77681391-77684466	1
1.32161099509988e-07	0.489015643101308	0.177	0.123	0.0252816253696637	chr5-132426730-132430266	1
1.3269636390651e-07	0.472946880621226	0.192	0.135	0.0253840182371319	chr21-25606731-25608930	1
1.34325235145906e-07	0.370106614935719	0.273	0.205	0.025695611532001	chr1-32393583-32395865	1
1.37460190554329e-07	0.543923016550197	0.153	0.102	0.0262953096918998	chr18-66320017-66321846	1
1.3803529653157e-07	0.474444933411211	0.187	0.131	0.0264053240147102	chr7-2157053-2158401	1
1.43464716289462e-07	0.538318734087007	0.15	0.101	0.0274439394378764	chr9-116085945-116088222	1
1.45268732122515e-07	0.43325403703134	0.213	0.154	0.0277890368426443	chr1-150970813-150975281	1
1.4703015213726e-07	0.339168457244979	0.297	0.225	0.028125985922945	chr1-197901777-197904793	1
1.54966096445572e-07	0.453432258936891	0.179	0.123	0.0296440844534592	chr13-50357007-50358845	1
1.55361380646948e-07	0.512720516840138	0.161	0.11	0.0297196999494772	chr16-31487064-31488627	1
1.58473497438257e-07	0.371901374140642	0.25	0.184	0.030315029218954	chr16-54285186-54287672	1
1.59633484111869e-07	0.545562007505582	0.155	0.105	0.0305369277096958	chr16-694942-696404	1
1.64188023354347e-07	0.447456965697665	0.194	0.136	0.0314081837395464	chr17-22265400-22267653	1
1.68166027349864e-07	0.496842474725202	0.158	0.106	0.0321691520358649	chr19-24052751-24055085	1
1.69754187041236e-07	0.505379070427285	0.166	0.113	0.0324729574558663	chr1-206112428-206113772	1
1.70069415494971e-07	0.40721019911505	0.225	0.163	0.0325332587676951	chr6-107458177-107460435	1
1.83379849550624e-07	0.488538505272162	0.178	0.124	0.0350794649399371	chr1-58941645-58943624	1
1.87390865427384e-07	0.347337368712562	0.289	0.219	0.0358467482110661	chr1-226127185-226128898	1
1.89922217934477e-07	0.432837804140991	0.195	0.138	0.0363309807575578	chr21-32726573-32728897	1
1.90672711447701e-07	0.515139584942316	0.16	0.108	0.0364745456636766	chr13-26253600-26255388	1
1.91788358852272e-07	0.545998696630289	0.152	0.103	0.0366879623182865	chr2-70084800-70090084	1
1.93624196909101e-07	0.361979118015064	0.26	0.194	0.0370391471235296	chr5-88140805-88142882	1
1.98491709964022e-07	0.357106085504101	0.299	0.229	0.0379702731658576	chr1-204409135-204412726	1
1.98920290462126e-07	0.321911568870432	0.349	0.277	0.0380522580436619	chr7-151112947-151116838	1
2.01248926758664e-07	0.498036807160181	0.156	0.105	0.0384977121953719	chr1-94819564-94822243	1
2.0319022793105e-07	0.38467639212512	0.259	0.194	0.0388690714618423	chr6-3453340-3458469	1
2.03815114075679e-07	0.516934998489263	0.16	0.109	0.038988608431993	chr7-150404188-150407419	1
2.05194352043606e-07	0.448678832515065	0.199	0.142	0.0392524483798295	chr8-81841271-81843114	1
2.10686934398953e-07	0.523945108808939	0.165	0.114	0.0403031464289134	chr13-27170493-27172883	1
2.22307290129649e-07	0.304677463829315	0.392	0.316	0.0425260507580611	chr6-166625198-166628967	1
2.22506500620369e-07	0.472249396671941	0.171	0.118	0.0425641585296729	chr6-139027708-139029935	1
2.29290230002489e-07	0.430208085070658	0.2	0.142	0.0438618452580961	chr6-46169541-46171944	1
2.40060162527852e-07	0.441583478380189	0.205	0.147	0.0459220687306029	chr1-225997931-226000199	1
2.46284800422672e-07	0.487944570062136	0.172	0.12	0.0471128046120547	chr1-70587545-70588917	1
2.49567098028638e-07	0.433262080571708	0.218	0.16	0.0477406884502902	chr13-27423884-27426780	1
2.53673456287254e-07	0.411486008709607	0.216	0.155	0.048526210147014	chr1-103524228-103526745	1
2.61292089939518e-07	0.452637482794717	0.164	0.111	0.0499836090528901	chr16-11496876-11498111	1
2.61598959915196e-07	0.413577787467156	0.209	0.15	0.0500423114380175	chr6-7144918-7147445	1
2.63899711393283e-07	0.315306570586157	0.336	0.261	0.0504824313912666	chr1-117118606-117122803	1
2.6675998317429e-07	0.426199258712513	0.193	0.136	0.0510295842213427	chr5-169049752-169051593	1
2.72789435541751e-07	0.362652348474503	0.259	0.194	0.0521829822825236	chr1-233326665-233328600	1
2.751232629431e-07	0.368273127488544	0.262	0.195	0.0526294294614375	chr6-154343343-154344809	1
2.75403151364273e-07	0.434330509455754	0.199	0.142	0.0526829704370773	chr20-29877734-29879410	1
2.79922836082913e-07	0.385601161993898	0.246	0.182	0.0535475590056447	chr1-225833872-225837627	1
2.83198500073827e-07	0.446989067514414	0.212	0.154	0.0541741738731227	chr1-184386294-184389244	1
2.86149499775946e-07	0.416943428748914	0.217	0.157	0.0547386824101399	chr12-121753610-121755671	1
2.93567318429603e-07	0.431804147602829	0.201	0.144	0.0561576666116724	chr12-89918012-89920048	1
2.97298145130871e-07	0.51615992303896	0.158	0.108	0.0568713513746648	chr10-12631128-12632617	1
3.12195462828533e-07	0.43553675549528	0.198	0.14	0.0597211188663214	chr1-156590918-156592904	1
3.15424413172621e-07	0.281691706578601	0.396	0.317	0.0603387976934434	chr1-167219325-167224071	1
3.19844138593781e-07	0.439897766794656	0.195	0.139	0.0611842646481587	chr16-50591245-50593135	1
3.23032358663911e-07	0.45803266110939	0.182	0.128	0.0617941520182543	chr6-138571254-138573240	1
3.23569796648845e-07	0.354042933108988	0.259	0.192	0.0618969606801442	chr1-1613951-1618186	1
3.23734992451151e-07	0.427864502599683	0.202	0.144	0.0619285616459505	chr6-134173873-134176210	1
3.32808414861379e-07	0.433198246137737	0.209	0.152	0.0636642529124926	chr17-79991285-79994381	1
3.39783956829789e-07	0.42646267257681	0.181	0.126	0.0649986322377977	chr16-73070191-73072089	1
3.40687468030359e-07	0.441374759231914	0.185	0.13	0.0651714685093996	chr14-77203376-77205141	1
3.49700035350988e-07	0.433056622287166	0.197	0.14	0.0668955185624318	chr12-115871206-115873911	1
3.5408754128764e-07	0.484773383224371	0.162	0.111	0.0677348221230777	chr1-1079250-1080714	1
3.56239753195706e-07	0.423097199635846	0.192	0.136	0.0681465273478193	chr13-102845120-102847975	1
3.6199078133051e-07	0.404122582755085	0.234	0.174	0.0692466645238385	chr2-15591078-15592847	1
3.66070846619651e-07	0.421745585794233	0.216	0.158	0.0700271565332596	chr21-43725503-43729401	1
3.72079159311292e-07	0.48080916064678	0.172	0.12	0.0711765107012944	chr20-31942126-31944467	1
3.74822892266038e-07	0.307767946442213	0.365	0.287	0.0717013703531395	chr1-165629784-165632546	1
3.84200656405776e-07	0.427487548494552	0.217	0.159	0.0734952803664866	chr1-65169809-65171861	1
3.87177824983546e-07	0.443090097762832	0.169	0.116	0.0740647948524024	chr1-179585879-179587139	1
3.92428820026735e-07	0.37797934270395	0.238	0.176	0.0750692786981942	chr12-94458521-94461100	1
3.94488170268076e-07	0.443478877293182	0.18	0.127	0.0754632200432614	chr6-138986678-138989758	1
3.97123406284168e-07	0.386735981149694	0.233	0.17	0.0759673248817235	chr1-32715636-32717459	1
4.04534863528925e-07	0.473771321680376	0.172	0.119	0.0773850921839022	chr6-29632185-29633906	1
4.06183659660085e-07	0.367610894008902	0.261	0.195	0.0777004969910163	chr1-229624523-229627372	1
4.30318713716474e-07	0.513217095936151	0.157	0.108	0.0823173880216792	chr1-4729666-4730962	1
4.40852108184908e-07	0.402665815041678	0.238	0.179	0.0843323631831238	chr19-1406312-1413746	1
4.41337428234484e-07	0.461255451750805	0.176	0.123	0.0844252019966874	chr1-2081672-2083155	1
4.43547644907914e-07	0.403741581996691	0.226	0.167	0.0848480031850144	chr17-17876618-17878789	1
4.46578936123403e-07	0.333493191948893	0.317	0.249	0.0854278710067903	chr1-154404465-154409423	1
4.57573921408148e-07	0.442790332795272	0.18	0.127	0.0875311457218503	chr2-119282949-119284602	1
4.57802669271158e-07	0.339959527051885	0.296	0.227	0.087574903815557	chr14-20454016-20456216	1
4.61016095500885e-07	0.444207377485025	0.18	0.125	0.0881896129727462	chr1-178541888-178543616	1
4.66297252728155e-07	0.471711862407381	0.162	0.111	0.0891998666633797	chr6-6007882-6009602	1
4.76540236562285e-07	0.489914191662932	0.164	0.114	0.0911592880129458	chr7-127843274-127846369	1
4.82548180800199e-07	0.313633129538876	0.336	0.265	0.0923085716979932	chr1-235366683-235368559	1
4.83234945865059e-07	0.425503369336416	0.196	0.14	0.0924399457343106	chr14-89184467-89187395	1
4.94494412149595e-07	0.413170521871667	0.207	0.151	0.0945938140777447	chr21-36319589-36322331	1
4.95688385464363e-07	0.374047332931918	0.278	0.215	0.0948222140090198	chr13-99196416-99202015	1
4.97862013200416e-07	0.279591385299017	0.433	0.359	0.0952380159531603	chr1-100894250-100897286	1
4.99846541339652e-07	0.373514614920498	0.231	0.17	0.0956176442790274	chr13-21603319-21604699	1
5.02607991072697e-07	0.42716922069895	0.201	0.145	0.0961458930442605	chr11-9362362-9365025	1
5.04684554231619e-07	0.331447543682542	0.306	0.238	0.0965431271171834	chr9-110254793-110258237	1
5.12283283716238e-07	0.333809594340284	0.31	0.243	0.097996718475214	chr1-156498160-156502079	1
5.12502248608626e-07	0.470399941736161	0.185	0.132	0.0980386051453386	chr17-17691678-17696077	1
5.14768405100744e-07	0.37500292337967	0.258	0.195	0.0984721072853418	chr1-109088886-109092185	1
5.28916789937945e-07	0.407740210870718	0.215	0.156	0.101178608414389	chr6-109336046-109337535	1
5.31587789015583e-07	0.384295215760064	0.233	0.172	0.101689554511947	chr1-41481971-41485995	1
5.3658858240401e-07	0.481240067860178	0.182	0.129	0.102646176282393	chr20-29496631-29498177	1
5.52867583724766e-07	0.488937800254617	0.16	0.11	0.105760251561045	chr12-75329645-75330707	1
5.55651258512321e-07	0.496794311220929	0.153	0.105	0.106292751845856	chr1-162497337-162498855	1
5.56365949595115e-07	0.440711073371981	0.189	0.136	0.106429467961848	chr1-42455611-42457675	1
5.57468595953587e-07	0.473263269982151	0.174	0.123	0.106640397594345	chr13-21012827-21015418	1
5.73898048051145e-07	0.397737058102716	0.226	0.166	0.109783253203896	chr6-169789397-169791313	1
6.16118150867808e-07	0.475143455184779	0.179	0.127	0.117859705552106	chr5-122774434-122776297	1
6.41333565333725e-07	0.484537898505809	0.166	0.115	0.12268326304695	chr1-25239431-25240818	1
6.48113834933795e-07	0.384323591079336	0.24	0.18	0.123980287939825	chr9-109329022-109332050	1
6.74896488368896e-07	0.338578127309973	0.305	0.238	0.12910364884604	chr1-220044791-220047300	1
7.04862084038656e-07	0.430897651674512	0.179	0.126	0.134835887504091	chr22-50620089-50623618	1
7.16173159443113e-07	0.36472747605518	0.25	0.19	0.136999628362511	chr8-143812936-143817551	1
7.19662105029822e-07	0.490879842635872	0.166	0.116	0.137667042719575	chr2-234632406-234634520	1
7.2203842791091e-07	0.489020101987	0.158	0.11	0.13812161902879	chr16-72846975-72849691	1
7.25016462243806e-07	0.475220607868997	0.156	0.107	0.138691299128467	chr1-31412687-31415243	1
7.32858130441238e-07	0.34250821322573	0.258	0.193	0.140191363204626	chr1-184050586-184052749	1
7.87639552965082e-07	0.381168500256676	0.227	0.167	0.150670720644902	chr1-204515724-204517263	1
7.94732850315586e-07	0.389435394079265	0.232	0.173	0.15202762586827	chr1-84572728-84575012	1
8.32798344565676e-07	0.466735047942946	0.154	0.105	0.159309326525346	chr1-21251553-21252776	1
8.56494551286524e-07	0.268908954034676	0.424	0.347	0.163842268693804	chr1-246930003-246932833	1
8.71219842289396e-07	0.373630936517652	0.234	0.173	0.166659128510908	chr5-100534571-100536410	1
8.99664227955445e-07	0.387360956948912	0.219	0.161	0.172100368822509	chr1-241639236-241641551	1
9.30938920588973e-07	0.41254207884789	0.196	0.141	0.178083029875147	chr16-4846151-4848736	1
9.4116275033633e-07	0.460940896628465	0.174	0.124	0.180038787162838	chr1-67715318-67718203	1
9.56173190692294e-07	0.380805923275595	0.258	0.199	0.182910194340292	chr5-139650630-139656643	1
9.96526362998259e-07	0.472966091764588	0.151	0.103	0.190629514083389	chr3-120766099-120768515	1
1.01588425643298e-06	0.446255293814905	0.164	0.114	0.194332562950091	chr4-24596699-24598795	1
1.02646143625148e-06	0.365431581562269	0.25	0.188	0.19635591398629	chr21-17818204-17820491	1
1.04814637655568e-06	0.491762884092902	0.16	0.111	0.200504112956842	chr7-139430282-139432360	1
1.05290718991571e-06	0.470872276538882	0.17	0.122	0.201414827987735	chr6-149854531-149858602	1
1.05632066595922e-06	0.393337900008748	0.226	0.168	0.202067805474002	chr6-99519816-99522357	1
1.06952643048861e-06	0.448680417574329	0.172	0.121	0.204593988993888	chr1-99765374-99767473	1
1.09558805660882e-06	0.392795638358911	0.198	0.143	0.209579421700927	chr12-15910403-15912689	1
1.10276586327396e-06	0.44079257055647	0.169	0.119	0.210952493049128	chr1-43552055-43553647	1
1.11268395006685e-06	0.425485457329906	0.175	0.124	0.212849763544088	chrX-154540597-154543653	1
1.15141929377659e-06	0.42552252616507	0.186	0.133	0.220259602383698	chr1-9384306-9386107	1
1.15575411351447e-06	0.38343181011324	0.205	0.15	0.221088827390637	chr12-76346965-76349194	1
1.15660666176063e-06	0.480877035826734	0.16	0.112	0.221251914754838	chr12-75784127-75785325	1
1.16368560220454e-06	0.406394774383747	0.183	0.13	0.222606073588115	chr3-160225013-160226492	1
1.1795497356791e-06	0.287848420322163	0.39	0.321	0.225640787136998	chr1-248825066-248827396	1
1.20306023364471e-06	0.430196493142421	0.19	0.137	0.230138204334832	chr2-133641171-133642238	1
1.20912956643653e-06	0.475411002972568	0.154	0.107	0.231299231281909	chr10-24236725-24240846	1
1.22026952932035e-06	0.412309721926913	0.2	0.146	0.233430239341807	chr21-28990915-28993509	1
1.2452035353098e-06	0.28837534910555	0.362	0.288	0.238199965083554	chr3-39148572-39154801	1
1.25057960283106e-06	0.313372356723137	0.335	0.265	0.239228374543964	chr6-109380933-109385444	1
1.2921069576976e-06	0.466606683542718	0.166	0.118	0.247172308365805	chr8-58065537-58068548	1
1.30130051578026e-06	0.300461748785715	0.328	0.259	0.24893098086567	chr12-79687827-79693562	1
1.32530776264792e-06	0.427476867237989	0.182	0.13	0.25352342314797	chr1-35030740-35032522	1
1.33766339289403e-06	0.422286196262998	0.177	0.125	0.255886981080271	chr1-165597655-165599049	1
1.34220905618857e-06	0.390812149342157	0.204	0.15	0.256756539194536	chr4-6746511-6748271	1
1.37636075436781e-06	0.499500773091454	0.156	0.11	0.263289554146037	chr13-98482515-98485515	1
1.40444135912995e-06	0.438300910779285	0.177	0.127	0.268661205353404	chr1-3623901-3626178	1
1.4130922524157e-06	0.360384054707832	0.254	0.194	0.270316069333609	chr6-42928441-42930777	1
1.41962608798923e-06	0.414426390115676	0.193	0.14	0.271565952875812	chr10-32103755-32106683	1
1.43561959441827e-06	0.442451903075032	0.186	0.135	0.274625414694649	chr15-96325500-96327857	1
1.46388179826643e-06	0.392369008731884	0.222	0.166	0.280031804717579	chr1-160096618-160099633	1
1.47063150702128e-06	0.410276535746871	0.18	0.129	0.281322983504129	chr1-179929727-179932485	1
1.48744699988144e-06	0.462572671527964	0.174	0.124	0.28453968639532	chr9-38016434-38020889	1
1.49154318145412e-06	0.441315915644159	0.168	0.118	0.285323261353084	chr7-55571307-55574717	1
1.53392858551265e-06	0.387865362171338	0.214	0.157	0.293431334837057	chr3-100103059-100105711	1
1.62870380171362e-06	0.45797198136525	0.162	0.114	0.311561265045004	chr1-26959166-26961320	1
1.67062088293804e-06	0.431507083998367	0.175	0.125	0.31957975118075	chr1-20784629-20788412	1
1.73500169234997e-06	0.492817709500512	0.154	0.108	0.331895413736394	chr17-11607910-11609216	1
1.73964198939322e-06	0.436929808796688	0.175	0.125	0.332783074718986	chr11-128496113-128498038	1
1.79315776002841e-06	0.361329388238842	0.256	0.195	0.343020320546875	chr1-30823303-30825077	1
1.7970113794166e-06	0.405889854985638	0.184	0.132	0.343757494814119	chr6-143773554-143775840	1
1.84719293778877e-06	0.386964102706519	0.228	0.173	0.353356925841364	chr16-15885585-15889293	1
1.89028986206624e-06	0.336232144360286	0.278	0.216	0.3616011088741	chr21-15062557-15066461	1
1.90573319297966e-06	0.383423790425804	0.188	0.135	0.364555325417851	chr5-32442821-32445687	1
1.93895417041077e-06	0.412340981096888	0.204	0.15	0.370910299074558	chr1-231336844-231339347	1
1.94918211865156e-06	0.350917888592287	0.253	0.191	0.372866844205331	chr14-95338957-95341004	1
2.06766525660659e-06	0.396795012461134	0.207	0.154	0.395531957597302	chr19-4387744-4392112	1
2.10874754796299e-06	0.456438934797513	0.15	0.104	0.403390753440032	chr1-237799570-237800321	1
2.12657393919981e-06	0.337511446499359	0.28	0.219	0.406800835125289	chr1-40039075-40041744	1
2.15267564345806e-06	0.345809188324597	0.248	0.189	0.411793934539667	chr1-205811527-205814214	1
2.20340845801085e-06	0.443036588177194	0.152	0.105	0.421498817566728	chr12-28189821-28192145	1
2.22571158129048e-06	0.347522615637724	0.258	0.197	0.425765271231382	chr1-16903245-16906208	1
2.22596520272062e-06	0.400659491468879	0.19	0.138	0.425813787489239	chr1-201828463-201830274	1
2.29848878535054e-06	0.443858039823909	0.16	0.112	0.439687113704847	chr1-179814259-179816672	1
2.32417991994432e-06	0.443039127208045	0.17	0.122	0.444601673605829	chr13-112770729-112773457	1
2.34141531444252e-06	0.348709343888976	0.23	0.173	0.447898701160967	chr7-122885431-122887881	1
2.34492080652332e-06	0.347717500081198	0.243	0.184	0.448569280763073	chr1-28641995-28644506	1
2.40493219610869e-06	0.354787225755361	0.209	0.153	0.460049099522417	chr2-222654594-222657378	1
2.46947427521586e-06	0.377731897621824	0.23	0.175	0.472395612003143	chr11-65786227-65793889	1
2.5509600172188e-06	0.411064507823016	0.184	0.133	0.487983345533853	chr6-2960251-2963104	1
2.63294919184035e-06	0.281525962836988	0.378	0.305	0.503667382703909	chr1-202860382-202862488	1
2.68234774159859e-06	0.301351896066226	0.322	0.255	0.513117028881361	chr6-52283990-52285581	1
2.68837018920588e-06	0.406496793276724	0.19	0.139	0.514269086973949	chr6-111604219-111607305	1
2.71044221438913e-06	0.35125173778627	0.244	0.186	0.518491332959355	chr6-5259476-5262589	1
2.72229191182611e-06	0.291145599021725	0.327	0.26	0.520758108980865	chr16-57618278-57622987	1
2.8141326417986e-06	0.343429263504197	0.252	0.193	0.538326689580222	chr1-215539319-215541041	1
2.83250407634756e-06	0.410506531450511	0.202	0.15	0.541841034780829	chr6-70411466-70414485	1
2.87562280494068e-06	0.429749056891068	0.173	0.124	0.550089388848322	chr16-31476528-31478560	1
2.92048514088833e-06	0.411351626288962	0.179	0.129	0.558671284541092	chr22-24592088-24595393	1
2.98243408380866e-06	0.388890468481384	0.206	0.154	0.570521745628093	chr1-197619044-197621377	1
2.99845556298766e-06	0.313895526274812	0.291	0.224	0.573586558466161	chr1-44029138-44032990	1
3.04893785366687e-06	0.420466819186444	0.181	0.131	0.58324351777935	chr6-110655488-110657521	1
3.23171171263776e-06	0.452155818535532	0.151	0.105	0.618207060357329	chr16-29310512-29312030	1
3.25143580587446e-06	0.416936163988059	0.176	0.127	0.621980161048949	chr6-122470961-122472687	1
3.25849216606857e-06	0.332163862868669	0.278	0.218	0.623330000415921	chr1-32815616-32819298	1
3.3260307993312e-06	0.406918214237759	0.191	0.14	0.636249735727263	chr3-128725536-128730019	1
3.33622395247708e-06	0.435746619601102	0.168	0.12	0.63819962476515	chr10-102506828-102509879	1
3.34980290453926e-06	0.382075484022997	0.21	0.156	0.640797196820933	chr13-51801528-51804827	1
3.41686594239088e-06	0.33866322168387	0.236	0.179	0.653625953583721	chr3-48501963-48505207	1
3.42638198223075e-06	0.37302366663663	0.197	0.144	0.655446314908849	chr11-86954451-86956938	1
3.44182424056259e-06	0.326835705850626	0.259	0.198	0.658400326274181	chr16-2210397-2213481	1
3.46584998910215e-06	0.383523037317532	0.217	0.163	0.662996307815307	chr6-28921920-28924845	1
3.5467138564236e-06	0.394881934879674	0.196	0.144	0.678465080450695	chr5-32249262-32250912	1
3.66237863543575e-06	0.34556361833473	0.249	0.191	0.700591058687046	chr4-169069580-169071494	1
3.66579064631077e-06	0.363414076852507	0.22	0.165	0.701243755895373	chr1-36373473-36375348	1
3.6997422403833e-06	0.419802585546515	0.181	0.131	0.707738492131883	chr3-9148978-9150725	1
3.77642297787522e-06	0.426367048250881	0.182	0.133	0.722407057129662	chr3-184144216-184145861	1
3.80857298140713e-06	0.364810814728324	0.224	0.171	0.728557159905296	chr4-16222749-16228811	1
3.81000058310246e-06	0.372812196377832	0.21	0.156	0.728830251544002	chr16-31128423-31132333	1
3.83406394774027e-06	0.372419959400994	0.197	0.145	0.733433428819026	chr1-164830434-164831641	1
3.86637113700913e-06	0.424315403984711	0.176	0.128	0.739613600283025	chr12-132493164-132496260	1
3.95561622385316e-06	0.44527695804012	0.166	0.12	0.756685649925766	chr3-136276957-136278494	1
3.99087613349905e-06	0.41936428478098	0.174	0.125	0.763430659081568	chr6-116667744-116669148	1
4.02818258548329e-06	0.379892916757947	0.206	0.153	0.77056715950744	chr9-69645065-69646214	1
4.07139077257046e-06	0.462524355561142	0.155	0.11	0.778832626448093	chr1-234309196-234310573	1
4.16163372850328e-06	0.417805062938943	0.166	0.118	0.796095562460307	chr2-135073764-135075189	1
4.20342100950696e-06	0.436822966903365	0.163	0.116	0.804089218592625	chr21-28884222-28885832	1
4.25174058769529e-06	0.442596551412199	0.165	0.119	0.813332463982583	chr6-31399211-31401807	1
4.25349801962418e-06	0.346297230869781	0.235	0.177	0.813668650165989	chr6-156719386-156721734	1
4.27316159529025e-06	0.314633588351398	0.307	0.244	0.817430174209454	chr1-15523680-15527841	1
4.39830699798894e-06	0.331734858316569	0.253	0.194	0.841369738873296	chr3-188152348-188155247	1
4.42484526210433e-06	0.284843047355183	0.354	0.285	0.846446349568985	chr1-75723252-75726507	1
4.4523708111781e-06	0.421513557393737	0.163	0.116	0.851711821953504	chr7-98294378-98296548	1
4.47917651140523e-06	0.405264108393487	0.17	0.122	0.856839591572751	chr4-158722072-158724080	1
4.48180803216307e-06	0.396011552500564	0.187	0.137	0.857342985704602	chr6-27176537-27178906	1
4.5067080533852e-06	0.355546726058813	0.244	0.188	0.862106210364268	chr5-149580808-149584159	1
4.59120918533492e-06	0.464499770113987	0.15	0.106	0.878270769899458	chr12-131928380-131930889	1
4.64387792558706e-06	0.363549363996914	0.215	0.161	0.88834598389725	chr1-203325011-203328240	1
4.69586235358328e-06	0.413480905945173	0.171	0.124	0.89829029306636	chr1-152109128-152112456	1
4.73957065278813e-06	0.389977921762775	0.201	0.149	0.906651428454453	chr1-83998327-83999917	1
4.75661363863379e-06	0.354546531233782	0.228	0.174	0.909911649388812	chr3-37985061-37987982	1
4.77680656966904e-06	0.426108341964912	0.172	0.124	0.913774435938269	chr1-108199308-108201392	1
4.82272753703371e-06	0.314011815852995	0.276	0.215	0.922558841469327	chr10-104336794-104340893	1
4.84047875206554e-06	0.400417074958771	0.164	0.116	0.925954542397625	chr10-111579012-111580553	1
5.04178496756413e-06	0.285989193624309	0.338	0.272	0.964463213585214	chr1-148333547-148335654	1
5.04727779910254e-06	0.429339547272207	0.156	0.111	0.965513959301522	chr19-31571943-31573727	1
5.28081330084683e-06	0.267017875807026	0.389	0.32	1	chr6-139369491-139377258	1
5.40186247425594e-06	0.4008424536146	0.176	0.127	1	chr12-53250904-53253225	1
5.4977102812462e-06	0.363858275889461	0.224	0.169	1	chrX-54639116-54641364	1
5.52984333231976e-06	0.352603944885115	0.232	0.177	1	chr6-291044-293860	1
5.53522593907388e-06	0.280293282167468	0.319	0.251	1	chr3-79017328-79020413	1
5.55124629113018e-06	0.413196680700964	0.179	0.131	1	chr12-123583226-123585882	1
5.55427430357397e-06	0.449018876069134	0.157	0.112	1	chr1-226308212-226310124	1
5.55689336581388e-06	0.358162387172619	0.223	0.168	1	chr6-43013014-43015022	1
5.89171212214022e-06	0.304324087444712	0.316	0.25	1	chr1-222710299-222714469	1
6.03063778757662e-06	0.447964874738441	0.163	0.119	1	chr3-170180019-170182079	1
6.04605448067861e-06	0.320808407453113	0.252	0.192	1	chr6-135496872-135499086	1
6.05117725780805e-06	0.276961723786704	0.345	0.28	1	chr8-55771334-55775338	1
6.14059408597167e-06	0.337486472399818	0.237	0.18	1	chr6-153001789-153004067	1
6.18698115385396e-06	0.36484034100586	0.215	0.163	1	chr1-96508190-96511684	1
6.27092555870191e-06	0.32015256356162	0.27	0.209	1	chr4-788408-795118	1
6.29022996125215e-06	0.38381502479969	0.18	0.131	1	chr21-44424355-44426305	1
6.31252748974176e-06	0.427720353565121	0.166	0.12	1	chr1-12380270-12382017	1
6.32025075551364e-06	0.465689187149207	0.153	0.109	1	chr1-231235738-231237293	1
6.34579523104059e-06	0.343769428129844	0.213	0.159	1	chr5-65925037-65928629	1
6.47689468103806e-06	0.427227374869841	0.165	0.119	1	chr10-29734781-29737351	1
6.56353705847934e-06	0.37088959881314	0.208	0.157	1	chr21-29072797-29074476	1
6.5773335050056e-06	0.451014618530325	0.164	0.118	1	chr18-23629134-23630285	1
6.59678028662835e-06	0.41298460897597	0.18	0.133	1	chr10-89373104-89375200	1
6.60781268445147e-06	0.458887865110267	0.15	0.107	1	chr16-30948099-30950794	1
6.7783740579362e-06	0.424371213991004	0.16	0.115	1	chr6-42889896-42891524	1
6.80256807327539e-06	0.409824668172052	0.171	0.124	1	chr5-52987541-52990553	1
7.14679516043989e-06	0.427242043219288	0.156	0.111	1	chr6-112432875-112434310	1
7.19308699540302e-06	0.35168828084352	0.223	0.168	1	chr10-7817262-7819751	1
7.45366578203621e-06	0.304772601394884	0.26	0.2	1	chr12-128822871-128825162	1
7.5723103977869e-06	0.43733583370321	0.154	0.11	1	chr11-121450919-121453201	1
7.64381381691119e-06	0.367731768919628	0.209	0.158	1	chr6-149453665-149455579	1
7.81168942974482e-06	0.259507223258043	0.405	0.334	1	chr1-226938335-226941601	1
7.82781267452312e-06	0.367924864694923	0.192	0.142	1	chr6-138160357-138163661	1
7.86672173092647e-06	0.293818880828594	0.3	0.237	1	chr1-94782882-94784524	1
8.05618399142116e-06	0.421503732174922	0.167	0.122	1	chr22-11065362-11067724	1
8.1163079598938e-06	0.419641797450677	0.167	0.121	1	chr1-179877235-179878322	1
8.19144526752506e-06	0.317571305676446	0.298	0.243	1	chr1-181021334-181023698	1
8.25307493868038e-06	0.399008385531675	0.176	0.128	1	chr17-57356723-57358595	1
8.26013380066868e-06	0.375293235780329	0.2	0.149	1	chr3-128333986-128336577	1
8.27488524174456e-06	0.344542531186207	0.206	0.153	1	chr1-234917733-234919909	1
8.37489942289936e-06	0.404653513765735	0.184	0.136	1	chr2-218281487-218287668	1
8.40784775249508e-06	0.323640489387088	0.222	0.168	1	chr5-132829297-132832055	1
8.59335391092265e-06	0.374612467672066	0.195	0.145	1	chr1-49346238-49347803	1
8.67649289191152e-06	0.419279314390424	0.154	0.109	1	chr6-2970507-2972389	1
8.78526894624351e-06	0.432163115077832	0.15	0.106	1	chr2-191357907-191359149	1
8.86766605090964e-06	0.288025085773584	0.359	0.298	1	chr1-176205353-176208581	1
8.91507084628699e-06	0.429071232519641	0.158	0.114	1	chr1-151188458-151190670	1
8.91916657383423e-06	0.345446579137667	0.207	0.155	1	chr1-110033927-110035935	1
9.10932724261067e-06	0.36119663590515	0.201	0.15	1	chr9-19641013-19643072	1
9.39847847314303e-06	0.352438009848242	0.22	0.167	1	chr1-145956713-145958627	1
9.86675881462411e-06	0.31038013437966	0.251	0.192	1	chr1-228404933-228407733	1
9.88738727111712e-06	0.428684205459456	0.156	0.112	1	chr15-41620494-41622395	1
1.00914130080376e-05	0.337741132875175	0.236	0.182	1	chr10-31927056-31930472	1
1.04648260093099e-05	0.391437326127264	0.186	0.138	1	chr3-187749785-187751227	1
1.06281406144762e-05	0.401901596447911	0.174	0.128	1	chr14-24309755-24312302	1
1.07223029307632e-05	0.399151646020307	0.177	0.131	1	chr1-144545865-144547050	1
1.10912234676312e-05	0.434314592596066	0.151	0.108	1	chr17-3894466-3897006	1
1.11192390989582e-05	0.320791826757831	0.229	0.174	1	chr12-75390492-75391765	1
1.15885490214739e-05	0.304088499216524	0.242	0.184	1	chr3-48738920-48741154	1
1.15988079044438e-05	0.355238872634477	0.213	0.162	1	chr2-61015460-61018781	1
1.21291110602755e-05	0.429494041770453	0.153	0.11	1	chr6-158999028-159001013	1
1.25336228727558e-05	0.27129654572792	0.32	0.257	1	chr1-160030423-160033133	1
1.28239626908841e-05	0.364953849449479	0.178	0.13	1	chr8-135456501-135458510	1
1.29556715074692e-05	0.362420583823252	0.203	0.153	1	chr1-226478575-226481745	1
1.31644973183639e-05	0.410206653004583	0.17	0.125	1	chr1-231240224-231243393	1
1.33438467135882e-05	0.39503018112438	0.169	0.123	1	chr1-223081004-223081989	1
1.35265324475701e-05	0.38190740751934	0.19	0.142	1	chr3-172515051-172517784	1
1.35988460944551e-05	0.327371721910587	0.255	0.199	1	chr1-197145579-197147416	1
1.38080593459235e-05	0.26324071974387	0.33	0.263	1	chr1-84689253-84691865	1
1.38179162874731e-05	0.335780740630252	0.196	0.145	1	chr4-37647776-37649518	1
1.39327024384985e-05	0.40196516261905	0.158	0.114	1	chr1-185696285-185697703	1
1.40087238456575e-05	0.392359382104946	0.191	0.143	1	chr10-12605167-12606840	1
1.41762281791324e-05	0.291413117333401	0.297	0.234	1	chr1-70353366-70355415	1
1.42843439932951e-05	0.419086499082469	0.16	0.116	1	chr8-76343912-76345823	1
1.45578919818904e-05	0.358486051958202	0.215	0.164	1	chr1-77779057-77780595	1
1.46358151025778e-05	0.278620756787395	0.292	0.232	1	chr1-171740980-171743909	1
1.46548049033915e-05	0.436019254729709	0.15	0.108	1	chr1-205013369-205015217	1
1.46824656258015e-05	0.380853289576798	0.182	0.134	1	chr5-141865453-141867458	1
1.48497850961693e-05	0.408144473733455	0.163	0.119	1	chr6-29976202-29977604	1
1.48550253608194e-05	0.32771440978183	0.238	0.183	1	chr14-79278381-79280158	1
1.5253845853128e-05	0.354176529533994	0.202	0.152	1	chr6-162725604-162728532	1
1.59814559644642e-05	0.427907600133956	0.152	0.11	1	chr13-112885342-112886564	1
1.60845426397403e-05	0.287356395002609	0.304	0.243	1	chr1-93446462-93449843	1
1.64340075908395e-05	0.406809119126136	0.173	0.129	1	chr3-71025213-71027644	1
1.6837725570898e-05	0.275115156546011	0.268	0.207	1	chr1-43348144-43350634	1
1.71921326795657e-05	0.408678170995245	0.159	0.116	1	chr12-124392341-124393856	1
1.72084466622508e-05	0.330254445604784	0.223	0.17	1	chr1-201504367-201508003	1
1.72293527800228e-05	0.274613386008188	0.277	0.216	1	chr10-78972360-78975217	1
1.75232214478423e-05	0.260011816648339	0.367	0.303	1	chr1-212034006-212036988	1
1.77606776549675e-05	0.429046544708852	0.152	0.11	1	chr1-15152180-15154401	1
1.78141492425114e-05	0.397034654617412	0.156	0.112	1	chr6-38795462-38798248	1
1.86886274243768e-05	0.426885244805127	0.154	0.111	1	chr20-36152556-36155400	1
1.89416097495219e-05	0.297063035702184	0.26	0.205	1	chr13-51451098-51454379	1
1.91056117048146e-05	0.266590522805259	0.284	0.223	1	chr6-42116814-42119238	1
1.96583120727362e-05	0.359642964674985	0.18	0.133	1	chr3-124032149-124034422	1
1.97634060684602e-05	0.397906617372296	0.166	0.122	1	chr6-30060409-30062474	1
1.98593432145218e-05	0.407755684879281	0.151	0.108	1	chr2-20223029-20226081	1
2.01025043226617e-05	0.404370460967084	0.172	0.128	1	chr18-34978167-34979857	1
2.04851830818781e-05	0.35244016900326	0.201	0.152	1	chr1-246596739-246598270	1
2.10403156822673e-05	0.350458521058026	0.194	0.145	1	chr20-58650560-58653236	1
2.13406184534162e-05	0.369723936972813	0.18	0.134	1	chr1-212432172-212433765	1
2.15318472300611e-05	0.256992620316111	0.353	0.287	1	chr1-144550693-144552705	1
2.15995009260194e-05	0.379722855199832	0.177	0.132	1	chr5-160925802-160927636	1
2.15997177603356e-05	0.389459720153106	0.162	0.118	1	chr12-111684988-111687733	1
2.24224877366652e-05	0.406542200318723	0.168	0.125	1	chr6-7138801-7142096	1
2.28006464053677e-05	0.363248450668805	0.174	0.129	1	chr1-39025643-39027729	1
2.31344870334648e-05	0.327212058073074	0.262	0.209	1	chr1-151368038-151373385	1
2.32620886571642e-05	0.402096508327965	0.186	0.141	1	chr1-229220898-229222449	1
2.37035897482757e-05	0.400110300573607	0.152	0.109	1	chr12-86264669-86265755	1
2.4811667985164e-05	0.365318666402738	0.162	0.118	1	chr10-73591144-73593159	1
2.50522332790595e-05	0.316273349374463	0.248	0.195	1	chr1-111738116-111740204	1
2.51465983694041e-05	0.359630941727909	0.176	0.131	1	chr3-125059211-125061879	1
2.68430559892137e-05	0.412593663049161	0.153	0.112	1	chr2-169823962-169825418	1
2.68959607145327e-05	0.349067259781552	0.207	0.159	1	chr1-220088643-220090792	1
2.69958136782278e-05	0.368529895925501	0.178	0.133	1	chr1-52032399-52034236	1
2.71282793118085e-05	0.32465831329504	0.239	0.189	1	chr1-226406227-226408664	1
2.71990386863052e-05	0.29542978107801	0.245	0.192	1	chr13-49935350-49937449	1
2.74155047001378e-05	0.382906575204745	0.168	0.125	1	chr19-10501408-10503374	1
2.8024183889356e-05	0.347136652478583	0.198	0.15	1	chr21-33324161-33326052	1
2.8041658955123e-05	0.415675327249553	0.154	0.112	1	chr12-70794211-70797675	1
2.80482871221445e-05	0.316240730970419	0.236	0.182	1	chr20-40286235-40288075	1
2.80848239339079e-05	0.404909269883886	0.161	0.119	1	chr4-6639619-6643686	1
2.81015036148904e-05	0.380232831490485	0.172	0.128	1	chr1-115641432-115643519	1
2.81492168480042e-05	0.28533843187446	0.268	0.212	1	chr1-155048460-155053088	1
2.91304516522365e-05	0.31296609720448	0.238	0.185	1	chr2-17878078-17880535	1
2.94766299912951e-05	0.381330545039943	0.182	0.137	1	chr1-204416839-204419701	1
2.9614607611746e-05	0.289367352749478	0.262	0.206	1	chr8-101360083-101362320	1
2.96901443926973e-05	0.411914057306511	0.156	0.115	1	chr5-1152223-1153933	1
3.074130190407e-05	0.333847907310984	0.208	0.159	1	chr6-42983706-42985570	1
3.08207032284802e-05	0.321251912664378	0.216	0.165	1	chr1-43990443-43992984	1
3.10789009170615e-05	0.356560201825392	0.186	0.14	1	chr9-129138532-129141262	1
3.12915361277236e-05	0.260682099530717	0.344	0.285	1	chr1-248905333-248907595	1
3.13925705847455e-05	0.380452993753778	0.156	0.114	1	chr5-139647606-139649884	1
3.16788526664761e-05	0.355918193682584	0.181	0.136	1	chr1-202926286-202927938	1
3.17995486174116e-05	0.373145443949461	0.168	0.125	1	chr8-144290107-144293365	1
3.24911712456707e-05	0.401935850346599	0.159	0.118	1	chr16-4537170-4539367	1
3.25997708011774e-05	0.366418160480309	0.16	0.117	1	chr6-166556363-166558497	1
3.26714150840363e-05	0.321939221659588	0.219	0.169	1	chr6-121334031-121335761	1
3.27362005359613e-05	0.402911897065184	0.168	0.126	1	chr11-118620699-118623692	1
3.42253701202107e-05	0.32125140571953	0.232	0.181	1	chr2-226835006-226838410	1
3.42548256666842e-05	0.264164208677601	0.286	0.227	1	chr1-23366584-23371121	1
3.44214722603157e-05	0.335752202260143	0.192	0.144	1	chr12-95102641-95103867	1
3.45253762550872e-05	0.269976986601672	0.269	0.211	1	chr1-28647591-28649579	1
3.48641730500695e-05	0.371197482739084	0.156	0.113	1	chr1-16205851-16207439	1
3.59940518110391e-05	0.253470484125888	0.341	0.279	1	chr17-50539707-50544137	1
3.629334598436e-05	0.411451196517301	0.169	0.127	1	chr10-24465296-24467503	1
3.63783783416047e-05	0.31784541781434	0.223	0.172	1	chr16-75432617-75435176	1
3.68740578803637e-05	0.279774271086074	0.262	0.204	1	chr3-187738731-187741444	1
3.70043458110141e-05	0.319594678570333	0.203	0.154	1	chr21-37365372-37368899	1
3.71439972158364e-05	0.33178475829973	0.217	0.167	1	chr1-175191313-175193610	1
3.80777722210837e-05	0.342333438836261	0.204	0.156	1	chr16-21511499-21516523	1
3.86617222780419e-05	0.401609452305108	0.153	0.112	1	chr2-196068003-196069446	1
3.86666645792077e-05	0.29630048534016	0.261	0.206	1	chr5-126599446-126601847	1
3.89774672879283e-05	0.307781633586157	0.258	0.205	1	chr6-96896648-96899525	1
3.95060897147551e-05	0.395107461137567	0.168	0.127	1	chr1-25996904-25998868	1
3.98751757958074e-05	0.332885175076862	0.194	0.147	1	chr8-140999741-141002665	1
4.0028308469975e-05	0.370887930287377	0.195	0.15	1	chr13-48975052-48977592	1
4.01061496600816e-05	0.336686746429788	0.188	0.142	1	chr1-114779748-114781217	1
4.02551572522259e-05	0.383070425622416	0.154	0.113	1	chr2-230219376-230220794	1
4.03483538537114e-05	0.291354609386516	0.24	0.186	1	chr6-4133354-4136886	1
4.04588283241145e-05	0.351864795035846	0.163	0.12	1	chr1-27143589-27145767	1
4.06864364477395e-05	0.409465619733911	0.154	0.114	1	chr6-122494106-122495703	1
4.11352708894018e-05	0.376637495588509	0.169	0.126	1	chr10-12264056-12266407	1
4.14306244398362e-05	0.360961089447347	0.193	0.148	1	chr5-77086376-77088514	1
4.20922087073835e-05	0.305829659806405	0.212	0.162	1	chr1-16607876-16609022	1
4.26697089981632e-05	0.341820463264862	0.19	0.144	1	chr7-17094551-17095756	1
4.37705996238049e-05	0.316183444142186	0.211	0.162	1	chr2-207257597-207259508	1
4.37769100589376e-05	0.314113850957985	0.229	0.179	1	chr1-45303052-45305176	1
4.45161005388569e-05	0.419570616357006	0.154	0.115	1	chr1-248923120-248925358	1
4.75901881239846e-05	0.295329913951312	0.248	0.196	1	chr1-5991214-5993798	1
4.76738775087314e-05	0.289747915411737	0.278	0.222	1	chr1-119711489-119714939	1
4.77031141664171e-05	0.276381686328657	0.278	0.222	1	chr13-95675777-95678438	1
4.90293554854489e-05	0.381414802026849	0.16	0.118	1	chr1-38990310-38992830	1
4.96742719531694e-05	0.324291677968133	0.195	0.148	1	chr14-75068330-75070891	1
5.03884204629534e-05	0.394238435551157	0.165	0.124	1	chr1-155206585-155209864	1
5.06136434343528e-05	0.362014246680829	0.18	0.136	1	chr17-81364811-81366642	1
5.11336882796154e-05	0.373868907641806	0.173	0.131	1	chr2-218444182-218445997	1
5.15633385553866e-05	0.316381739613949	0.225	0.176	1	chr1-43973910-43976134	1
5.16004503275859e-05	0.303761178173781	0.222	0.172	1	chr1-34849916-34853335	1
5.17132664068205e-05	0.333582218118043	0.202	0.156	1	chr6-57088782-57090606	1
5.1742067173248e-05	0.336974930699378	0.204	0.157	1	chr8-54019358-54023180	1
5.19249085694477e-05	0.339780567959747	0.197	0.15	1	chr1-159915513-159918035	1
5.23212651020787e-05	0.380830791146194	0.164	0.123	1	chr1-110406374-110408897	1
5.36575355989034e-05	0.261498858899522	0.29	0.231	1	chr5-139272608-139277035	1
5.38824560236353e-05	0.2875506785435	0.267	0.213	1	chr8-127329857-127331151	1
5.40128226971303e-05	0.365619917202247	0.179	0.135	1	chr9-37799826-37802179	1
5.46285714034965e-05	0.382466663009435	0.166	0.125	1	chr11-2256289-2257940	1
5.55070213714716e-05	0.347963918183433	0.169	0.125	1	chr3-3798795-3802230	1
5.59381635615088e-05	0.280088246113153	0.24	0.188	1	chr12-6276838-6280732	1
5.61905166798868e-05	0.262078439595453	0.266	0.21	1	chr8-47958776-47962026	1
5.67440350713182e-05	0.353761487459803	0.164	0.121	1	chr12-120234407-120236342	1
5.69248666134261e-05	0.378210610058586	0.162	0.121	1	chr4-153248601-153250272	1
5.71387667558915e-05	0.373164291597422	0.165	0.124	1	chr10-79264475-79265856	1
5.80788562581096e-05	0.376170709746781	0.168	0.126	1	chr12-88579062-88580956	1
5.82937997609623e-05	0.294316845980723	0.218	0.167	1	chr1-202957139-202959572	1
5.82977509297716e-05	0.417808338532376	0.15	0.111	1	chr1-18901807-18903743	1
5.87434430924635e-05	0.290932961745674	0.277	0.224	1	chr5-96805547-96808907	1
5.94528738628287e-05	0.369626509506089	0.163	0.121	1	chr16-81313632-81316415	1
5.98396061800461e-05	0.390950247259237	0.16	0.119	1	chr1-246280466-246283464	1
6.11256608140572e-05	0.318432116830456	0.218	0.171	1	chr1-222814319-222816377	1
6.11303899278648e-05	0.271592846476495	0.25	0.199	1	chr1-171484718-171487120	1
6.11441418484424e-05	0.288366188773268	0.222	0.17	1	chr7-36289698-36292462	1
6.15422576910455e-05	0.290535389563896	0.31	0.256	1	chr1-75785264-75791670	1
6.22177394568661e-05	0.276569798929824	0.261	0.207	1	chr12-75510703-75512272	1
6.29588427230458e-05	0.281931937104336	0.264	0.212	1	chr6-13709687-13713428	1
6.45199109082278e-05	0.377438274847311	0.157	0.117	1	chr7-117123112-117125241	1
6.61622474553144e-05	0.30438565257727	0.22	0.172	1	chr8-73877591-73880066	1
6.62012569634889e-05	0.350079150924602	0.176	0.133	1	chr1-33348295-33351252	1
6.73716941555169e-05	0.288966492119175	0.236	0.187	1	chr17-51119534-51122376	1
6.87991123295881e-05	0.257635706311619	0.325	0.267	1	chr2-208252889-208257912	1
6.92477654916929e-05	0.312605138680197	0.226	0.177	1	chr7-17939010-17941652	1
6.92928291755506e-05	0.379837572421201	0.169	0.128	1	chr12-88552216-88554809	1
6.93703434902632e-05	0.356557421998048	0.169	0.126	1	chr12-132776448-132778205	1
6.95862453156506e-05	0.396758651956906	0.157	0.118	1	chr13-27270276-27273012	1
7.0582658478594e-05	0.321226177303104	0.215	0.167	1	chr16-70745480-70749914	1
7.08531293741001e-05	0.298659503695895	0.246	0.196	1	chr1-40979180-40983560	1
7.10893404540501e-05	0.273537276178535	0.269	0.217	1	chr6-18154249-18156593	1
7.22673661855661e-05	0.279409304451584	0.256	0.203	1	chr16-3455778-3460486	1
7.42498198887596e-05	0.325213561420863	0.214	0.169	1	chr1-99849277-99851097	1
7.48759241755927e-05	0.284778418970632	0.237	0.184	1	chr8-79767231-79769483	1
7.66568287459969e-05	0.326814946423624	0.193	0.148	1	chr2-191013031-191015040	1
7.83163419825339e-05	0.341627701305709	0.171	0.128	1	chr7-151551900-151553498	1
7.85310561163888e-05	0.370195548656455	0.166	0.125	1	chr6-105325792-105328032	1
7.90568805988936e-05	0.351925335844616	0.164	0.122	1	chr18-48615417-48617450	1
7.93104235804622e-05	0.295505580741468	0.22	0.172	1	chr3-191328603-191331038	1
8.16810862935344e-05	0.294353134316929	0.235	0.187	1	chr1-29179840-29183326	1
8.20338741835219e-05	0.267526371640506	0.259	0.208	1	chr1-144411840-144413535	1
8.40922243191292e-05	0.291938153491365	0.219	0.17	1	chr6-131649545-131653399	1
8.5973198826631e-05	0.309806302409839	0.24	0.191	1	chr6-126053230-126055627	1
8.60774982100648e-05	0.367764439054294	0.174	0.133	1	chr2-197433567-197436534	1
8.76231895734435e-05	0.347062705841392	0.19	0.147	1	chr1-10032215-10035249	1
9.11302323475957e-05	0.326672305467058	0.197	0.153	1	chr17-81081962-81085937	1
9.22017657799572e-05	0.369810625021669	0.17	0.129	1	chr12-122420854-122423658	1
9.37668352733798e-05	0.338194714084079	0.176	0.133	1	chr1-84077214-84079203	1
9.62477794809217e-05	0.274471922752716	0.248	0.197	1	chr5-141848268-141850695	1
9.63704885530179e-05	0.26747819358623	0.265	0.213	1	chr4-48014552-48017893	1
9.73139673775258e-05	0.338201523904974	0.17	0.129	1	chr6-33425102-33429038	1
9.84720180929426e-05	0.357790795006359	0.19	0.148	1	chr2-219386914-219389191	1
9.89024726302592e-05	0.399300159576739	0.159	0.121	1	chr16-10576959-10581141	1
9.9587016659115e-05	0.307530802926156	0.208	0.162	1	chr12-3313608-3316058	1
9.96743552657995e-05	0.331793353230655	0.2	0.155	1	chr6-98946698-98948583	1
0.000100400236943492	0.331797493778427	0.195	0.15	1	chr14-91163028-91165623	1
0.000100522750908737	0.364544242943069	0.179	0.138	1	chr1-175168797-175170196	1
0.000101191951011935	0.318122363160393	0.17	0.128	1	chr8-127793838-127797109	1
0.000101939850598055	0.306462282664902	0.234	0.187	1	chr6-112086398-112088408	1
0.000104103628765394	0.266952025736575	0.277	0.222	1	chr14-57609142-57612709	1
0.000104292122866104	0.263909272935761	0.248	0.196	1	chr16-4691159-4697236	1
0.000106081271404355	0.379232978879031	0.156	0.118	1	chr1-52551508-52554063	1
0.0001063594031427	0.390485102452307	0.158	0.119	1	chr1-228130518-228132158	1
0.000107121469720311	0.339611420260899	0.175	0.133	1	chr17-45972858-45974489	1
0.000107382573663082	0.293374748046301	0.236	0.19	1	chr5-154937027-154938845	1
0.000108649875759253	0.263788187020692	0.262	0.209	1	chr3-152268052-152270842	1
0.000111326975667779	0.33536741030868	0.166	0.125	1	chr1-161764881-161767209	1
0.000112572657757037	0.305308992573041	0.214	0.167	1	chr5-2750279-2752938	1
0.000114990683367507	0.342437083400811	0.162	0.122	1	chr1-145823452-145825103	1
0.000115016721380846	0.362589377506687	0.162	0.122	1	chr5-168825606-168827105	1
0.000116878253218555	0.339526549309818	0.154	0.114	1	chr5-57862258-57864007	1
0.000116929409127313	0.301455514365872	0.223	0.175	1	chr1-183159492-183160691	1
0.000118685448218759	0.321753416393859	0.18	0.137	1	chr1-8004260-8007124	1
0.000120413556306027	0.311457125283291	0.198	0.154	1	chr6-4020606-4022923	1
0.000120622996764425	0.381401644663797	0.156	0.119	1	chr8-93927470-93930142	1
0.000124020420804982	0.346431729855468	0.182	0.141	1	chr6-7417458-7419796	1
0.000124339029097377	0.310655927711056	0.186	0.142	1	chr8-95132948-95135130	1
0.000124988254532946	0.332405480553413	0.155	0.115	1	chr8-58410790-58412814	1
0.000125803026682791	0.273317354138323	0.225	0.176	1	chr1-109282511-109284090	1
0.00012599801457283	0.332448529685781	0.188	0.145	1	chr6-82876927-82878195	1
0.000126064461295477	0.319751398794706	0.202	0.158	1	chr10-109647427-109651142	1
0.000129260907020437	0.334686171092664	0.168	0.127	1	chr6-166954830-166957424	1
0.000129285698914424	0.313487005701012	0.2	0.155	1	chr7-233924-236631	1
0.000129509540138122	0.333560727320466	0.187	0.143	1	chr7-128476168-128477666	1
0.00012984407060852	0.354180976873508	0.174	0.133	1	chr8-143290414-143292284	1
0.000131643960481834	0.354303044541288	0.17	0.129	1	chr17-17077390-17080684	1
0.000132996042134555	0.256716357906176	0.242	0.191	1	chr1-220093523-220095292	1
0.000133943721986834	0.362778377081822	0.154	0.117	1	chr12-111756380-111759167	1
0.000134608315290709	0.357823427420229	0.162	0.122	1	chr3-80695697-80698018	1
0.00013564157688433	0.36714909945854	0.16	0.121	1	chr17-64496002-64499196	1
0.000135684224679631	0.262880931468421	0.274	0.221	1	chr1-235127018-235130492	1
0.000137302957082085	0.317904978741221	0.193	0.149	1	chr5-38612944-38614996	1
0.00013744248696316	0.318545013139623	0.192	0.148	1	chr12-122265526-122267580	1
0.00013915443578558	0.344098660423148	0.155	0.116	1	chr9-115978367-115979692	1
0.000141017576275016	0.31583282444287	0.192	0.149	1	chr2-101079611-101081095	1
0.000142158544225748	0.354696454178999	0.15	0.112	1	chr10-93445130-93446737	1
0.000144754617127717	0.320299787932585	0.203	0.159	1	chr3-188947452-188949156	1
0.000146958871543508	0.339950967656184	0.167	0.127	1	chr1-70204681-70207361	1
0.000148589618427843	0.294086643367085	0.214	0.169	1	chr1-77758191-77760374	1
0.000152607223582154	0.27024263727601	0.233	0.185	1	chr1-162282714-162286031	1
0.000153082885859518	0.308535285329585	0.194	0.15	1	chr9-133333670-133336925	1
0.000153483908809743	0.26447127161549	0.251	0.2	1	chr6-166381312-166384295	1
0.000154445589937327	0.320459338507928	0.182	0.141	1	chr9-124220457-124221740	1
0.000155022860815774	0.35902205796998	0.169	0.129	1	chr6-163412957-163417188	1
0.000158220869981426	0.253936289573174	0.298	0.242	1	chr3-184333941-184338078	1
0.000161329707329709	0.256735163847135	0.274	0.224	1	chr1-180631263-180632989	1
0.000163959754960497	0.337604593421791	0.164	0.123	1	chr1-248862638-248863828	1
0.000164858214510872	0.288717169710343	0.216	0.169	1	chr17-31486648-31490572	1
0.000166822683985515	0.27995505294332	0.214	0.168	1	chr12-42323777-42327247	1
0.000168053367441738	0.274161144762667	0.229	0.18	1	chr6-170583713-170585839	1
0.000169070931708263	0.336388541451035	0.189	0.147	1	chr6-96923719-96925507	1
0.000173960547335297	0.356239976776836	0.167	0.128	1	chr6-26594731-26598264	1
0.000176068017232993	0.308757453560875	0.162	0.121	1	chr6-41652789-41653975	1
0.000180002939902681	0.328908216326043	0.178	0.137	1	chr5-160399038-160400644	1
0.000182084736010381	0.292926270038013	0.185	0.142	1	chr2-161307661-161309173	1
0.00018593444252653	0.356062764692785	0.156	0.118	1	chr5-1101927-1104753	1
0.000190597825775587	0.295877734647371	0.202	0.157	1	chr12-25194312-25196364	1
0.000191863017623974	0.285415638931601	0.206	0.161	1	chr9-83537885-83539321	1
0.000192409153298061	0.320454472499456	0.167	0.127	1	chr2-191020043-191021515	1
0.000192534980231557	0.340430656923694	0.152	0.114	1	chr12-123601247-123603472	1
0.000193784514022575	0.30145669138168	0.196	0.153	1	chr7-139230520-139232652	1
0.0001939023842657	0.309407971691342	0.175	0.133	1	chr1-175022404-175024083	1
0.000201325085830544	0.308051363253484	0.194	0.152	1	chr16-19715457-19719210	1
0.000202104185931268	0.338510949317244	0.156	0.118	1	chr1-208131697-208132878	1
0.000203120752705531	0.274611381345798	0.237	0.189	1	chr4-48602162-48605206	1
0.000203447875196495	0.250731656029117	0.291	0.236	1	chr21-41503136-41509328	1
0.000212844961610135	0.307464844987813	0.184	0.141	1	chr6-14888730-14890412	1
0.000213970526218199	0.3056421464407	0.185	0.144	1	chr8-53842294-53844116	1
0.000223364680885936	0.337639695550302	0.172	0.132	1	chr4-1191574-1193332	1
0.000226444743202501	0.261547074336749	0.252	0.204	1	chr1-114669111-114672010	1
0.000228249399191069	0.338695860866393	0.18	0.14	1	chr6-53347154-53350460	1
0.000231559131602175	0.299627303632278	0.206	0.163	1	chr3-108588590-108590707	1
0.000232110467364446	0.330872427890543	0.158	0.119	1	chr6-157822523-157824915	1
0.000241394340597334	0.283110461773754	0.21	0.165	1	chr1-43934342-43937318	1
0.000243876723759898	0.261676497068801	0.27	0.22	1	chr1-71079513-71082206	1
0.000245856268891392	0.337138999203727	0.166	0.128	1	chr6-69593985-69595164	1
0.000247045715783303	0.357775493583021	0.15	0.114	1	chr1-207049640-207051810	1
0.000247532924139142	0.314276269736443	0.18	0.14	1	chr4-139739828-139741430	1
0.000251830810628136	0.302161275962908	0.184	0.143	1	chr3-127541339-127543277	1
0.000260146796642705	0.33862937492618	0.164	0.126	1	chr6-52663563-52665122	1
0.000263882290495665	0.281812973921408	0.244	0.197	1	chr7-95608284-95610385	1
0.000263970190639726	0.253619616084365	0.237	0.188	1	chr6-30212470-30214871	1
0.000269584432111566	0.321478816971887	0.185	0.144	1	chr7-92832477-92834292	1
0.000270179389673066	0.268587975289301	0.214	0.168	1	chr7-1558226-1560325	1
0.00027115971998881	0.294981138790964	0.19	0.148	1	chr9-120935056-120937005	1
0.000272511258245132	0.270668268810911	0.216	0.171	1	chr1-1162192-1166239	1
0.000277565149224065	0.284185121550661	0.221	0.176	1	chr7-23105023-23107710	1
0.00027907734183052	0.293724746579286	0.22	0.174	1	chr10-133257212-133259872	1
0.000280656787121147	0.28645687570885	0.201	0.157	1	chr1-1781486-1783819	1
0.000281990534639269	0.294371517068007	0.208	0.165	1	chr10-103240183-103242862	1
0.000283561991241356	0.355894219200072	0.16	0.123	1	chr6-135053978-135055598	1
0.000286796622977519	0.262933997795093	0.239	0.191	1	chr4-41989634-41991714	1
0.000289475647792326	0.285992030908385	0.188	0.146	1	chr16-68263741-68266202	1
0.000290099889622004	0.311097072041893	0.15	0.112	1	chr17-21200226-21201788	1
0.000298094009544985	0.325214413702031	0.158	0.12	1	chr6-28586318-28588146	1
0.000298983935919044	0.253852727497336	0.27	0.22	1	chr21-32770540-32773350	1
0.00030061607612225	0.290611216108684	0.187	0.145	1	chr1-158177234-158178508	1
0.000306562797905819	0.278388590478964	0.18	0.138	1	chr10-104300303-104301461	1
0.000313689499986853	0.347977781882352	0.156	0.119	1	chr6-146904557-146906303	1
0.000316221314501514	0.276135545738703	0.237	0.191	1	chr1-119779261-119780877	1
0.000321267747848706	0.279740612559355	0.2	0.157	1	chr16-46918499-46922761	1
0.000323958592192384	0.324402215463945	0.165	0.127	1	chr1-44631239-44633152	1
0.000325050913271168	0.34937749973406	0.153	0.117	1	chr1-80729982-80731956	1
0.000326415320642244	0.308474454516221	0.164	0.125	1	chr10-79379038-79381076	1
0.000330875720465091	0.330683086602254	0.172	0.134	1	chr1-99326487-99328352	1
0.000342164655103982	0.2965487597353	0.188	0.147	1	chr7-36036406-36038613	1
0.000342981880038655	0.363024816196238	0.152	0.117	1	chr2-171999064-172001366	1
0.000343993980513329	0.315093151647321	0.16	0.122	1	chr19-54207692-54210718	1
0.000352456483187839	0.325459635845691	0.154	0.117	1	chr7-50449385-50451377	1
0.000353496505273442	0.327963551596638	0.175	0.137	1	chr1-55693921-55695169	1
0.000353627646790327	0.323526020490593	0.162	0.124	1	chr19-50328276-50330061	1
0.000356188966378466	0.306831911264676	0.167	0.128	1	chr7-151917528-151919255	1
0.000359491451067287	0.267564666346338	0.198	0.154	1	chr1-33180303-33182904	1
0.000360183530341592	0.271410085331528	0.18	0.138	1	chr6-116615717-116617266	1
0.000360831648781342	0.287770677123978	0.194	0.153	1	chr5-121960943-121963461	1
0.000364667434459656	0.254899453273778	0.274	0.225	1	chr16-5096775-5100231	1
0.000365161806283827	0.326068641915487	0.188	0.149	1	chr1-53196091-53198998	1
0.000367883957288847	0.2577390438925	0.226	0.181	1	chr14-61438456-61439873	1
0.000372066147320555	0.319348342362393	0.157	0.12	1	chr16-48126451-48128001	1
0.000377099460771119	0.28434755314277	0.207	0.163	1	chr14-63852424-63854603	1
0.000380079498720669	0.344636604230568	0.155	0.119	1	chr8-100486091-100488562	1
0.000384721832736158	0.329567415746242	0.16	0.124	1	chr1-220527355-220529649	1
0.000390488220712228	0.330982549662857	0.178	0.14	1	chr2-236994444-236999409	1
0.000392349723789963	0.270677128889412	0.228	0.184	1	chr11-61488142-61490805	1
0.000393699456349802	0.339038802318636	0.151	0.115	1	chr9-2297937-2299978	1
0.000405409527651026	0.288625176205347	0.192	0.152	1	chr5-113487362-113489364	1
0.000408928178612496	0.296276107883837	0.199	0.158	1	chr12-22624428-22626382	1
0.000417849293909469	0.301744231281527	0.186	0.146	1	chr6-13813317-13815452	1
0.00042254644405582	0.285617509997404	0.187	0.147	1	chr18-23850269-23852897	1
0.000437084292294006	0.307652620109303	0.18	0.141	1	chr6-26025257-26027889	1
0.000442109269292612	0.275108249740652	0.207	0.166	1	chr6-143449546-143451677	1
0.000448761205181911	0.294119083502709	0.178	0.138	1	chr12-110279533-110282631	1
0.00046695811001686	0.260255587510904	0.248	0.202	1	chr12-112012337-112014830	1
0.00047362836957284	0.282933010953381	0.179	0.139	1	chr1-234107108-234108340	1
0.000474161693126432	0.308223774533703	0.189	0.149	1	chr1-12229507-12233014	1
0.000475382981536177	0.271450116356319	0.23	0.187	1	chr1-42657304-42659581	1
0.000482360866529015	0.312999816030631	0.151	0.115	1	chr12-22045915-22047346	1
0.000483521505486258	0.321129962172279	0.154	0.119	1	chr17-66675309-66677145	1
0.000489747965682873	0.315052711178178	0.154	0.118	1	chr1-16913365-16914898	1
0.000490569290309874	0.26872809597797	0.181	0.14	1	chr12-19438988-19441176	1
0.000493068617240476	0.30831610469894	0.175	0.137	1	chr12-16346842-16349675	1
0.000498672820267776	0.301758375520676	0.162	0.124	1	chr8-132919437-132921735	1
0.000502003086901942	0.266896474967619	0.201	0.159	1	chr6-138772713-138774807	1
0.000503330048024491	0.291554501207215	0.188	0.148	1	chr14-75831158-75833364	1
0.000512801988068035	0.271975123088411	0.162	0.123	1	chr2-20550670-20552056	1
0.00051437348720898	0.303773523743835	0.176	0.138	1	chr2-241890484-241893463	1
0.000514464969629	0.326095414717163	0.16	0.125	1	chr2-183036934-183039044	1
0.00052481621360496	0.306387028425097	0.172	0.135	1	chr3-188832161-188833812	1
0.0005250343242835	0.29856823186209	0.175	0.137	1	chr6-149544450-149546833	1
0.000552948847034845	0.305411785516645	0.174	0.137	1	chr12-76558532-76560500	1
0.000557505286627714	0.336788298198333	0.152	0.117	1	chr16-8961847-8964699	1
0.000570432284045979	0.305374899161962	0.17	0.133	1	chr13-112759352-112762568	1
0.000572864239017407	0.307479234222433	0.17	0.132	1	chr2-231603890-231605946	1
0.000576391586541901	0.261529724408546	0.201	0.159	1	chr4-81471009-81472835	1
0.000580322346455529	0.26340718088942	0.219	0.175	1	chr1-32012918-32015452	1
0.000585626068718299	0.271493440803744	0.218	0.176	1	chr1-160260683-160263404	1
0.000616592978210255	0.294005370681914	0.165	0.127	1	chr17-713831-716193	1
0.000632922481170095	0.278762311725087	0.184	0.145	1	chr10-21172191-21175687	1
0.00064328044825531	0.254152205292927	0.202	0.161	1	chr8-81719768-81721953	1
0.000647537502328311	0.291368527713733	0.214	0.175	1	chr7-50669260-50682556	1
0.000651264144405829	0.264290395958512	0.224	0.18	1	chr12-52050218-52053094	1
0.000653185227710485	0.256637306230039	0.211	0.168	1	chr1-32331272-32336726	1
0.000659470672959062	0.300947410592271	0.159	0.123	1	chr2-196925587-196927581	1
0.000662051014834079	0.281950730845712	0.202	0.162	1	chr1-214439151-214441179	1
0.000665653875864711	0.275507058592316	0.212	0.17	1	chr12-118101832-118104760	1
0.000667821294449806	0.279432509659115	0.198	0.159	1	chr1-109618741-109621745	1
0.000683856502207225	0.316531366428091	0.156	0.122	1	chr1-97920455-97921764	1
0.000697280800192179	0.312620451241743	0.16	0.124	1	chr5-14443331-14446484	1
0.000701594744562593	0.280973936642568	0.188	0.149	1	chr1-109959537-109961819	1
0.000703452252360271	0.296263254165459	0.169	0.132	1	chr3-155743409-155746409	1
0.000720162551430913	0.313425405017995	0.161	0.127	1	chr6-10693590-10695764	1
0.000733386284010875	0.272370548343414	0.204	0.163	1	chr6-118650353-118652324	1
0.000742197770430712	0.267300339125877	0.191	0.15	1	chr6-26473405-26475451	1
0.00075968735069908	0.33097233908177	0.158	0.124	1	chr1-9606445-9607740	1
0.000766401609894812	0.270937646347175	0.231	0.189	1	chr1-6579072-6581293	1
0.000783561528059861	0.295817373049783	0.172	0.136	1	chr6-137217838-137220170	1
0.000786784919744559	0.258831356555596	0.168	0.13	1	chr14-29888960-29893057	1
0.000792069042447739	0.325552767412645	0.151	0.117	1	chr5-112338280-112339613	1
0.000794488637304086	0.322703576761146	0.164	0.129	1	chr1-16235934-16238338	1
0.000806655383877459	0.317834673921839	0.162	0.127	1	chr1-35505337-35507842	1
0.000827946428674707	0.289373603999352	0.162	0.127	1	chr5-56421260-56423332	1
0.000832900445998725	0.281267027140429	0.192	0.153	1	chr16-9364451-9366131	1
0.000839648317699465	0.321072797120246	0.153	0.119	1	chr7-56009051-56010779	1
0.000875156349413345	0.273793069463544	0.19	0.151	1	chr10-13345853-13350508	1
0.000887465343409361	0.301309789264115	0.152	0.118	1	chr1-6489466-6491594	1
0.000901128640285838	0.315307130784054	0.15	0.117	1	chr8-103020359-103021718	1
0.000909669708611223	0.318960466327523	0.151	0.118	1	chrX-119756096-119759267	1
0.000921313667828541	0.304227333702655	0.158	0.123	1	chr4-2929555-2932103	1
0.000922254745739155	0.268325564922334	0.178	0.14	1	chr10-96129457-96131157	1
0.000932304658455538	0.255090628482876	0.222	0.181	1	chr1-153962344-153964537	1
0.000934114449749967	0.290953767066603	0.179	0.143	1	chr14-49867539-49869101	1
0.000950632143307102	0.292399765386387	0.168	0.132	1	chr1-154960512-154963050	1
0.000950681114816619	0.265962004447134	0.191	0.153	1	chr12-6321676-6324148	1
0.000951442373560304	0.27637513570877	0.205	0.165	1	chr16-31141412-31143263	1
0.000967407154835037	0.304838211025216	0.163	0.128	1	chr1-212087612-212089193	1
0.000968956565547024	0.288925146293184	0.175	0.139	1	chr4-25299264-25300906	1
0.000976302385082315	0.313377642622756	0.16	0.126	1	chr21-16585963-16589560	1
0.000992469625426597	0.299354579814415	0.154	0.12	1	chr16-66933493-66935944	1
0.00103878802989278	0.255746216043477	0.215	0.175	1	chr3-158109390-158111356	1
0.00105240138590348	0.288532514544014	0.176	0.14	1	chr6-13614043-13616404	1
0.00108527050490207	0.262205741985802	0.184	0.147	1	chr10-24206893-24210355	1
0.00108815079782672	0.310775639145014	0.156	0.122	1	chr5-151022799-151024378	1
0.00109579416751951	0.307082508038388	0.171	0.136	1	chr1-109040554-109042728	1
0.00110682057959961	0.305726105578188	0.162	0.127	1	chr6-35258728-35260633	1
0.00112030105819082	0.27050246536632	0.18	0.142	1	chr1-27830050-27831967	1
0.0011220637416812	0.302335721598796	0.169	0.134	1	chr5-95758521-95760969	1
0.00112231527308824	0.306739786807966	0.159	0.125	1	chr1-168225130-168226942	1
0.00114234537882299	0.294900046895932	0.162	0.128	1	chr14-103561195-103564534	1
0.00114880687817213	0.292156113207725	0.162	0.127	1	chr17-36600894-36603287	1
0.00115083913070929	0.290371334082083	0.164	0.129	1	chr1-162166945-162169057	1
0.00117494511125985	0.273435775466776	0.181	0.145	1	chr12-14255243-14258663	1
0.00118534646740034	0.265039252963677	0.182	0.146	1	chr19-9818135-9820206	1
0.00120489067854976	0.267252332004866	0.222	0.184	1	chr1-212487788-212489540	1
0.00121528345414097	0.272340855958279	0.154	0.119	1	chr1-31669399-31670811	1
0.00122146998248201	0.273090249616139	0.168	0.133	1	chr6-26457227-26458922	1
0.00123886630666626	0.27798354771661	0.16	0.127	1	chr10-12405027-12407163	1
0.00125237960410576	0.305644971153496	0.153	0.12	1	chr2-111882859-111885098	1
0.001256885553328	0.267413577578719	0.196	0.159	1	chr1-116569804-116571695	1
0.00125982729995425	0.276226844684239	0.173	0.137	1	chr12-130870574-130873308	1
0.00126050741363808	0.293494681365096	0.161	0.127	1	chr6-30488962-30490509	1
0.00126798741046009	0.286572317948436	0.181	0.146	1	chr7-106058076-106059272	1
0.00127625136234361	0.253176963936974	0.208	0.169	1	chr3-158570444-158571935	1
0.00129233321395212	0.266497304111935	0.172	0.136	1	chr13-99500491-99502487	1
0.0013303077178168	0.250072519236009	0.201	0.162	1	chr1-150293080-150294840	1
0.00134777513845717	0.263287805738824	0.17	0.135	1	chr17-38605505-38609053	1
0.00138350506964041	0.265829252128304	0.185	0.148	1	chr21-9836463-9839875	1
0.00141160371738601	0.285297304720174	0.167	0.133	1	chr16-27527814-27529689	1
0.00144737581535232	0.273973959671735	0.173	0.138	1	chr20-35698036-35702002	1
0.00146432265429563	0.259228525788304	0.182	0.145	1	chr16-48383489-48386294	1
0.00147607791357755	0.278611145877739	0.15	0.117	1	chr13-102772699-102774480	1
0.00149756706241606	0.283759515948641	0.152	0.119	1	chr7-19708250-19709689	1
0.00150494676036717	0.291022906373446	0.154	0.121	1	chr5-177365759-177367865	1
0.00153362895292753	0.253545295945202	0.21	0.172	1	chr2-201779954-201782005	1
0.00156123003176722	0.311741967163829	0.155	0.123	1	chr10-32054059-32056955	1
0.00156127413705655	0.270007998597323	0.155	0.122	1	chr10-59708914-59710730	1
0.00158213394506026	0.252854106516146	0.183	0.146	1	chr7-100118421-100120641	1
0.00166142824738874	0.292974165136896	0.18	0.146	1	chr6-30913208-30915944	1
0.00173894209604042	0.306314967156145	0.152	0.12	1	chr6-99349165-99350945	1
0.00176214513712002	0.284442322903707	0.152	0.12	1	chr3-28018250-28020684	1
0.00178911351483816	0.260983658773792	0.178	0.144	1	chr7-135661645-135663503	1
0.00181160980619998	0.274573144811884	0.187	0.152	1	chr2-168454650-168458309	1
0.00181370564509687	0.282157208198738	0.172	0.138	1	chr12-123074735-123076640	1
0.001815120839144	0.25084570621532	0.18	0.144	1	chr6-160990918-160993232	1
0.00181759743743003	0.300057568520136	0.152	0.12	1	chr1-151762655-151764358	1
0.00182670276707	0.263531636792662	0.169	0.135	1	chr1-46246491-46248766	1
0.00189269381995107	0.257737852138955	0.187	0.151	1	chr1-43388123-43390706	1
0.00191733364698522	0.253384372741027	0.186	0.15	1	chr4-88822682-88824063	1
0.00192225886226266	0.259892559995773	0.18	0.146	1	chr12-110344079-110345947	1
0.00195909384199545	0.259694840979056	0.178	0.143	1	chr17-75010678-75014242	1
0.00196002881117453	0.25316299029873	0.196	0.16	1	chr5-160922975-160924773	1
0.00198026078229094	0.293414191636284	0.162	0.129	1	chr3-101512022-101513793	1
0.00198906994818526	0.279589770935154	0.168	0.135	1	chr12-96398832-96401828	1
0.00202397407824186	0.259805265483074	0.174	0.14	1	chr1-112673303-112675900	1
0.00203269447126215	0.26167706618791	0.175	0.14	1	chr6-108847696-108849234	1
0.00206908184466068	0.25804277307917	0.179	0.144	1	chr12-51237801-51240196	1
0.00209515997638301	0.26489711001055	0.166	0.132	1	chr12-43835173-43837139	1
0.00211240586624369	0.272346018083777	0.157	0.124	1	chr8-134690938-134693625	1
0.00216965608950602	0.250866093386639	0.188	0.152	1	chr10-94544472-94547090	1
0.00217055451800505	0.252073620841178	0.162	0.129	1	chr2-239108647-239110800	1
0.00218432635885586	0.264243219443314	0.166	0.133	1	chr1-64744076-64746393	1
0.0021865575173946	0.274126800739826	0.164	0.131	1	chr1-23958686-23960674	1
0.0022882340295897	0.258950747171833	0.188	0.153	1	chr1-36257360-36259773	1
0.00232722439625711	0.264311342365239	0.154	0.122	1	chr16-11850498-11852797	1
0.00234321053987541	0.277884911366566	0.161	0.129	1	chr3-15097920-15099978	1
0.00235779108744906	0.286092350025137	0.166	0.133	1	chr16-74605859-74607852	1
0.00238826159304657	0.252602308449095	0.201	0.165	1	chr15-31352024-31354542	1
0.00241585009563359	0.270827259567529	0.17	0.137	1	chr6-17705316-17707651	1
0.00243675514456523	0.266060910264372	0.152	0.12	1	chr17-20008739-20011178	1
0.00245052045599823	0.269540937889014	0.157	0.125	1	chr19-8320405-8325266	1
0.0025075861206483	0.293141392092224	0.163	0.132	1	chr17-38869088-38872185	1
0.00251819155096355	0.292735837982247	0.151	0.12	1	chr3-128878221-128880664	1
0.00254852233556913	0.277121385129672	0.155	0.124	1	chr3-138725972-138728689	1
0.00264628900245486	0.253983148601704	0.164	0.131	1	chr6-137587672-137589905	1
0.00269504828266069	0.263686948730452	0.166	0.134	1	chr10-24493754-24496143	1
0.00276708521964864	0.268057141316913	0.186	0.154	1	chr10-29104304-29106785	1
0.00280254529927491	0.279033210186194	0.16	0.129	1	chr1-46603293-46605084	1
0.00282363774345631	0.264529441042568	0.166	0.133	1	chr6-4017319-4019484	1
0.00284285296160773	0.271405174633035	0.158	0.126	1	chr5-115295632-115297401	1
0.00287374882965762	0.259525857660215	0.176	0.143	1	chr21-41499638-41502833	1
0.00288723383856584	0.274736301050325	0.155	0.124	1	chr2-121735440-121737678	1
0.00296056902088002	0.264495906666194	0.172	0.139	1	chr12-122752145-122753921	1
0.00325544264961921	0.291883805153646	0.15	0.12	1	chr7-91758810-91760011	1
0.00331068634503231	0.257965349326924	0.169	0.137	1	chr1-26786056-26789655	1
0.00333718219973577	0.271571368018196	0.163	0.131	1	chr1-211928036-211929737	1
0.00342516001776159	0.263472604509066	0.166	0.133	1	chr1-109739492-109741217	1
0.00344286362121821	0.282642382541292	0.156	0.125	1	chr7-104205757-104208786	1
0.00351700963925281	0.271606826966638	0.166	0.135	1	chr1-45520414-45522690	1
0.00383660126275293	0.251434881358981	0.208	0.174	1	chr1-99969254-99971223	1
0.00385082938924478	0.250002808419441	0.17	0.139	1	chr9-96079866-96081088	1
0.00388715724645162	0.263738717666236	0.152	0.122	1	chr17-73231085-73233667	1
0.00389387046148128	0.272720849226174	0.152	0.122	1	chr3-149376642-149379284	1
0.00415158965980128	0.258262855337811	0.179	0.146	1	chr12-2794362-2796789	1
0.00439048190237149	0.255197743019518	0.162	0.132	1	chr12-47818933-47821217	1
0.00439298396482883	0.251406723459483	0.158	0.127	1	chr7-134965981-134967530	1
0.00439645559751719	0.250801723838467	0.165	0.134	1	chr10-112810581-112812765	1
0.00444749251637846	0.261658955668517	0.162	0.132	1	chr12-123632720-123634909	1
0.00506600706465384	0.261595151813791	0.156	0.127	1	chr1-168391420-168392846	1
0.00514402708749595	0.258349163248104	0.152	0.122	1	chr7-103343433-103345317	1
0.00529520576921383	0.25714799404306	0.154	0.125	1	chr1-151069911-151071705	1
0.00580893253487499	0.267707997218943	0.154	0.125	1	chr6-24774443-24776929	1
0.00583595555968255	0.262230965265315	0.156	0.127	1	chr1-116909463-116912473	1
0.0079554177253033	0.254327229247822	0.16	0.132	1	chr10-73245856-73248117	1
0.00802928134603028	0.270476262098619	0.155	0.128	1	chr2-231056319-231060134	1
0.00805837371824769	0.263371867294068	0.154	0.126	1	chr9-14198340-14199847	1
0.00859768633471004	0.258257141604979	0.154	0.127	1	chr4-163165280-163167548	1
0.00941290600964216	0.250128520235857	0.153	0.126	1	chr2-88054229-88056423	1
