p_val	avg_log2FC	pct.1	pct.2	p_val_adj	gene	cluster
0.00188745213798992	13.1943172631985	0.56	0	1	chr12-124421632-124423962	6
0.00433326085549637	3.2086417179722	0.6	0.083	1	chr1-235072983-235075989	6
0.00528643884050317	13.5943437172208	0.48	0	1	chr11-58922305-58925243	6
0.0077083822792139	2.97150011511646	0.56	0.083	1	chr11-123740321-123742382	6
0.0085572367204834	12.8576112105349	0.44	0	1	chr1-100265405-100267390	6
0.0085572367204834	12.7815473458358	0.44	0	1	chr1-236147386-236151687	6
0.0085572367204834	12.4962896963365	0.44	0	1	chr1-246775043-246776842	6
0.0085572367204834	12.6955920285371	0.44	0	1	chr6-122788621-122790776	6
0.0085572367204834	13.2827498481245	0.44	0	1	chr11-3041382-3044477	6
0.00985859658163932	1.24239844765971	0.8	0.5	1	chr1-155123709-155137365	6
0.0103801540870296	2.3766857379403	0.6	0.167	1	chr1-226132433-226136239	6
0.0120061162921245	2.89923531702097	0.52	0.083	1	chr2-217896878-217900845	6
0.0133329387703406	2.83745653856665	0.52	0.083	1	chr6-109380933-109385444	6
0.0135755079937951	12.7704011442885	0.4	0	1	chr1-159867115-159868558	6
0.0135755079937951	12.4744685610945	0.4	0	1	chr1-234530736-234535030	6
0.0135755079937951	12.5985600682152	0.4	0	1	chr3-138173591-138175194	6
0.0135755079937951	12.6088588046604	0.4	0	1	chr6-128519383-128521527	6
0.0135755079937951	12.9080364223125	0.4	0	1	chr7-74464700-74468163	6
0.0135755079937951	13.1062846188974	0.4	0	1	chr11-72012075-72016172	6
0.0135755079937951	13.6024651179595	0.4	0	1	chr11-94152211-94154285	6
0.0135755079937951	12.4285869622795	0.4	0	1	chr12-54324359-54327580	6
0.0135755079937951	12.9356899659762	0.4	0	1	chr12-121132406-121133715	6
0.0135755079937951	12.2456629685302	0.4	0	1	chr16-8865740-8869740	6
0.0135755079937951	13.335313893745	0.4	0	1	chr20-6703674-6704915	6
0.0143471182427008	1.97921575142975	0.64	0.25	1	chr1-234723238-234726011	6
0.0181224191714553	2.65019827387284	0.52	0.083	1	chr2-189783158-189785717	6
0.0181648890100025	1.73687072487292	0.68	0.167	1	chr1-244859872-244865927	6
0.0183436938175761	2.91860783857004	0.48	0.083	1	chr11-124745732-124747517	6
0.0203103605106551	3.02140498172487	0.48	0.083	1	chr5-140690477-140692837	6
0.0211414519128865	12.6446962350663	0.36	0	1	chr1-69566858-69568810	6
0.0211414519128865	12.7653186199324	0.36	0	1	chr1-214280476-214282525	6
0.0211414519128865	12.4828630810721	0.36	0	1	chr1-229886826-229889976	6
0.0211414519128865	12.5192051391961	0.36	0	1	chr1-240595483-240598738	6
0.0211414519128865	12.6443496375775	0.36	0	1	chr2-55518834-55521101	6
0.0211414519128865	12.7606922445087	0.36	0	1	chr2-61176513-61178074	6
0.0211414519128865	12.9868940911663	0.36	0	1	chr2-231666001-231667003	6
0.0211414519128865	13.1988928945079	0.36	0	1	chr3-112307542-112308730	6
0.0211414519128865	11.870671504091	0.36	0	1	chr4-107719239-107721102	6
0.0211414519128865	12.4749081673511	0.36	0	1	chr4-183987156-183990082	6
0.0211414519128865	12.8437879759684	0.36	0	1	chr5-22648098-22650839	6
0.0211414519128865	12.7408751087099	0.36	0	1	chr6-43246446-43247892	6
0.0211414519128865	13.0689276198413	0.36	0	1	chr6-108688884-108690232	6
0.0211414519128865	12.4876710464185	0.36	0	1	chr6-111872474-111874420	6
0.0211414519128865	12.4536416152062	0.36	0	1	chr6-117674612-117676541	6
0.0211414519128865	12.7147073564564	0.36	0	1	chr6-135053978-135055598	6
0.0211414519128865	12.8863003265121	0.36	0	1	chr6-148885784-148888120	6
0.0211414519128865	12.2170214255098	0.36	0	1	chr7-90766442-90768629	6
0.0211414519128865	12.2889200004324	0.36	0	1	chr8-144498322-144504619	6
0.0211414519128865	13.0939491201641	0.36	0	1	chr11-34153792-34157657	6
0.0211414519128865	13.1509144742104	0.36	0	1	chr11-94046260-94047465	6
0.0211414519128865	13.3651974097947	0.36	0	1	chr11-94937780-94939136	6
0.0211414519128865	12.9326077027968	0.36	0	1	chr11-131895760-131898472	6
0.0211414519128865	13.0034594264487	0.36	0	1	chrY-15258955-15260121	6
0.0224585135903739	2.64703877635246	0.48	0.083	1	chr11-65476465-65478245	6
0.0226866434435522	2.19575315001282	0.56	0.167	1	chr11-559622-562752	6
0.022844414649304	1.63022505949101	0.64	0.25	1	chr11-62552386-62557699	6
0.0253522777185696	1.48689621024184	0.64	0.333	1	chr1-207024162-207034524	6
0.0273533210599094	2.59631626903469	0.48	0.083	1	chr11-67390822-67392745	6
0.0275294485009874	2.75399493113888	0.44	0.083	1	chr1-224203207-224206280	6
0.0323756130279037	12.6906683823153	0.32	0	1	chr1-37604956-37606804	6
0.0323756130279037	12.5138336149878	0.32	0	1	chr1-51567241-51570630	6
0.0323756130279037	12.3791725443377	0.32	0	1	chr1-52032399-52034236	6
0.0323756130279037	12.7421344443184	0.32	0	1	chr1-117146780-117149036	6
0.0323756130279037	12.5169268099539	0.32	0	1	chr1-155037913-155039587	6
0.0323756130279037	12.4189463493883	0.32	0	1	chr1-180173437-180175130	6
0.0323756130279037	12.5412142628286	0.32	0	1	chr1-205352130-205355635	6
0.0323756130279037	12.1424428391746	0.32	0	1	chr1-234542045-234546269	6
0.0323756130279037	12.7389226279623	0.32	0	1	chr1-241615147-241616964	6
0.0323756130279037	12.8818070039313	0.32	0	1	chr2-27771030-27772525	6
0.0323756130279037	12.7963907429462	0.32	0	1	chr2-54330024-54331382	6
0.0323756130279037	12.5754414576199	0.32	0	1	chr2-55163121-55165458	6
0.0323756130279037	12.4519226805476	0.32	0	1	chr2-73268335-73270316	6
0.0323756130279037	12.6312150922149	0.32	0	1	chr2-119282949-119284602	6
0.0323756130279037	12.286991643944	0.32	0	1	chr2-227324417-227326526	6
0.0323756130279037	12.3587014661115	0.32	0	1	chr3-175338263-175339929	6
0.0323756130279037	12.7463890193061	0.32	0	1	chr4-40395250-40396688	6
0.0323756130279037	12.7155705135771	0.32	0	1	chr4-57131821-57132994	6
0.0323756130279037	12.1595947030641	0.32	0	1	chr5-66143405-66145477	6
0.0323756130279037	12.6428124533197	0.32	0	1	chr5-71714295-71715699	6
0.0323756130279037	12.1625517541588	0.32	0	1	chr5-139635643-139639277	6
0.0323756130279037	12.3674030368696	0.32	0	1	chr6-37169172-37172806	6
0.0323756130279037	12.4346721866984	0.32	0	1	chr6-39088169-39094010	6
0.0323756130279037	12.5860667106113	0.32	0	1	chr6-75848066-75850900	6
0.0323756130279037	12.6680278413792	0.32	0	1	chr6-129500808-129502326	6
0.0323756130279037	12.6633002076423	0.32	0	1	chr6-132797915-132799626	6
0.0323756130279037	12.779242727763	0.32	0	1	chr7-5557647-5559476	6
0.0323756130279037	12.3040096323884	0.32	0	1	chr7-30172357-30174082	6
0.0323756130279037	12.2127135172526	0.32	0	1	chr7-98085502-98087036	6
0.0323756130279037	12.6642919688222	0.32	0	1	chr8-10333845-10335977	6
0.0323756130279037	12.1027373474614	0.32	0	1	chr8-52712266-52715610	6
0.0323756130279037	12.405626896335	0.32	0	1	chr8-90035952-90037707	6
0.0323756130279037	12.3451960777995	0.32	0	1	chr9-32571971-32573721	6
0.0323756130279037	12.9947492322598	0.32	0	1	chr11-10777144-10778338	6
0.0323756130279037	12.8914945654222	0.32	0	1	chr11-14357644-14359616	6
0.0323756130279037	13.0305905947397	0.32	0	1	chr11-23585345-23587844	6
0.0323756130279037	12.911293285864	0.32	0	1	chr11-47329277-47332107	6
0.0323756130279037	13.0384501734854	0.32	0	1	chr11-47989827-47992000	6
0.0323756130279037	12.8617259058431	0.32	0	1	chr11-111422475-111423464	6
0.0323756130279037	12.3967514879114	0.32	0	1	chr11-124798760-124801306	6
0.0323756130279037	12.0896300814583	0.32	0	1	chr12-1934907-1937620	6
0.0323756130279037	12.4606007997133	0.32	0	1	chr12-113184298-113186543	6
0.0323756130279037	12.4220366174578	0.32	0	1	chr12-119178283-119180101	6
0.0323756130279037	12.428305473881	0.32	0	1	chr12-123061823-123065003	6
0.0323756130279037	12.377924407152	0.32	0	1	chr12-132886998-132888418	6
0.0323756130279037	12.3819275718922	0.32	0	1	chr14-36855724-36857629	6
0.0323756130279037	12.488411008414	0.32	0	1	chr16-2081596-2083047	6
0.0323756130279037	12.2841154553306	0.32	0	1	chr16-75108647-75112094	6
0.0323756130279037	12.3691801750244	0.32	0	1	chr16-75432617-75435176	6
0.0323756130279037	12.2616398950373	0.32	0	1	chr16-85523036-85525623	6
0.0323756130279037	12.1300487838924	0.32	0	1	chr19-6372168-6374182	6
0.0323756130279037	13.5525318727593	0.32	0	1	chrX-153779752-153781763	6
0.033510562988855	2.5751626181898	0.44	0.083	1	chr1-226813792-226815933	6
0.033510562988855	2.79485681554201	0.44	0.083	1	chr6-154508300-154512306	6
0.0358331731183154	2.11444006645902	0.52	0.167	1	chr11-704403-707902	6
0.0368567926175419	2.90816060486716	0.4	0.083	1	chr11-100719166-100720367	6
0.0368967472925126	2.51892777552541	0.44	0.083	1	chr1-9835303-9836969	6
0.0368967472925126	2.55476323320568	0.44	0.083	1	chr5-80487332-80489014	6
0.0399495468007555	1.86640789266624	0.48	0.083	1	chr1-211513710-211516187	6
0.0403331097421216	1.49080641404686	0.56	0.25	1	chr8-140456277-140460904	6
0.0403331097421216	1.56663853317128	0.56	0.25	1	chr11-65114420-65120484	6
0.0403331097421216	1.45240589992398	0.56	0.25	1	chr16-75249763-75255644	6
0.0412616038187443	1.59698999369739	0.6	0.25	1	chr1-220784438-220788357	6
0.044548843158598	2.27747499784614	0.44	0.083	1	chr11-128496113-128498038	6
0.0447428190571909	2.48032547660082	0.4	0.083	1	chr1-204072617-204075298	6
0.0447428190571909	2.56988583860444	0.4	0.083	1	chr12-28189821-28192145	6
0.0447428190571909	2.47621876822527	0.4	0.083	1	chr20-5111864-5114214	6
0.0466667729963143	1.75724848855851	0.52	0.167	1	chr10-60724630-60736066	6
0.0466667729963143	1.85040995102801	0.52	0.167	1	chr11-71784669-71788380	6
0.048846098294211	12.2985618441928	0.28	0	1	chr1-9241795-9243290	6
0.048846098294211	12.7578434984511	0.28	0	1	chr1-32208382-32209833	6
0.048846098294211	12.6365389024084	0.28	0	1	chr1-107687879-107690153	6
0.048846098294211	12.4612326406772	0.28	0	1	chr1-107766445-107768183	6
0.048846098294211	12.5029833983896	0.28	0	1	chr1-109392490-109393632	6
0.048846098294211	12.047624685163	0.28	0	1	chr1-156851504-156853396	6
0.048846098294211	12.97728323975	0.28	0	1	chr1-174953656-174955502	6
0.048846098294211	11.7678103820512	0.28	0	1	chr1-182838589-182841799	6
0.048846098294211	12.4787853603319	0.28	0	1	chr1-205542990-205544326	6
0.048846098294211	12.4310939202379	0.28	0	1	chr1-207950437-207953511	6
0.048846098294211	12.4356443964906	0.28	0	1	chr1-210051866-210052858	6
0.048846098294211	12.4759190093578	0.28	0	1	chr1-216764805-216767808	6
0.048846098294211	12.1367648826333	0.28	0	1	chr1-228086777-228093662	6
0.048846098294211	12.364935396515	0.28	0	1	chr1-229058099-229060778	6
0.048846098294211	12.5639652906897	0.28	0	1	chr1-245999130-246000438	6
0.048846098294211	12.2936937556012	0.28	0	1	chr2-10302151-10304319	6
0.048846098294211	12.5221123907016	0.28	0	1	chr2-60755864-60757226	6
0.048846098294211	11.8477997047586	0.28	0	1	chr2-70140836-70143968	6
0.048846098294211	12.5632702670423	0.28	0	1	chr2-113198937-113199771	6
0.048846098294211	12.6404760301421	0.28	0	1	chr2-135150435-135152235	6
0.048846098294211	12.2892228534142	0.28	0	1	chr2-178072282-178073652	6
0.048846098294211	11.7996188324826	0.28	0	1	chr3-73541305-73544182	6
0.048846098294211	12.0532264533205	0.28	0	1	chr3-128094236-128095864	6
0.048846098294211	12.0417583530219	0.28	0	1	chr3-135965278-135967124	6
0.048846098294211	12.9447588982483	0.28	0	1	chr3-149394673-149396859	6
0.048846098294211	12.9077255715869	0.28	0	1	chr4-1154840-1156304	6
0.048846098294211	12.2571711663723	0.28	0	1	chr4-1725981-1728774	6
0.048846098294211	12.8783493015699	0.28	0	1	chr4-21152371-21153462	6
0.048846098294211	12.1155959200771	0.28	0	1	chr4-70837114-70840553	6
0.048846098294211	12.6243501138749	0.28	0	1	chr4-185513360-185514578	6
0.048846098294211	12.3222660117262	0.28	0	1	chr5-757737-760019	6
0.048846098294211	12.2272820664337	0.28	0	1	chr5-52987541-52990553	6
0.048846098294211	12.1514950980027	0.28	0	1	chr5-79173136-79174424	6
0.048846098294211	12.5417668523812	0.28	0	1	chr5-91365343-91375321	6
0.048846098294211	12.3669627719358	0.28	0	1	chr5-123035251-123037579	6
0.048846098294211	12.1126267726685	0.28	0	1	chr5-132905266-132906726	6
0.048846098294211	12.260878452274	0.28	0	1	chr5-134505642-134507182	6
0.048846098294211	12.3427669370489	0.28	0	1	chr5-138031517-138033954	6
0.048846098294211	12.371904053295	0.28	0	1	chr6-3494147-3495468	6
0.048846098294211	12.3837610627253	0.28	0	1	chr6-26473405-26475451	6
0.048846098294211	12.039530455877	0.28	0	1	chr6-53347154-53350460	6
0.048846098294211	12.1479235850713	0.28	0	1	chr6-53543323-53545619	6
0.048846098294211	12.4110274244699	0.28	0	1	chr6-76416556-76419320	6
0.048846098294211	12.2708144249159	0.28	0	1	chr6-106628578-106630752	6
0.048846098294211	12.7519183169366	0.28	0	1	chr6-125959607-125960761	6
0.048846098294211	12.291393320127	0.28	0	1	chr6-127458263-127460277	6
0.048846098294211	12.1228242633132	0.28	0	1	chr6-137866318-137867997	6
0.048846098294211	11.7568259418372	0.28	0	1	chr6-154343343-154344809	6
0.048846098294211	12.1175721210592	0.28	0	1	chr7-36366436-36367852	6
0.048846098294211	12.5941640278589	0.28	0	1	chr7-37540753-37541674	6
0.048846098294211	12.7682564994396	0.28	0	1	chr7-128911214-128912552	6
0.048846098294211	12.8545120433939	0.28	0	1	chr8-46961908-46963033	6
0.048846098294211	12.4992916579847	0.28	0	1	chr8-56958136-56959238	6
0.048846098294211	12.0137510671818	0.28	0	1	chr8-124199581-124200850	6
0.048846098294211	11.9935727734777	0.28	0	1	chr8-127090084-127094235	6
0.048846098294211	12.1965440245835	0.28	0	1	chr10-93465533-93467037	6
0.048846098294211	12.4358289343221	0.28	0	1	chr10-129578853-129580134	6
0.048846098294211	12.8032354883593	0.28	0	1	chr10-132556170-132557550	6
0.048846098294211	12.8346916958889	0.28	0	1	chr11-447806-448902	6
0.048846098294211	13.2368044619827	0.28	0	1	chr11-1238773-1239454	6
0.048846098294211	11.9900184230749	0.28	0	1	chr11-7537276-7539725	6
0.048846098294211	12.3206124178009	0.28	0	1	chr11-27362096-27363891	6
0.048846098294211	12.8760523914552	0.28	0	1	chr11-34825320-34826486	6
0.048846098294211	13.163843076695	0.28	0	1	chr11-57116212-57117173	6
0.048846098294211	13.0291837328149	0.28	0	1	chr11-62237871-62239045	6
0.048846098294211	13.5047821672994	0.28	0	1	chr11-93525444-93526708	6
0.048846098294211	12.6524448850098	0.28	0	1	chr11-94736504-94738337	6
0.048846098294211	12.610870604001	0.28	0	1	chr11-111730737-111731928	6
0.048846098294211	12.4504128891772	0.28	0	1	chr11-112073593-112075109	6
0.048846098294211	12.7986837266372	0.28	0	1	chr11-117907021-117908059	6
0.048846098294211	12.8803637648031	0.28	0	1	chr11-119680412-119681947	6
0.048846098294211	12.811017588227	0.28	0	1	chr11-119683486-119685249	6
0.048846098294211	12.5528340743791	0.28	0	1	chr11-121477798-121480280	6
0.048846098294211	12.1344836075325	0.28	0	1	chr12-56157318-56159805	6
0.048846098294211	12.407972255839	0.28	0	1	chr12-87439514-87441006	6
0.048846098294211	12.4320808990456	0.28	0	1	chr12-109914079-109916250	6
0.048846098294211	12.6225594727416	0.28	0	1	chr12-123250484-123252115	6
0.048846098294211	12.0103390858052	0.28	0	1	chr12-130837818-130839923	6
0.048846098294211	12.3858671402677	0.28	0	1	chr13-23488266-23489124	6
0.048846098294211	12.6621051642559	0.28	0	1	chr14-23693822-23695410	6
0.048846098294211	12.309184652395	0.28	0	1	chr14-55101801-55104072	6
0.048846098294211	12.5986752725487	0.28	0	1	chr14-103890606-103892021	6
0.048846098294211	11.975954643298	0.28	0	1	chr15-66503680-66506079	6
0.048846098294211	11.8861718228332	0.28	0	1	chr15-100600751-100603473	6
0.048846098294211	12.2283699812787	0.28	0	1	chr16-4424581-4427181	6
0.048846098294211	11.7804065856263	0.28	0	1	chr16-13919214-13921653	6
0.048846098294211	12.5850675878492	0.28	0	1	chr16-82169194-82170992	6
0.048846098294211	12.2707862220827	0.28	0	1	chr17-12730418-12731803	6
0.048846098294211	12.6768615892261	0.28	0	1	chr17-27319543-27320605	6
0.048846098294211	12.3799603041827	0.28	0	1	chr17-39631114-39633533	6
0.048846098294211	13.0189343322014	0.28	0	1	chr17-76437753-76439441	6
0.048846098294211	12.0966058627258	0.28	0	1	chr17-80277367-80280452	6
0.048846098294211	12.4315965091886	0.28	0	1	chr18-7566352-7568691	6
0.048846098294211	12.5778672096053	0.28	0	1	chr18-41954627-41956164	6
0.048846098294211	12.4687509587885	0.28	0	1	chr18-50404142-50406720	6
0.048846098294211	12.8598105443546	0.28	0	1	chr18-77013244-77014513	6
0.048846098294211	12.3463521047019	0.28	0	1	chr19-29664791-29668497	6
0.048846098294211	12.1027745304103	0.28	0	1	chr19-35701987-35703289	6
0.048846098294211	12.8488635545379	0.28	0	1	chr20-41533066-41535329	6
0.048846098294211	12.7214846690493	0.28	0	1	chr20-53790615-53791648	6
0.048846098294211	12.3919126284188	0.28	0	1	chr21-16394180-16399196	6
0.048846098294211	12.7473202624665	0.28	0	1	chr21-33947301-33948808	6
0.048846098294211	12.272494517692	0.28	0	1	chr21-34127971-34130785	6
0.048846098294211	12.4104865297359	0.28	0	1	chr21-42233000-42235349	6
0.048846098294211	12.2080682769237	0.28	0	1	chr21-43286989-43289016	6
0.048846098294211	12.0943434293459	0.28	0	1	chr21-45554463-45556546	6
0.048846098294211	12.3253486779356	0.28	0	1	chrX-76172371-76174071	6
0.0491920891957867	2.52304099369477	0.4	0.083	1	chr1-75785264-75791670	6
0.0491920891957867	2.48255250852063	0.4	0.083	1	chr11-67265874-67268376	6
0.0507307695580275	1.93112531008263	0.48	0.167	1	chr11-46119370-46123150	6
0.0513651168694099	1.32610998803585	0.6	0.333	1	chr6-131627530-131632212	6
0.0540068399835062	2.54501317237611	0.4	0.083	1	chr6-2987764-2991411	6
0.0540068399835062	2.47610057942156	0.4	0.083	1	chr11-62669173-62672940	6
0.0540068399835062	2.59525541279759	0.4	0.083	1	chr11-67352750-67354140	6
0.0540068399835062	2.55292267008802	0.4	0.083	1	chr20-33372436-33374819	6
0.054030147305453	1.48605229397781	0.6	0.167	1	chr11-67463138-67469847	6
0.0562724619082302	1.40526031381382	0.56	0.25	1	chr11-1308327-1310856	6
0.0585087163444918	2.10657689313194	0.44	0.083	1	chr5-663263-666158	6
0.0590895623717153	2.7747470983951	0.36	0.083	1	chr1-86501888-86506249	6
0.0590895623717153	2.58955703946889	0.36	0.083	1	chr2-119491816-119492914	6
0.0592087059316596	2.447805480774	0.4	0.083	1	chr1-169128528-169137890	6
0.0592087059316596	2.32924597792211	0.4	0.083	1	chr1-205748326-205751013	6
0.0595730374379848	1.60167305435261	0.56	0.167	1	chr1-88682786-88685626	6
0.0601341662516216	1.71555704338535	0.52	0.167	1	chr6-26155427-26160317	6
0.0602005947923519	1.73421803223325	0.48	0.167	1	chr1-178724532-178728163	6
0.0619775368779314	1.32943731327215	0.6	0.25	1	chr3-136193355-136197938	6
0.0639025223735614	1.79511178299376	0.44	0.083	1	chr1-118100555-118102451	6
0.0639025223735614	1.86515465797129	0.44	0.083	1	chr6-144094577-144096451	6
0.0648197645393764	2.2793157046347	0.4	0.083	1	chr3-73520587-73521785	6
0.0648197645393764	2.39075421705453	0.4	0.083	1	chr5-55822598-55825331	6
0.0648197645393764	2.33884728824399	0.4	0.083	1	chr8-101360083-101362320	6
0.0648197645393764	2.29410741916675	0.4	0.083	1	chr10-43025691-43028889	6
0.0654594553650683	1.87088582417502	0.48	0.167	1	chr11-118868605-118871142	6
0.0654594553650683	1.69130364442636	0.48	0.167	1	chr11-124762035-124764207	6
0.0702220425937841	1.25972061607456	0.6	0.333	1	chr8-133447002-133520787	6
0.0707627563650077	1.61662108006739	0.44	0.167	1	chr14-35825725-35827403	6
0.0708624607195971	2.23080639724477	0.4	0.083	1	chr1-1347281-1350130	6
0.0708624607195971	2.07546001092786	0.4	0.083	1	chr6-13796540-13798156	6
0.0708624607195971	2.14902444610919	0.4	0.083	1	chr14-99809191-99810569	6
0.0710914247628059	1.75136113939379	0.48	0.167	1	chr6-85592737-85595182	6
0.071143846877474	2.44661872271488	0.36	0.083	1	chr1-45348010-45350070	6
0.071143846877474	2.45234353462707	0.36	0.083	1	chr2-85510745-85512119	6
0.071143846877474	2.52192699304489	0.36	0.083	1	chr9-32383951-32385513	6
0.071143846877474	2.32037892045329	0.36	0.083	1	chr11-832263-834609	6
0.071143846877474	2.46766321631294	0.36	0.083	1	chr11-34600189-34602932	6
0.071143846877474	2.3680562068236	0.36	0.083	1	chr11-45804031-45805982	6
0.071143846877474	2.58468097088341	0.36	0.083	1	chr11-134033351-134035782	6
0.07140886474761	1.33457487712418	0.56	0.25	1	chr10-43395374-43399647	6
0.0727653673676271	12.1611449416646	0.24	0	1	chr1-2247510-2249814	6
0.0727653673676271	12.3577627676952	0.24	0	1	chr1-3126477-3128279	6
0.0727653673676271	12.2752838731301	0.24	0	1	chr1-6553088-6555736	6
0.0727653673676271	12.0808184633675	0.24	0	1	chr1-8024867-8027190	6
0.0727653673676271	12.1797193168176	0.24	0	1	chr1-8816543-8818852	6
0.0727653673676271	12.6532423841953	0.24	0	1	chr1-10803791-10805030	6
0.0727653673676271	12.7563173338496	0.24	0	1	chr1-12744985-12746664	6
0.0727653673676271	11.7239795975536	0.24	0	1	chr1-33376471-33379296	6
0.0727653673676271	12.1701005954884	0.24	0	1	chr1-39115642-39118492	6
0.0727653673676271	12.5350903076338	0.24	0	1	chr1-48552309-48553943	6
0.0727653673676271	12.2964817715666	0.24	0	1	chr1-51616722-51617930	6
0.0727653673676271	11.8741159618702	0.24	0	1	chr1-67645417-67647810	6
0.0727653673676271	12.1847138799178	0.24	0	1	chr1-84846979-84848294	6
0.0727653673676271	12.1544123563709	0.24	0	1	chr1-94819564-94822243	6
0.0727653673676271	11.8737377035554	0.24	0	1	chr1-98660859-98663374	6
0.0727653673676271	12.4604492685151	0.24	0	1	chr1-108124919-108126008	6
0.0727653673676271	12.8314859620561	0.24	0	1	chr1-109185845-109187026	6
0.0727653673676271	11.9664537190472	0.24	0	1	chr1-109739492-109741217	6
0.0727653673676271	11.6675076865614	0.24	0	1	chr1-113928305-113932491	6
0.0727653673676271	12.5518669247279	0.24	0	1	chr1-117231407-117233179	6
0.0727653673676271	12.6062778419619	0.24	0	1	chr1-150259680-150260694	6
0.0727653673676271	12.4244784182524	0.24	0	1	chr1-154185964-154187534	6
0.0727653673676271	12.5797241483773	0.24	0	1	chr1-156692135-156694976	6
0.0727653673676271	12.6017482255118	0.24	0	1	chr1-156912338-156913670	6
0.0727653673676271	12.5065271048303	0.24	0	1	chr1-159936155-159938914	6
0.0727653673676271	12.2863595713408	0.24	0	1	chr1-160214112-160215522	6
0.0727653673676271	12.360038763128	0.24	0	1	chr1-161013128-161014647	6
0.0727653673676271	12.4931458624764	0.24	0	1	chr1-171128121-171129004	6
0.0727653673676271	11.9803822342882	0.24	0	1	chr1-190477356-190479970	6
0.0727653673676271	12.1572245348873	0.24	0	1	chr1-202118582-202120228	6
0.0727653673676271	11.4698186697348	0.24	0	1	chr1-203860192-203862718	6
0.0727653673676271	12.4567483153146	0.24	0	1	chr1-204293929-204296199	6
0.0727653673676271	12.5746755505082	0.24	0	1	chr1-206681696-206682845	6
0.0727653673676271	11.7269763271135	0.24	0	1	chr1-207320994-207324483	6
0.0727653673676271	11.6765163972993	0.24	0	1	chr1-215635941-215637792	6
0.0727653673676271	12.12238996058	0.24	0	1	chr1-218379934-218381317	6
0.0727653673676271	12.0322162350642	0.24	0	1	chr1-220708948-220711883	6
0.0727653673676271	12.5378845302511	0.24	0	1	chr1-221053571-221055048	6
0.0727653673676271	12.0807698723032	0.24	0	1	chr1-223737327-223741426	6
0.0727653673676271	12.6751700976963	0.24	0	1	chr1-225036235-225037324	6
0.0727653673676271	12.2786041909992	0.24	0	1	chr1-225651501-225653674	6
0.0727653673676271	12.0109131904602	0.24	0	1	chr1-225823415-225827067	6
0.0727653673676271	12.0656493750499	0.24	0	1	chr1-225879600-225883670	6
0.0727653673676271	12.0511063582203	0.24	0	1	chr1-226697047-226699233	6
0.0727653673676271	12.1173784777836	0.24	0	1	chr1-229273476-229274597	6
0.0727653673676271	12.2170494861844	0.24	0	1	chr1-230750644-230753225	6
0.0727653673676271	12.3062662381781	0.24	0	1	chr1-242242785-242244211	6
0.0727653673676271	12.278499435497	0.24	0	1	chr1-243421238-243422489	6
0.0727653673676271	12.7551954765635	0.24	0	1	chr2-9467609-9468377	6
0.0727653673676271	12.6339220330542	0.24	0	1	chr2-10035803-10037105	6
0.0727653673676271	12.729556973405	0.24	0	1	chr2-38514770-38516129	6
0.0727653673676271	12.5730379767787	0.24	0	1	chr2-61887511-61889312	6
0.0727653673676271	12.1806704657037	0.24	0	1	chr2-74420872-74422657	6
0.0727653673676271	12.4293897636989	0.24	0	1	chr2-75527763-75528852	6
0.0727653673676271	12.587466041554	0.24	0	1	chr2-85175367-85176504	6
0.0727653673676271	12.3399811110341	0.24	0	1	chr2-102226851-102228622	6
0.0727653673676271	12.0675597113353	0.24	0	1	chr2-108785893-108787554	6
0.0727653673676271	12.428127862805	0.24	0	1	chr2-109720150-109722602	6
0.0727653673676271	12.0613307812982	0.24	0	1	chr2-135073764-135075189	6
0.0727653673676271	12.2209161640751	0.24	0	1	chr2-158722868-158726025	6
0.0727653673676271	12.1028194476781	0.24	0	1	chr2-159124364-159125748	6
0.0727653673676271	12.4331087557576	0.24	0	1	chr2-174336536-174337903	6
0.0727653673676271	11.8657867607885	0.24	0	1	chr2-241558382-241562584	6
0.0727653673676271	12.2652119041105	0.24	0	1	chr3-9715018-9716484	6
0.0727653673676271	12.4895581338744	0.24	0	1	chr3-13506934-13509790	6
0.0727653673676271	12.237122580598	0.24	0	1	chr3-113210145-113212588	6
0.0727653673676271	12.0238486834183	0.24	0	1	chr3-120147051-120148524	6
0.0727653673676271	12.1874225225868	0.24	0	1	chr3-132346596-132347778	6
0.0727653673676271	12.158687306948	0.24	0	1	chr3-151085153-151087311	6
0.0727653673676271	12.6794640161467	0.24	0	1	chr3-152385466-152387132	6
0.0727653673676271	11.902696884532	0.24	0	1	chr3-158570444-158571935	6
0.0727653673676271	12.403980608097	0.24	0	1	chr3-169668119-169669706	6
0.0727653673676271	12.1821287094403	0.24	0	1	chr3-186930002-186932193	6
0.0727653673676271	12.2188282039941	0.24	0	1	chr3-192851450-192852690	6
0.0727653673676271	12.4501616776596	0.24	0	1	chr3-194270510-194271889	6
0.0727653673676271	12.5275914285171	0.24	0	1	chr4-3785903-3787013	6
0.0727653673676271	12.3982390083826	0.24	0	1	chr4-25029881-25031609	6
0.0727653673676271	12.0603385297772	0.24	0	1	chr4-68904466-68906911	6
0.0727653673676271	11.9688122615593	0.24	0	1	chr4-72567368-72570480	6
0.0727653673676271	11.6839186438696	0.24	0	1	chr4-102759707-102761693	6
0.0727653673676271	11.823602674971	0.24	0	1	chr4-105551678-105553833	6
0.0727653673676271	11.9981333808948	0.24	0	1	chr4-107930868-107932314	6
0.0727653673676271	12.6140360834511	0.24	0	1	chr4-118987928-118989975	6
0.0727653673676271	12.7162440436218	0.24	0	1	chr4-190020559-190021775	6
0.0727653673676271	12.332537478117	0.24	0	1	chr5-5208862-5209749	6
0.0727653673676271	12.0440272149818	0.24	0	1	chr5-14683774-14686293	6
0.0727653673676271	12.0375869442871	0.24	0	1	chr5-32193202-32194465	6
0.0727653673676271	12.6520022355186	0.24	0	1	chr5-113089638-113091516	6
0.0727653673676271	11.815945464546	0.24	0	1	chr5-168268717-168270596	6
0.0727653673676271	12.7220992263963	0.24	0	1	chr5-178238735-178240424	6
0.0727653673676271	12.4940268968885	0.24	0	1	chr6-4007858-4008871	6
0.0727653673676271	12.2996602733178	0.24	0	1	chr6-7312110-7314072	6
0.0727653673676271	12.4936782547967	0.24	0	1	chr6-15221705-15222606	6
0.0727653673676271	12.750977394153	0.24	0	1	chr6-20534150-20535309	6
0.0727653673676271	12.6707759588687	0.24	0	1	chr6-25489930-25490706	6
0.0727653673676271	12.3885699636345	0.24	0	1	chr6-40906752-40908122	6
0.0727653673676271	12.2560572800553	0.24	0	1	chr6-43666933-43668974	6
0.0727653673676271	12.0966703716131	0.24	0	1	chr6-47308076-47310514	6
0.0727653673676271	12.0851430199735	0.24	0	1	chr6-73460833-73463303	6
0.0727653673676271	12.8735093022398	0.24	0	1	chr6-79238347-79239373	6
0.0727653673676271	12.2374643376153	0.24	0	1	chr6-79544780-79545582	6
0.0727653673676271	11.8079113223581	0.24	0	1	chr6-80003580-80005278	6
0.0727653673676271	12.2240831766969	0.24	0	1	chr6-89351189-89353338	6
0.0727653673676271	12.2342514580764	0.24	0	1	chr6-101741291-101742564	6
0.0727653673676271	12.5498732635973	0.24	0	1	chr6-104527580-104528748	6
0.0727653673676271	12.2179828088267	0.24	0	1	chr6-105325792-105328032	6
0.0727653673676271	12.0904564135482	0.24	0	1	chr6-109892137-109893830	6
0.0727653673676271	12.1690894472161	0.24	0	1	chr6-110681016-110682975	6
0.0727653673676271	12.3766633360372	0.24	0	1	chr6-111600202-111603332	6
0.0727653673676271	12.3350054335919	0.24	0	1	chr6-118468318-118469851	6
0.0727653673676271	12.5649851931543	0.24	0	1	chr6-119240523-119241736	6
0.0727653673676271	12.5138676386234	0.24	0	1	chr6-128569924-128571270	6
0.0727653673676271	12.6450818134454	0.24	0	1	chr6-134516836-134518061	6
0.0727653673676271	12.1495851152164	0.24	0	1	chr6-143773554-143775840	6
0.0727653673676271	12.5726641060671	0.24	0	1	chr6-157433795-157435369	6
0.0727653673676271	12.4998146409663	0.24	0	1	chr7-503006-504598	6
0.0727653673676271	12.0162770790566	0.24	0	1	chr7-30777891-30781388	6
0.0727653673676271	12.3677470756738	0.24	0	1	chr7-44639053-44640568	6
0.0727653673676271	11.9291150480185	0.24	0	1	chr7-55571307-55574717	6
0.0727653673676271	12.5305303789433	0.24	0	1	chr7-131843628-131844795	6
0.0727653673676271	12.3818877901894	0.24	0	1	chr7-138752392-138753423	6
0.0727653673676271	12.1316308859366	0.24	0	1	chr8-68330233-68332308	6
0.0727653673676271	13.1130557496722	0.24	0	1	chr8-101573862-101576278	6
0.0727653673676271	12.3213635883398	0.24	0	1	chr8-109606636-109608456	6
0.0727653673676271	12.3050566961879	0.24	0	1	chr9-13082503-13084518	6
0.0727653673676271	12.2419549722897	0.24	0	1	chr9-18668460-18669639	6
0.0727653673676271	12.4614642267221	0.24	0	1	chr9-19456973-19458039	6
0.0727653673676271	12.2877936817455	0.24	0	1	chr9-71202408-71203772	6
0.0727653673676271	12.3024858678029	0.24	0	1	chr9-89179488-89181006	6
0.0727653673676271	12.1783177202293	0.24	0	1	chr9-96654256-96655799	6
0.0727653673676271	12.2939431471185	0.24	0	1	chr9-107748829-107751356	6
0.0727653673676271	11.9933156106188	0.24	0	1	chr9-122158176-122160374	6
0.0727653673676271	12.2118696747279	0.24	0	1	chr9-129834365-129836618	6
0.0727653673676271	11.7085230136649	0.24	0	1	chr10-510247-511937	6
0.0727653673676271	12.2168561750187	0.24	0	1	chr10-5517815-5518931	6
0.0727653673676271	12.4619742121263	0.24	0	1	chr10-34905163-34906728	6
0.0727653673676271	12.2527795087507	0.24	0	1	chr10-57688591-57690493	6
0.0727653673676271	12.2451943912643	0.24	0	1	chr10-68720695-68722271	6
0.0727653673676271	11.7464572127453	0.24	0	1	chr10-73245856-73248117	6
0.0727653673676271	12.2453797878929	0.24	0	1	chr10-77156010-77158273	6
0.0727653673676271	12.4339881551929	0.24	0	1	chr10-80498301-80500051	6
0.0727653673676271	12.139217898114	0.24	0	1	chr10-91803402-91805539	6
0.0727653673676271	12.5375167487622	0.24	0	1	chr10-120555334-120556843	6
0.0727653673676271	12.5514778286446	0.24	0	1	chr11-1261222-1263345	6
0.0727653673676271	12.9756250299563	0.24	0	1	chr11-2197108-2197801	6
0.0727653673676271	12.6196731924031	0.24	0	1	chr11-6587254-6588235	6
0.0727653673676271	12.8526991196129	0.24	0	1	chr11-10387317-10388848	6
0.0727653673676271	12.7040371408833	0.24	0	1	chr11-10394263-10395643	6
0.0727653673676271	13.2053089964944	0.24	0	1	chr11-12318715-12319916	6
0.0727653673676271	12.6052208534414	0.24	0	1	chr11-12692354-12694769	6
0.0727653673676271	12.392988293169	0.24	0	1	chr11-17405291-17406522	6
0.0727653673676271	12.7069113478589	0.24	0	1	chr11-27640478-27641638	6
0.0727653673676271	12.722559933887	0.24	0	1	chr11-42238852-42239776	6
0.0727653673676271	12.6906573406683	0.24	0	1	chr11-57674911-57675976	6
0.0727653673676271	12.7536311839086	0.24	0	1	chr11-58843406-58845911	6
0.0727653673676271	12.6627448579153	0.24	0	1	chr11-59097179-59099052	6
0.0727653673676271	12.8012689937497	0.24	0	1	chr11-61974704-61976530	6
0.0727653673676271	12.8933216689085	0.24	0	1	chr11-64149698-64151575	6
0.0727653673676271	12.8801638948237	0.24	0	1	chr11-66069665-66071379	6
0.0727653673676271	12.8295165208562	0.24	0	1	chr11-66949953-66950664	6
0.0727653673676271	13.2398469797236	0.24	0	1	chr11-67027429-67028459	6
0.0727653673676271	12.7264293225475	0.24	0	1	chr11-68856996-68858191	6
0.0727653673676271	12.2114510466454	0.24	0	1	chr11-71102786-71104159	6
0.0727653673676271	12.7486749364513	0.24	0	1	chr11-77400788-77402409	6
0.0727653673676271	12.760933601376	0.24	0	1	chr11-79939818-79940674	6
0.0727653673676271	12.4472451681672	0.24	0	1	chr11-101217818-101218721	6
0.0727653673676271	12.4485709890187	0.24	0	1	chr11-108571077-108572636	6
0.0727653673676271	12.4374360221956	0.24	0	1	chr11-110710903-110712773	6
0.0727653673676271	12.7896125797593	0.24	0	1	chr11-111426562-111429616	6
0.0727653673676271	13.3644046518068	0.24	0	1	chr11-112925427-112926254	6
0.0727653673676271	12.9705076028211	0.24	0	1	chr11-118359167-118360063	6
0.0727653673676271	12.978954012906	0.24	0	1	chr11-119315495-119316979	6
0.0727653673676271	12.9322903372108	0.24	0	1	chr11-120547708-120548896	6
0.0727653673676271	12.775141805364	0.24	0	1	chr11-121357560-121358794	6
0.0727653673676271	12.7291387813819	0.24	0	1	chr11-125345426-125346242	6
0.0727653673676271	12.7471714337876	0.24	0	1	chr11-126823836-126824888	6
0.0727653673676271	12.6594744470099	0.24	0	1	chr11-134385461-134386624	6
0.0727653673676271	11.7583352429687	0.24	0	1	chr12-401096-402700	6
0.0727653673676271	11.9517123353503	0.24	0	1	chr12-10673381-10674748	6
0.0727653673676271	12.030938420287	0.24	0	1	chr12-12313720-12314626	6
0.0727653673676271	12.2192036942307	0.24	0	1	chr12-12812839-12814057	6
0.0727653673676271	11.9868837981556	0.24	0	1	chr12-53299160-53300627	6
0.0727653673676271	12.1227129182243	0.24	0	1	chr12-76264189-76265423	6
0.0727653673676271	11.6282154145459	0.24	0	1	chr12-102119159-102121794	6
0.0727653673676271	12.5974745293916	0.24	0	1	chr12-106279795-106282834	6
0.0727653673676271	12.3283808583354	0.24	0	1	chr12-107317900-107320822	6
0.0727653673676271	12.2593032067519	0.24	0	1	chr12-120445634-120447402	6
0.0727653673676271	11.7612076488	0.24	0	1	chr12-124565677-124569079	6
0.0727653673676271	12.2142699168832	0.24	0	1	chr13-46051965-46053358	6
0.0727653673676271	12.4212523189212	0.24	0	1	chr13-49996387-49998599	6
0.0727653673676271	12.1049946346732	0.24	0	1	chr13-110506704-110508579	6
0.0727653673676271	12.4323799717271	0.24	0	1	chr13-112693261-112695751	6
0.0727653673676271	12.3237027928865	0.24	0	1	chr14-22765924-22767697	6
0.0727653673676271	12.3043826955696	0.24	0	1	chr14-50944046-50945369	6
0.0727653673676271	12.6074754515072	0.24	0	1	chr14-51546863-51547791	6
0.0727653673676271	12.1572931512395	0.24	0	1	chr14-67439904-67441237	6
0.0727653673676271	12.1158817815928	0.24	0	1	chr14-75440563-75441709	6
0.0727653673676271	11.9563203446057	0.24	0	1	chr14-91835403-91837219	6
0.0727653673676271	11.8142311336978	0.24	0	1	chr14-92120865-92123177	6
0.0727653673676271	12.0134760738318	0.24	0	1	chr15-25859653-25861320	6
0.0727653673676271	11.7703040496798	0.24	0	1	chr15-34986693-34989176	6
0.0727653673676271	12.0717463285454	0.24	0	1	chr15-66386036-66388340	6
0.0727653673676271	12.0645300829409	0.24	0	1	chr16-4679018-4681536	6
0.0727653673676271	12.7609301726282	0.24	0	1	chr16-87240306-87241726	6
0.0727653673676271	12.0859561866536	0.24	0	1	chr17-20008739-20011178	6
0.0727653673676271	12.5123060040958	0.24	0	1	chr17-20935282-20937648	6
0.0727653673676271	11.7027281268768	0.24	0	1	chr17-41972396-41973673	6
0.0727653673676271	12.1111117182935	0.24	0	1	chr17-58631038-58632664	6
0.0727653673676271	12.0950801006986	0.24	0	1	chr17-65559706-65562352	6
0.0727653673676271	11.8782071590414	0.24	0	1	chr17-78198577-78199678	6
0.0727653673676271	12.0565369615451	0.24	0	1	chr17-81551263-81554230	6
0.0727653673676271	12.4351571653253	0.24	0	1	chr18-23495088-23496423	6
0.0727653673676271	12.1360291797578	0.24	0	1	chr19-7533512-7536722	6
0.0727653673676271	12.0408066734759	0.24	0	1	chr19-11693761-11695517	6
0.0727653673676271	13.0107274730201	0.24	0	1	chr19-16584176-16585151	6
0.0727653673676271	11.4710651509933	0.24	0	1	chr19-58304665-58306302	6
0.0727653673676271	11.8623469801664	0.24	0	1	chr20-25232738-25235909	6
0.0727653673676271	12.6723202087953	0.24	0	1	chr20-25254787-25256958	6
0.0727653673676271	12.1115921654659	0.24	0	1	chr20-35541404-35542802	6
0.0727653673676271	12.3793360371356	0.24	0	1	chr20-51749594-51751009	6
0.0727653673676271	12.3940071482846	0.24	0	1	chr20-58610879-58613063	6
0.0727653673676271	11.8988097737264	0.24	0	1	chr21-16585963-16589560	6
0.0727653673676271	12.3051090696785	0.24	0	1	chr21-25934635-25935612	6
0.0727653673676271	12.3681985194875	0.24	0	1	chr21-27154399-27155772	6
0.0727653673676271	12.1588265461883	0.24	0	1	chr21-29217684-29219831	6
0.0727653673676271	12.4789522601357	0.24	0	1	chr21-40350649-40351665	6
0.0727653673676271	12.3412118603899	0.24	0	1	chr21-41932544-41934202	6
0.0727653673676271	12.7629755080407	0.24	0	1	chr21-42811920-42813277	6
0.0727653673676271	11.9839372531408	0.24	0	1	chr22-18022834-18025100	6
0.0727653673676271	12.264286656922	0.24	0	1	chr22-41902520-41903830	6
0.0727653673676271	12.1126385603306	0.24	0	1	chrX-56994678-56996123	6
0.0727653673676271	12.8030634731332	0.24	0	1	chrX-82087410-82088273	6
0.0727653673676271	12.9166806762451	0.24	0	1	chrX-142076283-142077256	6
0.0766763125791022	1.47203739992525	0.52	0.167	1	chr3-180601020-180603223	6
0.0769014014299663	1.61889831797058	0.44	0.167	1	chr1-156740208-156742015	6
0.0769014014299663	1.84973307002524	0.44	0.167	1	chr11-76379961-76382015	6
0.0771146281671168	1.70016727089271	0.48	0.167	1	chr6-85640857-85645272	6
0.0773595228268224	1.94491051332533	0.4	0.083	1	chr4-42653198-42657997	6
0.0778879952113707	2.36676662918909	0.36	0.083	1	chr1-41360143-41362489	6
0.0778879952113707	2.32598803685025	0.36	0.083	1	chr1-70220673-70222430	6
0.0778879952113707	2.31490890970622	0.36	0.083	1	chr1-220335308-220337986	6
0.0778879952113707	2.35426026135593	0.36	0.083	1	chr4-6687731-6690611	6
0.0778879952113707	2.28229931328411	0.36	0.083	1	chr5-469804-481236	6
0.0778879952113707	2.3228135531047	0.36	0.083	1	chr14-21454722-21457134	6
0.0778879952113707	2.25406180669718	0.36	0.083	1	chr15-55407283-55409167	6
0.0778879952113707	2.31941884056703	0.36	0.083	1	chr22-41090961-41094468	6
0.0825927227575872	1.92759905369404	0.4	0.167	1	chr11-64842034-64845653	6
0.0835473294792974	1.72205081349222	0.48	0.167	1	chr8-66427938-66431276	6
0.084333870335112	1.8421058559537	0.4	0.083	1	chr1-63592702-63594839	6
0.084333870335112	1.90144433025191	0.4	0.083	1	chr6-125153292-125156271	6
0.084333870335112	1.90347558576232	0.4	0.083	1	chr9-100097848-100100223	6
0.084333870335112	1.93685005364423	0.4	0.083	1	chr11-45899152-45901964	6
0.084333870335112	1.72222641556614	0.4	0.083	1	chr12-119988287-119990391	6
0.0851438178043784	2.35609807469248	0.36	0.083	1	chr1-171342739-171345003	6
0.0851438178043784	2.17289828616787	0.36	0.083	1	chr1-182601076-182604710	6
0.0851438178043784	2.12722919289773	0.36	0.083	1	chr3-150538053-150539695	6
0.0851438178043784	2.2410335294247	0.36	0.083	1	chr3-150602204-150604644	6
0.0851438178043784	2.19903197392986	0.36	0.083	1	chr6-43798472-43801211	6
0.0851438178043784	2.36701952197432	0.36	0.083	1	chr6-106324641-106326302	6
0.0851438178043784	2.20437736665837	0.36	0.083	1	chr7-113117544-113119766	6
0.0851438178043784	2.06313322392712	0.36	0.083	1	chr8-101391518-101394336	6
0.0851438178043784	2.2459952980931	0.36	0.083	1	chr9-108932910-108935246	6
0.0851438178043784	2.35763019802365	0.36	0.083	1	chr11-18321403-18323313	6
0.0897311809062038	1.41347528342351	0.56	0.25	1	chr1-206684373-206694759	6
0.0904078624641347	1.514258765696	0.48	0.167	1	chr8-94822242-94824355	6
0.0904800592311158	1.69887918822451	0.44	0.167	1	chr1-8700525-8704063	6
0.0910705565589257	1.06477797681456	0.64	0.25	1	chr1-149884551-149889287	6
0.0918085133021811	1.83880106798225	0.4	0.083	1	chr17-72182275-72184045	6
0.0928391730335612	2.62079115585448	0.32	0.083	1	chr7-91879992-91881615	6
0.0928391730335612	2.7961975170225	0.32	0.083	1	chr9-19550132-19553824	6
0.0928391730335612	2.75204817781994	0.32	0.083	1	chr11-3879604-3881007	6
0.0928391730335612	2.82721708245699	0.32	0.083	1	chr11-34663601-34666169	6
0.092936714406473	2.17748898511148	0.36	0.083	1	chr1-94417038-94419542	6
0.092936714406473	2.26134091748263	0.36	0.083	1	chr1-181742285-181744853	6
0.092936714406473	2.19687067188737	0.36	0.083	1	chr10-23438324-23440533	6
0.092936714406473	2.2134843173661	0.36	0.083	1	chr11-88689155-88690358	6
0.0951901490805418	1.36324783257328	0.52	0.25	1	chr7-120949777-120952188	6
0.0966196763208385	1.19968807904324	0.56	0.25	1	chr4-7042046-7047396	6
0.0973534975284115	1.79958734227687	0.4	0.167	1	chr1-234996875-234998910	6
0.0973534975284115	1.94345153591447	0.4	0.167	1	chr11-62123282-62125703	6
0.0977145568150106	1.46189230948581	0.48	0.167	1	chr11-9313596-9315533	6
0.0979592350146092	1.53268506815567	0.44	0.167	1	chr1-198655609-198658480	6
0.0979592350146092	1.47629097296471	0.44	0.167	1	chr12-52050218-52053094	6
0.0979592350146092	1.49828299435227	0.44	0.167	1	chr16-4691159-4697236	6
0.10129204982531	2.02861291996821	0.36	0.083	1	chr5-41868829-41871133	6
0.101522902068175	2.32002405344164	0.32	0.083	1	chr3-48501963-48505207	6
0.101522902068175	2.19616463122137	0.32	0.083	1	chr4-48014552-48017893	6
0.101522902068175	2.22670934013307	0.32	0.083	1	chr11-93536196-93538463	6
0.101522902068175	2.28972880896961	0.32	0.083	1	chr17-28597931-28600273	6
0.101522902068175	2.26309860951882	0.32	0.083	1	chr17-42608234-42610934	6
0.102521934328947	1.42076042311152	0.52	0.25	1	chr8-94893568-94897376	6
0.105485659327292	1.46180186012879	0.48	0.167	1	chr3-50349960-50352060	6
0.105487299916551	1.85054834903618	0.4	0.167	1	chr11-66288342-66290140	6
0.107321397308791	12.2781155049987	0.2	0	1	chr1-1157278-1159120	6
0.107321397308791	12.2598077025076	0.2	0	1	chr1-6519309-6520819	6
0.107321397308791	11.6558483970779	0.2	0	1	chr1-8004260-8007124	6
0.107321397308791	12.0575629557486	0.2	0	1	chr1-10429793-10431604	6
0.107321397308791	11.7911918134417	0.2	0	1	chr1-18463988-18465285	6
0.107321397308791	12.4724698840929	0.2	0	1	chr1-21896322-21897314	6
0.107321397308791	11.6517384552285	0.2	0	1	chr1-27567864-27570881	6
0.107321397308791	11.4275299412906	0.2	0	1	chr1-27934528-27936003	6
0.107321397308791	12.413126218032	0.2	0	1	chr1-31963944-31964708	6
0.107321397308791	12.434463931058	0.2	0	1	chr1-32300532-32301297	6
0.107321397308791	11.9496065694974	0.2	0	1	chr1-32753396-32755963	6
0.107321397308791	12.0563429353438	0.2	0	1	chr1-33985426-33987160	6
0.107321397308791	11.7134105424005	0.2	0	1	chr1-36463325-36465084	6
0.107321397308791	12.3781999452762	0.2	0	1	chr1-40338581-40339858	6
0.107321397308791	12.6312043436618	0.2	0	1	chr1-41546244-41547230	6
0.107321397308791	11.3985627129951	0.2	0	1	chr1-42845982-42847332	6
0.107321397308791	12.1107524982801	0.2	0	1	chr1-46278491-46279665	6
0.107321397308791	12.5386381477358	0.2	0	1	chr1-52268275-52269162	6
0.107321397308791	12.2683174191647	0.2	0	1	chr1-53670369-53671283	6
0.107321397308791	12.4923739297638	0.2	0	1	chr1-64484352-64485253	6
0.107321397308791	12.1539027244174	0.2	0	1	chr1-67478879-67479921	6
0.107321397308791	12.0323354782595	0.2	0	1	chr1-68172994-68174518	6
0.107321397308791	12.2175672471833	0.2	0	1	chr1-76390089-76391000	6
0.107321397308791	11.8151394926131	0.2	0	1	chr1-84271118-84273310	6
0.107321397308791	11.3644234528555	0.2	0	1	chr1-84572728-84575012	6
0.107321397308791	11.490584413933	0.2	0	1	chr1-93078357-93080912	6
0.107321397308791	12.0074516560308	0.2	0	1	chr1-93597375-93598587	6
0.107321397308791	12.1123007456904	0.2	0	1	chr1-93666380-93668121	6
0.107321397308791	12.1121954196804	0.2	0	1	chr1-94757500-94758536	6
0.107321397308791	12.0971998278603	0.2	0	1	chr1-95257051-95258547	6
0.107321397308791	12.2345386979607	0.2	0	1	chr1-95369874-95372470	6
0.107321397308791	12.423274161535	0.2	0	1	chr1-107280315-107282485	6
0.107321397308791	12.2224043706866	0.2	0	1	chr1-107571407-107574152	6
0.107321397308791	12.4491766333148	0.2	0	1	chr1-107597217-107599906	6
0.107321397308791	11.9421569422667	0.2	0	1	chr1-109111696-109113241	6
0.107321397308791	11.7796499951788	0.2	0	1	chr1-111619092-111621035	6
0.107321397308791	12.4070749989232	0.2	0	1	chr1-114505000-114505816	6
0.107321397308791	11.983313210822	0.2	0	1	chr1-116417455-116419129	6
0.107321397308791	11.9563577218101	0.2	0	1	chr1-119765148-119769670	6
0.107321397308791	12.119522150218	0.2	0	1	chr1-148432445-148433569	6
0.107321397308791	12.5017373021179	0.2	0	1	chr1-156140305-156141570	6
0.107321397308791	12.4919241958564	0.2	0	1	chr1-156243617-156248640	6
0.107321397308791	11.6364619384465	0.2	0	1	chr1-160159298-160160556	6
0.107321397308791	11.5352018879855	0.2	0	1	chr1-167541540-167545332	6
0.107321397308791	12.0855493603223	0.2	0	1	chr1-167697315-167698732	6
0.107321397308791	11.9901808764514	0.2	0	1	chr1-168121206-168122720	6
0.107321397308791	11.8275332231434	0.2	0	1	chr1-168919940-168921513	6
0.107321397308791	12.1987985407681	0.2	0	1	chr1-169571859-169573067	6
0.107321397308791	12.1720887781755	0.2	0	1	chr1-171126133-171127293	6
0.107321397308791	12.2108324152276	0.2	0	1	chr1-174799282-174800651	6
0.107321397308791	12.2271628126048	0.2	0	1	chr1-174964817-174966742	6
0.107321397308791	12.0494445647873	0.2	0	1	chr1-174989512-174991204	6
0.107321397308791	12.814600498773	0.2	0	1	chr1-175177769-175178942	6
0.107321397308791	12.0374153003226	0.2	0	1	chr1-178536538-178537884	6
0.107321397308791	11.7906832991111	0.2	0	1	chr1-179365097-179366759	6
0.107321397308791	11.7243502504713	0.2	0	1	chr1-179814259-179816672	6
0.107321397308791	12.649938173947	0.2	0	1	chr1-180252400-180253401	6
0.107321397308791	11.6401702723226	0.2	0	1	chr1-182788503-182790425	6
0.107321397308791	12.4626127515737	0.2	0	1	chr1-184001713-184002616	6
0.107321397308791	11.8079679469613	0.2	0	1	chr1-184789957-184794743	6
0.107321397308791	12.3783160114703	0.2	0	1	chr1-196933206-196934525	6
0.107321397308791	11.6873223252679	0.2	0	1	chr1-197619044-197621377	6
0.107321397308791	12.3177935691529	0.2	0	1	chr1-200992308-200993625	6
0.107321397308791	12.0118974313186	0.2	0	1	chr1-202056444-202057810	6
0.107321397308791	11.8606842023153	0.2	0	1	chr1-202134445-202135997	6
0.107321397308791	12.017170271061	0.2	0	1	chr1-204363154-204364533	6
0.107321397308791	11.8517540755002	0.2	0	1	chr1-205591410-205592544	6
0.107321397308791	12.3879689902133	0.2	0	1	chr1-206707829-206710821	6
0.107321397308791	12.1645709412268	0.2	0	1	chr1-206903446-206904330	6
0.107321397308791	11.8903113095531	0.2	0	1	chr1-209652527-209654458	6
0.107321397308791	11.6350287652668	0.2	0	1	chr1-210706320-210708937	6
0.107321397308791	12.4862278240324	0.2	0	1	chr1-213388604-213389719	6
0.107321397308791	12.1324868345727	0.2	0	1	chr1-219296134-219298396	6
0.107321397308791	12.2944177400789	0.2	0	1	chr1-220235329-220236493	6
0.107321397308791	11.8475383820091	0.2	0	1	chr1-220527355-220529649	6
0.107321397308791	12.3490519153944	0.2	0	1	chr1-225445570-225446796	6
0.107321397308791	12.3185779419844	0.2	0	1	chr1-225877318-225878909	6
0.107321397308791	12.2402053382283	0.2	0	1	chr1-231806193-231808043	6
0.107321397308791	12.1835015960783	0.2	0	1	chr1-231847500-231848699	6
0.107321397308791	12.1672264020698	0.2	0	1	chr1-234402975-234403996	6
0.107321397308791	11.8924000102817	0.2	0	1	chr1-235082973-235084570	6
0.107321397308791	12.3886975391439	0.2	0	1	chr1-244886991-244887950	6
0.107321397308791	11.9902632996034	0.2	0	1	chr1-245298112-245299441	6
0.107321397308791	12.1849658374536	0.2	0	1	chr1-248848503-248854297	6
0.107321397308791	12.6905204835638	0.2	0	1	chr2-1716840-1717682	6
0.107321397308791	12.4289970366672	0.2	0	1	chr2-4519178-4520229	6
0.107321397308791	12.0796767305495	0.2	0	1	chr2-11764070-11764967	6
0.107321397308791	12.1383620228444	0.2	0	1	chr2-20625163-20626637	6
0.107321397308791	11.9226239689784	0.2	0	1	chr2-20821790-20823761	6
0.107321397308791	11.9236100328529	0.2	0	1	chr2-20855157-20856165	6
0.107321397308791	12.1042401255846	0.2	0	1	chr2-26017698-26018843	6
0.107321397308791	12.4950140945357	0.2	0	1	chr2-26670736-26671711	6
0.107321397308791	11.7970834474314	0.2	0	1	chr2-32627558-32628749	6
0.107321397308791	11.8025375416251	0.2	0	1	chr2-32945776-32948085	6
0.107321397308791	12.429332807396	0.2	0	1	chr2-33133263-33134941	6
0.107321397308791	12.0876158111692	0.2	0	1	chr2-42055436-42056587	6
0.107321397308791	12.2865398786562	0.2	0	1	chr2-45218780-45220126	6
0.107321397308791	12.3353852792194	0.2	0	1	chr2-45936000-45936833	6
0.107321397308791	12.1913822530988	0.2	0	1	chr2-45991141-45993838	6
0.107321397308791	12.1049225149553	0.2	0	1	chr2-53767276-53768516	6
0.107321397308791	12.4315228049129	0.2	0	1	chr2-87075292-87077264	6
0.107321397308791	12.1967810477205	0.2	0	1	chr2-106030254-106031295	6
0.107321397308791	12.2480581123939	0.2	0	1	chr2-109350717-109352395	6
0.107321397308791	12.4644815496386	0.2	0	1	chr2-118246503-118247286	6
0.107321397308791	12.019499229778	0.2	0	1	chr2-120421369-120423629	6
0.107321397308791	11.6958329062155	0.2	0	1	chr2-130336716-130337899	6
0.107321397308791	12.0001279982732	0.2	0	1	chr2-170815596-170818122	6
0.107321397308791	12.226740530055	0.2	0	1	chr2-179272281-179273324	6
0.107321397308791	11.2863979836605	0.2	0	1	chr2-188288901-188294474	6
0.107321397308791	11.7396568801988	0.2	0	1	chr2-189540570-189542840	6
0.107321397308791	12.1387642524733	0.2	0	1	chr2-201641903-201643830	6
0.107321397308791	11.4029605216639	0.2	0	1	chr2-202375484-202377911	6
0.107321397308791	12.4335298211685	0.2	0	1	chr2-205771024-205772155	6
0.107321397308791	11.8673911348282	0.2	0	1	chr2-223956842-223958053	6
0.107321397308791	12.0358600518421	0.2	0	1	chr2-224900995-224902029	6
0.107321397308791	12.3267656521248	0.2	0	1	chr2-231320654-231321683	6
0.107321397308791	11.9390126344004	0.2	0	1	chr2-231960967-231962691	6
0.107321397308791	11.7247222997289	0.2	0	1	chr2-232300014-232301895	6
0.107321397308791	12.2273870703919	0.2	0	1	chr2-232325786-232328002	6
0.107321397308791	12.4645164857669	0.2	0	1	chr2-237291098-237291982	6
0.107321397308791	12.1523494313487	0.2	0	1	chr2-238238993-238241114	6
0.107321397308791	11.9483030803699	0.2	0	1	chr2-240434557-240436688	6
0.107321397308791	12.3721421755467	0.2	0	1	chr2-241329446-241330584	6
0.107321397308791	12.0089662411392	0.2	0	1	chr3-11553012-11554709	6
0.107321397308791	12.4294762987177	0.2	0	1	chr3-13077456-13079576	6
0.107321397308791	12.1704303552383	0.2	0	1	chr3-16456614-16457556	6
0.107321397308791	12.4498500419757	0.2	0	1	chr3-19146511-19147596	6
0.107321397308791	12.2634680603114	0.2	0	1	chr3-23858712-23859690	6
0.107321397308791	11.7196339770791	0.2	0	1	chr3-24286824-24289428	6
0.107321397308791	11.7789535970392	0.2	0	1	chr3-37348627-37350534	6
0.107321397308791	11.6985361763917	0.2	0	1	chr3-46970141-46971508	6
0.107321397308791	11.6550481356477	0.2	0	1	chr3-49118902-49121404	6
0.107321397308791	11.4808502325545	0.2	0	1	chr3-50600614-50603215	6
0.107321397308791	11.8281969899068	0.2	0	1	chr3-50615834-50618207	6
0.107321397308791	12.2027631488864	0.2	0	1	chr3-53744061-53744900	6
0.107321397308791	12.4717862804188	0.2	0	1	chr3-64627578-64628311	6
0.107321397308791	12.1714605917245	0.2	0	1	chr3-67647211-67649506	6
0.107321397308791	11.8334313380636	0.2	0	1	chr3-72306579-72308171	6
0.107321397308791	12.3298913067845	0.2	0	1	chr3-101878357-101879776	6
0.107321397308791	11.8615886742938	0.2	0	1	chr3-104610524-104613089	6
0.107321397308791	11.6756009476243	0.2	0	1	chr3-124032149-124034422	6
0.107321397308791	11.3996357909268	0.2	0	1	chr3-128333986-128336577	6
0.107321397308791	11.6923139936279	0.2	0	1	chr3-132416599-132419011	6
0.107321397308791	11.7327379917417	0.2	0	1	chr3-136276957-136278494	6
0.107321397308791	12.3012713016974	0.2	0	1	chr3-140568791-140569771	6
0.107321397308791	12.466313128707	0.2	0	1	chr3-141147305-141148266	6
0.107321397308791	12.2423337035056	0.2	0	1	chr3-141237774-141238748	6
0.107321397308791	12.1625502550942	0.2	0	1	chr3-149386111-149387495	6
0.107321397308791	11.512592765541	0.2	0	1	chr3-152268052-152270842	6
0.107321397308791	12.0170608710467	0.2	0	1	chr3-152827766-152829145	6
0.107321397308791	12.2034648389241	0.2	0	1	chr3-159137891-159139923	6
0.107321397308791	12.2325980457402	0.2	0	1	chr3-160264710-160265561	6
0.107321397308791	11.7463764416623	0.2	0	1	chr3-169173009-169174360	6
0.107321397308791	11.6919736017135	0.2	0	1	chr3-169966097-169967805	6
0.107321397308791	12.2377543901768	0.2	0	1	chr3-177622399-177623582	6
0.107321397308791	11.3421371712668	0.2	0	1	chr3-184185275-184187152	6
0.107321397308791	12.0068487769838	0.2	0	1	chr3-185942392-185944122	6
0.107321397308791	11.6311668075673	0.2	0	1	chr3-188947452-188949156	6
0.107321397308791	12.0825810037542	0.2	0	1	chr3-193214097-193215576	6
0.107321397308791	12.0829646214749	0.2	0	1	chr3-194768631-194770094	6
0.107321397308791	12.5257547146997	0.2	0	1	chr3-195697439-195699135	6
0.107321397308791	11.8952894511612	0.2	0	1	chr4-1554554-1555683	6
0.107321397308791	11.8365308452546	0.2	0	1	chr4-2932937-2937722	6
0.107321397308791	11.8732666973365	0.2	0	1	chr4-6052405-6054508	6
0.107321397308791	11.885332767132	0.2	0	1	chr4-6985019-6988644	6
0.107321397308791	12.0408820161074	0.2	0	1	chr4-25896664-25898011	6
0.107321397308791	12.2705297815373	0.2	0	1	chr4-33481949-33483308	6
0.107321397308791	11.7413208870691	0.2	0	1	chr4-37873184-37875702	6
0.107321397308791	12.2853437209501	0.2	0	1	chr4-38529339-38530294	6
0.107321397308791	12.3071272243534	0.2	0	1	chr4-39365572-39366809	6
0.107321397308791	12.4892450712948	0.2	0	1	chr4-71074444-71075534	6
0.107321397308791	11.920073461389	0.2	0	1	chr4-77104647-77105783	6
0.107321397308791	12.2336847485799	0.2	0	1	chr4-77141915-77143331	6
0.107321397308791	12.2464662288944	0.2	0	1	chr4-84924120-84925298	6
0.107321397308791	12.5900071476622	0.2	0	1	chr4-88290848-88291511	6
0.107321397308791	12.1033689090444	0.2	0	1	chr4-112296804-112298199	6
0.107321397308791	11.4629039858841	0.2	0	1	chr4-113759680-113762297	6
0.107321397308791	12.0151202146194	0.2	0	1	chr4-121800635-121801916	6
0.107321397308791	11.7304180272826	0.2	0	1	chr4-147116871-147119139	6
0.107321397308791	12.3814521592258	0.2	0	1	chr4-152995715-152996889	6
0.107321397308791	11.9783646640712	0.2	0	1	chr4-153248601-153250272	6
0.107321397308791	12.2286900023461	0.2	0	1	chr4-158129240-158131494	6
0.107321397308791	12.3550341526619	0.2	0	1	chr4-169133639-169134749	6
0.107321397308791	12.1491919734068	0.2	0	1	chr5-7827700-7828950	6
0.107321397308791	11.6073172263611	0.2	0	1	chr5-14008388-14010053	6
0.107321397308791	12.544694161213	0.2	0	1	chr5-35371588-35372883	6
0.107321397308791	11.9774864309383	0.2	0	1	chr5-49599293-49602819	6
0.107321397308791	12.2998293492602	0.2	0	1	chr5-54656072-54656944	6
0.107321397308791	12.397604238502	0.2	0	1	chr5-59356340-59358872	6
0.107321397308791	11.7367002249299	0.2	0	1	chr5-60841716-60844779	6
0.107321397308791	12.4542551258938	0.2	0	1	chr5-68549041-68549828	6
0.107321397308791	12.4616268053788	0.2	0	1	chr5-74156618-74157764	6
0.107321397308791	12.3226728135361	0.2	0	1	chr5-80174688-80176028	6
0.107321397308791	12.4338971642256	0.2	0	1	chr5-95878578-95879643	6
0.107321397308791	12.4598552343225	0.2	0	1	chr5-96149372-96150619	6
0.107321397308791	12.351960108044	0.2	0	1	chr5-124659710-124663377	6
0.107321397308791	12.2447803977169	0.2	0	1	chr5-126464579-126465581	6
0.107321397308791	12.4227211808365	0.2	0	1	chr5-134140258-134141718	6
0.107321397308791	12.0772045913739	0.2	0	1	chr5-139103695-139105536	6
0.107321397308791	11.932360483912	0.2	0	1	chr5-149159972-149162158	6
0.107321397308791	12.0156392768922	0.2	0	1	chr5-149784924-149785981	6
0.107321397308791	12.2248296720299	0.2	0	1	chr5-149990519-149991221	6
0.107321397308791	12.5858190870872	0.2	0	1	chr5-161007538-161009253	6
0.107321397308791	11.6643237343038	0.2	0	1	chr5-168346073-168348796	6
0.107321397308791	12.1082207248926	0.2	0	1	chr5-169439060-169440798	6
0.107321397308791	12.3851138890685	0.2	0	1	chr6-1832408-1833499	6
0.107321397308791	11.1036592158358	0.2	0	1	chr6-3453340-3458469	6
0.107321397308791	12.1196272315831	0.2	0	1	chr6-3912616-3914494	6
0.107321397308791	12.3864810040844	0.2	0	1	chr6-5033489-5035572	6
0.107321397308791	12.3187287535751	0.2	0	1	chr6-7114952-7116608	6
0.107321397308791	11.9979121967659	0.2	0	1	chr6-11434004-11435526	6
0.107321397308791	11.7809680224233	0.2	0	1	chr6-12007503-12009658	6
0.107321397308791	12.0416338615788	0.2	0	1	chr6-21461583-21463247	6
0.107321397308791	11.8093261229797	0.2	0	1	chr6-27687135-27688704	6
0.107321397308791	12.1315025662562	0.2	0	1	chr6-33579446-33580769	6
0.107321397308791	12.6852157878287	0.2	0	1	chr6-36334544-36335692	6
0.107321397308791	12.5630506814531	0.2	0	1	chr6-39156041-39158660	6
0.107321397308791	12.1801844218047	0.2	0	1	chr6-44126383-44128757	6
0.107321397308791	12.1482027302521	0.2	0	1	chr6-44221063-44222086	6
0.107321397308791	12.4866566890067	0.2	0	1	chr6-48624373-48625287	6
0.107321397308791	11.7919544063062	0.2	0	1	chr6-57171746-57174463	6
0.107321397308791	12.3438959639743	0.2	0	1	chr6-75852339-75853321	6
0.107321397308791	12.6243387683087	0.2	0	1	chr6-85015301-85016069	6
0.107321397308791	11.6470741576665	0.2	0	1	chr6-87472300-87474061	6
0.107321397308791	11.956215719106	0.2	0	1	chr6-108294282-108295829	6
0.107321397308791	12.495749925013	0.2	0	1	chr6-110491459-110492773	6
0.107321397308791	11.9527630578853	0.2	0	1	chr6-110909648-110915893	6
0.107321397308791	12.0863144396145	0.2	0	1	chr6-111105032-111106227	6
0.107321397308791	11.6919207707164	0.2	0	1	chr6-114050921-114052567	6
0.107321397308791	12.5563783889323	0.2	0	1	chr6-125168870-125171048	6
0.107321397308791	11.7666171154578	0.2	0	1	chr6-130018085-130021539	6
0.107321397308791	12.0747353007182	0.2	0	1	chr6-134621393-134622737	6
0.107321397308791	12.0286162971335	0.2	0	1	chr6-139230147-139231400	6
0.107321397308791	12.1767113510047	0.2	0	1	chr6-140462337-140463752	6
0.107321397308791	12.4485837499895	0.2	0	1	chr6-143457292-143458368	6
0.107321397308791	12.5036171361876	0.2	0	1	chr6-144343428-144344531	6
0.107321397308791	12.0103939051087	0.2	0	1	chr6-156822252-156823463	6
0.107321397308791	12.2816263885318	0.2	0	1	chr7-2789514-2790600	6
0.107321397308791	11.8921398303239	0.2	0	1	chr7-7098260-7100876	6
0.107321397308791	12.524320895148	0.2	0	1	chr7-44257415-44260140	6
0.107321397308791	11.6683688636551	0.2	0	1	chr7-54987115-54989450	6
0.107321397308791	11.8470229284111	0.2	0	1	chr7-55515358-55516880	6
0.107321397308791	12.311504787054	0.2	0	1	chr7-64685464-64687398	6
0.107321397308791	12.1173007634528	0.2	0	1	chr7-68813333-68814560	6
0.107321397308791	11.9425457857927	0.2	0	1	chr7-73741696-73743979	6
0.107321397308791	11.2249845522723	0.2	0	1	chr7-88218976-88221050	6
0.107321397308791	12.1612656200453	0.2	0	1	chr7-90726162-90727415	6
0.107321397308791	11.8322738998558	0.2	0	1	chr7-98294378-98296548	6
0.107321397308791	12.3296720398265	0.2	0	1	chr7-104922613-104923525	6
0.107321397308791	11.9074260354499	0.2	0	1	chr7-105672978-105674444	6
0.107321397308791	12.1843982668582	0.2	0	1	chr7-106064665-106066379	6
0.107321397308791	12.4640904598891	0.2	0	1	chr7-106568440-106569494	6
0.107321397308791	12.0473285043405	0.2	0	1	chr7-116417506-116418771	6
0.107321397308791	12.1820719900647	0.2	0	1	chr7-121046726-121047455	6
0.107321397308791	12.3907379167223	0.2	0	1	chr7-128102343-128107596	6
0.107321397308791	12.4368584103587	0.2	0	1	chr7-129739130-129740258	6
0.107321397308791	12.4265314684109	0.2	0	1	chr7-135281218-135282150	6
0.107321397308791	11.8652064674458	0.2	0	1	chr7-139074863-139076706	6
0.107321397308791	12.1248922621942	0.2	0	1	chr7-139739727-139741130	6
0.107321397308791	11.7720071751477	0.2	0	1	chr7-150321945-150324942	6
0.107321397308791	11.6634300687283	0.2	0	1	chr7-151694594-151695852	6
0.107321397308791	12.3130164988721	0.2	0	1	chr8-1779847-1781853	6
0.107321397308791	12.126376544888	0.2	0	1	chr8-17337532-17338799	6
0.107321397308791	11.9142744177764	0.2	0	1	chr8-23104825-23106517	6
0.107321397308791	11.9210809635881	0.2	0	1	chr8-29286601-29287517	6
0.107321397308791	11.4924797550711	0.2	0	1	chr8-38789648-38794235	6
0.107321397308791	11.672582104209	0.2	0	1	chr8-40054201-40055898	6
0.107321397308791	12.2009109838506	0.2	0	1	chr8-48034642-48035594	6
0.107321397308791	12.3197662696455	0.2	0	1	chr8-52719354-52720415	6
0.107321397308791	12.8242415493603	0.2	0	1	chr8-56554929-56555666	6
0.107321397308791	12.8335900584267	0.2	0	1	chr8-56656256-56657065	6
0.107321397308791	12.0907199468411	0.2	0	1	chr8-57994244-57995883	6
0.107321397308791	11.7302275443432	0.2	0	1	chr8-66521567-66523806	6
0.107321397308791	11.5869008675858	0.2	0	1	chr8-71058446-71060177	6
0.107321397308791	12.3271760012281	0.2	0	1	chr8-80991515-80992446	6
0.107321397308791	12.6800362047637	0.2	0	1	chr8-82996184-82997199	6
0.107321397308791	12.2508697564409	0.2	0	1	chr8-108786820-108787942	6
0.107321397308791	12.4130472483632	0.2	0	1	chr8-117044347-117046202	6
0.107321397308791	12.0283685759595	0.2	0	1	chr8-119654847-119656315	6
0.107321397308791	12.8290035703846	0.2	0	1	chr8-125084563-125085471	6
0.107321397308791	12.4242863565389	0.2	0	1	chr8-127038496-127039164	6
0.107321397308791	12.8142826713236	0.2	0	1	chr9-2837914-2839713	6
0.107321397308791	11.7720220316754	0.2	0	1	chr9-19641013-19643072	6
0.107321397308791	12.0832911305983	0.2	0	1	chr9-22088257-22089180	6
0.107321397308791	12.0585999910071	0.2	0	1	chr9-32164740-32165859	6
0.107321397308791	11.7720214848292	0.2	0	1	chr9-35811243-35812666	6
0.107321397308791	12.0134163709141	0.2	0	1	chr9-37417684-37419020	6
0.107321397308791	12.4983242901693	0.2	0	1	chr9-37963709-37964900	6
0.107321397308791	12.1567548189966	0.2	0	1	chr9-76878854-76880205	6
0.107321397308791	12.4185192276791	0.2	0	1	chr9-87639421-87641124	6
0.107321397308791	11.8370780511808	0.2	0	1	chr9-93566214-93567820	6
0.107321397308791	12.1652303882572	0.2	0	1	chr9-121074225-121075850	6
0.107321397308791	12.5535940047503	0.2	0	1	chr10-3126595-3127706	6
0.107321397308791	12.5400346013493	0.2	0	1	chr10-7374576-7376383	6
0.107321397308791	12.2229140225607	0.2	0	1	chr10-13607852-13609003	6
0.107321397308791	12.3916575726557	0.2	0	1	chr10-22554274-22555325	6
0.107321397308791	12.4286374961755	0.2	0	1	chr10-28838817-28840261	6
0.107321397308791	12.1994447861883	0.2	0	1	chr10-29098770-29099899	6
0.107321397308791	12.155612240289	0.2	0	1	chr10-32140697-32141893	6
0.107321397308791	12.4948732518937	0.2	0	1	chr10-34965832-34966462	6
0.107321397308791	11.928971775776	0.2	0	1	chr10-35089442-35091121	6
0.107321397308791	12.5704647140219	0.2	0	1	chr10-37289738-37290609	6
0.107321397308791	12.4904855484166	0.2	0	1	chr10-69479061-69480764	6
0.107321397308791	12.1541068875363	0.2	0	1	chr10-70878935-70880534	6
0.107321397308791	12.1040740645703	0.2	0	1	chr10-92756295-92759046	6
0.107321397308791	12.4337810348406	0.2	0	1	chr10-101051712-101052917	6
0.107321397308791	11.5480960569733	0.2	0	1	chr10-102853789-102855001	6
0.107321397308791	12.1126401442965	0.2	0	1	chr10-104304580-104306876	6
0.107321397308791	12.1954800269184	0.2	0	1	chr10-110429917-110432028	6
0.107321397308791	12.0620764837947	0.2	0	1	chr10-110433395-110434402	6
0.107321397308791	12.2562493151271	0.2	0	1	chr10-112139897-112140777	6
0.107321397308791	11.6596512494382	0.2	0	1	chr10-112716738-112717842	6
0.107321397308791	11.5350973949421	0.2	0	1	chr10-119176695-119179515	6
0.107321397308791	12.0063622994811	0.2	0	1	chr10-124791103-124792778	6
0.107321397308791	12.1797524982427	0.2	0	1	chr10-133277782-133279188	6
0.107321397308791	12.4827444322712	0.2	0	1	chr11-762355-763824	6
0.107321397308791	12.2069227858362	0.2	0	1	chr11-876075-878087	6
0.107321397308791	12.9696480490261	0.2	0	1	chr11-1863275-1863918	6
0.107321397308791	12.7065991417613	0.2	0	1	chr11-2884672-2886250	6
0.107321397308791	12.8985335001474	0.2	0	1	chr11-3157279-3158140	6
0.107321397308791	12.5034133967747	0.2	0	1	chr11-3443505-3444369	6
0.107321397308791	12.7558868262415	0.2	0	1	chr11-8228486-8229971	6
0.107321397308791	12.9620988015114	0.2	0	1	chr11-10770457-10771906	6
0.107321397308791	12.4501705182731	0.2	0	1	chr11-12136706-12138626	6
0.107321397308791	12.1763589170539	0.2	0	1	chr11-13042774-13044654	6
0.107321397308791	12.4948979052896	0.2	0	1	chr11-14974516-14975558	6
0.107321397308791	13.0800270241288	0.2	0	1	chr11-15725206-15725706	6
0.107321397308791	12.013931670114	0.2	0	1	chr11-17238136-17239646	6
0.107321397308791	12.7022964977652	0.2	0	1	chr11-17504313-17505046	6
0.107321397308791	12.943757070535	0.2	0	1	chr11-18065326-18066103	6
0.107321397308791	12.3991491059256	0.2	0	1	chr11-26218323-26220395	6
0.107321397308791	12.7488063594966	0.2	0	1	chr11-33706760-33708531	6
0.107321397308791	12.8757104223703	0.2	0	1	chr11-34027508-34028911	6
0.107321397308791	13.0063848822013	0.2	0	1	chr11-34676484-34677406	6
0.107321397308791	12.6568465676989	0.2	0	1	chr11-35949839-35950625	6
0.107321397308791	12.4567649354156	0.2	0	1	chr11-36464388-36465909	6
0.107321397308791	12.6018076117584	0.2	0	1	chr11-40876633-40877446	6
0.107321397308791	12.3270884925085	0.2	0	1	chr11-47523044-47525060	6
0.107321397308791	12.1479805926992	0.2	0	1	chr11-60995859-60997349	6
0.107321397308791	12.2428545375477	0.2	0	1	chr11-61868374-61872438	6
0.107321397308791	12.7593174956111	0.2	0	1	chr11-62501280-62502911	6
0.107321397308791	12.6041529016721	0.2	0	1	chr11-64887652-64888507	6
0.107321397308791	12.4125947868192	0.2	0	1	chr11-65083632-65084939	6
0.107321397308791	12.7116959343005	0.2	0	1	chr11-65479053-65480009	6
0.107321397308791	12.3543764217143	0.2	0	1	chr11-66123676-66125135	6
0.107321397308791	13.11579999604	0.2	0	1	chr11-67110779-67111731	6
0.107321397308791	12.6407124985448	0.2	0	1	chr11-70948758-70949710	6
0.107321397308791	12.9652107722879	0.2	0	1	chr11-74612584-74613496	6
0.107321397308791	12.9344812838204	0.2	0	1	chr11-75803160-75803701	6
0.107321397308791	12.4611376332923	0.2	0	1	chr11-77090825-77091795	6
0.107321397308791	12.3494393307143	0.2	0	1	chr11-78742075-78743282	6
0.107321397308791	12.5548743407912	0.2	0	1	chr11-82249800-82250725	6
0.107321397308791	12.5294540541307	0.2	0	1	chr11-82996812-82998001	6
0.107321397308791	12.84576216439	0.2	0	1	chr11-86523919-86524679	6
0.107321397308791	13.031116056243	0.2	0	1	chr11-92222632-92223184	6
0.107321397308791	12.4328814874725	0.2	0	1	chr11-92643130-92644864	6
0.107321397308791	12.2700443610903	0.2	0	1	chr11-93476461-93477795	6
0.107321397308791	12.1930673480256	0.2	0	1	chr11-93497152-93499654	6
0.107321397308791	12.4936842887905	0.2	0	1	chr11-93645282-93646213	6
0.107321397308791	12.2846999613174	0.2	0	1	chr11-95705009-95706142	6
0.107321397308791	12.5551217257515	0.2	0	1	chr11-103682051-103682973	6
0.107321397308791	12.6213331184957	0.2	0	1	chr11-111911305-111912483	6
0.107321397308791	12.7950533404609	0.2	0	1	chr11-114832366-114833051	6
0.107321397308791	12.7526986805677	0.2	0	1	chr11-117519001-117520573	6
0.107321397308791	12.5757164994297	0.2	0	1	chr11-118370526-118371384	6
0.107321397308791	12.1144565855847	0.2	0	1	chr11-125164157-125165853	6
0.107321397308791	12.5842603033513	0.2	0	1	chr11-125857306-125858203	6
0.107321397308791	12.7303130702367	0.2	0	1	chr11-126660207-126661234	6
0.107321397308791	11.8653469492643	0.2	0	1	chr11-128453147-128454674	6
0.107321397308791	12.0919615435679	0.2	0	1	chr11-129592681-129593822	6
0.107321397308791	12.3136991469092	0.2	0	1	chr11-131902726-131903890	6
0.107321397308791	12.5243026472236	0.2	0	1	chr11-131932564-131933776	6
0.107321397308791	12.6329844345054	0.2	0	1	chr11-132586537-132588077	6
0.107321397308791	12.0183059215054	0.2	0	1	chr11-134911015-134912333	6
0.107321397308791	11.5809873652209	0.2	0	1	chr12-2890079-2891917	6
0.107321397308791	12.5322844006484	0.2	0	1	chr12-3054257-3056108	6
0.107321397308791	11.6077762594096	0.2	0	1	chr12-6777869-6780517	6
0.107321397308791	12.1091978830151	0.2	0	1	chr12-7374415-7375804	6
0.107321397308791	12.2876989392585	0.2	0	1	chr12-9797885-9798484	6
0.107321397308791	11.7079541035579	0.2	0	1	chr12-14255243-14258663	6
0.107321397308791	11.7153184949506	0.2	0	1	chr12-21656546-21658327	6
0.107321397308791	12.2667537541161	0.2	0	1	chr12-25648204-25649246	6
0.107321397308791	11.8637018540134	0.2	0	1	chr12-27292778-27294446	6
0.107321397308791	12.0454032524876	0.2	0	1	chr12-30547766-30548742	6
0.107321397308791	12.1895448183658	0.2	0	1	chr12-31646799-31647822	6
0.107321397308791	11.5304163825107	0.2	0	1	chr12-44948321-44949412	6
0.107321397308791	12.4844902416623	0.2	0	1	chr12-45259495-45260847	6
0.107321397308791	12.3990404024364	0.2	0	1	chr12-49511363-49513253	6
0.107321397308791	12.2015847373405	0.2	0	1	chr12-54285429-54289996	6
0.107321397308791	12.3860783217759	0.2	0	1	chr12-54616601-54617785	6
0.107321397308791	11.9794479120314	0.2	0	1	chr12-56085806-56087699	6
0.107321397308791	11.6970452618394	0.2	0	1	chr12-56151345-56152977	6
0.107321397308791	12.2236339186862	0.2	0	1	chr12-70365511-70367249	6
0.107321397308791	12.1388078505565	0.2	0	1	chr12-70637468-70641566	6
0.107321397308791	12.4171779569954	0.2	0	1	chr12-82314174-82315045	6
0.107321397308791	11.7127220925333	0.2	0	1	chr12-101876858-101878647	6
0.107321397308791	11.8564951674883	0.2	0	1	chr12-106644412-106645609	6
0.107321397308791	12.2369515696464	0.2	0	1	chr12-112916116-112916998	6
0.107321397308791	11.9582835154957	0.2	0	1	chr12-124608503-124609792	6
0.107321397308791	12.5725243094403	0.2	0	1	chr12-124730210-124731200	6
0.107321397308791	11.6122577516442	0.2	0	1	chr12-132489553-132492762	6
0.107321397308791	12.8056412529489	0.2	0	1	chr13-27383049-27383583	6
0.107321397308791	12.4754538977841	0.2	0	1	chr13-28563788-28564719	6
0.107321397308791	12.0311923104807	0.2	0	1	chr13-29537834-29540524	6
0.107321397308791	12.170813742142	0.2	0	1	chr13-43878650-43880648	6
0.107321397308791	12.1876038111106	0.2	0	1	chr13-46155792-46158884	6
0.107321397308791	12.170761043645	0.2	0	1	chr13-98889646-98890812	6
0.107321397308791	12.1785030166158	0.2	0	1	chr13-104170585-104172010	6
0.107321397308791	12.824481778782	0.2	0	1	chr13-108003510-108004291	6
0.107321397308791	11.8682485415103	0.2	0	1	chr13-112745630-112746803	6
0.107321397308791	11.8307251319663	0.2	0	1	chr13-112990229-112991427	6
0.107321397308791	12.1593631616207	0.2	0	1	chr13-114099121-114101671	6
0.107321397308791	12.2990402168569	0.2	0	1	chr14-31892964-31894090	6
0.107321397308791	12.505866677876	0.2	0	1	chr14-36996157-36998314	6
0.107321397308791	11.9285392784027	0.2	0	1	chr14-55888432-55889741	6
0.107321397308791	11.9191367112076	0.2	0	1	chr14-58426195-58428651	6
0.107321397308791	11.7278443186555	0.2	0	1	chr14-59254054-59255472	6
0.107321397308791	11.828545015836	0.2	0	1	chr14-59968548-59970207	6
0.107321397308791	11.985395455728	0.2	0	1	chr14-63437689-63438833	6
0.107321397308791	12.0195402611951	0.2	0	1	chr14-68191363-68192601	6
0.107321397308791	12.1906912169482	0.2	0	1	chr14-91382649-91384216	6
0.107321397308791	12.1856819335924	0.2	0	1	chr14-93135078-93136497	6
0.107321397308791	12.3829893398044	0.2	0	1	chr14-95188874-95190305	6
0.107321397308791	11.739245217933	0.2	0	1	chr14-99578403-99580663	6
0.107321397308791	12.6848907349127	0.2	0	1	chr15-35630465-35631577	6
0.107321397308791	12.059498556959	0.2	0	1	chr15-39829645-39830845	6
0.107321397308791	11.9536831238265	0.2	0	1	chr15-40352522-40354681	6
0.107321397308791	12.0705906900274	0.2	0	1	chr15-42023942-42025775	6
0.107321397308791	11.9911690719357	0.2	0	1	chr15-48393405-48394719	6
0.107321397308791	11.8489433840865	0.2	0	1	chr15-49946322-49947439	6
0.107321397308791	12.1188178589539	0.2	0	1	chr15-67193040-67194096	6
0.107321397308791	12.4076734506447	0.2	0	1	chr15-72338690-72340275	6
0.107321397308791	12.1665542637727	0.2	0	1	chr15-78709136-78709991	6
0.107321397308791	11.6136064658343	0.2	0	1	chr15-88466563-88468591	6
0.107321397308791	11.2427654019504	0.2	0	1	chr15-88545970-88547204	6
0.107321397308791	12.3032587156657	0.2	0	1	chr15-100335011-100336195	6
0.107321397308791	11.8434957075118	0.2	0	1	chr16-400729-402969	6
0.107321397308791	12.2976206569563	0.2	0	1	chr16-1641904-1643037	6
0.107321397308791	11.4985816471307	0.2	0	1	chr16-2691368-2693916	6
0.107321397308791	11.8291914629547	0.2	0	1	chr16-3716301-3718402	6
0.107321397308791	12.5526122998439	0.2	0	1	chr16-9061240-9062036	6
0.107321397308791	11.7115513009725	0.2	0	1	chr16-11296378-11298437	6
0.107321397308791	12.300573575355	0.2	0	1	chr16-31112447-31115060	6
0.107321397308791	12.070024992737	0.2	0	1	chr16-56657285-56658515	6
0.107321397308791	11.5849185106182	0.2	0	1	chr16-67206218-67209682	6
0.107321397308791	12.3744936456171	0.2	0	1	chr16-68332005-68332981	6
0.107321397308791	11.6438217639865	0.2	0	1	chr16-70522940-70525369	6
0.107321397308791	11.8363277623783	0.2	0	1	chr16-70750484-70752428	6
0.107321397308791	12.5080834288803	0.2	0	1	chr16-71758084-71758999	6
0.107321397308791	12.0874749059644	0.2	0	1	chr16-84367896-84369105	6
0.107321397308791	12.342749372512	0.2	0	1	chr16-84841663-84844348	6
0.107321397308791	11.8704631841312	0.2	0	1	chr16-85637385-85640630	6
0.107321397308791	12.3744457039087	0.2	0	1	chr16-89097743-89099113	6
0.107321397308791	11.791549294469	0.2	0	1	chr16-89581755-89582955	6
0.107321397308791	11.643803703856	0.2	0	1	chr17-1004112-1006734	6
0.107321397308791	12.2159416973431	0.2	0	1	chr17-4135631-4137016	6
0.107321397308791	11.7157617217112	0.2	0	1	chr17-4709517-4711271	6
0.107321397308791	12.0895076557871	0.2	0	1	chr17-17561019-17562580	6
0.107321397308791	12.4010999301989	0.2	0	1	chr17-27383992-27384975	6
0.107321397308791	11.9633174253015	0.2	0	1	chr17-28576030-28577658	6
0.107321397308791	12.2496954489833	0.2	0	1	chr17-34915873-34918116	6
0.107321397308791	11.598026871898	0.2	0	1	chr17-41864198-41865997	6
0.107321397308791	12.426884379935	0.2	0	1	chr17-43694045-43694882	6
0.107321397308791	12.4525382893416	0.2	0	1	chr17-55273108-55274468	6
0.107321397308791	12.1182023689423	0.2	0	1	chr17-59296102-59297703	6
0.107321397308791	11.8284741558622	0.2	0	1	chr17-64918653-64920871	6
0.107321397308791	12.3391534290906	0.2	0	1	chr17-73770260-73771358	6
0.107321397308791	11.888181236849	0.2	0	1	chr17-75260683-75262776	6
0.107321397308791	12.5510427469327	0.2	0	1	chr17-79298650-79299304	6
0.107321397308791	12.2534074434921	0.2	0	1	chr17-81854628-81856741	6
0.107321397308791	11.8956676814459	0.2	0	1	chr17-82241361-82244783	6
0.107321397308791	12.7531502957276	0.2	0	1	chr17-82885786-82886457	6
0.107321397308791	12.4203975793974	0.2	0	1	chr18-5628410-5631215	6
0.107321397308791	12.4816548518915	0.2	0	1	chr18-21526372-21527303	6
0.107321397308791	12.4719868915019	0.2	0	1	chr18-37578617-37579531	6
0.107321397308791	11.7956001085366	0.2	0	1	chr18-45802394-45803767	6
0.107321397308791	12.2935599710344	0.2	0	1	chr18-51447069-51448233	6
0.107321397308791	12.6625909119536	0.2	0	1	chr18-61735398-61736535	6
0.107321397308791	12.1818437581169	0.2	0	1	chr18-79062485-79063559	6
0.107321397308791	12.0204852694146	0.2	0	1	chr18-80009844-80011003	6
0.107321397308791	11.9952910720185	0.2	0	1	chr19-3335201-3337664	6
0.107321397308791	11.6924821267126	0.2	0	1	chr19-12774458-12776153	6
0.107321397308791	12.2982704450071	0.2	0	1	chr19-18013102-18014290	6
0.107321397308791	11.7781628479676	0.2	0	1	chr19-18697508-18701669	6
0.107321397308791	11.7401594304206	0.2	0	1	chr19-29389030-29390351	6
0.107321397308791	12.2946127510463	0.2	0	1	chr19-31555389-31556491	6
0.107321397308791	11.6745551012835	0.2	0	1	chr19-36013466-36015103	6
0.107321397308791	12.1730585107617	0.2	0	1	chr19-38003103-38005329	6
0.107321397308791	12.4466562285151	0.2	0	1	chr19-38711509-38714034	6
0.107321397308791	12.3339929864398	0.2	0	1	chr19-46600418-46601591	6
0.107321397308791	11.9031096102239	0.2	0	1	chr19-46849113-46851337	6
0.107321397308791	11.9670342663466	0.2	0	1	chr19-51702292-51704939	6
0.107321397308791	12.2457100990869	0.2	0	1	chr20-3208618-3210574	6
0.107321397308791	12.6635736240865	0.2	0	1	chr20-12287461-12288312	6
0.107321397308791	12.1239077872734	0.2	0	1	chr20-18006356-18008950	6
0.107321397308791	12.0772929065016	0.2	0	1	chr20-19275008-19276758	6
0.107321397308791	11.8372605058463	0.2	0	1	chr20-30376493-30377939	6
0.107321397308791	12.0026177428882	0.2	0	1	chr20-32325701-32327072	6
0.107321397308791	12.1137989113933	0.2	0	1	chr20-35171547-35172541	6
0.107321397308791	12.6337031669886	0.2	0	1	chr20-53819800-53820660	6
0.107321397308791	12.0432045810249	0.2	0	1	chr20-62776067-62777446	6
0.107321397308791	12.1909061166023	0.2	0	1	chr21-16084707-16088342	6
0.107321397308791	12.0796970305579	0.2	0	1	chr21-26123853-26126383	6
0.107321397308791	12.5669152502573	0.2	0	1	chr21-29812636-29813974	6
0.107321397308791	11.9299440111103	0.2	0	1	chr21-32392081-32394844	6
0.107321397308791	12.0030619386698	0.2	0	1	chr21-33587718-33589511	6
0.107321397308791	12.2527643413895	0.2	0	1	chr21-36384927-36386383	6
0.107321397308791	12.6763899818445	0.2	0	1	chr21-38591593-38593564	6
0.107321397308791	12.2171429538325	0.2	0	1	chr22-17706090-17707121	6
0.107321397308791	12.1504386229005	0.2	0	1	chr22-21657129-21658349	6
0.107321397308791	12.0725418836006	0.2	0	1	chr22-24145644-24147430	6
0.107321397308791	12.50817392082	0.2	0	1	chr22-33539894-33540998	6
0.107321397308791	11.9292353445529	0.2	0	1	chr22-43113078-43115611	6
0.107321397308791	11.9299783035941	0.2	0	1	chrX-24024197-24026268	6
0.107321397308791	11.905417345211	0.2	0	1	chrX-40104250-40107071	6
0.107321397308791	12.6080858989091	0.2	0	1	chrX-65644630-65645509	6
0.107321397308791	11.8500177015226	0.2	0	1	chrX-71621588-71623615	6
0.107321397308791	12.2215165856686	0.2	0	1	chrX-77953305-77954202	6
0.107321397308791	12.4451318928343	0.2	0	1	chrX-88886774-88887672	6
0.107321397308791	12.1834625237947	0.2	0	1	chrX-107729320-107732678	6
0.107321397308791	12.1016003556491	0.2	0	1	chrX-119942591-119944469	6
0.110235015847803	1.8723341885859	0.36	0.083	1	chr2-186485162-186487468	6
0.110235015847803	2.0008759733678	0.36	0.083	1	chr3-155956630-155958077	6
0.110841430735613	2.2026580028167	0.32	0.083	1	chr1-1431568-1437431	6
0.110841430735613	2.14300770553671	0.32	0.083	1	chr1-32012918-32015452	6
0.110841430735613	2.03971155026926	0.32	0.083	1	chr1-115713114-115715481	6
0.110841430735613	2.22273284821865	0.32	0.083	1	chr1-202106870-202109160	6
0.110841430735613	2.30868327122954	0.32	0.083	1	chr1-205811527-205814214	6
0.110841430735613	2.15326943244907	0.32	0.083	1	chr1-223711886-223713484	6
0.110841430735613	2.23629571871907	0.32	0.083	1	chr2-237730289-237736165	6
0.110841430735613	2.13105915462044	0.32	0.083	1	chr2-240996042-240999889	6
0.110841430735613	2.27416948500901	0.32	0.083	1	chr4-78055747-78060022	6
0.110841430735613	2.11863570215016	0.32	0.083	1	chr5-131671203-131673820	6
0.110841430735613	2.0857076983467	0.32	0.083	1	chr6-71287119-71289911	6
0.110841430735613	2.21382516210446	0.32	0.083	1	chr6-116252626-116256214	6
0.110841430735613	2.13577509308937	0.32	0.083	1	chr10-103191876-103194638	6
0.110841430735613	2.20019418680847	0.32	0.083	1	chr11-2419653-2421310	6
0.110841430735613	2.35898062866684	0.32	0.083	1	chr11-3839990-3842384	6
0.110841430735613	2.2551680029429	0.32	0.083	1	chr11-111402102-111403544	6
0.110841430735613	2.2936102114554	0.32	0.083	1	chr16-58024449-58028907	6
0.114151213168038	1.59397258398077	0.4	0.167	1	chr6-80105978-80107409	6
0.114151213168038	1.6636538682051	0.4	0.167	1	chr14-49583991-49587357	6
0.114151213168038	1.55193590502211	0.4	0.167	1	chr14-99553781-99556519	6
0.11852866092093	1.18131226788011	0.52	0.25	1	chr11-62590586-62592710	6
0.11852866092093	1.06633224412494	0.52	0.25	1	chr22-46040296-46065534	6
0.119790484433764	1.88952456267626	0.36	0.083	1	chr3-58035454-58044441	6
0.119790484433764	1.90963859425432	0.36	0.083	1	chr6-156719386-156721734	6
0.119790484433764	1.74107278364352	0.36	0.083	1	chr7-77121056-77123174	6
0.119790484433764	1.32239116645803	0.36	0.083	1	chr12-82357325-82360056	6
0.120822615237349	2.05100440115712	0.32	0.083	1	chr1-161116976-161120425	6
0.120822615237349	2.14364165399052	0.32	0.083	1	chr1-212413657-212415359	6
0.120822615237349	2.24941486922772	0.32	0.083	1	chr1-227945111-227948967	6
0.120822615237349	2.10712107933855	0.32	0.083	1	chr2-95273736-95278138	6
0.120822615237349	2.09825010415402	0.32	0.083	1	chr2-219251655-219254799	6
0.120822615237349	1.97776785628842	0.32	0.083	1	chr5-144368589-144371001	6
0.120822615237349	2.16479602738487	0.32	0.083	1	chr5-177445110-177448667	6
0.120822615237349	2.19769832404727	0.32	0.083	1	chr6-52994438-52997256	6
0.120822615237349	2.36228346006072	0.32	0.083	1	chr6-75242352-75244784	6
0.120822615237349	2.12429136580083	0.32	0.083	1	chr6-136643607-136644962	6
0.120822615237349	2.14294289764701	0.32	0.083	1	chr6-137222021-137224273	6
0.120822615237349	2.08086258590905	0.32	0.083	1	chr8-130442298-130444562	6
0.120822615237349	2.08095328425316	0.32	0.083	1	chr11-841301-843119	6
0.120822615237349	2.22357450531045	0.32	0.083	1	chr11-62645034-62647383	6
0.120822615237349	2.12279919880907	0.32	0.083	1	chr11-62790734-62792952	6
0.120822615237349	2.17664780461943	0.32	0.083	1	chr11-95512114-95513556	6
0.120822615237349	2.12648083426159	0.32	0.083	1	chr11-117175734-117177010	6
0.120822615237349	2.20264033606794	0.32	0.083	1	chr18-12946852-12949105	6
0.123365756974572	1.51959660367895	0.4	0.167	1	chr2-27376282-27381856	6
0.123389170634022	1.35461454725889	0.44	0.167	1	chr4-169069580-169071494	6
0.123389170634022	1.37141286828549	0.44	0.167	1	chr6-156776300-156781006	6
0.128494483879626	1.01051881934355	0.56	0.25	1	chr1-10398103-10400308	6
0.128734998785542	0.884489508039014	0.56	0.5	1	chr11-61157687-61162774	6
0.129982852865612	1.64124596553511	0.36	0.083	1	chr20-43456726-43460921	6
0.131493746872969	1.97394037035753	0.32	0.083	1	chr1-27724906-27726870	6
0.131493746872969	2.16852515186625	0.32	0.083	1	chr3-40456561-40458220	6
0.131493746872969	1.99094429253533	0.32	0.083	1	chr3-44761055-44762756	6
0.131493746872969	2.05275027730657	0.32	0.083	1	chr3-108588590-108590707	6
0.131493746872969	2.07327071029513	0.32	0.083	1	chr4-47484808-47486502	6
0.131493746872969	2.03174812140608	0.32	0.083	1	chr4-81471009-81472835	6
0.131493746872969	2.0127064107292	0.32	0.083	1	chr5-123511341-123513651	6
0.131493746872969	2.02269115163301	0.32	0.083	1	chr6-18386147-18389763	6
0.131493746872969	2.02383139239375	0.32	0.083	1	chr6-138571254-138573240	6
0.131493746872969	2.05382836149454	0.32	0.083	1	chr6-138772713-138774807	6
0.131493746872969	2.04167540148187	0.32	0.083	1	chr6-138817596-138818701	6
0.131493746872969	2.01793762222188	0.32	0.083	1	chr7-151875044-151877950	6
0.131493746872969	1.92397179358675	0.32	0.083	1	chr8-53842294-53844116	6
0.131493746872969	2.108099706474	0.32	0.083	1	chr11-27204511-27206164	6
0.131493746872969	2.0585309010784	0.32	0.083	1	chr11-47564854-47566626	6
0.131493746872969	2.02519427087267	0.32	0.083	1	chr11-91845961-91847334	6
0.131493746872969	1.99159816688406	0.32	0.083	1	chr11-107457156-107458443	6
0.131493746872969	2.0213411367353	0.32	0.083	1	chr14-68172014-68174330	6
0.131493746872969	2.07614213951033	0.32	0.083	1	chr16-15575557-15578260	6
0.131493746872969	1.90557900051313	0.32	0.083	1	chr16-75243802-75246325	6
0.131493746872969	1.91054709145114	0.32	0.083	1	chr18-23850269-23852897	6
0.131764857174892	1.25195554641811	0.48	0.167	1	chr8-55771334-55775338	6
0.132926584378866	1.46160046264264	0.44	0.167	1	chr1-46401445-46402926	6
0.132926584378866	1.36318102215203	0.44	0.167	1	chr11-121023608-121025456	6
0.132926584378866	1.34908751718409	0.44	0.167	1	chr18-9913112-9915519	6
0.133151027763712	1.575034343288	0.4	0.167	1	chr1-197901777-197904793	6
0.133151027763712	1.37888846960008	0.4	0.167	1	chr1-226675154-226678090	6
0.133151027763712	1.40448123146088	0.4	0.167	1	chr5-95646044-95647686	6
0.133151027763712	1.65017477530569	0.4	0.167	1	chr11-12723443-12726275	6
0.13358630640138	0.911327758686464	0.6	0.333	1	chr1-228139342-228143340	6
0.141571391727976	1.19150124963567	0.48	0.167	1	chr6-157020453-157023483	6
0.142881355339685	1.90895431989945	0.32	0.083	1	chr1-117590162-117592893	6
0.142881355339685	1.89952241829264	0.32	0.083	1	chr1-197773181-197776605	6
0.142881355339685	1.94275488300102	0.32	0.083	1	chr1-230823925-230826300	6
0.142881355339685	1.90856484756655	0.32	0.083	1	chr1-246596739-246598270	6
0.142881355339685	1.9857110414611	0.32	0.083	1	chr3-15858152-15861675	6
0.142881355339685	1.98262676765182	0.32	0.083	1	chr3-113513746-113516540	6
0.142881355339685	1.92600155349427	0.32	0.083	1	chr4-140236827-140239182	6
0.142881355339685	1.95070391805947	0.32	0.083	1	chr5-103561458-103563464	6
0.142881355339685	2.01171512514869	0.32	0.083	1	chr5-143140390-143141595	6
0.142881355339685	1.93254664846899	0.32	0.083	1	chr9-110089133-110090669	6
0.142881355339685	1.74241909343988	0.32	0.083	1	chr17-70855055-70857058	6
0.142881355339685	1.8362374629489	0.32	0.083	1	chr20-3045046-3047371	6
0.142881355339685	1.99940040491267	0.32	0.083	1	chr20-50165594-50166705	6
0.143025012052911	1.48964506614481	0.44	0.167	1	chr2-159711631-159714146	6
0.143025012052911	1.30449204895831	0.44	0.167	1	chr11-112024319-112026244	6
0.143184636150106	2.10288952439847	0.28	0.083	1	chr6-81751940-81754504	6
0.143184636150106	2.02858717265064	0.28	0.083	1	chr8-66712021-66715077	6
0.143184636150106	2.15544551340329	0.28	0.083	1	chr8-102616176-102617678	6
0.143184636150106	2.13119790058138	0.28	0.083	1	chr10-118982983-118984356	6
0.143184636150106	2.03373562912576	0.28	0.083	1	chr11-68353951-68355096	6
0.143184636150106	2.49827368060308	0.28	0.083	1	chr12-70643352-70646472	6
0.143184636150106	2.54722677301526	0.28	0.083	1	chr16-29290395-29291932	6
0.143184636150106	2.21681831926808	0.28	0.083	1	chr17-66975307-66979103	6
0.143526577663826	1.43891210938105	0.4	0.167	1	chr1-209825563-209828763	6
0.143526577663826	1.51694718544947	0.4	0.167	1	chr6-110178463-110181416	6
0.143526577663826	1.55995151662523	0.4	0.167	1	chr6-125956387-125958516	6
0.143526577663826	1.50195240509188	0.4	0.167	1	chr7-47978461-47979933	6
0.143526577663826	1.51986247437771	0.4	0.167	1	chr11-61693826-61697423	6
0.143526577663826	1.36851697442306	0.4	0.167	1	chr11-102346425-102348590	6
0.143526577663826	1.52667658510016	0.4	0.167	1	chr11-110376602-110377672	6
0.14427756274478	1.26831768591334	0.48	0.25	1	chr6-75283539-75285854	6
0.147669640417228	0.890719445370091	0.56	0.333	1	chr3-28347500-28350012	6
0.15192925867544	1.23650858767235	0.44	0.25	1	chr2-2660738-2664385	6
0.15223264167516	1.04266595794139	0.52	0.333	1	chr11-119092580-119096214	6
0.153701992849623	1.29411693410403	0.44	0.167	1	chr11-34274223-34275964	6
0.153701992849623	1.65125621872956	0.44	0.167	1	chr12-56722051-56726056	6
0.154152680614071	1.62599203601102	0.36	0.167	1	chr11-7019520-7021079	6
0.154152680614071	1.44305527962785	0.36	0.167	1	chr11-7568900-7572929	6
0.154152680614071	1.46130222805183	0.36	0.167	1	chr11-8870035-8871722	6
0.154152680614071	1.91087371905955	0.36	0.167	1	chr11-65487037-65490124	6
0.154152680614071	1.68919307700872	0.36	0.167	1	chr14-45133465-45136804	6
0.154511289386332	1.3313255065509	0.4	0.167	1	chr1-85297211-85299158	6
0.154511289386332	1.26715577276886	0.4	0.167	1	chr1-107737718-107740203	6
0.154511289386332	1.39199306959009	0.4	0.167	1	chr12-16346842-16349675	6
0.154511289386332	1.44736614584629	0.4	0.167	1	chr13-52011142-52012722	6
0.154511289386332	1.38447652996952	0.4	0.167	1	chr16-2210397-2213481	6
0.154511289386332	1.37817491359743	0.4	0.167	1	chr17-37356271-37360412	6
0.1545784045674	1.27759759937999	0.48	0.25	1	chr1-100036964-100039621	6
0.1545784045674	1.14625876169499	0.48	0.25	1	chr7-67301025-67303642	6
0.1545784045674	1.15833249314844	0.48	0.25	1	chr10-119024874-119027350	6
0.155011004284916	2.00964845978289	0.32	0.083	1	chr1-207847953-207849816	6
0.155011004284916	1.78503690154748	0.32	0.083	1	chr1-214276383-214277593	6
0.155011004284916	1.6832002123908	0.32	0.083	1	chr3-4167303-4169904	6
0.155011004284916	1.74269872928315	0.32	0.083	1	chr8-58030267-58032507	6
0.155011004284916	1.69081128451641	0.32	0.083	1	chr10-32170729-32171936	6
0.155011004284916	1.74574701092346	0.32	0.083	1	chr12-39910746-39913388	6
0.155011004284916	1.85143671834785	0.32	0.083	1	chr16-54648574-54650529	6
0.155902841088217	1.99643673209806	0.28	0.083	1	chr1-107625443-107627445	6
0.155902841088217	2.03605981413612	0.28	0.083	1	chr1-201494053-201496935	6
0.155902841088217	2.04726982351868	0.28	0.083	1	chr1-233613289-233616304	6
0.155902841088217	1.96066033571173	0.28	0.083	1	chr2-42493556-42495635	6
0.155902841088217	2.05602120748552	0.28	0.083	1	chr3-15101598-15103610	6
0.155902841088217	2.02186635779874	0.28	0.083	1	chr3-129119340-129123097	6
0.155902841088217	2.05768013303924	0.28	0.083	1	chr4-176318418-176321475	6
0.155902841088217	2.26199121922367	0.28	0.083	1	chr5-43513996-43516107	6
0.155902841088217	1.97024812685246	0.28	0.083	1	chr5-80245951-80248074	6
0.155902841088217	2.24891974673418	0.28	0.083	1	chr6-110896373-110906001	6
0.155902841088217	1.99953482805284	0.28	0.083	1	chr8-95745724-95747138	6
0.155902841088217	1.94489381503866	0.28	0.083	1	chr8-134743361-134744630	6
0.155902841088217	1.99600217497316	0.28	0.083	1	chr8-140096492-140097589	6
0.155902841088217	2.10342536336319	0.28	0.083	1	chr9-69645065-69646214	6
0.155902841088217	2.13957273569871	0.28	0.083	1	chr9-104810259-104812203	6
0.155902841088217	2.10865222477437	0.28	0.083	1	chr11-1762266-1764730	6
0.155902841088217	2.03320381430745	0.28	0.083	1	chr11-2201854-2203193	6
0.155902841088217	2.10538955417412	0.28	0.083	1	chr11-9103177-9104213	6
0.155902841088217	2.16866541474346	0.28	0.083	1	chr11-18383239-18384997	6
0.155902841088217	1.86738528889492	0.28	0.083	1	chr11-65510473-65511287	6
0.155902841088217	1.93406730046177	0.28	0.083	1	chr11-65873328-65874111	6
0.155902841088217	2.19739470585627	0.28	0.083	1	chr11-66842233-66844608	6
0.155902841088217	2.16921611503725	0.28	0.083	1	chr12-53250904-53253225	6
0.155902841088217	1.85319494329415	0.28	0.083	1	chr16-1941890-1944538	6
0.155902841088217	2.05669736598438	0.28	0.083	1	chr18-51029341-51031562	6
0.156354069510046	1.19745219017992	0.52	0.25	1	chr3-156673564-156676765	6
0.156354069510046	1.07080388889234	0.52	0.25	1	chr11-112225826-112227415	6
0.157300053520039	12.1675424215601	0.16	0	1	chr1-869492-870369	6
0.157300053520039	12.1493429144368	0.16	0	1	chr1-1894107-1895339	6
0.157300053520039	11.6418444646758	0.16	0	1	chr1-1905944-1907742	6
0.157300053520039	12.3973100707807	0.16	0	1	chr1-1946373-1947955	6
0.157300053520039	11.7401308484549	0.16	0	1	chr1-2480228-2481869	6
0.157300053520039	12.2755894745057	0.16	0	1	chr1-3313384-3314127	6
0.157300053520039	12.0360164701241	0.16	0	1	chr1-6412617-6413524	6
0.157300053520039	11.9108312907947	0.16	0	1	chr1-10253401-10254379	6
0.157300053520039	12.0422440070334	0.16	0	1	chr1-10510080-10511539	6
0.157300053520039	12.2061230323695	0.16	0	1	chr1-10640321-10643157	6
0.157300053520039	11.3088336521489	0.16	0	1	chr1-12475113-12476747	6
0.157300053520039	11.7928604918015	0.16	0	1	chr1-19209322-19211560	6
0.157300053520039	11.9100717761389	0.16	0	1	chr1-19799081-19800898	6
0.157300053520039	11.9286307256513	0.16	0	1	chr1-19881988-19883009	6
0.157300053520039	12.3375457635314	0.16	0	1	chr1-23423467-23425456	6
0.157300053520039	11.7786406446779	0.16	0	1	chr1-23561902-23562820	6
0.157300053520039	12.2038956329876	0.16	0	1	chr1-23790656-23792650	6
0.157300053520039	11.7716924644764	0.16	0	1	chr1-26889444-26890932	6
0.157300053520039	12.0174221638557	0.16	0	1	chr1-28526559-28527532	6
0.157300053520039	12.0258305323298	0.16	0	1	chr1-29271456-29272455	6
0.157300053520039	11.6798888360456	0.16	0	1	chr1-30461167-30462694	6
0.157300053520039	12.3271192719287	0.16	0	1	chr1-30974353-30977657	6
0.157300053520039	12.035250579163	0.16	0	1	chr1-31530988-31531948	6
0.157300053520039	11.4997023846569	0.16	0	1	chr1-31704339-31706751	6
0.157300053520039	11.8575291006748	0.16	0	1	chr1-35264074-35265705	6
0.157300053520039	11.5675231188662	0.16	0	1	chr1-35450823-35452822	6
0.157300053520039	11.9467356017169	0.16	0	1	chr1-38138250-38140503	6
0.157300053520039	11.834697159906	0.16	0	1	chr1-41495511-41497330	6
0.157300053520039	11.8965709485457	0.16	0	1	chr1-41617704-41618709	6
0.157300053520039	12.5209823940544	0.16	0	1	chr1-41622274-41623810	6
0.157300053520039	12.0703669611106	0.16	0	1	chr1-43454453-43455943	6
0.157300053520039	11.7243318446143	0.16	0	1	chr1-44782814-44784329	6
0.157300053520039	11.526856004028	0.16	0	1	chr1-47962875-47964367	6
0.157300053520039	11.8816552304375	0.16	0	1	chr1-48878138-48879249	6
0.157300053520039	12.0287381138651	0.16	0	1	chr1-49584681-49585855	6
0.157300053520039	12.1656312319365	0.16	0	1	chr1-57422090-57425125	6
0.157300053520039	11.9221325521693	0.16	0	1	chr1-59354458-59355941	6
0.157300053520039	12.0415882499525	0.16	0	1	chr1-59392867-59394296	6
0.157300053520039	12.3424054665155	0.16	0	1	chr1-60503606-60504993	6
0.157300053520039	12.3621582472518	0.16	0	1	chr1-61711170-61712206	6
0.157300053520039	11.5965436560007	0.16	0	1	chr1-62285178-62287536	6
0.157300053520039	11.9242019573268	0.16	0	1	chr1-62295451-62296537	6
0.157300053520039	11.7278025568083	0.16	0	1	chr1-62706860-62708443	6
0.157300053520039	11.4729546510835	0.16	0	1	chr1-63928112-63929742	6
0.157300053520039	12.167188067331	0.16	0	1	chr1-67392944-67394869	6
0.157300053520039	12.1380779955643	0.16	0	1	chr1-71461356-71462059	6
0.157300053520039	12.3216446431065	0.16	0	1	chr1-74503907-74504604	6
0.157300053520039	12.544909558093	0.16	0	1	chr1-76006035-76006951	6
0.157300053520039	12.1518711861936	0.16	0	1	chr1-76562168-76563542	6
0.157300053520039	11.8699565067849	0.16	0	1	chr1-77467705-77469996	6
0.157300053520039	11.853661552259	0.16	0	1	chr1-83882571-83883599	6
0.157300053520039	11.6570901483039	0.16	0	1	chr1-85598458-85600109	6
0.157300053520039	11.9688227174619	0.16	0	1	chr1-92886610-92887569	6
0.157300053520039	12.0692269476602	0.16	0	1	chr1-93579332-93580436	6
0.157300053520039	11.9959861506352	0.16	0	1	chr1-93613674-93615045	6
0.157300053520039	11.8416602348157	0.16	0	1	chr1-94657749-94658790	6
0.157300053520039	11.8899184030754	0.16	0	1	chr1-96552101-96553487	6
0.157300053520039	12.9441540446673	0.16	0	1	chr1-98733221-98733950	6
0.157300053520039	11.9060045549369	0.16	0	1	chr1-99456467-99458943	6
0.157300053520039	11.4897955156599	0.16	0	1	chr1-99849277-99851097	6
0.157300053520039	11.9351624417791	0.16	0	1	chr1-100949177-100950135	6
0.157300053520039	12.3192478125937	0.16	0	1	chr1-101216275-101217102	6
0.157300053520039	12.4237568860874	0.16	0	1	chr1-101370918-101371817	6
0.157300053520039	12.71105411048	0.16	0	1	chr1-104462811-104463748	6
0.157300053520039	11.9644593768238	0.16	0	1	chr1-105137378-105139146	6
0.157300053520039	11.6551327524649	0.16	0	1	chr1-107702305-107703937	6
0.157300053520039	11.5929993646666	0.16	0	1	chr1-108033323-108035241	6
0.157300053520039	12.1391724549847	0.16	0	1	chr1-111649123-111650139	6
0.157300053520039	12.0833278716544	0.16	0	1	chr1-112054419-112055056	6
0.157300053520039	12.3273064198947	0.16	0	1	chr1-113456688-113457792	6
0.157300053520039	11.7858883070859	0.16	0	1	chr1-116178534-116179849	6
0.157300053520039	12.5853603488529	0.16	0	1	chr1-116489241-116489896	6
0.157300053520039	11.5770299286699	0.16	0	1	chr1-117267406-117269713	6
0.157300053520039	11.7079197103286	0.16	0	1	chr1-117752938-117754558	6
0.157300053520039	12.0488500695265	0.16	0	1	chr1-119582582-119583427	6
0.157300053520039	12.2311933249779	0.16	0	1	chr1-145720953-145721806	6
0.157300053520039	11.4300573385371	0.16	0	1	chr1-148387938-148389422	6
0.157300053520039	11.8409084300443	0.16	0	1	chr1-150020997-150022912	6
0.157300053520039	12.0637028197469	0.16	0	1	chr1-154351283-154352078	6
0.157300053520039	12.3742436047391	0.16	0	1	chr1-154696031-154697063	6
0.157300053520039	11.6201547123627	0.16	0	1	chr1-155017264-155024098	6
0.157300053520039	12.104544558474	0.16	0	1	chr1-156492757-156494186	6
0.157300053520039	11.9616267493733	0.16	0	1	chr1-156559455-156561070	6
0.157300053520039	11.4885482648289	0.16	0	1	chr1-156599647-156602253	6
0.157300053520039	11.6153704902934	0.16	0	1	chr1-161176474-161178222	6
0.157300053520039	11.6634391990816	0.16	0	1	chr1-161421659-161422652	6
0.157300053520039	12.0230978410908	0.16	0	1	chr1-165924578-165925268	6
0.157300053520039	12.0831405839482	0.16	0	1	chr1-167910472-167912617	6
0.157300053520039	12.2219385945594	0.16	0	1	chr1-168228472-168229450	6
0.157300053520039	12.2486892023313	0.16	0	1	chr1-168405478-168406484	6
0.157300053520039	11.9442684069241	0.16	0	1	chr1-171224130-171225113	6
0.157300053520039	11.8081882180229	0.16	0	1	chr1-172294680-172296866	6
0.157300053520039	12.9501214429761	0.16	0	1	chr1-173043201-173043671	6
0.157300053520039	11.5526107007678	0.16	0	1	chr1-175168797-175170196	6
0.157300053520039	11.948270844583	0.16	0	1	chr1-175590504-175592273	6
0.157300053520039	12.1873811574051	0.16	0	1	chr1-176880544-176881569	6
0.157300053520039	11.3708854958244	0.16	0	1	chr1-179292155-179294521	6
0.157300053520039	12.1877360383852	0.16	0	1	chr1-181640126-181641324	6
0.157300053520039	11.8544945763072	0.16	0	1	chr1-183051299-183053528	6
0.157300053520039	12.2209509326399	0.16	0	1	chr1-184442832-184444072	6
0.157300053520039	12.4283005566902	0.16	0	1	chr1-185393527-185394275	6
0.157300053520039	12.189061662156	0.16	0	1	chr1-189929328-189930155	6
0.157300053520039	11.8111695519361	0.16	0	1	chr1-200130185-200132184	6
0.157300053520039	11.606032881192	0.16	0	1	chr1-201559338-201560299	6
0.157300053520039	11.6943490985175	0.16	0	1	chr1-202085444-202088601	6
0.157300053520039	11.660673570862	0.16	0	1	chr1-203025776-203028008	6
0.157300053520039	12.2455450732385	0.16	0	1	chr1-203330154-203331527	6
0.157300053520039	11.5724966056217	0.16	0	1	chr1-203625438-203627399	6
0.157300053520039	12.1136888607304	0.16	0	1	chr1-205440715-205441817	6
0.157300053520039	12.2323322283963	0.16	0	1	chr1-205770382-205771257	6
0.157300053520039	11.6300235794983	0.16	0	1	chr1-206029241-206031346	6
0.157300053520039	11.9629641502951	0.16	0	1	chr1-206143887-206145222	6
0.157300053520039	11.1128464129738	0.16	0	1	chr1-206634188-206636352	6
0.157300053520039	12.2746756920173	0.16	0	1	chr1-206699685-206701346	6
0.157300053520039	12.0086726181239	0.16	0	1	chr1-207017977-207020466	6
0.157300053520039	11.8470129814847	0.16	0	1	chr1-207844711-207846394	6
0.157300053520039	12.1184946141484	0.16	0	1	chr1-208450142-208451610	6
0.157300053520039	12.1943873410753	0.16	0	1	chr1-209807903-209808734	6
0.157300053520039	11.943177181005	0.16	0	1	chr1-210755008-210756857	6
0.157300053520039	12.2433782696173	0.16	0	1	chr1-211781143-211782372	6
0.157300053520039	12.2389138589096	0.16	0	1	chr1-211813545-211814538	6
0.157300053520039	12.0053103073596	0.16	0	1	chr1-214573063-214574630	6
0.157300053520039	12.0984421843251	0.16	0	1	chr1-219370991-219372223	6
0.157300053520039	11.8366506343074	0.16	0	1	chr1-221117233-221119448	6
0.157300053520039	12.0440829236861	0.16	0	1	chr1-221227545-221228973	6
0.157300053520039	12.0008839463778	0.16	0	1	chr1-221620287-221622024	6
0.157300053520039	12.2216342346527	0.16	0	1	chr1-221831937-221833227	6
0.157300053520039	12.4430803417215	0.16	0	1	chr1-222670139-222672921	6
0.157300053520039	11.8984660925364	0.16	0	1	chr1-225746362-225747494	6
0.157300053520039	12.4024854183774	0.16	0	1	chr1-226034215-226035087	6
0.157300053520039	12.0849214086065	0.16	0	1	chr1-226664125-226665411	6
0.157300053520039	11.9107517508004	0.16	0	1	chr1-226883820-226885206	6
0.157300053520039	12.1587279616033	0.16	0	1	chr1-228978349-228979413	6
0.157300053520039	12.1756938285421	0.16	0	1	chr1-229869277-229870855	6
0.157300053520039	12.1950283247829	0.16	0	1	chr1-229979734-229980655	6
0.157300053520039	12.0535019553294	0.16	0	1	chr1-230139723-230141068	6
0.157300053520039	11.7074298502332	0.16	0	1	chr1-230214804-230216187	6
0.157300053520039	11.9253506513453	0.16	0	1	chr1-232319109-232320974	6
0.157300053520039	12.3871434671134	0.16	0	1	chr1-234168118-234169006	6
0.157300053520039	11.5387141225927	0.16	0	1	chr1-235078548-235080508	6
0.157300053520039	12.3371698300526	0.16	0	1	chr1-235253105-235253624	6
0.157300053520039	11.736915764439	0.16	0	1	chr1-235411052-235412338	6
0.157300053520039	11.5435255356852	0.16	0	1	chr1-237799570-237800321	6
0.157300053520039	12.4837277983	0.16	0	1	chr1-237873330-237874067	6
0.157300053520039	12.1489755357093	0.16	0	1	chr1-242239104-242241156	6
0.157300053520039	12.0591105633696	0.16	0	1	chr1-244361696-244362927	6
0.157300053520039	12.2171630259842	0.16	0	1	chr1-246043118-246044178	6
0.157300053520039	11.7086628450985	0.16	0	1	chr1-247372470-247373341	6
0.157300053520039	11.3418188067138	0.16	0	1	chr1-247679922-247681889	6
0.157300053520039	11.975691153319	0.16	0	1	chr1-248335860-248337353	6
0.157300053520039	11.7840602171419	0.16	0	1	chr2-2082956-2084019	6
0.157300053520039	11.8617459154281	0.16	0	1	chr2-3104969-3106393	6
0.157300053520039	12.1977394544387	0.16	0	1	chr2-3460441-3461375	6
0.157300053520039	12.1477193449577	0.16	0	1	chr2-3532397-3533826	6
0.157300053520039	11.9032723746709	0.16	0	1	chr2-11621153-11622092	6
0.157300053520039	12.2073537350513	0.16	0	1	chr2-14881442-14882335	6
0.157300053520039	12.5452899116682	0.16	0	1	chr2-16900361-16901295	6
0.157300053520039	12.021745064873	0.16	0	1	chr2-18311243-18312189	6
0.157300053520039	11.6539214465525	0.16	0	1	chr2-20231296-20233176	6
0.157300053520039	11.9157946601369	0.16	0	1	chr2-20468415-20470195	6
0.157300053520039	12.5908596685816	0.16	0	1	chr2-20496020-20496996	6
0.157300053520039	11.8611305323947	0.16	0	1	chr2-21280805-21282620	6
0.157300053520039	11.5371003806176	0.16	0	1	chr2-25078111-25079533	6
0.157300053520039	12.4397720225031	0.16	0	1	chr2-25256700-25257477	6
0.157300053520039	11.4420338296481	0.16	0	1	chr2-27889783-27891495	6
0.157300053520039	12.104853273234	0.16	0	1	chr2-30956730-30957788	6
0.157300053520039	11.894423880207	0.16	0	1	chr2-31413035-31415340	6
0.157300053520039	11.7903010568406	0.16	0	1	chr2-38157902-38160298	6
0.157300053520039	12.7322121076475	0.16	0	1	chr2-39639961-39640524	6
0.157300053520039	11.7426296786972	0.16	0	1	chr2-46955023-46957726	6
0.157300053520039	11.6894695870221	0.16	0	1	chr2-48221528-48222500	6
0.157300053520039	11.8641806844824	0.16	0	1	chr2-49715327-49717051	6
0.157300053520039	11.6978407326179	0.16	0	1	chr2-53786136-53788264	6
0.157300053520039	12.0992820677504	0.16	0	1	chr2-74867574-74868581	6
0.157300053520039	12.5650960943093	0.16	0	1	chr2-81481018-81482467	6
0.157300053520039	12.290817679573	0.16	0	1	chr2-86336735-86338365	6
0.157300053520039	12.1480179757504	0.16	0	1	chr2-88599742-88600663	6
0.157300053520039	12.2184584354397	0.16	0	1	chr2-91571063-91572076	6
0.157300053520039	11.850192608299	0.16	0	1	chr2-96831665-96833833	6
0.157300053520039	12.4019576984732	0.16	0	1	chr2-98563623-98564396	6
0.157300053520039	11.6734753911954	0.16	0	1	chr2-100902653-100904328	6
0.157300053520039	12.2067606264481	0.16	0	1	chr2-101690521-101691391	6
0.157300053520039	12.3429376316747	0.16	0	1	chr2-101745668-101748418	6
0.157300053520039	11.9118685024213	0.16	0	1	chr2-106579569-106580613	6
0.157300053520039	12.018888741296	0.16	0	1	chr2-108616567-108617894	6
0.157300053520039	12.1636135017882	0.16	0	1	chr2-110119923-110121162	6
0.157300053520039	12.0094264698663	0.16	0	1	chr2-112679269-112681217	6
0.157300053520039	12.2066308306922	0.16	0	1	chr2-113830793-113831721	6
0.157300053520039	12.3036860845219	0.16	0	1	chr2-119389274-119390242	6
0.157300053520039	11.9875836552595	0.16	0	1	chr2-120780126-120781174	6
0.157300053520039	11.7369559834867	0.16	0	1	chr2-121363349-121364426	6
0.157300053520039	11.9662204943318	0.16	0	1	chr2-123643737-123644846	6
0.157300053520039	11.8109134352222	0.16	0	1	chr2-127293353-127294803	6
0.157300053520039	11.9228860543009	0.16	0	1	chr2-128325265-128326390	6
0.157300053520039	11.6819920625905	0.16	0	1	chr2-132415693-132417155	6
0.157300053520039	12.1448500512745	0.16	0	1	chr2-133900598-133901743	6
0.157300053520039	12.117070389173	0.16	0	1	chr2-134718374-134719606	6
0.157300053520039	12.0621662651315	0.16	0	1	chr2-142290805-142291653	6
0.157300053520039	12.0754489537315	0.16	0	1	chr2-144469727-144471310	6
0.157300053520039	12.0233295128508	0.16	0	1	chr2-150165955-150167004	6
0.157300053520039	11.9441510604423	0.16	0	1	chr2-151508225-151509375	6
0.157300053520039	12.1178005839332	0.16	0	1	chr2-152471375-152474491	6
0.157300053520039	12.3962965830073	0.16	0	1	chr2-152742940-152743438	6
0.157300053520039	11.8923879346283	0.16	0	1	chr2-153497763-153498781	6
0.157300053520039	12.0972972845899	0.16	0	1	chr2-158984444-158985599	6
0.157300053520039	12.174854002012	0.16	0	1	chr2-162073801-162075145	6
0.157300053520039	11.792405092215	0.16	0	1	chr2-163734977-163736912	6
0.157300053520039	11.9506340311677	0.16	0	1	chr2-165067781-165068559	6
0.157300053520039	12.5804049803281	0.16	0	1	chr2-176177729-176178999	6
0.157300053520039	11.2142694009455	0.16	0	1	chr2-191013031-191015040	6
0.157300053520039	12.0995534156654	0.16	0	1	chr2-191302704-191304125	6
0.157300053520039	12.1765823276806	0.16	0	1	chr2-195322211-195322847	6
0.157300053520039	12.0460512960036	0.16	0	1	chr2-196051339-196052403	6
0.157300053520039	12.1785073392235	0.16	0	1	chr2-200351560-200352959	6
0.157300053520039	11.4899063423807	0.16	0	1	chr2-200509153-200510780	6
0.157300053520039	12.0791557826379	0.16	0	1	chr2-201257318-201258966	6
0.157300053520039	11.7556467549376	0.16	0	1	chr2-206962215-206963837	6
0.157300053520039	11.7290913408071	0.16	0	1	chr2-208013442-208016177	6
0.157300053520039	12.4693488929791	0.16	0	1	chr2-208398959-208399878	6
0.157300053520039	11.5226670145664	0.16	0	1	chr2-210475766-210478223	6
0.157300053520039	12.0506729032351	0.16	0	1	chr2-216615236-216616069	6
0.157300053520039	11.3042189423525	0.16	0	1	chr2-219552023-219553286	6
0.157300053520039	12.5165972127063	0.16	0	1	chr2-220127220-220127878	6
0.157300053520039	12.5822845669538	0.16	0	1	chr2-221423082-221423794	6
0.157300053520039	11.9063544138706	0.16	0	1	chr2-227163808-227165459	6
0.157300053520039	12.132794326912	0.16	0	1	chr2-227466057-227467555	6
0.157300053520039	11.8650336585719	0.16	0	1	chr2-231049976-231051109	6
0.157300053520039	12.055685350429	0.16	0	1	chr2-232592473-232593580	6
0.157300053520039	12.1136880667897	0.16	0	1	chr2-234974485-234975587	6
0.157300053520039	11.543714610204	0.16	0	1	chr2-238242656-238244847	6
0.157300053520039	12.4019829853219	0.16	0	1	chr2-241758719-241759543	6
0.157300053520039	11.3353115511953	0.16	0	1	chr3-4564731-4567390	6
0.157300053520039	12.0154326891621	0.16	0	1	chr3-4824791-4827054	6
0.157300053520039	11.6513516807393	0.16	0	1	chr3-10025724-10027039	6
0.157300053520039	12.7439682022635	0.16	0	1	chr3-11005814-11006292	6
0.157300053520039	12.0850922932613	0.16	0	1	chr3-11291506-11292355	6
0.157300053520039	12.4025256141844	0.16	0	1	chr3-11495876-11496714	6
0.157300053520039	11.7588432757981	0.16	0	1	chr3-11773929-11774922	6
0.157300053520039	11.9824590894003	0.16	0	1	chr3-12956775-12957918	6
0.157300053520039	11.6794715069374	0.16	0	1	chr3-14622383-14624954	6
0.157300053520039	11.5228701972178	0.16	0	1	chr3-23112432-23116496	6
0.157300053520039	11.9954895098327	0.16	0	1	chr3-23579956-23581031	6
0.157300053520039	12.1770726272852	0.16	0	1	chr3-24305307-24306626	6
0.157300053520039	11.5882885484278	0.16	0	1	chr3-27138147-27139908	6
0.157300053520039	12.1928708475403	0.16	0	1	chr3-31444406-31446220	6
0.157300053520039	12.3873425958811	0.16	0	1	chr3-31755817-31756550	6
0.157300053520039	11.1994011750603	0.16	0	1	chr3-40086996-40089931	6
0.157300053520039	11.8586789848117	0.16	0	1	chr3-42838463-42840265	6
0.157300053520039	11.9988674532918	0.16	0	1	chr3-43185149-43186379	6
0.157300053520039	11.9539189025455	0.16	0	1	chr3-45182796-45183896	6
0.157300053520039	11.4011492610602	0.16	0	1	chr3-51994443-51996460	6
0.157300053520039	11.9186099273451	0.16	0	1	chr3-54358960-54360806	6
0.157300053520039	11.6462630865564	0.16	0	1	chr3-57014299-57015763	6
0.157300053520039	11.4291273067525	0.16	0	1	chr3-57307988-57309126	6
0.157300053520039	11.4987235829937	0.16	0	1	chr3-57971968-57973395	6
0.157300053520039	12.0678193346852	0.16	0	1	chr3-61155443-61156322	6
0.157300053520039	12.2519782130343	0.16	0	1	chr3-61525032-61526179	6
0.157300053520039	11.7788581819131	0.16	0	1	chr3-61649600-61651373	6
0.157300053520039	12.8280274779637	0.16	0	1	chr3-63625047-63625669	6
0.157300053520039	12.0426215741436	0.16	0	1	chr3-72162008-72163053	6
0.157300053520039	11.9076344826942	0.16	0	1	chr3-73511444-73513857	6
0.157300053520039	11.6477161013556	0.16	0	1	chr3-78765436-78766819	6
0.157300053520039	11.9948066518026	0.16	0	1	chr3-81716720-81717624	6
0.157300053520039	11.7254879736126	0.16	0	1	chr3-94523774-94525594	6
0.157300053520039	11.6356949543009	0.16	0	1	chr3-99823148-99825664	6
0.157300053520039	12.0822202350024	0.16	0	1	chr3-101672408-101673178	6
0.157300053520039	12.3849006856043	0.16	0	1	chr3-103034031-103034776	6
0.157300053520039	12.3934300817242	0.16	0	1	chr3-105365024-105365814	6
0.157300053520039	11.1896494507686	0.16	0	1	chr3-108221508-108223441	6
0.157300053520039	11.8854224344068	0.16	0	1	chr3-112108985-112109979	6
0.157300053520039	11.5660544854885	0.16	0	1	chr3-122651119-122652629	6
0.157300053520039	11.6977297300909	0.16	0	1	chr3-125163703-125165491	6
0.157300053520039	11.7289907798976	0.16	0	1	chr3-132029040-132030193	6
0.157300053520039	11.7008758549316	0.16	0	1	chr3-133473812-133475788	6
0.157300053520039	12.3663789044892	0.16	0	1	chr3-140664011-140664601	6
0.157300053520039	12.0548799604572	0.16	0	1	chr3-142649765-142650666	6
0.157300053520039	12.0572111747731	0.16	0	1	chr3-143118879-143121275	6
0.157300053520039	12.0506842480926	0.16	0	1	chr3-149134129-149135244	6
0.157300053520039	11.5639343894792	0.16	0	1	chr3-155736359-155738778	6
0.157300053520039	11.7814647411817	0.16	0	1	chr3-157274449-157275431	6
0.157300053520039	11.3480537634344	0.16	0	1	chr3-158801194-158802931	6
0.157300053520039	12.0053860676649	0.16	0	1	chr3-160006098-160007044	6
0.157300053520039	12.2570284352335	0.16	0	1	chr3-168870293-168871699	6
0.157300053520039	11.6207191516288	0.16	0	1	chr3-168877702-168879005	6
0.157300053520039	12.0238279560281	0.16	0	1	chr3-169886433-169887182	6
0.157300053520039	12.3471452386191	0.16	0	1	chr3-170741001-170741814	6
0.157300053520039	11.685272466853	0.16	0	1	chr3-171286285-171287223	6
0.157300053520039	11.950216157984	0.16	0	1	chr3-172218641-172219503	6
0.157300053520039	12.3252135289263	0.16	0	1	chr3-172522380-172523980	6
0.157300053520039	12.1444993841983	0.16	0	1	chr3-173889239-173890332	6
0.157300053520039	12.1327313243975	0.16	0	1	chr3-174949171-174950437	6
0.157300053520039	11.8375823268113	0.16	0	1	chr3-175346714-175347741	6
0.157300053520039	12.1817661839641	0.16	0	1	chr3-177344496-177346330	6
0.157300053520039	12.0627412753252	0.16	0	1	chr3-177596240-177598201	6
0.157300053520039	12.0584452258083	0.16	0	1	chr3-182596187-182598219	6
0.157300053520039	12.060872126952	0.16	0	1	chr3-182938633-182939753	6
0.157300053520039	11.7808701515338	0.16	0	1	chr3-183107621-183108914	6
0.157300053520039	11.4554784013569	0.16	0	1	chr3-183291017-183292379	6
0.157300053520039	11.9713987035611	0.16	0	1	chr3-183489777-183491357	6
0.157300053520039	12.1192253453171	0.16	0	1	chr3-184543697-184544585	6
0.157300053520039	11.825480652653	0.16	0	1	chr3-190700793-190701691	6
0.157300053520039	11.2459517270263	0.16	0	1	chr3-191328603-191331038	6
0.157300053520039	11.707710214341	0.16	0	1	chr3-192629136-192630217	6
0.157300053520039	11.3795529380293	0.16	0	1	chr3-194002694-194004173	6
0.157300053520039	11.9391393124734	0.16	0	1	chr3-194130542-194131767	6
0.157300053520039	11.4608735337643	0.16	0	1	chr3-194852731-194855546	6
0.157300053520039	11.5378746893614	0.16	0	1	chr3-195257774-195260880	6
0.157300053520039	12.1572930154669	0.16	0	1	chr3-195637014-195638279	6
0.157300053520039	12.3352184334724	0.16	0	1	chr4-1795168-1796090	6
0.157300053520039	12.0199204035726	0.16	0	1	chr4-2753300-2754223	6
0.157300053520039	12.3934706788455	0.16	0	1	chr4-2924402-2925393	6
0.157300053520039	12.146532943114	0.16	0	1	chr4-3041134-3042921	6
0.157300053520039	11.8574308046774	0.16	0	1	chr4-3779400-3782916	6
0.157300053520039	11.860167814199	0.16	0	1	chr4-6110000-6111010	6
0.157300053520039	11.8803727494477	0.16	0	1	chr4-7757252-7758379	6
0.157300053520039	11.9911620775254	0.16	0	1	chr4-11603816-11606194	6
0.157300053520039	11.8556513129605	0.16	0	1	chr4-16140376-16141676	6
0.157300053520039	11.5926629977238	0.16	0	1	chr4-23853350-23854637	6
0.157300053520039	12.2364050973639	0.16	0	1	chr4-23877431-23879643	6
0.157300053520039	12.1130647338918	0.16	0	1	chr4-23930526-23931877	6
0.157300053520039	11.8409280431704	0.16	0	1	chr4-24137538-24139301	6
0.157300053520039	12.3691545315437	0.16	0	1	chr4-24279680-24280714	6
0.157300053520039	11.4083855189166	0.16	0	1	chr4-24876158-24877076	6
0.157300053520039	11.2153175018796	0.16	0	1	chr4-27094265-27095602	6
0.157300053520039	11.9896725513686	0.16	0	1	chr4-27684429-27685170	6
0.157300053520039	11.607247226756	0.16	0	1	chr4-37661922-37663763	6
0.157300053520039	12.0477570163429	0.16	0	1	chr4-38670188-38671740	6
0.157300053520039	11.3144245267724	0.16	0	1	chr4-39446526-39449486	6
0.157300053520039	12.0535557109346	0.16	0	1	chr4-40844847-40845917	6
0.157300053520039	12.076472847872	0.16	0	1	chr4-41594306-41595319	6
0.157300053520039	11.5479282619578	0.16	0	1	chr4-44448340-44449640	6
0.157300053520039	11.521865376421	0.16	0	1	chr4-48126726-48128530	6
0.157300053520039	11.8342193050557	0.16	0	1	chr4-48997436-48999004	6
0.157300053520039	11.5525415702857	0.16	0	1	chr4-53781208-53782819	6
0.157300053520039	12.1205415635591	0.16	0	1	chr4-76067597-76068128	6
0.157300053520039	11.8547107415792	0.16	0	1	chr4-78370307-78371184	6
0.157300053520039	11.7337625768136	0.16	0	1	chr4-82676827-82678242	6
0.157300053520039	12.1336495208612	0.16	0	1	chr4-82721596-82722301	6
0.157300053520039	11.959856036118	0.16	0	1	chr4-86453091-86454336	6
0.157300053520039	12.04946626828	0.16	0	1	chr4-87078438-87079874	6
0.157300053520039	11.9187823616458	0.16	0	1	chr4-87187933-87189487	6
0.157300053520039	12.1789215304354	0.16	0	1	chr4-98747390-98748332	6
0.157300053520039	11.7366980378896	0.16	0	1	chr4-105585143-105588099	6
0.157300053520039	12.7785718344857	0.16	0	1	chr4-109589049-109589757	6
0.157300053520039	11.4846842152936	0.16	0	1	chr4-109966402-109968470	6
0.157300053520039	11.3929511421104	0.16	0	1	chr4-112144950-112146852	6
0.157300053520039	11.9281271676723	0.16	0	1	chr4-113979168-113980143	6
0.157300053520039	12.7151561888766	0.16	0	1	chr4-114015331-114015974	6
0.157300053520039	11.6176591271935	0.16	0	1	chr4-120869160-120870918	6
0.157300053520039	12.0807155014944	0.16	0	1	chr4-123115975-123117471	6
0.157300053520039	11.5231203835136	0.16	0	1	chr4-139294755-139296358	6
0.157300053520039	11.8731678478896	0.16	0	1	chr4-139734520-139735508	6
0.157300053520039	11.8253697182873	0.16	0	1	chr4-140093340-140095425	6
0.157300053520039	12.232653179607	0.16	0	1	chr4-146945482-146946374	6
0.157300053520039	11.6067100304616	0.16	0	1	chr4-148007106-148008339	6
0.157300053520039	11.510481637679	0.16	0	1	chr4-155953015-155954296	6
0.157300053520039	11.4961720811849	0.16	0	1	chr4-157996036-157998306	6
0.157300053520039	11.5225500877854	0.16	0	1	chr4-158819413-158820908	6
0.157300053520039	12.1049760855649	0.16	0	1	chr4-159059817-159060827	6
0.157300053520039	11.6731527513834	0.16	0	1	chr4-165378437-165379705	6
0.157300053520039	12.6949582122762	0.16	0	1	chr4-172042578-172043249	6
0.157300053520039	11.8724127281042	0.16	0	1	chr4-176276766-176278164	6
0.157300053520039	11.845804262865	0.16	0	1	chr4-183438049-183439503	6
0.157300053520039	12.0249886408088	0.16	0	1	chr4-183571157-183571981	6
0.157300053520039	11.762294205537	0.16	0	1	chr4-184330939-184332207	6
0.157300053520039	12.4931795815866	0.16	0	1	chr4-184347242-184347999	6
0.157300053520039	11.8196975972453	0.16	0	1	chr4-184775627-184776896	6
0.157300053520039	11.9130602664851	0.16	0	1	chr4-185573495-185574367	6
0.157300053520039	11.9968486187634	0.16	0	1	chr4-186651255-186652347	6
0.157300053520039	12.2979266131622	0.16	0	1	chr4-189121202-189121836	6
0.157300053520039	11.5205209146274	0.16	0	1	chr5-2200162-2201544	6
0.157300053520039	11.9775578335729	0.16	0	1	chr5-5372186-5373097	6
0.157300053520039	11.9954191877739	0.16	0	1	chr5-10987793-10988540	6
0.157300053520039	12.0073684098463	0.16	0	1	chr5-16275332-16276130	6
0.157300053520039	12.0886780337346	0.16	0	1	chr5-16530837-16532056	6
0.157300053520039	12.6816425685957	0.16	0	1	chr5-22431346-22431863	6
0.157300053520039	12.5508913732811	0.16	0	1	chr5-22835529-22836195	6
0.157300053520039	11.6958840208742	0.16	0	1	chr5-31638255-31639878	6
0.157300053520039	11.9689463121447	0.16	0	1	chr5-31935641-31937058	6
0.157300053520039	12.1503198576109	0.16	0	1	chr5-32559180-32560015	6
0.157300053520039	12.0718502627688	0.16	0	1	chr5-34842500-34844478	6
0.157300053520039	12.2799025562716	0.16	0	1	chr5-35162789-35163824	6
0.157300053520039	11.6543967999931	0.16	0	1	chr5-35889697-35891278	6
0.157300053520039	11.8945752957983	0.16	0	1	chr5-43997451-43998635	6
0.157300053520039	12.5258039959453	0.16	0	1	chr5-53476847-53477554	6
0.157300053520039	12.3378640197761	0.16	0	1	chr5-55518559-55519500	6
0.157300053520039	11.8862757272319	0.16	0	1	chr5-56097089-56098582	6
0.157300053520039	12.026428452209	0.16	0	1	chr5-58069404-58070698	6
0.157300053520039	12.0039545962588	0.16	0	1	chr5-58264227-58266216	6
0.157300053520039	11.702938458255	0.16	0	1	chr5-59745031-59746721	6
0.157300053520039	12.3733458623439	0.16	0	1	chr5-71882866-71883847	6
0.157300053520039	11.4259637598235	0.16	0	1	chr5-71924311-71926351	6
0.157300053520039	12.22309826886	0.16	0	1	chr5-72366058-72366968	6
0.157300053520039	11.7435939182725	0.16	0	1	chr5-73663112-73664251	6
0.157300053520039	11.4246522867161	0.16	0	1	chr5-74326780-74329033	6
0.157300053520039	11.767873542067	0.16	0	1	chr5-74832728-74834256	6
0.157300053520039	11.2107893644271	0.16	0	1	chr5-76384049-76389298	6
0.157300053520039	11.7187078179755	0.16	0	1	chr5-77281811-77283174	6
0.157300053520039	11.6461260191881	0.16	0	1	chr5-77994129-77995660	6
0.157300053520039	11.6416585304516	0.16	0	1	chr5-80763036-80764666	6
0.157300053520039	12.321596004967	0.16	0	1	chr5-87674142-87674681	6
0.157300053520039	12.1618375282745	0.16	0	1	chr5-89827209-89828275	6
0.157300053520039	12.0388348571549	0.16	0	1	chr5-90548001-90548631	6
0.157300053520039	12.4880737191447	0.16	0	1	chr5-91042625-91043412	6
0.157300053520039	11.6242808071961	0.16	0	1	chr5-96984458-96985585	6
0.157300053520039	12.6660034897547	0.16	0	1	chr5-97070834-97071579	6
0.157300053520039	11.9791065724397	0.16	0	1	chr5-102313882-102316385	6
0.157300053520039	12.5228534211343	0.16	0	1	chr5-102666008-102666630	6
0.157300053520039	11.9027528764136	0.16	0	1	chr5-103669291-103670230	6
0.157300053520039	12.5028017554152	0.16	0	1	chr5-111735378-111736215	6
0.157300053520039	12.4320598230281	0.16	0	1	chr5-112329528-112330370	6
0.157300053520039	12.0883412981489	0.16	0	1	chr5-112511647-112512568	6
0.157300053520039	12.1281517262816	0.16	0	1	chr5-112636033-112637636	6
0.157300053520039	11.4046491735366	0.16	0	1	chr5-115261439-115263513	6
0.157300053520039	11.6262806764728	0.16	0	1	chr5-117454461-117456035	6
0.157300053520039	12.3758807714472	0.16	0	1	chr5-119063363-119064136	6
0.157300053520039	12.0405241720483	0.16	0	1	chr5-128782158-128783070	6
0.157300053520039	11.737862610358	0.16	0	1	chr5-133606454-133607391	6
0.157300053520039	12.1883375714471	0.16	0	1	chr5-139157302-139158291	6
0.157300053520039	12.0477427077328	0.16	0	1	chr5-140641613-140643072	6
0.157300053520039	12.2749549753021	0.16	0	1	chr5-142748560-142749593	6
0.157300053520039	11.6058376110666	0.16	0	1	chr5-148140554-148142311	6
0.157300053520039	11.5259787435954	0.16	0	1	chr5-151353979-151355123	6
0.157300053520039	12.789707982082	0.16	0	1	chr5-151774970-151775773	6
0.157300053520039	12.2690654544372	0.16	0	1	chr5-151825264-151825964	6
0.157300053520039	11.9262861031689	0.16	0	1	chr5-152330498-152331591	6
0.157300053520039	11.9400419877441	0.16	0	1	chr5-154467417-154468304	6
0.157300053520039	11.7364396506719	0.16	0	1	chr5-154740347-154741938	6
0.157300053520039	11.7611907525912	0.16	0	1	chr5-159518045-159519686	6
0.157300053520039	12.4455809806582	0.16	0	1	chr5-160959262-160961099	6
0.157300053520039	11.736838917911	0.16	0	1	chr5-163565442-163566828	6
0.157300053520039	11.9833760289933	0.16	0	1	chr5-164156041-164157207	6
0.157300053520039	11.5982003185506	0.16	0	1	chr5-174503198-174504597	6
0.157300053520039	12.1342803995172	0.16	0	1	chr5-178488624-178489774	6
0.157300053520039	11.3128946452477	0.16	0	1	chr6-2960251-2963104	6
0.157300053520039	12.0460645526598	0.16	0	1	chr6-3363055-3365614	6
0.157300053520039	12.2050165706952	0.16	0	1	chr6-8707833-8708741	6
0.157300053520039	11.7038158289272	0.16	0	1	chr6-21885147-21888167	6
0.157300053520039	11.590266250819	0.16	0	1	chr6-24359625-24360714	6
0.157300053520039	11.3878817876408	0.16	0	1	chr6-26284446-26286957	6
0.157300053520039	11.7471038627721	0.16	0	1	chr6-26327100-26328921	6
0.157300053520039	11.5123203522098	0.16	0	1	chr6-26382806-26384483	6
0.157300053520039	11.332462486062	0.16	0	1	chr6-26532599-26533712	6
0.157300053520039	11.394418244971	0.16	0	1	chr6-28586318-28588146	6
0.157300053520039	11.9561935235013	0.16	0	1	chr6-29748089-29749708	6
0.157300053520039	11.7630201626629	0.16	0	1	chr6-30907593-30908781	6
0.157300053520039	11.6796580488621	0.16	0	1	chr6-31896897-31899131	6
0.157300053520039	11.859274625203	0.16	0	1	chr6-33696744-33697825	6
0.157300053520039	12.5279858897417	0.16	0	1	chr6-34593701-34594251	6
0.157300053520039	11.1101999719796	0.16	0	1	chr6-37257165-37258484	6
0.157300053520039	11.5790710573738	0.16	0	1	chr6-41712232-41714063	6
0.157300053520039	11.6149461930989	0.16	0	1	chr6-42959859-42961681	6
0.157300053520039	11.6441520233995	0.16	0	1	chr6-43926333-43928263	6
0.157300053520039	12.3048060945377	0.16	0	1	chr6-45421635-45422907	6
0.157300053520039	11.7266331092161	0.16	0	1	chr6-49462564-49463983	6
0.157300053520039	12.0572895051536	0.16	0	1	chr6-49556415-49558627	6
0.157300053520039	12.1659802044459	0.16	0	1	chr6-53118575-53120509	6
0.157300053520039	12.013173440787	0.16	0	1	chr6-53325754-53327563	6
0.157300053520039	12.0948049215174	0.16	0	1	chr6-57287883-57288858	6
0.157300053520039	11.6050076887099	0.16	0	1	chr6-57960833-57961926	6
0.157300053520039	12.6080582294982	0.16	0	1	chr6-63492277-63492983	6
0.157300053520039	12.1071066557506	0.16	0	1	chr6-72581604-72582371	6
0.157300053520039	11.6079100604069	0.16	0	1	chr6-75933515-75935571	6
0.157300053520039	11.9910958244121	0.16	0	1	chr6-80456914-80458176	6
0.157300053520039	12.6319396264342	0.16	0	1	chr6-81358788-81359591	6
0.157300053520039	11.924384271591	0.16	0	1	chr6-85579098-85581112	6
0.157300053520039	12.1934497396089	0.16	0	1	chr6-87968270-87969128	6
0.157300053520039	12.1857825474589	0.16	0	1	chr6-89656484-89658162	6
0.157300053520039	11.8262102537556	0.16	0	1	chr6-91351479-91353518	6
0.157300053520039	12.0526900660927	0.16	0	1	chr6-91509210-91510581	6
0.157300053520039	11.9930379154159	0.16	0	1	chr6-96784045-96785474	6
0.157300053520039	11.8013386512515	0.16	0	1	chr6-98833940-98835510	6
0.157300053520039	12.0688279830456	0.16	0	1	chr6-99285723-99286549	6
0.157300053520039	11.7726599013142	0.16	0	1	chr6-101665822-101666986	6
0.157300053520039	12.1153916842746	0.16	0	1	chr6-104046176-104046908	6
0.157300053520039	11.5651866145326	0.16	0	1	chr6-104413682-104415943	6
0.157300053520039	11.9049211554189	0.16	0	1	chr6-105793128-105794934	6
0.157300053520039	12.1120881080914	0.16	0	1	chr6-106763996-106765369	6
0.157300053520039	11.977452034503	0.16	0	1	chr6-118306363-118308017	6
0.157300053520039	12.019062540089	0.16	0	1	chr6-119209349-119210400	6
0.157300053520039	12.1633259050823	0.16	0	1	chr6-126023402-126024685	6
0.157300053520039	12.1392756809384	0.16	0	1	chr6-127975880-127976782	6
0.157300053520039	12.1681646589396	0.16	0	1	chr6-129748113-129748801	6
0.157300053520039	11.6479554580121	0.16	0	1	chr6-131682156-131684155	6
0.157300053520039	12.388201783749	0.16	0	1	chr6-131694759-131695293	6
0.157300053520039	11.5675453315057	0.16	0	1	chr6-135269432-135271737	6
0.157300053520039	11.9730788668405	0.16	0	1	chr6-135932376-135933482	6
0.157300053520039	11.9766262380195	0.16	0	1	chr6-136761037-136763393	6
0.157300053520039	11.8141276687575	0.16	0	1	chr6-137414973-137416060	6
0.157300053520039	11.3684949027358	0.16	0	1	chr6-138104607-138108203	6
0.157300053520039	11.8317782365907	0.16	0	1	chr6-138386905-138388854	6
0.157300053520039	11.5314660620238	0.16	0	1	chr6-143743806-143746417	6
0.157300053520039	11.5109204075994	0.16	0	1	chr6-144063485-144064808	6
0.157300053520039	12.0495081704913	0.16	0	1	chr6-145266617-145268004	6
0.157300053520039	12.5424123271614	0.16	0	1	chr6-145756034-145756771	6
0.157300053520039	11.95497814472	0.16	0	1	chr6-146300464-146301361	6
0.157300053520039	11.9640982734563	0.16	0	1	chr6-147154104-147155020	6
0.157300053520039	12.2654618038253	0.16	0	1	chr6-148509668-148510395	6
0.157300053520039	11.7117906132987	0.16	0	1	chr6-149387648-149388611	6
0.157300053520039	12.2329024090925	0.16	0	1	chr6-150668021-150669180	6
0.157300053520039	11.7402390975267	0.16	0	1	chr6-157144159-157146321	6
0.157300053520039	12.0494577924094	0.16	0	1	chr6-157989470-157991523	6
0.157300053520039	12.278037234835	0.16	0	1	chr6-161239023-161241117	6
0.157300053520039	12.3119633411076	0.16	0	1	chr6-162058139-162058884	6
0.157300053520039	12.370449414587	0.16	0	1	chr6-163231472-163232472	6
0.157300053520039	12.5350082177719	0.16	0	1	chr6-164749059-164749863	6
0.157300053520039	12.2068803910205	0.16	0	1	chr6-167141875-167142666	6
0.157300053520039	12.0761337111229	0.16	0	1	chr6-167274763-167275920	6
0.157300053520039	12.0833217722441	0.16	0	1	chr6-168650029-168651508	6
0.157300053520039	12.1669919961245	0.16	0	1	chr6-170010784-170011997	6
0.157300053520039	12.0369350862098	0.16	0	1	chr6-170152305-170153667	6
0.157300053520039	11.5070976720215	0.16	0	1	chr6-170224580-170226800	6
0.157300053520039	12.4677318825381	0.16	0	1	chr7-830770-832715	6
0.157300053520039	12.1574577272857	0.16	0	1	chr7-1647958-1648926	6
0.157300053520039	11.7008454236205	0.16	0	1	chr7-11294074-11295591	6
0.157300053520039	11.8380676045308	0.16	0	1	chr7-13898915-13899915	6
0.157300053520039	12.2448556206035	0.16	0	1	chr7-17696190-17696958	6
0.157300053520039	12.61451093914	0.16	0	1	chr7-20340012-20341558	6
0.157300053520039	12.2105994991102	0.16	0	1	chr7-21550966-21551965	6
0.157300053520039	12.3704298498717	0.16	0	1	chr7-23347585-23348344	6
0.157300053520039	11.7482450909492	0.16	0	1	chr7-26060497-26062118	6
0.157300053520039	11.7145699199932	0.16	0	1	chr7-27171402-27173892	6
0.157300053520039	11.969643897978	0.16	0	1	chr7-30165614-30166877	6
0.157300053520039	12.0730513148745	0.16	0	1	chr7-30252998-30255745	6
0.157300053520039	11.8022392123007	0.16	0	1	chr7-30845895-30847340	6
0.157300053520039	12.3763189991382	0.16	0	1	chr7-31408092-31408845	6
0.157300053520039	12.3821463360989	0.16	0	1	chr7-32569197-32570430	6
0.157300053520039	12.0590310820459	0.16	0	1	chr7-37198447-37199306	6
0.157300053520039	12.0033646342741	0.16	0	1	chr7-37448245-37449509	6
0.157300053520039	11.941231638757	0.16	0	1	chr7-39732940-39734667	6
0.157300053520039	12.3336342985639	0.16	0	1	chr7-44287253-44288356	6
0.157300053520039	12.132281879684	0.16	0	1	chr7-63925480-63927204	6
0.157300053520039	11.9628184986023	0.16	0	1	chr7-64890060-64892808	6
0.157300053520039	11.5106393434135	0.16	0	1	chr7-65770163-65771468	6
0.157300053520039	11.3737693287261	0.16	0	1	chr7-66413077-66414501	6
0.157300053520039	11.7903375451651	0.16	0	1	chr7-70614157-70615442	6
0.157300053520039	11.0521042838487	0.16	0	1	chr7-73769440-73771180	6
0.157300053520039	11.2327520122411	0.16	0	1	chr7-78018505-78021112	6
0.157300053520039	11.8733753995373	0.16	0	1	chr7-88281355-88282392	6
0.157300053520039	12.2731585794194	0.16	0	1	chr7-99829122-99830255	6
0.157300053520039	11.889048188747	0.16	0	1	chr7-105638793-105641210	6
0.157300053520039	11.6581011185932	0.16	0	1	chr7-106068673-106070630	6
0.157300053520039	12.3807486862735	0.16	0	1	chr7-106622645-106624319	6
0.157300053520039	12.7727265832236	0.16	0	1	chr7-106752303-106753134	6
0.157300053520039	12.3136597361705	0.16	0	1	chr7-108004044-108005111	6
0.157300053520039	11.9487762269402	0.16	0	1	chr7-112391101-112392646	6
0.157300053520039	12.0839531860343	0.16	0	1	chr7-123190961-123192062	6
0.157300053520039	12.4290518134519	0.16	0	1	chr7-129875568-129876512	6
0.157300053520039	11.5074726835613	0.16	0	1	chr7-130667794-130669596	6
0.157300053520039	12.1693385130231	0.16	0	1	chr7-133182385-133183731	6
0.157300053520039	11.7591618330132	0.16	0	1	chr7-134443533-134445378	6
0.157300053520039	11.9257749500749	0.16	0	1	chr7-135094747-135096078	6
0.157300053520039	12.0000004757269	0.16	0	1	chr7-135877544-135878519	6
0.157300053520039	11.1458642891801	0.16	0	1	chr7-135930238-135931636	6
0.157300053520039	12.1957522471382	0.16	0	1	chr7-141962277-141963553	6
0.157300053520039	12.1340844255512	0.16	0	1	chr7-148556774-148557474	6
0.157300053520039	12.0932238121148	0.16	0	1	chr7-151676468-151678253	6
0.157300053520039	11.9025261846805	0.16	0	1	chr7-151735896-151737086	6
0.157300053520039	12.0750460020369	0.16	0	1	chr7-151867363-151869494	6
0.157300053520039	11.5308328495773	0.16	0	1	chr7-152698776-152700391	6
0.157300053520039	12.2599557235079	0.16	0	1	chr7-155531479-155532459	6
0.157300053520039	11.6690185199626	0.16	0	1	chr7-155658324-155659234	6
0.157300053520039	11.3217937628262	0.16	0	1	chr7-156639599-156641678	6
0.157300053520039	11.8218828460858	0.16	0	1	chr8-354192-356617	6
0.157300053520039	11.7162760378555	0.16	0	1	chr8-419769-421007	6
0.157300053520039	12.080398356486	0.16	0	1	chr8-906940-908720	6
0.157300053520039	11.8706117305024	0.16	0	1	chr8-1946029-1947599	6
0.157300053520039	12.2878198483166	0.16	0	1	chr8-8402373-8403096	6
0.157300053520039	11.9458206003379	0.16	0	1	chr8-20800515-20802812	6
0.157300053520039	11.8088935320583	0.16	0	1	chr8-30553957-30556721	6
0.157300053520039	12.0504301415142	0.16	0	1	chr8-40370857-40372245	6
0.157300053520039	12.3022861963912	0.16	0	1	chr8-48581042-48582665	6
0.157300053520039	11.8462646335962	0.16	0	1	chr8-50647789-50648575	6
0.157300053520039	12.4299554363629	0.16	0	1	chr8-51120732-51122227	6
0.157300053520039	12.4306160446677	0.16	0	1	chr8-53657634-53658594	6
0.157300053520039	12.1299379861753	0.16	0	1	chr8-54366891-54368446	6
0.157300053520039	12.079819952009	0.16	0	1	chr8-54558386-54559617	6
0.157300053520039	12.1008705625266	0.16	0	1	chr8-56699425-56700571	6
0.157300053520039	11.9953651546314	0.16	0	1	chr8-57586440-57588500	6
0.157300053520039	12.4077501912551	0.16	0	1	chr8-58057382-58058166	6
0.157300053520039	12.2079363604882	0.16	0	1	chr8-60998786-60999596	6
0.157300053520039	11.8356765402625	0.16	0	1	chr8-68828611-68831065	6
0.157300053520039	12.1787758761848	0.16	0	1	chr8-69604685-69605639	6
0.157300053520039	12.6177639622326	0.16	0	1	chr8-73087392-73088173	6
0.157300053520039	12.0041200995287	0.16	0	1	chr8-73419407-73421045	6
0.157300053520039	11.7536857561219	0.16	0	1	chr8-76680448-76683940	6
0.157300053520039	12.4414005102354	0.16	0	1	chr8-80256712-80257710	6
0.157300053520039	12.7459980827411	0.16	0	1	chr8-88289531-88290356	6
0.157300053520039	12.1899041037091	0.16	0	1	chr8-96662791-96663735	6
0.157300053520039	12.0557559198404	0.16	0	1	chr8-98305739-98306871	6
0.157300053520039	12.0786295912243	0.16	0	1	chr8-99705447-99706602	6
0.157300053520039	11.7238434203299	0.16	0	1	chr8-100747831-100748733	6
0.157300053520039	11.2963425606616	0.16	0	1	chr8-102685133-102686654	6
0.157300053520039	11.7963343955875	0.16	0	1	chr8-104552693-104553990	6
0.157300053520039	11.4911250044186	0.16	0	1	chr8-106059485-106061074	6
0.157300053520039	11.7741053505265	0.16	0	1	chr8-108205710-108207453	6
0.157300053520039	11.6756406109162	0.16	0	1	chr8-108759872-108761141	6
0.157300053520039	11.836562971506	0.16	0	1	chr8-115076255-115077160	6
0.157300053520039	11.7467279577815	0.16	0	1	chr8-115380190-115381387	6
0.157300053520039	12.4833949841186	0.16	0	1	chr8-118307706-118308325	6
0.157300053520039	12.1631023442541	0.16	0	1	chr8-120067936-120070404	6
0.157300053520039	12.595800775388	0.16	0	1	chr8-121145299-121146035	6
0.157300053520039	12.3472925432288	0.16	0	1	chr8-121601445-121602190	6
0.157300053520039	11.5359636111246	0.16	0	1	chr8-123536599-123538807	6
0.157300053520039	11.7906937128532	0.16	0	1	chr8-123921768-123922902	6
0.157300053520039	11.7078682077277	0.16	0	1	chr8-124853181-124854932	6
0.157300053520039	11.8974841506931	0.16	0	1	chr8-127662142-127663500	6
0.157300053520039	11.7297636681665	0.16	0	1	chr8-133882124-133883999	6
0.157300053520039	12.4406307882363	0.16	0	1	chr8-134553499-134554983	6
0.157300053520039	11.790616034987	0.16	0	1	chr8-138672338-138673981	6
0.157300053520039	12.0525769351881	0.16	0	1	chr8-139276877-139278588	6
0.157300053520039	12.0774905960615	0.16	0	1	chr8-139821392-139823043	6
0.157300053520039	12.0150627112869	0.16	0	1	chr8-140507413-140508854	6
0.157300053520039	12.0594315452265	0.16	0	1	chr8-141386489-141387369	6
0.157300053520039	12.2388149519028	0.16	0	1	chr8-143015892-143016853	6
0.157300053520039	12.024755546594	0.16	0	1	chr8-143568715-143570032	6
0.157300053520039	12.0745285250785	0.16	0	1	chr9-2816181-2818454	6
0.157300053520039	11.619513787531	0.16	0	1	chr9-4739769-4741633	6
0.157300053520039	11.8434338066933	0.16	0	1	chr9-6787803-6789324	6
0.157300053520039	12.6183412167548	0.16	0	1	chr9-8870717-8871458	6
0.157300053520039	11.8185496205537	0.16	0	1	chr9-13070423-13071498	6
0.157300053520039	11.9094170895545	0.16	0	1	chr9-33390744-33392225	6
0.157300053520039	11.5566125830923	0.16	0	1	chr9-33923280-33925831	6
0.157300053520039	11.9318138329925	0.16	0	1	chr9-35844085-35845530	6
0.157300053520039	11.8653925277131	0.16	0	1	chr9-39463683-39464862	6
0.157300053520039	11.7292481286498	0.16	0	1	chr9-72314557-72316457	6
0.157300053520039	12.2984356725177	0.16	0	1	chr9-74666582-74668587	6
0.157300053520039	12.2883722731606	0.16	0	1	chr9-76221352-76222108	6
0.157300053520039	11.8194824960821	0.16	0	1	chr9-77648295-77649561	6
0.157300053520039	11.6880335596061	0.16	0	1	chr9-81548824-81550348	6
0.157300053520039	11.7932801026312	0.16	0	1	chr9-89675229-89677153	6
0.157300053520039	12.3172301284671	0.16	0	1	chr9-89891388-89892553	6
0.157300053520039	12.4053184924324	0.16	0	1	chr9-90002231-90003399	6
0.157300053520039	11.8001369959417	0.16	0	1	chr9-92138027-92141820	6
0.157300053520039	12.6420410511043	0.16	0	1	chr9-95483986-95484766	6
0.157300053520039	11.6997603542133	0.16	0	1	chr9-98044899-98046194	6
0.157300053520039	11.8715595637965	0.16	0	1	chr9-98097596-98098528	6
0.157300053520039	12.09852371099	0.16	0	1	chr9-98801607-98802540	6
0.157300053520039	12.3999403156857	0.16	0	1	chr9-99658816-99659587	6
0.157300053520039	11.8226211747036	0.16	0	1	chr9-101957414-101958462	6
0.157300053520039	12.8725483829758	0.16	0	1	chr9-106977339-106977814	6
0.157300053520039	12.2646614046534	0.16	0	1	chr9-109517684-109518677	6
0.157300053520039	12.0580071341243	0.16	0	1	chr9-109962842-109963874	6
0.157300053520039	12.0846521460597	0.16	0	1	chr9-115291714-115292831	6
0.157300053520039	11.880623340716	0.16	0	1	chr9-119967588-119969563	6
0.157300053520039	12.068313531226	0.16	0	1	chr9-120009762-120010490	6
0.157300053520039	12.456637485916	0.16	0	1	chr9-121168942-121169657	6
0.157300053520039	12.7065004115871	0.16	0	1	chr9-127118610-127119245	6
0.157300053520039	11.98949751547	0.16	0	1	chr9-128102611-128103933	6
0.157300053520039	12.1860818280772	0.16	0	1	chr9-128823566-128824839	6
0.157300053520039	11.9841436429648	0.16	0	1	chr9-130866310-130866965	6
0.157300053520039	12.0111894548637	0.16	0	1	chr9-132406297-132407177	6
0.157300053520039	11.2096143723069	0.16	0	1	chr9-134065551-134069095	6
0.157300053520039	11.8212071773352	0.16	0	1	chr9-134449448-134450084	6
0.157300053520039	10.9936081799943	0.16	0	1	chr9-136051109-136053701	6
0.157300053520039	11.8929151989029	0.16	0	1	chr9-136085451-136086590	6
0.157300053520039	12.2347641296644	0.16	0	1	chr9-136266857-136267840	6
0.157300053520039	11.6982880220355	0.16	0	1	chr9-136806899-136809757	6
0.157300053520039	11.8508227969023	0.16	0	1	chr10-234243-236362	6
0.157300053520039	12.6689242820603	0.16	0	1	chr10-4733110-4733687	6
0.157300053520039	11.5367532175219	0.16	0	1	chr10-5546481-5549304	6
0.157300053520039	11.6664467538295	0.16	0	1	chr10-6364866-6366175	6
0.157300053520039	11.8064126343665	0.16	0	1	chr10-11345449-11346420	6
0.157300053520039	11.9894830146962	0.16	0	1	chr10-11684635-11686283	6
0.157300053520039	11.6860230342933	0.16	0	1	chr10-19930848-19932295	6
0.157300053520039	11.6305223987065	0.16	0	1	chr10-21516117-21518532	6
0.157300053520039	11.7685287272394	0.16	0	1	chr10-26733330-26735101	6
0.157300053520039	12.6429187781445	0.16	0	1	chr10-28457050-28457764	6
0.157300053520039	11.4758263389151	0.16	0	1	chr10-29408934-29410774	6
0.157300053520039	12.2506681278915	0.16	0	1	chr10-32003933-32005565	6
0.157300053520039	11.6039378669769	0.16	0	1	chr10-34665895-34666944	6
0.157300053520039	11.6872805427614	0.16	0	1	chr10-35889171-35891451	6
0.157300053520039	12.1152761740379	0.16	0	1	chr10-42951866-42953108	6
0.157300053520039	11.5015496691096	0.16	0	1	chr10-44978141-44980057	6
0.157300053520039	12.3101426535011	0.16	0	1	chr10-44980725-44982023	6
0.157300053520039	11.6563566319125	0.16	0	1	chr10-45470070-45472029	6
0.157300053520039	12.1102654499629	0.16	0	1	chr10-52116768-52117702	6
0.157300053520039	12.2564316983329	0.16	0	1	chr10-52435165-52435911	6
0.157300053520039	12.0622568562542	0.16	0	1	chr10-58747588-58748352	6
0.157300053520039	11.8993255935237	0.16	0	1	chr10-59991194-59992360	6
0.157300053520039	11.8969530675166	0.16	0	1	chr10-60282577-60283652	6
0.157300053520039	12.2078260182186	0.16	0	1	chr10-62095118-62097099	6
0.157300053520039	12.0291775093919	0.16	0	1	chr10-63113651-63114728	6
0.157300053520039	12.0954450227771	0.16	0	1	chr10-63206554-63207954	6
0.157300053520039	12.423642986747	0.16	0	1	chr10-65762229-65762802	6
0.157300053520039	11.6121129471928	0.16	0	1	chr10-67258778-67260122	6
0.157300053520039	11.7106773613219	0.16	0	1	chr10-67837543-67838501	6
0.157300053520039	12.2858553618323	0.16	0	1	chr10-70119558-70121517	6
0.157300053520039	11.7219263743019	0.16	0	1	chr10-70363883-70365106	6
0.157300053520039	12.1978201341996	0.16	0	1	chr10-71137885-71139033	6
0.157300053520039	11.8727813513254	0.16	0	1	chr10-71326179-71327225	6
0.157300053520039	11.7934141736626	0.16	0	1	chr10-73535178-73536929	6
0.157300053520039	11.650720187864	0.16	0	1	chr10-75021580-75022759	6
0.157300053520039	12.4627033556782	0.16	0	1	chr10-75247481-75248456	6
0.157300053520039	11.9957475271368	0.16	0	1	chr10-77165442-77166226	6
0.157300053520039	11.8638128344097	0.16	0	1	chr10-78804556-78805917	6
0.157300053520039	11.5454186536135	0.16	0	1	chr10-79259936-79262415	6
0.157300053520039	11.8110077376364	0.16	0	1	chr10-80414063-80415257	6
0.157300053520039	11.4922662528101	0.16	0	1	chr10-84327819-84329721	6
0.157300053520039	11.9419953482453	0.16	0	1	chr10-86334495-86335404	6
0.157300053520039	11.7587824028095	0.16	0	1	chr10-91162340-91164312	6
0.157300053520039	11.7903649397806	0.16	0	1	chr10-92087455-92088468	6
0.157300053520039	12.3714769407331	0.16	0	1	chr10-96233744-96234546	6
0.157300053520039	11.519590294232	0.16	0	1	chr10-97336421-97338490	6
0.157300053520039	11.9744897027909	0.16	0	1	chr10-100370352-100371679	6
0.157300053520039	12.2755951604286	0.16	0	1	chr10-103120691-103121951	6
0.157300053520039	11.5731117520752	0.16	0	1	chr10-103889643-103890876	6
0.157300053520039	12.2394018563041	0.16	0	1	chr10-107610328-107611847	6
0.157300053520039	12.1084231613396	0.16	0	1	chr10-107614450-107616285	6
0.157300053520039	11.9677170168221	0.16	0	1	chr10-113474736-113475918	6
0.157300053520039	12.3830469329559	0.16	0	1	chr10-113732661-113733742	6
0.157300053520039	12.2222710702346	0.16	0	1	chr10-118423704-118424282	6
0.157300053520039	12.4360069596968	0.16	0	1	chr10-118844657-118845546	6
0.157300053520039	12.4156871220018	0.16	0	1	chr10-118872777-118873733	6
0.157300053520039	11.7339160589244	0.16	0	1	chr10-119103768-119105190	6
0.157300053520039	12.2214901036742	0.16	0	1	chr10-119686369-119687066	6
0.157300053520039	11.7253119250818	0.16	0	1	chr10-120945584-120946815	6
0.157300053520039	11.9409250082419	0.16	0	1	chr10-121245454-121246628	6
0.157300053520039	12.2177503452007	0.16	0	1	chr10-121406645-121407985	6
0.157300053520039	11.442038587482	0.16	0	1	chr10-122979647-122981586	6
0.157300053520039	11.0674518426201	0.16	0	1	chr10-123203287-123205511	6
0.157300053520039	12.5383688874927	0.16	0	1	chr10-123673147-123673773	6
0.157300053520039	12.11696404521	0.16	0	1	chr10-125707510-125708511	6
0.157300053520039	12.2106704012834	0.16	0	1	chr10-127441137-127442909	6
0.157300053520039	11.4248122712741	0.16	0	1	chr10-129689142-129691690	6
0.157300053520039	12.0235259111126	0.16	0	1	chr10-131903832-131906939	6
0.157300053520039	11.7775175523145	0.16	0	1	chr10-131996442-131998730	6
0.157300053520039	11.8052491334986	0.16	0	1	chr10-132265187-132266474	6
0.157300053520039	11.5071258304448	0.16	0	1	chr10-132463437-132465222	6
0.157300053520039	11.9127812285781	0.16	0	1	chr10-132630861-132632678	6
0.157300053520039	12.0669434161632	0.16	0	1	chr10-132958389-132959534	6
0.157300053520039	11.9893322490468	0.16	0	1	chr11-804376-805812	6
0.157300053520039	12.4204549429543	0.16	0	1	chr11-1531869-1533184	6
0.157300053520039	12.219611152743	0.16	0	1	chr11-1548166-1548961	6
0.157300053520039	11.9601138440398	0.16	0	1	chr11-1693141-1694473	6
0.157300053520039	12.4348328313573	0.16	0	1	chr11-2099341-2100300	6
0.157300053520039	12.4034520815206	0.16	0	1	chr11-2612718-2613434	6
0.157300053520039	12.1970803700395	0.16	0	1	chr11-2933026-2934142	6
0.157300053520039	12.6586527180832	0.16	0	1	chr11-3030093-3031075	6
0.157300053520039	12.2590272818213	0.16	0	1	chr11-4496449-4497385	6
0.157300053520039	12.4993663400851	0.16	0	1	chr11-5123991-5124497	6
0.157300053520039	12.1970865234191	0.16	0	1	chr11-8006282-8006879	6
0.157300053520039	12.2840225654402	0.16	0	1	chr11-8707402-8708747	6
0.157300053520039	12.338901512922	0.16	0	1	chr11-8717915-8719762	6
0.157300053520039	11.9852348834499	0.16	0	1	chr11-9075486-9077424	6
0.157300053520039	12.5049721745306	0.16	0	1	chr11-11780761-11781670	6
0.157300053520039	11.9196297689177	0.16	0	1	chr11-12377252-12378558	6
0.157300053520039	12.3110000314617	0.16	0	1	chr11-12824107-12825089	6
0.157300053520039	11.9450931898707	0.16	0	1	chr11-16932895-16933796	6
0.157300053520039	12.5103630885001	0.16	0	1	chr11-17383697-17384504	6
0.157300053520039	12.4998809462193	0.16	0	1	chr11-18171323-18171999	6
0.157300053520039	12.8554123926554	0.16	0	1	chr11-19475327-19475866	6
0.157300053520039	12.2066419735604	0.16	0	1	chr11-19918975-19919820	6
0.157300053520039	12.1769840906946	0.16	0	1	chr11-20031434-20032348	6
0.157300053520039	12.0234859243508	0.16	0	1	chr11-20070105-20071022	6
0.157300053520039	12.0954686923879	0.16	0	1	chr11-22927582-22928858	6
0.157300053520039	12.3122203686176	0.16	0	1	chr11-27455824-27457357	6
0.157300053520039	12.5017623529285	0.16	0	1	chr11-29281997-29282801	6
0.157300053520039	12.6143881176116	0.16	0	1	chr11-30407247-30407967	6
0.157300053520039	12.1602971140365	0.16	0	1	chr11-31246165-31247041	6
0.157300053520039	12.3798469205344	0.16	0	1	chr11-34176282-34177515	6
0.157300053520039	12.0928203931376	0.16	0	1	chr11-34330653-34332882	6
0.157300053520039	12.5304705764785	0.16	0	1	chr11-35101025-35101856	6
0.157300053520039	11.950273611156	0.16	0	1	chr11-35873460-35874308	6
0.157300053520039	12.0296387315346	0.16	0	1	chr11-36034794-36036060	6
0.157300053520039	12.5618582571491	0.16	0	1	chr11-36218376-36218989	6
0.157300053520039	12.3524292956576	0.16	0	1	chr11-36364297-36365333	6
0.157300053520039	12.4181755660262	0.16	0	1	chr11-36425302-36426341	6
0.157300053520039	12.6821003152044	0.16	0	1	chr11-37370677-37371765	6
0.157300053520039	12.6514095484975	0.16	0	1	chr11-40177913-40178822	6
0.157300053520039	12.1389986685978	0.16	0	1	chr11-40230559-40231339	6
0.157300053520039	12.7814459247054	0.16	0	1	chr11-46288390-46288944	6
0.157300053520039	12.0145893213301	0.16	0	1	chr11-47997889-47999413	6
0.157300053520039	11.6806098008228	0.16	0	1	chr11-48055282-48056537	6
0.157300053520039	12.5042773829694	0.16	0	1	chr11-48103792-48104814	6
0.157300053520039	12.4093251449926	0.16	0	1	chr11-49368321-49369231	6
0.157300053520039	12.1666004350358	0.16	0	1	chr11-57493278-57494471	6
0.157300053520039	12.3583909961444	0.16	0	1	chr11-59206562-59207234	6
0.157300053520039	12.4690867703796	0.16	0	1	chr11-59397775-59398335	6
0.157300053520039	11.7640146234282	0.16	0	1	chr11-59536668-59538126	6
0.157300053520039	12.0102661595472	0.16	0	1	chr11-59617538-59619276	6
0.157300053520039	12.3581375554515	0.16	0	1	chr11-59791453-59792347	6
0.157300053520039	12.8568900234374	0.16	0	1	chr11-60821412-60822073	6
0.157300053520039	12.4926185366993	0.16	0	1	chr11-60942219-60943701	6
0.157300053520039	12.2281920015842	0.16	0	1	chr11-61324458-61326675	6
0.157300053520039	11.9662466959158	0.16	0	1	chr11-61575701-61576826	6
0.157300053520039	12.4845648439746	0.16	0	1	chr11-62337136-62337693	6
0.157300053520039	12.2773357035606	0.16	0	1	chr11-62542067-62543355	6
0.157300053520039	12.3944405436952	0.16	0	1	chr11-62875613-62877172	6
0.157300053520039	12.5717119606265	0.16	0	1	chr11-63884119-63885125	6
0.157300053520039	12.1991850962923	0.16	0	1	chr11-65274776-65275796	6
0.157300053520039	12.3878382647484	0.16	0	1	chr11-65333369-65334878	6
0.157300053520039	12.4744052556349	0.16	0	1	chr11-67262442-67263181	6
0.157300053520039	12.395585109507	0.16	0	1	chr11-69667759-69668754	6
0.157300053520039	12.6384473803078	0.16	0	1	chr11-69912863-69913396	6
0.157300053520039	12.2035416265811	0.16	0	1	chr11-70128119-70129132	6
0.157300053520039	12.1207871071482	0.16	0	1	chr11-70169203-70171344	6
0.157300053520039	12.7278774894674	0.16	0	1	chr11-71863943-71864487	6
0.157300053520039	12.3559849205261	0.16	0	1	chr11-73468554-73470496	6
0.157300053520039	12.7718072501722	0.16	0	1	chr11-74055878-74056392	6
0.157300053520039	11.8227044241732	0.16	0	1	chr11-74546461-74547455	6
0.157300053520039	12.0375363328709	0.16	0	1	chr11-75499500-75500273	6
0.157300053520039	12.2908865758137	0.16	0	1	chr11-75513091-75514126	6
0.157300053520039	12.1572066339614	0.16	0	1	chr11-76369200-76370071	6
0.157300053520039	12.5586203586949	0.16	0	1	chr11-76850530-76851285	6
0.157300053520039	12.8034747289135	0.16	0	1	chr11-76921337-76922032	6
0.157300053520039	12.0057215320378	0.16	0	1	chr11-78078393-78080353	6
0.157300053520039	11.8069172974067	0.16	0	1	chr11-78907227-78908338	6
0.157300053520039	12.2210102467955	0.16	0	1	chr11-79686844-79687661	6
0.157300053520039	12.1232649680536	0.16	0	1	chr11-80431734-80432514	6
0.157300053520039	12.1585282516738	0.16	0	1	chr11-83510372-83511399	6
0.157300053520039	12.2428676131046	0.16	0	1	chr11-84803767-84804731	6
0.157300053520039	12.4563278346716	0.16	0	1	chr11-85777270-85778141	6
0.157300053520039	12.2910409178252	0.16	0	1	chr11-86567209-86568111	6
0.157300053520039	12.754369621956	0.16	0	1	chr11-86931554-86932402	6
0.157300053520039	11.6721431929399	0.16	0	1	chr11-91396439-91397537	6
0.157300053520039	12.2225751483417	0.16	0	1	chr11-92550229-92551317	6
0.157300053520039	12.2204322837046	0.16	0	1	chr11-95592307-95593864	6
0.157300053520039	12.2123687504491	0.16	0	1	chr11-95848811-95849651	6
0.157300053520039	11.8744867188828	0.16	0	1	chr11-96579574-96581252	6
0.157300053520039	12.2308568355066	0.16	0	1	chr11-101091425-101092435	6
0.157300053520039	12.2322341226894	0.16	0	1	chr11-101186794-101188859	6
0.157300053520039	12.307653439196	0.16	0	1	chr11-101441488-101442372	6
0.157300053520039	12.8307609670086	0.16	0	1	chr11-104319975-104320534	6
0.157300053520039	12.4972194446639	0.16	0	1	chr11-104443290-104444707	6
0.157300053520039	11.9363664688623	0.16	0	1	chr11-104967506-104969181	6
0.157300053520039	11.6368415371343	0.16	0	1	chr11-105700809-105701768	6
0.157300053520039	12.1586804102554	0.16	0	1	chr11-107158951-107159986	6
0.157300053520039	12.6424282771339	0.16	0	1	chr11-108550939-108552103	6
0.157300053520039	12.1139499219238	0.16	0	1	chr11-108967256-108968155	6
0.157300053520039	12.1072602348902	0.16	0	1	chr11-111960562-111961736	6
0.157300053520039	11.924133348631	0.16	0	1	chr11-112013286-112014315	6
0.157300053520039	12.6030973398608	0.16	0	1	chr11-114368974-114369707	6
0.157300053520039	12.5546134620193	0.16	0	1	chr11-114812918-114813689	6
0.157300053520039	12.4198885825785	0.16	0	1	chr11-114964783-114966340	6
0.157300053520039	12.4546854769464	0.16	0	1	chr11-115420396-115421774	6
0.157300053520039	13.1693001537189	0.16	0	1	chr11-115916584-115917072	6
0.157300053520039	12.4565355874738	0.16	0	1	chr11-116472375-116473446	6
0.157300053520039	12.0978021911034	0.16	0	1	chr11-116478383-116479391	6
0.157300053520039	12.491839069519	0.16	0	1	chr11-118274009-118274685	6
0.157300053520039	12.4837100442711	0.16	0	1	chr11-119354977-119355707	6
0.157300053520039	11.8734445039305	0.16	0	1	chr11-120210318-120211952	6
0.157300053520039	12.9102876055553	0.16	0	1	chr11-121383679-121384165	6
0.157300053520039	12.5304217488134	0.16	0	1	chr11-121959721-121960235	6
0.157300053520039	12.5263054907456	0.16	0	1	chr11-123453978-123454749	6
0.157300053520039	12.4654375092289	0.16	0	1	chr11-123672461-123673028	6
0.157300053520039	11.7240086208328	0.16	0	1	chr11-125210911-125212457	6
0.157300053520039	11.7293155148347	0.16	0	1	chr11-125564112-125565273	6
0.157300053520039	12.1256201791795	0.16	0	1	chr11-126416224-126417804	6
0.157300053520039	13.1757502515556	0.16	0	1	chr11-127470522-127470864	6
0.157300053520039	12.8957703738331	0.16	0	1	chr11-128323309-128323845	6
0.157300053520039	11.8586615334935	0.16	0	1	chr11-128764379-128765522	6
0.157300053520039	11.9434079988665	0.16	0	1	chr11-129728222-129729468	6
0.157300053520039	12.4453500379365	0.16	0	1	chr11-131997741-131998652	6
0.157300053520039	12.2872523016803	0.16	0	1	chr11-132704533-132705684	6
0.157300053520039	12.1637808659307	0.16	0	1	chr11-133057267-133059085	6
0.157300053520039	12.2163023035208	0.16	0	1	chr11-134466662-134470066	6
0.157300053520039	11.7104318938093	0.16	0	1	chr12-2113025-2114606	6
0.157300053520039	11.7652797464969	0.16	0	1	chr12-4307546-4308532	6
0.157300053520039	12.0599326003098	0.16	0	1	chr12-5076612-5077430	6
0.157300053520039	11.4158357071658	0.16	0	1	chr12-6312048-6313879	6
0.157300053520039	11.5409188658864	0.16	0	1	chr12-6612573-6614629	6
0.157300053520039	12.3308671070893	0.16	0	1	chr12-11805350-11806361	6
0.157300053520039	11.3609068627418	0.16	0	1	chr12-12265889-12268225	6
0.157300053520039	12.01953311989	0.16	0	1	chr12-13049683-13050688	6
0.157300053520039	11.4404073671196	0.16	0	1	chr12-13390103-13391147	6
0.157300053520039	12.1791468306988	0.16	0	1	chr12-16524291-16524889	6
0.157300053520039	12.2154253322803	0.16	0	1	chr12-19937142-19937685	6
0.157300053520039	11.6247839608431	0.16	0	1	chr12-21526061-21528328	6
0.157300053520039	12.1935852072072	0.16	0	1	chr12-29762653-29763642	6
0.157300053520039	11.9602573304871	0.16	0	1	chr12-31403024-31403762	6
0.157300053520039	11.6164295480758	0.16	0	1	chr12-33520660-33521804	6
0.157300053520039	12.0261964017043	0.16	0	1	chr12-47032333-47033817	6
0.157300053520039	12.0036820231703	0.16	0	1	chr12-47722058-47722953	6
0.157300053520039	12.3984766691285	0.16	0	1	chr12-48358892-48359736	6
0.157300053520039	12.223389362171	0.16	0	1	chr12-52951617-52954416	6
0.157300053520039	11.7970037935224	0.16	0	1	chr12-53537882-53539237	6
0.157300053520039	12.0216565425519	0.16	0	1	chr12-55720332-55721831	6
0.157300053520039	12.0513397590815	0.16	0	1	chr12-62533398-62534323	6
0.157300053520039	12.1773128162175	0.16	0	1	chr12-64650106-64651502	6
0.157300053520039	12.0106272979401	0.16	0	1	chr12-66403628-66404289	6
0.157300053520039	11.9900012862341	0.16	0	1	chr12-67483271-67484430	6
0.157300053520039	11.8052513454191	0.16	0	1	chr12-70549397-70550512	6
0.157300053520039	12.53486602724	0.16	0	1	chr12-70733331-70733823	6
0.157300053520039	11.3175779082328	0.16	0	1	chr12-71754141-71756491	6
0.157300053520039	12.2517531299236	0.16	0	1	chr12-75990044-75991036	6
0.157300053520039	12.2132431041288	0.16	0	1	chr12-76939335-76939983	6
0.157300053520039	11.8925095056287	0.16	0	1	chr12-85317694-85319038	6
0.157300053520039	12.1480860051238	0.16	0	1	chr12-88300434-88301568	6
0.157300053520039	11.9585975800782	0.16	0	1	chr12-88904607-88905396	6
0.157300053520039	11.8994313134617	0.16	0	1	chr12-89225342-89226504	6
0.157300053520039	12.2313842479477	0.16	0	1	chr12-89261821-89262586	6
0.157300053520039	11.9842190047385	0.16	0	1	chr12-89947731-89951666	6
0.157300053520039	12.4789317931689	0.16	0	1	chr12-97398558-97399618	6
0.157300053520039	11.4549609584109	0.16	0	1	chr12-101617945-101620958	6
0.157300053520039	12.2781489218276	0.16	0	1	chr12-105740889-105742255	6
0.157300053520039	11.7545441320769	0.16	0	1	chr12-106342297-106343555	6
0.157300053520039	12.3410485967602	0.16	0	1	chr12-107379658-107380665	6
0.157300053520039	11.6559128260582	0.16	0	1	chr12-109476369-109478158	6
0.157300053520039	11.6212553090539	0.16	0	1	chr12-110246680-110248868	6
0.157300053520039	12.2616706480152	0.16	0	1	chr12-111384352-111385095	6
0.157300053520039	11.722993026259	0.16	0	1	chr12-120181202-120184330	6
0.157300053520039	12.3450236120112	0.16	0	1	chr12-120885451-120886127	6
0.157300053520039	11.7349942746259	0.16	0	1	chr12-124966730-124968845	6
0.157300053520039	11.839897390555	0.16	0	1	chr12-125141466-125144734	6
0.157300053520039	12.3857981571217	0.16	0	1	chr12-127803313-127804253	6
0.157300053520039	12.1172577296056	0.16	0	1	chr12-128817325-128818761	6
0.157300053520039	11.5823984318373	0.16	0	1	chr12-130398042-130399241	6
0.157300053520039	11.8287072789515	0.16	0	1	chr12-131455837-131457635	6
0.157300053520039	11.8313784698454	0.16	0	1	chr13-20163274-20164131	6
0.157300053520039	11.6994868443584	0.16	0	1	chr13-24074538-24076763	6
0.157300053520039	11.9946350181085	0.16	0	1	chr13-24659106-24660798	6
0.157300053520039	11.5782212507665	0.16	0	1	chr13-25232860-25234529	6
0.157300053520039	12.0620067018329	0.16	0	1	chr13-27532859-27533782	6
0.157300053520039	11.8543142571995	0.16	0	1	chr13-27617562-27618473	6
0.157300053520039	12.4339111698924	0.16	0	1	chr13-33401118-33401913	6
0.157300053520039	11.9867637007804	0.16	0	1	chr13-34020278-34020997	6
0.157300053520039	11.8672254616052	0.16	0	1	chr13-40159557-40160534	6
0.157300053520039	11.865122647685	0.16	0	1	chr13-45119989-45121984	6
0.157300053520039	12.1883757404221	0.16	0	1	chr13-48769009-48769603	6
0.157300053520039	12.710283754384	0.16	0	1	chr13-49611285-49611834	6
0.157300053520039	11.5357323059459	0.16	0	1	chr13-50319147-50321077	6
0.157300053520039	12.077874765926	0.16	0	1	chr13-61414789-61415837	6
0.157300053520039	12.6712420191657	0.16	0	1	chr13-61728468-61728906	6
0.157300053520039	11.3719138206365	0.16	0	1	chr13-66312200-66313435	6
0.157300053520039	12.4892907436796	0.16	0	1	chr13-69264062-69265084	6
0.157300053520039	12.0159978877352	0.16	0	1	chr13-96019883-96021403	6
0.157300053520039	11.7102140393325	0.16	0	1	chr13-101025759-101027387	6
0.157300053520039	11.6205355693567	0.16	0	1	chr13-106958236-106960989	6
0.157300053520039	11.9720186591149	0.16	0	1	chr13-107064287-107065271	6
0.157300053520039	12.6196060547471	0.16	0	1	chr13-109643994-109644542	6
0.157300053520039	11.8852665898944	0.16	0	1	chr13-110893705-110894760	6
0.157300053520039	12.2070013999927	0.16	0	1	chr13-112733187-112734757	6
0.157300053520039	12.5129674508527	0.16	0	1	chr13-112768763-112770054	6
0.157300053520039	12.3562939503815	0.16	0	1	chr13-112781527-112782504	6
0.157300053520039	11.9718687879828	0.16	0	1	chr13-113153380-113154976	6
0.157300053520039	12.2249624473803	0.16	0	1	chr13-113362873-113364754	6
0.157300053520039	12.3148132917609	0.16	0	1	chr14-18656069-18657408	6
0.157300053520039	12.269048872301	0.16	0	1	chr14-21195100-21198774	6
0.157300053520039	11.7074471294999	0.16	0	1	chr14-22796335-22798286	6
0.157300053520039	12.3678444237133	0.16	0	1	chr14-33986895-33988110	6
0.157300053520039	12.0452752136487	0.16	0	1	chr14-41234729-41236192	6
0.157300053520039	12.1316631236667	0.16	0	1	chr14-44316627-44317712	6
0.157300053520039	11.8879958347793	0.16	0	1	chr14-47626036-47627302	6
0.157300053520039	12.2361134002194	0.16	0	1	chr14-48561192-48561978	6
0.157300053520039	11.8307157795969	0.16	0	1	chr14-57818173-57819093	6
0.157300053520039	11.5431093182377	0.16	0	1	chr14-59214946-59216532	6
0.157300053520039	11.7209771551086	0.16	0	1	chr14-61367448-61369207	6
0.157300053520039	11.6543578334712	0.16	0	1	chr14-64112741-64113883	6
0.157300053520039	11.3632071803669	0.16	0	1	chr14-67532515-67534192	6
0.157300053520039	11.8046803393745	0.16	0	1	chr14-68139739-68142017	6
0.157300053520039	12.0326854789518	0.16	0	1	chr14-68526494-68528489	6
0.157300053520039	11.6105726064061	0.16	0	1	chr14-69643013-69644802	6
0.157300053520039	12.0262202580542	0.16	0	1	chr14-77302979-77304186	6
0.157300053520039	12.2715213674348	0.16	0	1	chr14-78362697-78363492	6
0.157300053520039	12.5510718389432	0.16	0	1	chr14-81994638-81995451	6
0.157300053520039	12.0276001906976	0.16	0	1	chr14-89220657-89221625	6
0.157300053520039	11.4874196633538	0.16	0	1	chr14-89654032-89655895	6
0.157300053520039	12.5105941672282	0.16	0	1	chr14-95098920-95099446	6
0.157300053520039	11.7176347669436	0.16	0	1	chr14-100302300-100303517	6
0.157300053520039	12.1119600767451	0.16	0	1	chr14-101822792-101824274	6
0.157300053520039	11.5903390889184	0.16	0	1	chr14-102045961-102047061	6
0.157300053520039	11.734434482971	0.16	0	1	chr14-102481512-102482477	6
0.157300053520039	11.483905022708	0.16	0	1	chr14-102948943-102950664	6
0.157300053520039	11.6918793214921	0.16	0	1	chr14-103735348-103737848	6
0.157300053520039	11.7190627969573	0.16	0	1	chr14-103879181-103881709	6
0.157300053520039	11.4591836777637	0.16	0	1	chr14-105472210-105475432	6
0.157300053520039	11.7179451274131	0.16	0	1	chr15-31337782-31340552	6
0.157300053520039	12.4500564942866	0.16	0	1	chr15-34241339-34242339	6
0.157300053520039	11.4370284875075	0.16	0	1	chr15-43132810-43134681	6
0.157300053520039	12.1243064343834	0.16	0	1	chr15-47616727-47617458	6
0.157300053520039	12.1767171435299	0.16	0	1	chr15-55217277-55218043	6
0.157300053520039	11.8949213466848	0.16	0	1	chr15-57609812-57610724	6
0.157300053520039	12.0550445404602	0.16	0	1	chr15-63833073-63834804	6
0.157300053520039	12.2664428468703	0.16	0	1	chr15-64651428-64652259	6
0.157300053520039	12.3416527959947	0.16	0	1	chr15-64699557-64700544	6
0.157300053520039	11.6596708206922	0.16	0	1	chr15-65295576-65296770	6
0.157300053520039	11.6554063755204	0.16	0	1	chr15-71078508-71080080	6
0.157300053520039	11.8146710891389	0.16	0	1	chr15-71218008-71218955	6
0.157300053520039	11.6401592116848	0.16	0	1	chr15-72358584-72359612	6
0.157300053520039	12.1113401153213	0.16	0	1	chr15-74928540-74929409	6
0.157300053520039	11.7428267286884	0.16	0	1	chr15-77816707-77818215	6
0.157300053520039	11.7321365224367	0.16	0	1	chr15-84569863-84571525	6
0.157300053520039	12.1285858220129	0.16	0	1	chr15-84606474-84607456	6
0.157300053520039	11.959816359738	0.16	0	1	chr15-90097852-90098824	6
0.157300053520039	11.7697486220051	0.16	0	1	chr16-424009-426948	6
0.157300053520039	12.0722471145674	0.16	0	1	chr16-442495-444198	6
0.157300053520039	11.4630219087248	0.16	0	1	chr16-4368640-4369894	6
0.157300053520039	12.0359725585326	0.16	0	1	chr16-4574992-4575867	6
0.157300053520039	11.6640715908311	0.16	0	1	chr16-8685588-8686827	6
0.157300053520039	11.2624482954906	0.16	0	1	chr16-9364451-9366131	6
0.157300053520039	12.4096889030099	0.16	0	1	chr16-11359164-11359842	6
0.157300053520039	11.7416802389125	0.16	0	1	chr16-11400857-11402971	6
0.157300053520039	11.7297644928455	0.16	0	1	chr16-14418465-14419483	6
0.157300053520039	11.8993576908813	0.16	0	1	chr16-14656197-14657204	6
0.157300053520039	11.4029298715649	0.16	0	1	chr16-24728695-24730826	6
0.157300053520039	11.5198349671953	0.16	0	1	chr16-29973218-29975012	6
0.157300053520039	11.5616768691019	0.16	0	1	chr16-30406845-30408593	6
0.157300053520039	11.6211579210196	0.16	0	1	chr16-31128423-31132333	6
0.157300053520039	12.0058632363108	0.16	0	1	chr16-34585721-34588545	6
0.157300053520039	12.0917281026553	0.16	0	1	chr16-53991150-53992293	6
0.157300053520039	11.4192218623978	0.16	0	1	chr16-57446401-57448648	6
0.157300053520039	11.6286609211149	0.16	0	1	chr16-57535477-57537154	6
0.157300053520039	11.2825093241859	0.16	0	1	chr16-64477837-64479311	6
0.157300053520039	11.4962283411145	0.16	0	1	chr16-66933493-66935944	6
0.157300053520039	12.8886848362771	0.16	0	1	chr16-67151668-67152252	6
0.157300053520039	11.8963046826414	0.16	0	1	chr16-67449267-67450402	6
0.157300053520039	11.8108622266744	0.16	0	1	chr16-67683970-67686034	6
0.157300053520039	12.9095592979243	0.16	0	1	chr16-69904888-69905345	6
0.157300053520039	11.6128751249512	0.16	0	1	chr16-73009790-73011057	6
0.157300053520039	12.4052723003537	0.16	0	1	chr16-75317800-75318664	6
0.157300053520039	11.9386960890832	0.16	0	1	chr16-79677712-79678637	6
0.157300053520039	11.4793442440848	0.16	0	1	chr16-83714782-83716111	6
0.157300053520039	11.7693416976097	0.16	0	1	chr16-83807563-83808987	6
0.157300053520039	11.6503331591704	0.16	0	1	chr16-83926390-83927555	6
0.157300053520039	11.8573399376117	0.16	0	1	chr16-85514173-85516506	6
0.157300053520039	11.6616160106539	0.16	0	1	chr16-85621191-85623173	6
0.157300053520039	11.9230533996134	0.16	0	1	chr16-87870223-87872958	6
0.157300053520039	11.9836205959351	0.16	0	1	chr16-88764734-88765822	6
0.157300053520039	11.3142041296089	0.16	0	1	chr16-89410390-89411683	6
0.157300053520039	11.5792849590193	0.16	0	1	chr16-89686316-89688147	6
0.157300053520039	12.0169265468325	0.16	0	1	chr17-409538-410844	6
0.157300053520039	11.9131423178991	0.16	0	1	chr17-1108196-1109956	6
0.157300053520039	11.7916957148958	0.16	0	1	chr17-1186839-1187676	6
0.157300053520039	12.4959254357075	0.16	0	1	chr17-3165600-3166429	6
0.157300053520039	11.4606744825919	0.16	0	1	chr17-5437504-5439732	6
0.157300053520039	12.0731452314679	0.16	0	1	chr17-7455282-7456020	6
0.157300053520039	11.9580385864872	0.16	0	1	chr17-16285620-16287158	6
0.157300053520039	11.1230383108718	0.16	0	1	chr17-18362022-18364056	6
0.157300053520039	12.203944958025	0.16	0	1	chr17-30369411-30370925	6
0.157300053520039	11.7382183837744	0.16	0	1	chr17-31372924-31374404	6
0.157300053520039	12.1425342922862	0.16	0	1	chr17-32625721-32626690	6
0.157300053520039	12.0178640080758	0.16	0	1	chr17-39623243-39623884	6
0.157300053520039	11.5823903235093	0.16	0	1	chr17-40074410-40076520	6
0.157300053520039	11.8565769786602	0.16	0	1	chr17-41734012-41735336	6
0.157300053520039	12.0967255799251	0.16	0	1	chr17-47229505-47230418	6
0.157300053520039	11.8625376529181	0.16	0	1	chr17-49100870-49102056	6
0.157300053520039	11.8888319320959	0.16	0	1	chr17-51485782-51486894	6
0.157300053520039	11.3842917993174	0.16	0	1	chr17-57900947-57901999	6
0.157300053520039	11.6610763995657	0.16	0	1	chr17-59565142-59566453	6
0.157300053520039	12.1802584742928	0.16	0	1	chr17-63474042-63474837	6
0.157300053520039	11.7323241266363	0.16	0	1	chr17-72477124-72478247	6
0.157300053520039	12.2762741712824	0.16	0	1	chr17-72634496-72635718	6
0.157300053520039	12.0616643155426	0.16	0	1	chr17-72727418-72728140	6
0.157300053520039	12.021508857695	0.16	0	1	chr17-75693099-75694328	6
0.157300053520039	12.4084845323029	0.16	0	1	chr17-77429829-77430666	6
0.157300053520039	11.9613398960835	0.16	0	1	chr17-78985933-78988356	6
0.157300053520039	12.1613843929416	0.16	0	1	chr17-79851333-79851944	6
0.157300053520039	11.9134499228843	0.16	0	1	chr17-80219243-80221205	6
0.157300053520039	11.6879267747084	0.16	0	1	chr17-80260025-80263871	6
0.157300053520039	11.4404881439499	0.16	0	1	chr17-81926005-81929130	6
0.157300053520039	11.5968602962741	0.16	0	1	chr17-82238418-82240840	6
0.157300053520039	12.0366151506659	0.16	0	1	chr17-82436246-82437581	6
0.157300053520039	12.3272071980756	0.16	0	1	chr18-4443922-4444983	6
0.157300053520039	11.5162543082953	0.16	0	1	chr18-8162442-8163733	6
0.157300053520039	12.3828742514347	0.16	0	1	chr18-11027765-11029437	6
0.157300053520039	12.0812413255408	0.16	0	1	chr18-13800705-13801500	6
0.157300053520039	12.0988754667971	0.16	0	1	chr18-14946643-14948024	6
0.157300053520039	12.1599875953109	0.16	0	1	chr18-22106383-22107493	6
0.157300053520039	12.3925629868102	0.16	0	1	chr18-22223441-22224353	6
0.157300053520039	11.4871331652208	0.16	0	1	chr18-23629134-23630285	6
0.157300053520039	12.021916281726	0.16	0	1	chr18-23693773-23696365	6
0.157300053520039	11.5102303582432	0.16	0	1	chr18-26919446-26921325	6
0.157300053520039	11.3596489535585	0.16	0	1	chr18-31497540-31499649	6
0.157300053520039	12.4159015610395	0.16	0	1	chr18-32714421-32715000	6
0.157300053520039	11.6819259684203	0.16	0	1	chr18-34492553-34494485	6
0.157300053520039	11.7245886872634	0.16	0	1	chr18-49730692-49732700	6
0.157300053520039	11.4705861153669	0.16	0	1	chr18-50619493-50620836	6
0.157300053520039	11.2851008567755	0.16	0	1	chr18-58148216-58149835	6
0.157300053520039	12.3018214996728	0.16	0	1	chr18-59008109-59008929	6
0.157300053520039	12.0284063320854	0.16	0	1	chr18-59147812-59149255	6
0.157300053520039	12.227887316889	0.16	0	1	chr18-72899267-72899970	6
0.157300053520039	11.8256167157487	0.16	0	1	chr18-72965168-72966110	6
0.157300053520039	11.917219079932	0.16	0	1	chr18-79933676-79935212	6
0.157300053520039	11.3384192721037	0.16	0	1	chr19-1213362-1215880	6
0.157300053520039	11.7779722037736	0.16	0	1	chr19-2543099-2544462	6
0.157300053520039	12.3783083677343	0.16	0	1	chr19-4011957-4012792	6
0.157300053520039	11.831418448	0.16	0	1	chr19-4909250-4910977	6
0.157300053520039	11.7567750603533	0.16	0	1	chr19-9435048-9436225	6
0.157300053520039	11.8003422599473	0.16	0	1	chr19-9871346-9872435	6
0.157300053520039	12.0252621123795	0.16	0	1	chr19-10112132-10116782	6
0.157300053520039	11.8132061676569	0.16	0	1	chr19-10952492-10953485	6
0.157300053520039	12.0273488271974	0.16	0	1	chr19-11729416-11730191	6
0.157300053520039	11.411416572922	0.16	0	1	chr19-12034591-12036364	6
0.157300053520039	11.8275086937521	0.16	0	1	chr19-13833241-13834626	6
0.157300053520039	12.0353190482459	0.16	0	1	chr19-15374500-15375582	6
0.157300053520039	11.5639197004087	0.16	0	1	chr19-15479395-15480472	6
0.157300053520039	11.6737789740398	0.16	0	1	chr19-16324060-16325399	6
0.157300053520039	12.2234556807546	0.16	0	1	chr19-18031165-18032019	6
0.157300053520039	11.3133238371556	0.16	0	1	chr19-18464113-18465635	6
0.157300053520039	11.1702706765028	0.16	0	1	chr19-18588133-18591110	6
0.157300053520039	11.7353883573612	0.16	0	1	chr19-18966364-18968276	6
0.157300053520039	11.8391186441981	0.16	0	1	chr19-23254096-23255220	6
0.157300053520039	11.6095553634318	0.16	0	1	chr19-33292462-33294648	6
0.157300053520039	11.6549249291493	0.16	0	1	chr19-38223740-38224927	6
0.157300053520039	12.0642860929798	0.16	0	1	chr19-38233719-38234427	6
0.157300053520039	11.834248648439	0.16	0	1	chr19-38862209-38863126	6
0.157300053520039	11.8364786505727	0.16	0	1	chr19-40253018-40255119	6
0.157300053520039	11.5124314737375	0.16	0	1	chr19-43668055-43669432	6
0.157300053520039	12.1399713925858	0.16	0	1	chr19-45038747-45039725	6
0.157300053520039	11.7279244559755	0.16	0	1	chr19-45450014-45451621	6
0.157300053520039	11.7659864550948	0.16	0	1	chr19-47188887-47190824	6
0.157300053520039	12.4380268267415	0.16	0	1	chr19-51615866-51616498	6
0.157300053520039	12.0903194053949	0.16	0	1	chr20-401545-402517	6
0.157300053520039	11.9414699277505	0.16	0	1	chr20-11976663-11977469	6
0.157300053520039	12.4264307721507	0.16	0	1	chr20-12962910-12963894	6
0.157300053520039	12.4720080372395	0.16	0	1	chr20-20859974-20860666	6
0.157300053520039	11.7398347391545	0.16	0	1	chr20-20893940-20895268	6
0.157300053520039	11.8722637442065	0.16	0	1	chr20-25237521-25238690	6
0.157300053520039	12.0338899691621	0.16	0	1	chr20-25538740-25540892	6
0.157300053520039	12.1592979418575	0.16	0	1	chr20-31552067-31553821	6
0.157300053520039	12.0253443957977	0.16	0	1	chr20-33446404-33447258	6
0.157300053520039	11.772976003798	0.16	0	1	chr20-33662896-33665059	6
0.157300053520039	11.669819206946	0.16	0	1	chr20-35302046-35304473	6
0.157300053520039	12.3025698294917	0.16	0	1	chr20-45322858-45323493	6
0.157300053520039	12.3226791061699	0.16	0	1	chr20-45336414-45338023	6
0.157300053520039	11.7795777789029	0.16	0	1	chr20-47492842-47494477	6
0.157300053520039	12.2824916916119	0.16	0	1	chr20-47795127-47796132	6
0.157300053520039	12.4316679474376	0.16	0	1	chr20-50126475-50127196	6
0.157300053520039	11.8863420615777	0.16	0	1	chr20-50577009-50577832	6
0.157300053520039	12.4977514172898	0.16	0	1	chr20-51756948-51757923	6
0.157300053520039	11.5988919550451	0.16	0	1	chr20-62364880-62367610	6
0.157300053520039	12.11369799582	0.16	0	1	chr20-63056179-63059346	6
0.157300053520039	11.867538718136	0.16	0	1	chr20-63910892-63913121	6
0.157300053520039	11.456817565302	0.16	0	1	chr21-16371746-16380532	6
0.157300053520039	11.906351573526	0.16	0	1	chr21-31629689-31630736	6
0.157300053520039	12.1106571914197	0.16	0	1	chr21-33069736-33071395	6
0.157300053520039	11.303812378185	0.16	0	1	chr21-36059436-36061226	6
0.157300053520039	11.7673705133629	0.16	0	1	chr21-36835275-36836003	6
0.157300053520039	11.847514940424	0.16	0	1	chr21-36917099-36918068	6
0.157300053520039	11.9451591045648	0.16	0	1	chr21-41419897-41421289	6
0.157300053520039	11.9086118709474	0.16	0	1	chr21-41802203-41803618	6
0.157300053520039	11.4082645305647	0.16	0	1	chr21-42085812-42086869	6
0.157300053520039	11.8709042185658	0.16	0	1	chr21-42513357-42515081	6
0.157300053520039	11.5726100814056	0.16	0	1	chr21-42801431-42802342	6
0.157300053520039	12.5093736603651	0.16	0	1	chr21-45363791-45364741	6
0.157300053520039	11.6978656452272	0.16	0	1	chr21-45747344-45749155	6
0.157300053520039	11.5705703453843	0.16	0	1	chr22-12601455-12603496	6
0.157300053520039	11.9067909955306	0.16	0	1	chr22-17062916-17064329	6
0.157300053520039	12.0845989748978	0.16	0	1	chr22-20093154-20093933	6
0.157300053520039	11.4753685012939	0.16	0	1	chr22-22558585-22560432	6
0.157300053520039	11.814722858688	0.16	0	1	chr22-24402121-24403309	6
0.157300053520039	11.4416881649485	0.16	0	1	chr22-26589185-26590880	6
0.157300053520039	12.1211652370609	0.16	0	1	chr22-28903040-28905855	6
0.157300053520039	12.5623747594395	0.16	0	1	chr22-32796912-32797431	6
0.157300053520039	11.4858182673097	0.16	0	1	chr22-35451931-35453408	6
0.157300053520039	11.9090023314461	0.16	0	1	chr22-36659487-36660909	6
0.157300053520039	11.5127318238413	0.16	0	1	chr22-37500866-37503073	6
0.157300053520039	12.4715060083145	0.16	0	1	chr22-37512190-37513052	6
0.157300053520039	11.6674919817371	0.16	0	1	chr22-37745192-37747223	6
0.157300053520039	11.5061431673567	0.16	0	1	chr22-37887335-37888259	6
0.157300053520039	12.4379585112523	0.16	0	1	chr22-40024659-40025198	6
0.157300053520039	11.9362077392041	0.16	0	1	chr22-40654196-40655338	6
0.157300053520039	11.8900066378036	0.16	0	1	chr22-49930670-49931613	6
0.157300053520039	12.3848174903735	0.16	0	1	chr22-50606075-50606690	6
0.157300053520039	11.5491007894116	0.16	0	1	chrX-3712073-3714299	6
0.157300053520039	11.8900648866901	0.16	0	1	chrX-9341632-9343206	6
0.157300053520039	11.9451512468091	0.16	0	1	chrX-9785573-9787878	6
0.157300053520039	12.0257775868114	0.16	0	1	chrX-10581903-10582851	6
0.157300053520039	11.7986788512322	0.16	0	1	chrX-10617756-10620887	6
0.157300053520039	12.0061226431993	0.16	0	1	chrX-10756101-10757177	6
0.157300053520039	11.822579493887	0.16	0	1	chrX-11457691-11459428	6
0.157300053520039	12.5046186468675	0.16	0	1	chrX-13692973-13694490	6
0.157300053520039	12.5197672889917	0.16	0	1	chrX-13966257-13967157	6
0.157300053520039	12.0702303479975	0.16	0	1	chrX-17374851-17376632	6
0.157300053520039	11.8188635240099	0.16	0	1	chrX-17792321-17793706	6
0.157300053520039	12.0301416848797	0.16	0	1	chrX-22299695-22301209	6
0.157300053520039	11.8318970910571	0.16	0	1	chrX-30957547-30958399	6
0.157300053520039	11.7658472654003	0.16	0	1	chrX-38560868-38563531	6
0.157300053520039	12.2957654491476	0.16	0	1	chrX-49291773-49292353	6
0.157300053520039	11.6961372613714	0.16	0	1	chrX-67523059-67525480	6
0.157300053520039	11.5281318672706	0.16	0	1	chrX-96563212-96564499	6
0.157300053520039	12.303929989577	0.16	0	1	chrX-106301957-106302790	6
0.157300053520039	11.7699667300536	0.16	0	1	chrX-107669209-107670880	6
0.157300053520039	12.2827121959272	0.16	0	1	chrX-107722071-107722943	6
0.157300053520039	12.3453330579289	0.16	0	1	chrX-111388712-111389295	6
0.157300053520039	11.9500073710565	0.16	0	1	chrX-131762445-131764384	6
0.157300053520039	12.0921738367104	0.16	0	1	chrX-139172095-139173219	6
0.157300053520039	11.6871436215966	0.16	0	1	chrX-139194341-139195680	6
0.157300053520039	12.3600535303168	0.16	0	1	chrX-140712447-140713438	6
0.157300053520039	12.1357039448304	0.16	0	1	chrX-144218359-144219641	6
0.157300053520039	12.6510596768929	0.16	0	1	chrX-150571560-150572621	6
0.157300053520039	12.5529583947807	0.16	0	1	chrX-153798943-153799913	6
0.157300053520039	11.8712927034545	0.16	0	1	chrX-153966017-153969114	6
0.157300053520039	12.1565620227756	0.16	0	1	chrY-6931180-6932724	6
0.162518029414005	0.899321192017325	0.6	0.333	1	chr12-55972179-55974930	6
0.164974349731247	1.48141269770202	0.44	0.167	1	chr11-113874831-113876956	6
0.166090890521878	1.76664254148487	0.36	0.167	1	chr11-86301670-86303242	6
0.166090890521878	1.4851317241055	0.36	0.167	1	chr17-81364811-81366642	6
0.166123247754995	1.34087369414215	0.4	0.167	1	chr5-34928870-34931246	6
0.166123247754995	1.3361922288384	0.4	0.167	1	chr5-54309248-54312170	6
0.166123247754995	1.36502953403574	0.4	0.167	1	chr5-163502749-163507189	6
0.166123247754995	1.42972619074764	0.4	0.167	1	chr12-120685998-120689812	6
0.167907080543074	1.53764297708268	0.32	0.083	1	chr6-27836306-27840301	6
0.167998322061339	1.00015077326828	0.56	0.25	1	chr11-133955847-133958505	6
0.169460410346758	1.86764568382938	0.28	0.083	1	chr1-37930952-37932633	6
0.169460410346758	1.88506407497374	0.28	0.083	1	chr1-54272636-54275868	6
0.169460410346758	1.98802737803957	0.28	0.083	1	chr1-108691203-108693827	6
0.169460410346758	1.99395795031376	0.28	0.083	1	chr1-145917558-145920099	6
0.169460410346758	1.95699626915501	0.28	0.083	1	chr1-164611422-164613839	6
0.169460410346758	1.90780912584897	0.28	0.083	1	chr1-168803174-168804619	6
0.169460410346758	1.90675716801837	0.28	0.083	1	chr1-183348856-183350183	6
0.169460410346758	1.89586110454062	0.28	0.083	1	chr1-202957139-202959572	6
0.169460410346758	2.06910634027894	0.28	0.083	1	chr2-95345277-95346872	6
0.169460410346758	1.96247043537091	0.28	0.083	1	chr2-218671094-218672751	6
0.169460410346758	1.9700446789193	0.28	0.083	1	chr4-20882115-20884480	6
0.169460410346758	2.12343589660155	0.28	0.083	1	chr4-169611815-169613779	6
0.169460410346758	1.89290790117008	0.28	0.083	1	chr5-11732880-11734902	6
0.169460410346758	1.87117297962892	0.28	0.083	1	chr5-95821757-95823404	6
0.169460410346758	1.95405515557306	0.28	0.083	1	chr6-44252153-44258236	6
0.169460410346758	1.95641151143935	0.28	0.083	1	chr6-131649545-131653399	6
0.169460410346758	2.00618785780819	0.28	0.083	1	chr8-127329857-127331151	6
0.169460410346758	2.05861513102875	0.28	0.083	1	chr9-4333309-4335221	6
0.169460410346758	2.12929116236642	0.28	0.083	1	chr10-78028511-78030370	6
0.169460410346758	2.03619240178682	0.28	0.083	1	chr10-104309619-104310904	6
0.169460410346758	2.04566140592886	0.28	0.083	1	chr11-16985463-16988306	6
0.169460410346758	1.8765301166079	0.28	0.083	1	chr11-42174727-42176632	6
0.169460410346758	2.08952460768272	0.28	0.083	1	chr11-46936260-46937360	6
0.169460410346758	2.03478583433782	0.28	0.083	1	chr12-31077957-31079274	6
0.169460410346758	1.94566501003367	0.28	0.083	1	chr12-132493164-132496260	6
0.169460410346758	1.9509725736297	0.28	0.083	1	chr13-20901741-20903505	6
0.169460410346758	1.84421497631581	0.28	0.083	1	chr18-33802710-33803525	6
0.169460410346758	1.91085019507384	0.28	0.083	1	chr21-42892297-42894190	6
0.169460410346758	1.79038796303596	0.28	0.083	1	chr22-36327916-36336849	6
0.176842155673904	1.05610336345618	0.48	0.25	1	chr4-129091995-129094303	6
0.176842155673904	1.06364502486535	0.48	0.25	1	chr11-2778165-2779838	6
0.176842155673904	1.09212037445744	0.48	0.25	1	chr11-3125847-3127386	6
0.178379608687501	1.42941914122102	0.4	0.167	1	chr1-235864993-235868151	6
0.178379608687501	1.23845525404209	0.4	0.167	1	chr8-53734066-53736126	6
0.178379608687501	1.35216455560653	0.4	0.167	1	chr12-79687827-79693562	6
0.178379608687501	1.27425463667503	0.4	0.167	1	chr13-60395627-60398750	6
0.178408411938196	1.10800041783156	0.52	0.25	1	chr1-150574506-150580472	6
0.178408411938196	0.984265557527205	0.52	0.25	1	chr11-86933340-86936214	6
0.178711451982989	1.38533298571011	0.36	0.167	1	chr1-94782882-94784524	6
0.178711451982989	1.41620341291224	0.36	0.167	1	chr3-126474339-126477440	6
0.178711451982989	1.50149554211816	0.36	0.167	1	chr3-129224583-129227267	6
0.178711451982989	1.31124339031627	0.36	0.167	1	chr11-75476136-75477819	6
0.178711451982989	1.7246179843971	0.36	0.167	1	chr12-93569298-93572309	6
0.17922312441825	0.86041761342665	0.52	0.417	1	chr11-133925835-133929587	6
0.181592578656212	1.63150588535189	0.32	0.083	1	chr1-9161254-9165945	6
0.181592578656212	1.49143892434639	0.32	0.083	1	chr1-52551508-52554063	6
0.181592578656212	1.53960667507359	0.32	0.083	1	chr1-182588038-182589801	6
0.181592578656212	1.32433646456418	0.32	0.083	1	chr1-235127018-235130492	6
0.181592578656212	1.42375679765785	0.32	0.083	1	chr2-47368751-47370317	6
0.181592578656212	1.45578925275624	0.32	0.083	1	chr2-168246046-168248253	6
0.181592578656212	1.33185600426322	0.32	0.083	1	chr5-35213377-35214827	6
0.181592578656212	1.70832111056313	0.32	0.083	1	chr6-53793236-53796773	6
0.181592578656212	1.38409558270112	0.32	0.083	1	chr9-136839659-136844352	6
0.181592578656212	1.14851971320158	0.32	0.083	1	chr10-75399557-75404225	6
0.181592578656212	1.71146376479679	0.32	0.083	1	chr12-13135191-13137180	6
0.183883446804072	1.88954476409187	0.28	0.083	1	chr1-1079250-1080714	6
0.183883446804072	1.69787066510139	0.28	0.083	1	chr1-2132819-2134065	6
0.183883446804072	2.0084556432028	0.28	0.083	1	chr1-96508190-96511684	6
0.183883446804072	1.81725957248997	0.28	0.083	1	chr1-102836690-102838672	6
0.183883446804072	1.94861493763075	0.28	0.083	1	chr1-103524228-103526745	6
0.183883446804072	1.88070162906395	0.28	0.083	1	chr1-158177234-158178508	6
0.183883446804072	1.88042477914339	0.28	0.083	1	chr1-200038953-200040479	6
0.183883446804072	1.84496668449228	0.28	0.083	1	chr1-212721065-212722356	6
0.183883446804072	1.76549960905357	0.28	0.083	1	chr1-213050636-213052840	6
0.183883446804072	1.95728017750203	0.28	0.083	1	chr1-215539319-215541041	6
0.183883446804072	1.84211245891402	0.28	0.083	1	chr2-53969210-53971711	6
0.183883446804072	1.85672232521935	0.28	0.083	1	chr2-218444182-218445997	6
0.183883446804072	1.85004928529737	0.28	0.083	1	chr3-49015760-49019173	6
0.183883446804072	1.96694627876271	0.28	0.083	1	chr5-42422906-42427397	6
0.183883446804072	1.87510912240966	0.28	0.083	1	chr6-111550983-111553636	6
0.183883446804072	1.81060733923168	0.28	0.083	1	chr6-150876223-150877229	6
0.183883446804072	2.03639168301637	0.28	0.083	1	chr7-1558226-1560325	6
0.183883446804072	1.95182433330465	0.28	0.083	1	chr7-127583668-127586175	6
0.183883446804072	1.8948094055143	0.28	0.083	1	chr7-132471321-132473213	6
0.183883446804072	1.94253802049837	0.28	0.083	1	chr8-127869897-127871783	6
0.183883446804072	1.81538026028089	0.28	0.083	1	chr9-137268345-137270549	6
0.183883446804072	1.81796744167179	0.28	0.083	1	chr10-73885966-73889511	6
0.183883446804072	2.00159826614067	0.28	0.083	1	chr11-69048371-69049583	6
0.183883446804072	1.7805795569548	0.28	0.083	1	chr11-133821463-133822308	6
0.183883446804072	1.90893905513439	0.28	0.083	1	chr12-10720990-10724515	6
0.183883446804072	1.99464505608759	0.28	0.083	1	chr12-49322174-49323676	6
0.183883446804072	1.82810962740993	0.28	0.083	1	chr12-123601247-123603472	6
0.183883446804072	1.90322904849398	0.28	0.083	1	chr12-124719965-124721379	6
0.183883446804072	1.87850162535041	0.28	0.083	1	chr13-48037083-48038599	6
0.183883446804072	1.78609680743954	0.28	0.083	1	chr16-30948099-30950794	6
0.183883446804072	1.87903701259258	0.28	0.083	1	chr19-1097650-1099960	6
0.183883446804072	1.98093805050326	0.28	0.083	1	chr19-32404617-32408203	6
0.183883446804072	1.85689715617962	0.28	0.083	1	chr19-48992084-48994541	6
0.183883446804072	1.97092093463164	0.28	0.083	1	chr21-33541207-33543901	6
0.186958571792066	0.478844879335255	0.64	0.417	1	chr3-98521476-98523512	6
0.188832416610465	0.813735846772076	0.48	0.25	1	chr1-233326665-233328600	6
0.188832416610465	1.12222928372293	0.48	0.25	1	chr4-138909082-138913353	6
0.188832416610465	0.97110588281931	0.48	0.25	1	chr7-44998951-45002308	6
0.188832416610465	1.01705029060919	0.48	0.25	1	chr9-134354492-134363947	6
0.188832416610465	1.0054094149243	0.48	0.25	1	chr11-111326360-111328736	6
0.188832416610465	1.02531301241257	0.48	0.25	1	chr14-20460682-20462411	6
0.190153278999958	0.728334696113318	0.72	0.5	1	chr11-57666472-57669918	6
0.191296466505694	1.30812645848504	0.4	0.167	1	chr1-245257790-245261098	6
0.191296466505694	1.23911726302957	0.4	0.167	1	chr1-246930003-246932833	6
0.192031888186346	1.44102440056836	0.36	0.167	1	chr1-206555236-206560716	6
0.192031888186346	1.39689577001902	0.36	0.167	1	chr11-126061398-126063850	6
0.195862591253438	1.23117936209833	0.4	0.25	1	chr5-138177471-138180831	6
0.196950591528555	0.91614324046828	0.52	0.333	1	chr1-159899139-159901714	6
0.196950591528555	0.927854622338901	0.52	0.333	1	chr1-246607754-246609906	6
0.199179407100943	1.11914573946858	0.44	0.25	1	chr11-9362362-9365025	6
0.199179407100943	1.17174346848821	0.44	0.25	1	chr11-13276742-13278702	6
0.199179407100943	1.13571766655259	0.44	0.25	1	chr11-65556942-65561086	6
0.199196099328352	1.80651554805955	0.28	0.083	1	chr1-108961849-108964139	6
0.199196099328352	1.62659311503091	0.28	0.083	1	chr1-162497337-162498855	6
0.199196099328352	1.75313027314079	0.28	0.083	1	chr2-26010916-26014119	6
0.199196099328352	1.87776433252234	0.28	0.083	1	chr2-158967371-158970929	6
0.199196099328352	1.82074450795299	0.28	0.083	1	chr3-160808259-160810871	6
0.199196099328352	1.7725055321089	0.28	0.083	1	chr4-83484136-83485878	6
0.199196099328352	1.78622776507319	0.28	0.083	1	chr4-183904695-183906529	6
0.199196099328352	1.62835570766535	0.28	0.083	1	chr5-17951124-17952662	6
0.199196099328352	1.69678224251961	0.28	0.083	1	chr5-132736689-132738264	6
0.199196099328352	1.89210590372372	0.28	0.083	1	chr6-37499289-37500476	6
0.199196099328352	1.74243804676714	0.28	0.083	1	chr6-158059856-158061519	6
0.199196099328352	1.81859801613473	0.28	0.083	1	chr8-80120039-80123240	6
0.199196099328352	1.7735331721416	0.28	0.083	1	chr8-109602505-109605380	6
0.199196099328352	1.75771171560268	0.28	0.083	1	chr8-118951282-118952761	6
0.199196099328352	1.68707238750549	0.28	0.083	1	chr9-34124856-34127441	6
0.199196099328352	1.80042783257424	0.28	0.083	1	chr9-93201005-93202795	6
0.199196099328352	1.59652757665916	0.28	0.083	1	chr9-115494341-115496085	6
0.199196099328352	1.84984026854635	0.28	0.083	1	chr9-129108512-129112435	6
0.199196099328352	1.73071693746315	0.28	0.083	1	chr11-64939431-64940413	6
0.199196099328352	1.79732347025027	0.28	0.083	1	chr11-112292705-112294114	6
0.199196099328352	1.72333803087756	0.28	0.083	1	chr13-21012827-21015418	6
0.199196099328352	1.69019858125047	0.28	0.083	1	chrX-2676848-2680425	6
0.201411726572154	0.989176795420954	0.48	0.25	1	chr1-182028811-182030559	6
0.202518728244234	1.09688040398519	0.44	0.167	1	chr12-22624428-22626382	6
0.202697951897471	0.851986845888423	0.52	0.25	1	chr21-37266246-37268842	6
0.202884364193306	0.923055880688854	0.6	0.25	1	chr1-37473252-37487979	6
0.204888720516472	1.24322679352735	0.4	0.167	1	chr1-145956713-145958627	6
0.204888720516472	1.09337252710134	0.4	0.167	1	chr3-160754208-160756612	6
0.204888720516472	1.2341677263513	0.4	0.167	1	chr6-16128421-16131595	6
0.204888720516472	1.22165400378102	0.4	0.167	1	chr10-33271906-33274219	6
0.206068378262297	1.28176980557535	0.36	0.167	1	chr6-31202684-31204627	6
0.206068378262297	1.5167338622293	0.36	0.167	1	chr6-132512388-132513846	6
0.206068378262297	1.25864711523589	0.36	0.167	1	chr10-1055650-1058541	6
0.206068378262297	1.29044777996605	0.36	0.167	1	chr10-44958254-44960447	6
0.206068378262297	1.37769769828277	0.36	0.167	1	chr11-6389645-6391566	6
0.206068378262297	1.37941727518124	0.36	0.167	1	chr12-131894094-131897430	6
0.207127769407666	0.750705118503286	0.76	0.667	1	chr11-65856649-65862331	6
0.209338180141187	1.0840846027328	0.4	0.25	1	chr11-66267023-66269902	6
0.212515338609348	1.02081157863725	0.44	0.25	1	chr10-112360339-112363529	6
0.21459145440276	1.02267437852599	0.48	0.25	1	chr1-202348042-202350081	6
0.215420288840977	1.64615415828323	0.28	0.083	1	chr1-109959537-109961819	6
0.215420288840977	1.62569380842069	0.28	0.083	1	chr1-200090261-200092017	6
0.215420288840977	1.65743140267781	0.28	0.083	1	chr1-200477233-200478652	6
0.215420288840977	1.58962196408691	0.28	0.083	1	chr1-226484894-226485781	6
0.215420288840977	1.46883303056715	0.28	0.083	1	chr2-20349417-20352694	6
0.215420288840977	1.49634800869555	0.28	0.083	1	chr2-85368962-85370297	6
0.215420288840977	1.69478041406252	0.28	0.083	1	chr2-112643943-112647103	6
0.215420288840977	1.62177933733706	0.28	0.083	1	chr2-118084774-118086995	6
0.215420288840977	1.74351080367545	0.28	0.083	1	chr2-126971146-126972632	6
0.215420288840977	1.73839032045356	0.28	0.083	1	chr3-129398258-129400388	6
0.215420288840977	1.67899667722874	0.28	0.083	1	chr4-42047968-42049673	6
0.215420288840977	1.51308744260768	0.28	0.083	1	chr4-158722072-158724080	6
0.215420288840977	1.73650857606913	0.28	0.083	1	chr5-16893879-16895650	6
0.215420288840977	1.63910910061153	0.28	0.083	1	chr5-154272614-154276168	6
0.215420288840977	1.64150197974623	0.28	0.083	1	chr5-154403816-154405911	6
0.215420288840977	1.55924546756241	0.28	0.083	1	chr6-87700422-87703033	6
0.215420288840977	1.69794774094972	0.28	0.083	1	chr7-51605126-51607438	6
0.215420288840977	1.52237321467099	0.28	0.083	1	chr8-81110753-81112682	6
0.215420288840977	1.76894256838362	0.28	0.083	1	chr10-21495363-21497653	6
0.215420288840977	1.64041239712786	0.28	0.083	1	chr10-88879529-88881255	6
0.215420288840977	1.58744827887249	0.28	0.083	1	chr10-91787493-91789241	6
0.215420288840977	1.81545948857961	0.28	0.083	1	chr11-405271-407968	6
0.215420288840977	1.77200199190881	0.28	0.083	1	chr11-111718154-111719205	6
0.215420288840977	1.5156679037984	0.28	0.083	1	chr11-120316349-120317790	6
0.215420288840977	1.51004094410802	0.28	0.083	1	chr17-29566730-29569626	6
0.215420288840977	1.64645341090609	0.28	0.083	1	chr19-32372606-32374745	6
0.215420288840977	1.7212271041522	0.28	0.083	1	chr20-36121876-36123006	6
0.215420288840977	1.71878077298842	0.28	0.083	1	chr21-16279598-16282428	6
0.215420288840977	1.64713124542097	0.28	0.083	1	chrX-48596935-48598667	6
0.215709394613583	0.898976040674264	0.52	0.25	1	chr1-161019638-161022393	6
0.215709394613583	1.01231834065945	0.48	0.333	1	chr1-161164881-161167662	6
0.21713472961992	0.52569637907389	0.64	0.583	1	chr7-5522811-5533502	6
0.217137840232826	2.18791977171105	0.24	0.083	1	chr1-108623745-108624944	6
0.217137840232826	1.95056108080961	0.24	0.083	1	chr1-155974356-155980081	6
0.217137840232826	1.967151550163	0.24	0.083	1	chr1-220271556-220273316	6
0.217137840232826	2.11367841291968	0.24	0.083	1	chr2-212905450-212906562	6
0.217137840232826	2.03490284002734	0.24	0.083	1	chr2-231451488-231454619	6
0.217137840232826	1.88323008158206	0.24	0.083	1	chr3-52409485-52413326	6
0.217137840232826	2.32836342588635	0.24	0.083	1	chr3-99925154-99926328	6
0.217137840232826	2.12325837906052	0.24	0.083	1	chr5-44538339-44540008	6
0.217137840232826	2.0272401257296	0.24	0.083	1	chr5-159510250-159512466	6
0.217137840232826	2.20467277239479	0.24	0.083	1	chr6-33317345-33318882	6
0.217137840232826	2.16880517661427	0.24	0.083	1	chr6-52419670-52421299	6
0.217137840232826	2.26292541597001	0.24	0.083	1	chr6-139587654-139589483	6
0.217137840232826	2.23617336067137	0.24	0.083	1	chr7-65980579-65982882	6
0.217137840232826	1.80130940885102	0.24	0.083	1	chr8-80151546-80153594	6
0.217137840232826	1.95282700330493	0.24	0.083	1	chr8-94958912-94960417	6
0.217137840232826	2.02677022922468	0.24	0.083	1	chr9-68832354-68833650	6
0.217137840232826	1.77915023283751	0.24	0.083	1	chr12-69469863-69471340	6
0.217137840232826	1.76792586158438	0.24	0.083	1	chr12-103858850-103859785	6
0.217137840232826	1.82416891905788	0.24	0.083	1	chr18-23688783-23691048	6
0.217137840232826	2.0257141318966	0.24	0.083	1	chr18-58549358-58550601	6
0.217137840232826	1.89897326280921	0.24	0.083	1	chr20-11890291-11892690	6
0.219169941864464	1.17429817231723	0.4	0.167	1	chr1-205210401-205212180	6
0.219169941864464	1.03639579322434	0.4	0.167	1	chr5-140321394-140324835	6
0.219169941864464	1.07414417751567	0.4	0.167	1	chr7-149837732-149839496	6
0.219169941864464	1.28878413801201	0.4	0.167	1	chr9-130444138-130448414	6
0.219169941864464	1.13677577698251	0.4	0.167	1	chr11-65718952-65721096	6
0.220835603681587	1.22328721379635	0.36	0.167	1	chr2-219277430-219280323	6
0.220835603681587	1.4201016114183	0.36	0.167	1	chr11-33159503-33162053	6
0.221409731160024	1.0936862007839	0.44	0.333	1	chr11-34636894-34643465	6
0.222621274661892	0.948320942703686	0.52	0.333	1	chr11-14519288-14521027	6
0.223472863020861	1.01878552769678	0.4	0.25	1	chr1-91020630-91022977	6
0.225560741946657	0.783517795529748	0.64	0.333	1	chr9-101397568-101399968	6
0.226040085408246	0.459505120115419	0.68	0.583	1	chr5-140397959-140403102	6
0.226484482878441	1.01663579331401	0.44	0.25	1	chr1-229269538-229272867	6
0.226484482878441	0.944138486473988	0.44	0.25	1	chr11-1571011-1575125	6
0.226484482878441	0.909505628218746	0.44	0.25	1	chr11-95337949-95340660	6
0.228381874764476	1.17790979241708	0.48	0.25	1	chr11-44584066-44585837	6
0.228381874764476	1.01924023672637	0.48	0.25	1	chr11-71451753-71455219	6
0.228743162563695	0.823805468254899	0.56	0.333	1	chr1-228164713-228167108	6
0.232575436099704	1.43184833270281	0.28	0.083	1	chr1-3529128-3532021	6
0.232575436099704	1.42848786740264	0.28	0.083	1	chr1-11680267-11682692	6
0.232575436099704	1.32255461680495	0.28	0.083	1	chr1-36223073-36225912	6
0.232575436099704	1.42242463806979	0.28	0.083	1	chr1-93877982-93880353	6
0.232575436099704	1.35324024223487	0.28	0.083	1	chr1-212476861-212478080	6
0.232575436099704	1.45249877915203	0.28	0.083	1	chr2-237486726-237490847	6
0.232575436099704	1.54374434953753	0.28	0.083	1	chr4-68864178-68866456	6
0.232575436099704	1.27981181069622	0.28	0.083	1	chr5-1101927-1104753	6
0.232575436099704	1.43830394695871	0.28	0.083	1	chr5-16735366-16737052	6
0.232575436099704	1.42430646340893	0.28	0.083	1	chr5-149149853-149153022	6
0.232575436099704	1.35424759719726	0.28	0.083	1	chr6-32837774-32839329	6
0.232575436099704	1.28398830304462	0.28	0.083	1	chr6-47459805-47461077	6
0.232575436099704	1.39668809031079	0.28	0.083	1	chr6-122770679-122771798	6
0.232575436099704	1.63332503960901	0.28	0.083	1	chr7-94003447-94005064	6
0.232575436099704	1.69551056770483	0.28	0.083	1	chr10-48287276-48288930	6
0.232575436099704	1.64169602344282	0.28	0.083	1	chr11-68340974-68343336	6
0.232575436099704	1.44667468602671	0.28	0.083	1	chr11-124739365-124741011	6
0.234152241708918	0.936933836626796	0.4	0.167	1	chr7-72878671-72880419	6
0.234152241708918	1.04188740603967	0.4	0.167	1	chr8-66020439-66022907	6
0.234152241708918	1.08152821455257	0.4	0.167	1	chr11-27394853-27396831	6
0.234710838799638	0.571186983254949	0.72	0.583	1	chr22-46068814-46095206	6
0.235343460948815	1.66917678943125	0.24	0.083	1	chr1-24119689-24120967	6
0.235343460948815	1.66583079302432	0.24	0.083	1	chr1-118116179-118119565	6
0.235343460948815	1.86102433924521	0.24	0.083	1	chr1-206895110-206896834	6
0.235343460948815	1.79326514406854	0.24	0.083	1	chr2-3348492-3349986	6
0.235343460948815	1.76088707996025	0.24	0.083	1	chr2-100290641-100292699	6
0.235343460948815	1.74128363129402	0.24	0.083	1	chr2-110677192-110679141	6
0.235343460948815	1.6755215943805	0.24	0.083	1	chr3-10141248-10143185	6
0.235343460948815	1.76897880808807	0.24	0.083	1	chr3-42803148-42805469	6
0.235343460948815	1.78103600314753	0.24	0.083	1	chr3-72446004-72447990	6
0.235343460948815	1.73149485441046	0.24	0.083	1	chr3-128050444-128053491	6
0.235343460948815	1.8438946210464	0.24	0.083	1	chr4-118684921-118687295	6
0.235343460948815	1.71197462605065	0.24	0.083	1	chr5-38636527-38637297	6
0.235343460948815	1.84336244858337	0.24	0.083	1	chr5-179549731-179551722	6
0.235343460948815	1.72867545526239	0.24	0.083	1	chr6-36681982-36683637	6
0.235343460948815	1.75567283429274	0.24	0.083	1	chr7-5780411-5782268	6
0.235343460948815	2.07430508711775	0.24	0.083	1	chr7-105216443-105217538	6
0.235343460948815	1.81714051973504	0.24	0.083	1	chr7-108093969-108096271	6
0.235343460948815	1.70873637799781	0.24	0.083	1	chr7-124032247-124035347	6
0.235343460948815	2.06000930936215	0.24	0.083	1	chr7-149153546-149154564	6
0.235343460948815	1.82034419570811	0.24	0.083	1	chr7-151246830-151250302	6
0.235343460948815	1.78241001376217	0.24	0.083	1	chr8-100335785-100337728	6
0.235343460948815	1.74779248170552	0.24	0.083	1	chr10-69684053-69686951	6
0.235343460948815	1.75469186550873	0.24	0.083	1	chr10-85641494-85643390	6
0.235343460948815	1.65408237762047	0.24	0.083	1	chr10-125895280-125897153	6
0.235343460948815	1.71778691904138	0.24	0.083	1	chr11-702585-703543	6
0.235343460948815	1.92946507630206	0.24	0.083	1	chr11-15967052-15971313	6
0.235343460948815	2.02583410826952	0.24	0.083	1	chr11-65121244-65123171	6
0.235343460948815	1.73524924713115	0.24	0.083	1	chr11-69892714-69895015	6
0.235343460948815	1.80900922781116	0.24	0.083	1	chr11-75350794-75353396	6
0.235343460948815	1.9335621290292	0.24	0.083	1	chr11-118194207-118195788	6
0.235343460948815	2.07963899381558	0.24	0.083	1	chr11-118620699-118623692	6
0.235343460948815	1.81345568292022	0.24	0.083	1	chr11-119360675-119362055	6
0.235343460948815	1.69577412814494	0.24	0.083	1	chr12-19438988-19441176	6
0.235343460948815	2.02169293640151	0.24	0.083	1	chr12-66129694-66131701	6
0.235343460948815	1.67012985562274	0.24	0.083	1	chr12-115324902-115326631	6
0.235343460948815	1.76709364817002	0.24	0.083	1	chr15-69451849-69454367	6
0.235343460948815	1.76918815706548	0.24	0.083	1	chr16-65812934-65814535	6
0.235343460948815	1.68203575711498	0.24	0.083	1	chr16-69395981-69397641	6
0.235343460948815	1.6562776842269	0.24	0.083	1	chr17-73231085-73233667	6
0.235343460948815	1.80211986240433	0.24	0.083	1	chr18-70205048-70206578	6
0.235343460948815	1.86053825536552	0.24	0.083	1	chr19-37077599-37079227	6
0.235343460948815	1.75203626631506	0.24	0.083	1	chr20-32226404-32228536	6
0.236319192135242	0.788761629703467	0.52	0.333	1	chr1-234956838-234964911	6
0.236346596298512	1.21156312266353	0.36	0.167	1	chr1-27143589-27145767	6
0.236346596298512	1.19642362815893	0.36	0.167	1	chr3-128381677-128384161	6
0.236346596298512	1.22111358370831	0.36	0.167	1	chr3-132659037-132661730	6
0.236346596298512	1.28544220999277	0.36	0.167	1	chr6-15244703-15246364	6
0.236346596298512	1.29348469082822	0.36	0.167	1	chr6-53064380-53069206	6
0.236346596298512	1.22549060548963	0.36	0.167	1	chr6-149716085-149718903	6
0.236346596298512	1.28940276342252	0.36	0.167	1	chr7-128738284-128740424	6
0.236346596298512	1.23147320550106	0.36	0.167	1	chr8-86513890-86515994	6
0.236346596298512	1.14905820341896	0.36	0.167	1	chr10-35689910-35691320	6
0.236346596298512	1.25902978140575	0.36	0.167	1	chr11-1302254-1304856	6
0.236346596298512	1.22413016089589	0.36	0.167	1	chr11-111309081-111310675	6
0.236346596298512	1.23110243769849	0.36	0.167	1	chr15-41659895-41662400	6
0.236346596298512	1.49331024904442	0.36	0.167	1	chr18-12059281-12060873	6
0.237087978662902	1.45119497657527	0.32	0.167	1	chr11-75399009-75401237	6
0.237087978662902	1.19949445684509	0.32	0.167	1	chr11-118241052-118242190	6
0.240996943137296	0.737437879090742	0.56	0.417	1	chr1-244652118-244654300	6
0.241096657799238	0.932161114702294	0.44	0.25	1	chr1-74732430-74734510	6
0.241096657799238	1.01237088236309	0.44	0.25	1	chr19-27792687-27795238	6
0.243513859120977	1.00904085528144	0.48	0.333	1	chr11-61698849-61701947	6
0.249846141819892	1.03001642082871	0.4	0.167	1	chr1-5991214-5993798	6
0.249846141819892	1.17358316288998	0.4	0.167	1	chr1-144411840-144413535	6
0.249846141819892	1.01823285626643	0.4	0.167	1	chr6-79536304-79538336	6
0.249846141819892	0.997464495951919	0.4	0.167	1	chr17-50539707-50544137	6
0.249846141819892	0.89321016763036	0.4	0.167	1	chr20-21302357-21304722	6
0.249959938286703	0.680246615073179	0.64	0.417	1	chr1-207750519-207756523	6
0.250678194144859	1.46994229091854	0.28	0.083	1	chr1-43552055-43553647	6
0.250678194144859	1.55025907566718	0.28	0.083	1	chr1-115665146-115667625	6
0.250678194144859	1.03311165021796	0.28	0.083	1	chr1-151346605-151347872	6
0.250678194144859	1.23671659426457	0.28	0.083	1	chr1-156498160-156502079	6
0.250678194144859	0.86672227592518	0.28	0.083	1	chr2-168454650-168458309	6
0.250678194144859	1.50786276743263	0.28	0.083	1	chr2-189439273-189442487	6
0.250678194144859	1.36373531016024	0.28	0.083	1	chr3-184174113-184175972	6
0.250678194144859	1.22073361676898	0.28	0.083	1	chr5-14869560-14872765	6
0.250678194144859	1.23538828637765	0.28	0.083	1	chr6-42889896-42891524	6
0.250678194144859	1.33955088723026	0.28	0.083	1	chr6-43454225-43456241	6
0.250678194144859	1.42619459738129	0.28	0.083	1	chr8-37903319-37904867	6
0.250678194144859	1.58276184988398	0.28	0.083	1	chr12-46224036-46225122	6
0.250678194144859	1.14309241854693	0.28	0.083	1	chr14-75660284-75661945	6
0.250678194144859	1.21562577938267	0.28	0.083	1	chr15-58748380-58750683	6
0.250678194144859	1.20569008490955	0.28	0.083	1	chr16-30774657-30779335	6
0.250678194144859	1.53311896029565	0.28	0.083	1	chr16-67641637-67643047	6
0.252612589379504	1.17560839282216	0.36	0.167	1	chr1-163289710-163290957	6
0.252612589379504	1.14888877472445	0.36	0.167	1	chr1-225777016-225779487	6
0.252612589379504	0.948964846343617	0.36	0.167	1	chr1-226986852-226989716	6
0.252612589379504	1.12096395315634	0.36	0.167	1	chr2-44360792-44363093	6
0.252612589379504	1.18703724618044	0.36	0.167	1	chr8-100719422-100723582	6
0.252612589379504	1.26598462951868	0.36	0.167	1	chr10-104231392-104233096	6
0.252612589379504	1.17997268939239	0.36	0.167	1	chr11-67248133-67249242	6
0.252612589379504	1.2553874347434	0.36	0.167	1	chr21-14382409-14384187	6
0.2539478978481	1.23068292361393	0.32	0.167	1	chr1-183159492-183160691	6
0.2539478978481	1.28668726820658	0.32	0.167	1	chr1-229220898-229222449	6
0.2539478978481	1.18281180671629	0.32	0.167	1	chr2-202494093-202495342	6
0.2539478978481	1.26682371013819	0.32	0.167	1	chr6-53011570-53014451	6
0.2539478978481	1.11540295367521	0.32	0.167	1	chr6-119484007-119485125	6
0.2539478978481	1.29766289453461	0.32	0.167	1	chr21-43928313-43930619	6
0.254603851453074	1.82307203854022	0.24	0.083	1	chr1-12595579-12596917	6
0.254603851453074	1.70525477380459	0.24	0.083	1	chr1-32321289-32322450	6
0.254603851453074	1.66183373455603	0.24	0.083	1	chr1-40530925-40533253	6
0.254603851453074	1.41626493277852	0.24	0.083	1	chr1-47313072-47315148	6
0.254603851453074	1.73378640268764	0.24	0.083	1	chr1-47477433-47478856	6
0.254603851453074	1.64839106770241	0.24	0.083	1	chr1-148951316-148952628	6
0.254603851453074	1.94649344418382	0.24	0.083	1	chr1-177871707-177873956	6
0.254603851453074	1.70541878859805	0.24	0.083	1	chr1-197994390-197996003	6
0.254603851453074	1.93853296694496	0.24	0.083	1	chr1-222659643-222668317	6
0.254603851453074	1.70523751631111	0.24	0.083	1	chr1-226308212-226310124	6
0.254603851453074	1.68000732327702	0.24	0.083	1	chr1-228043067-228044000	6
0.254603851453074	1.73617621384425	0.24	0.083	1	chr2-64644050-64645449	6
0.254603851453074	1.55586909712071	0.24	0.083	1	chr2-85601887-85604152	6
0.254603851453074	1.80814642326649	0.24	0.083	1	chr2-98907934-98910305	6
0.254603851453074	1.67283750482709	0.24	0.083	1	chr2-127083024-127085679	6
0.254603851453074	1.58956287989361	0.24	0.083	1	chr2-169798238-169800109	6
0.254603851453074	1.69216372745305	0.24	0.083	1	chr2-180691661-180696926	6
0.254603851453074	1.85296271677679	0.24	0.083	1	chr3-28787888-28789478	6
0.254603851453074	1.55743106781434	0.24	0.083	1	chr3-58095866-58097406	6
0.254603851453074	1.79979487557496	0.24	0.083	1	chr3-127303860-127305093	6
0.254603851453074	1.61768558090289	0.24	0.083	1	chr3-133077173-133078566	6
0.254603851453074	1.5969733346697	0.24	0.083	1	chr3-174936313-174939288	6
0.254603851453074	1.65004708887742	0.24	0.083	1	chr4-10018543-10020167	6
0.254603851453074	1.66082042666909	0.24	0.083	1	chr4-40908383-40909748	6
0.254603851453074	1.96275293131426	0.24	0.083	1	chr4-184802657-184809094	6
0.254603851453074	1.62855449667673	0.24	0.083	1	chr5-38782769-38783692	6
0.254603851453074	1.80064641181332	0.24	0.083	1	chr5-55533293-55535945	6
0.254603851453074	1.64275994754994	0.24	0.083	1	chr5-112467026-112468068	6
0.254603851453074	1.67531078985668	0.24	0.083	1	chr6-36873609-36875662	6
0.254603851453074	1.68714099368268	0.24	0.083	1	chr6-38795462-38798248	6
0.254603851453074	1.5705972053209	0.24	0.083	1	chr6-43575151-43577405	6
0.254603851453074	1.71409925058492	0.24	0.083	1	chr6-79076212-79080133	6
0.254603851453074	1.93174532972093	0.24	0.083	1	chr6-89078982-89084044	6
0.254603851453074	1.68142895249041	0.24	0.083	1	chr6-109482328-109484204	6
0.254603851453074	1.71053587822502	0.24	0.083	1	chr7-4774561-4776535	6
0.254603851453074	1.63886055085771	0.24	0.083	1	chr7-74252885-74255437	6
0.254603851453074	1.62216717891058	0.24	0.083	1	chr7-87219199-87221552	6
0.254603851453074	1.68742301482478	0.24	0.083	1	chr7-126936617-126938176	6
0.254603851453074	1.56188800323691	0.24	0.083	1	chr8-1744615-1746762	6
0.254603851453074	1.60738306429305	0.24	0.083	1	chr8-48503827-48504871	6
0.254603851453074	1.62091687515052	0.24	0.083	1	chr9-121736715-121739581	6
0.254603851453074	1.6404093203871	0.24	0.083	1	chr9-136865104-136867048	6
0.254603851453074	1.72921705860108	0.24	0.083	1	chr9-137053651-137056248	6
0.254603851453074	1.8594858464225	0.24	0.083	1	chr10-11874259-11876652	6
0.254603851453074	1.64974360613299	0.24	0.083	1	chr10-78741335-78743630	6
0.254603851453074	1.7365651964882	0.24	0.083	1	chr11-5620464-5621863	6
0.254603851453074	1.51304172609087	0.24	0.083	1	chr11-21552570-21553681	6
0.254603851453074	1.72300367170023	0.24	0.083	1	chr11-46362692-46364147	6
0.254603851453074	1.93384574099107	0.24	0.083	1	chr11-68081329-68083402	6
0.254603851453074	1.65245445616491	0.24	0.083	1	chr11-84957985-84959218	6
0.254603851453074	1.682148752752	0.24	0.083	1	chr11-86499329-86500589	6
0.254603851453074	1.54373968617749	0.24	0.083	1	chr11-87173022-87174345	6
0.254603851453074	1.59049011210606	0.24	0.083	1	chr11-124656653-124657902	6
0.254603851453074	1.59271254580981	0.24	0.083	1	chr12-1690369-1691852	6
0.254603851453074	1.65543601098424	0.24	0.083	1	chr12-8037967-8039509	6
0.254603851453074	1.59124608588098	0.24	0.083	1	chr12-12611208-12612879	6
0.254603851453074	1.66755928099446	0.24	0.083	1	chr12-74316507-74317855	6
0.254603851453074	1.66983705036269	0.24	0.083	1	chr13-32314840-32316505	6
0.254603851453074	1.76128738964014	0.24	0.083	1	chr14-73567563-73570445	6
0.254603851453074	1.69041402636171	0.24	0.083	1	chr15-78564906-78566833	6
0.254603851453074	1.66705261778277	0.24	0.083	1	chr15-93027259-93031292	6
0.254603851453074	1.63319377921246	0.24	0.083	1	chr16-9003065-9004145	6
0.254603851453074	1.54120313183832	0.24	0.083	1	chr16-35296642-35297739	6
0.254603851453074	1.97183400299946	0.24	0.083	1	chr16-69328710-69331303	6
0.254603851453074	1.50154876051909	0.24	0.083	1	chr16-81644950-81646082	6
0.254603851453074	1.65108076673737	0.24	0.083	1	chr16-87316684-87318688	6
0.254603851453074	1.6185008594347	0.24	0.083	1	chr17-4789335-4790937	6
0.254603851453074	1.68882035973513	0.24	0.083	1	chr17-72501227-72503382	6
0.254603851453074	1.53284432165728	0.24	0.083	1	chr17-72579570-72581320	6
0.254603851453074	1.67713711001641	0.24	0.083	1	chr18-12701863-12704214	6
0.254603851453074	1.60227528042755	0.24	0.083	1	chr19-23686205-23687555	6
0.254603851453074	1.66667773061768	0.24	0.083	1	chr19-38361168-38362979	6
0.254603851453074	1.69535304753759	0.24	0.083	1	chr19-54172364-54173690	6
0.254603851453074	1.83911182524757	0.24	0.083	1	chr21-42877762-42880295	6
0.254603851453074	1.65881298551129	0.24	0.083	1	chrX-41330611-41335533	6
0.256360312609243	0.935571059784604	0.44	0.25	1	chr1-206520082-206522539	6
0.256360312609243	0.934497764315292	0.44	0.25	1	chr9-72575918-72579740	6
0.257829862360529	0.812261040693383	0.48	0.25	1	chr3-45688147-45691141	6
0.257829862360529	1.11163313888349	0.48	0.25	1	chr11-61488142-61490805	6
0.258322775333245	0.862220317704914	0.48	0.333	1	chr11-86999454-87000855	6
0.264161103453835	0.7132678555855	0.64	0.417	1	chr1-161131420-161134490	6
0.265586170090386	0.706544042753632	0.44	0.333	1	chr1-159944555-159947179	6
0.266260448721639	0.952955943472026	0.4	0.167	1	chr4-76127489-76128465	6
0.266260448721639	0.850761225884804	0.4	0.167	1	chr8-81730902-81733194	6
0.269642872998603	1.01912462358844	0.36	0.167	1	chr2-61853061-61855611	6
0.269642872998603	1.13885373760266	0.36	0.167	1	chr2-226835006-226838410	6
0.269642872998603	1.09630943610765	0.36	0.167	1	chr3-32684268-32686121	6
0.269642872998603	1.07560370934998	0.36	0.167	1	chr3-52470871-52472730	6
0.269642872998603	1.13610068028439	0.36	0.167	1	chr6-116277931-116281048	6
0.269642872998603	1.0878552736333	0.36	0.167	1	chr8-128427563-128430444	6
0.269642872998603	1.07049201647538	0.36	0.167	1	chr11-6611228-6613327	6
0.269642872998603	1.3847108926064	0.36	0.167	1	chr11-70202709-70205308	6
0.269642872998603	1.09572984157488	0.36	0.167	1	chr17-38747429-38753418	6
0.269642872998603	1.00815420236781	0.36	0.167	1	chr19-54430322-54432724	6
0.269642872998603	1.16920028365715	0.36	0.167	1	chr21-29174495-29176152	6
0.271624784623008	1.02257581620872	0.32	0.167	1	chr1-64343046-64344406	6
0.271624784623008	1.290402180828	0.32	0.167	1	chr1-64965433-64967771	6
0.271624784623008	1.34386791146795	0.32	0.167	1	chr1-86395246-86397025	6
0.271624784623008	1.19253663119201	0.32	0.167	1	chr3-188035959-188037640	6
0.271624784623008	1.09372806507161	0.32	0.167	1	chr6-26457227-26458922	6
0.271624784623008	1.15360323284406	0.32	0.167	1	chr6-109336046-109337535	6
0.271624784623008	1.2935570368585	0.32	0.167	1	chr6-116680339-116682046	6
0.271624784623008	1.15280904452639	0.32	0.167	1	chr11-58573434-58574535	6
0.271624784623008	1.23831885804675	0.32	0.167	1	chr12-123231159-123234307	6
0.271624784623008	1.36157952116193	0.32	0.167	1	chr14-91415816-91419241	6
0.271793528499421	0.850038181096214	0.56	0.333	1	chr1-179080865-179083524	6
0.271793528499421	0.788297873915852	0.56	0.333	1	chr2-44167383-44169960	6
0.272282430043019	0.920223995489793	0.44	0.25	1	chr6-109093653-109096461	6
0.272282430043019	0.80963224995119	0.44	0.25	1	chr17-58351583-58353376	6
0.272282430043019	1.0438647466347	0.44	0.25	1	chr18-21598906-21601508	6
0.273501678528195	0.841727903513991	0.48	0.25	1	chr11-60912899-60916037	6
0.2737446624035	0.665899245156788	0.52	0.25	1	chr22-38704614-38707876	6
0.274934269163939	1.53809756481405	0.24	0.083	1	chr1-2081672-2083155	6
0.274934269163939	1.5905010533521	0.24	0.083	1	chr1-3453017-3455362	6
0.274934269163939	1.55351963195314	0.24	0.083	1	chr1-18298160-18300135	6
0.274934269163939	1.59331286689276	0.24	0.083	1	chr1-23979833-23980941	6
0.274934269163939	1.52846293869315	0.24	0.083	1	chr1-26921079-26922894	6
0.274934269163939	1.61504557093113	0.24	0.083	1	chr1-27487855-27491032	6
0.274934269163939	1.60308582011488	0.24	0.083	1	chr1-115098826-115100209	6
0.274934269163939	1.50953560336585	0.24	0.083	1	chr1-155909630-155912384	6
0.274934269163939	1.5342861845394	0.24	0.083	1	chr1-171674359-171675494	6
0.274934269163939	1.45800501043209	0.24	0.083	1	chr1-177588852-177589896	6
0.274934269163939	1.63256813943599	0.24	0.083	1	chr1-225719952-225721358	6
0.274934269163939	1.64938464129	0.24	0.083	1	chr2-43158109-43159594	6
0.274934269163939	1.60963787377364	0.24	0.083	1	chr2-70257239-70259100	6
0.274934269163939	1.50780642516191	0.24	0.083	1	chr2-100066154-100068830	6
0.274934269163939	1.63313145167711	0.24	0.083	1	chr2-202609459-202610822	6
0.274934269163939	1.56116158387533	0.24	0.083	1	chr3-37141254-37142381	6
0.274934269163939	1.45416995600132	0.24	0.083	1	chr3-111923813-111925011	6
0.274934269163939	1.57021219860295	0.24	0.083	1	chr3-128285374-128286884	6
0.274934269163939	1.57458372023994	0.24	0.083	1	chr4-2791383-2795369	6
0.274934269163939	1.5366467321711	0.24	0.083	1	chr4-9690182-9692403	6
0.274934269163939	1.55367453242637	0.24	0.083	1	chr4-99722327-99724676	6
0.274934269163939	1.53686693515385	0.24	0.083	1	chr5-41432213-41434298	6
0.274934269163939	1.51878928308694	0.24	0.083	1	chr5-55600164-55602053	6
0.274934269163939	1.57469604251224	0.24	0.083	1	chr5-71938593-71940024	6
0.274934269163939	1.57293616119439	0.24	0.083	1	chr5-94375839-94377704	6
0.274934269163939	1.57039579724949	0.24	0.083	1	chr5-138352214-138355343	6
0.274934269163939	1.65384075697035	0.24	0.083	1	chr5-168351917-168354764	6
0.274934269163939	1.601575533418	0.24	0.083	1	chr5-177599247-177603517	6
0.274934269163939	1.52309541056631	0.24	0.083	1	chr6-3825177-3826876	6
0.274934269163939	1.59006227082227	0.24	0.083	1	chr6-30259040-30260339	6
0.274934269163939	1.48593462708916	0.24	0.083	1	chr6-143842594-143844329	6
0.274934269163939	1.57274919103772	0.24	0.083	1	chr7-6842251-6843521	6
0.274934269163939	1.66325423811126	0.24	0.083	1	chr7-44322385-44323531	6
0.274934269163939	1.54152352870179	0.24	0.083	1	chr7-51647508-51648674	6
0.274934269163939	1.6284941314282	0.24	0.083	1	chr7-54664063-54665449	6
0.274934269163939	1.62461915597342	0.24	0.083	1	chr7-90345428-90347386	6
0.274934269163939	1.55974882329643	0.24	0.083	1	chr8-47302648-47303550	6
0.274934269163939	1.5667251177515	0.24	0.083	1	chr8-55945446-55946666	6
0.274934269163939	1.62667375217104	0.24	0.083	1	chr8-125218817-125220326	6
0.274934269163939	1.57102563376276	0.24	0.083	1	chr8-134690938-134693625	6
0.274934269163939	1.6724067812184	0.24	0.083	1	chr8-135282152-135283442	6
0.274934269163939	1.76326537686605	0.24	0.083	1	chr9-129080225-129082048	6
0.274934269163939	1.52714031964364	0.24	0.083	1	chr10-50579376-50581038	6
0.274934269163939	1.60257518704115	0.24	0.083	1	chr10-98445805-98447403	6
0.274934269163939	1.58539998887433	0.24	0.083	1	chr10-102431457-102433176	6
0.274934269163939	1.71697234681157	0.24	0.083	1	chr10-102619628-102622993	6
0.274934269163939	1.57864648091478	0.24	0.083	1	chr10-132444722-132449682	6
0.274934269163939	1.63195245941024	0.24	0.083	1	chr11-239988-240840	6
0.274934269163939	1.42342789100908	0.24	0.083	1	chr11-17012680-17015428	6
0.274934269163939	1.64869695838675	0.24	0.083	1	chr11-22673842-22675551	6
0.274934269163939	1.51265454941371	0.24	0.083	1	chr11-47415648-47416798	6
0.274934269163939	1.83135642636984	0.24	0.083	1	chr11-47466530-47468997	6
0.274934269163939	1.61810826861778	0.24	0.083	1	chr11-114001205-114002142	6
0.274934269163939	1.52376664828482	0.24	0.083	1	chr12-25958002-25960310	6
0.274934269163939	1.59562123362513	0.24	0.083	1	chr12-26043014-26044756	6
0.274934269163939	1.48384388014497	0.24	0.083	1	chr12-52207536-52208580	6
0.274934269163939	1.6097507117633	0.24	0.083	1	chr12-53046413-53050340	6
0.274934269163939	1.52905211294504	0.24	0.083	1	chr12-123074735-123076640	6
0.274934269163939	1.58825406484271	0.24	0.083	1	chr13-100098345-100100938	6
0.274934269163939	1.53119031964513	0.24	0.083	1	chr13-112759352-112762568	6
0.274934269163939	1.49250786491276	0.24	0.083	1	chr13-113012935-113015069	6
0.274934269163939	1.56959372548335	0.24	0.083	1	chr14-35331528-35333595	6
0.274934269163939	1.47600728805419	0.24	0.083	1	chr14-88552223-88555656	6
0.274934269163939	1.69109338493164	0.24	0.083	1	chr15-63156127-63158419	6
0.274934269163939	1.51993369808117	0.24	0.083	1	chr17-31580590-31582288	6
0.274934269163939	1.69367012334158	0.24	0.083	1	chr17-40071218-40073150	6
0.274934269163939	1.52257317329493	0.24	0.083	1	chr17-49514983-49516462	6
0.274934269163939	1.61785765241856	0.24	0.083	1	chr17-79991285-79994381	6
0.274934269163939	1.37568833611786	0.24	0.083	1	chr17-81081962-81085937	6
0.274934269163939	1.44984691159922	0.24	0.083	1	chr18-22168210-22171079	6
0.274934269163939	1.65885364545397	0.24	0.083	1	chr18-31198950-31200137	6
0.274934269163939	1.61082747758669	0.24	0.083	1	chr18-34978167-34979857	6
0.274934269163939	1.57602754681272	0.24	0.083	1	chr19-6065719-6067824	6
0.274934269163939	1.7155203387954	0.24	0.083	1	chr19-35213494-35214729	6
0.274934269163939	1.58323884241605	0.24	0.083	1	chr19-35448919-35450239	6
0.274934269163939	1.64054536800409	0.24	0.083	1	chr19-58450711-58452393	6
0.274934269163939	1.6327366806132	0.24	0.083	1	chr20-6711960-6712826	6
0.274934269163939	1.5978985964377	0.24	0.083	1	chr20-10034580-10036159	6
0.274934269163939	1.54921417245939	0.24	0.083	1	chr20-18495881-18497593	6
0.274934269163939	1.70107345531281	0.24	0.083	1	chr21-29072797-29074476	6
0.274934269163939	1.47878581001945	0.24	0.083	1	chr22-37952876-37954485	6
0.280950722591452	0.701862360433631	0.52	0.333	1	chr5-140563525-140566070	6
0.280950722591452	0.741358998589221	0.52	0.333	1	chr8-116765707-116767717	6
0.282229459633716	0.838722143916113	0.6	0.417	1	chr11-64240280-64242987	6
0.283402132533369	0.772206133765041	0.4	0.167	1	chr11-124622131-124626165	6
0.283402132533369	1.05498440130102	0.36	0.25	1	chr8-73975423-73977059	6
0.285790574704247	0.556324638916953	0.64	0.583	1	chr11-95229085-95232044	6
0.286795774826752	0.972351545037964	0.4	0.25	1	chr1-16903245-16906208	6
0.286795774826752	0.796967395537122	0.4	0.25	1	chr4-37825331-37829119	6
0.286795774826752	0.83994693434375	0.4	0.25	1	chr8-89901515-89903532	6
0.286795774826752	0.953619329553011	0.4	0.25	1	chr11-65491395-65495006	6
0.286795774826752	0.933934750222572	0.4	0.25	1	chr11-68838136-68842216	6
0.28730397028569	0.712608804294435	0.52	0.417	1	chr4-1164165-1182024	6
0.287444655207622	1.06847373924082	0.36	0.167	1	chr1-10032215-10035249	6
0.287444655207622	1.03154049575455	0.36	0.167	1	chr1-14497468-14500526	6
0.287444655207622	1.29528477810514	0.36	0.167	1	chr1-234973347-234976032	6
0.287444655207622	0.946954846355211	0.36	0.167	1	chr2-27369003-27371959	6
0.287444655207622	1.20564687142326	0.36	0.167	1	chr2-131104005-131107035	6
0.287444655207622	1.15508428619281	0.36	0.167	1	chr2-159137131-159141165	6
0.287444655207622	0.923635247931871	0.36	0.167	1	chr4-929818-933289	6
0.287444655207622	1.02063584522474	0.36	0.167	1	chr6-139027708-139029935	6
0.287444655207622	0.920662853355142	0.36	0.167	1	chr11-66592509-66593947	6
0.287444655207622	1.13169605244823	0.36	0.167	1	chr11-130180047-130182424	6
0.287444655207622	0.907746836185118	0.36	0.167	1	chr12-6228323-6233783	6
0.287444655207622	1.0675732051627	0.36	0.167	1	chr12-47752844-47756085	6
0.287444655207622	1.21379578455384	0.36	0.167	1	chr16-70379834-70382404	6
0.288868432416206	0.935676398150168	0.44	0.25	1	chr1-226061002-226065398	6
0.288868432416206	0.866977585328613	0.44	0.25	1	chr7-55364395-55367342	6
0.289812511810903	0.866809177679833	0.48	0.25	1	chr3-105366290-105370239	6
0.289812511810903	0.800598872860445	0.48	0.25	1	chr12-49108611-49111484	6
0.290126363365497	1.19335703925137	0.32	0.167	1	chr1-62783327-62785137	6
0.290126363365497	1.19428072221018	0.32	0.167	1	chr2-60880593-60882608	6
0.290126363365497	1.08863258360255	0.32	0.167	1	chr2-96259593-96261331	6
0.290126363365497	1.10457280991457	0.32	0.167	1	chr2-196925587-196927581	6
0.290126363365497	1.12977873431814	0.32	0.167	1	chr6-151044211-151046089	6
0.290126363365497	1.05690133452985	0.32	0.167	1	chr8-100558517-100560317	6
0.290126363365497	1.1341497034569	0.32	0.167	1	chr8-116638948-116641814	6
0.290126363365497	1.19886309164405	0.32	0.167	1	chr8-144476495-144480211	6
0.290126363365497	1.01911965891038	0.32	0.167	1	chr9-89999032-90000731	6
0.290126363365497	1.16773141414157	0.32	0.167	1	chr11-74442552-74443748	6
0.290126363365497	1.11946814731767	0.32	0.167	1	chr12-11170735-11172591	6
0.290126363365497	1.34853259491941	0.32	0.167	1	chr15-56886519-56888172	6
0.29634586965378	1.53350487118475	0.24	0.083	1	chr1-26786056-26789655	6
0.29634586965378	1.50835960813284	0.24	0.083	1	chr1-76121453-76122900	6
0.29634586965378	1.59881637964531	0.24	0.083	1	chr1-114345981-114347164	6
0.29634586965378	1.40814634400837	0.24	0.083	1	chr1-230867415-230869486	6
0.29634586965378	1.41321762017534	0.24	0.083	1	chr1-244347301-244349147	6
0.29634586965378	1.56485828330363	0.24	0.083	1	chr2-86199128-86200054	6
0.29634586965378	1.48885002941802	0.24	0.083	1	chr2-135047022-135048127	6
0.29634586965378	1.66012723589613	0.24	0.083	1	chr2-231513852-231515351	6
0.29634586965378	1.44139537829424	0.24	0.083	1	chr2-241686211-241688434	6
0.29634586965378	1.3783540636537	0.24	0.083	1	chr3-52770084-52771721	6
0.29634586965378	1.79115121126669	0.24	0.083	1	chr3-93470161-93470993	6
0.29634586965378	1.4707099742657	0.24	0.083	1	chr4-15149378-15150928	6
0.29634586965378	1.47004265146587	0.24	0.083	1	chr4-40524384-40526639	6
0.29634586965378	1.51016340148035	0.24	0.083	1	chr4-41611003-41613186	6
0.29634586965378	1.43194338997195	0.24	0.083	1	chr4-56621277-56623254	6
0.29634586965378	1.4187752263754	0.24	0.083	1	chr4-105707789-105709645	6
0.29634586965378	1.36008337967944	0.24	0.083	1	chr5-160922975-160924773	6
0.29634586965378	1.33555632655309	0.24	0.083	1	chr6-82876927-82878195	6
0.29634586965378	1.51606898650204	0.24	0.083	1	chr6-142444337-142446082	6
0.29634586965378	1.56360347184642	0.24	0.083	1	chr7-27174930-27175930	6
0.29634586965378	1.47467284204033	0.24	0.083	1	chr7-87344320-87346554	6
0.29634586965378	1.60212668586993	0.24	0.083	1	chr7-135661645-135663503	6
0.29634586965378	1.49724642936659	0.24	0.083	1	chr7-148191032-148191966	6
0.29634586965378	1.52064674126739	0.24	0.083	1	chr8-135614698-135615751	6
0.29634586965378	1.56393572808174	0.24	0.083	1	chr9-100425809-100428234	6
0.29634586965378	1.47004775801405	0.24	0.083	1	chr9-128126873-128128967	6
0.29634586965378	1.56523663370562	0.24	0.083	1	chr10-11610298-11612627	6
0.29634586965378	1.65193687498245	0.24	0.083	1	chr10-80195928-80197453	6
0.29634586965378	1.49910288453531	0.24	0.083	1	chr11-78098702-78101557	6
0.29634586965378	1.62624590162928	0.24	0.083	1	chr11-108524167-108525377	6
0.29634586965378	1.51552299432412	0.24	0.083	1	chr12-12999452-13001685	6
0.29634586965378	1.54755536849983	0.24	0.083	1	chr12-15243679-15244853	6
0.29634586965378	1.3115533418423	0.24	0.083	1	chr12-50024761-50026105	6
0.29634586965378	1.43330291457009	0.24	0.083	1	chr12-122840642-122843037	6
0.29634586965378	1.46343011130551	0.24	0.083	1	chr13-27170493-27172883	6
0.29634586965378	1.26902262911035	0.24	0.083	1	chr13-80339744-80342001	6
0.29634586965378	1.48153180498253	0.24	0.083	1	chr14-74762567-74764609	6
0.29634586965378	1.29116315597911	0.24	0.083	1	chr14-103512510-103513774	6
0.29634586965378	1.32470076134218	0.24	0.083	1	chr16-52724885-52726381	6
0.29634586965378	1.50538026624433	0.24	0.083	1	chr16-89300202-89302542	6
0.29634586965378	1.48039182778445	0.24	0.083	1	chr17-32875937-32878578	6
0.29634586965378	1.50275859695456	0.24	0.083	1	chr17-57084305-57087044	6
0.29634586965378	1.57316942078248	0.24	0.083	1	chr17-58218412-58220339	6
0.29634586965378	1.58934785655794	0.24	0.083	1	chr17-72683427-72684989	6
0.29634586965378	1.52242735837216	0.24	0.083	1	chr21-31657959-31661092	6
0.29634586965378	1.54146394051608	0.24	0.083	1	chr22-45816752-45818898	6
0.29634586965378	1.50497154346533	0.24	0.083	1	chrX-24693193-24694496	6
0.29634586965378	1.63091745405832	0.24	0.083	1	chrX-70289254-70291053	6
0.301276211668251	0.802282589620705	0.4	0.167	1	chr3-49939513-49941393	6
0.301276211668251	0.75966433123678	0.4	0.167	1	chr12-71662612-71665678	6
0.303318879112963	0.569472005557137	0.8	0.667	1	chr1-202007172-202019760	6
0.304356851648953	0.923840132221212	0.4	0.25	1	chr3-100399629-100402885	6
0.304356851648953	0.924986683872959	0.4	0.25	1	chr20-45933229-45936084	6
0.306022930400199	1.11224203469196	0.36	0.167	1	chr3-39051377-39052986	6
0.306022930400199	1.03019847009226	0.36	0.167	1	chr3-194312092-194314303	6
0.306022930400199	0.995948288594286	0.36	0.167	1	chr10-122112016-122114528	6
0.306022930400199	0.97302991381543	0.36	0.167	1	chr14-50230297-50233917	6
0.306022930400199	1.06449090651855	0.36	0.167	1	chr16-1767736-1774708	6
0.306022930400199	0.892015473004179	0.36	0.167	1	chr17-66661079-66663767	6
0.306122092478973	0.880426154747382	0.44	0.25	1	chr1-226944283-226947333	6
0.306122092478973	0.851947873342957	0.44	0.25	1	chr1-227563056-227564620	6
0.306122092478973	0.780277233669587	0.44	0.25	1	chr5-43064197-43067968	6
0.306122092478973	0.9464974517834	0.44	0.25	1	chr5-81749743-81752095	6
0.306122092478973	0.806907490678437	0.44	0.25	1	chr6-82246292-82248838	6
0.306444743494311	0.676930346324972	0.48	0.333	1	chr6-166625198-166628967	6
0.306765818089388	0.828696229944659	0.48	0.25	1	chr14-60247406-60250807	6
0.30945781705058	1.12917437400554	0.32	0.167	1	chr3-52236418-52241312	6
0.30945781705058	1.08404618383607	0.32	0.167	1	chr3-149968911-149972327	6
0.30945781705058	1.04623228611698	0.32	0.167	1	chr5-62411902-62413900	6
0.30945781705058	1.0835776045102	0.32	0.167	1	chr5-139064171-139066029	6
0.30945781705058	1.15768292163702	0.32	0.167	1	chr5-139373216-139374919	6
0.30945781705058	1.01205993036733	0.32	0.167	1	chr6-28921920-28924845	6
0.30945781705058	1.21854374327365	0.32	0.167	1	chr8-54019358-54023180	6
0.30945781705058	1.08015950543878	0.32	0.167	1	chr9-136943287-136945269	6
0.30945781705058	1.31973265350361	0.32	0.167	1	chr10-19815232-19817949	6
0.30945781705058	1.19373991677918	0.32	0.167	1	chr11-59171332-59172732	6
0.30945781705058	1.20249404746295	0.32	0.167	1	chr11-62804117-62806184	6
0.30945781705058	1.36044181860095	0.32	0.167	1	chr11-66743092-66745793	6
0.30945781705058	1.05496587166424	0.32	0.167	1	chr11-95074517-95077198	6
0.30945781705058	1.19865315428556	0.32	0.167	1	chr11-102279491-102280888	6
0.30945781705058	1.02712011297378	0.32	0.167	1	chr12-63843331-63845414	6
0.30945781705058	1.02843292900354	0.32	0.167	1	chr12-96398832-96401828	6
0.30945781705058	1.02958321931017	0.32	0.167	1	chr14-52694592-52696298	6
0.30945781705058	1.08453170628441	0.32	0.167	1	chr17-7684630-7689067	6
0.30945781705058	1.13451200785872	0.32	0.167	1	chrX-47361495-47362659	6
0.30945781705058	1.05632411934332	0.32	0.167	1	chrX-96684089-96686667	6
0.311216012710893	1.76588921714088	0.28	0.167	1	chr4-158209733-158211725	6
0.311216012710893	1.13544676894282	0.28	0.167	1	chr7-128342195-128344436	6
0.311216012710893	1.25253444530892	0.28	0.167	1	chr11-11841024-11843716	6
0.313701592554459	0.691141986328216	0.52	0.333	1	chr11-28107151-28108914	6
0.318191264035976	0.594213440331762	0.6	0.5	1	chr3-121748499-121750929	6
0.31884540644789	1.33484765977603	0.24	0.083	1	chr1-14737315-14739052	6
0.31884540644789	1.20416678445247	0.24	0.083	1	chr1-41514189-41516742	6
0.31884540644789	1.17439556829106	0.24	0.083	1	chr1-45550131-45552735	6
0.31884540644789	1.07806022607159	0.24	0.083	1	chr3-45417204-45419152	6
0.31884540644789	1.4342775143315	0.24	0.083	1	chr3-139915968-139917323	6
0.31884540644789	1.47317376920978	0.24	0.083	1	chr4-15653478-15656126	6
0.31884540644789	1.40798117612166	0.24	0.083	1	chr4-24596699-24598795	6
0.31884540644789	1.14096746279309	0.24	0.083	1	chr4-75939623-75941511	6
0.31884540644789	1.4992601824188	0.24	0.083	1	chr4-147927541-147929385	6
0.31884540644789	1.49823664666894	0.24	0.083	1	chr5-56057866-56059211	6
0.31884540644789	1.10343716955282	0.24	0.083	1	chr6-11536918-11538597	6
0.31884540644789	1.26007002811429	0.24	0.083	1	chr6-35331951-35332922	6
0.31884540644789	1.0255649128954	0.24	0.083	1	chr6-53111594-53114182	6
0.31884540644789	1.25631886328927	0.24	0.083	1	chr6-166655088-166656109	6
0.31884540644789	1.10107725007755	0.24	0.083	1	chr7-6952962-6954458	6
0.31884540644789	1.43518418053588	0.24	0.083	1	chr7-86792483-86793557	6
0.31884540644789	1.49376527475862	0.24	0.083	1	chr8-58657606-58660903	6
0.31884540644789	1.14577669249779	0.24	0.083	1	chr8-116324454-116325543	6
0.31884540644789	1.16658774137133	0.24	0.083	1	chr9-136362509-136364375	6
0.31884540644789	1.40738025210267	0.24	0.083	1	chr10-71850084-71851836	6
0.31884540644789	1.27633499730105	0.24	0.083	1	chr10-91689685-91691121	6
0.31884540644789	1.1317643769054	0.24	0.083	1	chr10-95183117-95184342	6
0.31884540644789	1.32111500156362	0.24	0.083	1	chr11-5280498-5281210	6
0.31884540644789	1.33972592106319	0.24	0.083	1	chr11-79294711-79295759	6
0.31884540644789	1.45769091911224	0.24	0.083	1	chr11-119906807-119907959	6
0.31884540644789	1.25002267514238	0.24	0.083	1	chr12-124926824-124928411	6
0.31884540644789	1.35787938808614	0.24	0.083	1	chr13-102772699-102774480	6
0.31884540644789	1.27326989719067	0.24	0.083	1	chr14-35533013-35535656	6
0.31884540644789	1.04355289128241	0.24	0.083	1	chr15-48962615-48964457	6
0.31884540644789	1.3329949588978	0.24	0.083	1	chr15-52566944-52569630	6
0.31884540644789	1.43592063481889	0.24	0.083	1	chr16-2085189-2090713	6
0.31884540644789	1.37676206795334	0.24	0.083	1	chr16-48126451-48128001	6
0.31884540644789	1.32574451041231	0.24	0.083	1	chr18-46468106-46470282	6
0.31884540644789	1.15150409191666	0.24	0.083	1	chr19-55257429-55260179	6
0.31884540644789	1.05846544066992	0.24	0.083	1	chr20-32741911-32745620	6
0.31884540644789	1.45436074835054	0.24	0.083	1	chr21-36698036-36702019	6
0.319885644550245	0.923045051857865	0.36	0.25	1	chr10-122373166-122375930	6
0.32261761195857	0.879021939976498	0.4	0.25	1	chr1-109424748-109427885	6
0.32261761195857	0.729087361581383	0.4	0.25	1	chr9-23824750-23826979	6
0.32261761195857	0.764117764067228	0.4	0.25	1	chr18-35342440-35346386	6
0.323727983176837	0.699662920281207	0.52	0.25	1	chr8-109538898-109541575	6
0.324045449870509	0.765151776850662	0.44	0.25	1	chr1-113810848-113813163	6
0.324328863681	1.62058254253524	0.2	0.083	1	chr1-3547031-3548069	6
0.324328863681	1.72088453002253	0.2	0.083	1	chr1-8889402-8890915	6
0.324328863681	1.57413034645454	0.2	0.083	1	chr1-16622757-16625343	6
0.324328863681	1.78606492844826	0.2	0.083	1	chr1-107680397-107684757	6
0.324328863681	1.64484209738918	0.2	0.083	1	chr1-162282714-162286031	6
0.324328863681	1.85640193612795	0.2	0.083	1	chr1-172398092-172399991	6
0.324328863681	1.48104613174758	0.2	0.083	1	chr1-181482240-181483506	6
0.324328863681	1.86253228727106	0.2	0.083	1	chr1-205274743-205275866	6
0.324328863681	1.82890504583404	0.2	0.083	1	chr1-228500655-228501771	6
0.324328863681	1.67611488659672	0.2	0.083	1	chr1-239892630-239893831	6
0.324328863681	1.85779337706889	0.2	0.083	1	chr2-70084800-70090084	6
0.324328863681	1.55703990385164	0.2	0.083	1	chr2-233480045-233482844	6
0.324328863681	1.87851433975978	0.2	0.083	1	chr3-42070465-42072797	6
0.324328863681	1.7696410532588	0.2	0.083	1	chr3-125024455-125025482	6
0.324328863681	1.81392997298559	0.2	0.083	1	chr3-146160079-146162100	6
0.324328863681	1.77019107897357	0.2	0.083	1	chr3-149376642-149379284	6
0.324328863681	1.54670943071433	0.2	0.083	1	chr4-24564277-24565996	6
0.324328863681	1.57536107568091	0.2	0.083	1	chr4-99893488-99895154	6
0.324328863681	1.85474660246726	0.2	0.083	1	chr5-59275156-59277388	6
0.324328863681	1.59572818847866	0.2	0.083	1	chr6-2998172-3000923	6
0.324328863681	1.54388932843385	0.2	0.083	1	chr6-41577633-41579450	6
0.324328863681	1.77707061274942	0.2	0.083	1	chr6-57088782-57090606	6
0.324328863681	1.76258104218459	0.2	0.083	1	chr6-87322149-87323325	6
0.324328863681	1.7297842528914	0.2	0.083	1	chr6-107956553-107958949	6
0.324328863681	1.60095283412757	0.2	0.083	1	chr6-117829433-117830363	6
0.324328863681	1.5678236750698	0.2	0.083	1	chr8-127793838-127797109	6
0.324328863681	1.47989646720047	0.2	0.083	1	chr9-87973720-87975294	6
0.324328863681	1.61408168151631	0.2	0.083	1	chr9-105064029-105065870	6
0.324328863681	1.74352647814975	0.2	0.083	1	chr9-121497891-121500287	6
0.324328863681	1.75665837323884	0.2	0.083	1	chr10-62373645-62375535	6
0.324328863681	1.70236808630097	0.2	0.083	1	chr10-79423973-79425424	6
0.324328863681	1.63614902644456	0.2	0.083	1	chr10-114499304-114500494	6
0.324328863681	1.71501781872122	0.2	0.083	1	chr10-124863500-124865318	6
0.324328863681	1.98240069361145	0.2	0.083	1	chr11-3123263-3125068	6
0.324328863681	1.8989314331978	0.2	0.083	1	chr11-6992024-6993454	6
0.324328863681	1.54518498796405	0.2	0.083	1	chr11-46919776-46921272	6
0.324328863681	1.56660517231773	0.2	0.083	1	chr11-48085683-48087453	6
0.324328863681	2.02095435049057	0.2	0.083	1	chr11-60880551-60881520	6
0.324328863681	1.65522168774748	0.2	0.083	1	chr11-61874036-61874945	6
0.324328863681	1.66274321012145	0.2	0.083	1	chr11-63871741-63873306	6
0.324328863681	2.03310914065664	0.2	0.083	1	chr11-76140171-76141594	6
0.324328863681	1.77619515676085	0.2	0.083	1	chr11-85830750-85832324	6
0.324328863681	1.77812837704371	0.2	0.083	1	chr11-125300518-125301573	6
0.324328863681	1.46164786516569	0.2	0.083	1	chr12-51954019-51956425	6
0.324328863681	1.66397726178496	0.2	0.083	1	chr12-124678977-124680444	6
0.324328863681	1.62761161160221	0.2	0.083	1	chr14-44452185-44454111	6
0.324328863681	1.76459802968716	0.2	0.083	1	chr14-69079028-69080103	6
0.324328863681	1.82911385928374	0.2	0.083	1	chr15-86876506-86878374	6
0.324328863681	1.78024640280835	0.2	0.083	1	chr16-48243784-48246440	6
0.324328863681	1.871470387212	0.2	0.083	1	chr16-84976467-84978115	6
0.324328863681	1.64456854625651	0.2	0.083	1	chr18-26744967-26747791	6
0.324328863681	1.85166954195751	0.2	0.083	1	chr19-15302788-15304918	6
0.324328863681	1.78239798399344	0.2	0.083	1	chr19-52526835-52528576	6
0.324328863681	1.531267498683	0.2	0.083	1	chr20-47029617-47031611	6
0.324328863681	1.55685767725364	0.2	0.083	1	chr22-35314910-35317073	6
0.325380356284518	1.0746592732219	0.36	0.167	1	chr2-30145899-30148315	6
0.325380356284518	0.780710845222879	0.36	0.167	1	chr3-80769198-80771951	6
0.325380356284518	0.933065710142756	0.36	0.167	1	chr5-93579929-93586241	6
0.325380356284518	0.918878723924056	0.36	0.167	1	chr5-179912131-179914776	6
0.325380356284518	0.892174371100638	0.36	0.167	1	chr17-7258610-7265218	6
0.329621643688675	1.10360892751257	0.32	0.167	1	chr1-45566439-45570532	6
0.329621643688675	1.03855564750253	0.32	0.167	1	chr5-78359670-78362615	6
0.329621643688675	0.999864644458668	0.32	0.167	1	chr6-170583713-170585839	6
0.329621643688675	1.25097138139614	0.32	0.167	1	chr10-35126185-35128252	6
0.329621643688675	1.06211433896883	0.32	0.167	1	chr11-776500-778355	6
0.329621643688675	1.13405703427498	0.32	0.167	1	chr11-8910797-8912072	6
0.329621643688675	1.21281573507574	0.32	0.167	1	chr12-122499606-122501691	6
0.330596709488244	0.596424052487483	0.6	0.417	1	chr1-235326558-235330652	6
0.330983396810263	0.784839442731871	0.52	0.333	1	chr11-61827052-61831026	6
0.330983396810263	0.654513430733173	0.52	0.333	1	chr11-64283987-64287139	6
0.332255255217459	0.994330542904055	0.28	0.167	1	chr3-69078516-69080718	6
0.332255255217459	1.21545379452234	0.28	0.167	1	chr4-127632146-127633581	6
0.332255255217459	1.07496335204041	0.28	0.167	1	chr9-20197922-20199206	6
0.332255255217459	1.12348734034414	0.28	0.167	1	chr11-8720397-8722460	6
0.3334039991139	0.598749842159542	0.44	0.333	1	chr4-177440809-177443408	6
0.3334039991139	0.807625695678396	0.44	0.333	1	chr8-127948627-127953447	6
0.3334039991139	0.932264704260198	0.44	0.333	1	chr11-6472738-6477016	6
0.334250851244108	0.57535055089182	0.56	0.417	1	chr9-33023677-33026651	6
0.339231229494278	0.886180328347896	0.36	0.25	1	chr11-77035190-77037272	6
0.341578476489968	0.825377474425552	0.4	0.25	1	chr9-34072115-34074753	6
0.341634151644702	0.629959103079372	0.48	0.333	1	chr1-174020283-174024338	6
0.341634151644702	0.735829879253536	0.48	0.333	1	chr6-63570154-63574856	6
0.341634151644702	0.870036030416628	0.48	0.333	1	chr12-124912857-124919609	6
0.341634151644702	0.730261956542361	0.48	0.333	1	chr14-92719378-92720762	6
0.341779815840589	0.546347320686331	0.68	0.5	1	chr5-98767879-98777758	6
0.342434955514911	0.925870393528494	0.24	0.083	1	chr1-13748517-13750200	6
0.342434955514911	1.16545208642681	0.24	0.083	1	chr1-40280911-40282975	6
0.342434955514911	1.08665624898851	0.24	0.083	1	chr1-165597655-165599049	6
0.342434955514911	0.97643157516486	0.24	0.083	1	chr1-179090422-179093145	6
0.342434955514911	1.01355199715681	0.24	0.083	1	chr1-211829884-211831310	6
0.342434955514911	0.869050780141816	0.24	0.083	1	chr1-212228123-212230940	6
0.342434955514911	1.27927152764138	0.24	0.083	1	chr1-223363400-223365053	6
0.342434955514911	1.19672211467703	0.24	0.083	1	chr2-62195580-62197046	6
0.342434955514911	0.92798472191278	0.24	0.083	1	chr3-14946675-14949216	6
0.342434955514911	1.12326729802836	0.24	0.083	1	chr3-56556425-56558225	6
0.342434955514911	1.11213451937477	0.24	0.083	1	chr3-127541339-127543277	6
0.342434955514911	1.05619922078536	0.24	0.083	1	chr4-17510586-17513147	6
0.342434955514911	1.1475689548174	0.24	0.083	1	chr4-151540572-151542778	6
0.342434955514911	1.06024144340735	0.24	0.083	1	chr4-152352227-152353798	6
0.342434955514911	1.00392600503262	0.24	0.083	1	chr5-135323096-135325975	6
0.342434955514911	0.833713076334944	0.24	0.083	1	chr5-179677523-179680364	6
0.342434955514911	1.16260518091134	0.24	0.083	1	chr6-27806837-27809039	6
0.342434955514911	1.32992759481351	0.24	0.083	1	chr6-134019793-134021569	6
0.342434955514911	1.16555959217117	0.24	0.083	1	chr8-119415390-119417258	6
0.342434955514911	0.913458226535449	0.24	0.083	1	chr8-144136325-144138902	6
0.342434955514911	1.39021130804192	0.24	0.083	1	chr9-10612328-10613516	6
0.342434955514911	1.08758838931251	0.24	0.083	1	chr9-122374770-122377382	6
0.342434955514911	0.918596186128037	0.24	0.083	1	chr9-128093825-128095350	6
0.342434955514911	1.22050501024175	0.24	0.083	1	chr10-44910660-44912204	6
0.342434955514911	1.11885500105905	0.24	0.083	1	chr10-73743563-73745354	6
0.342434955514911	1.07454640335728	0.24	0.083	1	chr10-114206551-114207707	6
0.342434955514911	1.10280242985562	0.24	0.083	1	chr11-7251603-7252653	6
0.342434955514911	1.115248453342	0.24	0.083	1	chr12-50724134-50726251	6
0.342434955514911	1.10569529529647	0.24	0.083	1	chr12-83941109-83942041	6
0.342434955514911	1.06802474282092	0.24	0.083	1	chr12-93676864-93678522	6
0.342434955514911	1.04035956421956	0.24	0.083	1	chr12-110467822-110469793	6
0.342434955514911	0.933551051283408	0.24	0.083	1	chr14-54509231-54510852	6
0.342434955514911	1.13940051779746	0.24	0.083	1	chr14-94080049-94082057	6
0.342434955514911	1.13995131705808	0.24	0.083	1	chr16-2857725-2859076	6
0.342434955514911	0.722918117234344	0.24	0.083	1	chr17-8055722-8060673	6
0.342434955514911	0.920311759950975	0.24	0.083	1	chr17-47940787-47942734	6
0.342434955514911	0.942311748611529	0.24	0.083	1	chr19-2949896-2951447	6
0.342434955514911	1.0748690740747	0.24	0.083	1	chr20-63588153-63591027	6
0.342434955514911	1.01609588910359	0.24	0.083	1	chr22-50182255-50184588	6
0.342434955514911	0.949284975097967	0.24	0.083	1	chrX-47658345-47659726	6
0.342605562363814	0.771308417994428	0.48	0.25	1	chr11-117143368-117146059	6
0.342638733993381	0.85906075802838	0.44	0.25	1	chr17-15997873-16000816	6
0.342638733993381	0.512191160169	0.4	0.333	1	chr8-79767231-79769483	6
0.345517140858604	0.920331187220558	0.36	0.167	1	chr1-93584121-93586018	6
0.345517140858604	0.649100431296591	0.36	0.167	1	chr10-132516260-132520947	6
0.348869354483736	0.711724738669408	0.52	0.333	1	chr6-85671969-85680735	6
0.34975865701245	1.67618464037675	0.2	0.083	1	chr1-38990310-38992830	6
0.34975865701245	1.54413838579757	0.2	0.083	1	chr1-59295745-59297645	6
0.34975865701245	1.52652455439061	0.2	0.083	1	chr1-63487273-63488259	6
0.34975865701245	1.72582638148917	0.2	0.083	1	chr1-115641432-115643519	6
0.34975865701245	1.5555396636592	0.2	0.083	1	chr1-162696068-162697473	6
0.34975865701245	1.5554746588207	0.2	0.083	1	chr1-172498889-172500583	6
0.34975865701245	1.56282263327047	0.2	0.083	1	chr1-202045716-202047732	6
0.34975865701245	1.54770232236263	0.2	0.083	1	chr1-229578653-229579882	6
0.34975865701245	1.604269825977	0.2	0.083	1	chr2-74197948-74200226	6
0.34975865701245	1.47462511392938	0.2	0.083	1	chr2-104754701-104756414	6
0.34975865701245	1.50483412103128	0.2	0.083	1	chr2-118061101-118063285	6
0.34975865701245	1.55356447397707	0.2	0.083	1	chr2-204544827-204546739	6
0.34975865701245	1.48193162724458	0.2	0.083	1	chr2-207407315-207409886	6
0.34975865701245	1.4421855871176	0.2	0.083	1	chr2-241091331-241095965	6
0.34975865701245	1.36844877497305	0.2	0.083	1	chr2-241890484-241893463	6
0.34975865701245	1.45880745800564	0.2	0.083	1	chr3-23575725-23577455	6
0.34975865701245	1.76686112304977	0.2	0.083	1	chr3-128648686-128651439	6
0.34975865701245	1.33470723764266	0.2	0.083	1	chr3-182738615-182741245	6
0.34975865701245	1.61604594738394	0.2	0.083	1	chr3-193871910-193873134	6
0.34975865701245	1.46549712184816	0.2	0.083	1	chr4-127781278-127783788	6
0.34975865701245	1.4759027841119	0.2	0.083	1	chr4-150722530-150723644	6
0.34975865701245	1.59009009243404	0.2	0.083	1	chr5-44001038-44003621	6
0.34975865701245	1.43953457801345	0.2	0.083	1	chr5-72280429-72283951	6
0.34975865701245	1.49467548946434	0.2	0.083	1	chr5-91162197-91163575	6
0.34975865701245	1.49008127907311	0.2	0.083	1	chr5-181206251-181208612	6
0.34975865701245	1.39162186639672	0.2	0.083	1	chr6-6997304-6998669	6
0.34975865701245	1.66706449993964	0.2	0.083	1	chr6-7138801-7142096	6
0.34975865701245	1.45402355985539	0.2	0.083	1	chr6-33453529-33455329	6
0.34975865701245	1.53222515205889	0.2	0.083	1	chr6-34545033-34548306	6
0.34975865701245	1.48002164192734	0.2	0.083	1	chr6-34887039-34890317	6
0.34975865701245	1.52077903669209	0.2	0.083	1	chr6-108706793-108708215	6
0.34975865701245	1.425559116053	0.2	0.083	1	chr7-36258060-36259219	6
0.34975865701245	1.4367627933135	0.2	0.083	1	chr8-689486-690602	6
0.34975865701245	1.44377997349371	0.2	0.083	1	chr8-47765323-47766166	6
0.34975865701245	1.52293696408007	0.2	0.083	1	chr8-124179922-124181697	6
0.34975865701245	1.5297244100127	0.2	0.083	1	chr8-125173842-125175407	6
0.34975865701245	1.39466969284577	0.2	0.083	1	chr8-127799397-127803270	6
0.34975865701245	1.38614809034236	0.2	0.083	1	chr9-33444895-33447874	6
0.34975865701245	1.53237525123719	0.2	0.083	1	chr9-37079075-37080706	6
0.34975865701245	1.5259933632873	0.2	0.083	1	chr9-81371587-81373492	6
0.34975865701245	1.75373213547148	0.2	0.083	1	chr10-51698619-51700888	6
0.34975865701245	1.47826051453543	0.2	0.083	1	chr10-67763400-67765752	6
0.34975865701245	1.57053992742016	0.2	0.083	1	chr10-114179503-114181117	6
0.34975865701245	1.40790003906156	0.2	0.083	1	chr11-918988-919699	6
0.34975865701245	1.39736647814157	0.2	0.083	1	chr11-13439847-13440940	6
0.34975865701245	1.4301402945591	0.2	0.083	1	chr11-15947562-15948619	6
0.34975865701245	1.33354630338536	0.2	0.083	1	chr11-61679856-61681054	6
0.34975865701245	1.48992937582691	0.2	0.083	1	chr11-62179744-62180861	6
0.34975865701245	1.38253319246551	0.2	0.083	1	chr11-65370872-65371691	6
0.34975865701245	1.37850156424252	0.2	0.083	1	chr11-65637602-65638682	6
0.34975865701245	1.46957324586808	0.2	0.083	1	chr11-76660072-76661555	6
0.34975865701245	1.60030415969985	0.2	0.083	1	chr11-77374128-77375399	6
0.34975865701245	1.88696385081423	0.2	0.083	1	chr11-125167500-125169764	6
0.34975865701245	1.44299539437847	0.2	0.083	1	chr12-46370913-46373511	6
0.34975865701245	1.3872685580114	0.2	0.083	1	chr12-117506501-117508445	6
0.34975865701245	1.48338950740746	0.2	0.083	1	chr12-122834248-122839145	6
0.34975865701245	1.38492042598236	0.2	0.083	1	chr13-32252847-32256141	6
0.34975865701245	1.34613774907367	0.2	0.083	1	chr14-29804968-29806916	6
0.34975865701245	1.74514924270095	0.2	0.083	1	chr14-67673542-67676181	6
0.34975865701245	1.39443251333992	0.2	0.083	1	chr14-68160208-68161713	6
0.34975865701245	1.48527062655528	0.2	0.083	1	chr14-105479492-105484214	6
0.34975865701245	1.69035469499979	0.2	0.083	1	chr15-94248009-94249540	6
0.34975865701245	1.43336277031432	0.2	0.083	1	chr16-20763187-20764834	6
0.34975865701245	1.46107016081445	0.2	0.083	1	chr18-59402202-59403113	6
0.34975865701245	1.33029608810179	0.2	0.083	1	chr19-10105973-10107627	6
0.34975865701245	1.47693308990662	0.2	0.083	1	chr19-35994654-35996091	6
0.34975865701245	1.65071851335653	0.2	0.083	1	chr19-56476585-56478740	6
0.34975865701245	1.5187625049945	0.2	0.083	1	chrX-119691993-119693687	6
0.350617525194989	1.01717483144232	0.32	0.167	1	chr1-28736210-28738542	6
0.350617525194989	0.921786174608024	0.32	0.167	1	chr3-39140453-39142688	6
0.350617525194989	0.917250662986789	0.32	0.167	1	chr4-1716550-1723417	6
0.350617525194989	0.881442119664415	0.32	0.167	1	chr5-71454972-71457656	6
0.350617525194989	1.0273380920724	0.32	0.167	1	chr5-132226849-132228464	6
0.350617525194989	0.969495547520343	0.32	0.167	1	chr5-154286674-154288783	6
0.350617525194989	0.982286424259497	0.32	0.167	1	chr6-26203949-26206710	6
0.350617525194989	1.08155674871676	0.32	0.167	1	chr6-43170286-43172982	6
0.350617525194989	1.03051472395446	0.32	0.167	1	chr6-52670397-52671912	6
0.350617525194989	0.90621504830627	0.32	0.167	1	chr6-166381312-166384295	6
0.350617525194989	0.749925394206128	0.32	0.167	1	chr7-42233044-42238279	6
0.350617525194989	1.0446275181834	0.32	0.167	1	chr8-30726004-30728601	6
0.350617525194989	0.992907840013744	0.32	0.167	1	chr8-93739327-93741633	6
0.350617525194989	0.637955964081823	0.32	0.167	1	chr10-87091647-87096038	6
0.350617525194989	1.07252119683992	0.32	0.167	1	chr10-112182825-112184369	6
0.350617525194989	0.976546104383979	0.32	0.167	1	chr14-94025751-94028131	6
0.350617525194989	1.01804436398506	0.32	0.167	1	chr16-74666216-74667505	6
0.350617525194989	1.03121306010575	0.32	0.167	1	chr17-75514700-75517891	6
0.351967883434825	0.67559839393056	0.44	0.333	1	chr1-32649387-32652232	6
0.351967883434825	0.762445453500469	0.44	0.333	1	chr2-156331554-156335963	6
0.351967883434825	0.730471696005839	0.44	0.333	1	chr11-64923728-64925400	6
0.354192033480327	1.22415968261025	0.28	0.167	1	chr1-162873316-162874863	6
0.354192033480327	1.01739116310212	0.28	0.167	1	chr2-156340372-156343820	6
0.354192033480327	1.22890662981009	0.28	0.167	1	chr5-139650630-139656643	6
0.354192033480327	1.0223083097144	0.28	0.167	1	chr5-142981397-142983259	6
0.354192033480327	1.2335352648022	0.28	0.167	1	chr13-19632793-19635019	6
0.354192033480327	1.00580057361435	0.28	0.167	1	chr20-56628839-56631186	6
0.358038329245774	0.583265086746183	0.48	0.417	1	chr5-157141877-157144079	6
0.359311513868236	0.778565854866493	0.36	0.25	1	chr1-213014603-213016556	6
0.359311513868236	0.767618318654702	0.36	0.25	1	chr10-28375300-28376414	6
0.359311513868236	0.758319189385026	0.36	0.25	1	chr10-79443493-79447116	6
0.359311513868236	1.00935088559177	0.36	0.25	1	chr11-66956783-66959195	6
0.359311513868236	0.883229347531484	0.36	0.25	1	chr18-2654955-2658787	6
0.360161829771347	0.724283704465665	0.48	0.333	1	chr8-143870999-143879158	6
0.361237818628336	0.833818370813375	0.4	0.25	1	chr1-2583414-2588109	6
0.361237818628336	0.671709479626088	0.4	0.25	1	chr3-50235268-50236673	6
0.361237818628336	0.896384593993333	0.4	0.25	1	chr8-80485042-80488131	6
0.361237818628336	0.850270830856954	0.4	0.25	1	chr11-6566303-6569338	6
0.361237818628336	0.871426655921624	0.4	0.25	1	chr11-49206548-49209375	6
0.361237818628336	0.729330008447567	0.4	0.25	1	chr21-32611082-32613877	6
0.3619002941052	0.646152475209974	0.44	0.25	1	chr10-37975252-37977368	6
0.3619002941052	0.733556460400958	0.44	0.25	1	chr10-43405876-43410235	6
0.3619002941052	0.609533689382938	0.44	0.25	1	chr10-102116893-102122390	6
0.365657147851685	0.715886927540272	0.6	0.417	1	chr11-64164547-64167055	6
0.366430940744206	0.743214273960873	0.36	0.167	1	chr1-201954711-201956955	6
0.366430940744206	0.917306577331885	0.36	0.167	1	chr12-101695649-101704100	6
0.366430940744206	0.789540223680571	0.36	0.167	1	chr17-40330266-40333070	6
0.369894133143183	0.588895996249619	0.6	0.5	1	chr4-26856881-26862223	6
0.371173230087196	0.574347854316845	0.44	0.333	1	chr1-247006877-247008561	6
0.371173230087196	0.644380536663264	0.44	0.333	1	chr6-138226674-138233227	6
0.372442210387027	0.92700411700548	0.32	0.167	1	chr1-63366908-63368561	6
0.372442210387027	0.956349333213066	0.32	0.167	1	chr1-153658106-153660123	6
0.372442210387027	0.957562468993418	0.32	0.167	1	chr1-160030423-160033133	6
0.372442210387027	0.921052132033666	0.32	0.167	1	chr1-231601555-231604417	6
0.372442210387027	0.884961014268342	0.32	0.167	1	chr2-156399018-156401694	6
0.372442210387027	1.0612945245638	0.32	0.167	1	chr3-128122902-128124517	6
0.372442210387027	0.855257668560321	0.32	0.167	1	chr7-6080078-6082044	6
0.372442210387027	0.921250337037449	0.32	0.167	1	chr7-73555369-73558469	6
0.372442210387027	0.889159416419354	0.32	0.167	1	chr11-66855616-66857873	6
0.372442210387027	0.921534656479103	0.32	0.167	1	chr12-42921555-42923037	6
0.372442210387027	0.973485494252761	0.32	0.167	1	chr12-53726862-53728256	6
0.372442210387027	0.913475376778708	0.32	0.167	1	chr14-70906716-70909109	6
0.372442210387027	0.99744023567215	0.32	0.167	1	chr16-49855039-49858486	6
0.372442210387027	0.869224850004699	0.32	0.167	1	chr16-67934409-67937613	6
0.372442210387027	1.05012761963337	0.32	0.167	1	chr19-17336240-17338530	6
0.372442210387027	0.863240787742402	0.32	0.167	1	chr20-13638113-13639596	6
0.373565472383757	0.458134896871975	0.6	0.583	1	chr11-65613393-65617135	6
0.376418878220774	1.23975230423785	0.2	0.083	1	chr1-27122283-27123293	6
0.376418878220774	1.37055606764415	0.2	0.083	1	chr1-67748478-67750711	6
0.376418878220774	1.22470005038518	0.2	0.083	1	chr1-81670046-81671258	6
0.376418878220774	1.33139899505959	0.2	0.083	1	chr1-91500212-91502260	6
0.376418878220774	1.26034945773664	0.2	0.083	1	chr1-93616515-93618149	6
0.376418878220774	1.38837593640424	0.2	0.083	1	chr1-150267843-150269587	6
0.376418878220774	1.50157248173605	0.2	0.083	1	chr1-154426991-154430618	6
0.376418878220774	1.27633902191059	0.2	0.083	1	chr1-184024648-184025955	6
0.376418878220774	1.34795105115416	0.2	0.083	1	chr1-185626713-185627857	6
0.376418878220774	1.33848080310739	0.2	0.083	1	chr1-204515724-204517263	6
0.376418878220774	1.27943261077112	0.2	0.083	1	chr1-228070725-228076847	6
0.376418878220774	1.31839298249921	0.2	0.083	1	chr1-234458091-234459354	6
0.376418878220774	1.35238223207723	0.2	0.083	1	chr1-234968769-234970156	6
0.376418878220774	1.34143422212242	0.2	0.083	1	chr2-263886-265559	6
0.376418878220774	1.36057220942356	0.2	0.083	1	chr2-14632040-14633360	6
0.376418878220774	1.41976761175872	0.2	0.083	1	chr2-74177984-74179514	6
0.376418878220774	1.29400690470842	0.2	0.083	1	chr2-80545247-80546421	6
0.376418878220774	1.22373431515802	0.2	0.083	1	chr2-99488403-99490988	6
0.376418878220774	1.19875969233956	0.2	0.083	1	chr2-150858840-150861033	6
0.376418878220774	1.23638920137037	0.2	0.083	1	chr2-151008967-151010115	6
0.376418878220774	1.29653368831173	0.2	0.083	1	chr2-176001181-176003026	6
0.376418878220774	1.3953002850253	0.2	0.083	1	chr2-200786081-200788152	6
0.376418878220774	1.46660314041801	0.2	0.083	1	chr3-13110590-13113220	6
0.376418878220774	1.38009478270057	0.2	0.083	1	chr3-27720693-27722803	6
0.376418878220774	1.25774253551606	0.2	0.083	1	chr3-33202708-33203794	6
0.376418878220774	1.27428051168047	0.2	0.083	1	chr3-38114553-38119297	6
0.376418878220774	1.31175473045584	0.2	0.083	1	chr3-58646053-58648390	6
0.376418878220774	1.35774085821443	0.2	0.083	1	chr3-82080169-82081228	6
0.376418878220774	1.29778677045774	0.2	0.083	1	chr3-99816773-99818646	6
0.376418878220774	1.41626332871031	0.2	0.083	1	chr3-155743409-155746409	6
0.376418878220774	1.639323846563	0.2	0.083	1	chr3-172203537-172205555	6
0.376418878220774	1.19277604635026	0.2	0.083	1	chr3-187262975-187264851	6
0.376418878220774	1.34768790640433	0.2	0.083	1	chr3-194112149-194113424	6
0.376418878220774	1.48466358541402	0.2	0.083	1	chr3-194632586-194634190	6
0.376418878220774	1.30503445383181	0.2	0.083	1	chr4-70703501-70706909	6
0.376418878220774	1.40251028628812	0.2	0.083	1	chr4-76280855-76284401	6
0.376418878220774	1.36535074351438	0.2	0.083	1	chr4-87219069-87221264	6
0.376418878220774	1.38361250362179	0.2	0.083	1	chr4-94428675-94430157	6
0.376418878220774	1.54930118821543	0.2	0.083	1	chr4-99945600-99948015	6
0.376418878220774	1.3886873096243	0.2	0.083	1	chr4-105191433-105193505	6
0.376418878220774	1.44513426310677	0.2	0.083	1	chr4-118941042-118943035	6
0.376418878220774	1.33356867023135	0.2	0.083	1	chr5-16546407-16549233	6
0.376418878220774	1.39761088870192	0.2	0.083	1	chr5-16588019-16590202	6
0.376418878220774	1.34423282242746	0.2	0.083	1	chr5-74765914-74768344	6
0.376418878220774	1.31267229938916	0.2	0.083	1	chr5-90930005-90932737	6
0.376418878220774	1.37563919062657	0.2	0.083	1	chr5-134904071-134906263	6
0.376418878220774	1.40595679168684	0.2	0.083	1	chr5-157914368-157916349	6
0.376418878220774	1.35424865994353	0.2	0.083	1	chr5-169222811-169223878	6
0.376418878220774	1.54983766588226	0.2	0.083	1	chr5-173766082-173768145	6
0.376418878220774	1.40461536813979	0.2	0.083	1	chr5-178123151-178125112	6
0.376418878220774	1.40042678160121	0.2	0.083	1	chr6-14539974-14541556	6
0.376418878220774	1.38579544577713	0.2	0.083	1	chr6-32981879-32985601	6
0.376418878220774	1.30218094654747	0.2	0.083	1	chr6-35400882-35403162	6
0.376418878220774	1.29807640790868	0.2	0.083	1	chr6-43368520-43370402	6
0.376418878220774	1.60271514982091	0.2	0.083	1	chr6-51472416-51474996	6
0.376418878220774	1.3390333132117	0.2	0.083	1	chr6-87589334-87590681	6
0.376418878220774	1.39502401378977	0.2	0.083	1	chr6-99308266-99310967	6
0.376418878220774	1.4350224255952	0.2	0.083	1	chr6-136821876-136823668	6
0.376418878220774	1.34861522871446	0.2	0.083	1	chr6-149840187-149841431	6
0.376418878220774	1.43125449636902	0.2	0.083	1	chr6-150142814-150143882	6
0.376418878220774	1.50768907704975	0.2	0.083	1	chr6-152301264-152302712	6
0.376418878220774	1.34994416899874	0.2	0.083	1	chr7-29562810-29565214	6
0.376418878220774	1.53217033020243	0.2	0.083	1	chr7-55324809-55326683	6
0.376418878220774	1.37047782210395	0.2	0.083	1	chr7-151494090-151495401	6
0.376418878220774	1.50927774781573	0.2	0.083	1	chr8-74405693-74406905	6
0.376418878220774	1.63174542666305	0.2	0.083	1	chr8-80366666-80367838	6
0.376418878220774	1.23768335632753	0.2	0.083	1	chr8-119919429-119920907	6
0.376418878220774	1.28863460865625	0.2	0.083	1	chr8-140153407-140154616	6
0.376418878220774	1.16978425308381	0.2	0.083	1	chr9-11063286-11065610	6
0.376418878220774	1.23092996016685	0.2	0.083	1	chr9-37540235-37541557	6
0.376418878220774	1.45621500192401	0.2	0.083	1	chr9-112749918-112752032	6
0.376418878220774	1.40565620253402	0.2	0.083	1	chr9-113480697-113482025	6
0.376418878220774	1.27285984856438	0.2	0.083	1	chr9-113711585-113712602	6
0.376418878220774	1.27478205120375	0.2	0.083	1	chr9-125188992-125190861	6
0.376418878220774	1.44128738415738	0.2	0.083	1	chr9-129641485-129642862	6
0.376418878220774	1.36493661365302	0.2	0.083	1	chr9-131544980-131547302	6
0.376418878220774	1.41933076914759	0.2	0.083	1	chr9-137126888-137130663	6
0.376418878220774	1.19438917311248	0.2	0.083	1	chr10-4279568-4281656	6
0.376418878220774	1.51038017689848	0.2	0.083	1	chr10-50739248-50740820	6
0.376418878220774	1.41727731057947	0.2	0.083	1	chr10-97868665-97870052	6
0.376418878220774	1.47780061340447	0.2	0.083	1	chr10-101693275-101695733	6
0.376418878220774	1.34689400364154	0.2	0.083	1	chr10-114820984-114824586	6
0.376418878220774	1.37958111646007	0.2	0.083	1	chr10-117391178-117393210	6
0.376418878220774	1.27970065379875	0.2	0.083	1	chr11-9565588-9566671	6
0.376418878220774	1.385667676473	0.2	0.083	1	chr11-11265183-11266461	6
0.376418878220774	1.364117589023	0.2	0.083	1	chr11-18802301-18803787	6
0.376418878220774	1.40045940851085	0.2	0.083	1	chr11-30171241-30173781	6
0.376418878220774	1.56307090805437	0.2	0.083	1	chr11-32890811-32893880	6
0.376418878220774	1.31425993010973	0.2	0.083	1	chr11-48001246-48002158	6
0.376418878220774	1.38956268666935	0.2	0.083	1	chr11-49193382-49197153	6
0.376418878220774	1.50304915364097	0.2	0.083	1	chr11-61129327-61130723	6
0.376418878220774	1.38978796001824	0.2	0.083	1	chr11-80899289-80901344	6
0.376418878220774	1.38624566195275	0.2	0.083	1	chr11-86673631-86674875	6
0.376418878220774	1.28436877999511	0.2	0.083	1	chr11-95923470-95925414	6
0.376418878220774	1.35273789168953	0.2	0.083	1	chr11-102115285-102116844	6
0.376418878220774	1.4170460824744	0.2	0.083	1	chr11-114762357-114762923	6
0.376418878220774	1.26405195186233	0.2	0.083	1	chr11-115324526-115325210	6
0.376418878220774	1.44359362176395	0.2	0.083	1	chr11-116869510-116870430	6
0.376418878220774	1.37348553230343	0.2	0.083	1	chr11-117315632-117316925	6
0.376418878220774	1.44338848517649	0.2	0.083	1	chr11-118314831-118315947	6
0.376418878220774	1.28643643338171	0.2	0.083	1	chr11-126585478-126586513	6
0.376418878220774	1.25709203442005	0.2	0.083	1	chr12-55939735-55940894	6
0.376418878220774	1.34814803932108	0.2	0.083	1	chr12-62133352-62134294	6
0.376418878220774	1.36119208195384	0.2	0.083	1	chr12-80848955-80850985	6
0.376418878220774	1.59569247740322	0.2	0.083	1	chr12-101711889-101716581	6
0.376418878220774	1.45729522715394	0.2	0.083	1	chr12-112408532-112410073	6
0.376418878220774	1.66075183883567	0.2	0.083	1	chr12-120437246-120438713	6
0.376418878220774	1.26837185861627	0.2	0.083	1	chr13-28657910-28659855	6
0.376418878220774	1.42380248072075	0.2	0.083	1	chr13-49690041-49692148	6
0.376418878220774	1.35435812302308	0.2	0.083	1	chr13-96052554-96054148	6
0.376418878220774	1.24024272532008	0.2	0.083	1	chr14-42192515-42194299	6
0.376418878220774	1.27293914345158	0.2	0.083	1	chr14-60721805-60724785	6
0.376418878220774	1.35422713231963	0.2	0.083	1	chr14-76810656-76813422	6
0.376418878220774	1.3977196570938	0.2	0.083	1	chr14-88792016-88793653	6
0.376418878220774	1.36347614681718	0.2	0.083	1	chr14-92792800-92795412	6
0.376418878220774	1.43424439698055	0.2	0.083	1	chr14-103576180-103577482	6
0.376418878220774	1.38396977746645	0.2	0.083	1	chr15-65529994-65531532	6
0.376418878220774	1.38604680190118	0.2	0.083	1	chr15-70320253-70322291	6
0.376418878220774	1.43606420877399	0.2	0.083	1	chr15-98943390-98945239	6
0.376418878220774	1.3009202582302	0.2	0.083	1	chr15-100340983-100342758	6
0.376418878220774	1.25417444241473	0.2	0.083	1	chr16-23070822-23073564	6
0.376418878220774	1.54997071570051	0.2	0.083	1	chr16-30533070-30536319	6
0.376418878220774	1.30138546374773	0.2	0.083	1	chr16-56773253-56774496	6
0.376418878220774	1.38668122826851	0.2	0.083	1	chr16-57815980-57817028	6
0.376418878220774	1.33900001974389	0.2	0.083	1	chr16-67892461-67894282	6
0.376418878220774	1.53512629981936	0.2	0.083	1	chr16-68415883-68418416	6
0.376418878220774	1.3508302825052	0.2	0.083	1	chr17-9575105-9577615	6
0.376418878220774	1.31022787152104	0.2	0.083	1	chr17-39926362-39928877	6
0.376418878220774	1.3713330823955	0.2	0.083	1	chr17-47692897-47695467	6
0.376418878220774	1.39083040271635	0.2	0.083	1	chr17-55451996-55453381	6
0.376418878220774	1.3117236699212	0.2	0.083	1	chr17-57106036-57108431	6
0.376418878220774	1.30492768042224	0.2	0.083	1	chr17-57356723-57358595	6
0.376418878220774	1.43755195799347	0.2	0.083	1	chr18-14131930-14132901	6
0.376418878220774	1.47234646319973	0.2	0.083	1	chr18-46915732-46918236	6
0.376418878220774	1.36524901097093	0.2	0.083	1	chr19-570805-573723	6
0.376418878220774	1.23275614618996	0.2	0.083	1	chr19-13747361-13749132	6
0.376418878220774	1.39160096882135	0.2	0.083	1	chr19-17305170-17306783	6
0.376418878220774	1.4807731237804	0.2	0.083	1	chr19-19191508-19193553	6
0.376418878220774	1.55125688720327	0.2	0.083	1	chr19-29844033-29846332	6
0.376418878220774	1.32411287367553	0.2	0.083	1	chr19-35005939-35007235	6
0.376418878220774	1.25542320459118	0.2	0.083	1	chr19-35612220-35613481	6
0.376418878220774	1.46299696646663	0.2	0.083	1	chr19-48871997-48873383	6
0.376418878220774	1.40957723842407	0.2	0.083	1	chr19-49118289-49120350	6
0.376418878220774	1.31186841228516	0.2	0.083	1	chr20-23403710-23404798	6
0.376418878220774	1.30804050016486	0.2	0.083	1	chr20-36604869-36607324	6
0.376418878220774	1.4329484186765	0.2	0.083	1	chr20-44310107-44311766	6
0.376418878220774	1.35121232823142	0.2	0.083	1	chr20-45345398-45348788	6
0.376418878220774	1.37366176662934	0.2	0.083	1	chr20-49982023-49983466	6
0.376418878220774	1.33271090811776	0.2	0.083	1	chr20-53785160-53788277	6
0.376418878220774	1.40042518117559	0.2	0.083	1	chr21-33403207-33405679	6
0.376418878220774	1.50194984445707	0.2	0.083	1	chr21-34072833-34075443	6
0.376418878220774	1.47336839651632	0.2	0.083	1	chr22-37657585-37659632	6
0.376418878220774	1.32473157655787	0.2	0.083	1	chr22-38751000-38752223	6
0.376418878220774	1.39493490854072	0.2	0.083	1	chr22-42069910-42071599	6
0.376418878220774	1.38218436266114	0.2	0.083	1	chrX-15492415-15494081	6
0.376418878220774	1.25126421098692	0.2	0.083	1	chrX-48539015-48540467	6
0.376418878220774	1.24328758208574	0.2	0.083	1	chrX-77898965-77901043	6
0.376418878220774	1.34943374726857	0.2	0.083	1	chrX-130165082-130167188	6
0.376418878220774	1.38044222634179	0.2	0.083	1	chrX-147911130-147912984	6
0.376418878220774	1.31563349592513	0.2	0.083	1	chrX-152895311-152896365	6
0.377022208825761	1.02293601423288	0.28	0.167	1	chr1-171740980-171743909	6
0.377022208825761	1.13616086395835	0.28	0.167	1	chr4-6746511-6748271	6
0.377022208825761	1.18298304943474	0.28	0.167	1	chr4-76896728-76899625	6
0.377022208825761	0.909383586135615	0.28	0.167	1	chr5-143417553-143418965	6
0.377022208825761	1.01521849620877	0.28	0.167	1	chr6-108587216-108590182	6
0.377022208825761	1.03988084589746	0.28	0.167	1	chr6-137587672-137589905	6
0.377022208825761	0.991822252666731	0.28	0.167	1	chr7-141071064-141073754	6
0.377022208825761	1.23810125285274	0.28	0.167	1	chr8-66612180-66614686	6
0.377022208825761	1.01493720378066	0.28	0.167	1	chr10-969901-972094	6
0.377022208825761	1.24776811067603	0.28	0.167	1	chr11-6925620-6927886	6
0.377022208825761	0.851853093965824	0.28	0.167	1	chr11-68467933-68469793	6
0.377022208825761	0.875468314909206	0.28	0.167	1	chr11-68903233-68904926	6
0.377022208825761	1.27686968251591	0.28	0.167	1	chr12-79933261-79936124	6
0.377022208825761	0.94406809654139	0.28	0.167	1	chr12-106985552-106988303	6
0.377022208825761	0.934690722592117	0.28	0.167	1	chr14-75254157-75255671	6
0.377022208825761	1.11074250600758	0.28	0.167	1	chr15-31334904-31337218	6
0.377022208825761	0.897946199434847	0.28	0.167	1	chr16-85520568-85522084	6
0.377022208825761	0.935735704843123	0.28	0.167	1	chr17-2965209-2966610	6
0.377022208825761	1.16264356878256	0.28	0.167	1	chr17-78995468-78999720	6
0.377022208825761	1.11978575800007	0.28	0.167	1	chr20-24929682-24931673	6
0.377022208825761	1.09341629658411	0.28	0.167	1	chr20-31722092-31724499	6
0.37899293971165	0.763442576389066	0.64	0.417	1	chr11-59106108-59108249	6
0.380122713614915	0.747820080665559	0.36	0.25	1	chr2-32356093-32358613	6
0.380122713614915	0.712535307221731	0.36	0.25	1	chr9-38031319-38033324	6
0.380122713614915	0.75646174770404	0.36	0.25	1	chr10-104336794-104340893	6
0.381591894668699	0.890885068463375	0.4	0.25	1	chr1-101024712-101026941	6
0.381591894668699	0.936752399288787	0.4	0.25	1	chr1-183021761-183025153	6
0.381591894668699	1.00738489764775	0.4	0.25	1	chr3-69050749-69053161	6
0.381591894668699	0.773604695693783	0.4	0.25	1	chr6-100880386-100882454	6
0.381591894668699	1.01817456793922	0.4	0.25	1	chr11-72812466-72815421	6
0.381591894668699	0.914530122840816	0.4	0.25	1	chr11-126282191-126285288	6
0.381591894668699	0.738644381725625	0.4	0.25	1	chr17-18260011-18262302	6
0.381826537394943	0.593751860059444	0.44	0.25	1	chr9-124940178-124942526	6
0.381826537394943	0.595494379588268	0.4	0.333	1	chr11-18587720-18589616	6
0.386444153262739	0.599092279446733	0.52	0.333	1	chr1-209782958-209788861	6
0.38811677218024	0.869908595713599	0.36	0.167	1	chr1-11483656-11486656	6
0.388615265498201	0.580854314954992	0.56	0.417	1	chr3-101675453-101678632	6
0.388615265498201	0.60305063375821	0.56	0.417	1	chr11-34050508-34054022	6
0.392699322802863	0.460735709257073	0.52	0.417	1	chr11-808387-811248	6
0.392699322802863	0.495006373022936	0.52	0.417	1	chr11-62850126-62858653	6
0.395089413731488	0.924662526254192	0.32	0.167	1	chr1-93962676-93966397	6
0.395089413731488	0.917059153534363	0.32	0.167	1	chr1-149927200-149928767	6
0.395089413731488	0.883509690120107	0.32	0.167	1	chr1-171644731-171646474	6
0.395089413731488	0.703109475824694	0.32	0.167	1	chr3-65482230-65486881	6
0.395089413731488	0.915071670682749	0.32	0.167	1	chr4-145178842-145181602	6
0.395089413731488	0.872102060427787	0.32	0.167	1	chr5-134002072-134006328	6
0.395089413731488	0.81855769821794	0.32	0.167	1	chr6-75600655-75603944	6
0.395089413731488	0.814978015360455	0.32	0.167	1	chr8-78665258-78666991	6
0.395089413731488	0.722173289609639	0.32	0.167	1	chr9-33414941-33416985	6
0.395089413731488	0.965817084898546	0.32	0.167	1	chr9-96048155-96049969	6
0.395089413731488	0.764647470235701	0.32	0.167	1	chr10-101587037-101589376	6
0.395089413731488	0.938591594099032	0.32	0.167	1	chr11-10540197-10542120	6
0.395089413731488	0.835396577487467	0.32	0.167	1	chr16-72092698-72094680	6
0.395089413731488	0.823764738648056	0.32	0.167	1	chrX-118726660-118728506	6
0.399067611329267	0.672026029252962	0.48	0.333	1	chr5-176387496-176390037	6
0.400738092116425	1.09891732535002	0.28	0.167	1	chr1-12229507-12233014	6
0.400738092116425	1.20485483040705	0.28	0.167	1	chr1-114754220-114758637	6
0.400738092116425	1.10310252411484	0.28	0.167	1	chr1-180157019-180158892	6
0.400738092116425	0.872446240703641	0.28	0.167	1	chr1-225819334-225822813	6
0.400738092116425	1.00707169885514	0.28	0.167	1	chr1-236280616-236282730	6
0.400738092116425	1.09437936042721	0.28	0.167	1	chr3-121834021-121835933	6
0.400738092116425	0.96310722194048	0.28	0.167	1	chr4-40576512-40578006	6
0.400738092116425	0.946607847011802	0.28	0.167	1	chr5-14862289-14865132	6
0.400738092116425	0.911722122897537	0.28	0.167	1	chr6-31664449-31666976	6
0.400738092116425	1.0097977695516	0.28	0.167	1	chr6-113969454-113972317	6
0.400738092116425	0.980317516065595	0.28	0.167	1	chr10-96129457-96131157	6
0.400738092116425	0.900818099939774	0.28	0.167	1	chr10-96270937-96273321	6
0.400738092116425	0.965839452514454	0.28	0.167	1	chr10-132064420-132067481	6
0.400738092116425	1.04775204659839	0.28	0.167	1	chr11-47915660-47917246	6
0.400738092116425	1.048709576412	0.28	0.167	1	chr11-130915469-130917079	6
0.400738092116425	0.91870872202745	0.28	0.167	1	chr14-49861408-49864213	6
0.400738092116425	0.919943790918572	0.28	0.167	1	chr15-66496873-66499180	6
0.400738092116425	0.855997702148874	0.28	0.167	1	chr16-660330-661778	6
0.400738092116425	1.09302382163901	0.28	0.167	1	chr16-19715457-19719210	6
0.400738092116425	1.12340035687429	0.28	0.167	1	chr16-27548832-27550794	6
0.400738092116425	0.995324816050874	0.28	0.167	1	chr16-73052207-73059556	6
0.400738092116425	1.1353265366075	0.28	0.167	1	chr16-81598509-81603328	6
0.400738092116425	0.997425297588164	0.28	0.167	1	chr18-11989567-11990667	6
0.400738092116425	0.893984304769395	0.28	0.167	1	chr20-50071026-50071941	6
0.401658644158397	0.844732471169394	0.36	0.25	1	chr1-147598920-147601237	6
0.401658644158397	0.634579923945787	0.36	0.25	1	chr2-121529773-121532276	6
0.401658644158397	0.918566282398715	0.36	0.25	1	chr11-74397349-74399347	6
0.401658644158397	0.786511023633305	0.36	0.25	1	chr11-111765319-111767399	6
0.402411875772461	0.605728604109978	0.44	0.25	1	chr1-38011833-38013780	6
0.402411875772461	0.697487396618279	0.44	0.25	1	chr15-90229737-90234825	6
0.402411875772461	0.731274621476871	0.44	0.25	1	chr18-35040854-35042779	6
0.402634783971703	0.766769122931864	0.4	0.25	1	chr3-5186118-5189535	6
0.402634783971703	0.63219637358315	0.4	0.25	1	chr11-13462317-13464016	6
0.402634783971703	0.731615847877163	0.4	0.25	1	chr14-54439927-54442169	6
0.402634783971703	0.658877100050843	0.4	0.25	1	chr20-49045583-49047989	6
0.402950428807971	0.558048188082195	0.56	0.5	1	chr6-132811971-132821612	6
0.404297764969358	1.21265158394791	0.2	0.083	1	chr1-965780-968684	6
0.404297764969358	1.29175639633215	0.2	0.083	1	chr1-9688718-9689865	6
0.404297764969358	1.29820093475944	0.2	0.083	1	chr1-15735202-15736661	6
0.404297764969358	1.17625895934331	0.2	0.083	1	chr1-18598775-18600048	6
0.404297764969358	1.25183639074474	0.2	0.083	1	chr1-25589951-25590888	6
0.404297764969358	1.33759965360762	0.2	0.083	1	chr1-32980860-32982474	6
0.404297764969358	1.25609365349884	0.2	0.083	1	chr1-39064904-39066240	6
0.404297764969358	1.39432520799472	0.2	0.083	1	chr1-39191222-39192910	6
0.404297764969358	1.21058943472624	0.2	0.083	1	chr1-43858025-43859165	6
0.404297764969358	1.29873082477319	0.2	0.083	1	chr1-52662497-52663363	6
0.404297764969358	1.34216794013265	0.2	0.083	1	chr1-53889165-53890636	6
0.404297764969358	1.35450424984648	0.2	0.083	1	chr1-74197461-74199264	6
0.404297764969358	1.36254161808373	0.2	0.083	1	chr1-109282511-109284090	6
0.404297764969358	1.19024993319095	0.2	0.083	1	chr1-109483191-109484965	6
0.404297764969358	1.33924340375007	0.2	0.083	1	chr1-119773558-119775114	6
0.404297764969358	1.27447949833532	0.2	0.083	1	chr1-144545865-144547050	6
0.404297764969358	1.23967643016474	0.2	0.083	1	chr1-171218472-171220106	6
0.404297764969358	1.20881536456513	0.2	0.083	1	chr1-172358025-172361281	6
0.404297764969358	1.26942700964484	0.2	0.083	1	chr1-182962411-182963227	6
0.404297764969358	1.35202130374982	0.2	0.083	1	chr1-219278751-219280414	6
0.404297764969358	1.36644067734723	0.2	0.083	1	chr1-226827798-226828674	6
0.404297764969358	1.28178043988861	0.2	0.083	1	chr2-74440022-74442825	6
0.404297764969358	1.38930607798315	0.2	0.083	1	chr2-169573042-169574226	6
0.404297764969358	1.10304060625154	0.2	0.083	1	chr2-169823962-169825418	6
0.404297764969358	1.1977387609211	0.2	0.083	1	chr2-200525604-200527054	6
0.404297764969358	1.41497171381409	0.2	0.083	1	chr2-203578679-203580108	6
0.404297764969358	1.42431611958212	0.2	0.083	1	chr2-235025928-235028363	6
0.404297764969358	1.28353786729305	0.2	0.083	1	chr3-14303352-14305366	6
0.404297764969358	1.33569865497816	0.2	0.083	1	chr3-39180126-39181471	6
0.404297764969358	1.243774638411	0.2	0.083	1	chr3-49785654-49787397	6
0.404297764969358	1.45798697017909	0.2	0.083	1	chr3-87069685-87070700	6
0.404297764969358	1.37733273765724	0.2	0.083	1	chr3-93973089-93974421	6
0.404297764969358	1.28480157785833	0.2	0.083	1	chr3-102237121-102239277	6
0.404297764969358	1.29816632441828	0.2	0.083	1	chr3-112640196-112641845	6
0.404297764969358	1.23011588167111	0.2	0.083	1	chr3-157174064-157176966	6
0.404297764969358	1.22935726579542	0.2	0.083	1	chr3-183115620-183116890	6
0.404297764969358	1.26805507907093	0.2	0.083	1	chr3-184010784-184012948	6
0.404297764969358	1.24460988047027	0.2	0.083	1	chr3-194729948-194731076	6
0.404297764969358	1.27633713880047	0.2	0.083	1	chr4-2755750-2756950	6
0.404297764969358	1.18651004718905	0.2	0.083	1	chr4-7462176-7463288	6
0.404297764969358	1.23537218212572	0.2	0.083	1	chr4-20773155-20775869	6
0.404297764969358	1.20449127476702	0.2	0.083	1	chr4-20809602-20810548	6
0.404297764969358	1.24178862043033	0.2	0.083	1	chr4-76250997-76252306	6
0.404297764969358	1.32888198248282	0.2	0.083	1	chr4-99087860-99089851	6
0.404297764969358	1.3538256337527	0.2	0.083	1	chr4-128227661-128229157	6
0.404297764969358	1.34591994934776	0.2	0.083	1	chr4-128552420-128554573	6
0.404297764969358	1.20140590055422	0.2	0.083	1	chr4-131534523-131535478	6
0.404297764969358	1.21018794955855	0.2	0.083	1	chr5-10310046-10311250	6
0.404297764969358	1.22964050846528	0.2	0.083	1	chr5-72955206-72957437	6
0.404297764969358	1.27719122511982	0.2	0.083	1	chr5-81850680-81852469	6
0.404297764969358	1.22442224556835	0.2	0.083	1	chr5-95641534-95644907	6
0.404297764969358	1.28727019197313	0.2	0.083	1	chr5-95697986-95698909	6
0.404297764969358	1.30549362531122	0.2	0.083	1	chr5-109454458-109456405	6
0.404297764969358	1.39605412049972	0.2	0.083	1	chr5-112593748-112594863	6
0.404297764969358	1.33008242379835	0.2	0.083	1	chr5-132504647-132506542	6
0.404297764969358	1.44690774787573	0.2	0.083	1	chr5-147835028-147836968	6
0.404297764969358	1.46575385887805	0.2	0.083	1	chr5-157742986-157745596	6
0.404297764969358	1.311838531632	0.2	0.083	1	chr6-7973524-7976460	6
0.404297764969358	1.4709783121149	0.2	0.083	1	chr6-10746817-10748616	6
0.404297764969358	1.22805622258847	0.2	0.083	1	chr6-39923119-39925035	6
0.404297764969358	1.19433176080571	0.2	0.083	1	chr6-130995181-130996711	6
0.404297764969358	1.20943690007033	0.2	0.083	1	chr6-136606426-136611384	6
0.404297764969358	1.30069168585929	0.2	0.083	1	chr6-138257461-138259582	6
0.404297764969358	1.24279854517328	0.2	0.083	1	chr7-992817-993847	6
0.404297764969358	1.17369440252449	0.2	0.083	1	chr7-28960007-28961140	6
0.404297764969358	1.21529859984181	0.2	0.083	1	chr7-37732149-37733582	6
0.404297764969358	1.30540192844447	0.2	0.083	1	chr7-49345896-49347171	6
0.404297764969358	1.19202634166967	0.2	0.083	1	chr7-56009051-56010779	6
0.404297764969358	1.21332734791289	0.2	0.083	1	chr7-73357185-73359100	6
0.404297764969358	1.2561298996363	0.2	0.083	1	chr7-86846170-86847545	6
0.404297764969358	1.23648182434173	0.2	0.083	1	chr7-101251674-101253086	6
0.404297764969358	1.38830900525738	0.2	0.083	1	chr7-134546823-134548013	6
0.404297764969358	1.2746678643407	0.2	0.083	1	chr7-137695629-137696540	6
0.404297764969358	1.1564297245338	0.2	0.083	1	chr7-142853612-142855250	6
0.404297764969358	1.2739700514738	0.2	0.083	1	chr7-149741522-149745478	6
0.404297764969358	1.17379594937905	0.2	0.083	1	chr8-52339914-52341063	6
0.404297764969358	1.09920319257136	0.2	0.083	1	chr8-67499406-67500465	6
0.404297764969358	1.27146031443346	0.2	0.083	1	chr8-93991004-93992731	6
0.404297764969358	1.43214756414131	0.2	0.083	1	chr8-109281512-109282589	6
0.404297764969358	1.32136882442522	0.2	0.083	1	chr8-119976418-119979924	6
0.404297764969358	1.38012361021679	0.2	0.083	1	chr8-130014705-130017005	6
0.404297764969358	1.35110622313885	0.2	0.083	1	chr8-140254598-140255866	6
0.404297764969358	1.22090293767749	0.2	0.083	1	chr9-5832023-5833630	6
0.404297764969358	1.17349999357777	0.2	0.083	1	chr9-94726168-94727412	6
0.404297764969358	1.28697914952462	0.2	0.083	1	chr9-124220457-124221740	6
0.404297764969358	1.22867305523009	0.2	0.083	1	chr9-127407022-127408353	6
0.404297764969358	1.36951495304058	0.2	0.083	1	chr10-6088437-6090666	6
0.404297764969358	1.09116336160292	0.2	0.083	1	chr10-7513385-7514455	6
0.404297764969358	1.27877253743796	0.2	0.083	1	chr10-20446295-20447744	6
0.404297764969358	1.227929449484	0.2	0.083	1	chr10-80289542-80291569	6
0.404297764969358	1.28009388740169	0.2	0.083	1	chr10-88989496-88992208	6
0.404297764969358	1.27889776096058	0.2	0.083	1	chr10-121597879-121599076	6
0.404297764969358	1.27519691626892	0.2	0.083	1	chr10-124801319-124802641	6
0.404297764969358	1.05799888345242	0.2	0.083	1	chr11-2375096-2378495	6
0.404297764969358	1.10537972861618	0.2	0.083	1	chr11-11344732-11345915	6
0.404297764969358	1.29054420211423	0.2	0.083	1	chr11-34756803-34758930	6
0.404297764969358	1.34217086503719	0.2	0.083	1	chr11-42340301-42341716	6
0.404297764969358	1.24172918828558	0.2	0.083	1	chr11-59011555-59013535	6
0.404297764969358	1.23986509716364	0.2	0.083	1	chr11-65036706-65037493	6
0.404297764969358	1.34139830323545	0.2	0.083	1	chr11-66188833-66190183	6
0.404297764969358	1.34759764785978	0.2	0.083	1	chr11-70105873-70106813	6
0.404297764969358	1.43295920575513	0.2	0.083	1	chr11-73141682-73143193	6
0.404297764969358	1.36772140126623	0.2	0.083	1	chr11-117019249-117020021	6
0.404297764969358	1.22691369982232	0.2	0.083	1	chr11-118543926-118546014	6
0.404297764969358	1.2545287329884	0.2	0.083	1	chr12-1605077-1608633	6
0.404297764969358	1.39110138557686	0.2	0.083	1	chr12-27094925-27096035	6
0.404297764969358	1.16132193973092	0.2	0.083	1	chr12-31390734-31391535	6
0.404297764969358	1.22378300124057	0.2	0.083	1	chr12-66301739-66303083	6
0.404297764969358	1.24974054835433	0.2	0.083	1	chr12-107684525-107686619	6
0.404297764969358	1.21562397332494	0.2	0.083	1	chr12-107764027-107766107	6
0.404297764969358	1.34821119699542	0.2	0.083	1	chr12-111993121-111995418	6
0.404297764969358	1.18275754753012	0.2	0.083	1	chr12-113358032-113359768	6
0.404297764969358	1.43386318622509	0.2	0.083	1	chr12-122525775-122528061	6
0.404297764969358	1.25256832902336	0.2	0.083	1	chr12-124921306-124922817	6
0.404297764969358	1.22645956384448	0.2	0.083	1	chr12-126163667-126164570	6
0.404297764969358	1.17877854901654	0.2	0.083	1	chr13-75759962-75761140	6
0.404297764969358	1.25757163880955	0.2	0.083	1	chr13-97133663-97134671	6
0.404297764969358	1.27910159249939	0.2	0.083	1	chr13-110555553-110556666	6
0.404297764969358	1.3304291242465	0.2	0.083	1	chr14-24187760-24189625	6
0.404297764969358	1.19042024767914	0.2	0.083	1	chr14-56579209-56580548	6
0.404297764969358	1.27579840037583	0.2	0.083	1	chr14-75643343-75644966	6
0.404297764969358	1.33775622503615	0.2	0.083	1	chr14-76653607-76654905	6
0.404297764969358	1.21130104494489	0.2	0.083	1	chr14-101809290-101811002	6
0.404297764969358	1.26528464301425	0.2	0.083	1	chr14-104791940-104796306	6
0.404297764969358	1.34877437528801	0.2	0.083	1	chr15-41876415-41878845	6
0.404297764969358	1.32628345807071	0.2	0.083	1	chr15-45022673-45025182	6
0.404297764969358	1.21886441862354	0.2	0.083	1	chr15-51621669-51623969	6
0.404297764969358	1.31518607815281	0.2	0.083	1	chr15-52974266-52976644	6
0.404297764969358	1.17770557863774	0.2	0.083	1	chr15-80693863-80696840	6
0.404297764969358	1.25727446769179	0.2	0.083	1	chr15-83053012-83053687	6
0.404297764969358	1.29090253223736	0.2	0.083	1	chr15-83930345-83931428	6
0.404297764969358	1.24006555201872	0.2	0.083	1	chr15-90839139-90840240	6
0.404297764969358	1.28169311834864	0.2	0.083	1	chr15-99434993-99436273	6
0.404297764969358	1.2578696984584	0.2	0.083	1	chr16-4216989-4218578	6
0.404297764969358	1.11415787037408	0.2	0.083	1	chr16-8718609-8719609	6
0.404297764969358	1.22711584718996	0.2	0.083	1	chr16-35559606-35561789	6
0.404297764969358	1.71550048010937	0.2	0.083	1	chr16-88758479-88764090	6
0.404297764969358	1.19397146077063	0.2	0.083	1	chr17-1999278-2000603	6
0.404297764969358	1.30711691037533	0.2	0.083	1	chr17-21098694-21100256	6
0.404297764969358	1.32709603595206	0.2	0.083	1	chr17-37088331-37089521	6
0.404297764969358	1.25134855415677	0.2	0.083	1	chr17-38703582-38706444	6
0.404297764969358	1.39692965403016	0.2	0.083	1	chr17-40031816-40033078	6
0.404297764969358	1.23212832447788	0.2	0.083	1	chr17-49360137-49363137	6
0.404297764969358	1.14412024239968	0.2	0.083	1	chr17-80414079-80415912	6
0.404297764969358	1.26058602519646	0.2	0.083	1	chr17-81118057-81120868	6
0.404297764969358	1.13250671153415	0.2	0.083	1	chr17-81976297-81979266	6
0.404297764969358	1.3536938015385	0.2	0.083	1	chr18-14430685-14432720	6
0.404297764969358	1.21835213832	0.2	0.083	1	chr18-32623866-32625645	6
0.404297764969358	1.23219686065706	0.2	0.083	1	chr18-62324792-62326637	6
0.404297764969358	1.22458917617414	0.2	0.083	1	chr18-75827445-75828778	6
0.404297764969358	1.20697321531839	0.2	0.083	1	chr19-11504577-11506585	6
0.404297764969358	1.34550981832416	0.2	0.083	1	chr19-49855166-49862146	6
0.404297764969358	1.21686818766288	0.2	0.083	1	chr20-46683300-46684911	6
0.404297764969358	1.28287870442075	0.2	0.083	1	chr21-34887699-34890484	6
0.404297764969358	1.28432545024057	0.2	0.083	1	chr22-17637536-17640090	6
0.404297764969358	1.2957021767669	0.2	0.083	1	chr22-19961898-19963958	6
0.404297764969358	1.21056058845975	0.2	0.083	1	chr22-30304116-30306308	6
0.404297764969358	1.40084945309333	0.2	0.083	1	chr22-38177530-38178642	6
0.404297764969358	1.32912273165989	0.2	0.083	1	chr22-38923638-38925097	6
0.404297764969358	1.31787356296546	0.2	0.083	1	chrX-15854073-15855963	6
0.404297764969358	1.27727247191506	0.2	0.083	1	chrX-49073412-49074741	6
0.404297764969358	1.17805219149134	0.2	0.083	1	chrX-104156256-104157696	6
0.404297764969358	1.20703943400577	0.2	0.083	1	chrX-129905535-129906707	6
0.406124176036699	0.554501290048683	0.52	0.333	1	chr17-81865385-81873206	6
0.407870978340584	0.555914040957757	0.56	0.417	1	chr1-230977119-230980264	6
0.410566935904491	0.748535406645126	0.36	0.167	1	chr5-91125543-91129038	6
0.410566935904491	0.682184517597565	0.36	0.167	1	chr6-11092821-11095299	6
0.41148929854578	0.696309414410175	0.44	0.333	1	chr2-118087511-118089920	6
0.41148929854578	0.649639920319481	0.44	0.333	1	chr10-117003223-117007561	6
0.416184601321854	0.528072112571637	0.48	0.417	1	chr11-819000-822901	6
0.418549731363053	0.802784164013608	0.32	0.167	1	chr1-26959166-26961320	6
0.418549731363053	0.798465246177737	0.32	0.167	1	chr1-156281175-156285110	6
0.418549731363053	0.567502674896795	0.32	0.167	1	chr2-171432960-171435331	6
0.418549731363053	0.845149286899147	0.32	0.167	1	chr2-173570905-173572772	6
0.418549731363053	0.716031801587393	0.32	0.167	1	chr3-20054435-20057887	6
0.418549731363053	0.74773005942085	0.32	0.167	1	chr3-49006152-49008608	6
0.418549731363053	0.701707051161458	0.32	0.167	1	chr4-186189766-186192948	6
0.418549731363053	0.830708155851853	0.32	0.167	1	chr6-44245370-44249623	6
0.418549731363053	0.733366418897965	0.32	0.167	1	chr6-150004384-150005987	6
0.418549731363053	0.90293166100271	0.32	0.167	1	chr6-158999028-159001013	6
0.418549731363053	0.787081033945555	0.32	0.167	1	chr9-68779281-68781069	6
0.418549731363053	0.890933737985381	0.32	0.167	1	chr16-4270675-4274289	6
0.418549731363053	0.855329287801204	0.32	0.167	1	chr17-50199609-50201132	6
0.422075478722304	0.930982486416083	0.32	0.25	1	chr11-126210646-126212631	6
0.422422104275936	0.345939294231126	0.52	0.583	1	chr1-173473816-173480437	6
0.422422104275936	0.459573763804675	0.56	0.5	1	chr8-76998839-77001522	6
0.423648682052307	0.644004277383076	0.4	0.333	1	chr3-25662962-25665644	6
0.423910663652509	0.74901041568356	0.36	0.25	1	chr1-226406227-226408664	6
0.423910663652509	0.684866449922662	0.36	0.25	1	chr2-96760193-96761703	6
0.423910663652509	0.739384649117257	0.36	0.25	1	chr4-143183626-143187016	6
0.423910663652509	0.824815490981528	0.36	0.25	1	chr11-68870395-68873672	6
0.423910663652509	0.761899138066541	0.36	0.25	1	chr11-119106665-119108814	6
0.423910663652509	0.777634833136063	0.36	0.25	1	chr11-121257283-121258829	6
0.424358339813252	0.676617390985089	0.4	0.25	1	chr1-150362692-150367044	6
0.424358339813252	0.542417686437321	0.4	0.25	1	chr8-144900006-144903192	6
0.424358339813252	0.541074483528004	0.4	0.25	1	chr17-64974808-64976516	6
0.425328346277673	0.893347161318975	0.28	0.167	1	chr1-145998098-146000324	6
0.425328346277673	0.9590924246645	0.28	0.167	1	chr2-43595237-43597047	6
0.425328346277673	0.86532046571871	0.28	0.167	1	chr3-128725536-128730019	6
0.425328346277673	0.85515042686278	0.28	0.167	1	chr4-17613485-17615517	6
0.425328346277673	0.966923660640319	0.28	0.167	1	chr5-139146705-139150435	6
0.425328346277673	1.00674047281001	0.28	0.167	1	chr8-58552524-58554339	6
0.425328346277673	1.13759165144402	0.28	0.167	1	chr11-1297630-1299786	6
0.425328346277673	0.858450380842529	0.28	0.167	1	chr11-43942137-43945370	6
0.425328346277673	1.02612609105277	0.28	0.167	1	chr11-62545356-62549844	6
0.425328346277673	1.05725222138586	0.28	0.167	1	chr11-68019953-68021847	6
0.425328346277673	0.870916296453697	0.28	0.167	1	chr11-125887305-125888646	6
0.425328346277673	0.943070712780381	0.28	0.167	1	chr12-19128473-19131610	6
0.425328346277673	0.953583543058484	0.28	0.167	1	chr12-80924933-80927107	6
0.425328346277673	0.8998617249376	0.28	0.167	1	chr12-111684988-111687733	6
0.425328346277673	0.791199347100448	0.28	0.167	1	chr14-77799601-77800978	6
0.425328346277673	0.982378835351136	0.28	0.167	1	chr14-90511824-90514677	6
0.425328346277673	0.858899022233598	0.28	0.167	1	chr19-38057713-38059264	6
0.432478015674647	0.534863896776097	0.56	0.333	1	chr14-105489220-105493062	6
0.432478015674647	0.650941727415812	0.52	0.417	1	chr11-18633700-18635234	6
0.432478015674647	0.540360317459813	0.52	0.417	1	chr11-126113087-126116727	6
0.433376657869366	1.21683764428913	0.2	0.083	1	chr1-7770607-7772463	6
0.433376657869366	0.942564470288476	0.2	0.083	1	chr1-10665610-10670704	6
0.433376657869366	1.06431605189733	0.2	0.083	1	chr1-25543120-25544274	6
0.433376657869366	0.984090010572185	0.2	0.083	1	chr1-39025643-39027729	6
0.433376657869366	1.1452117466692	0.2	0.083	1	chr1-45205572-45207245	6
0.433376657869366	1.17962654728903	0.2	0.083	1	chr1-51733305-51734756	6
0.433376657869366	1.06668864351075	0.2	0.083	1	chr1-107936278-107937175	6
0.433376657869366	1.18737520420876	0.2	0.083	1	chr1-151611202-151613039	6
0.433376657869366	1.19661804008661	0.2	0.083	1	chr1-155139169-155140999	6
0.433376657869366	1.22919337360436	0.2	0.083	1	chr1-164830434-164831641	6
0.433376657869366	1.02211188577356	0.2	0.083	1	chr1-197914711-197917780	6
0.433376657869366	1.20452412571528	0.2	0.083	1	chr1-201647913-201650846	6
0.433376657869366	1.04277702344116	0.2	0.083	1	chr1-203795075-203796834	6
0.433376657869366	1.10952581389306	0.2	0.083	1	chr1-234477738-234479631	6
0.433376657869366	1.1835751558337	0.2	0.083	1	chr2-20465560-20467804	6
0.433376657869366	1.17859175580275	0.2	0.083	1	chr2-74506634-74508657	6
0.433376657869366	1.21135805645637	0.2	0.083	1	chr2-88054229-88056423	6
0.433376657869366	1.06275552822942	0.2	0.083	1	chr2-190466995-190470684	6
0.433376657869366	1.2191394708898	0.2	0.083	1	chr2-191382468-191383425	6
0.433376657869366	1.172802521246	0.2	0.083	1	chr2-206764602-206766268	6
0.433376657869366	1.1750200927319	0.2	0.083	1	chr2-229713948-229716237	6
0.433376657869366	1.20136334921801	0.2	0.083	1	chr2-231197781-231199655	6
0.433376657869366	0.704250705574405	0.2	0.083	1	chr2-235493381-235497366	6
0.433376657869366	1.07681365793792	0.2	0.083	1	chr3-15097920-15099978	6
0.433376657869366	0.933677574267867	0.2	0.083	1	chr3-128319550-128324278	6
0.433376657869366	1.06138356242496	0.2	0.083	1	chr3-172039056-172040908	6
0.433376657869366	1.19569306535784	0.2	0.083	1	chr3-188978247-188980672	6
0.433376657869366	1.20930616087193	0.2	0.083	1	chr3-194070632-194071739	6
0.433376657869366	0.907167826144681	0.2	0.083	1	chr3-197002395-197004636	6
0.433376657869366	1.24041709753267	0.2	0.083	1	chr4-1129970-1131568	6
0.433376657869366	1.15957146233593	0.2	0.083	1	chr4-47972140-47973513	6
0.433376657869366	1.10699002915769	0.2	0.083	1	chr4-89056538-89057679	6
0.433376657869366	1.14769818700362	0.2	0.083	1	chr5-58582088-58583528	6
0.433376657869366	0.959784388559361	0.2	0.083	1	chr5-77086376-77088514	6
0.433376657869366	1.10622216108038	0.2	0.083	1	chr6-15089419-15090690	6
0.433376657869366	1.08374387880057	0.2	0.083	1	chr6-28895231-28898758	6
0.433376657869366	1.19951474349336	0.2	0.083	1	chr6-31540986-31543089	6
0.433376657869366	1.16602672817542	0.2	0.083	1	chr6-36245457-36246402	6
0.433376657869366	1.12826858766848	0.2	0.083	1	chr6-132270476-132271667	6
0.433376657869366	1.10423447446335	0.2	0.083	1	chr6-149760276-149761941	6
0.433376657869366	1.05651000854011	0.2	0.083	1	chr6-153563248-153565340	6
0.433376657869366	1.1621227509929	0.2	0.083	1	chr6-154881857-154882788	6
0.433376657869366	0.935046292578146	0.2	0.083	1	chr7-2477357-2479591	6
0.433376657869366	1.17686609157034	0.2	0.083	1	chr7-41065553-41066471	6
0.433376657869366	0.941402502086169	0.2	0.083	1	chr8-144513836-144518897	6
0.433376657869366	1.1785943665636	0.2	0.083	1	chr8-144790273-144794072	6
0.433376657869366	1.08831375992949	0.2	0.083	1	chr9-113287157-113288599	6
0.433376657869366	1.11563585221772	0.2	0.083	1	chr9-114619004-114619958	6
0.433376657869366	1.12525755191604	0.2	0.083	1	chr10-29101863-29103131	6
0.433376657869366	1.0348003547218	0.2	0.083	1	chr10-121572560-121574073	6
0.433376657869366	1.12620589637541	0.2	0.083	1	chr11-986179-987319	6
0.433376657869366	1.21573757477257	0.2	0.083	1	chr11-3892863-3895593	6
0.433376657869366	1.12435627526858	0.2	0.083	1	chr11-33690810-33692628	6
0.433376657869366	0.963530659666526	0.2	0.083	1	chr11-63868779-63870046	6
0.433376657869366	0.859432220672896	0.2	0.083	1	chr11-65900165-65900995	6
0.433376657869366	0.8251745774345	0.2	0.083	1	chr11-72780677-72782969	6
0.433376657869366	1.11394404813216	0.2	0.083	1	chr11-93234355-93235242	6
0.433376657869366	1.27716666165333	0.2	0.083	1	chr11-108474491-108476119	6
0.433376657869366	1.18660027157238	0.2	0.083	1	chr12-52633879-52634995	6
0.433376657869366	1.16522678165315	0.2	0.083	1	chr12-81516436-81519771	6
0.433376657869366	1.27579427814402	0.2	0.083	1	chr12-105220236-105222270	6
0.433376657869366	1.21534278037992	0.2	0.083	1	chr12-109713115-109714764	6
0.433376657869366	1.02593841271068	0.2	0.083	1	chr12-121811178-121813629	6
0.433376657869366	1.06944809201031	0.2	0.083	1	chr12-124827526-124829694	6
0.433376657869366	1.04509771870396	0.2	0.083	1	chr12-124836874-124839129	6
0.433376657869366	1.15144153137919	0.2	0.083	1	chr12-127059911-127061595	6
0.433376657869366	1.16777631098496	0.2	0.083	1	chr13-26982869-26983758	6
0.433376657869366	1.06140099635635	0.2	0.083	1	chr14-52706323-52708076	6
0.433376657869366	1.13959584096	0.2	0.083	1	chr14-60664736-60665827	6
0.433376657869366	1.0636570681832	0.2	0.083	1	chr14-63178616-63180175	6
0.433376657869366	1.18960434037291	0.2	0.083	1	chr14-68255260-68256545	6
0.433376657869366	0.950839861575581	0.2	0.083	1	chr14-81435261-81436999	6
0.433376657869366	1.18096460391141	0.2	0.083	1	chr14-89422364-89423333	6
0.433376657869366	1.16997329737943	0.2	0.083	1	chr14-101759936-101762518	6
0.433376657869366	0.968132525388916	0.2	0.083	1	chr15-31870016-31871533	6
0.433376657869366	1.17648372673752	0.2	0.083	1	chr15-45634219-45636129	6
0.433376657869366	1.1699520299987	0.2	0.083	1	chr15-82849229-82850619	6
0.433376657869366	1.13835488545026	0.2	0.083	1	chr16-2775975-2779068	6
0.433376657869366	1.14832364839301	0.2	0.083	1	chr16-4402350-4403258	6
0.433376657869366	1.2108163600243	0.2	0.083	1	chr16-12097127-12098314	6
0.433376657869366	1.14805700236215	0.2	0.083	1	chr16-23182091-23183161	6
0.433376657869366	0.978221875246553	0.2	0.083	1	chr16-28862373-28864890	6
0.433376657869366	1.24363885452231	0.2	0.083	1	chr16-58603149-58604749	6
0.433376657869366	1.15878380869172	0.2	0.083	1	chr16-88615882-88618830	6
0.433376657869366	1.0448485949507	0.2	0.083	1	chr16-90081644-90082789	6
0.433376657869366	1.12121784592071	0.2	0.083	1	chr17-7222566-7225024	6
0.433376657869366	1.15177244542812	0.2	0.083	1	chr17-19247421-19249593	6
0.433376657869366	1.08310574471279	0.2	0.083	1	chr17-36600894-36603287	6
0.433376657869366	1.19747215043532	0.2	0.083	1	chr17-37283567-37284495	6
0.433376657869366	0.903007148824368	0.2	0.083	1	chr17-45583284-45586545	6
0.433376657869366	1.22889718731413	0.2	0.083	1	chr17-61946174-61948061	6
0.433376657869366	1.14395130299089	0.2	0.083	1	chr17-75010678-75014242	6
0.433376657869366	1.17354067542998	0.2	0.083	1	chr17-75588724-75590304	6
0.433376657869366	1.19101514366812	0.2	0.083	1	chr17-82028995-82032641	6
0.433376657869366	1.21796730038819	0.2	0.083	1	chr18-3256599-3257820	6
0.433376657869366	0.947022324513326	0.2	0.083	1	chr18-23330678-23331989	6
0.433376657869366	1.25161039135886	0.2	0.083	1	chr18-27846889-27848073	6
0.433376657869366	1.28128787455926	0.2	0.083	1	chr19-5686180-5687732	6
0.433376657869366	1.02782822886091	0.2	0.083	1	chr19-6110090-6111456	6
0.433376657869366	0.799737737467035	0.2	0.083	1	chr19-9826520-9828908	6
0.433376657869366	0.937830370892077	0.2	0.083	1	chr19-10193779-10195563	6
0.433376657869366	1.26286074403018	0.2	0.083	1	chr19-45404097-45407042	6
0.433376657869366	1.13514871547049	0.2	0.083	1	chr21-17088806-17089822	6
0.433376657869366	0.98427928085287	0.2	0.083	1	chr21-33265588-33266856	6
0.433376657869366	1.17728899441457	0.2	0.083	1	chr21-36245592-36246959	6
0.433376657869366	1.23025937967582	0.2	0.083	1	chr21-36989455-36990786	6
0.433376657869366	1.09900665353421	0.2	0.083	1	chrX-45506138-45507681	6
0.433376657869366	1.18972467555765	0.2	0.083	1	chrX-119235794-119237772	6
0.433376657869366	0.967197647856852	0.2	0.083	1	chrX-136046201-136048257	6
0.433770957063047	0.466211963917304	0.36	0.167	1	chr5-177401592-177405209	6
0.436741179404561	0.59585816678738	0.48	0.417	1	chr11-119055864-119058501	6
0.44039969056563	0.57845446389222	0.48	0.333	1	chr1-225921467-225925105	6
0.442434343286135	0.487859960895578	0.56	0.5	1	chr3-168094547-168097026	6
0.442810575776162	0.557056233642889	0.32	0.167	1	chr6-41784483-41788419	6
0.442810575776162	0.423276341569921	0.32	0.167	1	chr14-31205621-31208823	6
0.442810575776162	0.734654413631123	0.32	0.167	1	chr16-67922279-67924874	6
0.442810575776162	0.586901861385331	0.32	0.167	1	chr18-32018087-32020295	6
0.445527256157222	0.748984860955437	0.4	0.333	1	chr16-50741098-50742819	6
0.445651620657739	0.673500376767801	0.32	0.25	1	chr1-230185130-230187266	6
0.445651620657739	0.659191314141588	0.32	0.25	1	chr21-30215550-30216811	6
0.446752151658905	0.584676634389584	0.4	0.25	1	chr1-201395879-201401412	6
0.446752151658905	0.720459636357651	0.4	0.25	1	chr10-89700824-89702633	6
0.446752151658905	0.704245475388671	0.4	0.25	1	chr11-12673647-12675615	6
0.446752151658905	0.668141653465084	0.4	0.25	1	chr11-86243957-86246260	6
0.446752151658905	0.727186373386627	0.4	0.25	1	chr11-117177616-117180071	6
0.446867629449337	0.705640505962625	0.36	0.25	1	chr1-13798720-13802251	6
0.446867629449337	0.721868416476761	0.36	0.25	1	chr3-184710702-184712812	6
0.446867629449337	0.713226829685471	0.36	0.25	1	chr5-32329070-32332344	6
0.446867629449337	0.762971582484854	0.36	0.25	1	chr11-3807612-3809729	6
0.446867629449337	0.766155043096069	0.36	0.25	1	chr11-68312194-68315905	6
0.446867629449337	0.694363460686206	0.36	0.25	1	chr12-105214043-105216442	6
0.446867629449337	0.602404551427801	0.36	0.25	1	chr14-21475907-21478123	6
0.448046666486908	0.547454886805523	0.56	0.417	1	chr1-226121217-226125830	6
0.449947280891112	0.522827580546707	0.68	0.417	1	chr11-72078987-72082688	6
0.45077791262028	0.827487975632918	0.28	0.167	1	chr1-39574323-39577382	6
0.45077791262028	0.908051666370959	0.28	0.167	1	chr1-44293469-44295130	6
0.45077791262028	0.828653473246399	0.28	0.167	1	chr1-54715309-54716666	6
0.45077791262028	0.915377105825926	0.28	0.167	1	chr1-160341995-160344267	6
0.45077791262028	0.822628304315447	0.28	0.167	1	chr1-241639236-241641551	6
0.45077791262028	0.791740575909646	0.28	0.167	1	chr2-38874997-38876859	6
0.45077791262028	0.931554005814864	0.28	0.167	1	chr2-178193248-178195814	6
0.45077791262028	0.809446511995703	0.28	0.167	1	chr3-9897418-9899740	6
0.45077791262028	0.84400976272473	0.28	0.167	1	chr3-138833221-138835758	6
0.45077791262028	0.875090623256493	0.28	0.167	1	chr3-159621564-159623002	6
0.45077791262028	0.904348059370998	0.28	0.167	1	chr5-111511733-111513491	6
0.45077791262028	0.740841687649746	0.28	0.167	1	chr5-113425576-113426725	6
0.45077791262028	0.838604500251305	0.28	0.167	1	chr6-7909125-7911429	6
0.45077791262028	0.904164263589737	0.28	0.167	1	chr7-1503333-1505100	6
0.45077791262028	0.88234321512918	0.28	0.167	1	chr7-101216588-101219212	6
0.45077791262028	0.865366855981851	0.28	0.167	1	chr7-149771186-149774852	6
0.45077791262028	0.735938012779712	0.28	0.167	1	chr8-57224686-57226213	6
0.45077791262028	0.735352974484345	0.28	0.167	1	chr9-110206279-110208696	6
0.45077791262028	0.809487564013867	0.28	0.167	1	chr10-75232409-75236579	6
0.45077791262028	0.954232666534965	0.28	0.167	1	chr11-43311401-43313573	6
0.45077791262028	0.971234630289754	0.28	0.167	1	chr11-61832171-61835363	6
0.45077791262028	0.884483518216302	0.28	0.167	1	chr11-62600433-62603378	6
0.45077791262028	0.828207760022521	0.28	0.167	1	chr11-79189281-79190447	6
0.45077791262028	0.921734924323468	0.28	0.167	1	chr12-107758677-107761794	6
0.45077791262028	0.829177732508764	0.28	0.167	1	chr12-122399009-122401162	6
0.45077791262028	0.852229159942193	0.28	0.167	1	chr14-61537025-61539492	6
0.45077791262028	1.01756430112243	0.28	0.167	1	chr14-68977638-68980647	6
0.45077791262028	0.95686642368693	0.28	0.167	1	chr16-14548946-14550550	6
0.45077791262028	0.776910382657987	0.28	0.167	1	chr17-2395516-2397616	6
0.45077791262028	0.892180416062636	0.28	0.167	1	chr17-57090462-57093628	6
0.45077791262028	0.784811191894917	0.28	0.167	1	chr20-25309371-25311510	6
0.45077791262028	0.905578109974254	0.28	0.167	1	chr20-35146462-35148203	6
0.453211782648427	0.458829498417636	0.52	0.417	1	chr1-154935964-154938351	6
0.453211782648427	0.428098164430752	0.52	0.417	1	chr3-38132977-38139895	6
0.453211782648427	0.30204081520959	0.48	0.5	1	chr8-127851369-127855715	6
0.454295307075541	0.606909455560931	0.44	0.333	1	chr6-32194911-32196811	6
0.454295307075541	0.455857690364184	0.44	0.333	1	chr7-128454982-128457870	6
0.457312878542326	1.28270532535565	0.24	0.167	1	chr1-201373784-201382780	6
0.457312878542326	1.05891055149873	0.24	0.167	1	chr3-183634974-183637573	6
0.457312878542326	1.07967478863282	0.24	0.167	1	chr4-143512681-143515269	6
0.457312878542326	1.03813871861653	0.24	0.167	1	chr11-63944443-63946393	6
0.457312878542326	0.924665475090874	0.24	0.167	1	chr11-65470848-65472628	6
0.457312878542326	0.840343289089192	0.24	0.167	1	chr19-8320405-8325266	6
0.461953543650138	0.565007995629178	0.48	0.333	1	chr1-163320852-163322995	6
0.461953543650138	0.628844209529651	0.48	0.333	1	chr7-35799923-35802825	6
0.461953543650138	0.627344972399453	0.48	0.333	1	chr11-67628747-67631230	6
0.463629840517563	0.798857920317471	0.2	0.083	1	chr1-15833010-15836670	6
0.463629840517563	0.399185169924126	0.2	0.083	1	chr1-42338622-42341384	6
0.463629840517563	0.722872500429015	0.2	0.083	1	chr1-150925541-150926905	6
0.463629840517563	0.633423424147944	0.2	0.083	1	chr1-176592887-176594147	6
0.463629840517563	0.652493947468357	0.2	0.083	1	chr1-207796921-207802285	6
0.463629840517563	0.95063612191866	0.2	0.083	1	chr1-210464100-210465231	6
0.463629840517563	1.02409932620945	0.2	0.083	1	chr1-219812123-219813244	6
0.463629840517563	0.650736107743628	0.2	0.083	1	chr1-233714123-233715699	6
0.463629840517563	0.874772022724943	0.2	0.083	1	chr2-47344510-47345908	6
0.463629840517563	0.947293479326114	0.2	0.083	1	chr2-120347601-120349326	6
0.463629840517563	0.787994455445491	0.2	0.083	1	chr2-241101034-241103708	6
0.463629840517563	0.906061110976526	0.2	0.083	1	chr3-15063947-15065841	6
0.463629840517563	0.644146301855003	0.2	0.083	1	chr3-98592591-98594391	6
0.463629840517563	0.707999785293852	0.2	0.083	1	chr3-120566372-120569023	6
0.463629840517563	0.978322300147168	0.2	0.083	1	chr3-187749785-187751227	6
0.463629840517563	1.13722522623937	0.2	0.083	1	chr3-194096784-194098726	6
0.463629840517563	0.748537257219994	0.2	0.083	1	chr4-26124395-26125578	6
0.463629840517563	0.757341254932833	0.2	0.083	1	chr5-10746469-10747400	6
0.463629840517563	0.833214769816439	0.2	0.083	1	chr5-14309405-14310852	6
0.463629840517563	0.783442511210408	0.2	0.083	1	chr5-139560488-139563239	6
0.463629840517563	0.950295741420534	0.2	0.083	1	chr6-12331286-12332598	6
0.463629840517563	0.588797683601652	0.2	0.083	1	chr6-30882475-30887037	6
0.463629840517563	0.742365207368982	0.2	0.083	1	chr6-110661494-110663651	6
0.463629840517563	0.828117621988162	0.2	0.083	1	chr6-151026834-151028242	6
0.463629840517563	0.94105783966364	0.2	0.083	1	chr6-152090925-152092283	6
0.463629840517563	0.809988085627899	0.2	0.083	1	chr6-156685822-156688136	6
0.463629840517563	1.08386954201728	0.2	0.083	1	chr7-25949622-25952039	6
0.463629840517563	0.757431908999997	0.2	0.083	1	chr7-36036406-36038613	6
0.463629840517563	0.943785866322001	0.2	0.083	1	chr7-41730248-41731340	6
0.463629840517563	0.914229331897034	0.2	0.083	1	chr7-74993404-74994565	6
0.463629840517563	0.847047244947952	0.2	0.083	1	chr7-127730866-127732685	6
0.463629840517563	1.06604870497719	0.2	0.083	1	chr7-133853520-133855147	6
0.463629840517563	0.658773590517411	0.2	0.083	1	chr7-138563449-138565139	6
0.463629840517563	0.949859614108035	0.2	0.083	1	chr8-80726996-80728165	6
0.463629840517563	0.867404798407275	0.2	0.083	1	chr9-2241469-2242841	6
0.463629840517563	1.08961145677844	0.2	0.083	1	chr9-132669154-132671582	6
0.463629840517563	0.918297383609896	0.2	0.083	1	chr10-63132683-63134753	6
0.463629840517563	0.876886137398202	0.2	0.083	1	chr10-90846678-90848231	6
0.463629840517563	1.08108087232944	0.2	0.083	1	chr11-35969318-35970593	6
0.463629840517563	0.875758141133712	0.2	0.083	1	chr11-67606233-67607906	6
0.463629840517563	1.09816112987472	0.2	0.083	1	chr11-82314926-82315568	6
0.463629840517563	0.84006638243163	0.2	0.083	1	chr11-102476215-102477498	6
0.463629840517563	0.799710621224637	0.2	0.083	1	chr12-47244522-47248247	6
0.463629840517563	0.997817519903141	0.2	0.083	1	chr12-85036028-85037071	6
0.463629840517563	1.04625296102265	0.2	0.083	1	chr12-116918065-116920585	6
0.463629840517563	0.616174590380956	0.2	0.083	1	chr12-121839163-121840376	6
0.463629840517563	0.996720132994164	0.2	0.083	1	chr12-123695885-123697153	6
0.463629840517563	0.970118856328492	0.2	0.083	1	chr14-23055830-23058904	6
0.463629840517563	0.774817985587621	0.2	0.083	1	chr14-61355565-61356611	6
0.463629840517563	1.0747610646138	0.2	0.083	1	chr14-69653803-69654777	6
0.463629840517563	0.830260826489978	0.2	0.083	1	chr14-75002145-75003892	6
0.463629840517563	1.0160004145684	0.2	0.083	1	chr15-40382146-40383531	6
0.463629840517563	0.854119049109058	0.2	0.083	1	chr15-64825038-64826448	6
0.463629840517563	1.09456796789379	0.2	0.083	1	chr16-30804956-30806859	6
0.463629840517563	1.1043623254437	0.2	0.083	1	chr16-67109243-67111862	6
0.463629840517563	1.03278995552613	0.2	0.083	1	chr16-84356012-84357689	6
0.463629840517563	0.849592524332901	0.2	0.083	1	chr17-4554256-4556144	6
0.463629840517563	0.958609152278588	0.2	0.083	1	chr17-4795816-4796999	6
0.463629840517563	1.06018233284665	0.2	0.083	1	chr17-35930015-35931160	6
0.463629840517563	0.446728500226209	0.2	0.083	1	chr17-41916874-41920685	6
0.463629840517563	0.474115476408808	0.2	0.083	1	chr17-68246942-68248881	6
0.463629840517563	0.663472596997837	0.2	0.083	1	chr17-78039861-78042090	6
0.463629840517563	0.867212415044243	0.2	0.083	1	chr19-32923942-32924920	6
0.463629840517563	0.821895439116877	0.2	0.083	1	chr19-42396273-42398204	6
0.463629840517563	1.05232690442793	0.2	0.083	1	chr20-3785935-3787779	6
0.463629840517563	0.959262070430065	0.2	0.083	1	chr20-9838108-9839682	6
0.463629840517563	0.994343095685039	0.2	0.083	1	chr20-62357927-62359477	6
0.463629840517563	0.673330881267776	0.2	0.083	1	chr22-23913362-23914600	6
0.463629840517563	1.12850119238122	0.2	0.083	1	chr22-40040508-40041743	6
0.463629840517563	0.634528303243408	0.2	0.083	1	chrX-7131380-7133118	6
0.463629840517563	0.466912487831589	0.2	0.083	1	chrX-71184336-71185764	6
0.463629840517563	0.827396560722253	0.2	0.083	1	chrX-91434395-91435772	6
0.463629840517563	0.962613007863141	0.2	0.083	1	chrX-120559780-120562059	6
0.46785613044757	0.650417441973691	0.32	0.167	1	chr1-89994447-89996623	6
0.46785613044757	0.727719747419285	0.32	0.167	1	chr9-113564329-113567190	6
0.46785613044757	0.726981047056997	0.32	0.167	1	chr9-124867743-124873283	6
0.46785613044757	0.610551150391004	0.32	0.167	1	chrX-1379368-1389740	6
0.468035801902796	0.539862799337953	0.4	0.333	1	chr1-156455981-156458551	6
0.468035801902796	0.541205685395062	0.4	0.333	1	chr14-60090978-60093393	6
0.468035801902796	0.63363962821075	0.4	0.333	1	chr19-12994906-13019374	6
0.469803519517982	0.710484269707595	0.4	0.25	1	chr5-100534571-100536410	6
0.469803519517982	0.667056314318427	0.4	0.25	1	chr6-149564911-149567581	6
0.469803519517982	0.806315527386241	0.4	0.25	1	chr10-95906710-95908598	6
0.469803519517982	0.500620101680019	0.4	0.25	1	chr10-103916713-103919145	6
0.469803519517982	0.681115347830866	0.4	0.25	1	chr11-66438001-66439530	6
0.469803519517982	0.619902512084254	0.4	0.25	1	chr12-12559869-12564452	6
0.469960611817912	1.00251945296924	0.32	0.25	1	chr3-23915644-23922257	6
0.469960611817912	0.684851513738733	0.32	0.25	1	chr3-156553741-156555781	6
0.469960611817912	0.735046126642595	0.32	0.25	1	chr11-95146605-95148420	6
0.469960611817912	0.730391676043842	0.32	0.25	1	chr11-117183644-117185785	6
0.469960611817912	0.876198173038802	0.32	0.25	1	chr14-39265016-39268961	6
0.469960611817912	0.640941102651384	0.32	0.25	1	chr15-58331615-58333643	6
0.469960611817912	0.61135132911898	0.32	0.25	1	chr20-17568258-17571448	6
0.470515868573748	0.582633560969751	0.36	0.25	1	chr1-96721011-96723083	6
0.470515868573748	0.59759199714343	0.36	0.25	1	chr4-17809580-17811634	6
0.470515868573748	0.806328430825894	0.36	0.25	1	chr5-80406914-80409037	6
0.470515868573748	0.685868525214438	0.36	0.25	1	chr5-139272608-139277035	6
0.474495210509789	0.467263679961716	0.56	0.333	1	chr1-244833765-244842498	6
0.474495210509789	0.349308188747873	0.56	0.333	1	chr11-130068614-130072182	6
0.474495210509789	0.408896549774999	0.52	0.417	1	chr14-57609142-57612709	6
0.475779886968137	0.464165893128983	0.68	0.583	1	chr11-85825576-85829197	6
0.476605854446738	0.533945204813202	0.44	0.333	1	chr5-128081515-128084687	6
0.477067962554825	0.669945464879904	0.28	0.167	1	chr1-6197858-6200399	6
0.477067962554825	0.720932096165779	0.28	0.167	1	chr1-99765374-99767473	6
0.477067962554825	0.758974718719686	0.28	0.167	1	chr1-116372672-116378553	6
0.477067962554825	0.751689257364391	0.28	0.167	1	chr1-151398904-151400466	6
0.477067962554825	0.64980110501538	0.28	0.167	1	chr2-32008669-32011836	6
0.477067962554825	0.790370207228233	0.28	0.167	1	chr2-218395591-218401730	6
0.477067962554825	0.691311913848982	0.28	0.167	1	chr3-174954490-174957789	6
0.477067962554825	0.693331696099734	0.28	0.167	1	chr5-890775-894153	6
0.477067962554825	0.73560217589707	0.28	0.167	1	chr6-5456904-5458997	6
0.477067962554825	0.9281540050764	0.28	0.167	1	chr7-24978896-24982302	6
0.477067962554825	0.769666372292175	0.28	0.167	1	chr7-56078765-56080603	6
0.477067962554825	0.736072340166236	0.28	0.167	1	chr8-69763780-69765140	6
0.477067962554825	0.761364294270363	0.28	0.167	1	chr8-144826367-144828754	6
0.477067962554825	0.927375178693319	0.28	0.167	1	chr13-99980030-99984099	6
0.477067962554825	0.664422148037824	0.28	0.167	1	chr16-21952184-21953975	6
0.477067962554825	0.766216460068505	0.28	0.167	1	chr17-81033460-81039500	6
0.477067962554825	1.06086208368314	0.28	0.167	1	chr19-58517860-58522147	6
0.477067962554825	0.733660254951209	0.28	0.167	1	chr20-46088391-46090532	6
0.477067962554825	0.72781842162582	0.28	0.167	1	chr20-50761298-50764592	6
0.477067962554825	0.837901782659281	0.28	0.167	1	chrX-138886387-138887486	6
0.477923743208428	1.35471432014659	0.16	0.083	1	chr1-10634543-10636646	6
0.477923743208428	1.33759351521908	0.16	0.083	1	chr1-41442419-41443592	6
0.477923743208428	1.19983948484775	0.16	0.083	1	chr1-100459030-100460165	6
0.477923743208428	1.17777170888962	0.16	0.083	1	chr1-152458133-152458852	6
0.477923743208428	1.16799495682301	0.16	0.083	1	chr1-165861892-165863219	6
0.477923743208428	1.37434890442225	0.16	0.083	1	chr1-174874988-174875954	6
0.477923743208428	1.18152437776431	0.16	0.083	1	chr1-201592955-201594981	6
0.477923743208428	1.25688803693721	0.16	0.083	1	chr1-204565402-204566644	6
0.477923743208428	1.70351382417592	0.16	0.083	1	chr1-211541330-211543818	6
0.477923743208428	1.16667968156397	0.16	0.083	1	chr1-225754820-225755848	6
0.477923743208428	1.17634163994055	0.16	0.083	1	chr1-227154670-227156065	6
0.477923743208428	1.35647450900792	0.16	0.083	1	chr1-227845965-227847107	6
0.477923743208428	1.20828187240166	0.16	0.083	1	chr1-228902652-228904231	6
0.477923743208428	1.35098353666718	0.16	0.083	1	chr2-37376454-37377538	6
0.477923743208428	1.23984778848896	0.16	0.083	1	chr2-86184672-86185789	6
0.477923743208428	1.44809197850869	0.16	0.083	1	chr2-111184731-111186678	6
0.477923743208428	1.2469310307376	0.16	0.083	1	chr2-121699266-121700741	6
0.477923743208428	1.22655960887967	0.16	0.083	1	chr2-127542601-127543640	6
0.477923743208428	1.19281026921572	0.16	0.083	1	chr2-196068003-196069446	6
0.477923743208428	1.41387290441917	0.16	0.083	1	chr2-230811473-230813144	6
0.477923743208428	1.61802422936092	0.16	0.083	1	chr2-233853640-233856089	6
0.477923743208428	1.09326260229649	0.16	0.083	1	chr2-237478704-237480497	6
0.477923743208428	1.28290307806746	0.16	0.083	1	chr3-124551636-124553515	6
0.477923743208428	1.19772720018399	0.16	0.083	1	chr3-151890559-151891433	6
0.477923743208428	1.42707472860844	0.16	0.083	1	chr3-184298458-184300108	6
0.477923743208428	1.73826753425926	0.16	0.083	1	chr3-186974357-186977916	6
0.477923743208428	1.35585528732387	0.16	0.083	1	chr4-11487468-11490551	6
0.477923743208428	1.42930146120187	0.16	0.083	1	chr4-42216135-42217645	6
0.477923743208428	1.12110641025231	0.16	0.083	1	chr4-77095096-77096015	6
0.477923743208428	1.51909206880065	0.16	0.083	1	chr4-101160110-101162190	6
0.477923743208428	1.53195620602111	0.16	0.083	1	chr4-107862431-107863298	6
0.477923743208428	1.05315462115406	0.16	0.083	1	chr5-15719478-15720875	6
0.477923743208428	1.25946744065803	0.16	0.083	1	chr5-41648661-41650201	6
0.477923743208428	1.17055565819168	0.16	0.083	1	chr5-91047952-91050414	6
0.477923743208428	1.2610826358725	0.16	0.083	1	chr5-141557464-141558284	6
0.477923743208428	1.18068727226028	0.16	0.083	1	chr5-142869695-142870497	6
0.477923743208428	1.04757691983486	0.16	0.083	1	chr6-1088177-1089412	6
0.477923743208428	1.26524428617159	0.16	0.083	1	chr6-3156750-3158022	6
0.477923743208428	1.18411413981696	0.16	0.083	1	chr6-30101438-30103717	6
0.477923743208428	1.19806049408134	0.16	0.083	1	chr6-53512654-53514216	6
0.477923743208428	1.22131682911566	0.16	0.083	1	chr6-78322136-78323075	6
0.477923743208428	1.38144118959532	0.16	0.083	1	chr6-135935531-135937108	6
0.477923743208428	1.18460584487198	0.16	0.083	1	chr7-22350277-22352160	6
0.477923743208428	1.5934585043264	0.16	0.083	1	chr7-38304797-38306828	6
0.477923743208428	1.28328491402781	0.16	0.083	1	chr7-45832524-45833381	6
0.477923743208428	1.57244095699245	0.16	0.083	1	chr7-66859654-66860983	6
0.477923743208428	1.29247833454428	0.16	0.083	1	chr8-1957921-1958689	6
0.477923743208428	1.71354660997024	0.16	0.083	1	chr8-47825453-47827184	6
0.477923743208428	1.6103318662746	0.16	0.083	1	chr8-73147332-73148760	6
0.477923743208428	1.59165010400702	0.16	0.083	1	chr8-100457267-100459599	6
0.477923743208428	1.68999438480878	0.16	0.083	1	chr8-106044967-106046995	6
0.477923743208428	1.37143768542481	0.16	0.083	1	chr9-563454-564536	6
0.477923743208428	1.65471855865079	0.16	0.083	1	chr9-31776142-31777258	6
0.477923743208428	1.51340136287561	0.16	0.083	1	chr9-69346525-69348037	6
0.477923743208428	1.32936329633552	0.16	0.083	1	chr9-72477050-72478890	6
0.477923743208428	1.27853504818882	0.16	0.083	1	chr9-83537885-83539321	6
0.477923743208428	1.39788497609924	0.16	0.083	1	chr9-92654344-92655641	6
0.477923743208428	1.2230459649755	0.16	0.083	1	chr9-112064649-112066786	6
0.477923743208428	1.46459686160278	0.16	0.083	1	chr10-3067159-3069440	6
0.477923743208428	1.34531892102917	0.16	0.083	1	chr10-28938521-28941133	6
0.477923743208428	1.43282505950947	0.16	0.083	1	chr10-32103755-32106683	6
0.477923743208428	1.21237884162168	0.16	0.083	1	chr10-51073777-51075395	6
0.477923743208428	1.458119684433	0.16	0.083	1	chr11-1382698-1383710	6
0.477923743208428	1.37531525617793	0.16	0.083	1	chr11-3697894-3700827	6
0.477923743208428	1.37476093492031	0.16	0.083	1	chr11-9285976-9286789	6
0.477923743208428	1.32995483058905	0.16	0.083	1	chr11-58561229-58562886	6
0.477923743208428	1.09017151330385	0.16	0.083	1	chr11-62081410-62082499	6
0.477923743208428	1.51830766454922	0.16	0.083	1	chr11-74325447-74326161	6
0.477923743208428	1.31094336798406	0.16	0.083	1	chr11-92964280-92965109	6
0.477923743208428	1.26834749979829	0.16	0.083	1	chr11-119474465-119475288	6
0.477923743208428	1.37002565882341	0.16	0.083	1	chr11-130636603-130639711	6
0.477923743208428	1.78813347420978	0.16	0.083	1	chr12-2876311-2878456	6
0.477923743208428	1.38615762332627	0.16	0.083	1	chr12-8285445-8286214	6
0.477923743208428	1.56753096665253	0.16	0.083	1	chr12-53220223-53222078	6
0.477923743208428	1.10666850870993	0.16	0.083	1	chr12-53658359-53660406	6
0.477923743208428	1.45861741504123	0.16	0.083	1	chr12-60709732-60711635	6
0.477923743208428	1.28796461225779	0.16	0.083	1	chr12-91893338-91894121	6
0.477923743208428	1.37979474231942	0.16	0.083	1	chr13-42283519-42284884	6
0.477923743208428	1.21104691616226	0.16	0.083	1	chr13-94169967-94170778	6
0.477923743208428	1.33232935715314	0.16	0.083	1	chr13-114234558-114236046	6
0.477923743208428	1.12966746348574	0.16	0.083	1	chr14-65593809-65594995	6
0.477923743208428	1.31017401653568	0.16	0.083	1	chr14-75577405-75580273	6
0.477923743208428	1.28387912650865	0.16	0.083	1	chr14-90507992-90511066	6
0.477923743208428	1.54700396857004	0.16	0.083	1	chr15-51994687-51995878	6
0.477923743208428	1.19158832063151	0.16	0.083	1	chr16-11164260-11165136	6
0.477923743208428	1.37035559075314	0.16	0.083	1	chr16-12898586-12900616	6
0.477923743208428	1.27343437368886	0.16	0.083	1	chr16-75564807-75567265	6
0.477923743208428	1.20670551000762	0.16	0.083	1	chr16-77905262-77906002	6
0.477923743208428	1.27475935932357	0.16	0.083	1	chr16-89353071-89354825	6
0.477923743208428	1.15777823308474	0.16	0.083	1	chr17-699212-700680	6
0.477923743208428	1.51538286200517	0.16	0.083	1	chr17-39651914-39653205	6
0.477923743208428	1.45024859193854	0.16	0.083	1	chr17-69500505-69502636	6
0.477923743208428	1.27184568519159	0.16	0.083	1	chr18-50158592-50160137	6
0.477923743208428	1.05637836352996	0.16	0.083	1	chr18-74255017-74255843	6
0.477923743208428	1.36093715557671	0.16	0.083	1	chr19-36572614-36574525	6
0.477923743208428	1.26134627446569	0.16	0.083	1	chr19-48332261-48334406	6
0.477923743208428	1.47387932137139	0.16	0.083	1	chr19-48645885-48646974	6
0.477923743208428	1.28163277835071	0.16	0.083	1	chr19-51570806-51571729	6
0.477923743208428	1.18759900656862	0.16	0.083	1	chr20-34215551-34216727	6
0.477923743208428	1.45337608310106	0.16	0.083	1	chr21-44049120-44053238	6
0.477923743208428	1.5603142460435	0.16	0.083	1	chrX-44872076-44875136	6
0.477923743208428	1.5282873804856	0.16	0.083	1	chrX-47482050-47484251	6
0.477923743208428	1.38381636396773	0.16	0.083	1	chrX-135984657-135986039	6
0.484083887181094	0.64774184626652	0.48	0.333	1	chr11-85662980-85665629	6
0.484083887181094	0.381036217722038	0.48	0.333	1	chr18-50878203-50880365	6
0.484083887181094	0.478001256752739	0.44	0.417	1	chr15-76309643-76315058	6
0.485032342752581	0.983301750213189	0.24	0.167	1	chr3-45966944-45968982	6
0.485032342752581	0.914071673026175	0.24	0.167	1	chr9-125199207-125201413	6
0.485032342752581	0.791128098305145	0.24	0.167	1	chr12-3313608-3316058	6
0.485032342752581	1.1573015603967	0.24	0.167	1	chr12-31072805-31074963	6
0.485032342752581	0.920007171564019	0.24	0.167	1	chr16-50024563-50026487	6
0.491160414853444	0.431611233563926	0.4	0.333	1	chr4-3954298-3957976	6
0.491160414853444	0.690098872179494	0.4	0.333	1	chr8-98943333-98946437	6
0.493497440947054	0.498661906991367	0.4	0.25	1	chr1-176205353-176208581	6
0.493497440947054	0.470254912739316	0.4	0.25	1	chr4-165111832-165114007	6
0.493497440947054	0.698038055354693	0.4	0.25	1	chr5-131169960-131171992	6
0.493497440947054	0.795955181296462	0.4	0.25	1	chr11-87036465-87039015	6
0.493497440947054	0.593707853154925	0.4	0.25	1	chr19-2059110-2062628	6
0.493667325483581	0.604926796323491	0.32	0.167	1	chr3-49718716-49721596	6
0.493667325483581	0.55459194467138	0.32	0.167	1	chr6-44236890-44238730	6
0.493667325483581	0.461696642689147	0.32	0.167	1	chr12-21500803-21502577	6
0.493667325483581	0.557742867681278	0.32	0.167	1	chr12-104063598-104066110	6
0.494839162886249	0.655207805312284	0.36	0.25	1	chr1-27913967-27915251	6
0.494839162886249	0.548248024122962	0.36	0.25	1	chr1-28647591-28649579	6
0.494839162886249	0.598344182563063	0.36	0.25	1	chr1-152189741-152193329	6
0.494839162886249	0.766105602409668	0.36	0.25	1	chr8-86617976-86619438	6
0.494839162886249	0.644058526675884	0.36	0.25	1	chr8-89756606-89759985	6
0.494839162886249	0.726585526661047	0.36	0.25	1	chr11-31369173-31370424	6
0.494839162886249	0.683041063086074	0.36	0.25	1	chr11-46699902-46701626	6
0.494839162886249	0.766719899142098	0.36	0.25	1	chr19-15377624-15380806	6
0.494984883090109	0.610651458886401	0.32	0.25	1	chr3-184247398-184250751	6
0.494984883090109	0.615282300476076	0.32	0.25	1	chr14-63676422-63679191	6
0.496316298966513	0.632258912595348	0.52	0.417	1	chr1-100894250-100897286	6
0.496316298966513	0.52374512138084	0.48	0.5	1	chr11-61814488-61817618	6
0.499503570127737	0.663028660327679	0.44	0.333	1	chr11-27505924-27507899	6
0.504175876064177	0.711661098485338	0.28	0.167	1	chr1-50023220-50024463	6
0.504175876064177	0.951007107980014	0.28	0.167	1	chr1-65072290-65074287	6
0.504175876064177	0.87701652245378	0.28	0.167	1	chr1-95116423-95118282	6
0.504175876064177	0.73136875795348	0.28	0.167	1	chr1-109238857-109244656	6
0.504175876064177	0.70009978985799	0.28	0.167	1	chr1-156470431-156472797	6
0.504175876064177	0.837181273453039	0.28	0.167	1	chr1-184621929-184623105	6
0.504175876064177	0.80154107624279	0.28	0.167	1	chr1-226701743-226705079	6
0.504175876064177	0.704339706638229	0.28	0.167	1	chr1-235159975-235162239	6
0.504175876064177	0.79911539233664	0.28	0.167	1	chr2-31233257-31234876	6
0.504175876064177	0.769022289967401	0.28	0.167	1	chr2-33475387-33476945	6
0.504175876064177	0.870396271964094	0.28	0.167	1	chr2-43225375-43228118	6
0.504175876064177	0.774622298544687	0.28	0.167	1	chr2-74471099-74473409	6
0.504175876064177	0.771600300118927	0.28	0.167	1	chr2-183123423-183126285	6
0.504175876064177	0.754501798276963	0.28	0.167	1	chr3-48439620-48441295	6
0.504175876064177	0.850136391025151	0.28	0.167	1	chr3-71206302-71209538	6
0.504175876064177	0.904577402124269	0.28	0.167	1	chr3-170355662-170358757	6
0.504175876064177	0.684549305633342	0.28	0.167	1	chr5-32144078-32146433	6
0.504175876064177	0.694129316357825	0.28	0.167	1	chr5-141848268-141850695	6
0.504175876064177	0.792818173610493	0.28	0.167	1	chr5-164972029-164973807	6
0.504175876064177	0.764549512486822	0.28	0.167	1	chr6-52724031-52726968	6
0.504175876064177	0.663568385958475	0.28	0.167	1	chr6-99393161-99394828	6
0.504175876064177	0.711900400707056	0.28	0.167	1	chr7-23530300-23532650	6
0.504175876064177	0.653956347928519	0.28	0.167	1	chr7-124764859-124766641	6
0.504175876064177	0.454204144358243	0.28	0.167	1	chr7-135147168-135149128	6
0.504175876064177	0.768710975283436	0.28	0.167	1	chr7-148966449-148967391	6
0.504175876064177	0.616104167685735	0.28	0.167	1	chr10-38401578-38403710	6
0.504175876064177	0.725989851303803	0.28	0.167	1	chr10-58384073-58386264	6
0.504175876064177	0.685077838681681	0.28	0.167	1	chr12-81542048-81544642	6
0.504175876064177	0.686862617887509	0.28	0.167	1	chr15-90046528-90048861	6
0.504175876064177	0.877585409760714	0.28	0.167	1	chr16-22296132-22299108	6
0.504175876064177	0.75040714418583	0.28	0.167	1	chr17-50395926-50398038	6
0.504175876064177	0.773607366706071	0.28	0.167	1	chr18-108970-112490	6
0.504175876064177	0.787527492492735	0.28	0.167	1	chr18-74281298-74285073	6
0.504175876064177	0.757019657471162	0.28	0.167	1	chr19-5620958-5624741	6
0.504175876064177	0.7537377562616	0.28	0.167	1	chr19-7868447-7872546	6
0.504175876064177	0.529845144988001	0.28	0.167	1	chr20-38108265-38110891	6
0.504175876064177	0.796161927411863	0.28	0.167	1	chr21-8758503-8759862	6
0.504175876064177	0.807934207350918	0.28	0.167	1	chr21-9836463-9839875	6
0.504175876064177	0.629087750004081	0.28	0.167	1	chr22-19429461-19433545	6
0.504175876064177	0.653426132340793	0.28	0.167	1	chrX-16718946-16720376	6
0.505617522042544	0.281844503562068	0.56	0.5	1	chr1-212283938-212287595	6
0.509372546807137	0.29632099233267	0.6	0.5	1	chr6-110872979-110892081	6
0.51232625257385	0.524872229963276	0.56	0.417	1	chr8-73970627-73973286	6
0.512430565437041	0.956452500316861	0.16	0.083	1	chr1-6427091-6428593	6
0.512430565437041	1.1442740724217	0.16	0.083	1	chr1-11735430-11738143	6
0.512430565437041	1.21579154228689	0.16	0.083	1	chr1-15846957-15850738	6
0.512430565437041	1.09680896806956	0.16	0.083	1	chr1-44423331-44424447	6
0.512430565437041	1.00792594846791	0.16	0.083	1	chr1-54081430-54082116	6
0.512430565437041	1.0570940060355	0.16	0.083	1	chr1-54794299-54796498	6
0.512430565437041	1.04660186072297	0.16	0.083	1	chr1-59921129-59922969	6
0.512430565437041	1.00143119919623	0.16	0.083	1	chr1-77446930-77448542	6
0.512430565437041	1.04545244551644	0.16	0.083	1	chr1-85307837-85308830	6
0.512430565437041	1.31529331913447	0.16	0.083	1	chr1-98429650-98430726	6
0.512430565437041	1.25779837154212	0.16	0.083	1	chr1-145465053-145466020	6
0.512430565437041	1.07491855872768	0.16	0.083	1	chr1-162023512-162024817	6
0.512430565437041	1.29094882553672	0.16	0.083	1	chr1-167258370-167259715	6
0.512430565437041	0.96244257304376	0.16	0.083	1	chr1-168959741-168961089	6
0.512430565437041	1.04399772662353	0.16	0.083	1	chr1-212790416-212792938	6
0.512430565437041	1.13213939811166	0.16	0.083	1	chr1-213153346-213155265	6
0.512430565437041	1.16509730139126	0.16	0.083	1	chr1-220299961-220301267	6
0.512430565437041	0.976088940600238	0.16	0.083	1	chr1-225474626-225475724	6
0.512430565437041	1.19225485328834	0.16	0.083	1	chr1-229891128-229893585	6
0.512430565437041	1.08396669628802	0.16	0.083	1	chr1-234309196-234310573	6
0.512430565437041	1.01198784272753	0.16	0.083	1	chr1-246280466-246283464	6
0.512430565437041	1.09405463744472	0.16	0.083	1	chr2-1600526-1601575	6
0.512430565437041	1.16780605653426	0.16	0.083	1	chr2-16250554-16251690	6
0.512430565437041	1.20101665821541	0.16	0.083	1	chr2-32427477-32428980	6
0.512430565437041	1.15712346663484	0.16	0.083	1	chr2-104563331-104564538	6
0.512430565437041	1.0871053720695	0.16	0.083	1	chr2-113817897-113819087	6
0.512430565437041	1.18359565641888	0.16	0.083	1	chr2-134139284-134140749	6
0.512430565437041	0.972681156645436	0.16	0.083	1	chr2-168653103-168654165	6
0.512430565437041	1.27050259513207	0.16	0.083	1	chr2-169733071-169734925	6
0.512430565437041	1.51024741331934	0.16	0.083	1	chr2-178111953-178113500	6
0.512430565437041	1.04115989388886	0.16	0.083	1	chr2-180124195-180126307	6
0.512430565437041	1.35343085999778	0.16	0.083	1	chr2-219642187-219643202	6
0.512430565437041	0.9353921561817	0.16	0.083	1	chr3-11671738-11673182	6
0.512430565437041	1.09537659747904	0.16	0.083	1	chr3-23804325-23807661	6
0.512430565437041	1.33155304108423	0.16	0.083	1	chr3-37668358-37669766	6
0.512430565437041	1.05494136492545	0.16	0.083	1	chr3-47788662-47789739	6
0.512430565437041	1.15176221183945	0.16	0.083	1	chr3-49132270-49136065	6
0.512430565437041	1.20842285053964	0.16	0.083	1	chr3-58470839-58472043	6
0.512430565437041	1.3140946837803	0.16	0.083	1	chr3-104598247-104599972	6
0.512430565437041	1.0870964262751	0.16	0.083	1	chr3-113147951-113149065	6
0.512430565437041	1.00451929105766	0.16	0.083	1	chr3-114451106-114452179	6
0.512430565437041	1.00355254991801	0.16	0.083	1	chr3-119034010-119035414	6
0.512430565437041	1.33130293779632	0.16	0.083	1	chr3-120892561-120895070	6
0.512430565437041	0.96307255759639	0.16	0.083	1	chr3-123621472-123622429	6
0.512430565437041	1.04896461236939	0.16	0.083	1	chr3-139654615-139656499	6
0.512430565437041	1.24085005223575	0.16	0.083	1	chr3-167977719-167979044	6
0.512430565437041	1.33644045143216	0.16	0.083	1	chr3-182978930-182981343	6
0.512430565437041	1.20291346458545	0.16	0.083	1	chr3-194682162-194683271	6
0.512430565437041	0.979864663837265	0.16	0.083	1	chr4-1191574-1193332	6
0.512430565437041	0.895212483484388	0.16	0.083	1	chr4-4643591-4644644	6
0.512430565437041	1.02806396199364	0.16	0.083	1	chr4-6695445-6697170	6
0.512430565437041	1.13242739892705	0.16	0.083	1	chr4-24973049-24974622	6
0.512430565437041	1.23131044969977	0.16	0.083	1	chr4-37249984-37251434	6
0.512430565437041	1.14974356854512	0.16	0.083	1	chr4-69830190-69831536	6
0.512430565437041	1.13153542283439	0.16	0.083	1	chr4-78644657-78646722	6
0.512430565437041	1.07244861112902	0.16	0.083	1	chr4-102533006-102534722	6
0.512430565437041	1.0803057013865	0.16	0.083	1	chr4-153464429-153468314	6
0.512430565437041	1.09732492215129	0.16	0.083	1	chr4-153507248-153508350	6
0.512430565437041	1.34290322571391	0.16	0.083	1	chr4-164769764-164771501	6
0.512430565437041	1.21918291445379	0.16	0.083	1	chr5-10288214-10290023	6
0.512430565437041	1.05631056686603	0.16	0.083	1	chr5-14263605-14265303	6
0.512430565437041	1.02800133514039	0.16	0.083	1	chr5-56355979-56357635	6
0.512430565437041	1.1328279631886	0.16	0.083	1	chr5-69367892-69370823	6
0.512430565437041	0.912239926031165	0.16	0.083	1	chr5-71600838-71602111	6
0.512430565437041	1.16962743355802	0.16	0.083	1	chr5-96245114-96246354	6
0.512430565437041	1.05144027763354	0.16	0.083	1	chr5-103282763-103284200	6
0.512430565437041	1.00375840159752	0.16	0.083	1	chr5-107629515-107631339	6
0.512430565437041	1.21827532796947	0.16	0.083	1	chr5-121960943-121963461	6
0.512430565437041	0.984345426368437	0.16	0.083	1	chr5-126004356-126005169	6
0.512430565437041	1.234520090686	0.16	0.083	1	chr5-139293157-139296101	6
0.512430565437041	1.28092782395568	0.16	0.083	1	chr5-154193348-154195141	6
0.512430565437041	0.978354528081795	0.16	0.083	1	chr6-4020606-4022923	6
0.512430565437041	1.41366555388627	0.16	0.083	1	chr6-9397682-9398833	6
0.512430565437041	1.34670119915351	0.16	0.083	1	chr6-13709687-13713428	6
0.512430565437041	1.15002136803675	0.16	0.083	1	chr6-16758251-16762119	6
0.512430565437041	1.39198515628809	0.16	0.083	1	chr6-17490667-17492826	6
0.512430565437041	1.12069590386629	0.16	0.083	1	chr6-28382195-28384136	6
0.512430565437041	1.34480126301805	0.16	0.083	1	chr6-39114178-39115734	6
0.512430565437041	0.972925539128236	0.16	0.083	1	chr6-90586299-90587784	6
0.512430565437041	0.999524111919301	0.16	0.083	1	chr6-104887294-104887817	6
0.512430565437041	1.04157315305415	0.16	0.083	1	chr6-107075621-107076878	6
0.512430565437041	1.18745153111509	0.16	0.083	1	chr6-125201812-125203889	6
0.512430565437041	0.961766491389763	0.16	0.083	1	chr6-125821524-125822948	6
0.512430565437041	1.15547971497049	0.16	0.083	1	chr6-142844492-142846951	6
0.512430565437041	0.952670863474546	0.16	0.083	1	chr6-165480276-165481611	6
0.512430565437041	0.982294285363537	0.16	0.083	1	chr7-6015463-6016740	6
0.512430565437041	1.12888455406632	0.16	0.083	1	chr7-6418945-6420114	6
0.512430565437041	1.24539942152203	0.16	0.083	1	chr7-19700038-19702151	6
0.512430565437041	1.15678673047086	0.16	0.083	1	chr7-22441881-22443130	6
0.512430565437041	1.20835025720234	0.16	0.083	1	chr7-30428733-30431210	6
0.512430565437041	1.08727405363197	0.16	0.083	1	chr7-94452113-94453769	6
0.512430565437041	1.09665319259049	0.16	0.083	1	chr7-134034365-134035337	6
0.512430565437041	0.984603840105934	0.16	0.083	1	chr7-143002080-143003913	6
0.512430565437041	1.20027987298616	0.16	0.083	1	chr7-155456596-155459392	6
0.512430565437041	1.11397273040536	0.16	0.083	1	chr8-47379628-47381708	6
0.512430565437041	1.11888701239917	0.16	0.083	1	chr8-85278594-85279900	6
0.512430565437041	1.14728080659888	0.16	0.083	1	chr8-106269238-106271192	6
0.512430565437041	1.11068024196728	0.16	0.083	1	chr8-126876349-126877447	6
0.512430565437041	1.00996035788786	0.16	0.083	1	chr9-23659295-23660402	6
0.512430565437041	1.09793418691521	0.16	0.083	1	chr9-31848221-31849382	6
0.512430565437041	1.00283388311294	0.16	0.083	1	chr9-76585495-76587949	6
0.512430565437041	1.11558283957841	0.16	0.083	1	chr9-95312743-95313652	6
0.512430565437041	1.0954956436083	0.16	0.083	1	chr9-96382913-96384224	6
0.512430565437041	1.18707499034646	0.16	0.083	1	chr9-107504220-107505415	6
0.512430565437041	1.14935023809214	0.16	0.083	1	chr9-116364748-116365844	6
0.512430565437041	1.16193520285406	0.16	0.083	1	chr9-119801297-119803349	6
0.512430565437041	0.94038917716057	0.16	0.083	1	chr9-124010950-124012180	6
0.512430565437041	1.08608431151285	0.16	0.083	1	chr9-128275059-128277336	6
0.512430565437041	1.27008853744051	0.16	0.083	1	chr9-128817897-128820510	6
0.512430565437041	1.11838246704591	0.16	0.083	1	chr9-136539300-136540469	6
0.512430565437041	1.11382314501084	0.16	0.083	1	chr10-76033130-76034317	6
0.512430565437041	0.9735563255116	0.16	0.083	1	chr10-78277759-78278488	6
0.512430565437041	1.1528544105664	0.16	0.083	1	chr10-78972360-78975217	6
0.512430565437041	1.02374231623323	0.16	0.083	1	chr10-95290236-95291552	6
0.512430565437041	1.03471704022453	0.16	0.083	1	chr10-97407084-97407845	6
0.512430565437041	1.10692012345019	0.16	0.083	1	chr10-118241173-118241926	6
0.512430565437041	1.38091461125856	0.16	0.083	1	chr11-605985-606831	6
0.512430565437041	1.22159073068517	0.16	0.083	1	chr11-3511699-3513136	6
0.512430565437041	1.20334488966642	0.16	0.083	1	chr11-6488784-6490048	6
0.512430565437041	1.60813278795011	0.16	0.083	1	chr11-9740036-9740814	6
0.512430565437041	1.12412356275763	0.16	0.083	1	chr11-14687394-14689016	6
0.512430565437041	1.31803608020289	0.16	0.083	1	chr11-16853116-16853812	6
0.512430565437041	1.25285748837638	0.16	0.083	1	chr11-36435714-36436787	6
0.512430565437041	0.992017601863187	0.16	0.083	1	chr11-40252806-40254536	6
0.512430565437041	1.28699475431231	0.16	0.083	1	chr11-61335890-61336961	6
0.512430565437041	1.27142149702897	0.16	0.083	1	chr11-62508046-62509045	6
0.512430565437041	1.29982401209268	0.16	0.083	1	chr11-63536593-63538200	6
0.512430565437041	1.243730479197	0.16	0.083	1	chr11-64742625-64744328	6
0.512430565437041	1.26337327344458	0.16	0.083	1	chr11-75318642-75320515	6
0.512430565437041	1.17826652314318	0.16	0.083	1	chr11-83051412-83052913	6
0.512430565437041	1.45376595521403	0.16	0.083	1	chr11-93566941-93568170	6
0.512430565437041	1.21701364243539	0.16	0.083	1	chr11-94800092-94801148	6
0.512430565437041	1.16036545231976	0.16	0.083	1	chr11-105841934-105842669	6
0.512430565437041	1.30603926003888	0.16	0.083	1	chr11-107836364-107837638	6
0.512430565437041	1.28321902852498	0.16	0.083	1	chr11-108340362-108341499	6
0.512430565437041	0.993157396382068	0.16	0.083	1	chr11-109913929-109915211	6
0.512430565437041	1.20997663135621	0.16	0.083	1	chr11-111386822-111387974	6
0.512430565437041	1.36351769512901	0.16	0.083	1	chr11-112279855-112280983	6
0.512430565437041	1.04737568989754	0.16	0.083	1	chr11-117511089-117512083	6
0.512430565437041	1.20626621687896	0.16	0.083	1	chr11-118145168-118146045	6
0.512430565437041	1.30287766994412	0.16	0.083	1	chr11-118396632-118399265	6
0.512430565437041	0.947946274518902	0.16	0.083	1	chr11-119195651-119197518	6
0.512430565437041	1.12283395625877	0.16	0.083	1	chr11-120985698-120986638	6
0.512430565437041	1.11296323079791	0.16	0.083	1	chr11-121487849-121490132	6
0.512430565437041	1.3048575838154	0.16	0.083	1	chr11-124536333-124538770	6
0.512430565437041	1.06797570449001	0.16	0.083	1	chr11-124930131-124931257	6
0.512430565437041	0.925790631903676	0.16	0.083	1	chr11-128335982-128336769	6
0.512430565437041	1.22039792316699	0.16	0.083	1	chr11-133063955-133066070	6
0.512430565437041	1.04615270867665	0.16	0.083	1	chr11-134022193-134023501	6
0.512430565437041	1.09492915002997	0.16	0.083	1	chr12-27279532-27280890	6
0.512430565437041	1.1690675275828	0.16	0.083	1	chr12-42759444-42760363	6
0.512430565437041	1.00824073106951	0.16	0.083	1	chr12-47397474-47398123	6
0.512430565437041	1.0999969622201	0.16	0.083	1	chr12-47715086-47716315	6
0.512430565437041	1.16011420435688	0.16	0.083	1	chr12-49567302-49569386	6
0.512430565437041	1.09872225805651	0.16	0.083	1	chr12-60265450-60266991	6
0.512430565437041	1.05949381218067	0.16	0.083	1	chr12-88552216-88554809	6
0.512430565437041	1.04165999902532	0.16	0.083	1	chr12-91930795-91931788	6
0.512430565437041	1.02425679858835	0.16	0.083	1	chr12-96806123-96806916	6
0.512430565437041	1.05054776114837	0.16	0.083	1	chr12-97158633-97160709	6
0.512430565437041	1.21450429125118	0.16	0.083	1	chr12-101459592-101460595	6
0.512430565437041	1.04430935792973	0.16	0.083	1	chr12-110047817-110049189	6
0.512430565437041	1.0394294341253	0.16	0.083	1	chr12-117334728-117336052	6
0.512430565437041	1.16868205284439	0.16	0.083	1	chr12-132505225-132507912	6
0.512430565437041	1.05957175595704	0.16	0.083	1	chr13-27441868-27442864	6
0.512430565437041	1.10789294890194	0.16	0.083	1	chr13-41310638-41312566	6
0.512430565437041	0.977154506334967	0.16	0.083	1	chr13-53048515-53049373	6
0.512430565437041	1.13505415216823	0.16	0.083	1	chr13-77328711-77330580	6
0.512430565437041	1.23686853723146	0.16	0.083	1	chr13-112689257-112692292	6
0.512430565437041	1.10339656696645	0.16	0.083	1	chr14-22596883-22599829	6
0.512430565437041	1.02815892901285	0.16	0.083	1	chr14-23089803-23090924	6
0.512430565437041	1.01216326874855	0.16	0.083	1	chr14-29888960-29893057	6
0.512430565437041	1.13723130471693	0.16	0.083	1	chr14-90060285-90062622	6
0.512430565437041	0.990585673077498	0.16	0.083	1	chr15-45801570-45803256	6
0.512430565437041	1.06595785911505	0.16	0.083	1	chr15-62440220-62441418	6
0.512430565437041	1.0053991210564	0.16	0.083	1	chr15-78810147-78812042	6
0.512430565437041	1.02898272953232	0.16	0.083	1	chr15-80160549-80163761	6
0.512430565437041	1.03320407065863	0.16	0.083	1	chr15-90094186-90096263	6
0.512430565437041	1.05860487546119	0.16	0.083	1	chr15-90165513-90166499	6
0.512430565437041	1.20406974758345	0.16	0.083	1	chr16-58683915-58685611	6
0.512430565437041	1.06362472011139	0.16	0.083	1	chr16-69481723-69483140	6
0.512430565437041	1.13446637363682	0.16	0.083	1	chr16-80540143-80541455	6
0.512430565437041	1.2127994153621	0.16	0.083	1	chr17-6638921-6642051	6
0.512430565437041	1.21461807153959	0.16	0.083	1	chr17-10789904-10791495	6
0.512430565437041	1.04036979048955	0.16	0.083	1	chr17-12859290-12860175	6
0.512430565437041	1.09640555061789	0.16	0.083	1	chr17-28969982-28971909	6
0.512430565437041	1.11357992965759	0.16	0.083	1	chr17-32127183-32128072	6
0.512430565437041	1.15012143721852	0.16	0.083	1	chr17-67364743-67367107	6
0.512430565437041	1.14682009724711	0.16	0.083	1	chr18-157875-159755	6
0.512430565437041	1.09665374682899	0.16	0.083	1	chr18-3602318-3604765	6
0.512430565437041	1.18593431905545	0.16	0.083	1	chr18-44739113-44740514	6
0.512430565437041	1.081864675953	0.16	0.083	1	chr18-58493553-58494291	6
0.512430565437041	1.00803211354826	0.16	0.083	1	chr18-73625585-73627258	6
0.512430565437041	1.06447051638459	0.16	0.083	1	chr18-75201217-75202447	6
0.512430565437041	1.12976514916562	0.16	0.083	1	chr18-80147427-80149132	6
0.512430565437041	1.18418343676504	0.16	0.083	1	chr19-4061018-4062895	6
0.512430565437041	1.24886522486954	0.16	0.083	1	chr19-7068953-7070295	6
0.512430565437041	1.06240004804806	0.16	0.083	1	chr19-15279858-15282720	6
0.512430565437041	1.22348447396376	0.16	0.083	1	chr19-36686607-36688200	6
0.512430565437041	1.03160668877933	0.16	0.083	1	chr19-39539133-39541312	6
0.512430565437041	0.977755630282448	0.16	0.083	1	chr19-40190442-40192384	6
0.512430565437041	1.18333131440254	0.16	0.083	1	chr19-42301667-42303477	6
0.512430565437041	1.07524396518899	0.16	0.083	1	chr19-48899775-48901474	6
0.512430565437041	1.07429270116865	0.16	0.083	1	chr19-50872781-50874473	6
0.512430565437041	1.13244056961861	0.16	0.083	1	chr20-723479-725089	6
0.512430565437041	1.19072486597243	0.16	0.083	1	chr20-3470186-3472312	6
0.512430565437041	1.09551929269369	0.16	0.083	1	chr20-19942623-19943650	6
0.512430565437041	1.00398780365662	0.16	0.083	1	chr20-39986002-39987096	6
0.512430565437041	1.12435076549738	0.16	0.083	1	chr20-48920219-48922738	6
0.512430565437041	1.52920081910534	0.16	0.083	1	chr20-53621277-53624751	6
0.512430565437041	1.02496395371109	0.16	0.083	1	chr21-29523365-29524318	6
0.512430565437041	1.16862212138498	0.16	0.083	1	chr21-44424355-44426305	6
0.512430565437041	1.27217223129638	0.16	0.083	1	chr21-44427741-44429153	6
0.512430565437041	1.11379264663832	0.16	0.083	1	chr21-44910856-44912282	6
0.512430565437041	1.01992796241659	0.16	0.083	1	chr21-45846394-45847365	6
0.512430565437041	1.08851884224474	0.16	0.083	1	chr21-46095189-46096048	6
0.512430565437041	1.10995728577646	0.16	0.083	1	chr22-20937052-20938156	6
0.512430565437041	1.4657626726602	0.16	0.083	1	chr22-30286737-30291616	6
0.512430565437041	1.27459436280432	0.16	0.083	1	chr22-37752079-37753409	6
0.512430565437041	1.13303462438731	0.16	0.083	1	chr22-43013978-43015916	6
0.512430565437041	1.36714347041414	0.16	0.083	1	chr22-43954172-43958193	6
0.512430565437041	1.08038230016256	0.16	0.083	1	chr22-46574650-46578510	6
0.512430565437041	1.07199525712135	0.16	0.083	1	chrX-72381346-72382683	6
0.512430565437041	1.06735642823862	0.16	0.083	1	chrX-72477662-72480323	6
0.512430565437041	1.15441787146296	0.16	0.083	1	chrX-115940302-115941505	6
0.512430565437041	1.13014572671809	0.16	0.083	1	chrY-11102790-11103686	6
0.513637382267912	0.723803275888222	0.24	0.167	1	chr1-3771926-3773784	6
0.513637382267912	0.816073943416494	0.24	0.167	1	chr1-16205851-16207439	6
0.513637382267912	0.864908005530905	0.24	0.167	1	chr1-27233793-27235912	6
0.513637382267912	0.887073470116899	0.24	0.167	1	chr1-119647567-119649197	6
0.513637382267912	0.883231511496283	0.24	0.167	1	chr1-161082808-161085683	6
0.513637382267912	1.03437298476763	0.24	0.167	1	chr1-226669828-226673024	6
0.513637382267912	0.926060945142419	0.24	0.167	1	chr2-200376378-200379355	6
0.513637382267912	0.907982518807838	0.24	0.167	1	chr3-9648843-9650239	6
0.513637382267912	0.796752971536826	0.24	0.167	1	chr3-53158977-53163237	6
0.513637382267912	0.730443691728758	0.24	0.167	1	chr3-157369138-157371240	6
0.513637382267912	0.970933289138604	0.24	0.167	1	chr5-172688184-172690120	6
0.513637382267912	0.942953001776635	0.24	0.167	1	chr6-53651089-53652853	6
0.513637382267912	1.1173682639254	0.24	0.167	1	chr6-84226921-84228583	6
0.513637382267912	0.775994686084275	0.24	0.167	1	chr6-110595873-110599282	6
0.513637382267912	0.717582599923177	0.24	0.167	1	chr7-27935845-27937602	6
0.513637382267912	0.769663946743779	0.24	0.167	1	chr8-80807059-80808742	6
0.513637382267912	0.953884586012126	0.24	0.167	1	chr9-129138532-129141262	6
0.513637382267912	0.86871538712322	0.24	0.167	1	chr10-59708914-59710730	6
0.513637382267912	0.784680024973322	0.24	0.167	1	chr10-132047904-132048959	6
0.513637382267912	0.713613755512386	0.24	0.167	1	chr11-13872942-13874325	6
0.513637382267912	0.889421229894979	0.24	0.167	1	chr11-85647084-85649700	6
0.513637382267912	0.841992099691572	0.24	0.167	1	chr14-96501008-96503754	6
0.513637382267912	0.692972790205671	0.24	0.167	1	chr18-79964088-79966045	6
0.51488508166136	0.589391304077408	0.4	0.333	1	chr11-34104082-34107346	6
0.51488508166136	0.592295296346433	0.4	0.333	1	chr11-60370306-60372396	6
0.51488508166136	0.543382769889498	0.4	0.333	1	chr11-116458865-116460782	6
0.517816611178767	0.445564012047559	0.4	0.25	1	chr1-154404465-154409423	6
0.517816611178767	0.664532583468926	0.4	0.25	1	chr4-48267758-48270831	6
0.517816611178767	0.454692555757314	0.4	0.25	1	chr11-121291919-121293813	6
0.519818749502121	0.633533751426265	0.36	0.25	1	chr1-228484939-228491495	6
0.519818749502121	0.713321118377064	0.36	0.25	1	chr5-134554116-134555613	6
0.519818749502121	0.761682565171634	0.36	0.25	1	chr7-12210225-12212460	6
0.519818749502121	0.640014421066475	0.36	0.25	1	chr12-12723470-12727038	6
0.519818749502121	0.625794765051766	0.36	0.25	1	chr12-57514388-57524643	6
0.519818749502121	0.578708341469813	0.36	0.25	1	chr16-81313632-81316415	6
0.520221835202815	0.538580812920147	0.32	0.167	1	chr10-612509-615108	6
0.52070401158866	0.6054483374661	0.32	0.25	1	chr1-11907585-11910365	6
0.52070401158866	0.617234510418617	0.32	0.25	1	chr1-147611428-147613358	6
0.52070401158866	0.625447005915453	0.32	0.25	1	chr4-6268910-6272469	6
0.52070401158866	0.663360732548131	0.32	0.25	1	chr4-48339526-48343420	6
0.52070401158866	0.603646281410313	0.32	0.25	1	chr10-24469620-24471077	6
0.52070401158866	0.518614585483377	0.32	0.25	1	chr10-122655769-122658143	6
0.52070401158866	0.646837437919493	0.32	0.25	1	chr11-6618640-6619940	6
0.52070401158866	0.688060052573819	0.32	0.25	1	chr12-43757805-43760862	6
0.52070401158866	0.661730185809441	0.32	0.25	1	chr15-72228067-72232918	6
0.52070401158866	0.557079388135888	0.32	0.25	1	chr19-9834536-9836503	6
0.522972621239796	0.507358864601926	0.44	0.333	1	chr1-26529295-26533008	6
0.522972621239796	0.487062366716516	0.44	0.333	1	chr11-33038762-33040658	6
0.522972621239796	0.589288377212751	0.44	0.333	1	chr11-34167370-34169990	6
0.522972621239796	0.715661705042868	0.44	0.333	1	chr11-110295533-110298146	6
0.522972621239796	0.560397532085641	0.44	0.333	1	chr11-118789403-118793266	6
0.522972621239796	0.517833996541343	0.44	0.333	1	chr15-63500566-63507079	6
0.527687634037472	0.448328503500182	0.52	0.583	1	chr11-61961444-61968697	6
0.530016954064479	0.5484206988297	0.44	0.417	1	chr11-66311543-66313436	6
0.531329143735767	0.307292286120359	0.6	0.5	1	chr7-73826718-73834069	6
0.531329143735767	0.299465832571071	0.6	0.5	1	chr10-102641339-102647209	6
0.532075248045641	0.758842253394043	0.28	0.167	1	chr1-1272013-1274615	6
0.532075248045641	0.684538874775282	0.28	0.167	1	chr1-37594788-37596656	6
0.532075248045641	0.559070502327449	0.28	0.167	1	chr1-43649286-43652101	6
0.532075248045641	0.653856363761143	0.28	0.167	1	chr1-43969406-43970826	6
0.532075248045641	0.707713308323438	0.28	0.167	1	chr1-54015860-54017109	6
0.532075248045641	0.587305722706338	0.28	0.167	1	chr1-181117145-181118569	6
0.532075248045641	0.689733066651287	0.28	0.167	1	chr1-223142324-223144176	6
0.532075248045641	0.813580776588618	0.28	0.167	1	chr2-32277378-32279063	6
0.532075248045641	0.848776599155319	0.28	0.167	1	chr2-234951437-234955490	6
0.532075248045641	0.734962644676	0.28	0.167	1	chr3-45841120-45844050	6
0.532075248045641	0.610857810796588	0.28	0.167	1	chr5-168696782-168698100	6
0.532075248045641	0.757005792732376	0.28	0.167	1	chr5-173313454-173320703	6
0.532075248045641	0.724159520795253	0.28	0.167	1	chr5-176646568-176648517	6
0.532075248045641	0.712379258264886	0.28	0.167	1	chr6-30325245-30327850	6
0.532075248045641	0.695339243586301	0.28	0.167	1	chr6-89637851-89639285	6
0.532075248045641	0.643092137590449	0.28	0.167	1	chr6-110652793-110654911	6
0.532075248045641	0.571289934799097	0.28	0.167	1	chr10-12128895-12130825	6
0.532075248045641	0.589784901416174	0.28	0.167	1	chr11-17388561-17390302	6
0.532075248045641	0.587173326873852	0.28	0.167	1	chr12-86264669-86265755	6
0.532075248045641	0.385104314001883	0.28	0.167	1	chr12-98592604-98596078	6
0.532075248045641	0.779497755189231	0.28	0.167	1	chr12-99553186-99554365	6
0.532075248045641	0.818782612044844	0.28	0.167	1	chr12-127165721-127167009	6
0.532075248045641	0.647167090268358	0.28	0.167	1	chr14-31455942-31458780	6
0.532075248045641	0.866914927982909	0.28	0.167	1	chr15-79310543-79312763	6
0.534473769672666	0.418534561316578	0.64	0.5	1	chr11-67504518-67509164	6
0.539191691215387	0.311054504321112	0.44	0.25	1	chr19-12937573-12947440	6
0.539191691215387	0.429275625439418	0.4	0.333	1	chr5-65623342-65626508	6
0.539191691215387	0.599582973375474	0.4	0.333	1	chr5-98785264-98792277	6
0.539191691215387	0.579654724159345	0.4	0.333	1	chr11-32583044-32585522	6
0.539191691215387	0.640401231965321	0.4	0.333	1	chr18-59052772-59056018	6
0.542741436750449	0.552555075316786	0.4	0.25	1	chr1-159923437-159926387	6
0.542741436750449	0.427713960353916	0.4	0.25	1	chr14-100237392-100241657	6
0.543096458840702	0.830415212518766	0.24	0.167	1	chr1-161764881-161767209	6
0.543096458840702	0.694091079284734	0.24	0.167	1	chr1-177584991-177586338	6
0.543096458840702	0.753362042894314	0.24	0.167	1	chr1-224622096-224623294	6
0.543096458840702	0.730647200111497	0.24	0.167	1	chr2-42132419-42134003	6
0.543096458840702	0.872694130243956	0.24	0.167	1	chr2-113156275-113159769	6
0.543096458840702	0.752702227346811	0.24	0.167	1	chr2-120252070-120254238	6
0.543096458840702	0.916984122223944	0.24	0.167	1	chr2-219248743-219250770	6
0.543096458840702	0.775078696550919	0.24	0.167	1	chr3-11508509-11510770	6
0.543096458840702	0.772232784260378	0.24	0.167	1	chr3-34145001-34147414	6
0.543096458840702	0.681514408208377	0.24	0.167	1	chr3-58025318-58027293	6
0.543096458840702	0.836047576181567	0.24	0.167	1	chr3-101847916-101850467	6
0.543096458840702	0.872475156305764	0.24	0.167	1	chr3-169764169-169765715	6
0.543096458840702	0.748419544170623	0.24	0.167	1	chr5-42750743-42751808	6
0.543096458840702	0.869352276334469	0.24	0.167	1	chr5-134737671-134739850	6
0.543096458840702	0.71954795097733	0.24	0.167	1	chr6-142694711-142697377	6
0.543096458840702	0.881526248752759	0.24	0.167	1	chr7-140061926-140063508	6
0.543096458840702	0.74258500115122	0.24	0.167	1	chr7-151566579-151568430	6
0.543096458840702	0.721763717783004	0.24	0.167	1	chr8-38733470-38736337	6
0.543096458840702	0.746634173518223	0.24	0.167	1	chr9-96079866-96081088	6
0.543096458840702	0.653742573905493	0.24	0.167	1	chr10-121899683-121901431	6
0.543096458840702	0.66127688888422	0.24	0.167	1	chr11-83092067-83093441	6
0.543096458840702	1.03323542490434	0.24	0.167	1	chr11-123081759-123084193	6
0.543096458840702	0.780076146303412	0.24	0.167	1	chr15-92652967-92656116	6
0.545433336910775	0.628545958993008	0.36	0.25	1	chr1-93446462-93449843	6
0.545433336910775	0.607191782964252	0.36	0.25	1	chr1-96865235-96866723	6
0.545433336910775	0.586536071954896	0.36	0.25	1	chr1-155933142-155935359	6
0.545433336910775	0.53001815661313	0.36	0.25	1	chr2-23925555-23928134	6
0.545433336910775	0.573831488622228	0.36	0.25	1	chr6-70411466-70414485	6
0.545433336910775	0.590789612824763	0.36	0.25	1	chr6-139369491-139377258	6
0.545433336910775	0.511678633615386	0.36	0.25	1	chr7-149064800-149066452	6
0.545433336910775	0.878701966488457	0.36	0.25	1	chr11-119084390-119086086	6
0.545433336910775	0.567784859732698	0.36	0.25	1	chr13-75480505-75482929	6
0.545433336910775	0.631145454021329	0.36	0.25	1	chr20-8018702-8020356	6
0.546995239633658	0.468362181150254	0.44	0.333	1	chr3-94062058-94064292	6
0.546995239633658	0.483746327879083	0.44	0.333	1	chr11-58925875-58929312	6
0.547094739103407	0.637947310676878	0.32	0.25	1	chr8-94552727-94554785	6
0.547094739103407	0.496220705106911	0.32	0.25	1	chr11-134330777-134333003	6
0.547094739103407	0.788362596564809	0.32	0.25	1	chr14-24309755-24312302	6
0.547094739103407	0.576828788847243	0.32	0.25	1	chr14-65411191-65413636	6
0.547494098365107	0.484031818643708	0.32	0.167	1	chr1-8411762-8413377	6
0.547494098365107	0.442174688918382	0.32	0.167	1	chr1-150281153-150283212	6
0.547494098365107	0.442693526134522	0.32	0.167	1	chr2-73111170-73113897	6
0.547494098365107	0.625317675265528	0.32	0.167	1	chr7-151917528-151919255	6
0.547494098365107	0.342669361638978	0.32	0.167	1	chr14-49891984-49894398	6
0.547494098365107	0.341921435785836	0.32	0.167	1	chr14-54565046-54568683	6
0.547869175684334	0.67035868236317	0.48	0.417	1	chr11-65110051-65113859	6
0.548193305139651	0.874923436013135	0.16	0.083	1	chr1-1343391-1346537	6
0.548193305139651	0.911691736442458	0.16	0.083	1	chr1-1678209-1679516	6
0.548193305139651	0.948954096110644	0.16	0.083	1	chr1-2198462-2199965	6
0.548193305139651	1.06177595368492	0.16	0.083	1	chr1-11098927-11100475	6
0.548193305139651	1.00885136746144	0.16	0.083	1	chr1-32611784-32612906	6
0.548193305139651	0.918801274130341	0.16	0.083	1	chr1-37513179-37515566	6
0.548193305139651	1.07627903191283	0.16	0.083	1	chr1-42081166-42082377	6
0.548193305139651	1.02712106048372	0.16	0.083	1	chr1-42455611-42457675	6
0.548193305139651	0.965037571401422	0.16	0.083	1	chr1-47323360-47325080	6
0.548193305139651	1.08465381750789	0.16	0.083	1	chr1-48471671-48472974	6
0.548193305139651	1.00544233642875	0.16	0.083	1	chr1-67458614-67459926	6
0.548193305139651	0.994429257744116	0.16	0.083	1	chr1-87333660-87337929	6
0.548193305139651	0.888079560750471	0.16	0.083	1	chr1-94743579-94744733	6
0.548193305139651	1.00367549980203	0.16	0.083	1	chr1-99409087-99411184	6
0.548193305139651	0.940522627065817	0.16	0.083	1	chr1-112464395-112466751	6
0.548193305139651	1.01627755839566	0.16	0.083	1	chr1-113758517-113760109	6
0.548193305139651	1.23490686388256	0.16	0.083	1	chr1-116580583-116581966	6
0.548193305139651	1.00183771748965	0.16	0.083	1	chr1-117012994-117013988	6
0.548193305139651	1.09142492906514	0.16	0.083	1	chr1-151546938-151549784	6
0.548193305139651	0.950779557538586	0.16	0.083	1	chr1-153733714-153734768	6
0.548193305139651	1.24926706160573	0.16	0.083	1	chr1-155044343-155045685	6
0.548193305139651	0.850107873421707	0.16	0.083	1	chr1-170097046-170098262	6
0.548193305139651	1.02073454531663	0.16	0.083	1	chr1-172885360-172886569	6
0.548193305139651	1.13766818911341	0.16	0.083	1	chr1-175029311-175030213	6
0.548193305139651	0.968012070226791	0.16	0.083	1	chr1-177274361-177277083	6
0.548193305139651	1.04285058117235	0.16	0.083	1	chr1-181250329-181251957	6
0.548193305139651	0.940724608479858	0.16	0.083	1	chr1-181423235-181425545	6
0.548193305139651	0.926899926477422	0.16	0.083	1	chr1-185477355-185479108	6
0.548193305139651	0.919800814645186	0.16	0.083	1	chr1-201361427-201362232	6
0.548193305139651	1.00626348470808	0.16	0.083	1	chr1-206511403-206513490	6
0.548193305139651	0.79020778922345	0.16	0.083	1	chr1-212146611-212148332	6
0.548193305139651	0.979175670672636	0.16	0.083	1	chr1-220699869-220701530	6
0.548193305139651	1.08572376602987	0.16	0.083	1	chr1-227351111-227352021	6
0.548193305139651	0.966729545561335	0.16	0.083	1	chr1-246600183-246601389	6
0.548193305139651	1.00046035172499	0.16	0.083	1	chr2-284576-285906	6
0.548193305139651	0.771229916083154	0.16	0.083	1	chr2-18991337-18992388	6
0.548193305139651	0.9750182924031	0.16	0.083	1	chr2-28268867-28270075	6
0.548193305139651	0.880457292820997	0.16	0.083	1	chr2-36820289-36822262	6
0.548193305139651	1.28189779012314	0.16	0.083	1	chr2-37323568-37325734	6
0.548193305139651	1.08451053454072	0.16	0.083	1	chr2-45258847-45259962	6
0.548193305139651	0.939661476187186	0.16	0.083	1	chr2-73779314-73780486	6
0.548193305139651	1.01087375833705	0.16	0.083	1	chr2-84472136-84474948	6
0.548193305139651	1.13683223039652	0.16	0.083	1	chr2-85611136-85612728	6
0.548193305139651	0.971085678886299	0.16	0.083	1	chr2-95303328-95306897	6
0.548193305139651	0.959580661826983	0.16	0.083	1	chr2-95991330-95993174	6
0.548193305139651	0.927133301374432	0.16	0.083	1	chr2-106575894-106577204	6
0.548193305139651	0.901674451637972	0.16	0.083	1	chr2-120472957-120474561	6
0.548193305139651	0.942622222310917	0.16	0.083	1	chr2-120629728-120630958	6
0.548193305139651	0.889104750144187	0.16	0.083	1	chr2-124566219-124567127	6
0.548193305139651	0.946882630432188	0.16	0.083	1	chr2-127226186-127227356	6
0.548193305139651	0.964325593350499	0.16	0.083	1	chr2-131672414-131674623	6
0.548193305139651	1.14462314926711	0.16	0.083	1	chr2-133765418-133766454	6
0.548193305139651	1.06056089381092	0.16	0.083	1	chr2-135049720-135053235	6
0.548193305139651	1.06884907593523	0.16	0.083	1	chr2-162732166-162733838	6
0.548193305139651	0.961759297653778	0.16	0.083	1	chr2-174584790-174586131	6
0.548193305139651	1.23441170111253	0.16	0.083	1	chr2-197842478-197843361	6
0.548193305139651	1.04572024358296	0.16	0.083	1	chr2-199463104-199463917	6
0.548193305139651	0.92553556792687	0.16	0.083	1	chr2-211408168-211409126	6
0.548193305139651	0.904628277250306	0.16	0.083	1	chr2-222877917-222879798	6
0.548193305139651	0.858703604317229	0.16	0.083	1	chr2-231377925-231378920	6
0.548193305139651	1.14523069630055	0.16	0.083	1	chr2-233288424-233290944	6
0.548193305139651	0.82840825969244	0.16	0.083	1	chr2-236448963-236450036	6
0.548193305139651	1.09704227397262	0.16	0.083	1	chr2-237581451-237582956	6
0.548193305139651	0.995625515367789	0.16	0.083	1	chr3-4847670-4848841	6
0.548193305139651	0.938869715860811	0.16	0.083	1	chr3-5121905-5124370	6
0.548193305139651	0.985030390773966	0.16	0.083	1	chr3-5873817-5875822	6
0.548193305139651	0.935036137782602	0.16	0.083	1	chr3-12966532-12968419	6
0.548193305139651	0.997045355014455	0.16	0.083	1	chr3-16842201-16843450	6
0.548193305139651	0.992732766918977	0.16	0.083	1	chr3-46959754-46961107	6
0.548193305139651	0.982919651774194	0.16	0.083	1	chr3-47512218-47514219	6
0.548193305139651	0.959591007798924	0.16	0.083	1	chr3-53044269-53046853	6
0.548193305139651	1.04564126844129	0.16	0.083	1	chr3-53269706-53270893	6
0.548193305139651	1.04472442639512	0.16	0.083	1	chr3-55781992-55783404	6
0.548193305139651	0.852843734834664	0.16	0.083	1	chr3-57041430-57042447	6
0.548193305139651	0.857514145264062	0.16	0.083	1	chr3-66448847-66451273	6
0.548193305139651	0.970608230530524	0.16	0.083	1	chr3-69095602-69096713	6
0.548193305139651	1.05421396718866	0.16	0.083	1	chr3-69141909-69145113	6
0.548193305139651	1.29743201470502	0.16	0.083	1	chr3-69738211-69740699	6
0.548193305139651	1.05544231844052	0.16	0.083	1	chr3-72660625-72661776	6
0.548193305139651	0.998736624062636	0.16	0.083	1	chr3-104810805-104811474	6
0.548193305139651	0.989678949419172	0.16	0.083	1	chr3-112227986-112229341	6
0.548193305139651	0.913325394955553	0.16	0.083	1	chr3-124520573-124521743	6
0.548193305139651	0.920877552497028	0.16	0.083	1	chr3-129673032-129674897	6
0.548193305139651	0.882976122368812	0.16	0.083	1	chr3-133456650-133457514	6
0.548193305139651	1.01431787758896	0.16	0.083	1	chr3-143585732-143587667	6
0.548193305139651	0.94045886554312	0.16	0.083	1	chr3-161420425-161421344	6
0.548193305139651	0.941047958399645	0.16	0.083	1	chr3-162716894-162717717	6
0.548193305139651	1.27787509000919	0.16	0.083	1	chr3-170045030-170047448	6
0.548193305139651	1.08205687296098	0.16	0.083	1	chr3-178583692-178585536	6
0.548193305139651	0.9366713182493	0.16	0.083	1	chr3-183427826-183429327	6
0.548193305139651	0.948233256943624	0.16	0.083	1	chr3-183965967-183967105	6
0.548193305139651	1.00226666520242	0.16	0.083	1	chr4-24794902-24796210	6
0.548193305139651	0.944158493855009	0.16	0.083	1	chr4-25730714-25731819	6
0.548193305139651	0.984058902735695	0.16	0.083	1	chr4-38728288-38729514	6
0.548193305139651	1.04916816101155	0.16	0.083	1	chr4-52840497-52842812	6
0.548193305139651	0.947680982176624	0.16	0.083	1	chr4-56906984-56910905	6
0.548193305139651	1.06208315949	0.16	0.083	1	chr4-77880692-77882587	6
0.548193305139651	0.903774284066788	0.16	0.083	1	chr4-88378528-88379753	6
0.548193305139651	1.01629376704741	0.16	0.083	1	chr4-103423428-103425843	6
0.548193305139651	0.980668716203738	0.16	0.083	1	chr4-105594052-105595381	6
0.548193305139651	0.920350022298179	0.16	0.083	1	chr4-135863477-135864894	6
0.548193305139651	1.03295759255825	0.16	0.083	1	chr4-138334187-138335467	6
0.548193305139651	1.11158615158511	0.16	0.083	1	chr4-151488923-151490147	6
0.548193305139651	0.952831241667783	0.16	0.083	1	chr4-152534465-152537155	6
0.548193305139651	0.910164721453537	0.16	0.083	1	chr4-159770106-159771561	6
0.548193305139651	0.797828479627347	0.16	0.083	1	chr4-170025858-170027909	6
0.548193305139651	0.831384785658809	0.16	0.083	1	chr5-692587-694402	6
0.548193305139651	0.947530496114511	0.16	0.083	1	chr5-1109664-1112451	6
0.548193305139651	1.04687229754954	0.16	0.083	1	chr5-35197648-35199052	6
0.548193305139651	0.969976272046282	0.16	0.083	1	chr5-36366386-36368232	6
0.548193305139651	1.10811362616386	0.16	0.083	1	chr5-68295289-68296502	6
0.548193305139651	0.960729099594057	0.16	0.083	1	chr5-77167793-77169973	6
0.548193305139651	1.00461512901694	0.16	0.083	1	chr5-79546980-79548770	6
0.548193305139651	0.930122533346521	0.16	0.083	1	chr5-91218823-91220219	6
0.548193305139651	1.05049676070682	0.16	0.083	1	chr5-94707057-94708423	6
0.548193305139651	1.08352309534781	0.16	0.083	1	chr5-102754491-102756451	6
0.548193305139651	1.03659872416466	0.16	0.083	1	chr5-107872778-107875104	6
0.548193305139651	0.972226778339824	0.16	0.083	1	chr5-134114131-134115223	6
0.548193305139651	0.905455671454209	0.16	0.083	1	chr5-134967655-134969836	6
0.548193305139651	0.917767910620238	0.16	0.083	1	chr5-142845360-142846799	6
0.548193305139651	0.839324169794498	0.16	0.083	1	chr5-143560307-143562105	6
0.548193305139651	0.905578499292631	0.16	0.083	1	chr5-149492632-149494190	6
0.548193305139651	0.898321246924411	0.16	0.083	1	chr5-151022799-151024378	6
0.548193305139651	1.0660153992739	0.16	0.083	1	chr5-155085087-155086462	6
0.548193305139651	0.934116855276558	0.16	0.083	1	chr5-158054216-158056085	6
0.548193305139651	0.959308382652169	0.16	0.083	1	chr5-160199110-160200112	6
0.548193305139651	0.981862444876179	0.16	0.083	1	chr5-164637522-164638883	6
0.548193305139651	1.1867331027256	0.16	0.083	1	chr5-169141931-169143479	6
0.548193305139651	1.0206239698578	0.16	0.083	1	chr5-177309416-177313370	6
0.548193305139651	0.97265098199382	0.16	0.083	1	chr5-178130251-178132229	6
0.548193305139651	0.997154323388446	0.16	0.083	1	chr6-1837988-1839775	6
0.548193305139651	1.04049908908329	0.16	0.083	1	chr6-3138826-3140097	6
0.548193305139651	0.997834204858033	0.16	0.083	1	chr6-3370223-3372649	6
0.548193305139651	0.961511023633231	0.16	0.083	1	chr6-7893973-7895626	6
0.548193305139651	0.947999361588908	0.16	0.083	1	chr6-16946804-16948189	6
0.548193305139651	0.947413154307563	0.16	0.083	1	chr6-27176537-27178906	6
0.548193305139651	0.950467960053059	0.16	0.083	1	chr6-33787611-33789648	6
0.548193305139651	0.971493647985751	0.16	0.083	1	chr6-35240890-35242081	6
0.548193305139651	1.04261616641225	0.16	0.083	1	chr6-35725528-35729446	6
0.548193305139651	1.11633255042187	0.16	0.083	1	chr6-37473064-37474076	6
0.548193305139651	1.02825819092917	0.16	0.083	1	chr6-38702309-38703612	6
0.548193305139651	0.965189540059745	0.16	0.083	1	chr6-43174123-43175137	6
0.548193305139651	0.959140954174902	0.16	0.083	1	chr6-47134533-47136382	6
0.548193305139651	0.856553078652575	0.16	0.083	1	chr6-71419507-71421629	6
0.548193305139651	0.990747200136338	0.16	0.083	1	chr6-87731697-87732602	6
0.548193305139651	1.0099323878285	0.16	0.083	1	chr6-113351517-113352958	6
0.548193305139651	0.908175205059828	0.16	0.083	1	chr6-116579047-116579814	6
0.548193305139651	1.05960589590346	0.16	0.083	1	chr6-119156404-119157691	6
0.548193305139651	1.09982826943913	0.16	0.083	1	chr6-153129871-153131904	6
0.548193305139651	1.09117885112252	0.16	0.083	1	chr7-233924-236631	6
0.548193305139651	0.926415146543498	0.16	0.083	1	chr7-5569760-5570883	6
0.548193305139651	1.20613835175832	0.16	0.083	1	chr7-26151664-26152788	6
0.548193305139651	1.0502908730736	0.16	0.083	1	chr7-28985980-28987148	6
0.548193305139651	1.01693564979069	0.16	0.083	1	chr7-49479684-49481004	6
0.548193305139651	0.908889762443027	0.16	0.083	1	chr7-69780245-69782231	6
0.548193305139651	1.01116592174051	0.16	0.083	1	chr7-76166149-76167478	6
0.548193305139651	1.05136402711889	0.16	0.083	1	chr7-95772071-95773655	6
0.548193305139651	1.08967836121678	0.16	0.083	1	chr7-100406405-100408191	6
0.548193305139651	1.02677980412358	0.16	0.083	1	chr7-101231836-101233116	6
0.548193305139651	1.14085571419031	0.16	0.083	1	chr7-102395333-102397470	6
0.548193305139651	0.874038594095635	0.16	0.083	1	chr7-116316252-116317886	6
0.548193305139651	1.1420830614993	0.16	0.083	1	chr7-123556837-123558560	6
0.548193305139651	1.0022878099278	0.16	0.083	1	chr7-124918097-124920685	6
0.548193305139651	1.18891380173482	0.16	0.083	1	chr7-139430282-139432360	6
0.548193305139651	0.987815491672003	0.16	0.083	1	chr7-149144140-149145983	6
0.548193305139651	1.32030622898974	0.16	0.083	1	chr7-151921843-151926645	6
0.548193305139651	1.34669644692963	0.16	0.083	1	chr7-158739668-158741658	6
0.548193305139651	1.08354994788496	0.16	0.083	1	chr8-18002776-18003722	6
0.548193305139651	1.03168174794453	0.16	0.083	1	chr8-58608293-58609317	6
0.548193305139651	0.908993918484742	0.16	0.083	1	chr8-62529283-62530884	6
0.548193305139651	0.943173843528389	0.16	0.083	1	chr8-82175195-82176375	6
0.548193305139651	1.09288066710919	0.16	0.083	1	chr8-86940324-86941693	6
0.548193305139651	0.996274695654099	0.16	0.083	1	chr8-89718168-89721944	6
0.548193305139651	0.962663122167384	0.16	0.083	1	chr8-99892300-99894121	6
0.548193305139651	1.13692256371675	0.16	0.083	1	chr8-102161804-102163296	6
0.548193305139651	0.94438374466477	0.16	0.083	1	chr8-103597069-103597893	6
0.548193305139651	1.04038322717378	0.16	0.083	1	chr8-120444183-120445805	6
0.548193305139651	1.06139081627699	0.16	0.083	1	chr8-121056025-121056899	6
0.548193305139651	1.43720784090663	0.16	0.083	1	chr8-138788827-138792802	6
0.548193305139651	1.01399444837639	0.16	0.083	1	chr9-14452499-14453741	6
0.548193305139651	1.28701485470111	0.16	0.083	1	chr9-25518815-25519935	6
0.548193305139651	1.03562795320366	0.16	0.083	1	chr9-35828593-35829996	6
0.548193305139651	1.00924527334018	0.16	0.083	1	chr9-37784286-37785968	6
0.548193305139651	0.934541500348933	0.16	0.083	1	chr9-38007893-38009115	6
0.548193305139651	1.05843839961401	0.16	0.083	1	chr9-42851898-42853045	6
0.548193305139651	0.891874064726479	0.16	0.083	1	chr9-76897113-76898530	6
0.548193305139651	1.03107256643663	0.16	0.083	1	chr9-89685756-89687657	6
0.548193305139651	1.08951902447486	0.16	0.083	1	chr9-92151642-92152780	6
0.548193305139651	1.00430770511851	0.16	0.083	1	chr9-93531229-93533063	6
0.548193305139651	0.920186133733016	0.16	0.083	1	chr9-96040347-96041653	6
0.548193305139651	0.956144426297904	0.16	0.083	1	chr9-129163795-129164841	6
0.548193305139651	0.982721246668266	0.16	0.083	1	chr9-129412773-129414901	6
0.548193305139651	1.26587287020909	0.16	0.083	1	chr9-129482073-129484387	6
0.548193305139651	0.884751817540567	0.16	0.083	1	chr9-137200216-137201603	6
0.548193305139651	1.03043521374477	0.16	0.083	1	chr10-5622862-5623783	6
0.548193305139651	1.23430472498921	0.16	0.083	1	chr10-5653974-5654919	6
0.548193305139651	0.790096553546318	0.16	0.083	1	chr10-5949328-5951650	6
0.548193305139651	0.863521157790573	0.16	0.083	1	chr10-21172191-21175687	6
0.548193305139651	1.01632346314259	0.16	0.083	1	chr10-29149680-29150873	6
0.548193305139651	1.09117973545569	0.16	0.083	1	chr10-32054059-32056955	6
0.548193305139651	1.23432299653786	0.16	0.083	1	chr10-35335578-35338056	6
0.548193305139651	0.965139755168746	0.16	0.083	1	chr10-61943566-61944998	6
0.548193305139651	1.21630594946581	0.16	0.083	1	chr10-73591144-73593159	6
0.548193305139651	1.04153443463968	0.16	0.083	1	chr10-74206284-74207506	6
0.548193305139651	1.0225837197668	0.16	0.083	1	chr10-114265714-114267373	6
0.548193305139651	0.927774968207466	0.16	0.083	1	chr10-122461209-122465016	6
0.548193305139651	1.14080700040659	0.16	0.083	1	chr10-123014025-123015798	6
0.548193305139651	0.988279944317636	0.16	0.083	1	chr10-123582059-123584482	6
0.548193305139651	0.965226455870637	0.16	0.083	1	chr11-952000-953068	6
0.548193305139651	0.882307537914968	0.16	0.083	1	chr11-9532866-9533675	6
0.548193305139651	0.98446472953232	0.16	0.083	1	chr11-11691192-11692475	6
0.548193305139651	0.966363429669606	0.16	0.083	1	chr11-34082543-34083357	6
0.548193305139651	1.10792257890162	0.16	0.083	1	chr11-45062760-45063844	6
0.548193305139651	1.14224250931731	0.16	0.083	1	chr11-45655014-45655729	6
0.548193305139651	0.950586129523808	0.16	0.083	1	chr11-45736169-45737148	6
0.548193305139651	0.974880041731782	0.16	0.083	1	chr11-46898423-46899388	6
0.548193305139651	1.10107997569812	0.16	0.083	1	chr11-48088180-48089387	6
0.548193305139651	0.953076164982932	0.16	0.083	1	chr11-57459798-57461442	6
0.548193305139651	1.05691912738673	0.16	0.083	1	chr11-61567119-61567977	6
0.548193305139651	1.05896503349054	0.16	0.083	1	chr11-63916030-63917456	6
0.548193305139651	1.06417663606959	0.16	0.083	1	chr11-66032825-66033532	6
0.548193305139651	1.21907900904648	0.16	0.083	1	chr11-74821818-74822800	6
0.548193305139651	0.996242287758648	0.16	0.083	1	chr11-84671032-84672004	6
0.548193305139651	1.43053657119771	0.16	0.083	1	chr11-93355338-93358751	6
0.548193305139651	1.16210613683824	0.16	0.083	1	chr11-118658857-118660128	6
0.548193305139651	0.909955626896042	0.16	0.083	1	chr11-119809940-119810829	6
0.548193305139651	0.994130722195824	0.16	0.083	1	chr12-339271-340434	6
0.548193305139651	1.12344409396981	0.16	0.083	1	chr12-1574647-1577441	6
0.548193305139651	0.981150286613137	0.16	0.083	1	chr12-25249646-25251950	6
0.548193305139651	1.06239417700787	0.16	0.083	1	chr12-26056054-26056855	6
0.548193305139651	1.04907746274193	0.16	0.083	1	chr12-32604781-32606098	6
0.548193305139651	0.939611012926456	0.16	0.083	1	chr12-51950937-51952599	6
0.548193305139651	0.917593516547279	0.16	0.083	1	chr12-53701527-53702426	6
0.548193305139651	0.966414901149361	0.16	0.083	1	chr12-54134736-54137320	6
0.548193305139651	1.00554226563535	0.16	0.083	1	chr12-55742595-55744403	6
0.548193305139651	1.07817918662525	0.16	0.083	1	chr12-57086836-57089566	6
0.548193305139651	0.93298118911753	0.16	0.083	1	chr12-58914360-58916111	6
0.548193305139651	1.01880111868594	0.16	0.083	1	chr12-74390902-74393803	6
0.548193305139651	0.894297691187261	0.16	0.083	1	chr12-79414014-79416499	6
0.548193305139651	0.898368329646072	0.16	0.083	1	chr12-94586229-94587589	6
0.548193305139651	1.1082924759535	0.16	0.083	1	chr12-118059187-118064470	6
0.548193305139651	0.725839078088643	0.16	0.083	1	chr12-118370306-118373759	6
0.548193305139651	1.04811320021766	0.16	0.083	1	chr13-79237468-79238698	6
0.548193305139651	0.941904100120627	0.16	0.083	1	chr13-99605911-99607287	6
0.548193305139651	1.1049934519474	0.16	0.083	1	chr13-108217374-108220417	6
0.548193305139651	1.03816971294018	0.16	0.083	1	chr13-109684417-109685673	6
0.548193305139651	0.870075369244058	0.16	0.083	1	chr14-22829372-22830517	6
0.548193305139651	1.09881512570156	0.16	0.083	1	chr14-23561465-23564366	6
0.548193305139651	0.913496287989576	0.16	0.083	1	chr14-24035790-24037317	6
0.548193305139651	0.794061394251533	0.16	0.083	1	chr14-69657586-69659098	6
0.548193305139651	0.964538182637085	0.16	0.083	1	chr14-76946734-76948854	6
0.548193305139651	0.923000019706214	0.16	0.083	1	chr14-84442377-84443379	6
0.548193305139651	1.00768979506948	0.16	0.083	1	chr14-88667351-88668230	6
0.548193305139651	0.938306071365338	0.16	0.083	1	chr14-91253037-91253949	6
0.548193305139651	1.07196763129003	0.16	0.083	1	chr14-102214761-102216409	6
0.548193305139651	0.83523953090394	0.16	0.083	1	chr14-102725963-102727668	6
0.548193305139651	1.15545199175089	0.16	0.083	1	chr14-104975867-104978722	6
0.548193305139651	0.935752839167927	0.16	0.083	1	chr15-25479815-25482071	6
0.548193305139651	1.002325535229	0.16	0.083	1	chr15-28222459-28223321	6
0.548193305139651	0.897608698476623	0.16	0.083	1	chr15-40754396-40755868	6
0.548193305139651	1.24285728591521	0.16	0.083	1	chr15-41416145-41418215	6
0.548193305139651	0.956870262790362	0.16	0.083	1	chr15-42207325-42208798	6
0.548193305139651	1.02643931118558	0.16	0.083	1	chr15-50797688-50799049	6
0.548193305139651	0.93283563246795	0.16	0.083	1	chr15-69575700-69577741	6
0.548193305139651	0.936628479522512	0.16	0.083	1	chr15-71746579-71748314	6
0.548193305139651	0.965542931815271	0.16	0.083	1	chr15-74816701-74817977	6
0.548193305139651	0.998551388269465	0.16	0.083	1	chr15-101217273-101218238	6
0.548193305139651	0.893425818823707	0.16	0.083	1	chr16-963382-965604	6
0.548193305139651	0.98709082316325	0.16	0.083	1	chr16-1492373-1494918	6
0.548193305139651	0.964299318666927	0.16	0.083	1	chr16-3111997-3113344	6
0.548193305139651	0.810412442408746	0.16	0.083	1	chr16-3156738-3159449	6
0.548193305139651	0.966255915359312	0.16	0.083	1	chr16-27527814-27529689	6
0.548193305139651	0.96622574808271	0.16	0.083	1	chr16-31403887-31405125	6
0.548193305139651	1.00847665561995	0.16	0.083	1	chr16-68227466-68230008	6
0.548193305139651	0.996213832710966	0.16	0.083	1	chr16-70561101-70562219	6
0.548193305139651	0.861868393627277	0.16	0.083	1	chr16-81277253-81278289	6
0.548193305139651	0.899437913960034	0.16	0.083	1	chr16-84699509-84701004	6
0.548193305139651	0.965550333400989	0.16	0.083	1	chr16-88076988-88078211	6
0.548193305139651	1.04138811368298	0.16	0.083	1	chr16-89872264-89874943	6
0.548193305139651	0.91278340807407	0.16	0.083	1	chr17-1459809-1461515	6
0.548193305139651	0.937964498323302	0.16	0.083	1	chr17-2994914-2997931	6
0.548193305139651	1.06380963688619	0.16	0.083	1	chr17-7314571-7316452	6
0.548193305139651	1.03548747922665	0.16	0.083	1	chr17-17680798-17683753	6
0.548193305139651	0.894068967393682	0.16	0.083	1	chr17-18987575-18988662	6
0.548193305139651	0.984222294556501	0.16	0.083	1	chr17-39123375-39124298	6
0.548193305139651	1.09249212555738	0.16	0.083	1	chr17-43337034-43339347	6
0.548193305139651	0.904849727783161	0.16	0.083	1	chr17-48053253-48056193	6
0.548193305139651	0.939710407875724	0.16	0.083	1	chr17-60134755-60136064	6
0.548193305139651	0.885716171290724	0.16	0.083	1	chr17-64496002-64499196	6
0.548193305139651	0.95531085498831	0.16	0.083	1	chr17-64961548-64962866	6
0.548193305139651	1.05935758315755	0.16	0.083	1	chr17-66190569-66192552	6
0.548193305139651	1.24978254395648	0.16	0.083	1	chr17-75548928-75550524	6
0.548193305139651	1.10565015510559	0.16	0.083	1	chr17-82528462-82529557	6
0.548193305139651	0.981137046421382	0.16	0.083	1	chr18-3710417-3711560	6
0.548193305139651	0.929964622519504	0.16	0.083	1	chr18-21611771-21613492	6
0.548193305139651	0.911906838915034	0.16	0.083	1	chr18-21637326-21640005	6
0.548193305139651	0.988528351219035	0.16	0.083	1	chr18-70360898-70362652	6
0.548193305139651	1.10899954688053	0.16	0.083	1	chr18-79656882-79658070	6
0.548193305139651	1.03230126049209	0.16	0.083	1	chr18-79711912-79713042	6
0.548193305139651	1.02281730060933	0.16	0.083	1	chr19-659416-664113	6
0.548193305139651	1.11018460663311	0.16	0.083	1	chr19-1393746-1396957	6
0.548193305139651	0.957549075037999	0.16	0.083	1	chr19-2455916-2457545	6
0.548193305139651	1.01639039799844	0.16	0.083	1	chr19-14574070-14574821	6
0.548193305139651	0.969731098896464	0.16	0.083	1	chr19-37468828-37470012	6
0.548193305139651	1.09881076830954	0.16	0.083	1	chr19-40279923-40281652	6
0.548193305139651	0.976931070383365	0.16	0.083	1	chr19-40420539-40421824	6
0.548193305139651	1.00106354065625	0.16	0.083	1	chr19-44112765-44114025	6
0.548193305139651	1.02318513653699	0.16	0.083	1	chr19-48751978-48753422	6
0.548193305139651	1.06216862750478	0.16	0.083	1	chr19-58466399-58469079	6
0.548193305139651	1.16441146349569	0.16	0.083	1	chr20-9306160-9308691	6
0.548193305139651	1.04180678108032	0.16	0.083	1	chr20-21993632-21995039	6
0.548193305139651	1.10221710832338	0.16	0.083	1	chr20-25047261-25048994	6
0.548193305139651	1.00643029331747	0.16	0.083	1	chr20-31663819-31665348	6
0.548193305139651	1.13182186253947	0.16	0.083	1	chr20-31710649-31713338	6
0.548193305139651	0.926456318337283	0.16	0.083	1	chr20-35698036-35702002	6
0.548193305139651	0.955650880584217	0.16	0.083	1	chr20-43463083-43467399	6
0.548193305139651	1.1070288675005	0.16	0.083	1	chr21-31730548-31734156	6
0.548193305139651	1.08157793631665	0.16	0.083	1	chr22-20776467-20778654	6
0.548193305139651	1.07285640087759	0.16	0.083	1	chr22-28817913-28820108	6
0.548193305139651	0.893863732110113	0.16	0.083	1	chr22-36369619-36371614	6
0.548193305139651	0.947040321080706	0.16	0.083	1	chr22-38167335-38168702	6
0.548193305139651	0.909910497502888	0.16	0.083	1	chr22-43435863-43436993	6
0.548193305139651	0.921750179639972	0.16	0.083	1	chrX-10156271-10157500	6
0.548193305139651	0.931151270210243	0.16	0.083	1	chrX-13695068-13696274	6
0.548193305139651	0.966170856100251	0.16	0.083	1	chrX-18983409-18985511	6
0.548193305139651	0.893804311765603	0.16	0.083	1	chrX-47193118-47194590	6
0.548193305139651	0.952904002633087	0.16	0.083	1	chrX-55488266-55489555	6
0.548193305139651	1.00549070620744	0.16	0.083	1	chrX-72305701-72307620	6
0.548193305139651	1.07973383185769	0.16	0.083	1	chrX-73213808-73215407	6
0.548193305139651	0.838807378299708	0.16	0.083	1	chrX-74924360-74925777	6
0.548193305139651	1.00195909442516	0.16	0.083	1	chrX-103628441-103630376	6
0.548193305139651	1.03613465633578	0.16	0.083	1	chrX-112247209-112248208	6
0.548193305139651	0.949566704356557	0.16	0.083	1	chrX-149504217-149505846	6
0.560735923356029	0.663135252284844	0.28	0.167	1	chr1-67759754-67761595	6
0.560735923356029	0.589942182790296	0.28	0.167	1	chr1-161037663-161039789	6
0.560735923356029	0.694645167397249	0.28	0.167	1	chr1-171313410-171314748	6
0.560735923356029	0.741973243393848	0.28	0.167	1	chr1-205515651-205518069	6
0.560735923356029	0.684312350592445	0.28	0.167	1	chr3-29609055-29610116	6
0.560735923356029	0.712576422936642	0.28	0.167	1	chr3-48711357-48712541	6
0.560735923356029	0.361488386176503	0.28	0.167	1	chr4-148441458-148443388	6
0.560735923356029	0.705970575325938	0.28	0.167	1	chr5-14580430-14583157	6
0.560735923356029	0.574584123694896	0.28	0.167	1	chr5-55711209-55713164	6
0.560735923356029	0.6220174052744	0.28	0.167	1	chr6-109008585-109011176	6
0.560735923356029	0.66319377110376	0.28	0.167	1	chr7-100080496-100083073	6
0.560735923356029	0.429050442089619	0.28	0.167	1	chr8-48007762-48009519	6
0.560735923356029	0.948268241401442	0.28	0.167	1	chr11-77066251-77067600	6
0.560735923356029	0.588985005780136	0.28	0.167	1	chr12-26831197-26834129	6
0.560735923356029	0.64354458114952	0.28	0.167	1	chr12-67647512-67649983	6
0.560735923356029	0.734178386969765	0.28	0.167	1	chr12-132827505-132829639	6
0.560735923356029	0.5221930031717	0.28	0.167	1	chr14-89184467-89187395	6
0.560735923356029	0.695857725593129	0.28	0.167	1	chr16-85679797-85681816	6
0.560735923356029	0.685990525190611	0.28	0.167	1	chr17-56912285-56914995	6
0.560735923356029	0.547210024081092	0.28	0.167	1	chr17-59836971-59841482	6
0.560735923356029	0.598713436336911	0.28	0.167	1	chr18-70132070-70133752	6
0.560735923356029	0.60931222701122	0.28	0.167	1	chr19-6238042-6240100	6
0.564060057836328	0.441743238724064	0.4	0.333	1	chr2-197514888-197517138	6
0.564060057836328	0.514666874902589	0.4	0.333	1	chr11-43880109-43881522	6
0.564060057836328	0.697900879961621	0.4	0.333	1	chr11-66000968-66003834	6
0.564060057836328	0.513318056995023	0.4	0.333	1	chr11-93541698-93543951	6
0.564861181838255	0.403925745102036	0.52	0.417	1	chr5-172764331-172772378	6
0.568250062898743	0.434751445636444	0.4	0.25	1	chr15-90100297-90103097	6
0.569351618671466	0.366517685245625	0.52	0.5	1	chr11-126267360-126269858	6
0.571551746751551	0.412261243639958	0.44	0.333	1	chr1-151368038-151373385	6
0.571659137106783	0.42522221944889	0.36	0.25	1	chr1-151056147-151060194	6
0.571659137106783	0.582641364526441	0.36	0.25	1	chr3-42581199-42582972	6
0.571659137106783	0.476180453458317	0.36	0.25	1	chr6-152982103-152985124	6
0.571659137106783	0.483880602771418	0.36	0.25	1	chr10-60777817-60779631	6
0.571659137106783	0.540857518113856	0.36	0.25	1	chr11-83006273-83008587	6
0.571659137106783	0.448462063658671	0.36	0.25	1	chr12-42237104-42239335	6
0.571661775581981	0.44537642559487	0.48	0.417	1	chr11-15615706-15619558	6
0.57325429245275	0.262628252169481	0.52	0.583	1	chr5-87266886-87269704	6
0.573373578919889	0.543368393099415	0.24	0.167	1	chr1-2437437-2438733	6
0.573373578919889	0.647718698427484	0.24	0.167	1	chr1-32331272-32336726	6
0.573373578919889	0.612305682617803	0.24	0.167	1	chr1-51031325-51033440	6
0.573373578919889	0.632335025233733	0.24	0.167	1	chr1-116202834-116204045	6
0.573373578919889	0.640062271176275	0.24	0.167	1	chr1-148333547-148335654	6
0.573373578919889	0.604776341112246	0.24	0.167	1	chr1-152109128-152112456	6
0.573373578919889	0.631029929389815	0.24	0.167	1	chr1-156590918-156592904	6
0.573373578919889	0.66811411029612	0.24	0.167	1	chr1-184929622-184931020	6
0.573373578919889	0.79761972897508	0.24	0.167	1	chr1-206737354-206739882	6
0.573373578919889	0.679568818905769	0.24	0.167	1	chr1-225815777-225818688	6
0.573373578919889	0.646733692963274	0.24	0.167	1	chr1-226869949-226871982	6
0.573373578919889	0.735005027119876	0.24	0.167	1	chr1-246488295-246490143	6
0.573373578919889	0.649084487380104	0.24	0.167	1	chr2-73232535-73235408	6
0.573373578919889	0.632342445375949	0.24	0.167	1	chr2-84969205-84973559	6
0.573373578919889	0.638820045545555	0.24	0.167	1	chr2-129058358-129060114	6
0.573373578919889	0.772347416354466	0.24	0.167	1	chr3-71101561-71103653	6
0.573373578919889	0.632533820708566	0.24	0.167	1	chr4-88318143-88321619	6
0.573373578919889	0.734177047344431	0.24	0.167	1	chr4-108619758-108621925	6
0.573373578919889	0.845589130713396	0.24	0.167	1	chr5-65562524-65564930	6
0.573373578919889	0.972932814125206	0.24	0.167	1	chr5-72264542-72269573	6
0.573373578919889	0.574199565473286	0.24	0.167	1	chr5-142600293-142601461	6
0.573373578919889	0.607243669986623	0.24	0.167	1	chr5-177540208-177541043	6
0.573373578919889	0.615937106201991	0.24	0.167	1	chr6-108684328-108685977	6
0.573373578919889	0.607787536070072	0.24	0.167	1	chr6-138691462-138693933	6
0.573373578919889	0.758436349466	0.24	0.167	1	chr7-6103859-6106965	6
0.573373578919889	0.648131896494784	0.24	0.167	1	chr7-73577337-73579396	6
0.573373578919889	0.751782743757988	0.24	0.167	1	chr7-76392506-76394306	6
0.573373578919889	0.592474333073858	0.24	0.167	1	chr7-151226430-151228690	6
0.573373578919889	0.68056215574227	0.24	0.167	1	chr7-155916978-155919860	6
0.573373578919889	0.613105593851108	0.24	0.167	1	chr8-135456501-135458510	6
0.573373578919889	0.68120458071711	0.24	0.167	1	chr9-12774684-12776933	6
0.573373578919889	0.766862087649487	0.24	0.167	1	chr9-112755030-112757947	6
0.573373578919889	0.575488059638833	0.24	0.167	1	chr9-137610910-137613496	6
0.573373578919889	0.87104595477707	0.24	0.167	1	chr10-49538080-49540170	6
0.573373578919889	0.753915305135856	0.24	0.167	1	chr10-73816676-73820563	6
0.573373578919889	0.605950722832336	0.24	0.167	1	chr11-954677-956153	6
0.573373578919889	0.894997878873438	0.24	0.167	1	chr11-2076587-2077968	6
0.573373578919889	0.63518266872238	0.24	0.167	1	chr11-47946605-47948543	6
0.573373578919889	1.07262289333613	0.24	0.167	1	chr11-65662195-65664102	6
0.573373578919889	0.795337489916998	0.24	0.167	1	chr13-20524981-20526987	6
0.573373578919889	0.659654152886027	0.24	0.167	1	chr13-45464298-45466897	6
0.573373578919889	0.748852796905934	0.24	0.167	1	chr14-67940172-67942628	6
0.573373578919889	0.783564454141321	0.24	0.167	1	chr14-95338957-95341004	6
0.573373578919889	0.649535435970919	0.24	0.167	1	chr15-35544986-35546860	6
0.573373578919889	0.755447262740949	0.24	0.167	1	chr15-40405122-40406522	6
0.573373578919889	0.550887866048092	0.24	0.167	1	chr15-60477988-60479737	6
0.573373578919889	0.660965358306096	0.24	0.167	1	chr16-56729225-56730769	6
0.573373578919889	0.775219558912717	0.24	0.167	1	chr21-46188152-46190084	6
0.573373578919889	0.670018667909448	0.24	0.167	1	chrX-84186615-84188937	6
0.573373578919889	0.570231014328875	0.24	0.167	1	chrX-152941063-152942497	6
0.574131009562215	0.513067782720707	0.32	0.25	1	chr6-83429522-83433079	6
0.574131009562215	0.508253782495444	0.32	0.25	1	chr6-105607630-105610105	6
0.574131009562215	0.496124706212028	0.32	0.25	1	chr6-109690081-109691988	6
0.574131009562215	0.445352799650758	0.32	0.25	1	chr8-103413338-103416817	6
0.574131009562215	0.50502664290752	0.32	0.25	1	chr10-5502901-5505221	6
0.574131009562215	0.560633461320042	0.32	0.25	1	chr10-43435685-43437779	6
0.574131009562215	0.659502890187545	0.32	0.25	1	chr20-58906674-58908589	6
0.57806663683007	0.372029686455089	0.48	0.333	1	chr1-205563540-205566639	6
0.57806663683007	0.415803958466217	0.48	0.333	1	chr2-69913947-69915992	6
0.57806663683007	0.390468124522142	0.48	0.333	1	chr7-152462894-152465378	6
0.57806663683007	0.452722887499552	0.48	0.333	1	chr11-60903758-60907218	6
0.581215863131694	0.348840770565632	0.36	0.333	1	chr7-139107690-139110155	6
0.581215863131694	0.314322676330572	0.36	0.333	1	chr10-79086152-79088903	6
0.581215863131694	0.504910493516181	0.36	0.333	1	chr11-47847277-47849156	6
0.581215863131694	0.610441034509375	0.36	0.333	1	chr11-65040426-65042117	6
0.581215863131694	0.693329430657001	0.36	0.333	1	chr11-65650390-65654146	6
0.583739535374209	0.449798673408945	0.52	0.333	1	chr7-127650812-127653356	6
0.585147417844216	0.699069037707453	0.16	0.083	1	chr1-9560792-9562441	6
0.585147417844216	0.951889435425444	0.16	0.083	1	chr1-10685585-10688432	6
0.585147417844216	0.976951621821788	0.16	0.083	1	chr1-11934120-11935391	6
0.585147417844216	0.904343748675725	0.16	0.083	1	chr1-12309515-12310926	6
0.585147417844216	0.904620004943372	0.16	0.083	1	chr1-26704628-26707022	6
0.585147417844216	1.02822370517485	0.16	0.083	1	chr1-26824671-26827412	6
0.585147417844216	0.822017689852495	0.16	0.083	1	chr1-31054374-31056297	6
0.585147417844216	0.85524132330724	0.16	0.083	1	chr1-32142343-32143547	6
0.585147417844216	0.847242343387453	0.16	0.083	1	chr1-36268565-36270262	6
0.585147417844216	0.807950887430385	0.16	0.083	1	chr1-37471196-37472366	6
0.585147417844216	0.760249237577284	0.16	0.083	1	chr1-39105055-39106816	6
0.585147417844216	0.9381358880587	0.16	0.083	1	chr1-42948918-42950142	6
0.585147417844216	0.636619164972836	0.16	0.083	1	chr1-47178932-47180287	6
0.585147417844216	0.776785451005252	0.16	0.083	1	chr1-52002045-52002770	6
0.585147417844216	0.612325194054182	0.16	0.083	1	chr1-52926812-52928467	6
0.585147417844216	0.968811772393543	0.16	0.083	1	chr1-54370140-54372569	6
0.585147417844216	0.563440901436468	0.16	0.083	1	chr1-58884605-58886656	6
0.585147417844216	0.929374073037579	0.16	0.083	1	chr1-64071927-64073316	6
0.585147417844216	0.835007367979561	0.16	0.083	1	chr1-85224646-85225992	6
0.585147417844216	0.884251369267031	0.16	0.083	1	chr1-92874665-92875628	6
0.585147417844216	0.888495677542085	0.16	0.083	1	chr1-94246732-94248495	6
0.585147417844216	0.818254894936457	0.16	0.083	1	chr1-106879064-106880751	6
0.585147417844216	1.03191319057753	0.16	0.083	1	chr1-110611811-110612751	6
0.585147417844216	0.923436483867323	0.16	0.083	1	chr1-116909463-116912473	6
0.585147417844216	0.978447134709508	0.16	0.083	1	chr1-155650820-155652252	6
0.585147417844216	0.823041774216534	0.16	0.083	1	chr1-166603109-166603811	6
0.585147417844216	0.915733345620045	0.16	0.083	1	chr1-182084150-182085540	6
0.585147417844216	0.723061705713494	0.16	0.083	1	chr1-182317225-182318728	6
0.585147417844216	0.69394673541397	0.16	0.083	1	chr1-209641638-209643954	6
0.585147417844216	0.680363554570112	0.16	0.083	1	chr1-220390781-220392200	6
0.585147417844216	1.01729244835407	0.16	0.083	1	chr1-228829808-228831584	6
0.585147417844216	0.941818024708297	0.16	0.083	1	chr1-232982268-232983328	6
0.585147417844216	0.901019116972507	0.16	0.083	1	chr1-234861265-234863682	6
0.585147417844216	0.985888503278217	0.16	0.083	1	chr1-236531406-236532758	6
0.585147417844216	0.874741045676557	0.16	0.083	1	chr1-244299089-244300112	6
0.585147417844216	0.858950922317405	0.16	0.083	1	chr2-2577225-2577938	6
0.585147417844216	0.69316009116539	0.16	0.083	1	chr2-9346663-9348963	6
0.585147417844216	0.905099073993232	0.16	0.083	1	chr2-33086094-33087406	6
0.585147417844216	0.641418905924657	0.16	0.083	1	chr2-38152347-38153830	6
0.585147417844216	0.839034166482479	0.16	0.083	1	chr2-45649447-45652135	6
0.585147417844216	0.856446696253849	0.16	0.083	1	chr2-46408365-46410706	6
0.585147417844216	0.952212397294049	0.16	0.083	1	chr2-67560881-67562142	6
0.585147417844216	0.752281423640162	0.16	0.083	1	chr2-84486143-84487216	6
0.585147417844216	0.836663168950274	0.16	0.083	1	chr2-85954489-85956059	6
0.585147417844216	0.8232047304632	0.16	0.083	1	chr2-100887386-100888410	6
0.585147417844216	0.91488514297952	0.16	0.083	1	chr2-108718846-108720169	6
0.585147417844216	0.754969925423837	0.16	0.083	1	chr2-109644093-109645532	6
0.585147417844216	0.763097825812591	0.16	0.083	1	chr2-111139339-111140352	6
0.585147417844216	0.579448653620645	0.16	0.083	1	chr2-112725844-112727371	6
0.585147417844216	0.856508558717671	0.16	0.083	1	chr2-134815342-134816555	6
0.585147417844216	0.860334846575128	0.16	0.083	1	chr2-138893445-138894329	6
0.585147417844216	0.89582372042473	0.16	0.083	1	chr2-149329662-149331035	6
0.585147417844216	0.906117551668471	0.16	0.083	1	chr2-153495556-153496432	6
0.585147417844216	0.649883986705706	0.16	0.083	1	chr2-169584046-169585765	6
0.585147417844216	0.935603985771098	0.16	0.083	1	chr2-175180668-175182210	6
0.585147417844216	0.933760347669488	0.16	0.083	1	chr2-203582152-203583183	6
0.585147417844216	0.894756127930496	0.16	0.083	1	chr2-227884306-227884933	6
0.585147417844216	0.885944503445734	0.16	0.083	1	chr2-236659331-236661833	6
0.585147417844216	0.80752073046171	0.16	0.083	1	chr2-237558789-237559785	6
0.585147417844216	0.800015702861596	0.16	0.083	1	chr3-9148978-9150725	6
0.585147417844216	0.666849006637838	0.16	0.083	1	chr3-27680695-27681896	6
0.585147417844216	0.860422906447442	0.16	0.083	1	chr3-27767830-27769259	6
0.585147417844216	0.544075346439709	0.16	0.083	1	chr3-39447644-39449075	6
0.585147417844216	1.06864041119091	0.16	0.083	1	chr3-40467416-40468692	6
0.585147417844216	0.873798444399883	0.16	0.083	1	chr3-47577742-47579374	6
0.585147417844216	0.725713640967189	0.16	0.083	1	chr3-50225786-50228699	6
0.585147417844216	0.838025069080708	0.16	0.083	1	chr3-50670984-50671829	6
0.585147417844216	0.884705100121366	0.16	0.083	1	chr3-69385567-69386809	6
0.585147417844216	0.68666524773154	0.16	0.083	1	chr3-107981210-107982465	6
0.585147417844216	0.900109362269998	0.16	0.083	1	chr3-108067372-108068869	6
0.585147417844216	0.843000474197868	0.16	0.083	1	chr3-126679133-126681053	6
0.585147417844216	1.00609011530438	0.16	0.083	1	chr3-129195299-129196443	6
0.585147417844216	0.906209939989598	0.16	0.083	1	chr3-139109747-139110836	6
0.585147417844216	0.923945138859768	0.16	0.083	1	chr3-141659683-141661034	6
0.585147417844216	0.90329306879341	0.16	0.083	1	chr3-148624547-148625911	6
0.585147417844216	0.912732455283732	0.16	0.083	1	chr3-159770106-159771058	6
0.585147417844216	0.688283127965311	0.16	0.083	1	chr3-160225013-160226492	6
0.585147417844216	0.742247920961244	0.16	0.083	1	chr3-171966755-171967894	6
0.585147417844216	0.97562840850883	0.16	0.083	1	chr3-172515051-172517784	6
0.585147417844216	0.87365064756893	0.16	0.083	1	chr3-182889572-182890873	6
0.585147417844216	0.782892586422963	0.16	0.083	1	chr3-190344762-190346416	6
0.585147417844216	0.97536293383998	0.16	0.083	1	chr3-194984678-194985928	6
0.585147417844216	0.935231852669911	0.16	0.083	1	chr4-13670430-13671278	6
0.585147417844216	0.87709971462178	0.16	0.083	1	chr4-26412282-26413455	6
0.585147417844216	0.847957500334829	0.16	0.083	1	chr4-45970618-45971765	6
0.585147417844216	0.883745395852656	0.16	0.083	1	chr4-71296798-71297545	6
0.585147417844216	0.843574079593695	0.16	0.083	1	chr4-76305494-76307765	6
0.585147417844216	0.688680156886846	0.16	0.083	1	chr4-87072618-87074427	6
0.585147417844216	0.88880342904667	0.16	0.083	1	chr4-101014983-101017324	6
0.585147417844216	0.833063392019566	0.16	0.083	1	chr4-118745719-118747242	6
0.585147417844216	0.93540301751141	0.16	0.083	1	chr4-168317827-168319102	6
0.585147417844216	0.82580814760366	0.16	0.083	1	chr5-67214825-67216752	6
0.585147417844216	0.892564599045009	0.16	0.083	1	chr5-96868617-96869528	6
0.585147417844216	0.917559175259818	0.16	0.083	1	chr5-107217367-107219599	6
0.585147417844216	0.905584076734398	0.16	0.083	1	chr5-111680505-111681788	6
0.585147417844216	0.881575938108624	0.16	0.083	1	chr5-127884860-127886502	6
0.585147417844216	0.892287245931856	0.16	0.083	1	chr5-128198029-128199819	6
0.585147417844216	0.936746425294763	0.16	0.083	1	chr5-135185458-135189247	6
0.585147417844216	0.840677233687007	0.16	0.083	1	chr6-2970507-2972389	6
0.585147417844216	0.850127796362782	0.16	0.083	1	chr6-27518119-27519916	6
0.585147417844216	0.800135404509406	0.16	0.083	1	chr6-29632185-29633906	6
0.585147417844216	0.971868637267196	0.16	0.083	1	chr6-34597431-34599499	6
0.585147417844216	0.772932653084617	0.16	0.083	1	chr6-36885357-36886426	6
0.585147417844216	0.860970506960336	0.16	0.083	1	chr6-42879012-42880985	6
0.585147417844216	0.751857029508144	0.16	0.083	1	chr6-45924735-45925628	6
0.585147417844216	0.8843810292433	0.16	0.083	1	chr6-69866468-69867909	6
0.585147417844216	0.808814634138508	0.16	0.083	1	chr6-71364285-71366859	6
0.585147417844216	0.901429348966834	0.16	0.083	1	chr6-96923719-96925507	6
0.585147417844216	0.872921313788722	0.16	0.083	1	chr6-110324508-110325884	6
0.585147417844216	0.65852384591331	0.16	0.083	1	chr6-112305426-112307342	6
0.585147417844216	0.838045457193535	0.16	0.083	1	chr6-130307689-130308520	6
0.585147417844216	0.873516920951303	0.16	0.083	1	chr6-143534997-143537968	6
0.585147417844216	0.548586668832712	0.16	0.083	1	chr6-145813631-145815284	6
0.585147417844216	0.816793583115099	0.16	0.083	1	chr6-147585107-147586652	6
0.585147417844216	0.869707541056077	0.16	0.083	1	chr6-148257257-148259701	6
0.585147417844216	0.941208340468592	0.16	0.083	1	chr6-149963101-149964476	6
0.585147417844216	0.840655406928011	0.16	0.083	1	chr6-169831397-169833047	6
0.585147417844216	0.949731758544571	0.16	0.083	1	chr7-974033-975890	6
0.585147417844216	0.915100399194017	0.16	0.083	1	chr7-16812792-16814773	6
0.585147417844216	0.590446177812106	0.16	0.083	1	chr7-28685397-28686658	6
0.585147417844216	0.860255575271967	0.16	0.083	1	chr7-51179806-51181247	6
0.585147417844216	0.766746255778411	0.16	0.083	1	chr7-55568449-55570332	6
0.585147417844216	0.723809878731049	0.16	0.083	1	chr7-56033249-56034849	6
0.585147417844216	1.02546903040521	0.16	0.083	1	chr7-73435799-73437290	6
0.585147417844216	0.996026122568519	0.16	0.083	1	chr7-80611038-80612500	6
0.585147417844216	0.816975592194257	0.16	0.083	1	chr7-103296886-103298611	6
0.585147417844216	0.795071799970189	0.16	0.083	1	chr7-143394662-143396363	6
0.585147417844216	0.773078091121246	0.16	0.083	1	chr8-18079790-18080729	6
0.585147417844216	0.68620801019416	0.16	0.083	1	chr8-30721959-30724297	6
0.585147417844216	0.666719150075914	0.16	0.083	1	chr8-37694842-37697461	6
0.585147417844216	0.954992208016675	0.16	0.083	1	chr8-41323069-41324256	6
0.585147417844216	0.862780793700705	0.16	0.083	1	chr8-56753417-56754451	6
0.585147417844216	0.945160349979917	0.16	0.083	1	chr8-65418915-65420313	6
0.585147417844216	0.814457355933957	0.16	0.083	1	chr8-88243028-88244424	6
0.585147417844216	0.726294413686408	0.16	0.083	1	chr8-98824424-98826579	6
0.585147417844216	0.903445726890968	0.16	0.083	1	chr8-102179216-102180031	6
0.585147417844216	0.80311068524988	0.16	0.083	1	chr8-124067620-124068881	6
0.585147417844216	0.767578080037729	0.16	0.083	1	chr8-133326326-133327794	6
0.585147417844216	0.99407495558674	0.16	0.083	1	chr9-488540-491035	6
0.585147417844216	0.757967532242759	0.16	0.083	1	chr9-4590724-4592747	6
0.585147417844216	0.949163099226572	0.16	0.083	1	chr9-33229162-33230149	6
0.585147417844216	0.747363738797722	0.16	0.083	1	chr9-34650999-34653469	6
0.585147417844216	0.755386346196974	0.16	0.083	1	chr9-35338236-35340604	6
0.585147417844216	0.844945165834362	0.16	0.083	1	chr9-38632979-38634528	6
0.585147417844216	0.894322456889975	0.16	0.083	1	chr9-42743245-42744138	6
0.585147417844216	0.880058250409699	0.16	0.083	1	chr9-62837980-62839020	6
0.585147417844216	0.799482383188153	0.16	0.083	1	chr9-94292224-94293210	6
0.585147417844216	0.904486649041695	0.16	0.083	1	chr9-109497312-109498832	6
0.585147417844216	0.836450504359103	0.16	0.083	1	chr9-113640459-113641539	6
0.585147417844216	0.949450098033094	0.16	0.083	1	chr9-128688304-128690884	6
0.585147417844216	0.928656832077061	0.16	0.083	1	chr10-824232-825815	6
0.585147417844216	0.934105167761303	0.16	0.083	1	chr10-3090488-3092079	6
0.585147417844216	0.860229191793366	0.16	0.083	1	chr10-5761902-5763153	6
0.585147417844216	1.00100935196341	0.16	0.083	1	chr10-24642620-24643674	6
0.585147417844216	0.899869776093952	0.16	0.083	1	chr10-35546496-35547680	6
0.585147417844216	0.829463410545996	0.16	0.083	1	chr10-69385089-69386560	6
0.585147417844216	0.576923129219303	0.16	0.083	1	chr10-72353093-72355625	6
0.585147417844216	0.791856126390736	0.16	0.083	1	chr10-73572338-73578529	6
0.585147417844216	0.788664780961756	0.16	0.083	1	chr10-77286728-77288566	6
0.585147417844216	0.925746503880436	0.16	0.083	1	chr10-84195749-84197487	6
0.585147417844216	0.731997867172522	0.16	0.083	1	chr10-97072586-97073471	6
0.585147417844216	0.998615852166131	0.16	0.083	1	chr10-99394183-99396957	6
0.585147417844216	0.861644020466739	0.16	0.083	1	chr10-101616045-101617677	6
0.585147417844216	0.763034947357517	0.16	0.083	1	chr10-102506828-102509879	6
0.585147417844216	0.933373444513726	0.16	0.083	1	chr10-124403245-124404019	6
0.585147417844216	0.98748555857178	0.16	0.083	1	chr10-125123212-125124427	6
0.585147417844216	0.891811512573706	0.16	0.083	1	chr10-125152839-125155249	6
0.585147417844216	0.928330440097841	0.16	0.083	1	chr10-126798420-126799172	6
0.585147417844216	0.852081473390089	0.16	0.083	1	chr10-132676076-132677030	6
0.585147417844216	0.94332379920816	0.16	0.083	1	chr10-132684597-132686086	6
0.585147417844216	1.07214946513751	0.16	0.083	1	chr11-4043872-4045471	6
0.585147417844216	0.885907570204458	0.16	0.083	1	chr11-9056388-9057691	6
0.585147417844216	0.694766675617491	0.16	0.083	1	chr11-9137461-9140578	6
0.585147417844216	0.917416429430754	0.16	0.083	1	chr11-15073235-15075545	6
0.585147417844216	0.937278590953712	0.16	0.083	1	chr11-35182444-35183199	6
0.585147417844216	0.682404595717536	0.16	0.083	1	chr11-47498505-47500060	6
0.585147417844216	0.938698657970783	0.16	0.083	1	chr11-61445504-61446818	6
0.585147417844216	0.946845841234586	0.16	0.083	1	chr11-61460111-61461228	6
0.585147417844216	0.926736721353993	0.16	0.083	1	chr11-63619816-63620626	6
0.585147417844216	0.964753034710263	0.16	0.083	1	chr11-64433823-64434661	6
0.585147417844216	1.08582464335492	0.16	0.083	1	chr11-66891900-66892642	6
0.585147417844216	0.899143167563115	0.16	0.083	1	chr11-67657305-67658501	6
0.585147417844216	0.968630895142248	0.16	0.083	1	chr11-75924850-75925633	6
0.585147417844216	0.683491899205234	0.16	0.083	1	chr11-77362571-77363648	6
0.585147417844216	0.875217512814112	0.16	0.083	1	chr11-102047130-102047831	6
0.585147417844216	1.08038796679718	0.16	0.083	1	chr11-102850597-102851714	6
0.585147417844216	0.522550510421761	0.16	0.083	1	chr11-119309158-119309993	6
0.585147417844216	0.737661377151682	0.16	0.083	1	chr11-120128306-120129567	6
0.585147417844216	0.900316675258219	0.16	0.083	1	chr12-52029435-52030500	6
0.585147417844216	0.860278758842442	0.16	0.083	1	chr12-54762243-54762969	6
0.585147417844216	0.900493364745716	0.16	0.083	1	chr12-64795375-64797797	6
0.585147417844216	0.681778526438384	0.16	0.083	1	chr12-79566214-79567581	6
0.585147417844216	0.853305496294291	0.16	0.083	1	chr12-81571416-81573578	6
0.585147417844216	0.671804333528277	0.16	0.083	1	chr12-103575029-103576083	6
0.585147417844216	0.618744105307765	0.16	0.083	1	chr12-106096060-106097429	6
0.585147417844216	0.687784897242723	0.16	0.083	1	chr12-109052009-109053484	6
0.585147417844216	0.643182982887814	0.16	0.083	1	chr12-110042157-110044375	6
0.585147417844216	0.930818393671627	0.16	0.083	1	chr12-112340382-112341746	6
0.585147417844216	0.842284439649731	0.16	0.083	1	chr12-121686660-121687633	6
0.585147417844216	0.884333831826031	0.16	0.083	1	chr12-124988115-124989506	6
0.585147417844216	0.987211664316715	0.16	0.083	1	chr12-132444979-132446967	6
0.585147417844216	0.910132404442279	0.16	0.083	1	chr13-27549081-27550333	6
0.585147417844216	0.748024339342775	0.16	0.083	1	chr13-49395282-49396053	6
0.585147417844216	0.922184509335783	0.16	0.083	1	chr13-53200978-53202426	6
0.585147417844216	0.855768500028261	0.16	0.083	1	chr13-98791915-98793144	6
0.585147417844216	0.951358060649535	0.16	0.083	1	chr14-24298839-24300895	6
0.585147417844216	0.73988187507059	0.16	0.083	1	chr14-32472597-32474156	6
0.585147417844216	0.81575761227389	0.16	0.083	1	chr14-35402195-35405520	6
0.585147417844216	0.872753209686035	0.16	0.083	1	chr14-45194712-45195825	6
0.585147417844216	0.894237105172904	0.16	0.083	1	chr14-66378821-66380635	6
0.585147417844216	0.944646418784317	0.16	0.083	1	chr14-78319471-78320733	6
0.585147417844216	0.970031322338618	0.16	0.083	1	chr14-88194446-88196157	6
0.585147417844216	0.911835519250353	0.16	0.083	1	chr14-99792948-99794089	6
0.585147417844216	0.740687020610597	0.16	0.083	1	chr14-104863949-104866909	6
0.585147417844216	0.929752321821148	0.16	0.083	1	chr15-40971849-40972757	6
0.585147417844216	0.894668722028137	0.16	0.083	1	chr15-65532639-65534980	6
0.585147417844216	0.880847482288911	0.16	0.083	1	chr15-72226394-72227335	6
0.585147417844216	0.816916324310794	0.16	0.083	1	chr15-77496720-77498558	6
0.585147417844216	1.00823232479724	0.16	0.083	1	chr15-89095845-89098905	6
0.585147417844216	0.833910456015587	0.16	0.083	1	chr15-90351733-90352879	6
0.585147417844216	0.935472350924728	0.16	0.083	1	chr15-101723157-101725032	6
0.585147417844216	0.58934638444385	0.16	0.083	1	chr16-361888-362774	6
0.585147417844216	0.927235853148804	0.16	0.083	1	chr16-4307231-4308341	6
0.585147417844216	0.761345033398747	0.16	0.083	1	chr16-4868927-4871073	6
0.585147417844216	0.827095626767382	0.16	0.083	1	chr16-11496876-11498111	6
0.585147417844216	0.927200178431205	0.16	0.083	1	chr16-12880799-12882323	6
0.585147417844216	0.761982224513698	0.16	0.083	1	chr16-16014388-16015614	6
0.585147417844216	0.928801137570461	0.16	0.083	1	chr16-25048231-25050867	6
0.585147417844216	0.898204287899397	0.16	0.083	1	chr16-30555872-30559046	6
0.585147417844216	0.878406379515336	0.16	0.083	1	chr16-56551578-56552895	6
0.585147417844216	0.914466111768256	0.16	0.083	1	chr16-66509931-66514188	6
0.585147417844216	0.821836891449157	0.16	0.083	1	chr16-70714558-70716839	6
0.585147417844216	0.850165552469003	0.16	0.083	1	chr16-74842360-74844261	6
0.585147417844216	0.789957972145702	0.16	0.083	1	chr16-79887120-79888906	6
0.585147417844216	0.819945617942265	0.16	0.083	1	chr16-82541574-82544831	6
0.585147417844216	0.802567355186902	0.16	0.083	1	chr17-750933-753078	6
0.585147417844216	0.670494361552268	0.16	0.083	1	chr17-6550656-6552904	6
0.585147417844216	0.946490251073217	0.16	0.083	1	chr17-8236912-8238055	6
0.585147417844216	0.809287148949881	0.16	0.083	1	chr17-10209864-10210889	6
0.585147417844216	0.842779154533683	0.16	0.083	1	chr17-19651846-19653366	6
0.585147417844216	0.811821381765445	0.16	0.083	1	chr17-29785637-29786630	6
0.585147417844216	0.78165384458931	0.16	0.083	1	chr17-66301658-66303953	6
0.585147417844216	0.860078886938187	0.16	0.083	1	chr17-72517924-72519682	6
0.585147417844216	0.887118536548771	0.16	0.083	1	chr17-74767284-74773891	6
0.585147417844216	0.775772513953083	0.16	0.083	1	chr17-74991635-74994498	6
0.585147417844216	0.967267173912714	0.16	0.083	1	chr18-37444500-37445352	6
0.585147417844216	0.909498715165957	0.16	0.083	1	chr18-57131371-57132660	6
0.585147417844216	0.951787059999045	0.16	0.083	1	chr18-65905227-65907208	6
0.585147417844216	0.867420331853741	0.16	0.083	1	chr18-77127550-77128977	6
0.585147417844216	0.807997066366978	0.16	0.083	1	chr18-77254774-77256632	6
0.585147417844216	0.619404258118514	0.16	0.083	1	chr19-1039521-1041571	6
0.585147417844216	0.903158106817291	0.16	0.083	1	chr19-1109130-1114171	6
0.585147417844216	0.750092042648891	0.16	0.083	1	chr19-2235037-2238109	6
0.585147417844216	0.928358137901231	0.16	0.083	1	chr19-34471705-34472942	6
0.585147417844216	0.726209310226646	0.16	0.083	1	chr19-36127402-36128855	6
0.585147417844216	0.795041206174042	0.16	0.083	1	chr19-44643583-44644959	6
0.585147417844216	0.862204627183275	0.16	0.083	1	chr19-44844441-44846649	6
0.585147417844216	0.898602639753725	0.16	0.083	1	chr19-50147374-50148606	6
0.585147417844216	0.718633732742617	0.16	0.083	1	chr19-55475827-55477638	6
0.585147417844216	0.638755502909824	0.16	0.083	1	chr19-57389284-57390647	6
0.585147417844216	0.967234616977947	0.16	0.083	1	chr19-57487387-57489084	6
0.585147417844216	0.877843648915398	0.16	0.083	1	chr19-57849340-57851193	6
0.585147417844216	0.691471588925122	0.16	0.083	1	chr20-17966858-17970352	6
0.585147417844216	0.785957885734464	0.16	0.083	1	chr20-33554783-33555562	6
0.585147417844216	1.11674821106799	0.16	0.083	1	chr21-32569105-32570246	6
0.585147417844216	0.858366096222313	0.16	0.083	1	chr22-28028481-28030152	6
0.585147417844216	0.892753035503116	0.16	0.083	1	chr22-29310161-29311556	6
0.585147417844216	0.883958566899265	0.16	0.083	1	chr22-31122087-31123527	6
0.585147417844216	0.849213162215951	0.16	0.083	1	chr22-35335323-35337068	6
0.585147417844216	0.851804147577248	0.16	0.083	1	chr22-41687505-41689613	6
0.585147417844216	0.924321134929613	0.16	0.083	1	chr22-46006125-46008716	6
0.585147417844216	0.826593174909284	0.16	0.083	1	chrX-23666718-23668829	6
0.585147417844216	0.8123522516055	0.16	0.083	1	chrX-63560462-63561996	6
0.585147417844216	0.867373138815379	0.16	0.083	1	chrX-72068277-72069889	6
0.585147417844216	0.759875886033938	0.16	0.083	1	chrX-136010382-136012934	6
0.585147417844216	0.813552146623277	0.16	0.083	1	chrX-152830202-152831634	6
0.588680562287758	0.337301883935673	0.52	0.417	1	chr17-58516996-58519709	6
0.589467956660156	0.51916484707488	0.4	0.333	1	chr1-84502928-84507349	6
0.589467956660156	0.385151374232723	0.4	0.333	1	chr1-167219325-167224071	6
0.589467956660156	0.392394068794704	0.4	0.333	1	chr2-223835547-223838404	6
0.589467956660156	0.543925582905036	0.4	0.333	1	chr11-534266-538268	6
0.589467956660156	0.342669301741816	0.4	0.333	1	chr15-57505044-57507600	6
0.590124061094788	0.510929998214952	0.28	0.167	1	chr2-74457016-74459755	6
0.590124061094788	0.441944331221956	0.28	0.167	1	chr3-128617202-128619198	6
0.590124061094788	0.379395505405756	0.28	0.167	1	chr3-141486301-141488395	6
0.590124061094788	0.507962645951601	0.28	0.167	1	chr4-77145525-77148278	6
0.590124061094788	0.319130693904727	0.28	0.167	1	chr5-69166402-69168223	6
0.590124061094788	0.655142630336359	0.28	0.167	1	chr6-105089777-105091969	6
0.590124061094788	0.551716542062289	0.28	0.167	1	chr6-105402117-105404057	6
0.590124061094788	0.429845753449966	0.28	0.167	1	chr6-107027695-107029278	6
0.590124061094788	0.423482836571457	0.28	0.167	1	chr7-75526621-75528815	6
0.590124061094788	0.598125250476734	0.28	0.167	1	chr8-127017984-127019511	6
0.590124061094788	0.369085015241823	0.28	0.167	1	chr9-32136338-32137426	6
0.590124061094788	0.592336933329688	0.28	0.167	1	chr12-104956776-104959987	6
0.590124061094788	0.490925710565309	0.28	0.167	1	chr13-112725200-112728282	6
0.590124061094788	0.572261772061664	0.28	0.167	1	chr14-32397323-32399016	6
0.590124061094788	0.457873927103992	0.28	0.167	1	chr15-82044373-82047791	6
0.590124061094788	0.466310118383769	0.28	0.167	1	chr15-101651509-101653719	6
0.590124061094788	0.41748510363751	0.28	0.167	1	chr17-81710027-81714603	6
0.590124061094788	0.54489632008447	0.28	0.167	1	chr20-9442082-9443696	6
0.590124061094788	0.551282764608516	0.28	0.167	1	chr21-30226577-30228723	6
0.590124061094788	0.489722805984786	0.28	0.167	1	chr21-46322361-46326440	6
0.590124061094788	0.632884874194768	0.28	0.167	1	chrX-43706871-43708569	6
0.594318414872635	0.421492947368273	0.4	0.25	1	chr1-112953719-112957168	6
0.594318414872635	0.416050333136131	0.4	0.25	1	chr1-179953646-179956020	6
0.594318414872635	0.399267337864845	0.4	0.25	1	chr1-224453579-224455295	6
0.594318414872635	0.353637443430631	0.4	0.25	1	chr7-128409196-128411241	6
0.595934830707457	0.438788798466722	0.48	0.417	1	chr1-241518364-241520546	6
0.59662058936467	0.371052277288517	0.44	0.333	1	chr5-141968468-141970974	6
0.59662058936467	0.496454975265326	0.44	0.333	1	chr11-72222002-72226068	6
0.59662058936467	0.479382479689805	0.44	0.333	1	chr11-119333934-119336122	6
0.598469913904584	0.332156949144615	0.36	0.25	1	chr1-77779057-77780595	6
0.598469913904584	0.530837267233433	0.36	0.25	1	chr1-165696076-165699269	6
0.598469913904584	0.43053725068168	0.36	0.25	1	chr1-214439151-214441179	6
0.598469913904584	0.478335805502306	0.36	0.25	1	chr4-132343986-132345937	6
0.598469913904584	0.558488886416617	0.36	0.25	1	chr11-65026912-65028311	6
0.598469913904584	0.429906575031813	0.36	0.25	1	chr12-53451422-53453474	6
0.598469913904584	0.526926456576576	0.36	0.25	1	chr13-91346820-91349638	6
0.598469913904584	0.447541984648951	0.36	0.25	1	chr16-74295731-74298958	6
0.598469913904584	0.470842415686992	0.36	0.25	1	chr19-10834869-10836944	6
0.598469913904584	0.670597356170603	0.32	0.333	1	chr3-56810779-56814153	6
0.599952831290686	0.309699960498048	0.6	0.5	1	chr1-201169946-201172664	6
0.601784025714046	0.5017355171814	0.32	0.25	1	chr1-156019834-156021445	6
0.601784025714046	0.496164522239196	0.32	0.25	1	chr1-180501413-180503859	6
0.601784025714046	0.551363402628619	0.32	0.25	1	chr1-225874878-225876405	6
0.601784025714046	0.479586161057496	0.32	0.25	1	chr1-243432788-243435226	6
0.601784025714046	0.55343697207073	0.32	0.25	1	chr3-157087803-157090186	6
0.601784025714046	0.501423750066717	0.32	0.25	1	chr4-78774849-78777469	6
0.601784025714046	0.427628534957277	0.32	0.25	1	chr8-85176408-85178923	6
0.601784025714046	0.516121583835305	0.32	0.25	1	chr9-79571071-79572900	6
0.601784025714046	0.621729000080478	0.32	0.25	1	chr11-24634140-24636867	6
0.601784025714046	0.564217834674855	0.32	0.25	1	chr11-59008383-59011045	6
0.601784025714046	0.565703736960426	0.32	0.25	1	chr11-64245044-64247830	6
0.601784025714046	0.680322201786287	0.32	0.25	1	chr12-107091819-107094587	6
0.601784025714046	0.565108932573463	0.32	0.25	1	chr14-77181033-77182541	6
0.601784025714046	0.755144811224335	0.32	0.25	1	chr20-34875533-34877212	6
0.601784025714046	0.427290919325067	0.32	0.25	1	chrX-2608535-2610661	6
0.602836100748954	0.292078622490387	0.44	0.417	1	chr8-93754140-93755685	6
0.604073745896267	0.390146826538955	0.28	0.25	1	chr11-60841508-60843171	6
0.604073745896267	0.505575950954035	0.28	0.25	1	chr15-23564686-23567367	6
0.604428387310477	0.603083816855657	0.24	0.167	1	chr1-108199308-108201392	6
0.604428387310477	0.622935885543463	0.24	0.167	1	chr1-179585879-179587139	6
0.604428387310477	0.642515175907702	0.24	0.167	1	chr1-226737903-226740081	6
0.604428387310477	0.69911907702984	0.24	0.167	1	chr2-96264898-96267575	6
0.604428387310477	0.660061625355497	0.24	0.167	1	chr2-168963996-168965016	6
0.604428387310477	0.567795874173365	0.24	0.167	1	chr2-237966184-237967959	6
0.604428387310477	0.712424259106546	0.24	0.167	1	chr3-12556259-12559172	6
0.604428387310477	0.563874015311301	0.24	0.167	1	chr3-107240204-107241721	6
0.604428387310477	0.668751473050077	0.24	0.167	1	chr3-186566216-186568073	6
0.604428387310477	0.783918063225897	0.24	0.167	1	chr4-6749117-6752257	6
0.604428387310477	0.713269646393421	0.24	0.167	1	chr4-40189822-40192748	6
0.604428387310477	0.633607045081381	0.24	0.167	1	chr4-48375210-48376625	6
0.604428387310477	0.663831404088675	0.24	0.167	1	chr4-67711635-67714628	6
0.604428387310477	0.67376350210912	0.24	0.167	1	chr5-132367425-132371941	6
0.604428387310477	0.580327051739816	0.24	0.167	1	chr5-174720854-174726047	6
0.604428387310477	0.773285610373368	0.24	0.167	1	chr6-41766752-41767909	6
0.604428387310477	0.579301299296153	0.24	0.167	1	chr6-83708256-83709840	6
0.604428387310477	0.573439941812675	0.24	0.167	1	chr6-110414698-110416227	6
0.604428387310477	0.741943349490287	0.24	0.167	1	chr7-98250953-98253460	6
0.604428387310477	0.630608271068833	0.24	0.167	1	chr8-70215013-70215790	6
0.604428387310477	0.740929999088688	0.24	0.167	1	chr9-37799826-37802179	6
0.604428387310477	0.967198437384886	0.24	0.167	1	chr11-1502699-1504443	6
0.604428387310477	0.455196371212486	0.24	0.167	1	chr11-2325361-2326384	6
0.604428387310477	0.625865006424991	0.24	0.167	1	chr12-103954353-103958026	6
0.604428387310477	0.591473402776982	0.24	0.167	1	chr15-41620494-41622395	6
0.604428387310477	0.618649814493232	0.24	0.167	1	chr16-53098781-53101358	6
0.604428387310477	0.560897419985233	0.24	0.167	1	chr16-75238014-75241427	6
0.604428387310477	0.774743512079228	0.24	0.167	1	chr19-19137647-19139010	6
0.60496156214874	0.395130781868899	0.56	0.417	1	chr4-39181597-39183740	6
0.60496156214874	0.341345700139673	0.56	0.417	1	chr4-76211197-76216568	6
0.607554370971993	0.531022988831615	0.36	0.333	1	chr10-42551780-42553772	6
0.612953517399308	0.459759359987102	0.52	0.417	1	chr11-57798747-57801340	6
0.615391171251693	0.547488762166563	0.4	0.333	1	chr1-170073914-170075457	6
0.615391171251693	0.468284376446556	0.4	0.333	1	chr1-174158294-174160748	6
0.615391171251693	0.530115200190007	0.4	0.333	1	chr3-113018266-113020211	6
0.615391171251693	0.403523531138523	0.4	0.333	1	chr6-73652517-73655434	6
0.615391171251693	0.385313283080335	0.4	0.333	1	chr8-142725259-142728887	6
0.615391171251693	0.337703296049054	0.4	0.333	1	chr10-133257212-133259872	6
0.615391171251693	0.487760403028873	0.4	0.333	1	chr11-6602370-6604927	6
0.620202228346164	0.390543437720088	0.28	0.167	1	chr1-229624523-229627372	6
0.620202228346164	0.377037402678988	0.28	0.167	1	chr2-127525093-127528845	6
0.620202228346164	0.322402941984786	0.28	0.167	1	chr2-232696571-232698242	6
0.620202228346164	0.495441856696832	0.28	0.167	1	chr5-178152722-178154566	6
0.620202228346164	0.39334376488975	0.28	0.167	1	chr7-150367064-150371927	6
0.620202228346164	0.453605881606479	0.28	0.167	1	chr9-19048189-19050750	6
0.620202228346164	0.493551326886942	0.28	0.167	1	chr9-33816323-33818957	6
0.620202228346164	0.620658777889607	0.28	0.167	1	chr11-18698089-18699417	6
0.620202228346164	0.2812909412511	0.28	0.167	1	chr12-27523170-27525226	6
0.620202228346164	0.384438443915672	0.28	0.167	1	chr12-62465803-62467895	6
0.620202228346164	0.400057488354976	0.28	0.167	1	chr17-47948257-47950886	6
0.620202228346164	0.4627118981573	0.28	0.167	1	chr18-77262048-77264007	6
0.620202228346164	0.39639944602758	0.28	0.167	1	chrX-153927000-153929168	6
0.62060671737424	0.338352322833133	0.6	0.417	1	chr4-11428120-11430383	6
0.620667120362743	0.379932352036039	0.48	0.417	1	chr11-47640429-47643593	6
0.620667120362743	0.46546377156132	0.48	0.417	1	chr11-115502700-115505622	6
0.620920253198875	0.32917767281471	0.4	0.25	1	chr7-73520258-73523145	6
0.622178386194658	0.318381940151272	0.44	0.333	1	chr5-141635868-141638483	6
0.622178386194658	0.396257658066537	0.44	0.333	1	chr18-79678119-79682372	6
0.622178386194658	0.413074358980983	0.44	0.333	1	chr19-55383100-55387247	6
0.623219002894675	0.727567907886832	0.16	0.083	1	chr1-11804216-11807037	6
0.623219002894675	0.475696595282317	0.16	0.083	1	chr1-16913365-16914898	6
0.623219002894675	0.755927855318149	0.16	0.083	1	chr1-19073292-19075702	6
0.623219002894675	0.562269056397584	0.16	0.083	1	chr1-26233499-26235318	6
0.623219002894675	0.763255528158568	0.16	0.083	1	chr1-35807385-35810573	6
0.623219002894675	0.578570353890021	0.16	0.083	1	chr1-42938880-42939784	6
0.623219002894675	0.791240798160399	0.16	0.083	1	chr1-52037296-52038183	6
0.623219002894675	0.679426905926516	0.16	0.083	1	chr1-58182926-58184076	6
0.623219002894675	0.723889148061084	0.16	0.083	1	chr1-84400814-84403290	6
0.623219002894675	0.70794159702536	0.16	0.083	1	chr1-119867522-119869010	6
0.623219002894675	0.801619894649555	0.16	0.083	1	chr1-157197754-157199165	6
0.623219002894675	0.807946352953328	0.16	0.083	1	chr1-159798591-159799449	6
0.623219002894675	0.61002266981073	0.16	0.083	1	chr1-161179513-161180964	6
0.623219002894675	0.360578494718528	0.16	0.083	1	chr1-183952701-183953770	6
0.623219002894675	0.678455727590771	0.16	0.083	1	chr1-184422202-184423625	6
0.623219002894675	0.684124414875507	0.16	0.083	1	chr1-197462672-197464266	6
0.623219002894675	0.642247255315315	0.16	0.083	1	chr1-197485340-197487486	6
0.623219002894675	0.830276358270579	0.16	0.083	1	chr1-227999127-227999989	6
0.623219002894675	0.689602928790224	0.16	0.083	1	chr2-17166413-17167045	6
0.623219002894675	0.594509185991241	0.16	0.083	1	chr2-18824051-18825272	6
0.623219002894675	0.516270643415368	0.16	0.083	1	chr2-19102403-19103371	6
0.623219002894675	0.280454926419682	0.16	0.083	1	chr2-25670750-25674123	6
0.623219002894675	0.627875621904266	0.16	0.083	1	chr2-36355226-36357422	6
0.623219002894675	0.673822493642551	0.16	0.083	1	chr2-45009062-45010001	6
0.623219002894675	0.820129775874458	0.16	0.083	1	chr2-64453141-64455217	6
0.623219002894675	0.74664963782527	0.16	0.083	1	chr2-82316751-82317617	6
0.623219002894675	0.305003189488799	0.16	0.083	1	chr2-96549590-96551108	6
0.623219002894675	0.798841670554809	0.16	0.083	1	chr2-100414665-100418382	6
0.623219002894675	0.594125234727532	0.16	0.083	1	chr2-113894041-113895432	6
0.623219002894675	0.751224723993196	0.16	0.083	1	chr2-118122670-118124835	6
0.623219002894675	0.70577515646541	0.16	0.083	1	chr2-164514050-164515482	6
0.623219002894675	0.808349862661816	0.16	0.083	1	chr2-174395237-174396602	6
0.623219002894675	0.761725443326214	0.16	0.083	1	chr2-186748307-186749949	6
0.623219002894675	0.737367324791131	0.16	0.083	1	chr2-189835690-189837240	6
0.623219002894675	0.338265206042142	0.16	0.083	1	chr2-191637464-191638994	6
0.623219002894675	0.718480970362076	0.16	0.083	1	chr2-204109104-204110210	6
0.623219002894675	0.720068041228639	0.16	0.083	1	chr2-215165596-215167415	6
0.623219002894675	0.606953705792637	0.16	0.083	1	chr2-232884524-232886278	6
0.623219002894675	0.516963907250461	0.16	0.083	1	chr2-237059573-237062258	6
0.623219002894675	0.326430210152218	0.16	0.083	1	chr3-10758340-10759426	6
0.623219002894675	0.466442003791302	0.16	0.083	1	chr3-22959332-22960808	6
0.623219002894675	0.842738488791563	0.16	0.083	1	chr3-39743756-39745712	6
0.623219002894675	0.664601776046172	0.16	0.083	1	chr3-41198653-41200909	6
0.623219002894675	0.385281443757897	0.16	0.083	1	chr3-52216403-52217746	6
0.623219002894675	0.867369961337813	0.16	0.083	1	chr3-54321450-54323050	6
0.623219002894675	0.523322496792374	0.16	0.083	1	chr3-69664884-69665658	6
0.623219002894675	0.490714367556792	0.16	0.083	1	chr3-101512022-101513793	6
0.623219002894675	0.273964942086779	0.16	0.083	1	chr3-119468336-119469885	6
0.623219002894675	0.677717476222567	0.16	0.083	1	chr3-125206917-125208606	6
0.623219002894675	0.529140883961971	0.16	0.083	1	chr3-133661199-133662800	6
0.623219002894675	0.468118853871428	0.16	0.083	1	chr3-168051456-168052562	6
0.623219002894675	0.732441599293458	0.16	0.083	1	chr3-170814966-170816111	6
0.623219002894675	0.638553372648839	0.16	0.083	1	chr3-178711959-178712966	6
0.623219002894675	0.7887521490607	0.16	0.083	1	chr3-195542134-195544245	6
0.623219002894675	0.679576019813559	0.16	0.083	1	chr4-20787755-20790204	6
0.623219002894675	0.707340990512835	0.16	0.083	1	chr4-24581839-24585185	6
0.623219002894675	0.766170783126688	0.16	0.083	1	chr4-39044114-39045809	6
0.623219002894675	0.724248765974093	0.16	0.083	1	chr4-56386578-56388714	6
0.623219002894675	0.713205191830624	0.16	0.083	1	chr4-101136138-101137851	6
0.623219002894675	0.268899114870863	0.16	0.083	1	chr4-103018611-103020388	6
0.623219002894675	0.619323425184699	0.16	0.083	1	chr4-124437685-124438481	6
0.623219002894675	0.364976315107311	0.16	0.083	1	chr4-147731324-147734398	6
0.623219002894675	0.584309147560204	0.16	0.083	1	chr4-184892430-184895691	6
0.623219002894675	0.722936228615538	0.16	0.083	1	chr5-206039-207027	6
0.623219002894675	0.467365721188009	0.16	0.083	1	chr5-31660833-31662177	6
0.623219002894675	0.672254364624185	0.16	0.083	1	chr5-41856528-41858643	6
0.623219002894675	0.81971496611505	0.16	0.083	1	chr5-54742325-54743288	6
0.623219002894675	0.665979906681331	0.16	0.083	1	chr5-77029838-77031786	6
0.623219002894675	0.764290961555263	0.16	0.083	1	chr5-90892908-90894827	6
0.623219002894675	0.679355650297583	0.16	0.083	1	chr5-119087860-119089225	6
0.623219002894675	0.724015211057482	0.16	0.083	1	chr5-144142011-144142742	6
0.623219002894675	0.607957677313973	0.16	0.083	1	chr5-179023196-179024314	6
0.623219002894675	0.853758581332522	0.16	0.083	1	chr6-10510413-10511899	6
0.623219002894675	0.723948033254824	0.16	0.083	1	chr6-14059937-14061484	6
0.623219002894675	0.648788546834091	0.16	0.083	1	chr6-24645536-24647233	6
0.623219002894675	0.63794911852298	0.16	0.083	1	chr6-27505258-27506221	6
0.623219002894675	0.328462488383916	0.16	0.083	1	chr6-41733696-41736333	6
0.623219002894675	0.826765748882462	0.16	0.083	1	chr6-42050097-42051413	6
0.623219002894675	0.417151101408834	0.16	0.083	1	chr6-52917843-52919965	6
0.623219002894675	0.278245164174478	0.16	0.083	1	chr6-57221106-57223006	6
0.623219002894675	0.715995533577181	0.16	0.083	1	chr6-89818507-89820333	6
0.623219002894675	0.780739188220631	0.16	0.083	1	chr6-108847696-108849234	6
0.623219002894675	0.718091826739029	0.16	0.083	1	chr6-109252103-109252957	6
0.623219002894675	0.718308398800481	0.16	0.083	1	chr6-111982438-111983367	6
0.623219002894675	0.359038479412567	0.16	0.083	1	chr6-143058957-143062251	6
0.623219002894675	0.422339223625592	0.16	0.083	1	chr6-149060589-149062109	6
0.623219002894675	0.738944922397811	0.16	0.083	1	chr7-348733-349841	6
0.623219002894675	0.652704951053104	0.16	0.083	1	chr7-5822397-5823827	6
0.623219002894675	0.6061547625573	0.16	0.083	1	chr7-6403514-6404868	6
0.623219002894675	0.826605292270424	0.16	0.083	1	chr7-26713780-26714848	6
0.623219002894675	0.534103707132336	0.16	0.083	1	chr7-30508930-30510491	6
0.623219002894675	0.682687980728262	0.16	0.083	1	chr7-50449385-50451377	6
0.623219002894675	0.77420657327036	0.16	0.083	1	chr7-66204586-66206121	6
0.623219002894675	0.432016386920591	0.16	0.083	1	chr7-73821992-73823738	6
0.623219002894675	0.808205919153604	0.16	0.083	1	chr7-111540147-111541465	6
0.623219002894675	0.742186949543921	0.16	0.083	1	chr8-12665098-12666063	6
0.623219002894675	0.556762545540095	0.16	0.083	1	chr8-37599520-37600501	6
0.623219002894675	0.702515669948934	0.16	0.083	1	chr8-41577375-41579307	6
0.623219002894675	0.396036516862849	0.16	0.083	1	chr8-48253652-48255345	6
0.623219002894675	0.821915908160088	0.16	0.083	1	chr8-68853418-68854996	6
0.623219002894675	0.801995357800328	0.16	0.083	1	chr8-74090389-74090911	6
0.623219002894675	0.513691809775352	0.16	0.083	1	chr8-95085119-95086659	6
0.623219002894675	0.716823152009401	0.16	0.083	1	chr8-109522500-109523227	6
0.623219002894675	0.599078066607153	0.16	0.083	1	chr8-126570217-126571640	6
0.623219002894675	0.846467342527076	0.16	0.083	1	chr8-133619897-133622665	6
0.623219002894675	0.737528085545392	0.16	0.083	1	chr8-139654841-139655964	6
0.623219002894675	0.699687122127452	0.16	0.083	1	chr9-32378404-32379767	6
0.623219002894675	0.50142734540997	0.16	0.083	1	chr9-36419314-36420899	6
0.623219002894675	0.666472351770392	0.16	0.083	1	chr9-37976421-37977632	6
0.623219002894675	0.570078268716815	0.16	0.083	1	chr9-39809243-39810289	6
0.623219002894675	0.50108327279307	0.16	0.083	1	chr9-98838236-98839256	6
0.623219002894675	0.817012385299337	0.16	0.083	1	chr9-99259078-99260199	6
0.623219002894675	0.842131843169282	0.16	0.083	1	chr9-137785440-137786437	6
0.623219002894675	0.572487497797067	0.16	0.083	1	chr10-35130285-35131318	6
0.623219002894675	0.646614437800168	0.16	0.083	1	chr10-60648763-60650834	6
0.623219002894675	0.865290386485856	0.16	0.083	1	chr10-80377950-80378694	6
0.623219002894675	0.7209046223581	0.16	0.083	1	chr10-94401974-94404274	6
0.623219002894675	0.599407561948034	0.16	0.083	1	chr10-96381051-96382380	6
0.623219002894675	0.645702312031274	0.16	0.083	1	chr10-97399867-97401906	6
0.623219002894675	0.797744930698728	0.16	0.083	1	chr10-104277088-104278522	6
0.623219002894675	0.765682996626756	0.16	0.083	1	chr10-110818314-110819499	6
0.623219002894675	0.712951438221227	0.16	0.083	1	chr10-113749419-113750329	6
0.623219002894675	0.360844714272304	0.16	0.083	1	chr10-119895252-119897583	6
0.623219002894675	0.679520055667564	0.16	0.083	1	chr10-122062683-122063862	6
0.623219002894675	0.588260994835502	0.16	0.083	1	chr10-125822586-125824586	6
0.623219002894675	0.54346197100113	0.16	0.083	1	chr10-131960656-131964646	6
0.623219002894675	0.718323843668846	0.16	0.083	1	chr11-848228-850448	6
0.623219002894675	0.659503456076081	0.16	0.083	1	chr11-1882225-1882880	6
0.623219002894675	0.409041539152815	0.16	0.083	1	chr11-6703239-6703947	6
0.623219002894675	0.465958260083234	0.16	0.083	1	chr11-8262427-8264631	6
0.623219002894675	0.795269419852441	0.16	0.083	1	chr11-17278929-17280918	6
0.623219002894675	0.687907110446895	0.16	0.083	1	chr11-19344571-19345408	6
0.623219002894675	0.616629956614999	0.16	0.083	1	chr11-49176793-49178653	6
0.623219002894675	0.451406235269124	0.16	0.083	1	chr11-68684238-68685179	6
0.623219002894675	0.691724164993563	0.16	0.083	1	chr11-69670097-69670897	6
0.623219002894675	0.36957933369211	0.16	0.083	1	chr11-87300603-87301497	6
0.623219002894675	0.784463495063599	0.16	0.083	1	chr11-102733159-102733898	6
0.623219002894675	0.725827913150194	0.16	0.083	1	chr11-111304730-111306372	6
0.623219002894675	0.728804733457854	0.16	0.083	1	chr11-114447961-114449418	6
0.623219002894675	0.787037574929505	0.16	0.083	1	chr11-121419787-121420446	6
0.623219002894675	0.494035726759536	0.16	0.083	1	chr11-124643570-124645066	6
0.623219002894675	0.656016062866011	0.16	0.083	1	chr12-12786363-12789227	6
0.623219002894675	0.909405484787324	0.16	0.083	1	chr12-26100768-26102001	6
0.623219002894675	0.664689468176135	0.16	0.083	1	chr12-34345876-34349504	6
0.623219002894675	0.398877223642178	0.16	0.083	1	chr12-51047475-51049184	6
0.623219002894675	0.615871160567699	0.16	0.083	1	chr12-99890188-99891082	6
0.623219002894675	0.389070282839435	0.16	0.083	1	chr12-110431113-110432092	6
0.623219002894675	0.605839014202576	0.16	0.083	1	chr12-132700387-132701435	6
0.623219002894675	0.867686943934721	0.16	0.083	1	chr13-44917459-44918698	6
0.623219002894675	0.615014485528329	0.16	0.083	1	chr13-113928477-113929991	6
0.623219002894675	0.447116116188923	0.16	0.083	1	chr14-56117585-56120081	6
0.623219002894675	0.353190989786169	0.16	0.083	1	chr14-61490842-61492875	6
0.623219002894675	0.417449877438261	0.16	0.083	1	chr14-68306528-68308299	6
0.623219002894675	0.625157211319877	0.16	0.083	1	chr14-77580491-77581762	6
0.623219002894675	0.669075993833565	0.16	0.083	1	chr14-101970573-101972982	6
0.623219002894675	0.664958276941884	0.16	0.083	1	chr15-39152727-39154772	6
0.623219002894675	0.468724259581937	0.16	0.083	1	chr15-44811274-44813652	6
0.623219002894675	0.610580823698111	0.16	0.083	1	chr15-89243297-89245466	6
0.623219002894675	0.801875131859749	0.16	0.083	1	chr15-90154848-90155653	6
0.623219002894675	0.596228856891069	0.16	0.083	1	chr16-806841-808219	6
0.623219002894675	0.306908911933037	0.16	0.083	1	chr16-29961157-29963147	6
0.623219002894675	0.26124582685231	0.16	0.083	1	chr16-46929421-46931599	6
0.623219002894675	0.677902531141911	0.16	0.083	1	chr16-53433466-53436264	6
0.623219002894675	0.476393163904782	0.16	0.083	1	chr16-67841488-67843407	6
0.623219002894675	0.446433466043133	0.16	0.083	1	chr16-89657293-89659250	6
0.623219002894675	0.320251381449307	0.16	0.083	1	chr17-2011141-2012514	6
0.623219002894675	0.823851540483577	0.16	0.083	1	chr17-10797559-10801029	6
0.623219002894675	0.770278038136836	0.16	0.083	1	chr17-18857554-18859003	6
0.623219002894675	0.534393288745013	0.16	0.083	1	chr17-28661474-28662954	6
0.623219002894675	0.692411919489827	0.16	0.083	1	chr17-37716673-37718448	6
0.623219002894675	0.485259114607687	0.16	0.083	1	chr17-42458335-42460252	6
0.623219002894675	0.673080910170118	0.16	0.083	1	chr17-48943819-48945349	6
0.623219002894675	0.807122139444061	0.16	0.083	1	chr17-67244235-67246319	6
0.623219002894675	0.776821388840653	0.16	0.083	1	chr18-532573-534694	6
0.623219002894675	0.68026114406741	0.16	0.083	1	chr18-31010946-31011951	6
0.623219002894675	0.836482454660104	0.16	0.083	1	chr18-31591293-31592187	6
0.623219002894675	0.305863701538965	0.16	0.083	1	chr18-35496775-35498452	6
0.623219002894675	0.810725092792038	0.16	0.083	1	chr19-3499905-3501269	6
0.623219002894675	0.689021394455132	0.16	0.083	1	chr19-5977460-5978755	6
0.623219002894675	0.350100211255181	0.16	0.083	1	chr19-18831418-18834779	6
0.623219002894675	0.841672000587176	0.16	0.083	1	chr20-5972961-5973893	6
0.623219002894675	0.615682895320703	0.16	0.083	1	chr20-10984592-10985476	6
0.623219002894675	0.303010280877487	0.16	0.083	1	chr20-51766427-51770374	6
0.623219002894675	0.830336868439094	0.16	0.083	1	chr21-45328513-45330844	6
0.623219002894675	0.63238643870154	0.16	0.083	1	chr22-21045327-21046279	6
0.623219002894675	0.832038200734492	0.16	0.083	1	chr22-30309305-30312183	6
0.623219002894675	0.770903444270876	0.16	0.083	1	chrX-24081407-24082284	6
0.623219002894675	0.731342858350793	0.16	0.083	1	chrX-40013204-40015225	6
0.623219002894675	0.493429434458755	0.16	0.083	1	chrX-48896539-48899423	6
0.623219002894675	0.498468337397695	0.16	0.083	1	chrX-154540597-154543653	6
0.623219002894675	0.550431034294192	0.16	0.083	1	chrY-20574887-20576830	6
0.625837047463883	0.51059827104441	0.36	0.25	1	chr1-224182224-224187630	6
0.625837047463883	0.489886148122444	0.36	0.25	1	chr1-236141000-236145578	6
0.625837047463883	0.451163111291317	0.36	0.25	1	chr2-97994955-97996731	6
0.625837047463883	0.457427454081221	0.36	0.25	1	chr3-40689763-40692044	6
0.625837047463883	0.4581380864863	0.36	0.25	1	chr3-69199040-69202054	6
0.625837047463883	0.42210420619735	0.36	0.25	1	chr3-174438372-174442610	6
0.625837047463883	0.463788195793263	0.36	0.25	1	chr7-83161773-83163964	6
0.625837047463883	0.326746643267758	0.36	0.25	1	chr12-55926113-55928666	6
0.625837047463883	0.401493436742396	0.36	0.25	1	chr14-68937542-68940502	6
0.628072346664988	0.327290694942646	0.44	0.417	1	chr5-141615902-141619879	6
0.628072346664988	0.469381861880689	0.44	0.417	1	chr10-73997209-74000248	6
0.629242344033485	0.306307184741131	0.56	0.417	1	chr10-43454084-43456502	6
0.630022325056614	0.590651379726024	0.32	0.25	1	chr1-155175939-155178055	6
0.630022325056614	0.393942767695864	0.32	0.25	1	chr1-205320829-205322320	6
0.630022325056614	0.503014114078118	0.32	0.25	1	chr4-691368-694932	6
0.630022325056614	0.550080034344531	0.32	0.25	1	chr4-84581987-84584533	6
0.630022325056614	0.471272746560721	0.32	0.25	1	chr5-140174409-140176340	6
0.630022325056614	0.559868856599834	0.32	0.25	1	chr6-291044-293860	6
0.630022325056614	0.530093177624276	0.32	0.25	1	chr6-52503041-52505206	6
0.630022325056614	0.40639489032205	0.32	0.25	1	chr6-111590969-111593529	6
0.630022325056614	0.598782884885387	0.32	0.25	1	chr9-33327964-33330794	6
0.630022325056614	0.468411959410636	0.32	0.25	1	chr11-107830279-107831664	6
0.630022325056614	0.370730663246231	0.32	0.25	1	chr16-85321412-85322950	6
0.630022325056614	0.474615818149651	0.32	0.25	1	chrX-81119955-81122504	6
0.632205193548563	0.316177789375529	0.68	0.667	1	chr11-130001210-130004364	6
0.633198418794252	0.288167661093164	0.44	0.5	1	chr16-31457097-31461110	6
0.633314337401979	0.47335918887079	0.28	0.25	1	chr1-23554320-23560086	6
0.633314337401979	0.592200994578824	0.28	0.25	1	chr2-9629241-9631708	6
0.633314337401979	0.558937056078606	0.28	0.25	1	chr11-33700358-33702418	6
0.633314337401979	0.519123772622494	0.28	0.25	1	chr11-67581313-67583134	6
0.634412454723716	0.387177913089205	0.36	0.333	1	chr1-75723252-75726507	6
0.634412454723716	0.43945833305277	0.36	0.333	1	chr11-8681765-8684792	6
0.634412454723716	0.354349464647445	0.36	0.333	1	chr19-16568634-16573582	6
0.634412454723716	0.393246417761341	0.36	0.333	1	chr20-25695546-25697405	6
0.635704336491225	0.284275469223529	0.64	0.417	1	chr19-2039931-2052931	6
0.63621629926391	0.532808185252136	0.24	0.167	1	chr1-54763757-54765366	6
0.63621629926391	0.538703445278824	0.24	0.167	1	chr1-80391938-80393220	6
0.63621629926391	0.584543975491433	0.24	0.167	1	chr1-83998327-83999917	6
0.63621629926391	0.548714314698617	0.24	0.167	1	chr1-110214093-110215474	6
0.63621629926391	0.57407273808597	0.24	0.167	1	chr1-162166945-162169057	6
0.63621629926391	0.531666095690601	0.24	0.167	1	chr1-204127214-204130869	6
0.63621629926391	0.542058567444655	0.24	0.167	1	chr1-219554942-219556537	6
0.63621629926391	0.53677253603275	0.24	0.167	1	chr1-224431980-224436634	6
0.63621629926391	0.622789262526357	0.24	0.167	1	chr1-231240224-231243393	6
0.63621629926391	0.525963740816155	0.24	0.167	1	chr2-7007507-7009305	6
0.63621629926391	0.476930506526506	0.24	0.167	1	chr2-10042746-10044731	6
0.63621629926391	0.552361021673202	0.24	0.167	1	chr2-16739802-16740994	6
0.63621629926391	0.494397121946947	0.24	0.167	1	chr2-99474766-99476309	6
0.63621629926391	0.485721327175938	0.24	0.167	1	chr2-101251399-101254515	6
0.63621629926391	0.54735508519041	0.24	0.167	1	chr2-101696888-101699947	6
0.63621629926391	0.622234447230907	0.24	0.167	1	chr3-9749099-9751258	6
0.63621629926391	0.52503342459566	0.24	0.167	1	chr3-10114976-10116714	6
0.63621629926391	0.557649563658556	0.24	0.167	1	chr3-52606042-52608820	6
0.63621629926391	0.64609201858233	0.24	0.167	1	chr3-156680655-156682043	6
0.63621629926391	0.662429595513319	0.24	0.167	1	chr3-175150467-175151771	6
0.63621629926391	0.716095399362292	0.24	0.167	1	chr4-56048464-56050396	6
0.63621629926391	0.62138118629205	0.24	0.167	1	chr4-150077700-150079229	6
0.63621629926391	0.415723885622107	0.24	0.167	1	chr5-54295644-54297187	6
0.63621629926391	0.637931258525495	0.24	0.167	1	chr5-68214551-68217389	6
0.63621629926391	0.51367069468574	0.24	0.167	1	chr5-80967535-80968666	6
0.63621629926391	0.609673233792847	0.24	0.167	1	chr5-95842888-95844549	6
0.63621629926391	0.522128966374856	0.24	0.167	1	chr5-163580059-163581217	6
0.63621629926391	0.632828382270561	0.24	0.167	1	chr6-33716036-33718554	6
0.63621629926391	0.43483093485888	0.24	0.167	1	chr6-118650353-118652324	6
0.63621629926391	0.530188521915478	0.24	0.167	1	chr7-8290035-8292140	6
0.63621629926391	0.618190326942186	0.24	0.167	1	chr7-138979138-138982344	6
0.63621629926391	0.42505876871565	0.24	0.167	1	chr8-22382935-22384436	6
0.63621629926391	0.620375705821661	0.24	0.167	1	chr8-60983252-60984339	6
0.63621629926391	0.664456628079423	0.24	0.167	1	chr9-6014838-6016282	6
0.63621629926391	0.646541948099118	0.24	0.167	1	chr9-89440062-89442079	6
0.63621629926391	0.403313910460768	0.24	0.167	1	chr9-114804191-114807286	6
0.63621629926391	0.765992433794748	0.24	0.167	1	chr9-124859863-124862927	6
0.63621629926391	0.535712171385652	0.24	0.167	1	chr9-127953998-127956226	6
0.63621629926391	0.581883057010643	0.24	0.167	1	chr10-79448864-79450331	6
0.63621629926391	0.471727541361596	0.24	0.167	1	chr10-98362886-98364130	6
0.63621629926391	0.779754703015823	0.24	0.167	1	chr10-104491765-104493836	6
0.63621629926391	0.568341977661417	0.24	0.167	1	chr11-6418648-6419955	6
0.63621629926391	0.658509147594653	0.24	0.167	1	chr11-63847156-63848400	6
0.63621629926391	0.619259680282938	0.24	0.167	1	chr11-71286808-71287867	6
0.63621629926391	0.465995090036471	0.24	0.167	1	chr11-86954451-86956938	6
0.63621629926391	0.681139983905093	0.24	0.167	1	chr11-111870508-111872200	6
0.63621629926391	0.456533192603744	0.24	0.167	1	chr11-118251738-118252851	6
0.63621629926391	0.555133187035788	0.24	0.167	1	chr11-121110854-121111593	6
0.63621629926391	0.740004661869402	0.24	0.167	1	chr11-125902320-125903706	6
0.63621629926391	0.535488683254343	0.24	0.167	1	chr12-56041062-56043315	6
0.63621629926391	0.674734443850035	0.24	0.167	1	chr12-118135275-118137442	6
0.63621629926391	0.55598833502734	0.24	0.167	1	chr12-120580356-120582093	6
0.63621629926391	0.554796937060795	0.24	0.167	1	chr14-45466487-45467869	6
0.63621629926391	0.600733092500095	0.24	0.167	1	chr14-51988741-51990565	6
0.63621629926391	0.724282685658874	0.24	0.167	1	chr14-66506945-66509741	6
0.63621629926391	0.516118028385707	0.24	0.167	1	chr14-75276551-75280256	6
0.63621629926391	0.656604128112807	0.24	0.167	1	chr16-3282165-3284117	6
0.63621629926391	0.392145906496175	0.24	0.167	1	chr16-69057277-69058964	6
0.63621629926391	0.546536774927948	0.24	0.167	1	chr17-81221413-81223729	6
0.63621629926391	0.545128169139921	0.24	0.167	1	chr18-22932760-22934348	6
0.63621629926391	0.481211424790938	0.24	0.167	1	chr18-68714157-68716015	6
0.63621629926391	0.591702775621566	0.24	0.167	1	chr18-70288487-70290511	6
0.63621629926391	0.593794245830798	0.24	0.167	1	chr20-19426331-19428626	6
0.63621629926391	0.519878038526833	0.24	0.167	1	chr20-62385515-62391808	6
0.63621629926391	0.517533500329408	0.24	0.167	1	chr22-38201454-38203636	6
0.63621629926391	0.471760705986564	0.24	0.167	1	chrY-12660856-12664160	6
0.637658600317263	0.33800247481912	0.52	0.417	1	chr11-34667421-34669004	6
0.64180355338968	0.341170421565675	0.4	0.333	1	chr1-145858184-145861056	6
0.64180355338968	0.381296004295483	0.4	0.333	1	chr5-132409015-132411872	6
0.64180355338968	0.332897032110663	0.4	0.333	1	chr8-85219472-85221656	6
0.64180355338968	0.331354172484617	0.4	0.333	1	chr20-44521022-44522770	6
0.648199985339929	0.326132280274475	0.44	0.333	1	chr11-75342160-75344479	6
0.650929523275408	0.348430487748417	0.28	0.167	1	chr6-96836141-96838162	6
0.650929523275408	0.373527848345956	0.28	0.167	1	chr14-72892989-72895312	6
0.652026723780786	0.764736714973567	0.2	0.167	1	chr1-116242395-116244470	6
0.652026723780786	0.59182169814978	0.2	0.167	1	chr3-196567942-196570027	6
0.652026723780786	0.46683983397529	0.2	0.167	1	chr4-788408-795118	6
0.652026723780786	0.687654981592265	0.2	0.167	1	chr5-784023-785821	6
0.652026723780786	0.561694493461826	0.2	0.167	1	chr6-31794144-31796525	6
0.652026723780786	0.780874589949906	0.2	0.167	1	chr6-37017884-37019367	6
0.652026723780786	0.762796955786571	0.2	0.167	1	chr7-20107287-20108616	6
0.652026723780786	0.749464665067684	0.2	0.167	1	chr8-80964717-80966297	6
0.652026723780786	0.79167513146716	0.2	0.167	1	chr8-115667870-115669950	6
0.652026723780786	0.732494316005398	0.2	0.167	1	chr11-47184532-47187105	6
0.652026723780786	0.759635755939545	0.2	0.167	1	chr11-88337223-88338798	6
0.652026723780786	0.480493104671146	0.2	0.167	1	chr18-34738044-34739169	6
0.653729614903892	0.373485083731016	0.36	0.25	1	chr1-2522986-2528650	6
0.653729614903892	0.58094156742193	0.36	0.25	1	chr3-195441402-195443996	6
0.653729614903892	0.3747865180836	0.36	0.25	1	chr4-138897561-138898811	6
0.653729614903892	0.349606814021268	0.36	0.25	1	chr6-142944276-142948189	6
0.653729614903892	0.388620665706736	0.36	0.25	1	chr13-49443313-49445497	6
0.653729614903892	0.390717698884029	0.36	0.25	1	chr17-48891359-48893764	6
0.653751086774707	0.341657792407937	0.44	0.417	1	chr3-93979357-93980948	6
0.658811874845243	0.352162372510988	0.32	0.25	1	chr1-43990443-43992984	6
0.658811874845243	0.352820856866122	0.32	0.25	1	chr1-145890690-145893232	6
0.658811874845243	0.343382609191657	0.32	0.25	1	chr1-206202779-206203957	6
0.658811874845243	0.533974989446902	0.32	0.25	1	chr2-24970740-24973092	6
0.658811874845243	0.462447991315729	0.32	0.25	1	chr2-130390406-130392624	6
0.658811874845243	0.853319212325448	0.32	0.25	1	chr5-157730939-157732325	6
0.658811874845243	0.511339317957739	0.32	0.25	1	chr6-4133354-4136886	6
0.658811874845243	0.528205138813383	0.32	0.25	1	chr6-127265879-127268830	6
0.658811874845243	0.369243617985384	0.32	0.25	1	chr10-435328-437946	6
0.658811874845243	0.523072979856757	0.32	0.25	1	chr11-46541676-46542874	6
0.658811874845243	0.452629759797363	0.32	0.25	1	chr20-34110243-34113297	6
0.660026429284063	0.285184345198933	0.56	0.583	1	chr1-174998092-175001652	6
0.66119950853888	0.290355645299788	0.92	0.833	1	chr11-118916270-118926719	6
0.661760761728	0.368690853050344	0.36	0.333	1	chr3-98900777-98902615	6
0.661760761728	0.456206431136002	0.36	0.333	1	chr4-10115368-10117937	6
0.661760761728	0.387320976408162	0.36	0.333	1	chr4-48777584-48782345	6
0.661760761728	0.418861695907241	0.36	0.333	1	chr11-69105640-69107220	6
0.6627729218705	0.279631012594755	0.52	0.417	1	chr11-206101-209791	6
0.663139300290201	0.399032561795549	0.28	0.25	1	chr1-247077561-247079316	6
0.663139300290201	0.526679628745462	0.28	0.25	1	chr2-24075671-24078289	6
0.663139300290201	0.400340403784333	0.28	0.25	1	chr4-101209260-101213162	6
0.663139300290201	0.635470704919314	0.28	0.25	1	chr6-149749190-149751455	6
0.663139300290201	0.579282622639375	0.28	0.25	1	chr12-22543245-22545134	6
0.66642063374254	0.296834401993823	0.52	0.5	1	chr11-66544907-66546785	6
0.668677094860821	0.362053784305054	0.4	0.333	1	chr1-113072010-113074044	6
0.668677094860821	0.389877306577148	0.4	0.333	1	chr10-103367359-103371182	6
0.668677094860821	0.421238085613091	0.4	0.333	1	chr11-65381495-65383355	6
0.668677094860821	0.475307095593367	0.4	0.333	1	chr11-65569104-65570858	6
0.668677094860821	0.385619623361392	0.4	0.333	1	chr12-45989247-45992590	6
0.668677094860821	0.386983342056818	0.4	0.333	1	chr18-9135403-9138904	6
0.668688670670283	0.412259283747662	0.24	0.167	1	chr1-42941505-42945557	6
0.668688670670283	0.545332093631892	0.24	0.167	1	chr1-64474284-64475417	6
0.668688670670283	0.528761586594259	0.24	0.167	1	chr1-113253267-113256831	6
0.668688670670283	0.500464529100809	0.24	0.167	1	chr2-42367854-42369680	6
0.668688670670283	0.48882123939883	0.24	0.167	1	chr2-82139648-82140643	6
0.668688670670283	0.526161233617041	0.24	0.167	1	chr3-9769099-9771150	6
0.668688670670283	0.495780742002943	0.24	0.167	1	chr3-48555936-48558893	6
0.668688670670283	0.510581892060366	0.24	0.167	1	chr4-37647776-37649518	6
0.668688670670283	0.533795752407425	0.24	0.167	1	chr4-42871239-42872468	6
0.668688670670283	0.545195086037847	0.24	0.167	1	chr4-102343823-102345864	6
0.668688670670283	0.422154874618994	0.24	0.167	1	chr4-104966327-104967868	6
0.668688670670283	0.660811971538636	0.24	0.167	1	chr5-150356887-150359018	6
0.668688670670283	0.447969904331464	0.24	0.167	1	chr5-177365759-177367865	6
0.668688670670283	0.536789107107682	0.24	0.167	1	chr6-26122399-26126867	6
0.668688670670283	0.651527179351366	0.24	0.167	1	chr6-138160357-138163661	6
0.668688670670283	0.326116088821587	0.24	0.167	1	chr6-149544450-149546833	6
0.668688670670283	0.48872805564473	0.24	0.167	1	chr6-149854531-149858602	6
0.668688670670283	0.561379647523951	0.24	0.167	1	chr7-149261255-149263260	6
0.668688670670283	0.4743751483564	0.24	0.167	1	chr8-27310120-27312317	6
0.668688670670283	0.480828660818319	0.24	0.167	1	chr8-43050271-43051450	6
0.668688670670283	0.472479630615102	0.24	0.167	1	chr9-2613269-2614399	6
0.668688670670283	0.456861392643445	0.24	0.167	1	chr9-21993135-21996227	6
0.668688670670283	0.480152624337012	0.24	0.167	1	chr10-133435-138042	6
0.668688670670283	0.56454881493352	0.24	0.167	1	chr10-46047647-46048790	6
0.668688670670283	0.492785113160782	0.24	0.167	1	chr11-65960889-65962679	6
0.668688670670283	0.530201385775051	0.24	0.167	1	chr11-93986255-93987527	6
0.668688670670283	0.503101719121512	0.24	0.167	1	chr11-95646770-95648265	6
0.668688670670283	0.638159467533537	0.24	0.167	1	chr11-102513498-102514460	6
0.668688670670283	0.730936675008739	0.24	0.167	1	chr12-80935757-80938033	6
0.668688670670283	0.512064484650071	0.24	0.167	1	chr14-23640264-23641383	6
0.668688670670283	0.471612187561177	0.24	0.167	1	chr14-96263197-96265308	6
0.668688670670283	0.58658194957666	0.24	0.167	1	chr16-67440777-67444228	6
0.668688670670283	0.491279981836825	0.24	0.167	1	chr16-85010114-85012325	6
0.668688670670283	0.539390112721504	0.24	0.167	1	chr20-36480007-36482813	6
0.668688670670283	0.536313253156856	0.24	0.167	1	chrX-23887391-23890156	6
0.668688670670283	0.395227271930263	0.24	0.167	1	chrX-101097476-101098695	6
0.671416781768503	0.502718460899174	0.48	0.417	1	chr4-40628786-40631468	6
0.671416781768503	0.275217145662268	0.48	0.417	1	chr4-77817509-77821714	6
0.674658532338926	0.355805033370933	0.44	0.333	1	chr6-151388787-151393127	6
0.674658532338926	0.38443633314534	0.44	0.333	1	chr7-44981135-44987543	6
0.674658532338926	0.363030995755715	0.44	0.333	1	chr14-39431019-39433870	6
0.674658532338926	0.373864925436052	0.44	0.333	1	chr16-4612820-4617859	6
0.679846458680416	0.414788445876937	0.44	0.417	1	chr11-35336359-35338816	6
0.679846458680416	0.51500941765407	0.44	0.417	1	chr11-118689410-118690917	6
0.682114486733624	0.47153541267011	0.36	0.25	1	chr1-43704225-43708882	6
0.682114486733624	0.329063524077337	0.36	0.25	1	chr7-66843824-66845966	6
0.682114486733624	0.274679423094665	0.36	0.25	1	chr17-75556711-75560476	6
0.682114486733624	0.334656795069026	0.36	0.25	1	chrX-153722519-153728493	6
0.682261727140935	0.457299297665019	0.28	0.167	1	chr2-95292412-95299086	6
0.686595022577845	0.649879878332151	0.2	0.167	1	chr1-56545359-56546523	6
0.686595022577845	0.517276716318386	0.2	0.167	1	chr1-100448064-100450269	6
0.686595022577845	0.624564821593081	0.2	0.167	1	chr3-184259748-184262432	6
0.686595022577845	0.542555166230446	0.2	0.167	1	chr4-184732088-184735022	6
0.686595022577845	0.719270625577737	0.2	0.167	1	chr9-109420507-109424116	6
0.686595022577845	0.854655291504338	0.2	0.167	1	chr10-79410705-79412447	6
0.686595022577845	0.627105018742507	0.2	0.167	1	chr11-44538234-44538923	6
0.686595022577845	0.472525681925988	0.2	0.167	1	chr11-78576373-78577277	6
0.686595022577845	0.632553894392331	0.2	0.167	1	chr11-111334172-111336160	6
0.686595022577845	0.839507232504695	0.2	0.167	1	chr11-118321268-118322225	6
0.686595022577845	0.504986095158218	0.2	0.167	1	chr11-121466353-121467495	6
0.686595022577845	0.795149033548442	0.2	0.167	1	chr12-98514673-98517243	6
0.686595022577845	0.50032704155219	0.2	0.167	1	chr12-108690965-108692836	6
0.686595022577845	0.83208271805059	0.2	0.167	1	chr16-28845093-28847326	6
0.686595022577845	0.456504883657165	0.2	0.167	1	chr16-29310512-29312030	6
0.686595022577845	0.64000948462251	0.2	0.167	1	chr17-17709080-17711739	6
0.686595022577845	0.580628137049625	0.2	0.167	1	chr18-79987677-79989560	6
0.688042822817412	0.320294410971299	0.4	0.417	1	chr12-89351261-89354858	6
0.688116185829645	0.340241367026316	0.32	0.25	1	chr2-241700881-241703491	6
0.688116185829645	0.540366172111171	0.32	0.25	1	chr4-41212551-41217435	6
0.688116185829645	0.404449194401763	0.32	0.25	1	chr5-110737996-110739828	6
0.688116185829645	0.488913758440594	0.32	0.25	1	chr5-178230517-178233408	6
0.688116185829645	0.304196333263521	0.32	0.25	1	chr6-56540920-56543487	6
0.688116185829645	0.377276666411324	0.32	0.25	1	chr10-117347631-117349051	6
0.688116185829645	0.506101820829608	0.32	0.25	1	chr11-107839885-107841195	6
0.688116185829645	0.386941921347616	0.32	0.25	1	chr16-2458915-2460740	6
0.688116185829645	0.352873851384272	0.32	0.25	1	chr17-75783007-75787308	6
0.688116185829645	0.312959624962335	0.32	0.25	1	chr18-47929638-47933135	6
0.688116185829645	0.34801150611	0.32	0.25	1	chr18-57585307-57587437	6
0.688272210018738	0.252126104541461	0.52	0.417	1	chr8-80750851-80755361	6
0.68956797293064	0.270003086268352	0.36	0.333	1	chr1-225425787-225429188	6
0.68956797293064	0.297395579863335	0.36	0.333	1	chr10-122953477-122954743	6
0.68956797293064	0.277297038335442	0.36	0.333	1	chr13-94548392-94550670	6
0.693508013261523	0.325305920742577	0.28	0.25	1	chr2-189762097-189763923	6
0.693508013261523	0.366172876918256	0.28	0.25	1	chr2-218567269-218570344	6
0.693508013261523	0.489948255463413	0.28	0.25	1	chr11-2927983-2931370	6
0.693508013261523	0.45571924795666	0.28	0.25	1	chr11-9384279-9385873	6
0.693508013261523	0.342280143309942	0.28	0.25	1	chr11-70247139-70248511	6
0.693508013261523	0.356127583286716	0.28	0.25	1	chr22-23278498-23279945	6
0.693508013261523	0.492425049488459	0.28	0.25	1	chrX-100819513-100820989	6
0.694630603872153	0.281085752446802	0.56	0.5	1	chr6-155313537-155315755	6
0.695982010996442	0.386756204707988	0.4	0.333	1	chr1-117058456-117061323	6
0.695982010996442	0.462847431566333	0.4	0.333	1	chr8-144521421-144529722	6
0.701525548613367	0.344479315979698	0.44	0.333	1	chr3-81760255-81762355	6
0.701525548613367	0.320736133243566	0.44	0.333	1	chr5-118987467-118989483	6
0.701793005546169	0.455032006522965	0.24	0.167	1	chr1-32071839-32073759	6
0.701793005546169	0.380348843420737	0.24	0.167	1	chr1-113021159-113022450	6
0.701793005546169	0.474979882245892	0.24	0.167	1	chr1-151197783-151199685	6
0.701793005546169	0.482938073971828	0.24	0.167	1	chr1-223844723-223847296	6
0.701793005546169	0.553769566525608	0.24	0.167	1	chr1-225657118-225658223	6
0.701793005546169	0.420200543218411	0.24	0.167	1	chr1-236603555-236605381	6
0.701793005546169	0.599296626706343	0.24	0.167	1	chr2-27408247-27410550	6
0.701793005546169	0.515895254344373	0.24	0.167	1	chr2-38375678-38378339	6
0.701793005546169	0.526435541772166	0.24	0.167	1	chr2-63587620-63589954	6
0.701793005546169	0.370117001372044	0.24	0.167	1	chr2-106559141-106563271	6
0.701793005546169	0.526956342749061	0.24	0.167	1	chr2-133641171-133642238	6
0.701793005546169	0.503957359862701	0.24	0.167	1	chr2-169478990-169480315	6
0.701793005546169	0.426611403389332	0.24	0.167	1	chr2-219001547-219003386	6
0.701793005546169	0.377528212044489	0.24	0.167	1	chr2-219175932-219179119	6
0.701793005546169	0.513464231355613	0.24	0.167	1	chr3-44648300-44649566	6
0.701793005546169	0.31258543069124	0.24	0.167	1	chr3-53154842-53157119	6
0.701793005546169	0.258803971693256	0.24	0.167	1	chr3-58432857-58434478	6
0.701793005546169	0.270084756605478	0.24	0.167	1	chr3-72820188-72822801	6
0.701793005546169	0.39826350657168	0.24	0.167	1	chr3-100097629-100098888	6
0.701793005546169	0.671263558586064	0.24	0.167	1	chr3-134381466-134382692	6
0.701793005546169	0.577104491922031	0.24	0.167	1	chr3-196867106-196868881	6
0.701793005546169	0.359996396287083	0.24	0.167	1	chr4-38871518-38874031	6
0.701793005546169	0.558712281860123	0.24	0.167	1	chr5-69491812-69494399	6
0.701793005546169	0.447560105743366	0.24	0.167	1	chr5-77490970-77493010	6
0.701793005546169	0.616075076001566	0.24	0.167	1	chr5-148841224-148843326	6
0.701793005546169	0.397921078149822	0.24	0.167	1	chr5-154444588-154447499	6
0.701793005546169	0.299920989176097	0.24	0.167	1	chr5-173283055-173284418	6
0.701793005546169	0.39759514853378	0.24	0.167	1	chr6-7417458-7419796	6
0.701793005546169	0.431333051599231	0.24	0.167	1	chr6-170305740-170307899	6
0.701793005546169	0.483819079026949	0.24	0.167	1	chr7-96800398-96801433	6
0.701793005546169	0.36660602405588	0.24	0.167	1	chr7-98616717-98620577	6
0.701793005546169	0.485964047641029	0.24	0.167	1	chr7-148698060-148701118	6
0.701793005546169	0.397591164024757	0.24	0.167	1	chr8-11571370-11574298	6
0.701793005546169	0.384847161647053	0.24	0.167	1	chr8-97697014-97698514	6
0.701793005546169	0.56728557570073	0.24	0.167	1	chr8-102917384-102918616	6
0.701793005546169	0.468532797144233	0.24	0.167	1	chr8-131903356-131905329	6
0.701793005546169	0.429938808510472	0.24	0.167	1	chr9-3524396-3528031	6
0.701793005546169	0.490462673911514	0.24	0.167	1	chr9-19102075-19103509	6
0.701793005546169	0.428928769631249	0.24	0.167	1	chr9-38022379-38024753	6
0.701793005546169	0.414394766377057	0.24	0.167	1	chr9-76656786-76659030	6
0.701793005546169	0.401089247395367	0.24	0.167	1	chr9-109250472-109251996	6
0.701793005546169	0.444293219460964	0.24	0.167	1	chr9-123267341-123269607	6
0.701793005546169	0.325008598262915	0.24	0.167	1	chr10-1448172-1449179	6
0.701793005546169	0.488099577925275	0.24	0.167	1	chr10-12264056-12266407	6
0.701793005546169	0.466291223609287	0.24	0.167	1	chr10-78301751-78304046	6
0.701793005546169	0.407959481854695	0.24	0.167	1	chr11-123510878-123511730	6
0.701793005546169	0.442496888341012	0.24	0.167	1	chr11-131495173-131496063	6
0.701793005546169	0.462934185556539	0.24	0.167	1	chr12-15910403-15912689	6
0.701793005546169	0.597884203702331	0.24	0.167	1	chr12-42323777-42327247	6
0.701793005546169	0.444982333814605	0.24	0.167	1	chr12-56298975-56301200	6
0.701793005546169	0.495799414472035	0.24	0.167	1	chr12-68807197-68809452	6
0.701793005546169	0.465021876340472	0.24	0.167	1	chr15-100349412-100351299	6
0.701793005546169	0.48885701352774	0.24	0.167	1	chr17-17235141-17238090	6
0.701793005546169	0.424479432406249	0.24	0.167	1	chr17-38728659-38734519	6
0.701793005546169	0.372311466537205	0.24	0.167	1	chr17-43124310-43126905	6
0.701793005546169	0.311838746812559	0.24	0.167	1	chr17-59705964-59708643	6
0.701793005546169	0.477891033431798	0.24	0.167	1	chr18-24396659-24398668	6
0.701793005546169	0.42279714627236	0.24	0.167	1	chr19-23273009-23274810	6
0.701793005546169	0.454665729077073	0.24	0.167	1	chr19-33024274-33027207	6
0.701793005546169	0.508416755347995	0.24	0.167	1	chr19-50908069-50910039	6
0.701793005546169	0.430170146339207	0.24	0.167	1	chr20-36744481-36746685	6
0.701793005546169	0.720178583335796	0.24	0.167	1	chr20-41027859-41031893	6
0.701793005546169	0.410003797064528	0.24	0.167	1	chr20-63973516-63975884	6
0.701793005546169	0.444386364952521	0.24	0.167	1	chrX-48675746-48677532	6
0.701793005546169	0.455733129243867	0.24	0.167	1	chrX-123858651-123861487	6
0.706331099484304	0.412315815788276	0.44	0.417	1	chr3-169771527-169774511	6
0.706331099484304	0.41647477778796	0.44	0.417	1	chr11-111926393-111927828	6
0.710956438674151	0.35633436566826	0.36	0.25	1	chr1-85579944-85583071	6
0.710956438674151	0.351536959928177	0.36	0.25	1	chr10-12194520-12197656	6
0.71780090548072	0.312830186299598	0.36	0.333	1	chr1-33035872-33037382	6
0.71780090548072	0.342274430202427	0.36	0.333	1	chr3-150407218-150411457	6
0.71780090548072	0.255533130655048	0.36	0.333	1	chr11-22828225-22830506	6
0.71780090548072	0.424336804797571	0.36	0.333	1	chr11-78573783-78575660	6
0.71789644417519	0.36456973102602	0.32	0.25	1	chr1-40979180-40983560	6
0.71789644417519	0.270403512825164	0.32	0.25	1	chr6-42563396-42566327	6
0.71789644417519	0.285974556215814	0.32	0.25	1	chr6-169789397-169791313	6
0.71789644417519	0.26522622372146	0.32	0.25	1	chr9-109475134-109478402	6
0.71789644417519	0.464872469367168	0.32	0.25	1	chr11-118529200-118532305	6
0.71789644417519	0.565586227651118	0.32	0.25	1	chr14-49766804-49771309	6
0.71789644417519	0.384852676140872	0.32	0.25	1	chr16-74605859-74607852	6
0.721831644797988	0.403566767905794	0.2	0.167	1	chr1-21174453-21177420	6
0.721831644797988	0.333131540671194	0.2	0.167	1	chr1-53560914-53562028	6
0.721831644797988	0.494812609208673	0.2	0.167	1	chr1-58814963-58817103	6
0.721831644797988	0.67033879187376	0.2	0.167	1	chr1-150293080-150294840	6
0.721831644797988	0.40066660531612	0.2	0.167	1	chr1-198079392-198080365	6
0.721831644797988	0.434717441673176	0.2	0.167	1	chr2-75709263-75711734	6
0.721831644797988	0.685951860411217	0.2	0.167	1	chr2-120012310-120013961	6
0.721831644797988	0.668254199083452	0.2	0.167	1	chr2-171920916-171923763	6
0.721831644797988	0.490715461999802	0.2	0.167	1	chr3-124836793-124838454	6
0.721831644797988	0.569223860726656	0.2	0.167	1	chr3-128347554-128350904	6
0.721831644797988	0.603333818245854	0.2	0.167	1	chr3-157469218-157470977	6
0.721831644797988	0.474433045607861	0.2	0.167	1	chr3-177357167-177360933	6
0.721831644797988	0.573497353975935	0.2	0.167	1	chr4-2467883-2470380	6
0.721831644797988	0.448004229759129	0.2	0.167	1	chr4-41444898-41447341	6
0.721831644797988	0.492756539313672	0.2	0.167	1	chr4-48830427-48832121	6
0.721831644797988	0.390856273660567	0.2	0.167	1	chr4-84855673-84856322	6
0.721831644797988	0.494618862672928	0.2	0.167	1	chr5-78293853-78295851	6
0.721831644797988	0.59531620374373	0.2	0.167	1	chr5-132011265-132013038	6
0.721831644797988	0.409717256548738	0.2	0.167	1	chr6-150485269-150486920	6
0.721831644797988	0.454614856430462	0.2	0.167	1	chr7-66739798-66741941	6
0.721831644797988	0.516981309682107	0.2	0.167	1	chr7-143287736-143289512	6
0.721831644797988	0.744435737822886	0.2	0.167	1	chr8-143827971-143830587	6
0.721831644797988	0.457180958996671	0.2	0.167	1	chr9-7237235-7238584	6
0.721831644797988	0.50608796351407	0.2	0.167	1	chr9-38671940-38672985	6
0.721831644797988	0.588182071933971	0.2	0.167	1	chr9-124657814-124659825	6
0.721831644797988	0.589443110148672	0.2	0.167	1	chr10-72215317-72217195	6
0.721831644797988	0.464941132173265	0.2	0.167	1	chr10-125059812-125061782	6
0.721831644797988	0.699006282027906	0.2	0.167	1	chr11-12827603-12828950	6
0.721831644797988	0.426736263095967	0.2	0.167	1	chr11-69101127-69102102	6
0.721831644797988	0.461304303540147	0.2	0.167	1	chr11-102119841-102121759	6
0.721831644797988	0.574564900893704	0.2	0.167	1	chr11-102228576-102230654	6
0.721831644797988	0.616472623203995	0.2	0.167	1	chr11-111839980-111841915	6
0.721831644797988	0.774109569389403	0.2	0.167	1	chr11-120324824-120327675	6
0.721831644797988	0.561111529396756	0.2	0.167	1	chr11-124426360-124427131	6
0.721831644797988	0.419049849302292	0.2	0.167	1	chr11-124673020-124674614	6
0.721831644797988	0.624142756329196	0.2	0.167	1	chr11-130434227-130435553	6
0.721831644797988	0.60770120804583	0.2	0.167	1	chr12-26124581-26127021	6
0.721831644797988	0.489105239711617	0.2	0.167	1	chr12-124386690-124390060	6
0.721831644797988	0.454690859888812	0.2	0.167	1	chr13-110907841-110909123	6
0.721831644797988	0.42244897385437	0.2	0.167	1	chr13-113000901-113002677	6
0.721831644797988	0.611087351969784	0.2	0.167	1	chr14-51094677-51095645	6
0.721831644797988	0.487077832812866	0.2	0.167	1	chr14-93084557-93087083	6
0.721831644797988	0.411733261914071	0.2	0.167	1	chr16-14202534-14203627	6
0.721831644797988	0.399532406876245	0.2	0.167	1	chr17-28527434-28528848	6
0.721831644797988	0.415464228025861	0.2	0.167	1	chr19-40283702-40286095	6
0.721831644797988	0.497307927547948	0.2	0.167	1	chr19-40603279-40606768	6
0.721831644797988	0.323472468192144	0.2	0.167	1	chr19-53792708-53793603	6
0.721831644797988	0.641613465082026	0.2	0.167	1	chr20-25279402-25280988	6
0.721831644797988	0.613444491201343	0.2	0.167	1	chr22-24951977-24955373	6
0.721831644797988	0.453425008051389	0.2	0.167	1	chrX-150084222-150085542	6
0.721831644797988	0.414710442384232	0.2	0.167	1	chrX-154096483-154099008	6
0.72368683558208	0.311700505156514	0.4	0.333	1	chr11-65918088-65920742	6
0.723710905710242	0.300317260413325	0.48	0.417	1	chr14-91059362-91061963	6
0.724377227756857	0.389764695526917	0.28	0.25	1	chr1-42957208-42959843	6
0.724377227756857	0.306170383944862	0.28	0.25	1	chr1-92079752-92081214	6
0.724377227756857	0.320651986668915	0.28	0.25	1	chr1-154982511-154985133	6
0.724377227756857	0.389803609935313	0.28	0.25	1	chr1-224328624-224331238	6
0.724377227756857	0.607606826639155	0.28	0.25	1	chr2-152173809-152176719	6
0.724377227756857	0.40005825631687	0.28	0.25	1	chr2-169826968-169829063	6
0.724377227756857	0.48779254589199	0.28	0.25	1	chr3-122793273-122796015	6
0.724377227756857	0.374084183849172	0.28	0.25	1	chr5-82276712-82279415	6
0.724377227756857	0.367796588964425	0.28	0.25	1	chr6-110957946-110959370	6
0.724377227756857	0.54535766268132	0.28	0.25	1	chr7-128476168-128477666	6
0.724377227756857	0.310448722349057	0.28	0.25	1	chr7-149872455-149875654	6
0.724377227756857	0.290175219445086	0.28	0.25	1	chr9-78310161-78313718	6
0.724377227756857	0.639433910979034	0.28	0.25	1	chr11-66346915-66348763	6
0.724377227756857	0.45992531863012	0.28	0.25	1	chr11-75420160-75423044	6
0.724377227756857	0.442322623890014	0.28	0.25	1	chr11-121475954-121477099	6
0.724377227756857	0.485180532973189	0.28	0.25	1	chr11-130762264-130763511	6
0.724377227756857	0.677249136877708	0.28	0.25	1	chr13-51451098-51454379	6
0.724377227756857	0.50617589776293	0.28	0.25	1	chr20-1324693-1326444	6
0.724377227756857	0.336568784313111	0.28	0.25	1	chr20-50115142-50116704	6
0.728771019946325	0.321129681956739	0.44	0.333	1	chr1-232627371-232631445	6
0.728771019946325	0.295553468073331	0.44	0.333	1	chr10-3851142-3854736	6
0.733176228867142	0.275577141583443	0.44	0.417	1	chr12-32754707-32756969	6
0.735473199534523	0.26863803664096	0.24	0.167	1	chr1-40382279-40385780	6
0.735473199534523	0.290002536552684	0.24	0.167	1	chr1-41481971-41485995	6
0.735473199534523	0.270610905145372	0.24	0.167	1	chr1-197145579-197147416	6
0.735473199534523	0.296247629030449	0.24	0.167	1	chr2-70994023-70995859	6
0.735473199534523	0.457504352077035	0.24	0.167	1	chr2-86562364-86564102	6
0.735473199534523	0.258305865426393	0.24	0.167	1	chr2-113754071-113757653	6
0.735473199534523	0.316185166244634	0.24	0.167	1	chr2-180257026-180259407	6
0.735473199534523	0.25959702976499	0.24	0.167	1	chr4-90949819-90951762	6
0.735473199534523	0.33498006014743	0.24	0.167	1	chr5-114360577-114364395	6
0.735473199534523	0.384942658076007	0.24	0.167	1	chr6-87154633-87156767	6
0.735473199534523	0.352973153543906	0.24	0.167	1	chr6-111604219-111607305	6
0.735473199534523	0.29397987917252	0.24	0.167	1	chr7-158855779-158857333	6
0.735473199534523	0.427421873744726	0.24	0.167	1	chr8-66784795-66786113	6
0.735473199534523	0.468235307937588	0.24	0.167	1	chr9-37902761-37905100	6
0.735473199534523	0.402560301476866	0.24	0.167	1	chr10-90871182-90872887	6
0.735473199534523	0.336723640133446	0.24	0.167	1	chr10-103792688-103795028	6
0.735473199534523	0.485124295010533	0.24	0.167	1	chr10-109902522-109903987	6
0.735473199534523	0.309112363424308	0.24	0.167	1	chr10-123007494-123010393	6
0.735473199534523	0.254290734443043	0.24	0.167	1	chr10-132704412-132705938	6
0.735473199534523	0.39597120560467	0.24	0.167	1	chr11-68212362-68214604	6
0.735473199534523	0.304285220471097	0.24	0.167	1	chr12-118101832-118104760	6
0.735473199534523	0.363935850018388	0.24	0.167	1	chr14-50531543-50534122	6
0.735473199534523	0.454908860188405	0.24	0.167	1	chr15-82942324-82943648	6
0.735473199534523	0.353176905914319	0.24	0.167	1	chr16-28821964-28825198	6
0.735473199534523	0.329855845011277	0.24	0.167	1	chr18-6728861-6730334	6
0.735473199534523	0.275545667375737	0.24	0.167	1	chr18-72865287-72869173	6
0.735473199534523	0.319448359541347	0.24	0.167	1	chr18-75070336-75071702	6
0.735473199534523	0.275740607999853	0.24	0.167	1	chr18-77131052-77133521	6
0.735473199534523	0.358345625558051	0.24	0.167	1	chr19-35757265-35759009	6
0.735473199534523	0.255384651089301	0.24	0.167	1	chr19-38830656-38832727	6
0.735473199534523	0.443973593905123	0.24	0.167	1	chr19-42325047-42326381	6
0.735473199534523	0.491885513161383	0.24	0.167	1	chrX-9462614-9467175	6
0.74252590086405	0.296803121771326	0.4	0.417	1	chr11-393518-395444	6
0.746424627916262	0.270271659776937	0.36	0.333	1	chr1-155048460-155053088	6
0.746424627916262	0.32068400617878	0.36	0.333	1	chr2-17878078-17880535	6
0.748111660837502	0.335952674032352	0.32	0.25	1	chr1-99659223-99661053	6
0.748111660837502	0.412152822674808	0.32	0.25	1	chr1-116569804-116571695	6
0.748111660837502	0.392954734197969	0.32	0.25	1	chr3-125593931-125596380	6
0.748111660837502	0.263411390490668	0.32	0.25	1	chr6-33390921-33392846	6
0.748111660837502	0.362147815045265	0.32	0.25	1	chr6-43769188-43775365	6
0.748111660837502	0.321648099177118	0.32	0.25	1	chr6-57316280-57318116	6
0.748111660837502	0.339302881534554	0.32	0.25	1	chr6-144215347-144217673	6
0.748111660837502	0.294735022760567	0.32	0.25	1	chr6-147202081-147205253	6
0.748111660837502	0.339656362146136	0.32	0.25	1	chr10-14877280-14880232	6
0.748111660837502	0.354583048715593	0.32	0.25	1	chr11-63812693-63814860	6
0.748111660837502	0.317410250991817	0.32	0.25	1	chr12-9063810-9065854	6
0.748111660837502	0.305471778406218	0.32	0.25	1	chr14-67358827-67361148	6
0.750368677879638	0.264960083559783	0.48	0.417	1	chr11-126543638-126545586	6
0.751758526668666	0.409271254251769	0.4	0.333	1	chr1-224502145-224504469	6
0.751758526668666	0.300719316796788	0.4	0.333	1	chr3-133572679-133575292	6
0.751758526668666	0.279523021883593	0.4	0.333	1	chr12-64403003-64405956	6
0.755701247335559	0.433862258553502	0.28	0.25	1	chr1-51877546-51879840	6
0.755701247335559	0.35461767452036	0.28	0.25	1	chr1-89523852-89525941	6
0.755701247335559	0.320025440325414	0.28	0.25	1	chr1-99644547-99646728	6
0.755701247335559	0.336747915093758	0.28	0.25	1	chr1-220747322-220749400	6
0.755701247335559	0.311527592820672	0.28	0.25	1	chr3-52277396-52279483	6
0.755701247335559	0.473897805574097	0.28	0.25	1	chr3-139533751-139536030	6
0.755701247335559	0.419519424024946	0.28	0.25	1	chr4-140372529-140374670	6
0.755701247335559	0.412715484357822	0.28	0.25	1	chr5-126599446-126601847	6
0.755701247335559	0.431348571356499	0.28	0.25	1	chr7-56063529-56065557	6
0.755701247335559	0.386875223592308	0.28	0.25	1	chr7-157006971-157012420	6
0.755701247335559	0.361419942466026	0.28	0.25	1	chr7-159011271-159013369	6
0.755701247335559	0.373594278005766	0.28	0.25	1	chr10-27153620-27156767	6
0.755701247335559	0.25165019576867	0.28	0.25	1	chr11-61607104-61611367	6
0.755701247335559	0.418752871118088	0.28	0.25	1	chr11-62444617-62446742	6
0.755701247335559	0.411270552269792	0.28	0.25	1	chr12-122887342-122889407	6
0.755701247335559	0.430978794441552	0.28	0.25	1	chr15-84980109-84982810	6
0.757668686287429	0.461607071220358	0.2	0.167	1	chr1-1230369-1232907	6
0.757668686287429	0.356537153161525	0.2	0.167	1	chr1-28886592-28888461	6
0.757668686287429	0.374776967654787	0.2	0.167	1	chr1-29179840-29183326	6
0.757668686287429	0.477508598587866	0.2	0.167	1	chr1-69318822-69320503	6
0.757668686287429	0.44366340579869	0.2	0.167	1	chr1-111974939-111977580	6
0.757668686287429	0.344158304914435	0.2	0.167	1	chr1-111988140-111991890	6
0.757668686287429	0.404873837898285	0.2	0.167	1	chr1-119779261-119780877	6
0.757668686287429	0.430666532725852	0.2	0.167	1	chr1-223081004-223081989	6
0.757668686287429	0.371266957371763	0.2	0.167	1	chr1-225417666-225419375	6
0.757668686287429	0.381368812566604	0.2	0.167	1	chr1-230066404-230070312	6
0.757668686287429	0.656013189130483	0.2	0.167	1	chr1-234261830-234263373	6
0.757668686287429	0.477888204160862	0.2	0.167	1	chr2-23669481-23670604	6
0.757668686287429	0.402751015325055	0.2	0.167	1	chr2-209423387-209424915	6
0.757668686287429	0.50954254546216	0.2	0.167	1	chr3-1616598-1617890	6
0.757668686287429	0.547296081370083	0.2	0.167	1	chr3-11641358-11644379	6
0.757668686287429	0.389640853645403	0.2	0.167	1	chr3-45598816-45600793	6
0.757668686287429	0.411178106703159	0.2	0.167	1	chr3-58149493-58152314	6
0.757668686287429	0.4924589640102	0.2	0.167	1	chr3-157498856-157500594	6
0.757668686287429	0.534731812928645	0.2	0.167	1	chr3-171788179-171790715	6
0.757668686287429	0.417739252223469	0.2	0.167	1	chr4-24470231-24473822	6
0.757668686287429	0.552281475258953	0.2	0.167	1	chr5-37369886-37372216	6
0.757668686287429	0.528434880142939	0.2	0.167	1	chr5-135031435-135035839	6
0.757668686287429	0.486073629895091	0.2	0.167	1	chr5-154940472-154942007	6
0.757668686287429	0.423628724558988	0.2	0.167	1	chr5-168314433-168317649	6
0.757668686287429	0.614259926280403	0.2	0.167	1	chr6-52576351-52577850	6
0.757668686287429	0.336980302692173	0.2	0.167	1	chr6-69593985-69595164	6
0.757668686287429	0.511664349540599	0.2	0.167	1	chr6-145189445-145190713	6
0.757668686287429	0.56127286876111	0.2	0.167	1	chr8-132674791-132677601	6
0.757668686287429	0.611423619703296	0.2	0.167	1	chr8-133918515-133920291	6
0.757668686287429	0.512515297619261	0.2	0.167	1	chr8-144390590-144391731	6
0.757668686287429	0.433023577071414	0.2	0.167	1	chr9-120935056-120937005	6
0.757668686287429	0.703730754110964	0.2	0.167	1	chr10-92238724-92241231	6
0.757668686287429	0.456288913614791	0.2	0.167	1	chr10-112810581-112812765	6
0.757668686287429	0.353026556403509	0.2	0.167	1	chr11-57457084-57457985	6
0.757668686287429	0.476406940983412	0.2	0.167	1	chr11-57761199-57764021	6
0.757668686287429	0.49292734077951	0.2	0.167	1	chr11-66880384-66881794	6
0.757668686287429	0.494011501848291	0.2	0.167	1	chr11-67427538-67429355	6
0.757668686287429	0.398923748224512	0.2	0.167	1	chr12-13097789-13099062	6
0.757668686287429	0.485488482898379	0.2	0.167	1	chr12-132954770-132957114	6
0.757668686287429	0.805806552666881	0.2	0.167	1	chr13-26556857-26559757	6
0.757668686287429	0.394223795389693	0.2	0.167	1	chr14-105465424-105469880	6
0.757668686287429	0.505285347036446	0.2	0.167	1	chr16-69725556-69727488	6
0.757668686287429	0.510734064972449	0.2	0.167	1	chr17-7306665-7309419	6
0.757668686287429	0.371701945053278	0.2	0.167	1	chr17-48546473-48547829	6
0.769669817663372	0.339759302327667	0.24	0.167	1	chr1-6157044-6158692	6
0.769669817663372	0.290666701074411	0.24	0.167	1	chr1-31412687-31415243	6
0.769669817663372	0.310800398574792	0.24	0.167	1	chr1-207793377-207796156	6
0.769669817663372	0.251816357682712	0.24	0.167	1	chr1-213986495-213988960	6
0.769669817663372	0.250728968903354	0.24	0.167	1	chr4-761892-767322	6
0.769669817663372	0.373337428039317	0.24	0.167	1	chr6-42745020-42749485	6
0.769669817663372	0.305307778236901	0.24	0.167	1	chr7-6270748-6273986	6
0.769669817663372	0.437431119928802	0.24	0.167	1	chr7-73855373-73856287	6
0.769669817663372	0.302620929904627	0.24	0.167	1	chr7-101608416-101609503	6
0.769669817663372	0.436625660740026	0.24	0.167	1	chr8-848901-849949	6
0.769669817663372	0.478305609577453	0.24	0.167	1	chr8-134830324-134833776	6
0.769669817663372	0.283298791379626	0.24	0.167	1	chr9-35349099-35351889	6
0.769669817663372	0.479956617202898	0.24	0.167	1	chr10-25174238-25177318	6
0.769669817663372	0.293893803672616	0.24	0.167	1	chr11-59057852-59059072	6
0.769669817663372	0.261784501200763	0.24	0.167	1	chr13-51033317-51035744	6
0.769669817663372	0.358505528833538	0.24	0.167	1	chr17-58666018-58667724	6
0.769669817663372	0.324392846345796	0.24	0.167	1	chr17-60390744-60393494	6
0.769669817663372	0.273102177621046	0.24	0.167	1	chr18-45358716-45360310	6
0.769669817663372	0.343976540711117	0.24	0.167	1	chrY-7449325-7450595	6
0.769860985772402	0.280264938627341	0.32	0.333	1	chr11-49282032-49285638	6
0.769860985772402	0.316349982243616	0.32	0.333	1	chr14-68789185-68796595	6
0.770279662538348	0.328479928032133	0.4	0.417	1	chr11-65786227-65793889	6
0.771688530255931	0.511186018229825	0.56	0.5	1	chr11-2990264-2993330	6
0.775402587299769	0.287208294306665	0.36	0.333	1	chr3-142999623-143003146	6
0.775402587299769	0.282495631159227	0.36	0.333	1	chr12-25385379-25387935	6
0.775402587299769	0.303354623111332	0.36	0.333	1	chr12-104285752-104290708	6
0.778718837476199	0.293982484367329	0.32	0.25	1	chr1-33126518-33128065	6
0.778718837476199	0.295196269487414	0.32	0.25	1	chr1-50958907-50961003	6
0.778718837476199	0.305607487189278	0.32	0.25	1	chr2-108533050-108535721	6
0.778718837476199	0.338410760120043	0.32	0.25	1	chr7-27344477-27348170	6
0.778718837476199	0.296727412186664	0.32	0.25	1	chr7-94508984-94511324	6
0.778718837476199	0.413913243855691	0.32	0.25	1	chr12-15881640-15883854	6
0.778718837476199	0.365900011215091	0.32	0.25	1	chr19-35264238-35270239	6
0.780162582715262	0.30060456703525	0.4	0.333	1	chr5-138331020-138332522	6
0.780162582715262	0.329321286442143	0.4	0.333	1	chr7-5045245-5046785	6
0.780162582715262	0.252496622288909	0.4	0.333	1	chr7-77695576-77698423	6
0.780162582715262	0.27150042989329	0.4	0.333	1	chr8-89983306-89985221	6
0.780162582715262	0.271942100737482	0.4	0.333	1	chr20-41339435-41341701	6
0.787432126972737	0.307564383643682	0.28	0.25	1	chr1-33470198-33471258	6
0.787432126972737	0.505024398698176	0.28	0.25	1	chr3-121228645-121233412	6
0.787432126972737	0.364178229901894	0.28	0.25	1	chr3-136861205-136863580	6
0.787432126972737	0.414084603045949	0.28	0.25	1	chr4-71186021-71190152	6
0.787432126972737	0.417840223037398	0.28	0.25	1	chr9-101533132-101534634	6
0.787432126972737	0.26452853089949	0.28	0.25	1	chr10-125911416-125912896	6
0.787432126972737	0.291666649762624	0.28	0.25	1	chr10-129962910-129964737	6
0.787432126972737	0.359286586034662	0.28	0.25	1	chr11-71251312-71253832	6
0.787432126972737	0.299367363050136	0.28	0.25	1	chr12-71839188-71840943	6
0.787432126972737	0.308768592274291	0.28	0.25	1	chr16-67804743-67807708	6
0.790911070148739	0.30689489191244	0.44	0.5	1	chr11-111878093-111880136	6
0.794034360589125	0.596445164308994	0.2	0.167	1	chr1-12018810-12020534	6
0.794034360589125	0.438008800132857	0.2	0.167	1	chr1-23742797-23745954	6
0.794034360589125	0.291969938754308	0.2	0.167	1	chr1-24744671-24746917	6
0.794034360589125	0.482935740012774	0.2	0.167	1	chr1-28437280-28438658	6
0.794034360589125	0.438545120058256	0.2	0.167	1	chr1-31170395-31171450	6
0.794034360589125	0.360087210854705	0.2	0.167	1	chr1-53107278-53108366	6
0.794034360589125	0.422505875416669	0.2	0.167	1	chr1-64897653-64898987	6
0.794034360589125	0.446166795646798	0.2	0.167	1	chr1-85707259-85709187	6
0.794034360589125	0.391009444891209	0.2	0.167	1	chr1-88677904-88679109	6
0.794034360589125	0.29310031161046	0.2	0.167	1	chr1-97920455-97921764	6
0.794034360589125	0.263829383161099	0.2	0.167	1	chr1-119372370-119375087	6
0.794034360589125	0.51120579904188	0.2	0.167	1	chr1-155240846-155241997	6
0.794034360589125	0.475846637228917	0.2	0.167	1	chr1-161529680-161531725	6
0.794034360589125	0.37343432026827	0.2	0.167	1	chr1-182615765-182618469	6
0.794034360589125	0.306539773601149	0.2	0.167	1	chr1-208242888-208245834	6
0.794034360589125	0.303120023204952	0.2	0.167	1	chr2-9332353-9334278	6
0.794034360589125	0.400705938737631	0.2	0.167	1	chr2-42809146-42811109	6
0.794034360589125	0.291581587523692	0.2	0.167	1	chr2-70300910-70302402	6
0.794034360589125	0.383743165954233	0.2	0.167	1	chr2-121355222-121356645	6
0.794034360589125	0.441653806353896	0.2	0.167	1	chr3-32501801-32503268	6
0.794034360589125	0.553883084182503	0.2	0.167	1	chr3-48846661-48848400	6
0.794034360589125	0.433808044287079	0.2	0.167	1	chr3-106024808-106026285	6
0.794034360589125	0.313921145092788	0.2	0.167	1	chr3-129427897-129429873	6
0.794034360589125	0.407515743138079	0.2	0.167	1	chr3-169661777-169664040	6
0.794034360589125	0.486178832537166	0.2	0.167	1	chr4-2961550-2964673	6
0.794034360589125	0.516136059105179	0.2	0.167	1	chr4-108649678-108651838	6
0.794034360589125	0.44305833546108	0.2	0.167	1	chr5-112884669-112885979	6
0.794034360589125	0.541577946194163	0.2	0.167	1	chr5-140106982-140109598	6
0.794034360589125	0.427896341275038	0.2	0.167	1	chr6-8101301-8103291	6
0.794034360589125	0.528617865789611	0.2	0.167	1	chr6-157556276-157557848	6
0.794034360589125	0.299177865068411	0.2	0.167	1	chr6-159981208-159982524	6
0.794034360589125	0.327310996541528	0.2	0.167	1	chr7-39072650-39074017	6
0.794034360589125	0.313079320812352	0.2	0.167	1	chr7-98877633-98880487	6
0.794034360589125	0.269965105361446	0.2	0.167	1	chr7-116671543-116672729	6
0.794034360589125	0.261618931754001	0.2	0.167	1	chr7-140912747-140913993	6
0.794034360589125	0.527346585279134	0.2	0.167	1	chr8-62860336-62861604	6
0.794034360589125	0.316096852581091	0.2	0.167	1	chr8-73281324-73283401	6
0.794034360589125	0.275977912451934	0.2	0.167	1	chr8-108804847-108805914	6
0.794034360589125	0.30581683151709	0.2	0.167	1	chr8-114585641-114587078	6
0.794034360589125	0.35276387005731	0.2	0.167	1	chr8-141237185-141238279	6
0.794034360589125	0.386386633265478	0.2	0.167	1	chr9-5435908-5438516	6
0.794034360589125	0.290289889272109	0.2	0.167	1	chr9-92911345-92912793	6
0.794034360589125	0.396037423885867	0.2	0.167	1	chr9-112378655-112381038	6
0.794034360589125	0.275745612033592	0.2	0.167	1	chr9-131405925-131409901	6
0.794034360589125	0.345273127905527	0.2	0.167	1	chr9-137021718-137023741	6
0.794034360589125	0.343471489919433	0.2	0.167	1	chr10-29589833-29592104	6
0.794034360589125	0.387204948310254	0.2	0.167	1	chr10-33155578-33156750	6
0.794034360589125	0.389893374432037	0.2	0.167	1	chr10-58334482-58336311	6
0.794034360589125	0.434773974360637	0.2	0.167	1	chr11-469390-470629	6
0.794034360589125	0.50709024272058	0.2	0.167	1	chr11-2901556-2903037	6
0.794034360589125	0.529020404842142	0.2	0.167	1	chr11-41779116-41779983	6
0.794034360589125	0.526211797458069	0.2	0.167	1	chr11-44228572-44229885	6
0.794034360589125	0.341170550367119	0.2	0.167	1	chr11-47118610-47119771	6
0.794034360589125	0.422507078188116	0.2	0.167	1	chr11-61626405-61628773	6
0.794034360589125	0.455021523634502	0.2	0.167	1	chr11-64229948-64231156	6
0.794034360589125	0.410184449604832	0.2	0.167	1	chr11-65890086-65891523	6
0.794034360589125	0.454106203897028	0.2	0.167	1	chr11-119168248-119169775	6
0.794034360589125	0.391586298707482	0.2	0.167	1	chr11-129054869-129055888	6
0.794034360589125	0.294203511781627	0.2	0.167	1	chr12-6214801-6217328	6
0.794034360589125	0.332307259895136	0.2	0.167	1	chr12-48814247-48816824	6
0.794034360589125	0.346371602292322	0.2	0.167	1	chr12-49069151-49070519	6
0.794034360589125	0.559403074409874	0.2	0.167	1	chr12-49187184-49189536	6
0.794034360589125	0.356669655914456	0.2	0.167	1	chr12-95102641-95103867	6
0.794034360589125	0.344842792061443	0.2	0.167	1	chr12-110542741-110544246	6
0.794034360589125	0.409335641032511	0.2	0.167	1	chr12-121351307-121353519	6
0.794034360589125	0.382708289835039	0.2	0.167	1	chr12-123971365-123974489	6
0.794034360589125	0.465764804798597	0.2	0.167	1	chr13-19781712-19783532	6
0.794034360589125	0.565595816934428	0.2	0.167	1	chr13-25286459-25288111	6
0.794034360589125	0.313056757472049	0.2	0.167	1	chr13-97221598-97226492	6
0.794034360589125	0.508367135526631	0.2	0.167	1	chr13-113331143-113332217	6
0.794034360589125	0.333282972715696	0.2	0.167	1	chr13-113448307-113450122	6
0.794034360589125	0.403157483611258	0.2	0.167	1	chr14-65072819-65075267	6
0.794034360589125	0.403033335989361	0.2	0.167	1	chr14-70664959-70666471	6
0.794034360589125	0.379269113762928	0.2	0.167	1	chr14-75535550-75536604	6
0.794034360589125	0.384967481646442	0.2	0.167	1	chr15-56732155-56733986	6
0.794034360589125	0.571155444191814	0.2	0.167	1	chr15-65303552-65305681	6
0.794034360589125	0.319504893322086	0.2	0.167	1	chr15-75645916-75648862	6
0.794034360589125	0.374899715667397	0.2	0.167	1	chr16-2751204-2754572	6
0.794034360589125	0.359207413714206	0.2	0.167	1	chr16-52597519-52598486	6
0.794034360589125	0.367442134604038	0.2	0.167	1	chr16-67183010-67185737	6
0.794034360589125	0.384908716075306	0.2	0.167	1	chr16-79599349-79602610	6
0.794034360589125	0.358946229709286	0.2	0.167	1	chr17-2382345-2384339	6
0.794034360589125	0.322230944967138	0.2	0.167	1	chr17-15699078-15700137	6
0.794034360589125	0.367236263398009	0.2	0.167	1	chr17-46224943-46225962	6
0.794034360589125	0.358004014562584	0.2	0.167	1	chr18-13725673-13727490	6
0.794034360589125	0.330792042722892	0.2	0.167	1	chr18-44678837-44681047	6
0.794034360589125	0.334162478211943	0.2	0.167	1	chr18-70421817-70424598	6
0.794034360589125	0.431334363826994	0.2	0.167	1	chr19-35040500-35042617	6
0.794034360589125	0.46087780547477	0.2	0.167	1	chr19-36007786-36010152	6
0.794034360589125	0.264903770472634	0.2	0.167	1	chr21-43725503-43729401	6
0.794034360589125	0.299137857783924	0.2	0.167	1	chrX-73943716-73944962	6
0.794034360589125	0.46476789886649	0.2	0.167	1	chrX-149630426-149632408	6
0.79984386782444	0.291773844158045	0.32	0.333	1	chr1-178092864-178095136	6
0.79984386782444	0.324675291426435	0.32	0.333	1	chr5-270698-272196	6
0.79984386782444	0.277994775065158	0.32	0.333	1	chr14-61524069-61528036	6
0.804320404155754	0.266025260892408	0.24	0.167	1	chr1-246506247-246507984	6
0.804320404155754	0.339615124356794	0.24	0.167	1	chr2-24489325-24493001	6
0.804320404155754	0.270492660191684	0.24	0.167	1	chr6-132734393-132735394	6
0.804558014746108	0.30344575073289	0.48	0.417	1	chr11-9572792-9576013	6
0.809673147817889	0.252677870726947	0.32	0.25	1	chr19-1406312-1413746	6
0.819519890861138	0.294749595666045	0.28	0.25	1	chr1-155061042-155065349	6
0.819519890861138	0.257660775885235	0.28	0.25	1	chr4-44725374-44727464	6
0.819519890861138	0.267682052342821	0.28	0.25	1	chr4-151760333-151761686	6
0.819519890861138	0.557288050757297	0.28	0.25	1	chr4-159102344-159105230	6
0.819519890861138	0.323356725007855	0.28	0.25	1	chr5-181241188-181244901	6
0.819519890861138	0.392561033542839	0.28	0.25	1	chr6-33248009-33250586	6
0.819519890861138	0.265292607432821	0.28	0.25	1	chr6-33288456-33290239	6
0.819519890861138	0.293287597317469	0.28	0.25	1	chr6-53547172-53548846	6
0.819519890861138	0.290520153229646	0.28	0.25	1	chr6-83192416-83195917	6
0.819519890861138	0.290495917281818	0.28	0.25	1	chr7-10939198-10941506	6
0.819519890861138	0.284800669826057	0.28	0.25	1	chr7-16492399-16495887	6
0.819519890861138	0.265123386358592	0.28	0.25	1	chr11-35661663-35663525	6
0.819519890861138	0.373893104252853	0.28	0.25	1	chr16-75622385-75623845	6
0.819519890861138	0.347036339656315	0.28	0.25	1	chr17-1515331-1517794	6
0.819519890861138	0.339929704579747	0.28	0.25	1	chr17-63444647-63448353	6
0.819519890861138	0.260367136073518	0.28	0.25	1	chrX-30652402-30654337	6
0.824397676293526	0.364337215208152	0.56	0.5	1	chr5-90408448-90410880	6
0.830124723967209	0.312125968488487	0.32	0.333	1	chr11-34421753-34423926	6
0.830124723967209	0.386368850234736	0.32	0.333	1	chr11-67286557-67290164	6
0.830853425635485	0.291831866841676	0.2	0.167	1	chr1-204285612-204288733	6
0.830853425635485	0.41033811429816	0.2	0.167	1	chr2-96304707-96306768	6
0.830853425635485	0.442987673256764	0.2	0.167	1	chr2-237691527-237694064	6
0.830853425635485	0.652146769361379	0.2	0.167	1	chr3-176855449-176856666	6
0.830853425635485	0.367896430851289	0.2	0.167	1	chr4-6632365-6634015	6
0.830853425635485	0.502421896781479	0.2	0.167	1	chr4-98259619-98262720	6
0.830853425635485	0.492260238769881	0.2	0.167	1	chr5-61161630-61164282	6
0.830853425635485	0.270757226592343	0.2	0.167	1	chr6-113329634-113331416	6
0.830853425635485	0.314480672106367	0.2	0.167	1	chr7-36945346-36946968	6
0.830853425635485	0.328300480726068	0.2	0.167	1	chr7-102431337-102434449	6
0.830853425635485	0.334038583918991	0.2	0.167	1	chr8-47888380-47889904	6
0.830853425635485	0.290769477519725	0.2	0.167	1	chr8-52753782-52755130	6
0.830853425635485	0.28487637669267	0.2	0.167	1	chr8-95024267-95026146	6
0.830853425635485	0.28198118971646	0.2	0.167	1	chr8-100826714-100827464	6
0.830853425635485	0.319515582282851	0.2	0.167	1	chr8-101503961-101506607	6
0.830853425635485	0.25751638175277	0.2	0.167	1	chr8-131915611-131917627	6
0.830853425635485	0.329008735047526	0.2	0.167	1	chr9-6006715-6008983	6
0.830853425635485	0.27177156690101	0.2	0.167	1	chr9-34645912-34647654	6
0.830853425635485	0.334057763507715	0.2	0.167	1	chr9-71758052-71759670	6
0.830853425635485	0.384294649791828	0.2	0.167	1	chr9-123327011-123328387	6
0.830853425635485	0.263612412210279	0.2	0.167	1	chr9-127965057-127967174	6
0.830853425635485	0.268797629668926	0.2	0.167	1	chr10-69458047-69459630	6
0.830853425635485	0.430522087188401	0.2	0.167	1	chr10-97583739-97585495	6
0.830853425635485	0.330505485979	0.2	0.167	1	chr10-123912174-123914484	6
0.830853425635485	0.288635063325209	0.2	0.167	1	chr11-288478-289407	6
0.830853425635485	0.477319377753779	0.2	0.167	1	chr11-65353673-65355602	6
0.830853425635485	0.51748222758328	0.2	0.167	1	chr11-73787111-73789210	6
0.830853425635485	0.317373132379563	0.2	0.167	1	chr11-83409639-83411634	6
0.830853425635485	0.340150009431574	0.2	0.167	1	chr11-100918577-100919740	6
0.830853425635485	0.40566399683963	0.2	0.167	1	chr11-113474104-113475598	6
0.830853425635485	0.401921317580517	0.2	0.167	1	chr11-116193281-116194674	6
0.830853425635485	0.331881935206618	0.2	0.167	1	chr12-99984156-99985867	6
0.830853425635485	0.42610067704288	0.2	0.167	1	chr13-27423884-27426780	6
0.830853425635485	0.317271166694076	0.2	0.167	1	chr13-72781314-72782468	6
0.830853425635485	0.400023334073776	0.2	0.167	1	chr14-55190864-55192316	6
0.830853425635485	0.714146748945633	0.2	0.167	1	chr14-106872424-106873568	6
0.830853425635485	0.315455051130479	0.2	0.167	1	chr15-84914508-84915817	6
0.830853425635485	0.323033841241788	0.2	0.167	1	chr16-81767801-81768918	6
0.830853425635485	0.266491243057737	0.2	0.167	1	chr16-88452495-88456429	6
0.830853425635485	0.330656783443935	0.2	0.167	1	chr16-88782690-88785994	6
0.830853425635485	0.256188715646413	0.2	0.167	1	chr17-1086784-1088595	6
0.830853425635485	0.323581615771356	0.2	0.167	1	chr17-37487788-37491746	6
0.830853425635485	0.549911491597503	0.2	0.167	1	chr17-80297563-80298891	6
0.830853425635485	0.389574075955287	0.2	0.167	1	chr18-24271290-24272617	6
0.830853425635485	0.351106811043752	0.2	0.167	1	chr18-62788000-62789563	6
0.830853425635485	0.33163045008267	0.2	0.167	1	chr19-1604709-1606607	6
0.830853425635485	0.304025359395273	0.2	0.167	1	chr19-17554956-17556978	6
0.830853425635485	0.286559065862509	0.2	0.167	1	chr19-37466494-37467904	6
0.830853425635485	0.267050427203278	0.2	0.167	1	chr19-44741322-44742536	6
0.830853425635485	0.343856748306175	0.2	0.167	1	chr20-2663461-2665191	6
0.830853425635485	0.278615362452792	0.2	0.167	1	chr20-21125001-21126709	6
0.830853425635485	0.4251965013723	0.2	0.167	1	chr22-49948501-49949851	6
0.830853425635485	0.334931288618955	0.2	0.167	1	chrX-103310148-103311498	6
0.834267738127805	0.356239092978938	0.36	0.333	1	chr5-115168841-115171582	6
0.837823249335353	0.386930294207852	0.4	0.333	1	chr1-201982005-201984162	6
0.839359821652327	0.39059509399735	0.24	0.167	1	chr10-12605167-12606840	6
0.840928133212452	0.264652304910598	0.32	0.25	1	chr3-149085431-149087121	6
0.840928133212452	0.278504050637902	0.32	0.25	1	chr17-28233192-28234895	6
0.843541772104082	0.266064513523542	0.44	0.417	1	chr1-156746491-156753569	6
0.845841551835457	0.342794245127275	0.44	0.5	1	chr6-118891924-118896973	6
0.8519127670901	0.256871626774517	0.28	0.25	1	chr3-120347876-120351151	6
0.8519127670901	0.452359471088074	0.28	0.25	1	chr4-39457944-39460618	6
0.8519127670901	0.293829309657722	0.28	0.25	1	chr6-5259476-5262589	6
0.8519127670901	0.283254814136071	0.28	0.25	1	chr6-96520186-96522877	6
0.8519127670901	0.291986069348749	0.28	0.25	1	chr9-92324864-92326568	6
0.8519127670901	0.446269256128247	0.28	0.25	1	chr10-69374730-69376487	6
0.8519127670901	0.306065217167775	0.28	0.25	1	chr11-62323516-62326108	6
0.85518588894706	0.291572094111659	0.4	0.417	1	chr11-46272093-46274722	6
0.860660023832013	0.26917893774069	0.32	0.333	1	chr1-183469798-183473562	6
0.860660023832013	0.389835556593068	0.32	0.333	1	chr11-574818-578900	6
0.860660023832013	0.384026478664911	0.32	0.333	1	chr15-66700409-66704562	6
0.860660023832013	0.311809823260377	0.32	0.333	1	chrX-3813765-3817078	6
0.863146653598065	0.376914165326875	0.24	0.25	1	chr1-205121178-205123274	6
0.863146653598065	0.265376462424198	0.24	0.25	1	chr2-96856617-96859112	6
0.863146653598065	0.363498997868294	0.24	0.25	1	chr11-2911316-2913612	6
0.864075012064241	0.297172358871064	0.36	0.333	1	chr11-96389221-96390772	6
0.868047648045826	0.380922435300275	0.2	0.167	1	chr1-23799334-23802099	6
0.868047648045826	0.296468668535141	0.2	0.167	1	chr1-35930011-35932217	6
0.868047648045826	0.257319028999245	0.2	0.167	1	chr1-41432070-41433352	6
0.868047648045826	0.515361804438803	0.2	0.167	1	chr1-84406325-84408648	6
0.868047648045826	0.353511688018529	0.2	0.167	1	chr2-61469758-61472474	6
0.868047648045826	0.278617697299289	0.2	0.167	1	chr2-109690439-109692727	6
0.868047648045826	0.286263154186711	0.2	0.167	1	chr2-120469440-120471158	6
0.868047648045826	0.294375836741493	0.2	0.167	1	chr2-209368293-209369725	6
0.868047648045826	0.265465371984801	0.2	0.167	1	chr2-222882342-222883242	6
0.868047648045826	0.264120884972569	0.2	0.167	1	chr2-234632406-234634520	6
0.868047648045826	0.394201007269478	0.2	0.167	1	chr3-46404857-46406321	6
0.868047648045826	0.364911188290614	0.2	0.167	1	chr3-48471470-48473873	6
0.868047648045826	0.254363593963848	0.2	0.167	1	chr3-58332354-58334157	6
0.868047648045826	0.278110864760821	0.2	0.167	1	chr3-120681969-120686286	6
0.868047648045826	0.390588806228186	0.2	0.167	1	chr3-197959325-197961440	6
0.868047648045826	0.30714151018476	0.2	0.167	1	chr4-17636525-17637461	6
0.868047648045826	0.287540833302744	0.2	0.167	1	chr4-25860817-25863468	6
0.868047648045826	0.313254401001326	0.2	0.167	1	chr4-104814886-104816265	6
0.868047648045826	0.396280588830467	0.2	0.167	1	chr4-148786595-148788926	6
0.868047648045826	0.275471393374517	0.2	0.167	1	chr5-34706595-34707560	6
0.868047648045826	0.356743462697814	0.2	0.167	1	chr5-38612944-38614996	6
0.868047648045826	0.269194819552423	0.2	0.167	1	chr5-109327190-109330466	6
0.868047648045826	0.263528348675875	0.2	0.167	1	chr5-144328485-144329972	6
0.868047648045826	0.264093210061721	0.2	0.167	1	chr5-149872196-149873211	6
0.868047648045826	0.344427541200113	0.2	0.167	1	chr6-48638161-48639582	6
0.868047648045826	0.352088741911123	0.2	0.167	1	chr6-142146682-142147800	6
0.868047648045826	0.385710861848541	0.2	0.167	1	chr6-145962974-145965246	6
0.868047648045826	0.263106727720973	0.2	0.167	1	chr7-72924374-72925998	6
0.868047648045826	0.255111646268645	0.2	0.167	1	chr8-15701616-15703221	6
0.868047648045826	0.287553438602484	0.2	0.167	1	chr9-131529523-131531793	6
0.868047648045826	0.312407233450421	0.2	0.167	1	chr10-79093487-79096296	6
0.868047648045826	0.291477735800554	0.2	0.167	1	chr10-104300303-104301461	6
0.868047648045826	0.270065114857275	0.2	0.167	1	chr10-117221098-117223733	6
0.868047648045826	0.305299329006222	0.2	0.167	1	chr11-36163980-36165293	6
0.868047648045826	0.510691240750818	0.2	0.167	1	chr11-65107853-65109441	6
0.868047648045826	0.257429461646147	0.2	0.167	1	chr12-106138504-106139978	6
0.868047648045826	0.492912706245493	0.2	0.167	1	chr14-64719847-64722017	6
0.868047648045826	0.261306604072813	0.2	0.167	1	chr15-34208688-34210638	6
0.868047648045826	0.421897825296603	0.2	0.167	1	chr16-72995184-72997668	6
0.868047648045826	0.260492698436711	0.2	0.167	1	chr16-87492598-87493670	6
0.868047648045826	0.295809930486029	0.2	0.167	1	chr17-57817773-57818800	6
0.868047648045826	0.275261516776918	0.2	0.167	1	chr19-1414770-1418543	6
0.868047648045826	0.328599738822045	0.2	0.167	1	chr19-2784808-2786395	6
0.868047648045826	0.254993050210492	0.2	0.167	1	chr19-19032282-19034928	6
0.868047648045826	0.30789412546349	0.2	0.167	1	chr19-24052751-24055085	6
0.868047648045826	0.260872984166823	0.2	0.167	1	chr20-832973-834468	6
0.868047648045826	0.28943848971314	0.2	0.167	1	chr20-51382758-51383819	6
0.868047648045826	0.283993659678974	0.2	0.167	1	chr21-26842202-26845723	6
0.868047648045826	0.425267815108442	0.2	0.167	1	chr22-36026666-36029646	6
0.868047648045826	0.280680303500572	0.2	0.167	1	chrX-10082554-10084453	6
0.883917794616896	0.353180798933958	0.4	0.417	1	chr11-10856832-10859311	6
0.883917794616896	0.254918615465971	0.4	0.417	1	chr14-20454016-20456216	6
0.884557437377899	0.451767415482752	0.28	0.25	1	chr11-62760942-62762511	6
0.884557437377899	0.335327513380369	0.28	0.25	1	chr14-31229191-31230557	6
0.884557437377899	0.334607855195501	0.28	0.25	1	chr19-1166204-1170951	6
0.894077012364602	0.344198194657083	0.36	0.333	1	chr1-154417264-154421162	6
0.897138072841644	0.30295421706156	0.24	0.25	1	chr11-746299-749228	6
0.897138072841644	0.262499382615469	0.24	0.25	1	chr11-119205582-119207600	6
0.897138072841644	0.275117606675503	0.24	0.25	1	chr17-38869088-38872185	6
0.899447656781777	0.906001452396975	0.16	0.167	1	chr1-84297097-84303766	6
0.899447656781777	0.276814521051728	0.16	0.167	1	chr1-225809544-225814050	6
0.899447656781777	0.253263149812621	0.16	0.167	1	chr1-228721070-228722523	6
0.899447656781777	0.548781258125124	0.16	0.167	1	chr4-87304357-87307526	6
0.899447656781777	0.29977041105036	0.16	0.167	1	chr5-131683292-131686177	6
0.899447656781777	0.311617900281818	0.16	0.167	1	chr7-80942036-80943747	6
0.899447656781777	0.340097332048956	0.16	0.167	1	chr9-37485215-37487789	6
0.899447656781777	0.460249449934208	0.16	0.167	1	chr10-16436219-16438023	6
0.899447656781777	0.437028709792179	0.16	0.167	1	chr11-2156372-2157581	6
0.899447656781777	0.426530825480453	0.16	0.167	1	chr11-61890649-61892290	6
0.899447656781777	0.559227364504729	0.16	0.167	1	chr11-118564767-118566560	6
0.899447656781777	0.257065005682062	0.16	0.167	1	chr12-52191716-52192886	6
0.899447656781777	0.66850007854275	0.16	0.167	1	chr12-110581237-110584017	6
0.899447656781777	0.301150421748432	0.16	0.167	1	chr13-98482515-98485515	6
0.899447656781777	0.387326408848175	0.16	0.167	1	chr16-11752570-11755436	6
0.899447656781777	0.509199205434602	0.16	0.167	1	chr19-57819137-57820481	6
0.905536300285374	0.271391239216003	0.2	0.167	1	chr2-172084324-172086002	6
0.905536300285374	0.265147136406837	0.2	0.167	1	chr6-7541056-7543520	6
0.905536300285374	0.271801667544337	0.2	0.167	1	chr8-54134409-54136058	6
0.917399299857309	0.279327737388805	0.28	0.25	1	chr1-207049640-207051810	6
0.925875181818165	0.305685347764152	0.4	0.333	1	chr11-27172590-27174793	6
0.931319353545937	0.268428047975594	0.24	0.25	1	chr1-86792307-86793790	6
0.931319353545937	0.314296725424076	0.24	0.25	1	chr4-120065758-120068237	6
0.931319353545937	0.492268868298152	0.24	0.25	1	chr11-90221321-90223997	6
0.931319353545937	0.279386708731343	0.24	0.25	1	chr17-55432459-55434375	6
0.939565904597492	0.399941431050057	0.16	0.167	1	chr1-165856317-165859177	6
0.939565904597492	0.317280631269834	0.16	0.167	1	chr3-103813505-103814660	6
0.939565904597492	0.272822828056497	0.16	0.167	1	chr3-125062466-125063936	6
0.939565904597492	0.289667622499419	0.16	0.167	1	chr3-172169114-172170598	6
0.939565904597492	0.282940208978219	0.16	0.167	1	chr3-182284234-182285539	6
0.939565904597492	0.382028123036628	0.16	0.167	1	chr4-80072356-80073703	6
0.939565904597492	0.385121477410132	0.16	0.167	1	chr5-80250622-80257083	6
0.939565904597492	0.317103431019028	0.16	0.167	1	chr6-2244648-2246851	6
0.939565904597492	0.305562507001775	0.16	0.167	1	chr6-18405195-18406496	6
0.939565904597492	0.450053916859444	0.16	0.167	1	chr6-30913208-30915944	6
0.939565904597492	0.2916695823305	0.16	0.167	1	chr9-101315353-101316520	6
0.939565904597492	0.526675702029654	0.16	0.167	1	chr11-17864186-17865188	6
0.939565904597492	0.382885402231297	0.16	0.167	1	chr11-61149483-61152351	6
0.939565904597492	0.258041927543608	0.16	0.167	1	chr11-75371610-75372992	6
0.939565904597492	0.359005032279433	0.16	0.167	1	chr11-78138660-78140363	6
0.939565904597492	0.294358998950128	0.16	0.167	1	chr15-89124870-89126314	6
0.939565904597492	0.309958431142738	0.16	0.167	1	chr16-55558190-55560003	6
0.939565904597492	0.294745997846818	0.16	0.167	1	chr17-28854250-28855483	6
0.939565904597492	0.316717379038282	0.16	0.167	1	chr18-31401300-31402667	6
0.939565904597492	0.307180467696526	0.16	0.167	1	chr20-1392000-1393656	6
0.939565904597492	0.303553063419183	0.16	0.167	1	chr22-37696009-37697334	6
0.939565904597492	0.323263426458617	0.16	0.167	1	chrX-132216724-132219779	6
0.943236685437642	0.2568896115252	0.2	0.167	1	chr1-44327398-44329177	6
0.943236685437642	0.34803424670695	0.2	0.167	1	chr5-109468193-109469259	6
0.943236685437642	0.285848459979384	0.2	0.167	1	chr7-105939781-105940947	6
0.946127297442452	0.334420317397673	0.2	0.25	1	chr1-231336844-231339347	6
0.946127297442452	0.321515034548167	0.2	0.25	1	chr16-46829540-46832045	6
0.946127297442452	0.274154794623049	0.2	0.25	1	chr18-59139149-59140778	6
0.953341323937624	0.377862606736748	0.32	0.333	1	chr1-100248927-100250689	6
0.954494961304134	0.276218615034641	0.36	0.333	1	chr3-142577594-142579927	6
0.965627797350474	0.267650628751485	0.24	0.25	1	chr1-43536010-43538405	6
0.965627797350474	0.509159954066815	0.24	0.25	1	chr5-151756995-151759359	6
0.965627797350474	0.339427233055433	0.24	0.25	1	chr11-59555595-59558056	6
0.965627797350474	0.358746981234435	0.24	0.25	1	chr11-71927806-71929544	6
0.965627797350474	0.28618407041445	0.24	0.25	1	chr11-130313613-130315935	6
0.979838147246612	0.351838350340768	0.16	0.167	1	chr2-232890174-232891996	6
0.979838147246612	0.412883272621074	0.16	0.167	1	chr3-129182273-129184734	6
0.979838147246612	0.261166033826499	0.16	0.167	1	chr6-31874278-31875919	6
0.979838147246612	0.251639452167583	0.16	0.167	1	chr8-57854797-57856440	6
0.979838147246612	0.369456642994	0.16	0.167	1	chr10-12631128-12632617	6
0.979838147246612	0.286261637365748	0.16	0.167	1	chr11-28983527-28984468	6
0.979838147246612	0.37196530492625	0.16	0.167	1	chr11-61949156-61950311	6
0.979838147246612	0.330828151294236	0.16	0.167	1	chr11-66748909-66749800	6
0.979838147246612	0.264875550904307	0.16	0.167	1	chr11-101033874-101034694	6
0.979838147246612	0.280740507343468	0.16	0.167	1	chr11-114121331-114123002	6
0.979838147246612	0.328806464196947	0.16	0.167	1	chr12-74536990-74540402	6
0.979838147246612	0.418218451977732	0.16	0.167	1	chr12-93440033-93443322	6
0.979838147246612	0.281894343049439	0.16	0.167	1	chr14-33950215-33951696	6
0.979838147246612	0.419887943521791	0.16	0.167	1	chr14-54772943-54774639	6
0.979838147246612	0.278970793617345	0.16	0.167	1	chr14-91113552-91116544	6
0.979838147246612	0.34033425753913	0.16	0.167	1	chr16-30570295-30572705	6
0.979838147246612	0.26588438722671	0.16	0.167	1	chr16-68777916-68780461	6
0.979838147246612	0.306082088331582	0.16	0.167	1	chr16-89441724-89445680	6
0.979838147246612	0.308698983030103	0.16	0.167	1	chr19-12890453-12891876	6
0.979838147246612	0.255451939516768	0.16	0.167	1	chr19-21358581-21359802	6
0.979838147246612	0.343011321730994	0.16	0.167	1	chr22-29812926-29814548	6
0.984439219603999	0.257570785151601	0.32	0.333	1	chrX-112840037-112842186	6
0.984824336574027	0.257351090659506	0.36	0.333	1	chr8-139854108-139858152	6
1	0.313614763331299	0.24	0.25	1	chr17-68296054-68298975	6
1	0.288851983791089	0.16	0.167	1	chr1-154955137-154956917	6
1	0.309307777078015	0.16	0.167	1	chr5-71582368-71583958	6
